Price,Adj Close,Close,High,Low,Open,Volume
Ticker,ASIANPAINT.NS,ASIANPAINT.NS,ASIANPAINT.NS,ASIANPAINT.NS,ASIANPAINT.NS,ASIANPAINT.NS
Date,,,,,,
2010-01-04,153.84490966796875,178.86500549316406,179.99000549316406,178.0,179.10000610351562,80350
2010-01-05,154.33090209960938,179.42999267578125,180.4949951171875,178.5,179.8000030517578,849100
2010-01-06,153.866455078125,178.88999938964844,181.47500610351562,178.10000610351562,181.47500610351562,73450
2010-01-07,152.29673767089844,177.06500244140625,179.875,176.89999389648438,179.875,240320
2010-01-08,154.81259155273438,179.99000549316406,183.39999389648438,177.06500244140625,177.4499969482422,711310
2010-01-11,154.55023193359375,179.68499755859375,181.99000549316406,177.5050048828125,178.0,173420
2010-01-12,158.58413696289062,184.375,187.89999389648438,179.0,179.0,1148010
2010-01-13,159.8313446044922,185.8249969482422,187.6999969482422,171.16000366210938,177.0,432050
2010-01-14,161.8483123779297,188.1699981689453,192.8000030517578,186.52000427246094,187.3000030517578,230890
2010-01-15,161.00973510742188,187.19500732421875,192.6999969482422,186.52000427246094,187.125,372180
2010-01-18,160.54953002929688,186.66000366210938,191.10000610351562,186.0,188.88999938964844,125790
2010-01-19,158.6745147705078,184.47999572753906,189.47500610351562,182.5,189.47500610351562,199220
2010-01-20,157.1392059326172,182.69500732421875,186.2550048828125,182.10000610351562,183.80499267578125,120360
2010-01-21,155.8576202392578,181.2050018310547,183.7949981689453,179.61000061035156,182.69500732421875,108870
2010-01-22,151.81507873535156,176.5050048828125,181.0,174.5,179.0,334690
2010-01-25,152.79132080078125,177.63999938964844,181.5,176.6999969482422,177.5,263830
2010-01-27,151.77638244628906,176.4600067138672,181.89999389648438,174.93499755859375,176.5,372840
2010-01-28,155.06198120117188,180.27999877929688,182.38999938964844,177.10499572753906,178.0,373290
2010-01-29,159.3109588623047,185.22000122070312,186.5,177.5,179.8000030517578,275390
2010-02-01,164.931884765625,191.7550048828125,193.5,183.0,186.9949951171875,367220
2010-02-02,161.32797241210938,187.56500244140625,193.05499267578125,187.0,192.5,302690
2010-02-03,164.67811584472656,191.4600067138672,192.5,187.99000549316406,189.38999938964844,419240
2010-02-04,164.98779296875,191.82000732421875,192.5500030517578,188.5,191.39999389648438,148690
2010-02-05,166.54029846191406,193.625,199.5,186.5,186.5,1872490
2010-02-08,167.52935791015625,194.77499389648438,198.5,194.5,196.0,407370
2010-02-09,168.8153076171875,196.27000427246094,198.3000030517578,194.40499877929688,194.40499877929688,508880
2010-02-10,170.26889038085938,197.9600067138672,202.5,194.5,198.0,514110
2010-02-11,167.2713623046875,194.47500610351562,199.89999389648438,193.0,199.3699951171875,371620
2010-02-15,166.3897705078125,193.4499969482422,198.97500610351562,190.5,198.97500610351562,385570
2010-02-16,164.4545135498047,191.1999969482422,203.10000610351562,189.26499938964844,203.10000610351562,239100
2010-02-17,162.5364227294922,188.97000122070312,192.6999969482422,187.8000030517578,192.0,414590
2010-02-18,159.7969512939453,185.78500366210938,189.97000122070312,185.10000610351562,189.97000122070312,884210
2010-02-19,159.90447998046875,185.91000366210938,186.8000030517578,184.00999450683594,185.0050048828125,72790
2010-02-22,157.0144500732422,182.5500030517578,187.97999572753906,182.0,187.5,119950
2010-02-23,153.54820251464844,178.52000427246094,185.10000610351562,176.0,185.10000610351562,621410
2010-02-24,151.50538635253906,176.14500427246094,182.5,174.25,182.5,722660
2010-02-25,151.8408966064453,176.53500366210938,177.4949951171875,171.21499633789062,175.10000610351562,1812350
2010-02-26,155.6769561767578,180.9949951171875,182.5,174.1999969482422,174.60000610351562,243720
2010-03-02,160.8376922607422,186.9949951171875,188.30499267578125,175.60000610351562,175.60000610351562,287840
2010-03-03,170.40652465820312,198.1199951171875,200.0449981689453,186.5,187.9949951171875,1213080
2010-03-04,169.2883758544922,196.82000732421875,199.55499267578125,192.5500030517578,198.8000030517578,498000
2010-03-05,168.75941467285156,196.2050018310547,199.0,195.14999389648438,197.39999389648438,154450
2010-03-08,167.09503173828125,194.27000427246094,198.0,193.6999969482422,198.0,108280
2010-03-09,167.2670440673828,194.47000122070312,195.9949951171875,193.5,193.5,106080
2010-03-10,166.84994506835938,193.98500061035156,195.94500732421875,192.5,193.23500061035156,344470
2010-03-11,167.03485107421875,194.1999969482422,195.8000030517578,185.3699951171875,185.3699951171875,95630
2010-03-12,164.9834747314453,191.81500244140625,195.89999389648438,190.2050018310547,194.5,125790
2010-03-15,163.1944122314453,189.73500061035156,192.89999389648438,188.5,192.0,154890
2010-03-16,163.86102294921875,190.50999450683594,199.03500366210938,187.5,189.6999969482422,987590
2010-03-17,169.3915557861328,196.94000244140625,197.8000030517578,191.01499938964844,191.11000061035156,1124780
2010-03-18,171.55905151367188,199.4600067138672,200.10000610351562,195.5,198.49000549316406,2050090
2010-03-19,171.54180908203125,199.44000244140625,202.38499450683594,198.5,200.09500122070312,218830
2010-03-22,169.3184051513672,196.85499572753906,201.4499969482422,196.10499572753906,199.44000244140625,156960
2010-03-23,169.2797393798828,196.80999755859375,199.5500030517578,196.13999938964844,198.5,246090
2010-03-25,168.76795959472656,196.21499633789062,198.5,196.0,196.0,648090
2010-03-26,172.5266876220703,200.5850067138672,205.99000549316406,196.21499633789062,197.5,1433570
2010-03-29,175.0253143310547,203.49000549316406,209.60000610351562,199.48500061035156,200.89999389648438,1566560
2010-03-30,178.05723571777344,207.01499938964844,208.0,202.08999633789062,202.10000610351562,817780
2010-03-31,175.36505126953125,203.88499450683594,209.0,202.61000061035156,205.0,453620
2010-04-01,173.8512725830078,202.125,206.89999389648438,200.60499572753906,206.89999389648438,340100
2010-04-05,176.93478393554688,205.7100067138672,209.10000610351562,202.0,204.1999969482422,177860
2010-04-06,175.7134246826172,204.2899932861328,206.5,202.5,206.0,75260
2010-04-07,175.85963439941406,204.4600067138672,206.8800048828125,204.0,206.8800048828125,240430
2010-04-08,174.89633178710938,203.33999633789062,205.89999389648438,200.8000030517578,205.0,367290
2010-04-09,175.85536193847656,204.4550018310547,205.0,200.8000030517578,200.8000030517578,377180
2010-04-12,175.9285125732422,204.5399932861328,204.99000549316406,201.58999633789062,204.3000030517578,1331360
2010-04-13,177.1240234375,205.92999267578125,207.5,201.1999969482422,203.00999450683594,150760
2010-04-15,176.21226501464844,204.8699951171875,207.5,202.5,203.89999389648438,223290
2010-04-16,176.48324584960938,205.18499755859375,207.5,202.5,205.8000030517578,117490
2010-04-19,175.66610717773438,204.23500061035156,205.8699951171875,201.22500610351562,202.6199951171875,196480
2010-04-20,179.0550079345703,208.1750030517578,209.97999572753906,204.51499938964844,205.6999969482422,541050
2010-04-21,176.32412719726562,205.0,211.8000030517578,203.60000610351562,209.0,292940
2010-04-22,178.4830322265625,207.50999450683594,208.46499633789062,204.0,206.0,154350
2010-04-23,180.2806396484375,209.60000610351562,209.89999389648438,206.5,206.5,185130
2010-04-26,177.85946655273438,206.78500366210938,210.5,205.80999755859375,209.14999389648438,142880
2010-04-27,177.45516967773438,206.31500244140625,209.48500061035156,205.1999969482422,206.8000030517578,130190
2010-04-28,179.7259063720703,208.9550018310547,209.9949951171875,205.10000610351562,205.10000610351562,1245140
2010-04-29,178.49591064453125,207.52499389648438,209.88999938964844,207.0050048828125,209.88999938964844,759470
2010-04-30,178.80125427246094,207.8800048828125,209.9499969482422,207.39999389648438,207.60000610351562,88670
2010-05-03,179.27005004882812,208.4250030517578,209.5,206.36000061035156,207.0,56800
2010-05-04,179.6011505126953,208.80999755859375,209.99000549316406,207.60000610351562,209.77999877929688,62470
2010-05-05,177.23580932617188,206.05999755859375,207.49000549316406,204.7899932861328,205.39999389648438,103590
2010-05-06,174.92210388183594,203.3699951171875,206.9499969482422,201.1999969482422,205.21499633789062,644620
2010-05-07,179.44204711914062,208.625,209.47999572753906,201.02999877929688,201.02999877929688,346130
2010-05-10,182.1599884033203,211.78500366210938,213.9600067138672,209.1999969482422,209.1999969482422,368460
2010-05-11,177.9153594970703,206.85000610351562,212.30999755859375,206.5,211.1199951171875,104680
2010-05-12,176.71115112304688,205.4499969482422,221.3000030517578,204.1999969482422,221.3000030517578,164870
2010-05-13,181.7385711669922,211.2949981689453,212.0,205.11500549316406,205.11500549316406,315460
2010-05-14,184.1511993408203,214.10000610351562,215.0,210.5,211.5,399760
2010-05-17,182.73199462890625,212.4499969482422,213.7949981689453,210.01499938964844,212.0,133780
2010-05-18,185.5144805908203,215.68499755859375,217.2899932861328,211.89999389648438,215.89999389648438,377830
2010-05-19,181.4633331298828,210.97500610351562,217.5,210.10000610351562,214.6999969482422,446460
2010-05-20,177.92393493652344,206.86000061035156,213.99000549316406,204.8000030517578,212.01499938964844,809830
2010-05-21,173.8813934326172,202.16000366210938,207.60000610351562,201.22000122070312,202.3000030517578,263630
2010-05-24,177.94973754882812,206.88999938964844,208.8000030517578,201.1649932861328,204.49000549316406,260960
2010-05-25,178.38833618164062,207.39999389648438,209.0,202.66000366210938,206.32000732421875,179730
2010-05-26,179.40765380859375,208.5850067138672,211.47500610351562,206.02499389648438,211.3000030517578,164170
2010-05-27,181.17945861816406,210.64500427246094,213.5,203.3000030517578,207.5050048828125,116860
2010-05-28,180.65049743652344,210.02999877929688,214.89999389648438,209.35000610351562,214.89999389648438,179270
2010-05-31,179.42919921875,208.61000061035156,213.5,207.5,210.5,311830
2010-06-01,178.66795349121094,207.72500610351562,209.77999877929688,204.5,209.5,705470
2010-06-02,178.8915557861328,207.98500061035156,209.8000030517578,202.3000030517578,206.14500427246094,555470
2010-06-03,181.90626525878906,211.49000549316406,213.14999389648438,209.10499572753906,213.14999389648438,551300
2010-06-04,184.64572143554688,214.6750030517578,215.60000610351562,209.5500030517578,211.49000549316406,293020
2010-06-07,187.9572296142578,218.52499389648438,220.89999389648438,211.1999969482422,213.23500061035156,789190
2010-06-08,192.49435424804688,223.8000030517578,224.39999389648438,218.89999389648438,218.89999389648438,479970
2010-06-09,196.42506408691406,228.3699951171875,229.39999389648438,222.6999969482422,223.8000030517578,899740
2010-06-10,198.82044982910156,231.15499877929688,232.6999969482422,226.5,229.8000030517578,324610
2010-06-11,197.11312866210938,229.1699981689453,232.10000610351562,227.60000610351562,231.10000610351562,339890
2010-06-14,197.50445556640625,229.625,231.47500610351562,228.0050048828125,231.10000610351562,874310
2010-06-15,197.37120056152344,229.47000122070312,231.89999389648438,228.5,229.1999969482422,155840
2010-06-16,199.34515380859375,231.76499938964844,233.8000030517578,229.39999389648438,230.60000610351562,231420
2010-06-17,203.70596313476562,236.8350067138672,239.8000030517578,230.5,233.5,752690
2010-06-18,205.03054809570312,238.375,239.8000030517578,234.1999969482422,236.8000030517578,326490
2010-06-21,208.9784393310547,242.96499633789062,245.6999969482422,238.0,238.89999389648438,487170
2010-06-22,203.9080810546875,237.07000732421875,244.1999969482422,236.02499389648438,240.5050048828125,653670
2010-06-23,207.18080139160156,240.875,242.35000610351562,236.0,237.1999969482422,777480
2010-06-24,211.5845947265625,245.9949951171875,246.8800048828125,241.4499969482422,241.5,438840
2010-06-25,206.38096618652344,239.94500732421875,245.49000549316406,238.38999938964844,243.89999389648438,2180370
2010-06-28,203.5081787109375,236.60499572753906,240.1999969482422,235.6999969482422,240.1999969482422,458730
2010-06-29,203.0350799560547,236.05499267578125,240.0,234.1999969482422,236.60499572753906,686280
2010-06-30,199.54574584960938,230.17999267578125,238.8000030517578,229.5050048828125,237.0,723800
2010-07-01,201.96878051757812,232.97500610351562,233.8000030517578,227.52999877929688,232.9949951171875,465110
2010-07-02,201.1929168701172,232.0800018310547,235.77999877929688,231.1999969482422,233.9949951171875,294440
2010-07-05,201.95143127441406,232.9550018310547,234.97000122070312,231.6999969482422,233.0,104120
2010-07-06,203.3081512451172,234.52000427246094,235.1999969482422,232.55499267578125,233.0,193200
2010-07-07,202.57562255859375,233.6750030517578,236.39999389648438,232.1199951171875,234.52000427246094,379790
2010-07-08,203.7589874267578,235.0399932861328,236.0,233.3000030517578,234.52499389648438,785690
2010-07-09,206.69342041015625,238.4250030517578,239.8000030517578,234.0,236.0,1908510
2010-07-12,204.54783630371094,235.9499969482422,242.0,234.5,237.89999389648438,2511790
2010-07-13,205.43206787109375,236.97000122070312,240.5,236.0,237.1999969482422,1946560
2010-07-14,209.35922241210938,241.5,242.5,230.27000427246094,237.55499267578125,795640
2010-07-15,211.53948974609375,244.01499938964844,245.77999877929688,240.78500366210938,241.8000030517578,1345680
2010-07-16,214.47393798828125,247.39999389648438,256.0,244.14999389648438,244.85000610351562,1417360
2010-07-19,214.478271484375,247.40499877929688,248.51499938964844,243.0,248.51499938964844,115330
2010-07-20,214.8814239501953,247.8699951171875,248.41000366210938,245.0,247.5,195450
2010-07-21,214.955078125,247.9550018310547,250.0,245.89999389648438,247.5,6369580
2010-07-22,218.6265106201172,252.19000244140625,252.88999938964844,244.5,247.8000030517578,260450
2010-07-23,218.50942993164062,252.05499267578125,254.8000030517578,251.0,252.19000244140625,462690
2010-07-26,218.8258514404297,252.4199981689453,254.39999389648438,251.60000610351562,251.6999969482422,1444310
2010-07-27,211.38343811035156,243.8350067138672,254.8000030517578,242.02499389648438,253.51499938964844,596400
2010-07-28,224.19639587402344,258.614990234375,260.8999938964844,246.0,246.0,1286440
2010-07-29,226.59344482421875,261.3800048828125,270.3999938964844,258.0,258.614990234375,1675340
2010-07-30,225.68748474121094,260.3349914550781,267.885009765625,257.5,262.19500732421875,514130
2010-08-02,227.4213409423828,262.3349914550781,263.8999938964844,259.0849914550781,260.6000061035156,251800
2010-08-03,225.24537658691406,259.82501220703125,266.9949951171875,259.2099914550781,262.30999755859375,207560
2010-08-04,224.69921875,259.19500732421875,262.9949951171875,258.010009765625,262.9949951171875,213570
2010-08-05,225.4663848876953,260.0799865722656,266.20001220703125,259.20001220703125,259.20001220703125,1838460
2010-08-06,226.01693725585938,260.7149963378906,263.8900146484375,259.6000061035156,260.79998779296875,246310
2010-08-09,230.74594116210938,266.1700134277344,268.0,261.29998779296875,264.79998779296875,622000
2010-08-10,231.20101928710938,266.69500732421875,268.2950134277344,263.0,267.0,359090
2010-08-11,232.38002014160156,268.05499267578125,271.0,266.0,266.69500732421875,272810
2010-08-12,231.97694396972656,267.5899963378906,269.5,262.760009765625,267.4949951171875,281910
2010-08-13,230.1260223388672,265.4549865722656,271.0,264.5199890136719,268.0,203220
2010-08-16,228.9557647705078,264.1050109863281,268.3999938964844,263.29998779296875,265.0,88160
2010-08-17,228.09312438964844,263.1099853515625,267.79998779296875,260.5,267.1000061035156,4668280
2010-08-18,229.82691955566406,265.1099853515625,268.5,261.5,261.5,214540
2010-08-19,234.42166137695312,270.4100036621094,282.7300109863281,265.1099853515625,265.1099853515625,1310520
2010-08-20,239.9004364013672,276.7300109863281,281.8949890136719,270.20001220703125,274.8999938964844,1051590
2010-08-23,239.1245880126953,275.8349914550781,281.79998779296875,275.010009765625,277.79998779296875,319050
2010-08-24,240.065185546875,276.9200134277344,280.989990234375,272.5,276.20001220703125,1480250
2010-08-25,238.42678833007812,275.0299987792969,282.2900085449219,273.79998779296875,276.5,1247380
2010-08-26,237.78521728515625,274.2900085449219,278.54998779296875,273.0,276.0,1117550
2010-08-27,236.4154815673828,272.7099914550781,277.0,270.3999938964844,276.9949951171875,1652160
2010-08-30,235.1844940185547,271.2900085449219,275.95001220703125,268.5,275.95001220703125,320730
2010-08-31,239.4973907470703,276.2650146484375,279.20001220703125,268.5249938964844,268.5249938964844,2265380
2010-09-01,237.4254608154297,273.875,279.30999755859375,272.79998779296875,279.30999755859375,519330
2010-09-02,242.51856994628906,279.75,281.5,274.6000061035156,276.8999938964844,990660
2010-09-03,243.57623291015625,280.9700012207031,283.1000061035156,278.20001220703125,281.0,2269470
2010-09-06,247.04376220703125,284.9700012207031,286.3999938964844,281.4049987792969,283.20001220703125,1713330
2010-09-07,247.4122772216797,285.3949890136719,289.1499938964844,283.5249938964844,286.3999938964844,4366780
2010-09-08,245.85617065429688,283.6000061035156,287.79998779296875,283.0,285.3349914550781,318320
2010-09-09,243.49391174316406,280.875,287.0,280.0,285.5899963378906,405370
2010-09-13,242.54025268554688,279.7749938964844,285.0,278.885009765625,283.44000244140625,435250
2010-09-14,247.9844512939453,286.05499267578125,290.0,278.79998779296875,290.0,4211520
2010-09-15,247.55538940429688,285.55999755859375,291.489990234375,283.5299987792969,284.8800048828125,1696090
2010-09-16,242.79592895507812,280.07000732421875,287.7250061035156,279.1000061035156,285.55999755859375,784380
2010-09-17,246.8141326904297,284.7049865722656,285.81500244140625,280.79998779296875,282.0,808770
2010-09-20,247.38189697265625,285.3599853515625,287.8500061035156,283.1499938964844,284.7049865722656,634870
2010-09-21,244.13108825683594,281.6099853515625,287.3550109863281,280.0,282.5249938964844,413550
2010-09-22,240.03475952148438,276.885009765625,284.1000061035156,275.510009765625,282.1000061035156,484040
2010-09-23,237.8025360107422,274.30999755859375,278.3500061035156,272.6600036621094,277.1700134277344,733660
2010-09-24,241.8119659423828,278.93499755859375,281.3999938964844,273.5,275.5,4227280
2010-09-27,240.86273193359375,277.8399963378906,282.44000244140625,276.8999938964844,280.5,511040
2010-09-28,240.8150634765625,277.7850036621094,280.5,275.70001220703125,279.0,1170270
2010-09-29,238.34439086914062,274.93499755859375,279.95001220703125,273.3500061035156,278.70001220703125,2886170
2010-09-30,230.87596130371094,266.32000732421875,276.989990234375,265.0,272.5,1020300
2010-10-01,230.9886474609375,266.45001220703125,271.79998779296875,265.5,269.79998779296875,1074990
2010-10-04,229.41090393066406,264.6300048828125,270.989990234375,264.010009765625,269.8999938964844,837210
2010-10-05,230.113037109375,265.44000244140625,268.9800109863281,265.0,265.010009765625,1005370
2010-10-06,234.4086151123047,270.3949890136719,295.5,267.1000061035156,295.5,1501560
2010-10-07,234.12252807617188,270.06500244140625,274.79998779296875,267.0,270.5,1002540
2010-10-08,231.96392822265625,267.57501220703125,273.3999938964844,267.0,273.3999938964844,528650
2010-10-11,230.70689392089844,266.125,270.8999938964844,265.0,265.0,560190
2010-10-12,230.65489196777344,266.06500244140625,268.2950134277344,264.5,268.2950134277344,516310
2010-10-13,230.81524658203125,266.25,268.79998779296875,265.5,268.79998779296875,567020
2010-10-14,233.98377990722656,269.9049987792969,272.19000244140625,266.5199890136719,266.5199890136719,688440
2010-10-15,230.40782165527344,265.7799987792969,272.5,265.5,270.0,2046760
2010-10-18,230.50753784179688,265.8949890136719,271.5,263.0,266.5799865722656,629320
2010-10-19,228.49197387695312,263.57000732421875,272.0,262.79998779296875,272.0,550900
2010-10-20,225.7784881591797,260.44000244140625,263.3999938964844,259.5,263.0,377650
2010-10-21,228.4615936279297,263.5350036621094,264.364990234375,261.0249938964844,261.2200012207031,248890
2010-10-22,227.4429931640625,262.3599853515625,265.989990234375,261.7250061035156,264.3299865722656,505670
2010-10-25,227.1915283203125,262.07000732421875,264.79998779296875,261.29998779296875,262.29998779296875,208310
2010-10-26,224.69921875,259.19500732421875,264.0,258.989990234375,262.510009765625,788170
2010-10-27,216.95335388183594,250.25999450683594,262.0,249.0,262.0,3048540
2010-10-28,229.59725952148438,264.8450012207031,269.79998779296875,250.26499938964844,261.20001220703125,2595310
2010-10-29,233.75450134277344,268.7749938964844,270.989990234375,265.0,265.0,921330
2010-11-01,235.25897216796875,270.5050048828125,271.20001220703125,267.79998779296875,270.1000061035156,403850
2010-11-02,242.89064025878906,279.2799987792969,279.8999938964844,269.5,271.0050048828125,1019880
2010-11-03,234.37628173828125,269.489990234375,282.20001220703125,268.19500732421875,282.20001220703125,1119490
2010-11-04,231.606201171875,266.30499267578125,273.0,265.0,269.9049987792969,1016060
2010-11-08,238.37257385253906,274.0849914550781,275.2699890136719,268.70001220703125,268.70001220703125,575620
2010-11-09,239.63803100585938,275.5400085449219,275.9849853515625,268.79998779296875,274.32000732421875,378020
2010-11-10,238.94656372070312,274.7449951171875,277.5,273.385009765625,275.5,460770
2010-11-11,230.54522705078125,265.0849914550781,274.7449951171875,262.0,274.7449951171875,1187270
2010-11-12,229.54071044921875,263.92999267578125,269.8999938964844,262.0,266.5,735520
2010-11-15,231.65411376953125,266.3599853515625,268.8999938964844,262.0,266.0,1520250
2010-11-16,231.20620727539062,265.8450012207031,267.5,262.5950012207031,266.3550109863281,751010
2010-11-18,230.67138671875,265.2300109863281,269.5,258.5,266.0,544410
2010-11-19,229.30589294433594,263.6600036621094,268.010009765625,261.010009765625,267.3999938964844,409590
2010-11-22,231.2845001220703,265.93499755859375,268.5,261.1000061035156,265.114990234375,940390
2010-11-23,229.5450439453125,263.93499755859375,264.8999938964844,260.1000061035156,264.8999938964844,1129610
2010-11-24,226.47940063476562,260.4100036621094,266.8999938964844,258.79998779296875,264.0,474270
2010-11-25,219.19993591308594,252.0399932861328,263.44500732421875,245.0,263.44500732421875,842470
2010-11-26,221.57420349121094,254.77000427246094,262.1199951171875,247.0,257.5,1318640
2010-11-29,224.88348388671875,258.57501220703125,261.6549987792969,255.11000061035156,255.11000061035156,1395800
2010-11-30,230.3756561279297,264.8900146484375,265.9949951171875,255.9949951171875,255.9949951171875,498590
2010-12-01,233.11521911621094,268.0400085449219,272.3999938964844,263.5350036621094,263.5350036621094,769630
2010-12-02,230.63223266601562,265.18499755859375,272.0,264.20001220703125,268.0400085449219,177150
2010-12-03,232.21510314941406,267.0050048828125,269.0,263.8999938964844,269.0,239010
2010-12-06,233.2630157470703,268.2099914550781,269.25,267.06500244140625,267.06500244140625,155110
2010-12-07,235.48509216308594,270.7650146484375,271.885009765625,266.3999938964844,268.2099914550781,378240
2010-12-08,231.17137145996094,265.80499267578125,271.7900085449219,265.1050109863281,268.6199951171875,295600
2010-12-09,229.91465759277344,264.3599853515625,268.5,261.04998779296875,262.5050048828125,380440
2010-12-10,231.7454376220703,266.4649963378906,267.3999938964844,263.5,264.1050109863281,306640
2010-12-13,234.5807342529297,269.7250061035156,270.6499938964844,266.010009765625,266.010009765625,151230
2010-12-14,238.3812713623047,274.0950012207031,274.7300109863281,269.82501220703125,269.82501220703125,254230
2010-12-15,235.79385375976562,271.1199951171875,274.8999938964844,270.0,274.1000061035156,102440
2010-12-16,235.3546600341797,270.614990234375,273.3349914550781,268.3999938964844,272.9949951171875,871300
2010-12-20,240.45545959472656,276.4800109863281,277.4949951171875,270.0,270.0,479770
2010-12-21,253.62278747558594,291.6199951171875,293.6000061035156,273.0249938964844,276.4800109863281,1723330
2010-12-22,255.8231201171875,294.1499938964844,297.3999938964844,292.1000061035156,293.0,1031220
2010-12-23,257.7712097167969,296.3900146484375,302.7300109863281,287.25,290.29998779296875,1661630
2010-12-24,251.14846801757812,288.7749938964844,296.5,287.510009765625,296.0,649270
2010-12-27,246.96958923339844,283.9700012207031,289.9599914550781,282.29998779296875,286.6499938964844,379800
2010-12-28,244.6039276123047,281.25,284.6499938964844,280.20001220703125,283.5450134277344,250590
2010-12-29,245.06063842773438,281.7749938964844,285.5,281.0050048828125,281.31500244140625,399750
2010-12-30,245.50852966308594,282.2900085449219,284.3999938964844,280.67498779296875,282.3399963378906,574180
2010-12-31,250.3614501953125,287.8699951171875,289.29998779296875,281.1000061035156,281.1000061035156,480390
2011-01-03,250.00045776367188,287.4549865722656,293.739990234375,286.0050048828125,289.79998779296875,454300
2011-01-04,246.665283203125,283.6199951171875,289.8999938964844,282.6000061035156,289.8999938964844,249220
2011-01-05,250.5179443359375,288.04998779296875,289.5,283.0249938964844,288.0,710350
2011-01-06,247.8218536376953,284.95001220703125,289.3999938964844,284.25,288.20001220703125,149280
2011-01-07,241.40786743164062,277.57501220703125,286.7900085449219,276.135009765625,284.9549865722656,498710
2011-01-10,232.88470458984375,267.7749938964844,278.5050048828125,264.79998779296875,278.5050048828125,443160
2011-01-11,235.1111602783203,270.3349914550781,272.8999938964844,261.29998779296875,267.7749938964844,481380
2011-01-12,237.10714721679688,272.6300048828125,274.3999938964844,267.6000061035156,272.0,213110
2011-01-13,236.015625,271.375,276.489990234375,270.010009765625,273.8999938964844,179330
2011-01-14,237.07235717773438,272.5899963378906,273.45001220703125,268.4849853515625,268.5050048828125,215480
2011-01-17,231.58889770507812,266.2850036621094,269.55499267578125,265.5,269.55499267578125,2088300
2011-01-18,230.88438415527344,265.4750061035156,269.0,263.6000061035156,269.0,2624210
2011-01-19,232.06716918945312,266.8349914550781,269.8500061035156,265.6000061035156,266.0,170210
2011-01-20,232.58468627929688,267.42999267578125,268.489990234375,264.0199890136719,265.70001220703125,927100
2011-01-21,231.6453857421875,266.3500061035156,268.8999938964844,263.6000061035156,263.6000061035156,769560
2011-01-24,227.94479370117188,262.0950012207031,270.989990234375,260.114990234375,266.3500061035156,1504870
2011-01-25,226.10975646972656,259.9849853515625,264.3900146484375,259.5,262.0950012207031,1601180
2011-01-27,226.12716674804688,260.0050048828125,266.4100036621094,259.5,259.5,749710
2011-01-28,224.30506896972656,257.9100036621094,264.69000244140625,255.0,264.69000244140625,2734200
2011-01-31,224.1659393310547,257.75,259.8999938964844,248.2050018310547,256.5,2249850
2011-02-01,216.3734130859375,248.7899932861328,258.0050048828125,244.5,257.4949951171875,1738540
2011-02-02,216.16029357910156,248.5449981689453,252.5050048828125,244.56500244140625,248.3000030517578,751250
2011-02-03,214.95578002929688,247.16000366210938,253.39999389648438,243.9949951171875,245.0050048828125,737380
2011-02-04,216.22991943359375,248.625,250.69000244140625,245.0050048828125,245.0050048828125,1617390
2011-02-07,217.56057739257812,250.15499877929688,253.10000610351562,248.10000610351562,248.7050018310547,526160
2011-02-08,215.6515655517578,247.9600067138672,256.5,247.11000061035156,250.6999969482422,722100
2011-02-09,215.26889038085938,247.52000427246094,249.27999877929688,242.80499267578125,247.75,994890
2011-02-10,216.01248168945312,248.375,251.39999389648438,245.50999450683594,246.0050048828125,649160
2011-02-11,217.2996368408203,249.85499572753906,252.10499572753906,245.60000610351562,249.93499755859375,2277190
2011-02-14,226.12281799316406,260.0,262.3800048828125,244.5500030517578,248.16000366210938,946210
2011-02-15,225.07054138183594,258.7900085449219,262.5050048828125,257.5,258.20001220703125,340780
2011-02-16,223.031005859375,256.44500732421875,261.75,255.0,258.5,337740
2011-02-17,225.67054748535156,259.4800109863281,260.0199890136719,254.60000610351562,259.69500732421875,326200
2011-02-18,226.0444793701172,259.9100036621094,261.2699890136719,258.5,258.5,1486590
2011-02-21,223.58322143554688,257.0799865722656,262.3999938964844,250.52000427246094,260.0,399940
2011-02-22,218.30416870117188,251.00999450683594,256.2049865722656,250.0,256.2049865722656,350370
2011-02-23,215.51678466796875,247.80499267578125,249.89999389648438,245.22000122070312,248.0050048828125,1136200
2011-02-24,209.7158203125,241.13499450683594,248.5,239.8000030517578,246.6999969482422,1850230
2011-02-25,209.29400634765625,240.64999389648438,247.0,239.52999877929688,240.5,1803780
2011-02-28,208.78964233398438,240.07000732421875,245.0,236.39999389648438,236.39999389648438,1149580
2011-03-01,220.2783966064453,253.27999877929688,254.7899932861328,241.0,242.47500610351562,512760
2011-03-03,220.72628784179688,253.7949981689453,256.364990234375,248.5,250.11000061035156,618850
2011-03-04,218.14324951171875,250.8249969482422,259.70001220703125,249.11000061035156,257.4949951171875,1322350
2011-03-07,217.8780059814453,250.52000427246094,252.69500732421875,244.22000122070312,250.0050048828125,414940
2011-03-08,217.43443298339844,250.00999450683594,252.55999755859375,250.0,252.39999389648438,632510
2011-03-09,217.51272583007812,250.10000610351562,252.69000244140625,250.0,252.19500732421875,812960
2011-03-10,217.43011474609375,250.0050048828125,251.39999389648438,249.0,249.50999450683594,699360
2011-03-11,220.00442504882812,252.96499633789062,253.97000122070312,248.5,249.89999389648438,515120
2011-03-14,219.87396240234375,252.81500244140625,255.5,250.63499450683594,252.1999969482422,314810
2011-03-15,220.13922119140625,253.1199951171875,255.0,250.0,250.10000610351562,360200
2011-03-16,222.05258178710938,255.32000732421875,258.7950134277344,253.57000732421875,258.7950134277344,218810
2011-03-17,224.31381225585938,257.9200134277344,259.5,250.5,252.39999389648438,1134550
2011-03-18,221.45249938964844,254.6300048828125,260.5050048828125,250.10000610351562,258.79998779296875,1905090
2011-03-21,219.4825897216797,252.36500549316406,253.01499938964844,250.90499877929688,253.01499938964844,423130
2011-03-22,218.27806091308594,250.97999572753906,255.3699951171875,250.60000610351562,253.4250030517578,123290
2011-03-23,221.4045867919922,254.5749969482422,255.5,250.7899932861328,250.7899932861328,343430
2011-03-24,217.6736297607422,250.28500366210938,255.81500244140625,250.0,254.0,580510
2011-03-25,219.9696502685547,252.9250030517578,264.29998779296875,251.15499877929688,251.15499877929688,389990
2011-03-28,219.80868530273438,252.74000549316406,255.69500732421875,251.5,253.10000610351562,354530
2011-03-29,218.80422973632812,251.5850067138672,254.43499755859375,251.11500549316406,252.2050018310547,212750
2011-03-30,220.5740509033203,253.6199951171875,257.4949951171875,248.52499389648438,251.5850067138672,1299430
2011-03-31,219.66961669921875,252.5800018310547,256.8900146484375,251.10499572753906,252.89999389648438,648870
2011-04-01,219.2129364013672,252.05499267578125,256.8949890136719,251.10000610351562,256.8949890136719,573840
2011-04-04,220.00442504882812,252.96499633789062,255.0,252.22000122070312,255.0,1021200
2011-04-05,223.2353057861328,256.67999267578125,259.8999938964844,253.30499267578125,253.30499267578125,666060
2011-04-06,221.74815368652344,254.97000122070312,259.20001220703125,254.24000549316406,256.5,675370
2011-04-07,221.92210388183594,255.1699981689453,257.8999938964844,254.58999633789062,257.8999938964844,598320
2011-04-08,222.6744384765625,256.0350036621094,261.2850036621094,255.02499389648438,256.989990234375,1077600
2011-04-11,223.20925903320312,256.6499938964844,257.9049987792969,254.02499389648438,255.5,370720
2011-04-13,227.66653442382812,261.7749938964844,263.3949890136719,255.1300048828125,256.5,1735420
2011-04-15,227.9360809326172,262.0849914550781,263.489990234375,257.614990234375,261.70001220703125,372290
2011-04-18,224.52688598632812,258.1650085449219,263.7650146484375,256.5050048828125,263.7650146484375,242020
2011-04-19,223.43975830078125,256.9150085449219,258.7749938964844,255.0,258.7749938964844,180150
2011-04-20,223.40928649902344,256.8800048828125,262.0,255.51499938964844,259.9949951171875,137050
2011-04-21,225.36614990234375,259.1300048828125,259.8999938964844,257.1300048828125,259.45001220703125,98270
2011-04-25,231.52365112304688,266.2099914550781,267.4800109863281,259.010009765625,259.70001220703125,587080
2011-04-26,230.98439025878906,265.5899963378906,269.20001220703125,264.6099853515625,266.5,362950
2011-04-27,232.0237274169922,266.7850036621094,267.8999938964844,265.1099853515625,267.7950134277344,770530
2011-04-28,234.02403259277344,269.0849914550781,272.31500244140625,265.2250061035156,267.5,893770
2011-04-29,241.30780029296875,277.4599914550781,278.0,269.0400085449219,269.0849914550781,2035230
2011-05-02,238.56825256347656,274.30999755859375,281.8999938964844,272.5,277.5,400330
2011-05-03,241.1686248779297,277.29998779296875,279.8999938964844,271.04998779296875,274.989990234375,1040070
2011-05-04,234.6545867919922,269.80999755859375,281.44000244140625,268.0199890136719,281.44000244140625,466290
2011-05-05,232.01937866210938,266.7799987792969,272.0,266.0,269.81500244140625,171100
2011-05-06,234.83282470703125,270.0150146484375,271.20001220703125,265.1600036621094,267.510009765625,925470
2011-05-09,238.55955505371094,274.29998779296875,276.79998779296875,271.70001220703125,272.2449951171875,367520
2011-05-10,234.0414581298828,269.1050109863281,277.989990234375,265.6000061035156,272.125,327500
2011-05-11,232.39334106445312,267.2099914550781,272.5,263.7099914550781,269.1000061035156,2182870
2011-05-12,239.2117462158203,275.04998779296875,276.5,267.5,269.0,1419540
2011-05-13,240.76858520507812,276.8399963378906,279.8500061035156,274.5,274.5,862830
2011-05-16,242.95152282714844,279.3500061035156,282.0,275.989990234375,277.4949951171875,1346020
2011-05-17,247.76535034179688,284.885009765625,289.2950134277344,280.20001220703125,280.5,2560160
2011-05-18,249.1306915283203,286.4549865722656,288.79998779296875,283.7449951171875,285.05499267578125,1457400
2011-05-19,247.665283203125,284.7699890136719,288.7950134277344,282.79998779296875,287.8999938964844,538730
2011-05-20,253.06179809570312,290.9750061035156,292.0199890136719,281.1000061035156,281.6000061035156,963070
2011-05-23,253.44451904296875,291.4150085449219,294.8999938964844,289.3999938964844,291.20001220703125,1412520
2011-05-24,257.7320556640625,296.3450012207031,299.20001220703125,290.3349914550781,293.0,2414310
2011-05-25,261.4762268066406,300.6499938964844,302.489990234375,295.010009765625,295.010009765625,3773100
2011-05-26,260.3238220214844,299.32501220703125,304.5,296.25,301.8900146484375,3693410
2011-05-27,261.4631652832031,300.635009765625,302.0,295.6000061035156,295.6000061035156,1397460
2011-05-30,268.0643005371094,308.2250061035156,310.8999938964844,300.135009765625,300.135009765625,4304990
2011-05-31,272.51263427734375,313.3399963378906,338.70001220703125,305.0,309.20001220703125,18717210
2011-06-01,275.6393127441406,316.93499755859375,319.3999938964844,306.1499938964844,314.510009765625,1923490
2011-06-02,270.0471496582031,310.5050048828125,317.17999267578125,308.70001220703125,315.8999938964844,2116970
2011-06-03,275.50445556640625,316.7799987792969,319.0,309.9949951171875,310.5050048828125,833550
2011-06-06,275.7002258300781,317.0050048828125,318.885009765625,314.125,316.0199890136719,462910
2011-06-07,278.8398742675781,320.614990234375,322.9800109863281,315.5,317.010009765625,820140
2011-06-08,278.6789855957031,320.42999267578125,323.0,313.3349914550781,319.0,791990
2011-06-09,271.2450866699219,309.5950012207031,319.8999938964844,308.6199951171875,319.8999938964844,1273370
2011-06-10,271.6742248535156,310.0849914550781,313.5,306.04998779296875,310.0,641430
2011-06-13,268.5465393066406,306.5150146484375,311.8999938964844,305.30999755859375,309.69500732421875,1181500
2011-06-14,268.8793640136719,306.8949890136719,309.69500732421875,305.5,309.69500732421875,642460
2011-06-15,268.49835205078125,306.4599914550781,308.9849853515625,306.0,307.8949890136719,561910
2011-06-16,264.5250549316406,301.92498779296875,306.20001220703125,301.5,305.3949890136719,1250440
2011-06-17,263.0837707519531,300.2799987792969,304.0,299.3999938964844,302.614990234375,432330
2011-06-20,258.23883056640625,294.75,301.385009765625,290.5,300.5050048828125,572400
2011-06-21,258.58489990234375,295.1449890136719,297.989990234375,292.70001220703125,295.0150146484375,342000
2011-06-22,256.9158630371094,293.239990234375,298.8999938964844,291.70001220703125,298.8999938964844,326890
2011-06-23,259.04498291015625,295.6700134277344,297.489990234375,290.1000061035156,290.1000061035156,307630
2011-06-24,261.06878662109375,297.9800109863281,302.4949951171875,296.2149963378906,296.3999938964844,948010
2011-06-27,272.8438720703125,311.4200134277344,312.6050109863281,293.04998779296875,296.8699951171875,1043350
2011-06-28,276.9353942871094,316.0899963378906,318.19000244140625,309.125,311.8999938964844,1161890
2011-06-29,275.2751770019531,314.19500732421875,318.7749938964844,311.1050109863281,317.0150146484375,499550
2011-06-30,279.0556640625,318.510009765625,322.70001220703125,313.2099914550781,315.20001220703125,1469430
2011-07-01,290.34454345703125,331.3949890136719,335.0,317.5350036621094,318.5,1605550
2011-07-04,288.8288879394531,329.6650085449219,336.8800048828125,328.3550109863281,334.114990234375,945650
2011-07-05,283.86553955078125,324.0,331.20001220703125,323.4100036621094,325.0,489870
2011-07-06,283.80426025390625,323.92999267578125,328.8399963378906,321.1000061035156,323.5,537230
2011-07-07,280.4573974609375,320.1099853515625,326.5,317.1099853515625,325.79998779296875,1240290
2011-07-08,276.73382568359375,315.8599853515625,324.3999938964844,315.0150146484375,320.5799865722656,663540
2011-07-11,276.4710998535156,315.55999755859375,318.5,314.1000061035156,315.79998779296875,511820
2011-07-12,271.1398010253906,309.4750061035156,314.875,308.25,314.875,514690
2011-07-13,273.74200439453125,312.44500732421875,315.6000061035156,309.0,311.989990234375,1469670
2011-07-14,274.2456970214844,313.0199890136719,317.1700134277344,309.1600036621094,312.5,788910
2011-07-15,278.656982421875,318.05499267578125,319.4800109863281,311.54998779296875,314.0,676300
2011-07-18,277.5662841796875,316.80999755859375,319.7650146484375,315.7149963378906,319.0050048828125,221130
2011-07-19,275.2051696777344,314.114990234375,318.9700012207031,313.6050109863281,317.70001220703125,286700
2011-07-20,273.65875244140625,312.3500061035156,317.0950012207031,309.5150146484375,317.0950012207031,525470
2011-07-21,272.69061279296875,311.2449951171875,313.04998779296875,309.54998779296875,311.2950134277344,231070
2011-07-22,272.5547790527344,311.0899963378906,314.4549865722656,310.0,311.80499267578125,348660
2011-07-25,272.822021484375,311.3949890136719,313.70001220703125,309.2099914550781,313.70001220703125,391410
2011-07-26,275.0254211425781,313.9100036621094,315.8999938964844,306.0,309.5450134277344,2020170
2011-07-27,275.3672180175781,314.29998779296875,316.75,311.80499267578125,314.5,1635240
2011-07-28,273.42657470703125,312.0849914550781,314.29998779296875,310.5849914550781,310.5849914550781,1552000
2011-07-29,274.5786437988281,313.3999938964844,314.0050048828125,311.5,312.239990234375,285780
2011-08-01,268.7831726074219,306.7850036621094,316.29998779296875,305.3500061035156,314.19500732421875,363320
2011-08-02,267.4075012207031,305.2149963378906,306.8999938964844,300.1099853515625,306.7850036621094,1771890
2011-08-03,264.8711242675781,302.32000732421875,306.8599853515625,301.0,301.5,668410
2011-08-04,270.8682861328125,309.1650085449219,311.9949951171875,301.114990234375,301.114990234375,537830
2011-08-05,267.9989929199219,305.8900146484375,309.5,301.20001220703125,309.1650085449219,1293720
2011-08-08,269.90887451171875,308.07000732421875,310.8999938964844,301.0,301.5050048828125,467250
2011-08-09,275.8051452636719,314.79998779296875,316.3999938964844,298.79998779296875,307.0,887490
2011-08-10,276.4053955078125,315.4849853515625,319.5,312.5,312.5,527200
2011-08-11,275.8621520996094,314.864990234375,318.69500732421875,313.0350036621094,315.5,255130
2011-08-12,282.91064453125,322.9100036621094,324.4700012207031,315.3599853515625,317.9649963378906,1418620
2011-08-16,285.62664794921875,326.010009765625,328.8999938964844,320.29998779296875,324.0,699590
2011-08-17,284.2598876953125,324.45001220703125,328.8949890136719,321.93499755859375,326.5050048828125,1185290
2011-08-18,281.8286437988281,321.67498779296875,325.9949951171875,319.3949890136719,325.9949951171875,357200
2011-08-19,278.20147705078125,317.5350036621094,322.4949951171875,315.94500732421875,320.0,527920
2011-08-22,288.3558654785156,329.125,331.0,315.5950012207031,317.31500244140625,484660
2011-08-23,286.8751220703125,327.43499755859375,333.29998779296875,325.8999938964844,330.0050048828125,475920
2011-08-24,282.8493347167969,322.8399963378906,329.20001220703125,321.1000061035156,327.5,515090
2011-08-25,286.03839111328125,326.4800109863281,328.5,319.1700134277344,324.0050048828125,365180
2011-08-26,285.898193359375,326.32000732421875,330.7650146484375,324.7950134277344,324.7950134277344,225950
2011-08-29,288.8420104980469,329.67999267578125,331.0,323.1000061035156,326.5799865722656,352570
2011-08-30,287.9002685546875,328.6050109863281,332.489990234375,325.1000061035156,331.8900146484375,388860
2011-09-02,285.6309814453125,326.0150146484375,332.7900085449219,324.5,326.0,889390
2011-09-05,286.62969970703125,327.1549987792969,332.18499755859375,324.5,324.5050048828125,1431550
2011-09-06,285.4688720703125,325.8299865722656,328.0,321.010009765625,327.5,859080
2011-09-07,282.2229309082031,322.125,327.8949890136719,321.125,325.82501220703125,350070
2011-09-08,278.7576904296875,318.1700134277344,323.19500732421875,315.6000061035156,322.1000061035156,653830
2011-09-09,279.36669921875,318.864990234375,322.70001220703125,316.2200012207031,319.1000061035156,326490
2011-09-12,278.2540283203125,317.5950012207031,321.70001220703125,315.6050109863281,317.9949951171875,389660
2011-09-13,275.7044982910156,314.68499755859375,320.0,313.20001220703125,318.0050048828125,493860
2011-09-14,274.0835876464844,312.8349914550781,315.7850036621094,311.20001220703125,315.7850036621094,318930
2011-09-15,273.9084167480469,312.635009765625,314.5,310.8550109863281,313.739990234375,276010
2011-09-16,266.24224853515625,303.885009765625,315.1000061035156,300.1300048828125,313.0,785250
2011-09-19,267.28924560546875,305.0799865722656,306.79998779296875,302.80999755859375,304.0050048828125,367370
2011-09-20,269.66357421875,307.7900085449219,310.5,303.1600036621094,303.1600036621094,385630
2011-09-21,271.03033447265625,309.3500061035156,310.8949890136719,307.0150146484375,308.7950134277344,228100
2011-09-22,271.7224426269531,310.1400146484375,313.0,305.0150146484375,305.0150146484375,428710
2011-09-23,270.7587585449219,309.0400085449219,315.0,307.5,309.9949951171875,731850
2011-09-26,269.96148681640625,308.1300048828125,312.2850036621094,304.1000061035156,309.0050048828125,268400
2011-09-27,271.3282470703125,309.69000244140625,312.5,307.5,312.5,254850
2011-09-28,274.58746337890625,313.4100036621094,314.5,309.1199951171875,311.9800109863281,416720
2011-09-29,276.3572082519531,315.42999267578125,317.0,310.5,312.6050109863281,1037900
2011-09-30,276.6419372558594,315.7550048828125,316.5,312.7049865722656,315.9949951171875,805400
2011-10-03,274.17559814453125,312.94000244140625,315.8999938964844,307.510009765625,313.3450012207031,509000
2011-10-04,269.7160949707031,307.8500061035156,317.3999938964844,306.20001220703125,311.114990234375,445760
2011-10-05,265.3267517089844,302.8399963378906,309.8949890136719,299.489990234375,308.20001220703125,690000
2011-10-07,274.12750244140625,312.885009765625,315.489990234375,303.0050048828125,308.4800109863281,721310
2011-10-10,277.9955139160156,317.29998779296875,318.79998779296875,311.2250061035156,312.7950134277344,562840
2011-10-11,277.9429931640625,317.239990234375,320.989990234375,315.5,319.8949890136719,271250
2011-10-12,278.192626953125,317.5249938964844,320.0,316.0,318.68499755859375,335010
2011-10-13,277.8860168457031,317.17498779296875,320.79998779296875,316.5050048828125,319.79998779296875,796350
2011-10-14,275.6650085449219,314.6400146484375,317.95001220703125,262.68499755859375,310.1099853515625,174110
2011-10-17,274.81524658203125,313.6700134277344,319.3999938964844,312.5,317.9949951171875,215590
2011-10-18,271.8669738769531,310.30499267578125,314.0,309.70001220703125,314.0,167130
2011-10-19,273.9521789550781,312.68499755859375,314.45001220703125,308.8999938964844,311.9849853515625,263340
2011-10-20,276.5937805175781,315.70001220703125,317.0,311.5050048828125,311.5050048828125,224110
2011-10-21,264.1964111328125,301.54998779296875,321.5,300.0,321.5,1284980
2011-10-24,267.2279052734375,305.010009765625,305.8999938964844,302.0,302.5050048828125,443100
2011-10-25,269.4251403808594,306.55999755859375,309.8999938964844,300.0050048828125,304.5150146484375,470520
2011-10-28,269.03839111328125,306.1199951171875,319.8999938964844,303.0050048828125,303.0050048828125,2075940
2011-10-31,277.6820373535156,315.9549865722656,317.70001220703125,303.20001220703125,309.385009765625,1024170
2011-11-01,275.3617858886719,313.31500244140625,316.3999938964844,312.0,312.0,343500
2011-11-02,276.7548828125,314.8999938964844,315.3999938964844,310.18499755859375,310.19000244140625,520090
2011-11-03,277.6820373535156,315.9549865722656,317.9700012207031,312.1000061035156,314.8999938964844,333770
2011-11-04,283.5220642089844,322.6000061035156,327.0,314.0249938964844,314.0249938964844,1366000
2011-11-08,277.7391052246094,316.0199890136719,325.6000061035156,315.20001220703125,321.5050048828125,691400
2011-11-09,273.8985900878906,311.6499938964844,321.4599914550781,310.04998779296875,317.8800048828125,413030
2011-11-11,268.6825256347656,305.7149963378906,316.79998779296875,304.6000061035156,311.7900085449219,664540
2011-11-14,272.3033142089844,309.8349914550781,314.5,307.29998779296875,309.69500732421875,559300
2011-11-15,266.82366943359375,303.6000061035156,312.3999938964844,301.0,309.8399963378906,235430
2011-11-16,272.057373046875,309.55499267578125,312.0,299.20001220703125,302.1000061035156,665880
2011-11-17,267.3334045410156,304.17999267578125,311.0,302.1400146484375,310.4700012207031,540870
2011-11-18,267.9793701171875,304.9150085449219,309.885009765625,300.5150146484375,304.5,848100
2011-11-21,258.1932373046875,293.7799987792969,306.7699890136719,291.0,304.79998779296875,312320
2011-11-22,259.6476745605469,295.43499755859375,298.0,291.0,295.0050048828125,522600
2011-11-23,254.22955322265625,289.2699890136719,295.79998779296875,282.625,291.80999755859375,579200
2011-11-24,252.70462036132812,287.5350036621094,289.0,283.3999938964844,288.0,361640
2011-11-25,258.63262939453125,294.2799987792969,296.9949951171875,287.5,288.5,334250
2011-11-28,258.3865661621094,294.0,302.29998779296875,292.30499267578125,298.5,232790
2011-11-29,258.254638671875,293.8500061035156,297.3900146484375,290.2049865722656,295.68499755859375,1102210
2011-11-30,253.05625915527344,287.93499755859375,294.79998779296875,286.1199951171875,292.8999938964844,823270
2011-12-01,245.73524475097656,279.6050109863281,298.0,275.70001220703125,290.0350036621094,1198300
2011-12-02,251.2194061279297,285.8450012207031,286.3399963378906,278.5,281.30499267578125,657450
2011-12-05,250.83265686035156,285.4049987792969,288.8999938964844,283.6099853515625,283.6099853515625,730820
2011-12-07,250.99972534179688,285.5950012207031,288.1000061035156,283.0,283.0,1069980
2011-12-08,248.95635986328125,283.2699890136719,287.4949951171875,281.79998779296875,283.0050048828125,1595270
2011-12-09,248.74090576171875,283.0249938964844,285.8550109863281,281.0249938964844,283.489990234375,543120
2011-12-12,248.56080627441406,282.82000732421875,285.8599853515625,279.1000061035156,284.3999938964844,624690
2011-12-13,246.40757751464844,280.3699951171875,285.8500061035156,278.2149963378906,280.7099914550781,1145990
2011-12-14,244.583984375,278.2950134277344,285.0,274.5,280.05499267578125,953480
2011-12-15,244.8695831298828,278.6199951171875,280.0,275.67999267578125,277.9750061035156,807780
2011-12-16,238.40989685058594,271.2699890136719,278.9200134277344,269.1099853515625,278.9200134277344,482820
2011-12-19,233.73439025878906,265.95001220703125,271.2650146484375,263.0050048828125,269.0050048828125,334960
2011-12-20,232.8555145263672,264.95001220703125,274.8999938964844,264.5249938964844,269.989990234375,531340
2011-12-21,236.19520568847656,268.75,271.8949890136719,265.1099853515625,269.9849853515625,393670
2011-12-22,242.41310119628906,275.82501220703125,277.5,265.20001220703125,272.0,240710
2011-12-23,234.06394958496094,266.32501220703125,276.9200134277344,264.0950012207031,276.0249938964844,540940
2011-12-26,234.0463104248047,266.30499267578125,269.5,264.1050109863281,264.7149963378906,280860
2011-12-27,234.74061584472656,267.0950012207031,269.20001220703125,265.5050048828125,265.5050048828125,777460
2011-12-28,228.43479919433594,259.9200134277344,271.80999755859375,255.0,267.0,891340
2011-12-29,230.85171508789062,262.6700134277344,264.0,256.0,261.4800109863281,1014870
2011-12-30,227.83279418945312,259.2349853515625,263.4549865722656,257.7099914550781,260.5,225310
2012-01-02,227.65261840820312,259.0299987792969,261.7950134277344,256.0,256.0,182450
2012-01-03,233.10162353515625,265.2300109863281,266.0,260.0150146484375,260.0199890136719,174850
2012-01-04,235.09222412109375,267.4949951171875,269.989990234375,261.9049987792969,261.9049987792969,341860
2012-01-05,234.80661010742188,267.1700134277344,269.0950012207031,266.0,267.3900146484375,719580
2012-01-06,233.83102416992188,266.05999755859375,268.4949951171875,264.510009765625,264.80499267578125,3815540
2012-01-09,235.16250610351562,267.57501220703125,270.0,266.6549987792969,266.6650085449219,430720
2012-01-10,233.47506713867188,265.6549987792969,269.5,264.5,268.8550109863281,338040
2012-01-11,239.077880859375,272.0299987792969,272.989990234375,264.0,268.8550109863281,1111290
2012-01-12,240.48403930664062,273.6300048828125,279.8299865722656,272.0299987792969,273.8599853515625,676690
2012-01-13,243.6259765625,277.2049865722656,279.7950134277344,271.80499267578125,271.80499267578125,570680
2012-01-16,241.5606689453125,274.8550109863281,277.8999938964844,273.6199951171875,276.29998779296875,179230
2012-01-17,240.42254638671875,273.55999755859375,277.5,272.20001220703125,273.0899963378906,528730
2012-01-18,239.38543701171875,272.3800048828125,275.6000061035156,271.0,274.95001220703125,205430
2012-01-19,240.18521118164062,273.2900085449219,276.67498779296875,271.5050048828125,276.67498779296875,191140
2012-01-20,240.14572143554688,273.2449951171875,275.0,271.0,273.29998779296875,660940
2012-01-23,247.7303466796875,281.875,283.4750061035156,275.0,276.0400085449219,1106890
2012-01-24,246.4602508544922,280.42999267578125,285.79998779296875,277.0,283.5,1114090
2012-01-25,250.34048461914062,284.8450012207031,286.30499267578125,279.5350036621094,282.8800048828125,2868410
2012-01-27,256.30804443359375,291.635009765625,294.8999938964844,287.5,287.5,1870510
2012-01-30,262.6139221191406,298.80999755859375,301.5050048828125,291.9599914550781,291.9700012207031,1515850
2012-01-31,263.2466735839844,299.5299987792969,304.0,292.4100036621094,292.4100036621094,638760
2012-02-01,257.96466064453125,293.5199890136719,303.0,291.29998779296875,303.0,1463970
2012-02-02,260.8472595214844,296.79998779296875,299.3999938964844,294.0,297.0,898140
2012-02-03,259.291748046875,295.0299987792969,297.0,290.0,296.9849853515625,685600
2012-02-06,263.09716796875,299.3599853515625,301.54998779296875,292.5,292.5050048828125,1137650
2012-02-07,260.052001953125,295.8949890136719,300.7300109863281,294.7049865722656,299.5,668170
2012-02-08,261.0802917480469,297.06500244140625,301.5,294.0150146484375,294.0150146484375,2582610
2012-02-09,268.7746887207031,305.82000732421875,306.5,297.2049865722656,301.0400085449219,1357500
2012-02-10,272.4000549316406,309.94500732421875,312.79998779296875,306.5,306.5,1391900
2012-02-13,268.44512939453125,305.44500732421875,310.0,303.29998779296875,304.3999938964844,328260
2012-02-14,266.0502014160156,302.7200012207031,306.9800109863281,302.0050048828125,305.44500732421875,409890
2012-02-15,266.41943359375,303.1400146484375,310.4949951171875,301.79998779296875,303.489990234375,466600
2012-02-16,269.653564453125,306.82000732421875,308.489990234375,302.510009765625,304.0,991920
2012-02-17,268.44512939453125,305.44500732421875,311.3999938964844,304.5050048828125,308.0,992440
2012-02-21,267.6497802734375,304.5400085449219,307.8800048828125,302.7950134277344,303.44500732421875,301830
2012-02-22,270.18536376953125,307.42498779296875,311.0,304.5,304.5400085449219,986070
2012-02-23,268.8758239746094,305.93499755859375,310.95001220703125,302.0,305.239990234375,799050
2012-02-24,269.55694580078125,306.7099914550781,308.70001220703125,304.3550109863281,306.29998779296875,530130
2012-02-27,272.211181640625,309.7300109863281,311.5,304.239990234375,305.0,2250620
2012-02-28,277.6029357910156,315.864990234375,319.1300048828125,309.0,312.5,1623880
2012-02-29,278.64874267578125,317.05499267578125,320.0,314.1000061035156,315.0,1154250
2012-03-01,276.81195068359375,314.9649963378906,319.0,312.5,317.0,707510
2012-03-02,277.6117248535156,315.875,318.989990234375,312.6099853515625,316.3900146484375,1839750
2012-03-05,284.28662109375,323.4700012207031,324.9800109863281,314.2900085449219,314.864990234375,1301960
2012-03-06,277.7611389160156,316.0450134277344,325.0,314.010009765625,323.8949890136719,711040
2012-03-07,271.7232971191406,309.17498779296875,315.9750061035156,305.6000061035156,313.5199890136719,430770
2012-03-09,278.73223876953125,317.1499938964844,319.8999938964844,310.9599914550781,312.0,1397870
2012-03-12,277.7435607910156,316.0249938964844,321.20001220703125,312.5050048828125,312.5050048828125,1380880
2012-03-13,280.06378173828125,318.6650085449219,320.79998779296875,315.0050048828125,315.0050048828125,145490
2012-03-14,281.606201171875,320.4200134277344,323.8999938964844,319.1099853515625,320.5,323340
2012-03-15,282.5509033203125,321.4949951171875,334.0,320.0050048828125,322.5,611970
2012-03-16,282.124755859375,321.010009765625,325.0,317.510009765625,325.0,2442480
2012-03-19,270.0885925292969,307.31500244140625,324.0,305.4100036621094,323.0,832210
2012-03-20,265.0395202636719,301.57000732421875,307.1000061035156,300.1000061035156,307.1000061035156,2624650
2012-03-21,269.183349609375,306.2850036621094,309.8999938964844,302.0,302.385009765625,994040
2012-03-22,269.9216003417969,307.125,310.989990234375,306.0,307.0,574010
2012-03-23,273.4678649902344,311.1600036621094,314.5,306.44500732421875,307.7099914550781,704070
2012-03-26,268.9944763183594,306.07000732421875,314.0,304.6000061035156,310.9949951171875,316300
2012-03-27,272.1539306640625,309.6650085449219,312.29998779296875,304.1099853515625,306.07000732421875,811010
2012-03-28,272.8394775390625,310.44500732421875,319.1000061035156,307.5400085449219,307.5400085449219,865590
2012-03-29,280.2264404296875,318.8500061035156,324.8999938964844,305.0199890136719,310.0,991760
2012-03-30,284.9283142089844,324.20001220703125,325.5,319.9949951171875,320.0199890136719,1292640
2012-04-02,286.8090515136719,326.3399963378906,329.5,320.3999938964844,324.44000244140625,383640
2012-04-03,294.9825744628906,335.6400146484375,337.5,327.0,327.135009765625,1661100
2012-04-04,292.0910339355469,332.3500061035156,339.989990234375,329.30999755859375,330.0,761140
2012-04-09,288.18450927734375,327.9049987792969,332.0,327.0,331.9949951171875,445740
2012-04-10,286.2070007324219,325.6549987792969,329.20001220703125,324.5,328.510009765625,522050
2012-04-11,284.4756164550781,323.68499755859375,325.9750061035156,322.2049865722656,324.8949890136719,565060
2012-04-12,286.1279602050781,325.56500244140625,328.864990234375,322.32000732421875,323.68499755859375,465980
2012-04-13,290.1224365234375,330.1099853515625,331.5,325.4049987792969,327.0,596740
2012-04-16,294.8199768066406,335.4549865722656,336.7900085449219,330.5,332.0,505180
2012-04-17,292.5085144042969,332.82501220703125,337.5,331.0150146484375,335.3999938964844,380400
2012-04-18,291.005615234375,331.114990234375,335.0,329.0,334.989990234375,247670
2012-04-19,292.56121826171875,332.885009765625,335.0,330.0050048828125,331.5,239800
2012-04-20,293.5895080566406,334.05499267578125,335.5,331.1050109863281,333.6000061035156,577960
2012-04-23,305.0542907714844,347.1000061035156,348.5400085449219,331.2049865722656,334.5,1561580
2012-04-24,304.2633972167969,346.20001220703125,349.739990234375,343.0,347.1050109863281,1282660
2012-04-25,300.7742614746094,342.2300109863281,346.70001220703125,340.510009765625,346.5,609440
2012-04-26,306.0210876464844,348.20001220703125,352.5,341.1549987792969,342.0,3350750
2012-04-27,309.6507568359375,352.3299865722656,355.20001220703125,343.0050048828125,345.1000061035156,1037650
2012-04-30,309.9583740234375,352.67999267578125,354.9649963378906,350.0,352.6000061035156,1109870
2012-05-02,310.3098449707031,353.0799865722656,354.8999938964844,348.2449951171875,352.70001220703125,572410
2012-05-03,316.70806884765625,360.3599853515625,362.6000061035156,347.1000061035156,351.29998779296875,947470
2012-05-04,317.7406921386719,361.5350036621094,365.0,358.0,360.29998779296875,1359200
2012-05-07,320.2938537597656,364.44000244140625,371.70001220703125,354.55499267578125,359.8999938964844,1432850
2012-05-08,321.2737731933594,365.55499267578125,369.8999938964844,362.1499938964844,367.3999938964844,1132290
2012-05-09,325.9493713378906,370.875,374.5,363.1099853515625,369.8999938964844,1961510
2012-05-10,321.12432861328125,365.385009765625,374.3999938964844,363.1000061035156,367.1000061035156,771880
2012-05-11,318.4877624511719,362.385009765625,367.3999938964844,358.3399963378906,363.29998779296875,724140
2012-05-14,324.9386291503906,369.7250061035156,373.489990234375,357.5,360.5050048828125,965470
2012-05-15,331.16094970703125,376.80499267578125,378.0,367.6300048828125,369.9949951171875,1094620
2012-05-16,329.95697021484375,375.43499755859375,378.6000061035156,373.0,374.79998779296875,964750
2012-05-17,324.7452392578125,369.5050048828125,378.4949951171875,368.1000061035156,377.0,824840
2012-05-18,325.2725830078125,370.1050109863281,372.5,365.0199890136719,366.79998779296875,847440
2012-05-21,329.9481201171875,375.42498779296875,377.0,369.1600036621094,371.0,481580
2012-05-22,323.158935546875,367.70001220703125,375.3999938964844,365.6000061035156,375.3999938964844,563920
2012-05-23,323.20294189453125,367.75,369.6600036621094,363.79998779296875,369.4949951171875,482750
2012-05-24,329.5527038574219,374.9750061035156,375.94000244140625,366.6000061035156,367.8949890136719,746560
2012-05-25,330.9677429199219,376.5849914550781,377.9700012207031,371.5,374.9949951171875,363680
2012-05-28,335.9683837890625,382.2749938964844,384.0,375.5249938964844,377.5,646970
2012-05-29,337.7085876464844,384.2550048828125,385.20001220703125,380.1000061035156,383.0,571380
2012-05-30,335.41473388671875,381.6449890136719,385.7950134277344,380.5,385.7950134277344,716730
2012-05-31,353.4402770996094,402.1549987792969,419.1000061035156,378.1099853515625,380.0,3861160
2012-06-01,332.193603515625,377.9800109863281,400.0,376.4649963378906,399.8999938964844,1599420
2012-06-04,323.7917175292969,368.4200134277344,377.3999938964844,366.04998779296875,376.7900085449219,1108680
2012-06-05,326.8458251953125,371.8949890136719,379.8999938964844,369.2250061035156,373.3999938964844,954970
2012-06-06,336.0827331542969,382.4049987792969,384.3699951171875,374.989990234375,374.989990234375,1268240
2012-06-07,340.8798828125,384.7699890136719,386.5,380.510009765625,381.0,993880
2012-06-08,338.89544677734375,382.5299987792969,384.8900146484375,376.5050048828125,383.0299987792969,436580
2012-06-11,339.8611145019531,383.6199951171875,389.4700012207031,381.79998779296875,382.6050109863281,578730
2012-06-12,344.07830810546875,388.3800048828125,389.8999938964844,378.3999938964844,380.79998779296875,551600
2012-06-13,343.5334167480469,387.7650146484375,392.0950012207031,386.20001220703125,386.364990234375,483950
2012-06-14,342.9087219238281,387.05999755859375,391.3999938964844,385.7650146484375,386.20001220703125,425710
2012-06-15,344.286376953125,388.614990234375,390.0,384.3999938964844,389.0,523980
2012-06-18,342.3240051269531,386.3999938964844,398.0,383.1499938964844,390.0,508560
2012-06-19,344.2819519042969,388.6099853515625,390.489990234375,383.8900146484375,387.3999938964844,451290
2012-06-20,344.18890380859375,388.5050048828125,391.989990234375,385.68499755859375,389.5,485790
2012-06-21,345.2210693359375,389.6700134277344,390.8500061035156,384.5,388.9949951171875,924560
2012-06-22,344.73822021484375,389.125,391.29998779296875,386.3399963378906,388.1000061035156,398890
2012-06-25,337.36279296875,380.79998779296875,391.4949951171875,378.9549865722656,391.4949951171875,573860
2012-06-26,333.02166748046875,375.8999938964844,382.67999267578125,372.6000061035156,380.79998779296875,1026500
2012-06-27,334.5411682128906,377.614990234375,379.70001220703125,376.2049865722656,376.5,514730
2012-06-28,332.1402587890625,374.9049987792969,381.70001220703125,373.79998779296875,378.0,825040
2012-06-29,344.4989929199219,388.8550109863281,390.04998779296875,377.0050048828125,377.0050048828125,1040430
2012-07-02,347.3871765136719,392.114990234375,394.8999938964844,386.0050048828125,387.79998779296875,605310
2012-07-03,349.0792541503906,394.0249938964844,396.5950012207031,390.2250061035156,392.1000061035156,1355040
2012-07-04,343.0726013183594,387.2449951171875,396.3949890136719,386.30499267578125,394.0950012207031,1118120
2012-07-05,334.9840087890625,378.114990234375,389.4949951171875,377.5,386.29998779296875,1452820
2012-07-06,329.074951171875,371.44500732421875,377.7099914550781,368.0199890136719,377.1000061035156,1431720
2012-07-09,326.32855224609375,368.3450012207031,370.8800048828125,366.0,369.3999938964844,747410
2012-07-10,327.1834411621094,369.30999755859375,374.5,367.45001220703125,369.8999938964844,1188560
2012-07-11,327.25439453125,369.3900146484375,372.20001220703125,367.5,367.5,595220
2012-07-12,329.8501281738281,372.32000732421875,375.70001220703125,368.3299865722656,369.3900146484375,811760
2012-07-13,328.52569580078125,370.82501220703125,375.19500732421875,369.5,371.20001220703125,348430
2012-07-16,327.170166015625,369.2950134277344,373.56500244140625,367.20001220703125,367.20001220703125,339110
2012-07-17,324.4902648925781,366.2699890136719,371.82000732421875,364.0,369.70001220703125,538510
2012-07-18,324.6850891113281,366.489990234375,367.8999938964844,361.0,367.8999938964844,598460
2012-07-19,320.6319885253906,361.91497802734375,369.489990234375,361.489990234375,367.20001220703125,1053770
2012-07-20,329.322998046875,371.7250061035156,383.44500732421875,362.1050109863281,362.1050109863281,4206590
2012-07-23,319.1614074707031,360.2550048828125,368.0,359.0400085449219,367.7650146484375,1637610
2012-07-24,315.9941711425781,356.67999267578125,362.6499938964844,355.1000061035156,360.0,1129990
2012-07-25,312.5877990722656,352.83502197265625,358.3999938964844,351.5150146484375,356.4949951171875,641710
2012-07-26,307.3385009765625,346.9100036621094,355.2650146484375,345.0,354.9949951171875,1221300
2012-07-27,310.6165466308594,350.6100158691406,354.7900085449219,347.1050109863281,352.8999938964844,633580
2012-07-30,316.85791015625,357.6549987792969,359.4750061035156,351.0,352.0,468970
2012-07-31,322.6830139160156,364.2300109863281,366.8699951171875,356.05999755859375,358.1000061035156,744190
2012-08-01,321.32305908203125,362.69500732421875,367.79998779296875,361.1099853515625,362.760009765625,324300
2012-08-02,323.4802551269531,365.1300048828125,369.8800048828125,359.5,361.5,756250
2012-08-03,332.8667907714844,375.7250061035156,376.8949890136719,362.5,362.5,1126450
2012-08-06,332.05615234375,374.80999755859375,378.9949951171875,372.4949951171875,378.5,1003450
2012-08-07,331.6752014160156,374.3800048828125,376.8299865722656,372.010009765625,374.0249938964844,814570
2012-08-08,330.5765686035156,373.1399841308594,375.79998779296875,372.0,373.20001220703125,522180
2012-08-09,332.2288513183594,375.0050048828125,376.79998779296875,373.0849914550781,375.0,926090
2012-08-10,328.98187255859375,371.3399963378906,375.385009765625,369.6199951171875,372.5,843770
2012-08-13,334.2310485839844,377.2649841308594,378.5,369.1000061035156,369.6000061035156,290330
2012-08-14,335.0549621582031,378.19500732421875,381.70001220703125,376.20001220703125,377.0,586760
2012-08-16,328.853515625,371.19500732421875,378.6199951171875,369.5,376.5150146484375,655810
2012-08-17,325.8943786621094,367.8550109863281,373.05999755859375,366.32501220703125,369.5,1033540
2012-08-21,327.27203369140625,369.4100036621094,371.3999938964844,364.635009765625,367.1499938964844,895170
2012-08-22,327.0904846191406,369.2049865722656,372.7799987792969,366.8999938964844,369.0,504670
2012-08-23,327.79473876953125,370.0,371.989990234375,368.2449951171875,370.0,387880
2012-08-24,325.7171936035156,367.6549987792969,369.18499755859375,365.1050109863281,369.18499755859375,303450
2012-08-27,324.4502868652344,366.2250061035156,370.989990234375,365.2049865722656,368.2749938964844,423870
2012-08-28,330.09375,372.5950012207031,374.9849853515625,365.0,365.0,1165820
2012-08-29,327.99407958984375,370.2250061035156,373.8900146484375,367.114990234375,373.0,395020
2012-08-30,327.4713439941406,369.635009765625,380.6650085449219,365.0,369.8999938964844,1127310
2012-08-31,322.5412292480469,364.07000732421875,375.9549865722656,363.0249938964844,370.1000061035156,770560
2012-09-03,323.45367431640625,365.1000061035156,368.125,363.0,365.0249938964844,580650
2012-09-04,327.19232177734375,369.32000732421875,369.9949951171875,363.6499938964844,364.8999938964844,412670
2012-09-05,323.4846496582031,365.135009765625,368.0,364.6600036621094,367.20001220703125,256670
2012-09-06,327.81689453125,370.0249938964844,371.9649963378906,362.5199890136719,364.1099853515625,400490
2012-09-07,334.0406188964844,377.04998779296875,377.55499267578125,371.1000061035156,372.3349914550781,527240
2012-09-10,331.2189025878906,373.864990234375,377.9949951171875,372.1000061035156,377.9949951171875,427150
2012-09-11,334.5411682128906,377.614990234375,378.0,372.0,372.0,283050
2012-09-12,340.6761779785156,384.53997802734375,385.70001220703125,376.5050048828125,376.5050048828125,625690
2012-09-13,341.0394592285156,384.95001220703125,387.5,383.1050109863281,386.19000244140625,463350
2012-09-14,345.63739013671875,390.1399841308594,391.70001220703125,386.2349853515625,389.8999938964844,645200
2012-09-17,344.1446228027344,388.4549865722656,392.5950012207031,386.0,392.0,418010
2012-09-18,345.55767822265625,390.04998779296875,392.5,387.1700134277344,388.5,439200
2012-09-20,345.1368408203125,389.57501220703125,393.8299865722656,385.0,385.0,614350
2012-09-21,349.64178466796875,394.6600036621094,396.8500061035156,389.1050109863281,390.2200012207031,1257940
2012-09-24,352.592041015625,397.989990234375,399.8999938964844,393.2799987792969,394.70001220703125,773590
2012-09-25,348.74700927734375,393.6499938964844,402.0,391.9949951171875,397.0,836030
2012-09-26,344.906494140625,389.31500244140625,395.5,387.1000061035156,390.25,908400
2012-09-27,342.88226318359375,387.0299987792969,392.7149963378906,385.29998779296875,390.0,1049260
2012-09-28,348.5964660644531,393.4800109863281,396.6400146484375,390.0,391.3999938964844,822900
2012-10-01,349.026123046875,393.9649963378906,396.0,390.0,395.79998779296875,720100
2012-10-03,346.2265319824219,390.80499267578125,395.5849914550781,387.79998779296875,393.9949951171875,746950
2012-10-04,343.2100524902344,387.3999938964844,395.0,385.1050109863281,390.5,807190
2012-10-05,337.6507873535156,381.125,389.8999938964844,343.239990234375,389.489990234375,1765020
2012-10-08,344.6141662597656,388.9850158691406,390.7900085449219,382.0899963378906,383.45001220703125,655820
2012-10-09,344.7691955566406,389.1600036621094,391.79998779296875,386.1000061035156,390.0,508650
2012-10-10,345.1590881347656,389.6000061035156,393.4649963378906,386.125,386.125,866190
2012-10-11,345.0970458984375,389.5299987792969,392.8999938964844,387.3999938964844,390.1000061035156,512730
2012-10-12,345.42486572265625,389.8999938964844,392.4599914550781,387.20001220703125,388.6000061035156,463590
2012-10-15,343.1966857910156,387.385009765625,391.79998779296875,382.54998779296875,390.0950012207031,309520
2012-10-16,344.18890380859375,388.5050048828125,390.79998779296875,386.25,388.79998779296875,336440
2012-10-17,346.29302978515625,390.8800048828125,394.20001220703125,388.5450134277344,389.5,505580
2012-10-18,347.613037109375,392.3699951171875,394.79998779296875,390.1000061035156,391.3999938964844,300500
2012-10-19,343.8922119140625,388.1700134277344,392.3699951171875,387.5,390.0,478790
2012-10-22,348.0957946777344,392.91497802734375,393.9949951171875,384.29998779296875,388.4700012207031,392130
2012-10-23,346.4169921875,391.0199890136719,394.3999938964844,389.5,394.3999938964844,385570
2012-10-25,345.1723327636719,389.614990234375,392.0,387.135009765625,391.0,1313130
2012-10-29,349.1598815917969,393.1549987792969,394.70001220703125,389.20001220703125,394.70001220703125,241760
2012-10-30,345.2877502441406,388.7950134277344,394.5,387.260009765625,392.1000061035156,156350
2012-10-31,343.8001708984375,387.1199951171875,390.989990234375,385.1050109863281,389.4849853515625,247300
2012-11-01,344.45733642578125,387.8600158691406,388.7950134277344,384.135009765625,386.5,282210
2012-11-02,346.6510009765625,390.3299865722656,392.0,387.989990234375,390.9949951171875,374440
2012-11-05,351.42010498046875,395.70001220703125,397.0,388.1199951171875,389.29998779296875,492210
2012-11-06,363.7069091796875,409.5350036621094,410.8999938964844,395.0050048828125,396.9949951171875,1475370
2012-11-07,365.9360046386719,412.0450134277344,414.5,409.18499755859375,410.510009765625,799130
2012-11-08,371.0559387207031,417.80999755859375,419.9849853515625,407.3999938964844,407.3999938964844,871030
2012-11-09,365.3898010253906,411.42999267578125,419.5,410.010009765625,416.125,415070
2012-11-12,363.1962890625,408.96002197265625,416.0,408.2699890136719,413.0,388480
2012-11-15,356.5666809082031,401.4949951171875,410.7950134277344,399.0249938964844,405.0249938964844,1038430
2012-11-16,350.8917236328125,395.1050109863281,403.885009765625,393.6050109863281,402.5,440200
2012-11-19,344.2930603027344,387.67498779296875,396.0,385.0,396.0,684050
2012-11-20,341.9129943847656,384.9949951171875,392.8949890136719,383.20001220703125,387.0050048828125,514810
2012-11-21,348.125244140625,391.989990234375,393.5,383.6050109863281,385.3999938964844,961050
2012-11-22,352.40142822265625,396.80499267578125,398.8999938964844,392.8550109863281,393.0,686100
2012-11-23,360.04345703125,405.4100036621094,406.79998779296875,396.79998779296875,396.79998779296875,758030
2012-11-26,362.6455993652344,408.3399963378906,412.19000244140625,405.0,409.4949951171875,497240
2012-11-27,366.24249267578125,412.3900146484375,413.3900146484375,407.125,407.125,510620
2012-11-29,383.6403503417969,431.9800109863281,437.44500732421875,411.5,411.5,2186930
2012-11-30,384.5771789550781,433.0350036621094,437.5950012207031,429.0400085449219,430.5050048828125,2510700
2012-12-03,386.0247802734375,434.6650085449219,438.2950134277344,430.5,432.0299987792969,631600
2012-12-04,386.4999694824219,435.20001220703125,438.75,432.20001220703125,437.19000244140625,832250
2012-12-05,388.79571533203125,437.7850036621094,441.44000244140625,435.1000061035156,435.1000061035156,1481090
2012-12-06,386.90399169921875,435.6549987792969,438.4800109863281,433.5,437.20001220703125,607840
2012-12-07,382.9964599609375,431.2550048828125,436.70001220703125,430.1000061035156,433.70001220703125,417720
2012-12-10,383.28955078125,431.58502197265625,434.5450134277344,430.0249938964844,433.0,366760
2012-12-11,381.8995666503906,430.02001953125,434.3999938964844,427.510009765625,434.3999938964844,462050
2012-12-12,383.70245361328125,432.04998779296875,434.0,428.3949890136719,432.6000061035156,1204090
2012-12-13,382.734375,430.96002197265625,434.2950134277344,429.5,433.7950134277344,638300
2012-12-14,380.1766052246094,428.0799865722656,432.69000244140625,426.29998779296875,432.69000244140625,671250
2012-12-17,377.3880920410156,424.94000244140625,427.4150085449219,422.5,425.0050048828125,407780
2012-12-18,381.48211669921875,429.54998779296875,431.8949890136719,425.3599853515625,426.0,606600
2012-12-19,393.41375732421875,442.9849853515625,444.7950134277344,429.54998779296875,429.54998779296875,806400
2012-12-20,394.6882019042969,444.4200134277344,449.75,441.0,443.5,823270
2012-12-21,386.8729553222656,435.6199951171875,443.6000061035156,434.0400085449219,443.6000061035156,451660
2012-12-24,387.2992248535156,436.1000061035156,438.5,433.5,437.5,364270
2012-12-26,392.8631286621094,442.364990234375,444.3999938964844,437.0249938964844,437.1099853515625,382830
2012-12-27,386.00262451171875,434.6400146484375,444.6000061035156,433.010009765625,443.6000061035156,743630
2012-12-28,390.29205322265625,439.4700012207031,440.864990234375,435.6000061035156,435.6000061035156,292430
2012-12-31,393.65362548828125,443.2550048828125,445.989990234375,438.17999267578125,439.4700012207031,379160
2013-01-01,392.8098449707031,442.30499267578125,445.4800109863281,441.0,444.5,299620
2013-01-02,388.2716979980469,437.19500732421875,445.70001220703125,436.0,442.6050109863281,614960
2013-01-03,390.46966552734375,439.6700134277344,442.79998779296875,437.0,439.760009765625,508860
2013-01-04,390.9404296875,440.20001220703125,442.0,438.0,440.8900146484375,713090
2013-01-07,390.26104736328125,439.43499755859375,443.7950134277344,438.0,443.7950134277344,519650
2013-01-08,390.2388610839844,439.4100036621094,440.70001220703125,435.239990234375,438.5,672700
2013-01-09,387.5789489746094,436.41497802734375,440.8999938964844,435.5,439.5,393240
2013-01-10,387.45013427734375,436.2699890136719,441.7099914550781,435.0,438.010009765625,832720
2013-01-11,381.83294677734375,429.94500732421875,438.8500061035156,428.5,436.32501220703125,530530
2013-01-14,387.7032775878906,436.55499267578125,437.8999938964844,429.510009765625,431.0,302470
2013-01-15,383.0452575683594,431.30999755859375,436.55999755859375,428.0050048828125,436.55499267578125,535140
2013-01-16,379.9546813964844,427.8299865722656,433.79998779296875,426.3500061035156,429.79998779296875,421340
2013-01-17,384.83026123046875,433.32000732421875,434.0,427.5,427.5,1190180
2013-01-18,382.86322021484375,431.1050109863281,435.7900085449219,427.5,434.1000061035156,736430
2013-01-21,380.8073425292969,428.7900085449219,434.8999938964844,427.55999755859375,431.2049865722656,445250
2013-01-22,391.9217529296875,441.30499267578125,445.42999267578125,431.1000061035156,433.0,1862370
2013-01-23,394.5372314453125,444.25,448.9750061035156,441.010009765625,441.30499267578125,1239080
2013-01-24,391.2156982421875,440.510009765625,447.6000061035156,439.0,444.3999938964844,579610
2013-01-25,391.2690734863281,440.57000732421875,446.9599914550781,437.2699890136719,441.8800048828125,296880
2013-01-28,390.6917724609375,439.9200134277344,441.79998779296875,434.55999755859375,440.5050048828125,579060
2013-01-29,393.5691223144531,443.1600036621094,444.25,436.6000061035156,438.6000061035156,609480
2013-01-30,397.3125305175781,447.375,449.0,443.1700134277344,443.9949951171875,702210
2013-01-31,399.745849609375,450.114990234375,456.94000244140625,448.25,449.75,1377750
2013-02-01,403.4226379394531,454.2550048828125,455.5,450.5050048828125,453.79998779296875,469130
2013-02-04,412.3391418457031,464.2950134277344,466.70001220703125,454.0,454.79998779296875,1578080
2013-02-05,411.9794006347656,463.8900146484375,467.70001220703125,461.5299987792969,462.5,581760
2013-02-06,410.66949462890625,462.41497802734375,466.5,461.2749938964844,464.45001220703125,722520
2013-02-07,408.8666687011719,460.385009765625,464.5,459.3450012207031,461.0050048828125,410770
2013-02-08,401.730712890625,452.3500061035156,463.69500732421875,451.17498779296875,461.79998779296875,555190
2013-02-11,402.618896484375,453.3500061035156,457.42498779296875,447.510009765625,453.0,462880
2013-02-12,400.48748779296875,450.95001220703125,454.0,447.69000244140625,454.0,208800
2013-02-13,397.07269287109375,447.1050109863281,452.489990234375,446.05499267578125,452.3999938964844,330480
2013-02-14,401.9616394042969,452.6099853515625,454.7799987792969,445.20001220703125,447.510009765625,1626580
2013-02-15,403.4092712402344,454.239990234375,457.5,451.19500732421875,451.19500732421875,384090
2013-02-18,400.00787353515625,450.4100036621094,453.7699890136719,448.3450012207031,451.5,393310
2013-02-19,404.8746643066406,455.8900146484375,459.8999938964844,448.0199890136719,449.0,407070
2013-02-20,404.5726013183594,455.54998779296875,459.7699890136719,453.3399963378906,457.989990234375,856240
2013-02-21,400.85601806640625,451.364990234375,456.0450134277344,448.2149963378906,454.875,548690
2013-02-22,402.9563293457031,453.7300109863281,455.2699890136719,447.5450134277344,450.2099914550781,684190
2013-02-25,399.8347473144531,450.2149963378906,455.79998779296875,449.1000061035156,455.79998779296875,477940
2013-02-26,390.771728515625,440.010009765625,449.8999938964844,437.0199890136719,449.70001220703125,597970
2013-02-27,387.0372009277344,435.80499267578125,442.3999938964844,433.5899963378906,438.1099853515625,587380
2013-02-28,379.41290283203125,427.2200012207031,443.4700012207031,422.5,438.0,1592310
2013-03-01,387.1304931640625,435.9100036621094,438.5,427.010009765625,429.8999938964844,772430
2013-03-04,384.5372009277344,432.989990234375,436.0,427.5,433.1000061035156,721440
2013-03-05,393.86224365234375,443.489990234375,445.0,429.20001220703125,434.70001220703125,785270
2013-03-06,396.3756103515625,446.32000732421875,448.0,441.79998779296875,444.2250061035156,591600
2013-03-07,407.2325134277344,458.5450134277344,461.2099914550781,442.5050048828125,442.5050048828125,977840
2013-03-08,414.439453125,466.6600036621094,468.79998779296875,459.2149963378906,459.2149963378906,608210
2013-03-11,422.4455871582031,475.67498779296875,477.5,464.7900085449219,466.5,1244470
2013-03-12,422.05938720703125,475.239990234375,477.0,472.3450012207031,476.1000061035156,787720
2013-03-13,425.4696044921875,479.0799865722656,482.9649963378906,472.0150146484375,472.5,1453120
2013-03-14,434.85235595703125,489.6449890136719,494.5,478.0,478.1300048828125,1590670
2013-03-15,444.6969299316406,500.7300109863281,502.5,486.0299987792969,489.0,3093410
2013-03-18,444.2705993652344,500.25,503.0,494.5,498.0,2528290
2013-03-19,435.9980163574219,490.93499755859375,500.4949951171875,490.0,500.4949951171875,2170700
2013-03-20,443.3914489746094,499.260009765625,501.93499755859375,486.6050109863281,489.8999938964844,1901160
2013-03-21,436.2955017089844,491.2699890136719,505.0,488.5,500.010009765625,1570570
2013-03-22,439.9367370605469,495.3699951171875,500.0,487.79998779296875,489.8999938964844,1153710
2013-03-25,433.3070373535156,487.9049987792969,500.1300048828125,485.79998779296875,497.5,1665560
2013-03-26,435.4563293457031,490.32501220703125,492.67498779296875,487.5,488.0,1162070
2013-03-28,436.6996154785156,491.7250061035156,492.5,484.7099914550781,489.4649963378906,1029400
2013-04-01,440.0478210449219,495.4950256347656,498.20001220703125,488.1000061035156,492.20001220703125,688780
2013-04-02,434.31060791015625,489.0350036621094,496.989990234375,487.5799865722656,495.4949951171875,520130
2013-04-03,433.8443908691406,488.510009765625,491.3949890136719,484.0849914550781,489.0,758590
2013-04-04,425.27423095703125,478.8599853515625,489.67999267578125,477.5,484.29998779296875,574890
2013-04-05,423.4047546386719,476.7549743652344,483.0,473.2300109863281,478.5,734940
2013-04-08,410.51849365234375,462.2449951171875,478.7950134277344,461.1000061035156,477.0,906040
2013-04-09,402.4501647949219,453.1600036621094,466.7550048828125,451.1600036621094,463.79998779296875,935710
2013-04-10,402.8587341308594,453.6199951171875,458.8599853515625,447.6549987792969,458.8599853515625,700260
2013-04-11,404.49725341796875,455.4649963378906,459.7900085449219,451.114990234375,458.6000061035156,713140
2013-04-12,414.03094482421875,466.20001220703125,471.885009765625,454.1000061035156,457.79998779296875,963060
2013-04-15,412.2635498046875,464.2099914550781,470.5050048828125,462.0,465.20001220703125,527360
2013-04-16,416.3133850097656,468.7699890136719,471.8900146484375,463.5,463.5,855260
2013-04-17,412.9963684082031,465.0350036621094,470.70001220703125,464.0,469.0,1930760
2013-04-18,412.9207763671875,464.95001220703125,468.9599914550781,459.4750061035156,465.1000061035156,540750
2013-04-22,412.7121276855469,464.7149963378906,474.0,461.25,466.010009765625,655860
2013-04-23,412.9163513183594,464.94500732421875,469.4750061035156,461.5350036621094,469.4750061035156,421830
2013-04-25,413.1561279296875,465.2149963378906,468.8500061035156,464.0,466.20001220703125,1946230
2013-04-26,417.8985900878906,470.55499267578125,478.44500732421875,469.2200012207031,470.20001220703125,2005270
2013-04-29,418.6268310546875,471.375,476.70001220703125,467.70001220703125,471.0,1219140
2013-04-30,415.740478515625,468.125,471.6499938964844,463.1050109863281,471.5899963378906,494960
2013-05-02,419.8346862792969,472.7350158691406,474.989990234375,467.0,467.0,1284490
2013-05-03,416.9838562011719,469.5249938964844,473.9049987792969,467.8900146484375,472.79998779296875,438070
2013-05-06,431.2555236816406,485.59503173828125,489.3999938964844,470.5249938964844,470.5249938964844,894460
2013-05-07,435.1676940917969,490.0,494.8999938964844,486.5050048828125,489.0,1010350
2013-05-08,431.0425109863281,485.3550109863281,493.8999938964844,484.114990234375,493.8999938964844,686830
2013-05-09,414.82574462890625,467.0950012207031,492.5150146484375,459.0,487.0,3269420
2013-05-10,411.9660949707031,463.875,466.70001220703125,460.3999938964844,466.70001220703125,1607860
2013-05-13,417.361328125,469.95001220703125,478.8949890136719,468.5199890136719,472.010009765625,745550
2013-05-14,421.75732421875,474.8999938964844,478.5,470.3500061035156,471.29998779296875,908190
2013-05-15,428.4581298828125,482.44500732421875,484.79998779296875,475.29998779296875,475.29998779296875,895580
2013-05-16,431.74847412109375,486.1499938964844,490.8999938964844,480.0,480.0,853000
2013-05-17,427.4234619140625,481.2799987792969,489.8999938964844,478.6000061035156,486.70001220703125,675110
2013-05-20,423.94219970703125,477.3600158691406,484.8949890136719,476.57000732421875,484.8949890136719,445210
2013-05-21,424.9501647949219,478.4949951171875,482.5,472.3999938964844,475.20001220703125,523650
2013-05-22,429.4527587890625,483.56500244140625,485.1499938964844,476.0450134277344,479.5249938964844,403560
2013-05-23,426.28668212890625,480.0,483.0199890136719,475.5,475.5,597040
2013-05-24,426.72625732421875,480.4949951171875,482.5,476.2300109863281,481.0050048828125,505090
2013-05-27,428.60015869140625,482.6050109863281,484.0249938964844,477.1000061035156,480.70001220703125,785040
2013-05-28,428.21392822265625,482.1700134277344,487.5,480.2349853515625,483.0,663290
2013-05-29,427.6455383300781,481.52996826171875,486.0,477.989990234375,485.3999938964844,339930
2013-05-30,436.3754577636719,491.3599853515625,494.8999938964844,479.1000061035156,479.1000061035156,693880
2013-05-31,431.89056396484375,486.30999755859375,492.989990234375,485.0199890136719,491.0,582840
2013-06-03,416.8994140625,469.42999267578125,485.989990234375,465.5,484.30999755859375,928510
2013-06-04,415.6562194824219,468.0299987792969,475.6199951171875,466.0150146484375,470.0,702350
2013-06-05,415.2076721191406,467.5249938964844,471.1199951171875,464.20001220703125,469.3999938964844,428150
2013-06-06,413.5339050292969,462.0049743652344,465.94500732421875,460.5,464.19000244140625,478640
2013-06-07,409.66259765625,457.67999267578125,465.80999755859375,456.0,459.20001220703125,514400
2013-06-10,406.12255859375,453.7250061035156,461.385009765625,452.5,458.5150146484375,1006600
2013-06-11,401.8664855957031,448.9700012207031,454.5,446.635009765625,453.0,1084780
2013-06-12,402.4393005371094,449.6099853515625,452.0,444.010009765625,448.5,726820
2013-06-13,397.7938232421875,444.4200134277344,452.2349853515625,442.6600036621094,446.55499267578125,585410
2013-06-14,408.1141357421875,455.95001220703125,459.4849853515625,446.3999938964844,446.5,586880
2013-06-17,409.5328369140625,457.5350036621094,463.4800109863281,452.5,454.1000061035156,609850
2013-06-18,409.5238342285156,457.5249938964844,460.70001220703125,453.30999755859375,455.2099914550781,637000
2013-06-19,412.68353271484375,461.05499267578125,462.0,455.32501220703125,455.32501220703125,538200
2013-06-20,409.3806457519531,457.364990234375,459.5,451.5,456.6000061035156,957840
2013-06-21,407.95294189453125,455.7699890136719,460.57501220703125,451.2200012207031,454.0,882670
2013-06-24,393.2287902832031,439.32000732421875,455.95001220703125,437.010009765625,452.010009765625,869780
2013-06-25,390.3914794921875,436.1499938964844,442.7200012207031,429.4700012207031,437.30999755859375,1410210
2013-06-26,402.1617431640625,449.29998779296875,452.8999938964844,436.6000061035156,437.0,934730
2013-06-27,406.19866943359375,453.80999755859375,469.989990234375,450.7749938964844,455.8999938964844,1677620
2013-06-28,415.0063171386719,463.6499938964844,465.20001220703125,454.5,456.20001220703125,1249300
2013-07-01,421.8088684082031,471.25,474.0249938964844,460.0,460.6099853515625,1020000
2013-07-02,418.6850280761719,467.760009765625,473.5,466.5,468.2099914550781,530990
2013-07-03,409.1703186035156,457.1299743652344,468.25,454.70001220703125,466.0,630880
2013-07-04,408.62432861328125,456.52001953125,462.0,452.7349853515625,460.3349914550781,303550
2013-07-05,417.8973693847656,466.8799743652344,468.94500732421875,457.0,460.0,353290
2013-07-08,418.26885986328125,467.2950134277344,469.8999938964844,463.0,466.6300048828125,653300
2013-07-09,426.2888488769531,476.2550048828125,477.3999938964844,468.0299987792969,468.0299987792969,533050
2013-07-10,428.101318359375,478.27996826171875,484.8800048828125,477.0050048828125,478.3999938964844,712580
2013-07-11,436.30926513671875,487.45001220703125,488.7650146484375,481.0,481.0,468740
2013-07-12,432.0308837890625,482.6700134277344,489.94500732421875,479.1700134277344,489.94500732421875,646070
2013-07-15,430.7732238769531,481.2650146484375,483.79998779296875,478.6050109863281,480.510009765625,333500
2013-07-16,432.8497619628906,483.5849914550781,485.8800048828125,475.5199890136719,475.5199890136719,336360
2013-07-17,448.5764465332031,501.1549987792969,503.2349853515625,481.5950012207031,483.0,1478710
2013-07-18,466.6169128417969,521.3099975585938,522.9000244140625,500.6099853515625,501.6000061035156,1825930
2013-07-19,462.3472595214844,516.5399780273438,524.7750244140625,515.0050048828125,522.1099853515625,846650
2013-07-22,452.0448913574219,505.02996826171875,522.4949951171875,496.7250061035156,518.989990234375,1718900
2013-07-23,442.26605224609375,494.1050109863281,505.5950012207031,490.1000061035156,502.3999938964844,2053240
2013-07-24,446.2939147949219,498.6050109863281,501.4949951171875,489.5,491.0,1079600
2013-07-25,454.7391052246094,508.03997802734375,511.79998779296875,497.69000244140625,500.7799987792969,1638100
2013-07-26,454.3049621582031,507.55499267578125,517.364990234375,503.8999938964844,511.5,1259820
2013-07-29,458.12255859375,511.82000732421875,513.75,505.4949951171875,507.5,420570
2013-07-30,457.1647644042969,510.75,522.4000244140625,502.6499938964844,521.5,898758
2013-07-31,454.3453063964844,507.6000061035156,513.5499877929688,495.1499938964844,512.0,800891
2013-08-01,445.9314880371094,498.20001220703125,515.0,486.29998779296875,515.0,841361
2013-08-02,445.2601623535156,497.45001220703125,504.1499938964844,492.0,499.0,986501
2013-08-05,423.19635009765625,472.79998779296875,500.45001220703125,469.0,498.1000061035156,1753463
2013-08-06,391.465576171875,437.3500061035156,470.0,434.1499938964844,470.0,1513183
2013-08-07,378.8000183105469,423.20001220703125,439.45001220703125,412.0,435.29998779296875,2441631
2013-08-08,385.6027526855469,430.79998779296875,435.0,423.20001220703125,423.20001220703125,1000667
2013-08-12,391.06280517578125,436.8999938964844,439.79998779296875,418.5,431.45001220703125,1050655
2013-08-13,393.7928161621094,439.95001220703125,441.79998779296875,431.0,438.8999938964844,576780
2013-08-14,389.1382751464844,434.75,443.95001220703125,430.0,442.1000061035156,808688
2013-08-16,374.77227783203125,418.70001220703125,437.0,414.1000061035156,434.45001220703125,1875723
2013-08-19,382.38043212890625,427.20001220703125,430.8500061035156,398.1499938964844,418.70001220703125,1450144
2013-08-20,373.96661376953125,417.79998779296875,423.95001220703125,411.0,420.8999938964844,1339308
2013-08-21,371.5946044921875,415.1499938964844,427.6499938964844,411.0,423.0,1405177
2013-08-22,376.204345703125,420.29998779296875,424.5,412.0,413.0,715086
2013-08-23,375.9805908203125,420.04998779296875,425.70001220703125,415.0,419.0,986872
2013-08-26,382.9623107910156,427.8500061035156,434.45001220703125,421.0,421.5,813600
2013-08-27,366.9849548339844,410.0,430.5,405.0,422.70001220703125,1618168
2013-08-28,350.8734130859375,392.0,402.8500061035156,373.3999938964844,400.6000061035156,2461413
2013-08-29,360.89837646484375,403.20001220703125,409.5,389.70001220703125,389.70001220703125,1479215
2013-08-30,376.78619384765625,420.95001220703125,424.95001220703125,393.75,408.20001220703125,1514956
2013-09-02,378.08404541015625,422.3999938964844,427.8999938964844,418.29998779296875,420.0,533907
2013-09-03,356.3782653808594,398.1499938964844,424.95001220703125,395.0,422.0,1313672
2013-09-04,360.98785400390625,403.29998779296875,409.5,399.0,403.0,668024
2013-09-05,363.0465393066406,405.6000061035156,413.1000061035156,402.8500061035156,410.0,1025465
2013-09-06,380.50079345703125,425.1000061035156,426.79998779296875,406.5,406.79998779296875,1558392
2013-09-10,399.02899169921875,445.79998779296875,450.29998779296875,428.04998779296875,429.79998779296875,1598104
2013-09-11,397.9549255371094,444.6000061035156,448.70001220703125,435.0,448.70001220703125,875515
2013-09-12,392.4947814941406,438.5,451.8500061035156,435.5,446.54998779296875,1740100
2013-09-13,395.9409484863281,442.3500061035156,445.8999938964844,436.0,437.0,596005
2013-09-16,395.0458679199219,441.3500061035156,458.70001220703125,436.5,450.0,1263167
2013-09-17,395.3591613769531,441.70001220703125,443.8999938964844,437.45001220703125,441.04998779296875,463021
2013-09-18,398.7604675292969,445.5,448.5,438.5,442.0,618855
2013-09-19,428.8354187011719,479.1000061035156,486.45001220703125,450.0,452.0,1571260
2013-09-20,436.9359436035156,488.1499938964844,491.29998779296875,469.3999938964844,480.25,1366454
2013-09-23,435.1009521484375,486.1000061035156,494.95001220703125,479.75,485.0,1698587
2013-09-24,434.3848571777344,485.29998779296875,504.79998779296875,483.1000061035156,486.0,1854893
2013-09-25,427.7165222167969,477.8500061035156,489.79998779296875,471.54998779296875,489.5,1269349
2013-09-26,429.4618835449219,479.79998779296875,484.29998779296875,476.45001220703125,476.79998779296875,1423622
2013-09-27,420.5110778808594,469.79998779296875,486.29998779296875,468.1000061035156,484.0,1022869
2013-09-30,411.0679016113281,459.25,470.20001220703125,456.3999938964844,470.0,1184167
2013-10-01,406.6820068359375,454.3500061035156,464.0,451.0,462.0,1194903
2013-10-03,421.4060974121094,470.79998779296875,477.20001220703125,457.0,457.0,1872476
2013-10-04,418.0943298339844,467.1000061035156,476.1000061035156,466.0,467.95001220703125,1105813
2013-10-07,414.8720397949219,463.5,469.79998779296875,456.20001220703125,469.79998779296875,1246791
2013-10-08,411.4706726074219,459.70001220703125,471.3500061035156,457.5,465.0,1062402
2013-10-09,420.6005859375,469.8999938964844,472.20001220703125,453.6000061035156,455.0,1219033
2013-10-10,429.32769775390625,479.6499938964844,483.5,467.0,467.0,1241962
2013-10-11,434.1611328125,485.04998779296875,487.8999938964844,476.20001220703125,485.04998779296875,732464
2013-10-14,421.2271423339844,470.6000061035156,481.5,468.54998779296875,481.5,922169
2013-10-15,430.3569641113281,480.79998779296875,483.3999938964844,470.6000061035156,473.8999938964844,984845
2013-10-17,435.3694152832031,486.3999938964844,489.95001220703125,481.70001220703125,484.3999938964844,963435
2013-10-18,435.8170166015625,486.8999938964844,494.6000061035156,476.29998779296875,484.1000061035156,2524634
2013-10-21,461.6849365234375,515.7999877929688,529.7999877929688,488.25,490.0,4416370
2013-10-22,468.3085632324219,523.2000122070312,531.2000122070312,510.29998779296875,530.0,3048277
2013-10-23,467.368896484375,522.1500244140625,526.4000244140625,515.25,526.0,978398
2013-10-24,467.7724609375,521.5,533.5,518.4500122070312,520.25,1415249
2013-10-25,460.7760925292969,513.7000122070312,522.3499755859375,512.0999755859375,517.0,702992
2013-10-28,449.8776550292969,501.54998779296875,519.0,500.0,517.9000244140625,1054082
2013-10-29,465.5298156738281,519.0,521.0,495.5,502.0,1519476
2013-10-30,473.8270568847656,528.25,529.4000244140625,517.0999755859375,521.0,1579868
2013-10-31,483.8731994628906,539.4500122070312,541.9500122070312,526.5999755859375,529.5,1791990
2013-11-01,486.8780212402344,542.7999877929688,544.9500122070312,532.6500244140625,539.0,1033935
2013-11-05,491.7216796875,548.2000122070312,551.3499755859375,535.2999877929688,535.3499755859375,1376974
2013-11-06,495.44403076171875,552.3499755859375,555.75,541.2999877929688,550.0,1527805
2013-11-07,494.592041015625,551.4000244140625,558.4500122070312,547.5499877929688,552.0,880347
2013-11-08,499.2562255859375,556.5999755859375,561.75,546.6500244140625,550.0,896874
2013-11-11,490.1966857910156,546.5,556.5499877929688,545.2000122070312,551.1500244140625,942969
2013-11-12,475.8002624511719,530.4500122070312,550.9500122070312,528.0999755859375,548.0,886182
2013-11-13,468.9832458496094,522.8499755859375,531.7999877929688,518.2000122070312,523.0999755859375,922754
2013-11-14,460.2827453613281,513.1500244140625,530.25,511.1000061035156,525.25,1141064
2013-11-18,472.077880859375,526.2999877929688,527.9000244140625,515.0499877929688,518.2000122070312,1208180
2013-11-19,476.562744140625,531.2999877929688,534.2999877929688,528.0,528.0,840508
2013-11-20,470.2839050292969,524.2999877929688,537.0,521.4000244140625,531.9000244140625,869675
2013-11-21,456.7844543457031,509.25,520.9000244140625,506.20001220703125,520.9000244140625,617352
2013-11-22,455.75299072265625,508.1000061035156,514.9000244140625,505.1499938964844,512.0,654192
2013-11-25,463.108154296875,516.2999877929688,519.5,510.1499938964844,510.1499938964844,559626
2013-11-26,454.4972229003906,506.70001220703125,515.8499755859375,505.0,513.5,889816
2013-11-27,452.7480163574219,504.75,506.95001220703125,499.6000061035156,506.8999938964844,522030
2013-11-28,452.8377685546875,504.8500061035156,513.2000122070312,499.45001220703125,509.8999938964844,1494607
2013-11-29,451.761474609375,503.6499938964844,508.79998779296875,502.20001220703125,505.04998779296875,1045856
2013-12-02,453.06195068359375,505.1000061035156,508.95001220703125,503.0,506.0,957110
2013-12-03,452.47900390625,504.45001220703125,514.4500122070312,502.20001220703125,504.0,2162803
2013-12-04,450.59539794921875,502.3500061035156,507.5,501.0,506.04998779296875,740212
2013-12-05,452.8377685546875,504.8500061035156,508.8999938964844,503.1000061035156,507.8999938964844,966233
2013-12-06,452.7480163574219,504.75,510.95001220703125,501.45001220703125,504.95001220703125,877218
2013-12-09,452.65838623046875,504.6499938964844,516.25,503.0,516.0,945168
2013-12-10,452.70318603515625,504.70001220703125,508.0,496.75,505.0,1079003
2013-12-11,450.05712890625,501.75,506.1499938964844,499.04998779296875,504.1000061035156,457572
2013-12-12,446.5140686035156,497.79998779296875,505.5,495.45001220703125,498.0,460920
2013-12-13,443.1953125,494.1000061035156,499.25,490.04998779296875,494.1000061035156,560652
2013-12-16,435.7952880859375,485.8500061035156,496.1000061035156,484.04998779296875,492.20001220703125,465539
2013-12-17,440.1007080078125,490.6499938964844,494.3999938964844,482.0,486.70001220703125,706788
2013-12-18,445.9310607910156,497.1499938964844,498.79998779296875,486.5,490.0,879699
2013-12-19,435.8848876953125,485.95001220703125,499.70001220703125,485.1000061035156,498.5,879048
2013-12-20,439.1588439941406,489.6000061035156,492.1000061035156,482.1000061035156,485.1499938964844,848785
2013-12-23,436.55767822265625,486.70001220703125,492.0,484.5,489.95001220703125,619218
2013-12-24,437.1855773925781,487.3999938964844,491.70001220703125,486.0,488.79998779296875,510114
2013-12-26,439.3831787109375,489.8500061035156,491.1499938964844,485.95001220703125,487.0,1213677
2013-12-27,435.1225280761719,485.1000061035156,491.25,482.5,490.6499938964844,516613
2013-12-30,437.5892333984375,487.8500061035156,490.75,483.45001220703125,486.04998779296875,493062
2013-12-31,439.51776123046875,490.0,492.6000061035156,486.5,486.5,608388
2014-01-01,448.26318359375,499.75,503.8999938964844,492.0,494.3999938964844,1866326
2014-01-02,435.5261535644531,485.54998779296875,505.1000061035156,483.0,501.3999938964844,952911
2014-01-03,439.0692443847656,489.5,491.5,480.0,483.0,994043
2014-01-06,440.1007080078125,490.6499938964844,492.5,482.6000061035156,491.3500061035156,833555
2014-01-07,439.4728088378906,489.95001220703125,493.5,484.0,491.0,708829
2014-01-08,439.9661865234375,490.5,493.0,487.5,490.54998779296875,703600
2014-01-09,439.60736083984375,490.1000061035156,491.8999938964844,485.54998779296875,488.3500061035156,639802
2014-01-10,441.3116760253906,492.0,498.0,488.0,488.0,610335
2014-01-13,443.150390625,494.04998779296875,499.3999938964844,488.0,488.70001220703125,1093710
2014-01-14,437.1855773925781,487.3999938964844,496.5,486.04998779296875,492.0,448596
2014-01-15,442.6570739746094,493.5,494.70001220703125,486.0,486.0,597708
2014-01-16,444.5408020019531,495.6000061035156,496.8500061035156,490.70001220703125,495.0,738459
2014-01-17,440.907958984375,491.54998779296875,500.0,488.1000061035156,497.45001220703125,827389
2014-01-20,439.51776123046875,490.0,492.5,483.75,491.5,1396371
2014-01-21,429.875244140625,479.25,482.8999938964844,472.29998779296875,478.0,1628124
2014-01-22,423.910400390625,472.6000061035156,478.8500061035156,466.8500061035156,478.8500061035156,2795089
2014-01-23,424.26910400390625,473.0,474.5,468.1499938964844,473.8999938964844,941667
2014-01-24,428.8436279296875,478.1000061035156,479.54998779296875,465.0,469.25,1170322
2014-01-27,427.31884765625,476.3999938964844,478.8999938964844,470.5,474.0,941676
2014-01-28,427.6776428222656,476.79998779296875,480.70001220703125,471.0,475.25,902422
2014-01-29,433.1492004394531,482.8999938964844,484.75,473.75,478.1000061035156,1046075
2014-01-30,428.30548095703125,477.5,480.0,463.95001220703125,478.0,2915597
2014-01-31,423.10308837890625,471.70001220703125,478.8999938964844,467.04998779296875,474.1499938964844,1681719
2014-02-03,421.488525390625,469.8999938964844,479.0,467.54998779296875,468.25,651775
2014-02-04,426.9600524902344,476.0,477.3999938964844,464.04998779296875,465.04998779296875,969792
2014-02-05,434.53936767578125,484.45001220703125,485.1000061035156,470.1000061035156,473.20001220703125,1254256
2014-02-06,434.1807556152344,484.04998779296875,488.0,478.0,485.54998779296875,978103
2014-02-07,439.9661865234375,490.5,491.29998779296875,484.04998779296875,487.0,596025
2014-02-10,436.8268737792969,487.0,495.0,485.0,492.79998779296875,2209585
2014-02-11,434.44976806640625,484.3500061035156,489.25,480.70001220703125,489.1000061035156,1058522
2014-02-12,428.1709899902344,477.3500061035156,483.0,474.1000061035156,479.0,856522
2014-02-13,420.5017395019531,468.79998779296875,479.75,466.6499938964844,477.3500061035156,318431
2014-02-14,424.08978271484375,472.79998779296875,475.45001220703125,469.25,469.6499938964844,323567
2014-02-17,424.493408203125,473.25,476.20001220703125,470.6000061035156,474.8500061035156,274976
2014-02-18,424.3589172363281,473.1000061035156,477.0,463.6499938964844,473.5,403429
2014-02-19,420.2327575683594,468.5,473.1000061035156,467.5,472.0,292623
2014-02-20,414.0436706542969,461.6000061035156,467.5,460.20001220703125,466.6499938964844,694901
2014-02-21,416.19635009765625,464.0,468.8500061035156,461.29998779296875,462.25,562640
2014-02-24,422.29571533203125,470.79998779296875,471.79998779296875,464.04998779296875,464.5,303887
2014-02-25,423.4169616699219,472.04998779296875,474.8500061035156,470.1000061035156,471.5,806751
2014-02-26,427.99151611328125,477.1499938964844,479.8999938964844,470.5,470.5,604265
2014-02-28,424.26910400390625,473.0,482.5,470.54998779296875,477.75,673369
2014-03-03,424.2242431640625,472.95001220703125,476.3500061035156,468.5,471.5,431296
2014-03-04,426.6011657714844,475.6000061035156,477.5,471.54998779296875,471.54998779296875,1001089
2014-03-05,425.7042236328125,474.6000061035156,478.8999938964844,472.0,477.3999938964844,436618
2014-03-06,425.6594543457031,474.54998779296875,477.20001220703125,472.54998779296875,476.5,437306
2014-03-07,431.44500732421875,481.0,484.29998779296875,473.5,475.8999938964844,930496
2014-03-10,434.8982849121094,484.8500061035156,490.0,480.6000061035156,482.0,993946
2014-03-11,431.17584228515625,480.70001220703125,489.5,478.54998779296875,487.6000061035156,535386
2014-03-12,443.37469482421875,494.29998779296875,495.95001220703125,478.6000061035156,481.0,907392
2014-03-13,442.88128662109375,493.75,504.20001220703125,491.70001220703125,498.0,772560
2014-03-14,444.4510192871094,495.5,499.8500061035156,490.95001220703125,491.0,711413
2014-03-18,449.9225158691406,501.6000061035156,504.6000061035156,494.20001220703125,496.5,621330
2014-03-19,460.1929931640625,513.0499877929688,514.4500122070312,503.0,503.0,939626
2014-03-20,462.480224609375,515.5999755859375,519.7000122070312,513.0,513.5,1196743
2014-03-21,457.5469665527344,510.1000061035156,518.0,504.95001220703125,516.1500244140625,955311
2014-03-24,469.92510986328125,523.9000244140625,525.0,506.04998779296875,507.5,985612
2014-03-25,471.18096923828125,525.2999877929688,533.5999755859375,522.0,524.5,655035
2014-03-26,474.5893859863281,529.0999755859375,533.25,523.4500122070312,526.5499877929688,577241
2014-03-27,483.5141906738281,539.0499877929688,544.0,527.4500122070312,527.4500122070312,1514253
2014-03-28,484.2319641113281,539.8499755859375,543.0,533.9000244140625,542.0,559627
2014-03-31,491.4974670410156,547.9500122070312,550.0,535.0,540.0,545531
2014-04-01,481.361572265625,536.6500244140625,547.75,532.0,547.75,590285
2014-04-02,468.9384765625,522.7999877929688,542.7999877929688,521.0,536.0,1296369
2014-04-03,483.1106262207031,538.5999755859375,542.0,523.5499877929688,523.5499877929688,960789
2014-04-04,476.024658203125,530.7000122070312,543.0,527.5,543.0,757681
2014-04-07,483.96270751953125,539.5499877929688,544.8499755859375,526.5,531.0,1064991
2014-04-09,491.2733154296875,547.7000122070312,549.5,538.8499755859375,542.3499755859375,620888
2014-04-10,485.7118835449219,541.5,550.0,539.4000244140625,544.2999877929688,740700
2014-04-11,487.68524169921875,543.7000122070312,546.8499755859375,535.4000244140625,540.0,513869
2014-04-15,479.4329833984375,534.5,545.0,530.8499755859375,544.0,403358
2014-04-16,479.79180908203125,534.9000244140625,538.5,532.5,537.6500244140625,750909
2014-04-17,487.73016357421875,543.75,546.5,533.2000122070312,537.9000244140625,697395
2014-04-21,483.6489562988281,539.2000122070312,547.0,533.1500244140625,547.0,1250718
2014-04-22,481.1373596191406,536.4000244140625,542.0,534.5,540.2000122070312,405176
2014-04-23,475.0379333496094,529.5999755859375,540.0499877929688,528.5499877929688,532.25,866527
2014-04-24,475.0379333496094,529.5999755859375,529.5999755859375,529.5999755859375,529.5999755859375,0
2014-04-25,461.897216796875,514.9500122070312,534.5,513.0499877929688,534.5,512656
2014-04-28,448.98077392578125,500.54998779296875,518.6500244140625,498.54998779296875,515.0,1434257
2014-04-29,446.3347473144531,497.6000061035156,504.95001220703125,494.70001220703125,502.0,871746
2014-04-30,453.10687255859375,505.1499938964844,511.95001220703125,498.20001220703125,498.20001220703125,642019
2014-05-02,458.7578430175781,511.45001220703125,518.5,505.0,505.0,521441
2014-05-05,465.1711120605469,518.5999755859375,519.75,507.45001220703125,510.25,507852
2014-05-06,461.7178649902344,514.75,524.4500122070312,513.25,521.0,346381
2014-05-07,453.5553283691406,505.6499938964844,515.0,504.0,510.0,492771
2014-05-08,452.43414306640625,504.3999938964844,511.8999938964844,503.0,504.29998779296875,473377
2014-05-09,467.4585266113281,521.1500244140625,522.5,503.0,504.45001220703125,503574
2014-05-12,482.7518615722656,538.2000122070312,540.0,518.0999755859375,520.25,896112
2014-05-13,484.68035888671875,540.3499755859375,551.0,534.9500122070312,539.2999877929688,1114150
2014-05-14,499.52532958984375,556.9000244140625,560.0,542.0,544.9000244140625,1212854
2014-05-15,474.5445861816406,529.0499877929688,563.9000244140625,523.5,563.9000244140625,1907311
2014-05-16,481.2269592285156,536.5,550.0,527.0,540.0,2066679
2014-05-19,473.1093444824219,527.4500122070312,542.0,522.5,542.0,885764
2014-05-20,474.4100646972656,528.9000244140625,535.7000122070312,515.7000122070312,535.0,1025384
2014-05-21,490.017333984375,546.2999877929688,549.5,528.0,528.0,1843991
2014-05-22,482.39312744140625,537.7999877929688,549.8499755859375,536.75,549.5,1296696
2014-05-23,484.85980224609375,540.5499877929688,542.25,533.0,538.5,495348
2014-05-26,469.6559143066406,523.5999755859375,538.75,520.0499877929688,532.0,687589
2014-05-27,469.7906494140625,523.75,529.5,515.0,526.0,601376
2014-05-28,457.6366271972656,510.20001220703125,524.5,506.5,522.5999755859375,959457
2014-05-29,454.1832580566406,506.3500061035156,514.9000244140625,504.0,510.0,1727396
2014-05-30,455.3044738769531,507.6000061035156,513.1500244140625,501.75,507.0,1629445
2014-06-02,457.3226013183594,509.8500061035156,515.0,503.3500061035156,504.3500061035156,887646
2014-06-03,456.6499328613281,509.1000061035156,512.5999755859375,506.1499938964844,511.0,586753
2014-06-04,456.5601806640625,509.0,510.8999938964844,504.3999938964844,507.70001220703125,676269
2014-06-05,457.5469665527344,510.1000061035156,516.0,507.1000061035156,509.6000061035156,1230823
2014-06-06,453.2862548828125,505.3500061035156,512.8499755859375,503.5,512.0,1632891
2014-06-09,473.6923522949219,528.0999755859375,530.0,507.1000061035156,507.8999938964844,4290170
2014-06-10,481.0028381347656,536.25,539.7999877929688,523.0,530.0,2579465
2014-06-11,487.6404113769531,543.6500244140625,547.7999877929688,536.6500244140625,538.0499877929688,1993349
2014-06-12,492.7082214355469,549.2999877929688,552.4500122070312,539.3499755859375,541.0,860725
2014-06-13,486.33978271484375,542.2000122070312,555.0,540.0,549.2999877929688,573503
2014-06-16,488.01214599609375,539.8499755859375,543.5,533.2999877929688,535.9000244140625,472781
2014-06-17,506.76971435546875,560.5999755859375,565.0,540.0,540.0,1580095
2014-06-18,504.3291015625,557.9000244140625,569.0,552.25,560.0,2003001
2014-06-19,513.4591064453125,568.0,570.0,551.2000122070312,559.5999755859375,1112449
2014-06-20,513.8658447265625,568.4500122070312,573.75,557.0,570.0,1086913
2014-06-23,518.9733276367188,574.0999755859375,577.0,567.2999877929688,568.4500122070312,610166
2014-06-24,524.2164306640625,579.9000244140625,582.0,571.5999755859375,574.0999755859375,816172
2014-06-25,530.1825561523438,586.5,589.0,573.0,580.0999755859375,796312
2014-06-26,528.6458740234375,584.7999877929688,590.0,577.7999877929688,589.9000244140625,838466
2014-06-27,528.5554809570312,584.7000122070312,594.0,581.5999755859375,586.2000122070312,738734
2014-06-30,536.9624633789062,594.0,597.9000244140625,584.7000122070312,585.0,785106
2014-07-01,527.7871704101562,583.8499755859375,598.7999877929688,580.3499755859375,593.2999877929688,696050
2014-07-02,527.9679565429688,584.0499877929688,596.0,582.0,586.5499877929688,816714
2014-07-03,525.843505859375,581.7000122070312,587.75,576.2999877929688,585.0999755859375,511556
2014-07-04,532.126220703125,588.6500244140625,592.8499755859375,584.0,584.9000244140625,374126
2014-07-07,536.6008911132812,593.5999755859375,596.5,584.0499877929688,588.6500244140625,713824
2014-07-08,533.4369506835938,590.0999755859375,604.0,584.7000122070312,590.4000244140625,809330
2014-07-09,537.5501098632812,594.6500244140625,602.4000244140625,586.5,590.0999755859375,653792
2014-07-10,530.6346435546875,587.0,597.7999877929688,580.0,595.0,525220
2014-07-11,514.2275390625,568.8499755859375,589.5,565.1500244140625,581.25,811989
2014-07-14,532.8944702148438,589.5,597.9000244140625,568.0999755859375,571.1500244140625,672433
2014-07-15,526.56689453125,582.5,595.7000122070312,577.0,594.5,574018
2014-07-16,524.171142578125,579.8499755859375,588.5999755859375,577.0,580.5,675645
2014-07-17,523.9904174804688,579.6500244140625,585.0,577.2999877929688,580.0,356143
2014-07-18,524.7135620117188,580.4500122070312,589.9500122070312,578.3499755859375,580.9000244140625,925055
2014-07-21,536.6461181640625,593.6500244140625,595.0,582.0,587.9500122070312,593459
2014-07-22,545.6405639648438,603.5999755859375,610.9000244140625,592.7000122070312,597.9000244140625,1929744
2014-07-23,545.41455078125,603.3499755859375,610.0,595.5999755859375,606.0,1050820
2014-07-24,560.5563354492188,620.0999755859375,625.0499877929688,599.6500244140625,602.75,934022
2014-07-25,576.1952514648438,637.4000244140625,639.9500122070312,617.75,620.2000122070312,1129698
2014-07-28,574.9295043945312,636.0,644.9000244140625,627.5,640.0,878389
2014-07-30,582.0708618164062,643.9000244140625,649.0,625.0,632.0,641494
2014-07-31,568.2854614257812,628.6500244140625,644.9500122070312,625.0999755859375,644.0,1019233
2014-08-01,564.5338134765625,624.5,630.9000244140625,620.0999755859375,620.0999755859375,508437
2014-08-04,569.3701782226562,629.8499755859375,633.7000122070312,620.75,625.0999755859375,613756
2014-08-05,572.5791625976562,633.4000244140625,636.0,624.0,629.9000244140625,509925
2014-08-06,579.1331176757812,640.6500244140625,651.6500244140625,627.6500244140625,628.25,1057573
2014-08-07,571.2684936523438,631.9500122070312,642.25,630.25,640.0,467998
2014-08-08,558.6127319335938,617.9500122070312,628.0,614.25,628.0,732145
2014-08-11,554.8612060546875,613.7999877929688,622.9500122070312,609.1500244140625,617.0,500617
2014-08-12,555.222900390625,614.2000122070312,618.0,606.0499877929688,618.0,757120
2014-08-13,556.6240844726562,615.75,628.0,610.5499877929688,614.0,1091498
2014-08-14,558.477294921875,617.7999877929688,625.0,615.2000122070312,620.0,644135
2014-08-18,559.8782958984375,619.3499755859375,626.4000244140625,617.5499877929688,622.7999877929688,674655
2014-08-19,556.2172241210938,615.2999877929688,625.6500244140625,613.0,620.5,640905
2014-08-20,553.6861572265625,612.5,619.4000244140625,605.0999755859375,614.0,1083389
2014-08-21,554.95166015625,613.9000244140625,624.5499877929688,611.1500244140625,614.0,827640
2014-08-22,551.6071166992188,610.2000122070312,619.0,609.0499877929688,613.0,662770
2014-08-25,546.544677734375,604.5999755859375,617.25,602.0,615.9000244140625,873238
2014-08-26,549.6182861328125,608.0,612.0,603.3499755859375,604.0,780261
2014-08-27,558.1607055664062,617.4500122070312,619.5499877929688,606.5,606.5,1286406
2014-08-28,564.2627563476562,624.2000122070312,631.9000244140625,620.0499877929688,620.1500244140625,2298792
2014-09-01,569.3248291015625,629.7999877929688,634.9000244140625,627.0999755859375,627.0999755859375,744728
2014-09-02,564.3077392578125,624.25,635.7999877929688,622.0499877929688,629.75,750353
2014-09-03,566.206298828125,626.3499755859375,631.9500122070312,622.7000122070312,630.0,1140665
2014-09-04,571.6300048828125,632.3499755859375,636.75,622.0999755859375,625.25,1322883
2014-09-05,584.91845703125,647.0499877929688,649.8499755859375,634.9000244140625,634.9000244140625,1563632
2014-09-08,611.0886840820312,676.0,680.8499755859375,650.0,650.0,2284209
2014-09-09,601.2805786132812,665.1500244140625,680.9500122070312,663.0499877929688,674.7999877929688,939947
2014-09-10,591.1110229492188,653.9000244140625,664.4000244140625,652.0999755859375,663.0,788175
2014-09-11,593.5513916015625,656.5999755859375,664.0,655.0,655.0,710191
2014-09-12,607.2919921875,671.7999877929688,675.7000122070312,655.1500244140625,655.1500244140625,1101264
2014-09-15,597.935791015625,661.4500122070312,669.9500122070312,658.0999755859375,667.0,1104474
2014-09-16,584.6923828125,646.7999877929688,663.9500122070312,643.0,662.0,896478
2014-09-17,583.9241333007812,645.9500122070312,653.8499755859375,641.1500244140625,647.2000122070312,1158609
2014-09-18,596.2182006835938,659.5499877929688,663.9000244140625,641.25,641.25,811042
2014-09-19,605.2127685546875,669.5,674.0,662.0,662.4000244140625,1293093
2014-09-22,591.661865234375,652.75,667.1500244140625,645.7000122070312,665.7999877929688,1317978
2014-09-23,575.3917846679688,634.7999877929688,656.9000244140625,628.2999877929688,652.5,1416455
2014-09-24,578.15625,637.8499755859375,641.6500244140625,625.0,630.0,1688958
2014-09-25,562.5660400390625,620.6500244140625,643.0,618.0999755859375,641.5,1269854
2014-09-26,568.6842651367188,627.4000244140625,630.9500122070312,612.0,618.0,1411716
2014-09-29,566.9620361328125,625.5,634.0499877929688,623.3499755859375,629.0,1331626
2014-09-30,570.633056640625,629.5499877929688,638.7000122070312,622.4000244140625,625.0,2073763
2014-10-01,572.581787109375,631.7000122070312,639.5,626.4500122070312,630.0,580366
2014-10-07,570.2250366210938,629.0999755859375,637.5499877929688,625.2000122070312,625.5,1431462
2014-10-08,575.844970703125,635.2999877929688,640.7999877929688,623.4000244140625,625.0,1066246
2014-10-09,593.8373413085938,655.1500244140625,657.8499755859375,639.7999877929688,639.9500122070312,1160688
2014-10-10,601.1792602539062,663.25,673.2000122070312,643.3499755859375,648.5999755859375,1533600
2014-10-13,594.2905883789062,655.6500244140625,665.0,649.0,661.9000244140625,1041522
2014-10-14,585.6342163085938,646.0999755859375,663.9000244140625,644.4500122070312,663.9000244140625,784209
2014-10-15,585.6342163085938,646.0999755859375,646.0999755859375,646.0999755859375,646.0999755859375,0
2014-10-16,567.3248291015625,625.9000244140625,647.4500122070312,621.6500244140625,646.0999755859375,1335184
2014-10-17,580.19580078125,640.0999755859375,644.0,630.0,632.0,1194425
2014-10-20,586.9939575195312,647.5999755859375,657.0,645.25,646.0,1135010
2014-10-21,583.9573364257812,644.25,653.2000122070312,638.5,652.0,1320367
2014-10-22,583.7308349609375,644.0,658.2999877929688,633.5499877929688,649.7999877929688,3318551
2014-10-27,588.0361938476562,648.75,658.7999877929688,647.2000122070312,657.5,1828483
2014-10-28,586.17822265625,646.7000122070312,653.5999755859375,644.0999755859375,648.8499755859375,974665
2014-10-29,585.90625,646.4000244140625,653.9500122070312,642.0,653.9500122070312,1472338
2014-10-30,584.3652954101562,644.7000122070312,647.5,641.0999755859375,644.6500244140625,1961313
2014-10-31,595.5140380859375,657.0,658.0,647.0999755859375,647.0999755859375,1568966
2014-11-03,592.432373046875,653.5999755859375,663.0,650.6500244140625,660.9000244140625,1127612
2014-11-05,595.7861328125,657.2999877929688,664.7999877929688,655.0,660.9000244140625,2038028
2014-11-07,585.6342163085938,646.0999755859375,660.0499877929688,637.0,660.0,1491347
2014-11-10,588.1720581054688,648.9000244140625,654.0,643.0,646.1500244140625,1507972
2014-11-11,588.5347290039062,649.2999877929688,655.9000244140625,644.5,648.25,1412600
2014-11-12,583.7308349609375,644.0,654.7000122070312,642.0,649.0,864869
2014-11-13,584.4558715820312,644.7999877929688,651.0,640.0,646.0,1113887
2014-11-14,609.2916259765625,672.2000122070312,674.4000244140625,642.4500122070312,646.9000244140625,5337199
2014-11-17,627.193359375,691.9500122070312,694.9500122070312,675.0,675.4000244140625,2528265
2014-11-18,635.3057861328125,700.9000244140625,703.5999755859375,683.0999755859375,695.0,1356980
2014-11-19,619.171630859375,683.0999755859375,700.5999755859375,675.0999755859375,699.7000122070312,1515771
2014-11-20,625.9243774414062,690.5499877929688,693.5,680.0,684.7999877929688,647552
2014-11-21,627.3746337890625,692.1500244140625,696.7999877929688,685.0,691.7999877929688,1211218
2014-11-24,626.4229125976562,691.0999755859375,694.7999877929688,680.7000122070312,693.7999877929688,1103930
2014-11-25,627.0121459960938,691.75,694.7000122070312,682.3499755859375,688.9500122070312,1054109
2014-11-26,638.7954711914062,704.75,709.5,692.0999755859375,693.9000244140625,1470743
2014-11-27,639.656494140625,705.7000122070312,718.0,702.7999877929688,709.4000244140625,1821915
2014-11-28,675.0066528320312,744.7000122070312,749.2000122070312,715.5999755859375,716.0999755859375,3400152
2014-12-01,722.45751953125,797.0499877929688,802.2000122070312,753.0999755859375,753.9500122070312,3291847
2014-12-02,697.9841918945312,770.0499877929688,796.7999877929688,767.2000122070312,796.7999877929688,2476843
2014-12-03,715.5234375,789.4000244140625,794.9500122070312,773.0,774.7999877929688,1711464
2014-12-04,717.6082153320312,791.7000122070312,798.7999877929688,777.9500122070312,791.9500122070312,1376036
2014-12-05,711.2180786132812,784.6500244140625,797.5,781.75,794.9000244140625,588459
2014-12-08,719.2396850585938,793.5,809.5999755859375,786.2000122070312,794.0,1413437
2014-12-09,708.6347045898438,781.7999877929688,801.2999877929688,771.0999755859375,797.0,1457128
2014-12-10,703.0602416992188,775.6500244140625,779.9500122070312,764.4500122070312,779.9500122070312,1267394
2014-12-11,697.4857177734375,769.5,790.4500122070312,765.0,782.5999755859375,1437194
2014-12-12,701.83642578125,774.2999877929688,785.3499755859375,770.0,774.5,1232250
2014-12-15,695.446533203125,767.25,777.5999755859375,761.6500244140625,770.0,784332
2014-12-16,687.832275390625,758.8499755859375,767.0,752.0,765.0,910901
2014-12-17,662.8607177734375,731.2999877929688,761.6500244140625,719.0,755.0999755859375,2346032
2014-12-18,675.2332763671875,744.9500122070312,748.7999877929688,735.2000122070312,737.2000122070312,1127699
2014-12-19,664.401611328125,733.0,759.6500244140625,728.0,756.9500122070312,1902149
2014-12-22,675.7771606445312,745.5499877929688,747.7000122070312,731.2000122070312,731.2000122070312,1029222
2014-12-23,670.0667114257812,739.25,751.0,735.4000244140625,747.0,669484
2014-12-24,660.2774658203125,728.4500122070312,743.2000122070312,725.1500244140625,740.0999755859375,2337291
2014-12-26,659.0084228515625,727.0499877929688,738.0,722.0,732.0,525701
2014-12-29,686.6539916992188,757.5499877929688,759.2999877929688,728.8499755859375,728.8499755859375,865233
2014-12-30,679.7653198242188,749.9500122070312,762.9000244140625,745.0,761.0,732669
2014-12-31,681.8955078125,752.2999877929688,757.9500122070312,749.0999755859375,749.75,648847
2015-01-01,679.040283203125,749.1500244140625,754.5,747.0,751.0999755859375,284935
2015-01-02,702.5164184570312,775.0499877929688,781.4500122070312,751.25,751.25,2080850
2015-01-05,702.4708862304688,775.0,787.9000244140625,772.7000122070312,779.9000244140625,1326999
2015-01-06,685.7022705078125,756.5,783.0,750.4000244140625,775.0,1510720
2015-01-07,699.4797973632812,771.7000122070312,778.3499755859375,759.25,763.4000244140625,1427667
2015-01-08,743.5768432617188,820.3499755859375,822.9000244140625,778.0999755859375,783.7999877929688,2769416
2015-01-09,736.4613647460938,812.5,829.0,804.0499877929688,828.4500122070312,1708427
2015-01-12,732.156005859375,807.75,818.4000244140625,800.2000122070312,813.0499877929688,1320557
2015-01-13,755.8134765625,833.8499755859375,842.4500122070312,812.0999755859375,813.0,3835281
2015-01-14,763.7899780273438,842.6500244140625,850.0,830.2000122070312,840.0,2320114
2015-01-15,760.7987670898438,839.3499755859375,850.0,833.0,849.0,1308063
2015-01-16,764.5151977539062,843.4500122070312,859.0,840.0,844.9000244140625,1568660
2015-01-19,754.0460815429688,831.9000244140625,848.0,829.5499877929688,846.0,1041563
2015-01-20,760.6627197265625,839.2000122070312,847.0,835.0,835.0,1314139
2015-01-21,771.6304321289062,851.2999877929688,855.9000244140625,839.2000122070312,845.0,1663391
2015-01-22,785.9971313476562,867.1500244140625,881.6500244140625,852.8499755859375,856.5,1995155
2015-01-23,781.4197998046875,862.0999755859375,879.9500122070312,860.0999755859375,870.7999877929688,1531430
2015-01-27,807.161865234375,890.5,892.7999877929688,865.5,868.9000244140625,1831293
2015-01-28,825.0636596679688,910.25,921.0,891.0499877929688,893.0499877929688,2895714
2015-01-29,798.8228759765625,881.2999877929688,922.5,867.2000122070312,913.7999877929688,5326269
2015-01-30,777.4767456054688,857.75,888.5,854.0999755859375,888.5,3291034
2015-02-02,732.4733276367188,808.0999755859375,851.0999755859375,803.5,850.0,4808585
2015-02-03,738.4557495117188,814.7000122070312,826.5,802.0,809.7999877929688,3048559
2015-02-04,728.6212158203125,803.8499755859375,823.2000122070312,800.7999877929688,819.7999877929688,912365
2015-02-05,734.966064453125,810.8499755859375,826.4000244140625,808.0,812.0,1668101
2015-02-06,723.00146484375,797.6500244140625,815.0,788.7999877929688,810.0,1668283
2015-02-09,728.43994140625,803.6500244140625,822.0,783.4000244140625,790.0,1910672
2015-02-10,745.2537841796875,822.2000122070312,829.9000244140625,799.8499755859375,801.9000244140625,2235687
2015-02-11,762.0675659179688,840.75,845.0,828.0,830.0,1227804
2015-02-12,746.65869140625,823.75,849.9000244140625,819.3499755859375,847.0,1974102
2015-02-13,749.3781127929688,826.75,834.9500122070312,815.0499877929688,824.3499755859375,1323475
2015-02-16,756.08544921875,834.1500244140625,842.5,818.0,834.0,1584956
2015-02-18,744.21142578125,821.0499877929688,842.0,819.7000122070312,839.0999755859375,1448399
2015-02-19,756.0400390625,834.0999755859375,838.0,826.0,826.0,1216904
2015-02-20,748.4262084960938,825.7000122070312,836.0999755859375,823.2000122070312,834.25,699111
2015-02-23,733.8330078125,809.5999755859375,833.0,806.0999755859375,829.5,1434240
2015-02-24,724.7235717773438,799.5499877929688,813.5,798.0,810.0,1141027
2015-02-25,737.6852416992188,813.8499755859375,816.0,805.0,805.2000122070312,1537365
2015-02-26,717.78955078125,791.9000244140625,819.9000244140625,787.2000122070312,818.7999877929688,1600594
2015-02-27,731.612548828125,807.1500244140625,809.0999755859375,796.0999755859375,799.0999755859375,1272026
2015-03-02,748.335693359375,825.5999755859375,830.5999755859375,806.0,823.7999877929688,1383141
2015-03-03,759.84716796875,838.2999877929688,842.0,827.2000122070312,829.8499755859375,1617826
2015-03-04,758.4874267578125,836.7999877929688,848.2000122070312,832.4000244140625,844.5,1600601
2015-03-05,755.85888671875,833.9000244140625,841.5499877929688,828.0,837.0,694150
2015-03-09,736.5974731445312,812.6500244140625,832.5,808.8499755859375,832.5,626456
2015-03-10,732.3374633789062,807.9500122070312,818.0,802.0,813.0,691298
2015-03-11,733.2892456054688,809.0,819.9500122070312,806.75,818.0,942306
2015-03-12,732.4733276367188,808.0999755859375,815.0,805.2000122070312,814.7999877929688,979686
2015-03-13,732.7452392578125,808.4000244140625,818.7000122070312,805.5999755859375,811.9000244140625,837992
2015-03-16,754.0007934570312,831.8499755859375,835.8499755859375,809.0,813.0,1287189
2015-03-17,753.5927734375,831.4000244140625,841.9500122070312,823.0,839.3499755859375,1384999
2015-03-18,738.00244140625,814.2000122070312,835.8499755859375,810.0,835.8499755859375,1172762
2015-03-19,756.6746215820312,834.7999877929688,847.8499755859375,821.7000122070312,824.0,2037801
2015-03-20,734.1502075195312,809.9500122070312,837.0,805.5999755859375,836.0,1245311
2015-03-23,735.645751953125,811.5999755859375,816.0,805.5,816.0,759196
2015-03-24,737.1865844726562,813.2999877929688,819.5,807.5999755859375,809.6500244140625,755974
2015-03-25,732.8360595703125,808.5,817.3499755859375,802.5,813.7999877929688,834390
2015-03-26,718.8770751953125,793.0999755859375,815.9000244140625,788.0,803.0,1516627
2015-03-27,705.3263549804688,778.1500244140625,793.0,768.0999755859375,793.0,1557785
2015-03-30,731.8840942382812,807.4500122070312,809.75,780.0499877929688,780.0999755859375,847421
2015-03-31,735.3739013671875,811.2999877929688,817.0,802.0499877929688,807.9000244140625,947718
2015-04-01,744.8006591796875,821.7000122070312,825.9000244140625,803.5,810.0,898480
2015-04-06,747.33837890625,824.5,831.4000244140625,819.0,829.0,687263
2015-04-07,757.0371704101562,835.2000122070312,838.7999877929688,821.0,824.3499755859375,769528
2015-04-08,767.596923828125,846.8499755859375,854.0,840.0,841.0,982733
2015-04-09,773.307373046875,853.1500244140625,856.0,841.0,855.0,1019655
2015-04-10,779.017822265625,859.4500122070312,861.7000122070312,843.2000122070312,853.0,802074
2015-04-13,781.3743286132812,862.0499877929688,865.5499877929688,852.4000244140625,860.0,805167
2015-04-15,760.5269165039062,839.0499877929688,863.0,835.0,861.6500244140625,1279621
2015-04-16,745.299072265625,822.25,836.8499755859375,810.5999755859375,835.0,1366075
2015-04-17,740.3590698242188,816.7999877929688,829.5999755859375,815.0,822.25,685338
2015-04-20,733.2437133789062,808.9500122070312,819.2999877929688,800.0,818.0,920198
2015-04-21,721.958984375,796.5,816.9000244140625,792.0,813.4500122070312,652649
2015-04-22,711.943115234375,785.4500122070312,806.0,769.2000122070312,800.0,1779318
2015-04-23,712.8041381835938,786.4000244140625,810.0,785.0,793.0999755859375,1275295
2015-04-24,699.1627197265625,771.3499755859375,792.5,765.0499877929688,792.5,1123939
2015-04-27,675.0973510742188,744.7999877929688,775.0,740.5499877929688,775.0,1625216
2015-04-28,693.8148803710938,765.4500122070312,768.6500244140625,730.0,741.9500122070312,2052761
2015-04-29,683.7988891601562,754.4000244140625,763.0999755859375,750.0,763.0999755859375,1445757
2015-04-30,691.0955810546875,762.4500122070312,770.8499755859375,747.2000122070312,749.2999877929688,2260678
2015-05-04,706.4594116210938,779.4000244140625,781.5,764.0,769.8499755859375,1071772
2015-05-05,708.2720947265625,781.4000244140625,784.8499755859375,768.6500244140625,780.0,952716
2015-05-06,689.645263671875,760.8499755859375,779.0,750.1500244140625,779.0,1616619
2015-05-07,694.0866088867188,765.75,773.4500122070312,734.8499755859375,753.2999877929688,1718402
2015-05-08,688.3311157226562,759.4000244140625,774.4000244140625,752.75,773.0,1127201
2015-05-11,699.4346313476562,771.6500244140625,776.2000122070312,751.9000244140625,768.0,976348
2015-05-12,687.37939453125,758.3499755859375,772.8499755859375,754.0,772.7999877929688,1137027
2015-05-13,691.1409301757812,762.5,775.0,759.0,759.0499877929688,839420
2015-05-14,721.9136352539062,796.4500122070312,803.0,755.0,762.0,1975784
2015-05-15,716.3391723632812,790.2999877929688,818.0,785.0,802.0,1503598
2015-05-18,694.9932250976562,766.75,818.0,762.0,796.8499755859375,6759860
2015-05-19,702.2443237304688,774.75,779.2999877929688,750.0,758.0,3903935
2015-05-20,699.026611328125,771.2000122070312,777.9500122070312,764.1500244140625,775.6500244140625,1793967
2015-05-21,704.4651489257812,777.2000122070312,779.7999877929688,766.0499877929688,770.0,1678041
2015-05-22,702.833740234375,775.4000244140625,779.7999877929688,771.2000122070312,775.0,1039136
2015-05-25,690.5969848632812,761.9000244140625,778.75,754.4000244140625,775.9500122070312,1282826
2015-05-26,692.0471801757812,763.5,769.0,755.5499877929688,762.0999755859375,906103
2015-05-27,688.195068359375,759.25,762.0499877929688,754.4000244140625,762.0,792609
2015-05-28,695.5369873046875,767.3499755859375,771.0,758.5,760.1500244140625,1051538
2015-05-29,713.3934326171875,787.0499877929688,795.0,768.0,768.5,2583950
2015-06-01,715.8406982421875,789.75,794.7000122070312,786.2999877929688,787.7999877929688,713447
2015-06-02,688.1497192382812,759.2000122070312,794.2999877929688,756.0,789.0999755859375,1014316
2015-06-03,691.322265625,762.7000122070312,767.0,750.0,763.0,867736
2015-06-04,688.51220703125,759.5999755859375,766.0,751.7999877929688,763.9000244140625,820596
2015-06-05,687.7872924804688,758.7999877929688,765.5999755859375,752.0,759.0,830300
2015-06-08,677.9978637695312,748.0,760.0,745.0,759.0,795683
2015-06-09,666.8489990234375,735.7000122070312,751.2000122070312,730.0,744.7999877929688,998511
2015-06-10,669.97607421875,739.1500244140625,745.0999755859375,734.5999755859375,736.0,803748
2015-06-11,642.1038208007812,708.4000244140625,743.7000122070312,702.5,739.2000122070312,1453089
2015-06-12,639.6112670898438,705.6500244140625,722.7999877929688,702.0,709.0,1168519
2015-06-15,633.1755981445312,698.5499877929688,719.4000244140625,696.4000244140625,714.75,1244078
2015-06-16,638.976806640625,704.9500122070312,706.0,693.0,700.9500122070312,2765685
2015-06-17,644.1433715820312,710.6500244140625,719.2000122070312,705.0,708.0,2215497
2015-06-18,660.7305908203125,728.9500122070312,734.3499755859375,718.9500122070312,718.9500122070312,1908157
2015-06-19,670.7463989257812,740.0,744.9000244140625,729.75,733.7999877929688,1783890
2015-06-22,677.7260131835938,747.7000122070312,751.5499877929688,732.5,744.6500244140625,1350579
2015-06-23,685.7022705078125,756.5,760.0,741.6500244140625,750.0,980083
2015-06-24,687.024169921875,753.6500244140625,759.7999877929688,739.2000122070312,751.9000244140625,2982650
2015-06-25,683.8793334960938,750.2000122070312,759.7999877929688,745.0999755859375,753.0,1858338
2015-06-26,683.9249267578125,750.25,754.9000244140625,743.7999877929688,744.0999755859375,764357
2015-06-29,671.57275390625,736.7000122070312,743.0,727.5,743.0,1100309
2015-06-30,688.5739135742188,755.3499755859375,759.5,737.0,737.0,1348105
2015-07-01,693.5420532226562,760.7999877929688,765.5999755859375,755.0999755859375,757.4500122070312,1025215
2015-07-02,695.45654296875,762.9000244140625,772.5,761.0999755859375,763.0999755859375,973819
2015-07-03,704.3900146484375,772.7000122070312,778.4000244140625,758.4000244140625,762.0,1068877
2015-07-06,714.2809448242188,783.5499877929688,786.1500244140625,762.0,765.0,652931
2015-07-07,751.7019653320312,824.5999755859375,827.9000244140625,790.0499877929688,793.0,2464459
2015-07-08,731.3278198242188,802.25,835.0,797.3499755859375,819.7999877929688,1933525
2015-07-09,726.4962768554688,796.9500122070312,814.9000244140625,795.0,810.0,613555
2015-07-10,724.9921875,795.2999877929688,806.0,781.7000122070312,806.0,1027281
2015-07-13,745.366455078125,817.6500244140625,821.2000122070312,803.2999877929688,805.2000122070312,1275702
2015-07-14,749.969970703125,822.7000122070312,827.7999877929688,810.2999877929688,823.0,780973
2015-07-15,763.7804565429688,837.8499755859375,840.5,823.25,826.5,1095558
2015-07-16,773.0789184570312,848.0499877929688,854.2999877929688,843.2999877929688,853.0,1169553
2015-07-17,752.4312133789062,825.4000244140625,852.4000244140625,823.75,851.7999877929688,1089597
2015-07-20,776.9530029296875,852.2999877929688,855.9500122070312,827.25,830.0,1437246
2015-07-21,743.9078369140625,816.0499877929688,869.7000122070312,811.0999755859375,853.0,4611552
2015-07-22,768.748779296875,843.2999877929688,845.0,820.0,820.0,2035530
2015-07-23,771.665771484375,846.5,851.7999877929688,836.0999755859375,846.0,1188579
2015-07-24,773.9448852539062,849.0,856.0,845.0,852.0,1132540
2015-07-27,777.7280883789062,853.1500244140625,859.5999755859375,836.0,847.0,1153262
2015-07-28,761.3192138671875,835.1500244140625,858.2000122070312,825.0,857.0,1009835
2015-07-29,771.9850463867188,846.8499755859375,852.7999877929688,826.25,834.4000244140625,1010065
2015-07-30,781.739013671875,857.5499877929688,866.4500122070312,847.5,848.0,1318726
2015-07-31,804.7567138671875,882.7999877929688,885.0,855.1500244140625,864.5,1842105
2015-08-03,799.9254150390625,877.5,888.0,875.0,880.0,763822
2015-08-04,825.6324462890625,905.7000122070312,908.8499755859375,878.1500244140625,884.0,2178289
2015-08-05,841.676513671875,923.2999877929688,926.7999877929688,885.75,905.0,2003128
2015-08-06,835.1129760742188,916.0999755859375,924.5,910.0999755859375,920.0,923303
2015-08-07,819.2056274414062,898.6500244140625,924.4000244140625,895.2000122070312,911.0,1416068
2015-08-10,822.3963012695312,902.1500244140625,916.25,895.4000244140625,903.5,732357
2015-08-11,805.3037109375,883.4000244140625,906.9500122070312,881.0,905.0,1091087
2015-08-12,794.3190307617188,871.3499755859375,895.5,867.0,890.0,721554
2015-08-13,797.0537719726562,874.3499755859375,886.9500122070312,862.3499755859375,872.1500244140625,1251179
2015-08-14,816.1062622070312,895.25,900.0,879.5499877929688,880.0,880842
2015-08-17,820.48193359375,900.0499877929688,907.25,895.0,903.5,577133
2015-08-18,821.666748046875,901.3499755859375,914.9000244140625,891.9000244140625,906.9500122070312,622790
2015-08-19,820.2083129882812,899.75,902.5999755859375,881.5999755859375,898.5,618923
2015-08-20,805.1215209960938,883.2000122070312,914.25,879.5499877929688,905.0,1404599
2015-08-21,808.3576049804688,886.75,893.0,864.0,875.0,905933
2015-08-24,763.4614868164062,837.5,877.2000122070312,825.5,858.0,1176140
2015-08-25,776.8164672851562,852.1500244140625,866.0,811.75,850.0,1329631
2015-08-26,776.588623046875,851.9000244140625,868.0999755859375,847.0,851.0,1265081
2015-08-27,779.4144897460938,855.0,865.0,850.5,860.0,1335712
2015-08-28,782.3770751953125,858.25,874.0999755859375,850.0,866.8499755859375,1077558
2015-08-31,773.5801391601562,848.5999755859375,862.75,845.0499877929688,857.0,1260477
2015-09-01,746.6881103515625,819.0999755859375,844.0999755859375,802.7999877929688,844.0,1438466
2015-09-02,734.746337890625,806.0,830.0,799.1500244140625,829.9000244140625,1500676
2015-09-03,753.5250854492188,826.5999755859375,833.0,806.5,815.0,887079
2015-09-04,740.9906616210938,812.8499755859375,824.0,792.0,824.0,1101752
2015-09-07,718.3374633789062,788.0,819.9500122070312,785.0499877929688,815.0,874378
2015-09-08,721.5281372070312,791.5,800.0,778.0,791.0999755859375,1489813
2015-09-09,748.5570068359375,821.1500244140625,822.9000244140625,796.0,800.0,1412900
2015-09-10,736.5238647460938,807.9500122070312,817.0,800.2999877929688,817.0,887236
2015-09-11,743.9990234375,816.1500244140625,824.9000244140625,810.5499877929688,815.0,1034469
2015-09-14,765.9683837890625,840.25,842.4000244140625,819.0,822.0,1115176
2015-09-15,757.6273193359375,831.0999755859375,848.0,823.5999755859375,840.0999755859375,832597
2015-09-16,751.1093139648438,823.9500122070312,840.0,818.0999755859375,840.0,665278
2015-09-18,766.6976318359375,841.0499877929688,849.9000244140625,824.0,826.0,1139255
2015-09-21,756.3510131835938,829.7000122070312,838.2999877929688,824.0,838.2999877929688,688544
2015-09-22,733.5610961914062,804.7000122070312,839.4000244140625,802.0999755859375,831.2000122070312,826254
2015-09-23,723.8982543945312,794.0999755859375,804.0,786.0999755859375,795.0999755859375,1281278
2015-09-24,735.0651245117188,806.3499755859375,814.0,785.3499755859375,794.9000244140625,1503108
2015-09-28,724.21728515625,794.4500122070312,813.0,790.0499877929688,810.0,739132
2015-09-29,733.6525268554688,804.7999877929688,809.9000244140625,780.0,783.0,1366194
2015-09-30,767.1990356445312,841.5999755859375,844.9000244140625,807.9000244140625,808.0,1734244
2015-10-01,765.42138671875,839.6500244140625,849.0,836.1500244140625,845.7999877929688,633622
2015-10-05,779.779052734375,855.4000244140625,856.9500122070312,842.4000244140625,843.0,882680
2015-10-06,778.2293701171875,853.7000122070312,864.0999755859375,849.7000122070312,859.9000244140625,779669
2015-10-07,788.575927734375,865.0499877929688,868.0,852.2000122070312,855.0,983606
2015-10-08,796.8715209960938,874.1500244140625,879.9500122070312,860.0,865.0,952597
2015-10-09,778.3206787109375,853.7999877929688,884.2999877929688,846.2000122070312,876.5,1362132
2015-10-12,783.2888793945312,859.25,865.0,846.0499877929688,857.0,773525
2015-10-13,788.849365234375,865.3499755859375,867.7999877929688,857.25,862.7000122070312,800729
2015-10-14,786.0235595703125,862.25,869.5,860.0499877929688,863.9000244140625,404366
2015-10-15,793.1337890625,870.0499877929688,878.25,864.2000122070312,866.0,623054
2015-10-16,804.4833374023438,882.5,885.2000122070312,865.5999755859375,871.9500122070312,658119
2015-10-19,801.5205688476562,879.25,892.4000244140625,867.0,882.5,1247569
2015-10-20,798.0565795898438,875.4500122070312,888.9000244140625,872.5499877929688,874.0,1806905
2015-10-21,780.5538940429688,856.25,881.5499877929688,847.9500122070312,874.0,1442218
2015-10-23,782.6961669921875,858.5999755859375,866.0999755859375,850.4000244140625,863.0,2540806
2015-10-26,745.411865234375,817.7000122070312,844.0,811.2000122070312,830.0499877929688,3455887
2015-10-27,753.98095703125,827.0999755859375,829.9000244140625,818.0,818.0,1247705
2015-10-28,757.1342163085938,828.3499755859375,838.0,823.5999755859375,829.5,1108455
2015-10-29,758.0482788085938,829.3499755859375,834.7999877929688,820.4000244140625,831.0,1500496
2015-10-30,759.2366333007812,830.6500244140625,840.0,826.4000244140625,835.5999755859375,810491
2015-11-02,758.7338256835938,830.0999755859375,837.0,825.5,831.0,716702
2015-11-03,744.20068359375,814.2000122070312,832.7000122070312,812.0499877929688,832.0,1599110
2015-11-04,733.2325439453125,802.2000122070312,822.5,800.5499877929688,814.5,1783909
2015-11-05,736.5686645507812,805.8499755859375,811.5,797.1500244140625,807.0,1016171
2015-11-06,732.3182983398438,801.2000122070312,816.0,800.0,808.5499877929688,918564
2015-11-09,746.211669921875,816.4000244140625,818.4000244140625,784.25,790.9000244140625,1163084
2015-11-10,729.2108154296875,797.7999877929688,816.0,796.7999877929688,814.7000122070312,751899
2015-11-13,731.5874633789062,800.4000244140625,808.0,792.5,807.0,765985
2015-11-16,732.0899658203125,800.9500122070312,809.9500122070312,795.2000122070312,796.0,604535
2015-11-17,738.2140502929688,807.6500244140625,813.25,800.3499755859375,807.4500122070312,500272
2015-11-18,751.1016235351562,821.75,824.5,807.0,807.9500122070312,1253226
2015-11-19,752.8841552734375,823.7000122070312,833.7999877929688,819.0999755859375,827.0,1038035
2015-11-20,757.9114379882812,829.2000122070312,831.7999877929688,818.5499877929688,821.4000244140625,712339
2015-11-23,777.1972045898438,850.2999877929688,852.0,835.0,838.2000122070312,1475762
2015-11-24,782.9556884765625,856.5999755859375,861.75,846.2000122070312,850.0,771337
2015-11-26,787.754150390625,861.8499755859375,865.9500122070312,851.7999877929688,861.0,678200
2015-11-27,785.240478515625,859.0999755859375,864.0,852.0,862.5999755859375,444323
2015-11-30,766.4116821289062,838.5,859.0,834.0,859.0,1679737
2015-12-01,771.9873046875,844.5999755859375,848.0,831.6500244140625,843.0,720255
2015-12-02,775.5977172851562,848.5499877929688,867.2000122070312,844.7999877929688,847.9500122070312,980956
2015-12-03,769.9765625,842.4000244140625,849.2000122070312,839.0,849.0,540473
2015-12-04,762.9383544921875,834.7000122070312,841.5,829.4500122070312,841.5,779530
2015-12-07,796.5289306640625,871.4500122070312,873.8499755859375,841.0,842.0,1602605
2015-12-08,786.7488403320312,860.75,877.4000244140625,857.2000122070312,874.0499877929688,1058074
2015-12-09,767.7827758789062,840.0,866.4500122070312,836.9500122070312,866.4500122070312,751034
2015-12-10,785.3320922851562,859.2000122070312,861.2000122070312,842.2000122070312,844.5,636140
2015-12-11,784.6008911132812,858.4000244140625,863.5499877929688,848.75,860.9500122070312,780634
2015-12-14,800.1849975585938,875.4500122070312,878.4000244140625,853.0,860.0,889790
2015-12-15,803.0185546875,878.5499877929688,880.0,866.4500122070312,878.5,861784
2015-12-16,792.004638671875,866.5,883.9500122070312,859.0999755859375,880.0,900351
2015-12-17,800.7792358398438,876.0999755859375,878.5,864.0,871.5,716229
2015-12-18,803.8411254882812,879.4500122070312,885.9000244140625,868.0,874.5,1098597
2015-12-21,798.402587890625,873.5,884.0,866.7000122070312,879.0,896692
2015-12-22,805.2122802734375,880.9500122070312,887.0,873.5499877929688,874.0,663204
2015-12-23,803.3841552734375,878.9500122070312,883.9500122070312,874.75,882.9500122070312,350212
2015-12-24,805.9890747070312,881.7999877929688,883.9000244140625,873.5499877929688,880.5,403140
2015-12-28,805.303466796875,881.0499877929688,886.25,876.75,882.0,633270
2015-12-29,804.435302734375,880.0999755859375,885.0,878.5999755859375,883.7000122070312,602111
2015-12-30,802.6529541015625,878.1500244140625,883.0,875.0,881.1500244140625,450359
2015-12-31,807.588623046875,883.5499877929688,886.9500122070312,875.0,879.9500122070312,526825
2016-01-01,803.2013549804688,878.75,885.5999755859375,876.9000244140625,882.0,294006
2016-01-04,805.0750122070312,880.7999877929688,892.4500122070312,871.7000122070312,876.2000122070312,709103
2016-01-05,823.2183837890625,900.6500244140625,905.0,881.2999877929688,881.2999877929688,1372748
2016-01-06,810.1937255859375,886.4000244140625,911.9000244140625,884.0,904.5,1716479
2016-01-07,797.3516235351562,872.3499755859375,891.5499877929688,869.0,883.0,990333
2016-01-08,799.4080810546875,874.5999755859375,881.9500122070312,866.5999755859375,879.0,886022
2016-01-11,798.72265625,873.8499755859375,884.0,861.5999755859375,870.0,801102
2016-01-12,797.854248046875,872.9000244140625,885.5,870.2000122070312,882.0,998419
2016-01-13,793.8782348632812,868.5499877929688,883.5,850.0499877929688,879.9500122070312,901426
2016-01-14,812.935791015625,889.4000244140625,897.0,851.0999755859375,863.5,2296682
2016-01-15,803.6583862304688,879.25,894.9500122070312,874.2999877929688,893.0,1301590
2016-01-18,777.1972045898438,850.2999877929688,893.0,841.6500244140625,890.0,2335330
2016-01-19,772.8556518554688,845.5499877929688,868.4000244140625,826.0,867.9000244140625,2443365
2016-01-20,768.1026000976562,840.3499755859375,856.0,830.0,834.0,2247202
2016-01-21,771.8502197265625,844.4500122070312,856.0,841.0,850.0,1138753
2016-01-22,795.1578369140625,869.9500122070312,873.4000244140625,849.2000122070312,853.0,1774017
2016-01-25,803.0641479492188,878.5999755859375,882.0,868.1500244140625,870.0,1794107
2016-01-27,784.7378540039062,858.5499877929688,881.7999877929688,855.1500244140625,880.0,969509
2016-01-28,785.1036987304688,858.9500122070312,865.0,852.1500244140625,854.0,1392051
2016-01-29,795.1123046875,869.9000244140625,875.0,859.0,864.0,1320575
2016-02-01,811.1076049804688,887.4000244140625,890.0,871.2999877929688,874.2000122070312,786217
2016-02-02,806.6290283203125,882.5,894.75,878.0,889.9000244140625,920875
2016-02-03,789.4453125,863.7000122070312,883.9500122070312,859.0499877929688,876.2000122070312,540771
2016-02-04,812.8899536132812,889.3499755859375,895.9500122070312,865.0,865.0,1658831
2016-02-05,821.93896484375,899.25,903.4500122070312,886.4000244140625,889.0,1739178
2016-02-08,812.20458984375,888.5999755859375,907.5,886.0,903.0,783143
2016-02-09,808.1827392578125,884.2000122070312,894.2999877929688,878.5,884.9000244140625,636386
2016-02-10,801.1904907226562,876.5499877929688,889.0,866.5,888.5,707101
2016-02-11,782.1329956054688,855.7000122070312,874.75,852.0,874.75,1004015
2016-02-12,781.4019165039062,854.9000244140625,873.25,846.5,860.0,1089266
2016-02-15,784.8751220703125,858.7000122070312,872.2000122070312,853.0,866.0,703958
2016-02-16,768.0570678710938,840.2999877929688,860.1500244140625,836.0999755859375,855.0499877929688,985215
2016-02-17,782.4072265625,856.0,858.9500122070312,827.0999755859375,844.0,1171983
2016-02-18,763.441162109375,835.25,863.7999877929688,830.5999755859375,862.0,997874
2016-02-19,781.218994140625,854.7000122070312,856.9000244140625,829.0,834.9500122070312,799360
2016-02-22,795.9804077148438,870.8499755859375,873.2000122070312,854.0,856.0,609601
2016-02-23,801.693115234375,877.0999755859375,879.9000244140625,866.1500244140625,871.0,1438921
2016-02-24,805.9890747070312,881.7999877929688,885.75,875.0,879.0,1289097
2016-02-25,787.6170654296875,861.7000122070312,884.9000244140625,858.7000122070312,880.5,1326303
2016-02-26,788.3941040039062,862.5499877929688,874.0,854.2000122070312,868.0,536753
2016-02-29,773.3582763671875,846.0999755859375,868.9500122070312,841.5999755859375,864.0999755859375,890886
2016-03-01,796.9859008789062,871.9500122070312,874.6500244140625,850.0,852.5999755859375,1161059
2016-03-02,796.8944091796875,871.8499755859375,880.9500122070312,866.5,876.0,808137
2016-03-03,804.5723876953125,880.25,896.5,871.75,874.4000244140625,1061326
2016-03-04,791.3646240234375,865.7999877929688,890.0999755859375,858.4000244140625,886.5999755859375,1039977
2016-03-08,800.4134521484375,875.7000122070312,881.7999877929688,858.0499877929688,867.9000244140625,1174011
2016-03-09,800.8705444335938,876.2000122070312,888.7999877929688,869.8499755859375,876.0,1401934
2016-03-10,817.8258056640625,894.75,896.0,870.0,870.0,810951
2016-03-11,821.1162109375,898.3499755859375,903.7000122070312,891.5499877929688,900.0,1043602
2016-03-14,822.0302734375,899.3499755859375,903.2000122070312,888.5999755859375,898.0,788258
2016-03-15,808.5484619140625,884.5999755859375,906.5,876.1500244140625,903.0,954046
2016-03-16,790.5419311523438,864.9000244140625,882.0,862.0999755859375,880.2999877929688,1456263
2016-03-17,797.5342407226562,872.5499877929688,876.0,865.0999755859375,870.0,965277
2016-03-18,800.0936279296875,875.3499755859375,877.9000244140625,859.9500122070312,871.0,1072444
2016-03-21,785.7432861328125,859.6500244140625,875.0,852.4000244140625,873.25,1484160
2016-03-22,779.9849853515625,853.3499755859375,860.0,846.0499877929688,860.0,1746522
2016-03-23,776.9230346679688,850.0,856.9000244140625,846.25,853.3499755859375,917099
2016-03-28,772.718505859375,845.4000244140625,857.4500122070312,842.7000122070312,850.0,1722071
2016-03-29,782.4986572265625,856.0999755859375,860.0,845.0,847.4000244140625,1101097
2016-03-30,806.0347290039062,881.8499755859375,885.0,861.8499755859375,864.0,1470782
2016-03-31,793.7412109375,868.4000244140625,884.25,865.0999755859375,880.5,1682214
2016-04-01,795.2035522460938,870.0,883.9500122070312,865.0,871.0,853331
2016-04-04,809.9652099609375,886.1500244140625,888.5,865.25,874.0,662760
2016-04-05,795.0665283203125,869.8499755859375,885.4000244140625,862.0,885.4000244140625,762479
2016-04-06,789.07958984375,863.2999877929688,875.0,860.6500244140625,869.7000122070312,451307
2016-04-07,784.4637451171875,858.25,869.0,855.0499877929688,864.0,449770
2016-04-08,778.3397216796875,851.5499877929688,861.4500122070312,849.5999755859375,860.0,448087
2016-04-11,786.063232421875,860.0,861.9000244140625,842.75,850.0,651373
2016-04-12,792.3701782226562,866.9000244140625,870.0,859.5,861.7999877929688,433486
2016-04-13,799.1796264648438,874.3499755859375,876.0,866.0,870.5,692424
2016-04-18,809.0968017578125,885.2000122070312,886.5499877929688,875.0,884.25,685762
2016-04-20,809.6452026367188,885.7999877929688,887.75,875.25,885.0,778272
2016-04-21,812.7072143554688,889.1500244140625,895.0,885.0999755859375,890.0,702226
2016-04-22,796.6201171875,871.5499877929688,893.7000122070312,869.4000244140625,885.7000122070312,692414
2016-04-25,787.662841796875,861.75,870.4000244140625,856.0,870.4000244140625,587700
2016-04-26,801.5104370117188,876.9000244140625,880.0,859.0499877929688,864.2000122070312,694778
2016-04-27,813.3469848632812,889.8499755859375,891.0,871.0,875.7000122070312,553126
2016-04-28,798.037109375,873.0999755859375,894.5,870.0,889.8499755859375,1013142
2016-04-29,791.7760620117188,866.25,876.0,861.6500244140625,873.0,955985
2016-05-02,790.45068359375,864.7999877929688,867.5,860.6500244140625,864.0,199724
2016-05-03,797.0315551757812,872.0,886.9000244140625,865.4000244140625,869.5,1073196
2016-05-04,798.4940795898438,873.5999755859375,879.0,864.0,872.0,469904
2016-05-05,792.5071411132812,867.0499877929688,875.4500122070312,862.4500122070312,874.0999755859375,402567
2016-05-06,812.6156005859375,889.0499877929688,890.0,861.5,863.9500122070312,1249025
2016-05-09,828.656982421875,906.5999755859375,913.9000244140625,893.6500244140625,894.9500122070312,1355429
2016-05-10,821.1162109375,898.3499755859375,908.25,893.4500122070312,904.9500122070312,1034271
2016-05-11,829.7993774414062,907.8499755859375,919.0,887.5,892.0,2228431
2016-05-12,848.9483032226562,928.7999877929688,933.9000244140625,917.2000122070312,920.0,2382775
2016-05-13,862.521728515625,943.6500244140625,948.0,927.5999755859375,928.75,2285317
2016-05-16,870.7479858398438,952.6500244140625,957.7999877929688,945.0,948.9500122070312,1913343
2016-05-17,886.286376953125,969.6500244140625,972.0,947.75,953.5,1770437
2016-05-18,880.4365234375,963.25,971.0,952.4500122070312,969.0,1273835
2016-05-19,874.5411376953125,956.7999877929688,968.8499755859375,952.0499877929688,968.8499755859375,1251713
2016-05-20,873.8099365234375,956.0,963.0,950.75,956.0,972841
2016-05-23,865.2179565429688,946.5999755859375,960.0,943.6500244140625,959.9000244140625,726047
2016-05-24,874.0382080078125,956.25,962.4000244140625,941.7000122070312,952.4000244140625,490332
2016-05-25,897.8030395507812,982.25,985.0,962.7999877929688,963.1500244140625,815313
2016-05-26,906.57763671875,991.8499755859375,999.5,973.4500122070312,988.5499877929688,1410903
2016-05-27,912.4275512695312,998.25,1001.7999877929688,986.4500122070312,991.9000244140625,1105534
2016-05-30,900.2254638671875,984.9000244140625,1004.25,978.4500122070312,994.0,1487177
2016-05-31,900.1796264648438,984.8499755859375,995.5,980.7000122070312,988.0,1151373
2016-06-01,933.8615112304688,1021.7000122070312,1025.0,989.0499877929688,989.0499877929688,2068760
2016-06-02,936.009521484375,1024.050048828125,1029.0,996.5499877929688,1007.0,2420319
2016-06-03,937.1520385742188,1025.300048828125,1032.0999755859375,1013.5,1023.5,2045789
2016-06-06,938.0661010742188,1026.300048828125,1032.3499755859375,1016.5999755859375,1017.0999755859375,1574228
2016-06-07,943.9615478515625,1032.75,1037.449951171875,1024.5999755859375,1025.3499755859375,755934
2016-06-08,930.5253295898438,1018.0499877929688,1029.0,1011.25,1029.0,933533
2016-06-09,912.9301147460938,998.7999877929688,1019.0,995.7000122070312,1018.0,1024252
2016-06-10,906.7606201171875,992.0499877929688,999.0,989.5999755859375,994.9500122070312,1313970
2016-06-13,909.3656616210938,994.9000244140625,996.5,985.0999755859375,987.0,808571
2016-06-14,901.687744140625,986.5,999.0,978.5999755859375,995.0,699283
2016-06-15,912.564697265625,998.4000244140625,1002.0,986.0,986.0,731016
2016-06-16,924.9238891601562,1006.5499877929688,1009.0,986.2000122070312,993.75,740810
2016-06-17,918.5374145507812,999.5999755859375,1014.8499755859375,994.0,1010.0,365441
2016-06-20,911.0943603515625,991.5,997.0,986.25,994.9500122070312,627622
2016-06-21,902.4107666015625,982.0499877929688,991.0,977.2000122070312,990.0,712870
2016-06-22,905.5350952148438,985.4500122070312,989.4500122070312,978.5,980.0,507154
2016-06-23,904.2944946289062,984.0999755859375,990.0,980.2999877929688,986.0999755859375,678141
2016-06-24,909.3024291992188,989.5499877929688,993.0,963.5999755859375,974.0999755859375,777600
2016-06-27,895.2892456054688,974.2999877929688,992.9500122070312,970.25,970.25,662651
2016-06-28,900.710693359375,980.2000122070312,985.0,975.3499755859375,981.0,822749
2016-06-29,913.5755004882812,994.2000122070312,999.2999877929688,978.25,978.25,711457
2016-06-30,921.9373168945312,1003.2999877929688,1009.0,996.0499877929688,1004.8499755859375,1039352
2016-07-01,921.2023315429688,1002.5,1011.0999755859375,995.4500122070312,1002.7999877929688,1314022
2016-07-04,919.2727661132812,1000.4000244140625,1017.0499877929688,998.2000122070312,1008.0,884699
2016-07-05,905.2133178710938,985.0999755859375,1004.8499755859375,983.3499755859375,1003.0,523870
2016-07-07,907.6024169921875,987.7000122070312,997.0,985.0,989.3499755859375,757053
2016-07-08,928.7374267578125,1010.7000122070312,1013.9000244140625,988.1500244140625,992.9000244140625,1200518
2016-07-11,943.53173828125,1026.800048828125,1033.0,1017.8499755859375,1020.0,1082293
2016-07-12,937.69677734375,1020.4500122070312,1037.9000244140625,1016.7999877929688,1028.800048828125,1259777
2016-07-13,927.6346435546875,1009.5,1029.0,1006.4500122070312,1029.0,1319911
2016-07-14,935.0778198242188,1017.5999755859375,1025.5,1009.0,1010.2000122070312,754274
2016-07-15,942.7046508789062,1025.9000244140625,1031.5,1018.2000122070312,1018.2000122070312,671924
2016-07-18,945.0938110351562,1028.5,1044.9000244140625,1025.25,1027.0999755859375,721547
2016-07-19,947.1154174804688,1030.699951171875,1037.5,1021.2000122070312,1031.0,541334
2016-07-20,945.139892578125,1028.550048828125,1036.4000244140625,1020.0,1029.25,529012
2016-07-21,958.142333984375,1042.699951171875,1048.0,1026.550048828125,1029.800048828125,706661
2016-07-22,962.1395263671875,1047.050048828125,1054.0,1042.050048828125,1047.8499755859375,502766
2016-07-25,983.82568359375,1070.6500244140625,1074.4000244140625,1047.1500244140625,1049.300048828125,734354
2016-07-26,974.7285766601562,1060.75,1074.949951171875,1055.0,1072.0999755859375,562982
2016-07-27,975.6934204101562,1061.800048828125,1073.800048828125,1052.199951171875,1069.9000244140625,765267
2016-07-28,1036.5252685546875,1128.0,1153.800048828125,1068.0,1074.0,5831636
2016-07-29,1023.7980346679688,1114.1500244140625,1137.699951171875,1102.25,1127.5,1152956
2016-08-01,1030.00048828125,1120.9000244140625,1134.0,1115.050048828125,1119.5999755859375,864041
2016-08-02,1032.2520751953125,1123.3499755859375,1142.5,1118.6500244140625,1129.699951171875,832931
2016-08-03,1050.6761474609375,1143.4000244140625,1147.1500244140625,1124.050048828125,1132.449951171875,1130691
2016-08-04,1035.8817138671875,1127.300048828125,1154.5999755859375,1116.699951171875,1152.050048828125,1075876
2016-08-05,1050.630126953125,1143.3499755859375,1145.300048828125,1128.75,1131.0,543090
2016-08-08,1055.224365234375,1148.3499755859375,1153.0,1136.0,1153.0,407801
2016-08-09,1053.5247802734375,1146.5,1154.949951171875,1134.0,1153.5999755859375,541100
2016-08-10,1038.31689453125,1129.949951171875,1148.449951171875,1128.0999755859375,1142.0999755859375,788849
2016-08-11,1052.2381591796875,1145.0999755859375,1147.5,1118.5999755859375,1130.0,651399
2016-08-12,1045.2548828125,1137.5,1161.25,1125.4000244140625,1143.0,795382
2016-08-16,1038.0411376953125,1129.6500244140625,1147.800048828125,1126.9000244140625,1135.5,921462
2016-08-17,1023.2466430664062,1113.550048828125,1127.699951171875,1108.1500244140625,1115.0,742834
2016-08-18,1017.549560546875,1107.3499755859375,1119.75,1102.550048828125,1119.75,1263890
2016-08-19,1023.2006225585938,1113.5,1126.9000244140625,1101.3499755859375,1101.3499755859375,864966
2016-08-22,1023.5684814453125,1113.9000244140625,1121.0,1105.0,1121.0,827995
2016-08-23,1034.9171142578125,1126.25,1129.6500244140625,1108.1500244140625,1112.699951171875,684493
2016-08-24,1028.116943359375,1118.8499755859375,1130.199951171875,1115.5999755859375,1130.0,417969
2016-08-25,1016.2174072265625,1105.9000244140625,1126.5,1102.800048828125,1120.0999755859375,554850
2016-08-26,1032.2060546875,1123.300048828125,1127.550048828125,1091.050048828125,1106.25,869672
2016-08-29,1021.6846313476562,1111.8499755859375,1124.6500244140625,1104.1500244140625,1123.300048828125,452947
2016-08-30,1053.2489013671875,1146.199951171875,1148.0,1110.0,1115.0,674826
2016-08-31,1064.000244140625,1157.9000244140625,1173.9000244140625,1149.0,1157.0,1668417
2016-09-01,1063.126953125,1156.949951171875,1164.050048828125,1142.0,1159.8499755859375,621894
2016-09-02,1072.86767578125,1167.550048828125,1172.0,1151.300048828125,1158.949951171875,710106
2016-09-06,1106.49951171875,1204.1500244140625,1213.9000244140625,1170.5999755859375,1175.0,1131704
2016-09-07,1081.73486328125,1177.199951171875,1209.0,1170.699951171875,1208.0,1092266
2016-09-08,1086.6971435546875,1182.5999755859375,1190.0,1171.0,1179.0,888245
2016-09-09,1076.7271728515625,1171.75,1181.9000244140625,1168.0,1181.9000244140625,575102
2016-09-12,1060.9678955078125,1154.5999755859375,1163.0,1137.0,1156.3499755859375,465079
2016-09-14,1069.238037109375,1163.5999755859375,1178.949951171875,1150.0999755859375,1150.0999755859375,704633
2016-09-15,1078.381103515625,1173.550048828125,1175.5,1160.0,1170.0,616127
2016-09-16,1061.47314453125,1155.1500244140625,1181.25,1152.0,1173.5999755859375,1136226
2016-09-19,1069.238037109375,1163.5999755859375,1172.0,1157.199951171875,1157.199951171875,550698
2016-09-20,1070.570556640625,1165.050048828125,1173.699951171875,1162.5999755859375,1164.0,966451
2016-09-21,1075.67041015625,1170.5999755859375,1176.0,1165.9000244140625,1165.9000244140625,615798
2016-09-22,1095.3349609375,1192.0,1197.0,1175.0,1182.300048828125,913747
2016-09-23,1094.599853515625,1191.199951171875,1203.5,1185.0,1201.0,668223
2016-09-26,1087.0648193359375,1183.0,1195.0,1174.9000244140625,1195.0,817715
2016-09-27,1095.8404541015625,1192.550048828125,1203.0,1184.199951171875,1184.199951171875,532323
2016-09-28,1096.7135009765625,1193.5,1201.0,1188.0999755859375,1193.0,566690
2016-09-29,1072.683837890625,1167.3499755859375,1203.3499755859375,1160.0,1194.3499755859375,1125599
2016-09-30,1066.5728759765625,1160.699951171875,1179.949951171875,1156.0,1167.0,478253
2016-10-03,1096.2540283203125,1193.0,1199.0,1165.4000244140625,1170.0,747111
2016-10-04,1095.8404541015625,1192.550048828125,1203.0,1179.4000244140625,1202.0,503642
2016-10-05,1110.7266845703125,1208.75,1224.0,1185.0,1188.0,1080751
2016-10-06,1111.4156494140625,1209.5,1222.4000244140625,1201.699951171875,1210.0999755859375,746006
2016-10-07,1088.5350341796875,1184.5999755859375,1210.0,1180.800048828125,1208.0,873434
2016-10-10,1114.310302734375,1212.6500244140625,1219.0,1189.0,1189.0,570180
2016-10-13,1117.940185546875,1216.5999755859375,1227.300048828125,1208.8499755859375,1227.0,1391322
2016-10-14,1107.969970703125,1205.75,1220.0,1202.25,1216.0999755859375,354200
2016-10-17,1086.421630859375,1182.300048828125,1208.4000244140625,1178.5,1208.0999755859375,365921
2016-10-18,1079.2537841796875,1174.5,1193.3499755859375,1165.550048828125,1186.4000244140625,1339044
2016-10-19,1074.475830078125,1169.300048828125,1184.1500244140625,1163.25,1180.0,1201677
2016-10-20,1071.21337890625,1165.75,1177.0,1163.25,1175.0,448785
2016-10-21,1059.956787109375,1153.5,1172.9000244140625,1144.4000244140625,1172.9000244140625,948987
2016-10-24,1036.0654296875,1127.5,1162.0,1124.0999755859375,1161.1500244140625,1287073
2016-10-25,1047.322265625,1139.75,1158.300048828125,1117.0999755859375,1131.949951171875,3014876
2016-10-26,1032.0224609375,1123.0999755859375,1157.0,1113.9000244140625,1153.300048828125,1323248
2016-10-27,997.4255981445312,1085.449951171875,1134.4000244140625,1081.0,1133.0,1764517
2016-10-28,983.1364135742188,1069.9000244140625,1096.949951171875,1066.050048828125,1081.0,1732990
2016-11-01,991.8418579101562,1076.699951171875,1088.199951171875,1072.0,1077.0999755859375,983171
2016-11-02,978.9912109375,1062.75,1083.3499755859375,1055.3499755859375,1067.9000244140625,872573
2016-11-03,955.408935546875,1037.1500244140625,1075.0,1033.449951171875,1058.300048828125,1075107
2016-11-04,960.8441162109375,1043.050048828125,1054.800048828125,1035.0999755859375,1039.199951171875,976222
2016-11-07,955.5930786132812,1037.3499755859375,1059.5999755859375,1027.9000244140625,1048.0,829767
2016-11-08,973.6943969726562,1057.0,1060.0,1040.0,1044.75,780312
2016-11-09,968.1212158203125,1050.949951171875,1058.0999755859375,952.0,999.0,2005884
2016-11-10,931.5962524414062,1011.2999877929688,1060.0,1008.0,1056.0,1719037
2016-11-11,886.4579467773438,962.2999877929688,1004.9500122070312,958.0,1000.0,2665967
2016-11-15,820.5931396484375,890.7999877929688,970.9500122070312,869.0,970.9500122070312,5354021
2016-11-16,861.954345703125,935.7000122070312,945.9000244140625,903.0,917.5,3032067
2016-11-17,846.0640869140625,918.4500122070312,947.1500244140625,917.0,946.0,1310176
2016-11-18,836.621826171875,908.2000122070312,928.9500122070312,899.8499755859375,925.9000244140625,1335202
2016-11-21,829.0681762695312,900.0,918.0,891.75,918.0,1639425
2016-11-22,836.2073364257812,907.75,912.9500122070312,895.0,908.0,1678288
2016-11-23,867.8038940429688,942.0499877929688,946.4000244140625,912.0,915.9000244140625,2371811
2016-11-24,862.3228149414062,936.0999755859375,965.75,932.0499877929688,938.25,2908165
2016-11-25,870.9359130859375,945.4500122070312,953.2999877929688,938.7999877929688,943.9000244140625,1460489
2016-11-28,862.3228149414062,936.0999755859375,968.6500244140625,933.5,950.0,1335539
2016-11-29,883.0036010742188,958.5499877929688,967.0,935.2000122070312,940.4000244140625,2507536
2016-11-30,893.458984375,969.9000244140625,974.9000244140625,952.5499877929688,967.9500122070312,4460941
2016-12-01,865.1326293945312,939.1500244140625,968.0,936.0,967.0,1517103
2016-12-02,833.5357666015625,904.8499755859375,936.5,902.0,936.0,2139914
2016-12-05,863.750732421875,937.6500244140625,941.5999755859375,895.25,910.0,1881935
2016-12-06,860.5265502929688,934.1500244140625,944.7000122070312,924.1500244140625,940.9000244140625,889147
2016-12-07,858.7303466796875,932.2000122070312,948.5,928.2000122070312,936.0,809152
2016-12-08,862.3688354492188,936.1500244140625,947.5499877929688,929.7999877929688,941.9500122070312,1024529
2016-12-09,867.527587890625,941.75,953.9500122070312,935.0499877929688,942.0,1600112
2016-12-12,838.51025390625,910.25,937.1500244140625,909.0,931.2999877929688,1531811
2016-12-13,835.2860717773438,906.75,915.0,895.0,915.0,1572248
2016-12-14,842.287109375,914.3499755859375,923.2000122070312,908.0,908.0,944657
2016-12-15,831.8316040039062,903.0,916.75,901.7000122070312,909.6500244140625,958978
2016-12-16,828.9759521484375,899.9000244140625,911.9500122070312,898.0,911.9500122070312,1041676
2016-12-19,809.17041015625,878.4000244140625,902.0,875.0999755859375,901.4000244140625,1905631
2016-12-20,797.4713134765625,865.7000122070312,882.0,860.0499877929688,875.5,1811388
2016-12-21,797.3331909179688,865.5499877929688,876.5,861.5499877929688,867.2000122070312,1321988
2016-12-22,801.708740234375,870.2999877929688,874.2999877929688,851.0999755859375,865.5499877929688,1472349
2016-12-23,805.1171875,874.0,885.0,861.5,875.0,1325637
2016-12-26,799.406005859375,867.7999877929688,885.0,860.0,874.0,1313467
2016-12-27,806.9595336914062,876.0,877.7999877929688,863.4000244140625,871.9000244140625,846898
2016-12-28,806.683349609375,875.7000122070312,890.0,869.5499877929688,876.0,1093720
2016-12-29,810.6903076171875,880.0499877929688,887.0,877.0,879.0,1203203
2016-12-30,820.8235473632812,891.0499877929688,895.0,882.5,884.9500122070312,935476
2017-01-02,833.3515625,904.6500244140625,907.5,882.25,893.0,1031421
2017-01-03,825.93603515625,896.5999755859375,910.0,893.4500122070312,910.0,2068282
2017-01-04,835.14794921875,906.5999755859375,914.5,897.0,901.9000244140625,1408241
2017-01-05,844.2677001953125,916.5,919.9000244140625,901.5,913.9000244140625,2569365
2017-01-06,856.2431640625,929.5,932.5,914.5999755859375,918.0,1717545
2017-01-09,838.3720092773438,910.0999755859375,933.0499877929688,906.0,932.0,1356124
2017-01-10,850.8080444335938,923.5999755859375,929.0,907.9500122070312,915.0,1735052
2017-01-11,860.9871826171875,934.6500244140625,940.5999755859375,921.5,926.5,1236472
2017-01-12,859.9738159179688,933.5499877929688,939.3499755859375,926.2999877929688,935.0,955700
2017-01-13,859.6975708007812,933.25,938.2000122070312,927.1500244140625,935.5499877929688,770385
2017-01-16,861.5399169921875,935.25,941.5499877929688,926.9000244140625,930.0,889759
2017-01-17,884.4775390625,960.1500244140625,963.5,937.0,940.0,1742445
2017-01-18,887.4251708984375,963.3499755859375,972.4500122070312,960.0,960.1500244140625,1216887
2017-01-19,886.8265380859375,962.7000122070312,965.75,954.4000244140625,965.0999755859375,770727
2017-01-20,890.9718627929688,967.2000122070312,977.8499755859375,954.1500244140625,960.2999877929688,2190366
2017-01-23,888.6688232421875,964.7000122070312,973.5499877929688,957.75,967.4000244140625,1206139
2017-01-24,896.7293090820312,973.4500122070312,979.8499755859375,953.5999755859375,963.5,1748158
2017-01-25,900.6444091796875,977.7000122070312,981.3499755859375,971.1500244140625,979.0,1128224
2017-01-27,893.1828002929688,969.5999755859375,989.5999755859375,964.0999755859375,979.7999877929688,1043635
2017-01-30,896.4990234375,973.2000122070312,979.0,963.0,969.0,572175
2017-01-31,894.1959838867188,970.7000122070312,977.5,964.0,972.7999877929688,603928
2017-02-01,912.8960571289062,991.0,1001.0499877929688,970.2000122070312,970.7000122070312,1241463
2017-02-02,911.0536499023438,989.0,995.0,981.9500122070312,989.4500122070312,1365514
2017-02-03,908.1980590820312,985.9000244140625,993.9000244140625,981.0499877929688,990.0,465754
2017-02-06,914.27783203125,992.5,1004.9500122070312,985.5,990.0999755859375,744278
2017-02-07,920.5419311523438,999.2999877929688,1003.9500122070312,990.2000122070312,992.0,577723
2017-02-08,919.0680541992188,997.7000122070312,1009.9000244140625,981.0,999.2999877929688,1192386
2017-02-09,923.8120727539062,1002.8499755859375,1005.0,991.0,999.0,493191
2017-02-10,914.7844848632812,993.0499877929688,1009.0,990.5,1005.9000244140625,479738
2017-02-13,907.138671875,984.75,1000.0,981.5,995.0,643641
2017-02-14,903.5000610351562,980.7999877929688,988.0499877929688,970.0,988.0,604108
2017-02-15,904.3291015625,981.7000122070312,986.9500122070312,976.0,981.2000122070312,600970
2017-02-16,893.458984375,969.9000244140625,989.5499877929688,967.75,985.0,932357
2017-02-17,885.0761108398438,960.7999877929688,973.4000244140625,955.5999755859375,973.0,1142332
2017-02-20,898.8480224609375,975.75,979.9500122070312,953.8499755859375,961.0,1092302
2017-02-21,913.3567504882812,991.5,993.9500122070312,976.2999877929688,977.7000122070312,885074
2017-02-22,939.8868408203125,1020.2999877929688,1025.75,993.9000244140625,995.0999755859375,2809160
2017-02-23,929.4774169921875,1009.0,1030.0,1005.3499755859375,1030.0,1580357
2017-02-27,922.983154296875,1001.9500122070312,1018.5499877929688,999.0,1010.0,738246
2017-02-28,943.4794921875,1024.199951171875,1026.800048828125,998.1500244140625,1003.0999755859375,1368244
2017-03-01,951.3555908203125,1032.75,1040.0,1026.050048828125,1030.0,1124115
2017-03-02,947.6708374023438,1028.75,1044.75,1026.4000244140625,1037.9000244140625,1037442
2017-03-03,933.8069458007812,1013.7000122070312,1027.050048828125,1006.0,1027.050048828125,596208
2017-03-06,948.2698364257812,1029.4000244140625,1033.800048828125,1016.0,1020.0,559268
2017-03-07,943.2491455078125,1023.9500122070312,1032.5999755859375,1020.5,1030.550048828125,429279
2017-03-08,941.9595336914062,1022.5499877929688,1034.75,1015.0,1024.0,1164247
2017-03-09,949.8355712890625,1031.0999755859375,1040.800048828125,1025.0,1028.5,827512
2017-03-10,949.0525512695312,1030.25,1037.199951171875,1024.0999755859375,1024.0999755859375,579487
2017-03-14,986.959716796875,1071.4000244140625,1077.800048828125,1040.5999755859375,1049.800048828125,1640301
2017-03-15,980.1886596679688,1064.050048828125,1075.5,1061.0999755859375,1068.0,619852
2017-03-16,1001.8367919921875,1087.550048828125,1089.5,1068.25,1071.25,1382416
2017-03-17,994.3750610351562,1079.449951171875,1092.199951171875,1075.0,1090.25,782439
2017-03-20,994.6055297851562,1079.699951171875,1083.0,1067.1500244140625,1081.800048828125,423077
2017-03-21,984.4723510742188,1068.699951171875,1084.949951171875,1063.449951171875,1081.949951171875,1431610
2017-03-22,974.4773559570312,1057.8499755859375,1064.1500244140625,1048.550048828125,1058.0,661176
2017-03-23,977.9319458007812,1061.5999755859375,1070.0,1054.0,1060.0,466635
2017-03-24,980.373046875,1064.25,1073.0,1061.050048828125,1062.800048828125,435183
2017-03-27,960.7056274414062,1042.9000244140625,1068.0,1039.949951171875,1068.0,833514
2017-03-28,974.4773559570312,1057.8499755859375,1061.949951171875,1045.0,1045.0,452398
2017-03-29,983.9194946289062,1068.0999755859375,1079.0,1057.8499755859375,1062.0,1345902
2017-03-30,985.7617797851562,1070.0999755859375,1074.699951171875,1062.0,1068.0999755859375,1171200
2017-03-31,988.8941040039062,1073.5,1079.5,1065.0,1070.0,937954
2017-04-03,1003.9554443359375,1089.8499755859375,1098.449951171875,1068.5,1074.699951171875,790370
2017-04-05,997.2308959960938,1082.550048828125,1094.6500244140625,1068.800048828125,1094.0,927397
2017-04-06,1001.2379760742188,1086.9000244140625,1089.0,1071.5,1078.4000244140625,690411
2017-04-07,997.5991821289062,1082.949951171875,1089.9000244140625,1073.0999755859375,1077.0,837821
2017-04-10,975.7208251953125,1059.199951171875,1080.449951171875,1057.050048828125,1078.4000244140625,757492
2017-04-11,987.9728393554688,1072.5,1076.75,1056.550048828125,1063.699951171875,731062
2017-04-12,986.0842895507812,1070.449951171875,1081.9000244140625,1063.0999755859375,1075.5,719256
2017-04-13,993.3158569335938,1078.300048828125,1081.4000244140625,1066.1500244140625,1070.449951171875,328677
2017-04-17,975.859130859375,1059.3499755859375,1080.0,1056.449951171875,1079.550048828125,506747
2017-04-18,958.4486694335938,1040.449951171875,1068.949951171875,1037.300048828125,1062.4000244140625,722855
2017-04-19,966.23291015625,1048.9000244140625,1056.0,1033.699951171875,1044.0,398732
2017-04-20,975.3526611328125,1058.800048828125,1062.75,1042.5,1056.0,493562
2017-04-21,981.478515625,1065.449951171875,1071.5,1054.199951171875,1065.9000244140625,701515
2017-04-24,985.6235961914062,1069.949951171875,1074.3499755859375,1063.699951171875,1066.0999755859375,363436
2017-04-25,1011.3711547851562,1097.9000244140625,1101.949951171875,1070.0,1074.699951171875,1060527
2017-04-26,1017.5886840820312,1104.6500244140625,1122.0,1092.75,1104.9000244140625,1870316
2017-04-27,1018.2340698242188,1105.3499755859375,1109.550048828125,1092.0,1104.9000244140625,666287
2017-04-28,1032.1436767578125,1120.449951171875,1124.949951171875,1105.3499755859375,1106.5999755859375,1012065
2017-05-02,1024.45166015625,1112.0999755859375,1137.5,1100.0,1123.0999755859375,1031522
2017-05-03,1030.7158203125,1118.9000244140625,1123.949951171875,1113.0,1116.0,476101
2017-05-04,1043.3363037109375,1132.5999755859375,1135.0,1117.5999755859375,1118.9000244140625,878814
2017-05-05,1056.4169921875,1146.800048828125,1160.0,1134.0,1135.0,1518367
2017-05-08,1075.3472900390625,1167.3499755859375,1173.0,1143.4000244140625,1150.0,672001
2017-05-09,1073.458984375,1165.300048828125,1176.8499755859375,1160.0999755859375,1172.449951171875,734416
2017-05-10,1067.0107421875,1158.300048828125,1182.0,1148.1500244140625,1167.0999755859375,1004939
2017-05-11,1074.518310546875,1166.449951171875,1178.9000244140625,1152.300048828125,1159.0,1003768
2017-05-12,1043.658935546875,1132.949951171875,1179.0,1127.0,1170.199951171875,2500503
2017-05-15,1057.568359375,1148.050048828125,1149.9000244140625,1135.0,1142.9000244140625,729473
2017-05-16,1052.7781982421875,1142.8499755859375,1149.699951171875,1129.5999755859375,1148.9000244140625,913600
2017-05-17,1063.9244384765625,1154.949951171875,1159.0,1136.550048828125,1143.0,579709
2017-05-18,1060.6083984375,1151.3499755859375,1159.800048828125,1140.0,1147.1500244140625,702003
2017-05-19,1034.6309814453125,1123.1500244140625,1144.800048828125,1098.800048828125,1139.8499755859375,1732673
2017-05-22,1024.8663330078125,1112.550048828125,1137.8499755859375,1104.0,1124.25,1058940
2017-05-23,1012.292236328125,1098.9000244140625,1126.550048828125,1091.449951171875,1119.949951171875,1374392
2017-05-24,1005.1987915039062,1091.199951171875,1107.050048828125,1080.5,1095.0,1551698
2017-05-25,1025.4652099609375,1113.199951171875,1125.0,1090.050048828125,1095.550048828125,1226634
2017-05-26,1043.1982421875,1132.449951171875,1148.800048828125,1124.0,1124.949951171875,915210
2017-05-29,1056.186767578125,1146.550048828125,1150.0,1125.0,1125.0,460152
2017-05-30,1068.0697021484375,1159.449951171875,1166.0999755859375,1147.0,1150.0,460978
2017-05-31,1060.4700927734375,1151.199951171875,1165.0,1144.550048828125,1159.0,1488564
2017-06-01,1068.9912109375,1160.449951171875,1162.0,1133.0999755859375,1150.0,578030
2017-06-02,1072.5377197265625,1164.300048828125,1174.9000244140625,1160.199951171875,1161.199951171875,437401
2017-06-05,1070.0042724609375,1161.550048828125,1176.4000244140625,1159.5,1165.0,425935
2017-06-06,1062.2664794921875,1153.1500244140625,1165.300048828125,1141.050048828125,1162.1500244140625,787798
2017-06-07,1069.9583740234375,1161.5,1168.0,1146.0,1154.0,531046
2017-06-08,1053.1925048828125,1143.300048828125,1174.800048828125,1140.199951171875,1174.800048828125,1202971
2017-06-09,1064.661376953125,1155.75,1157.5999755859375,1132.1500244140625,1145.0,559008
2017-06-12,1060.0096435546875,1150.699951171875,1158.6500244140625,1142.5999755859375,1154.4000244140625,649908
2017-06-13,1059.0882568359375,1149.699951171875,1154.25,1142.25,1151.199951171875,855507
2017-06-14,1058.99609375,1149.5999755859375,1152.8499755859375,1126.25,1151.0,931530
2017-06-15,1057.4661865234375,1140.300048828125,1150.0,1133.3499755859375,1148.0,1003963
2017-06-16,1062.1956787109375,1145.4000244140625,1149.800048828125,1128.449951171875,1142.699951171875,1184164
2017-06-19,1070.310302734375,1154.1500244140625,1158.0,1137.949951171875,1149.0,808994
2017-06-20,1065.9512939453125,1149.449951171875,1156.8499755859375,1144.5,1155.0999755859375,804319
2017-06-21,1071.469482421875,1155.4000244140625,1160.4000244140625,1149.9000244140625,1158.0,553929
2017-06-22,1078.0999755859375,1162.550048828125,1171.0,1156.5999755859375,1157.0,651018
2017-06-23,1069.846435546875,1153.6500244140625,1164.5,1146.0999755859375,1163.0,596082
2017-06-27,1051.7633056640625,1134.1500244140625,1168.3499755859375,1130.0,1157.0,484244
2017-06-28,1028.578857421875,1109.1500244140625,1128.8499755859375,1099.0,1125.0,930404
2017-06-29,1024.31298828125,1104.550048828125,1126.949951171875,1100.0,1112.0,460382
2017-06-30,1022.82958984375,1102.949951171875,1112.0,1083.300048828125,1099.949951171875,617697
2017-07-03,1038.8724365234375,1120.25,1123.449951171875,1104.199951171875,1107.0,512386
2017-07-04,1028.0225830078125,1108.550048828125,1126.449951171875,1106.800048828125,1123.800048828125,549148
2017-07-05,1044.8077392578125,1126.6500244140625,1135.0,1108.550048828125,1108.550048828125,837353
2017-07-06,1049.908447265625,1132.1500244140625,1144.0,1127.8499755859375,1135.0,532283
2017-07-07,1034.4212646484375,1115.449951171875,1135.4000244140625,1112.050048828125,1135.0,364301
2017-07-10,1045.828125,1127.75,1160.949951171875,1116.050048828125,1120.25,70264
2017-07-11,1049.537353515625,1131.75,1135.0,1122.5999755859375,1125.0,532133
2017-07-12,1051.3453369140625,1133.699951171875,1137.4000244140625,1124.0999755859375,1136.0,373345
2017-07-13,1043.7413330078125,1125.5,1144.25,1121.25,1139.800048828125,764694
2017-07-14,1036.183349609375,1117.3499755859375,1128.949951171875,1112.050048828125,1128.25,872831
2017-07-17,1043.6949462890625,1125.449951171875,1128.699951171875,1115.25,1120.5999755859375,1260921
2017-07-18,1063.3084716796875,1146.5999755859375,1150.0,1117.0,1118.0,648737
2017-07-19,1071.88671875,1155.8499755859375,1158.0,1146.050048828125,1154.949951171875,964588
2017-07-20,1071.608642578125,1155.550048828125,1157.8499755859375,1133.949951171875,1156.9000244140625,1287749
2017-07-21,1072.1182861328125,1156.0999755859375,1172.5,1148.0,1156.0,2017663
2017-07-24,1071.7938232421875,1155.75,1159.5,1140.0,1151.5999755859375,2063340
2017-07-25,1066.5540771484375,1150.0999755859375,1165.0,1140.0,1160.050048828125,2963793
2017-07-26,1051.6240234375,1134.0,1144.800048828125,1126.0,1134.0,1973462
2017-07-27,1065.3486328125,1148.800048828125,1153.0,1136.050048828125,1136.550048828125,1033335
2017-07-28,1069.475341796875,1153.25,1156.9000244140625,1139.0,1148.0,616845
2017-07-31,1077.311279296875,1161.699951171875,1164.0,1146.0999755859375,1154.1500244140625,777721
2017-08-01,1064.7923583984375,1148.199951171875,1163.0,1140.5,1162.0,1176561
2017-08-02,1061.361328125,1144.5,1152.0,1135.0,1150.0,848781
2017-08-03,1062.8447265625,1146.0999755859375,1148.9000244140625,1127.0999755859375,1143.0,997619
2017-08-04,1073.2313232421875,1157.300048828125,1159.949951171875,1140.6500244140625,1144.0,529318
2017-08-07,1066.13720703125,1149.6500244140625,1160.75,1142.4000244140625,1160.0,576280
2017-08-08,1064.004150390625,1147.3499755859375,1151.5,1139.0999755859375,1146.0,600256
2017-08-09,1071.608642578125,1155.550048828125,1158.9000244140625,1140.0999755859375,1147.800048828125,530763
2017-08-10,1067.481689453125,1151.0999755859375,1160.300048828125,1146.0,1154.0,649594
2017-08-11,1060.804443359375,1143.9000244140625,1148.75,1121.199951171875,1135.6500244140625,843233
2017-08-14,1070.1707763671875,1154.0,1163.699951171875,1145.0,1149.449951171875,511994
2017-08-16,1058.3934326171875,1141.300048828125,1155.300048828125,1129.0,1154.3499755859375,857454
2017-08-17,1052.5047607421875,1134.949951171875,1142.800048828125,1132.0,1141.300048828125,494638
2017-08-18,1057.18798828125,1140.0,1142.449951171875,1123.0,1131.949951171875,357491
2017-08-21,1052.041259765625,1134.449951171875,1141.800048828125,1128.5,1141.800048828125,456594
2017-08-22,1047.404296875,1129.449951171875,1142.5999755859375,1125.949951171875,1140.0999755859375,568911
2017-08-23,1058.3934326171875,1141.300048828125,1144.5,1114.0,1131.800048828125,513036
2017-08-24,1053.1075439453125,1135.5999755859375,1145.0,1131.0,1140.4000244140625,483362
2017-08-28,1071.9327392578125,1155.9000244140625,1159.75,1126.0999755859375,1131.5,751938
2017-08-29,1068.0382080078125,1151.699951171875,1155.0,1139.300048828125,1155.0,578071
2017-08-30,1069.5682373046875,1153.3499755859375,1160.3499755859375,1144.300048828125,1149.9000244140625,674280
2017-08-31,1083.6640625,1168.550048828125,1174.0,1144.300048828125,1146.3499755859375,1131097
2017-09-01,1127.5743408203125,1215.9000244140625,1219.0,1166.0,1174.199951171875,1523879
2017-09-04,1110.093505859375,1197.050048828125,1215.9000244140625,1192.0,1215.9000244140625,682612
2017-09-05,1118.71826171875,1206.3499755859375,1223.050048828125,1200.4000244140625,1201.25,714964
2017-09-06,1118.4400634765625,1206.050048828125,1213.449951171875,1198.0,1198.3499755859375,370400
2017-09-07,1111.57763671875,1198.6500244140625,1218.800048828125,1193.949951171875,1218.0,832839
2017-09-08,1116.4923095703125,1203.949951171875,1206.0,1190.0,1195.0,477517
2017-09-11,1148.115478515625,1238.050048828125,1241.0,1199.5999755859375,1206.0,843302
2017-09-12,1165.0859375,1256.3499755859375,1259.949951171875,1236.050048828125,1242.0,1461215
2017-09-13,1163.7879638671875,1254.949951171875,1262.0,1249.0,1250.050048828125,913364
2017-09-14,1155.5343017578125,1246.050048828125,1262.0,1241.0,1258.0,754072
2017-09-15,1155.0242919921875,1245.5,1249.6500244140625,1226.199951171875,1230.5,912016
2017-09-18,1164.715087890625,1255.949951171875,1261.0,1248.800048828125,1250.0,419287
2017-09-19,1162.2578125,1253.300048828125,1262.0,1249.199951171875,1262.0,464997
2017-09-20,1147.419921875,1237.300048828125,1256.9000244140625,1235.0,1256.5,473176
2017-09-21,1139.815673828125,1229.0999755859375,1247.25,1224.949951171875,1238.0,772766
2017-09-22,1125.1173095703125,1213.25,1230.199951171875,1204.9000244140625,1218.050048828125,896125
2017-09-25,1110.0010986328125,1196.949951171875,1213.449951171875,1192.0,1205.1500244140625,917093
2017-09-26,1088.7181396484375,1174.0,1189.75,1164.0,1187.0,740276
2017-09-27,1075.7349853515625,1160.0,1178.550048828125,1152.8499755859375,1173.0999755859375,786410
2017-09-28,1047.914306640625,1130.0,1165.0,1123.0,1155.0,2353175
2017-09-29,1049.490966796875,1131.699951171875,1144.949951171875,1127.0,1130.0,791548
2017-10-03,1065.3486328125,1148.800048828125,1160.0,1135.5,1141.300048828125,834092
2017-10-04,1070.2174072265625,1154.050048828125,1167.0999755859375,1147.550048828125,1154.0,626750
2017-10-05,1069.475341796875,1153.25,1161.5,1147.5999755859375,1149.6500244140625,327057
2017-10-06,1073.2313232421875,1157.300048828125,1169.699951171875,1153.0,1155.0,344962
2017-10-09,1074.43701171875,1158.5999755859375,1169.800048828125,1152.800048828125,1169.800048828125,363972
2017-10-10,1078.5172119140625,1163.0,1166.949951171875,1154.0,1156.0,316767
2017-10-11,1076.291748046875,1160.5999755859375,1175.75,1155.0,1170.0,602214
2017-10-12,1074.62255859375,1158.800048828125,1162.0,1146.050048828125,1156.5,658884
2017-10-13,1088.9500732421875,1174.25,1177.0999755859375,1154.1500244140625,1158.800048828125,417081
2017-10-16,1085.982421875,1171.050048828125,1185.0,1166.0,1181.0,689380
2017-10-17,1110.186279296875,1197.1500244140625,1200.0,1170.0,1170.0,979278
2017-10-18,1093.9576416015625,1179.6500244140625,1197.800048828125,1170.0,1197.800048828125,523048
2017-10-19,1092.8912353515625,1178.5,1183.25,1171.1500244140625,1175.0,77085
2017-10-23,1088.857177734375,1174.1500244140625,1191.8499755859375,1159.0,1184.449951171875,698954
2017-10-24,1134.06591796875,1222.9000244140625,1234.0,1175.0,1175.0,2345084
2017-10-25,1114.4058837890625,1201.699951171875,1232.050048828125,1195.0,1222.9000244140625,1015698
2017-10-26,1104.6220703125,1191.1500244140625,1203.6500244140625,1180.699951171875,1194.0,808543
2017-10-27,1098.501953125,1184.550048828125,1195.0,1178.5999755859375,1193.9000244140625,346755
2017-10-30,1096.64697265625,1182.550048828125,1198.800048828125,1179.550048828125,1185.0,280643
2017-10-31,1097.530029296875,1180.8499755859375,1188.8499755859375,1176.1500244140625,1182.0,279632
2017-11-01,1092.9757080078125,1175.949951171875,1188.550048828125,1174.0,1185.0,260543
2017-11-02,1095.2529296875,1178.4000244140625,1181.949951171875,1166.0,1176.4000244140625,245949
2017-11-03,1089.72265625,1172.449951171875,1183.0999755859375,1167.300048828125,1182.449951171875,258595
2017-11-06,1080.335205078125,1162.3499755859375,1173.0999755859375,1155.0,1168.0,314729
2017-11-07,1060.909912109375,1141.449951171875,1164.6500244140625,1132.5,1158.0,758497
2017-11-08,1089.4903564453125,1172.199951171875,1179.4000244140625,1145.050048828125,1147.0999755859375,691775
2017-11-09,1111.2392578125,1195.5999755859375,1198.449951171875,1173.5999755859375,1177.8499755859375,884722
2017-11-10,1095.43896484375,1178.5999755859375,1194.9000244140625,1160.0,1194.9000244140625,1130647
2017-11-13,1092.0460205078125,1174.949951171875,1189.5,1168.8499755859375,1184.0,363501
2017-11-14,1073.550537109375,1155.050048828125,1176.0,1152.4000244140625,1174.949951171875,547558
2017-11-15,1098.1807861328125,1181.550048828125,1190.0,1151.050048828125,1155.0,829732
2017-11-16,1096.321533203125,1179.550048828125,1189.0,1175.0,1183.0,429230
2017-11-17,1088.653564453125,1171.300048828125,1193.9000244140625,1166.0,1186.0,454013
2017-11-20,1084.052734375,1166.3499755859375,1176.449951171875,1159.6500244140625,1173.0,255840
2017-11-21,1078.4298095703125,1160.300048828125,1175.0,1156.0,1168.5999755859375,421268
2017-11-22,1091.4422607421875,1174.300048828125,1176.5,1155.0,1162.5,731572
2017-11-23,1077.7794189453125,1159.5999755859375,1177.9000244140625,1157.050048828125,1175.5,482632
2017-11-24,1077.7794189453125,1159.5999755859375,1164.0,1148.1500244140625,1164.0,406704
2017-11-27,1074.89794921875,1156.5,1160.0,1146.0999755859375,1158.0,373156
2017-11-28,1088.375244140625,1171.0,1174.9000244140625,1150.1500244140625,1157.5,445227
2017-11-29,1072.435302734375,1153.8499755859375,1176.3499755859375,1148.25,1166.0,516698
2017-11-30,1065.8359375,1146.75,1158.0,1141.3499755859375,1150.25,1433116
2017-12-01,1053.75341796875,1133.75,1154.0,1130.25,1147.199951171875,397188
2017-12-04,1041.9029541015625,1121.0,1145.449951171875,1117.0,1145.449951171875,455769
2017-12-05,1036.326171875,1115.0,1124.1500244140625,1108.050048828125,1122.0,702853
2017-12-06,1026.4278564453125,1104.3499755859375,1114.949951171875,1099.0,1114.800048828125,723473
2017-12-07,1063.6517333984375,1144.4000244140625,1151.0,1106.8499755859375,1108.0,986078
2017-12-08,1055.379638671875,1135.5,1153.5,1130.0999755859375,1144.949951171875,593327
2017-12-11,1046.410400390625,1125.8499755859375,1142.699951171875,1123.4000244140625,1142.0,551772
2017-12-12,1038.5570068359375,1117.4000244140625,1131.8499755859375,1101.0,1131.8499755859375,1060836
2017-12-13,1037.7669677734375,1116.550048828125,1137.5,1110.0,1117.9000244140625,646677
2017-12-14,1044.1800537109375,1123.449951171875,1129.550048828125,1115.4000244140625,1122.0,543059
2017-12-15,1039.7652587890625,1118.699951171875,1134.699951171875,1116.0,1129.0,897594
2017-12-18,1056.9134521484375,1137.1500244140625,1139.949951171875,1110.0,1120.0,622558
2017-12-19,1057.4246826171875,1137.699951171875,1149.5,1130.949951171875,1149.0,459494
2017-12-20,1055.379638671875,1135.5,1141.949951171875,1125.0,1137.5,458160
2017-12-21,1057.6104736328125,1137.9000244140625,1144.0,1130.4000244140625,1140.949951171875,460388
2017-12-22,1057.7032470703125,1138.0,1142.5,1132.5,1137.0,377780
2017-12-26,1069.553955078125,1150.75,1155.5999755859375,1140.199951171875,1142.0,820589
2017-12-27,1067.9736328125,1149.050048828125,1157.0,1142.0,1150.0,611258
2017-12-28,1063.6517333984375,1144.4000244140625,1154.3499755859375,1138.3499755859375,1146.0,536350
2017-12-29,1076.7569580078125,1158.5,1172.5,1142.050048828125,1145.0999755859375,965848
2018-01-01,1062.954833984375,1143.6500244140625,1165.0,1138.0999755859375,1163.0,591349
2018-01-02,1062.1181640625,1142.75,1150.0,1134.050048828125,1146.0,516171
2018-01-03,1061.328369140625,1141.9000244140625,1149.0,1135.300048828125,1149.0,593809
2018-01-04,1089.3509521484375,1172.050048828125,1178.0,1145.9000244140625,1149.0,729965
2018-01-05,1101.6195068359375,1185.25,1192.0,1167.449951171875,1178.0,1151320
2018-01-08,1098.598876953125,1182.0,1190.8499755859375,1173.5,1190.0,928875
2018-01-09,1108.869140625,1193.050048828125,1197.199951171875,1175.0999755859375,1183.0999755859375,699621
2018-01-10,1094.32373046875,1177.4000244140625,1189.0999755859375,1171.0999755859375,1186.0,1102382
2018-01-11,1105.058349609375,1188.949951171875,1189.949951171875,1170.0,1179.9000244140625,475476
2018-01-12,1105.7554931640625,1189.699951171875,1192.550048828125,1176.0,1187.0,390841
2018-01-15,1119.0931396484375,1204.050048828125,1208.199951171875,1182.449951171875,1189.6500244140625,723833
2018-01-16,1104.87255859375,1188.75,1204.050048828125,1184.0,1204.050048828125,557253
2018-01-17,1109.519775390625,1193.75,1196.4000244140625,1178.4000244140625,1186.800048828125,506648
2018-01-18,1104.4078369140625,1188.25,1204.0999755859375,1181.0,1195.0,500762
2018-01-19,1105.94189453125,1189.9000244140625,1195.0,1177.9000244140625,1183.0999755859375,722692
2018-01-22,1093.022216796875,1176.0,1193.699951171875,1164.0999755859375,1192.0,942542
2018-01-23,1087.3526611328125,1169.9000244140625,1177.8499755859375,1156.199951171875,1176.0,1841634
2018-01-24,1069.8328857421875,1151.050048828125,1171.6500244140625,1145.050048828125,1170.0,1122469
2018-01-25,1069.27490234375,1150.449951171875,1161.4000244140625,1143.449951171875,1148.0,1563047
2018-01-29,1070.76220703125,1152.050048828125,1164.25,1147.5999755859375,1154.0,1538762
2018-01-30,1047.200927734375,1126.699951171875,1152.0,1123.449951171875,1151.0,1404578
2018-01-31,1048.6881103515625,1128.300048828125,1139.800048828125,1124.0,1128.0,961596
2018-02-01,1071.64501953125,1153.0,1157.3499755859375,1126.0,1126.0,1103162
2018-02-02,1057.6104736328125,1137.9000244140625,1148.0,1123.949951171875,1148.0,872105
2018-02-05,1054.0784912109375,1134.0999755859375,1140.0,1114.300048828125,1121.199951171875,1263378
2018-02-06,1031.9112548828125,1110.25,1127.0,1090.0999755859375,1110.0,1055719
2018-02-07,1041.995849609375,1121.0999755859375,1125.199951171875,1106.550048828125,1115.0,854461
2018-02-08,1044.7376708984375,1124.050048828125,1131.300048828125,1110.0,1128.0,1185917
2018-02-09,1050.965087890625,1130.75,1142.25,1101.0,1101.0,666922
2018-02-12,1063.6517333984375,1144.4000244140625,1150.0,1135.9000244140625,1138.0,646362
2018-02-14,1058.772216796875,1139.1500244140625,1144.0,1127.0,1144.0,691596
2018-02-15,1055.3333740234375,1135.449951171875,1139.9000244140625,1123.0,1135.0,471072
2018-02-16,1063.140625,1143.8499755859375,1147.0,1130.0,1136.5,734476
2018-02-19,1041.2987060546875,1120.3499755859375,1145.800048828125,1111.550048828125,1145.0,443677
2018-02-20,1046.921875,1126.4000244140625,1136.0,1112.75,1123.949951171875,662281
2018-02-21,1047.6654052734375,1127.199951171875,1133.25,1115.0,1132.3499755859375,720563
2018-02-22,1039.2073974609375,1118.0999755859375,1126.4000244140625,1101.0,1122.699951171875,1559398
2018-02-23,1024.057861328125,1101.800048828125,1117.050048828125,1098.9000244140625,1117.050048828125,1140118
2018-02-26,1026.8460693359375,1104.800048828125,1110.0,1095.4000244140625,1110.0,1170283
2018-02-27,1032.0042724609375,1110.3499755859375,1113.0,1098.949951171875,1104.800048828125,610498
2018-02-28,1038.88232421875,1117.75,1124.0,1099.25,1104.0,1006756
2018-03-01,1039.9510498046875,1118.9000244140625,1124.199951171875,1108.0,1120.0,736217
2018-03-05,1027.914794921875,1105.949951171875,1114.8499755859375,1100.0,1110.25,529677
2018-03-06,1023.87158203125,1101.5999755859375,1112.5999755859375,1100.0,1112.5999755859375,702294
2018-03-07,1029.1231689453125,1107.25,1109.949951171875,1095.25,1105.699951171875,669686
2018-03-08,1048.0372314453125,1127.5999755859375,1130.0,1107.5999755859375,1114.800048828125,751329
2018-03-09,1049.4312744140625,1129.0999755859375,1140.0,1124.4000244140625,1133.0,1158526
2018-03-12,1051.661865234375,1131.5,1134.0,1120.0,1131.0999755859375,527293
2018-03-13,1059.841064453125,1140.300048828125,1143.0,1125.199951171875,1125.199951171875,711550
2018-03-14,1056.7740478515625,1137.0,1144.449951171875,1131.0999755859375,1139.949951171875,1360578
2018-03-15,1078.894775390625,1160.800048828125,1163.75,1132.1500244140625,1132.1500244140625,1146702
2018-03-16,1043.5296630859375,1122.75,1159.9000244140625,1118.4000244140625,1159.9000244140625,1946844
2018-03-19,1024.7550048828125,1102.550048828125,1124.0,1097.9000244140625,1121.1500244140625,855444
2018-03-20,1028.4259033203125,1106.5,1117.0,1092.1500244140625,1102.0,720303
2018-03-21,1025.6842041015625,1103.550048828125,1116.0,1100.0,1106.5,612237
2018-03-22,1028.983642578125,1107.0999755859375,1110.0,1100.0,1102.5,478426
2018-03-23,1034.1419677734375,1112.6500244140625,1120.0,1093.050048828125,1094.8499755859375,828523
2018-03-26,1038.6962890625,1117.550048828125,1119.0,1101.0,1112.0,479675
2018-03-27,1051.290283203125,1131.0999755859375,1138.0,1116.4000244140625,1119.0,672158
2018-03-28,1041.345458984375,1120.4000244140625,1130.8499755859375,1115.0,1130.8499755859375,699839
2018-04-02,1068.996337890625,1150.1500244140625,1153.949951171875,1111.5,1120.4000244140625,428944
2018-04-03,1070.80859375,1152.0999755859375,1156.699951171875,1138.949951171875,1145.050048828125,561118
2018-04-04,1055.8446044921875,1136.0,1157.699951171875,1126.0,1156.9000244140625,607619
2018-04-05,1062.2576904296875,1142.9000244140625,1156.800048828125,1137.550048828125,1151.800048828125,549137
2018-04-06,1062.8153076171875,1143.5,1152.800048828125,1135.0,1142.9000244140625,395626
2018-04-09,1075.78076171875,1157.449951171875,1171.5,1139.949951171875,1145.0,837112
2018-04-10,1075.1304931640625,1156.75,1167.699951171875,1152.9000244140625,1159.0,546269
2018-04-11,1074.2939453125,1155.8499755859375,1158.5999755859375,1141.199951171875,1157.0,419140
2018-04-12,1082.9842529296875,1165.199951171875,1169.9000244140625,1144.9000244140625,1149.5,360744
2018-04-13,1080.19580078125,1162.199951171875,1176.8499755859375,1157.8499755859375,1170.0,639579
2018-04-16,1095.6710205078125,1178.8499755859375,1188.5,1155.0,1160.0,550645
2018-04-17,1093.022216796875,1176.0,1187.4000244140625,1169.0,1180.0,432543
2018-04-18,1089.5833740234375,1172.300048828125,1185.0,1168.0,1179.0,465763
2018-04-19,1082.7984619140625,1165.0,1187.0,1162.5999755859375,1172.0,620949
2018-04-20,1077.5469970703125,1159.3499755859375,1165.949951171875,1142.25,1165.0,727517
2018-04-23,1095.53173828125,1178.699951171875,1181.4000244140625,1145.4000244140625,1160.9000244140625,554353
2018-04-24,1087.538330078125,1170.0999755859375,1182.449951171875,1161.9000244140625,1177.5,484112
2018-04-25,1080.9859619140625,1163.050048828125,1168.800048828125,1156.050048828125,1167.0,280574
2018-04-26,1074.154296875,1155.699951171875,1177.050048828125,1149.550048828125,1164.0,1638937
2018-04-27,1098.22705078125,1181.5999755859375,1199.0999755859375,1164.25,1165.25,803227
2018-04-30,1116.9088134765625,1201.699951171875,1207.0,1182.4000244140625,1189.699951171875,505974
2018-05-02,1136.05517578125,1222.300048828125,1230.5999755859375,1197.4000244140625,1200.25,2011978
2018-05-03,1121.6026611328125,1206.75,1230.0,1201.0,1220.300048828125,641515
2018-05-04,1106.452880859375,1190.449951171875,1212.0,1178.0999755859375,1212.0,743905
2018-05-07,1129.5028076171875,1215.25,1220.800048828125,1180.0,1192.0,728801
2018-05-08,1124.5302734375,1209.9000244140625,1224.0,1205.0,1219.0,627060
2018-05-09,1136.287841796875,1222.550048828125,1229.0999755859375,1197.5999755859375,1197.5999755859375,729538
2018-05-10,1131.7799072265625,1217.699951171875,1238.0,1207.5,1232.0,1904962
2018-05-11,1195.6790771484375,1286.449951171875,1291.9000244140625,1229.8499755859375,1237.0,4723019
2018-05-14,1205.809814453125,1297.3499755859375,1305.0,1268.5999755859375,1285.0,1553283
2018-05-15,1221.888916015625,1314.6500244140625,1323.449951171875,1288.800048828125,1291.0,1368261
2018-05-16,1230.3006591796875,1323.699951171875,1332.0,1300.8499755859375,1305.1500244140625,736281
2018-05-17,1217.0556640625,1309.449951171875,1330.0,1303.550048828125,1313.1500244140625,751423
2018-05-18,1216.0335693359375,1308.3499755859375,1316.4000244140625,1287.5999755859375,1305.0,939743
2018-05-21,1209.8529052734375,1301.699951171875,1314.699951171875,1290.8499755859375,1305.0,692442
2018-05-22,1196.050537109375,1286.8499755859375,1302.0,1279.0,1298.0,708573
2018-05-23,1188.3828125,1278.5999755859375,1292.1500244140625,1269.5999755859375,1281.0,509522
2018-05-24,1202.3243408203125,1293.5999755859375,1302.9000244140625,1263.0,1277.0999755859375,774173
2018-05-25,1201.16259765625,1292.3499755859375,1310.0,1280.0,1300.0,773652
2018-05-28,1228.5809326171875,1321.8499755859375,1331.9000244140625,1291.550048828125,1294.5,657272
2018-05-29,1207.80810546875,1299.5,1330.0,1289.0,1326.0,769331
2018-05-30,1202.5567626953125,1293.8499755859375,1300.949951171875,1283.3499755859375,1290.0,478025
2018-05-31,1212.5947265625,1304.6500244140625,1311.699951171875,1287.0,1300.199951171875,1400776
2018-06-01,1201.813232421875,1293.050048828125,1310.0,1290.800048828125,1307.0,368820
2018-06-04,1193.8199462890625,1284.449951171875,1297.5,1265.0,1295.0,939794
2018-06-05,1183.7353515625,1273.5999755859375,1293.300048828125,1270.550048828125,1276.25,524237
2018-06-06,1173.6978759765625,1262.800048828125,1270.9000244140625,1245.050048828125,1270.9000244140625,1211557
2018-06-07,1199.7220458984375,1290.800048828125,1297.0,1256.0,1270.1500244140625,701247
2018-06-08,1188.615234375,1278.8499755859375,1288.550048828125,1272.0,1275.0,442333
2018-06-11,1192.751220703125,1283.300048828125,1295.9000244140625,1275.199951171875,1279.0,373098
2018-06-12,1196.8406982421875,1287.699951171875,1292.0,1275.199951171875,1278.550048828125,401090
2018-06-13,1195.6322021484375,1286.4000244140625,1292.75,1281.949951171875,1290.0,566241
2018-06-14,1201.0020751953125,1286.0999755859375,1289.6500244140625,1270.0,1280.449951171875,507824
2018-06-15,1197.360107421875,1282.199951171875,1286.6500244140625,1268.0999755859375,1284.9000244140625,1048699
2018-06-18,1197.2198486328125,1282.050048828125,1289.6500244140625,1271.0,1289.4000244140625,512049
2018-06-19,1185.2203369140625,1269.199951171875,1287.6500244140625,1265.0,1273.0,572488
2018-06-20,1187.181396484375,1271.300048828125,1275.0,1260.0,1275.0,484907
2018-06-21,1170.092041015625,1253.0,1279.9000244140625,1246.0,1272.0,1179247
2018-06-22,1183.8193359375,1267.699951171875,1273.550048828125,1240.199951171875,1261.5,646452
2018-06-25,1170.51220703125,1253.449951171875,1272.0999755859375,1249.300048828125,1268.0,936253
2018-06-26,1190.262939453125,1274.5999755859375,1279.8499755859375,1253.0,1255.0,1262632
2018-06-27,1183.3056640625,1267.1500244140625,1285.0,1263.0,1279.1500244140625,857951
2018-06-28,1184.4732666015625,1268.4000244140625,1273.449951171875,1250.0,1267.1500244140625,729637
2018-06-29,1180.784423828125,1264.449951171875,1271.0999755859375,1252.1500244140625,1268.25,622680
2018-07-02,1207.491943359375,1293.050048828125,1297.949951171875,1261.0,1266.5,1437438
2018-07-03,1206.3717041015625,1291.8499755859375,1308.5999755859375,1288.0999755859375,1298.5999755859375,1399979
2018-07-04,1204.4569091796875,1289.800048828125,1299.949951171875,1282.75,1296.0,619316
2018-07-05,1233.9661865234375,1321.4000244140625,1330.0,1278.300048828125,1294.800048828125,1733903
2018-07-06,1235.600830078125,1323.1500244140625,1335.4000244140625,1309.050048828125,1325.0,1662920
2018-07-09,1272.906982421875,1363.0999755859375,1367.9000244140625,1325.25,1330.0,1391869
2018-07-10,1279.770751953125,1370.449951171875,1375.5,1355.0,1362.800048828125,796987
2018-07-11,1269.8255615234375,1359.800048828125,1384.75,1357.3499755859375,1360.0,784238
2018-07-12,1268.05126953125,1357.9000244140625,1379.0,1346.0,1370.0,953054
2018-07-13,1277.2962646484375,1367.800048828125,1374.4000244140625,1358.699951171875,1359.5,655594
2018-07-16,1269.5921630859375,1359.550048828125,1394.9000244140625,1351.0999755859375,1370.0,1234066
2018-07-17,1285.187255859375,1376.25,1383.5,1353.0999755859375,1365.4000244140625,1166581
2018-07-18,1300.828857421875,1393.0,1399.949951171875,1377.550048828125,1386.0,1085504
2018-07-19,1310.1669921875,1403.0,1408.5,1393.949951171875,1395.0,848175
2018-07-20,1304.050537109375,1396.449951171875,1404.75,1381.5,1403.0,575194
2018-07-23,1338.36865234375,1433.199951171875,1464.4000244140625,1396.5999755859375,1425.0999755859375,1975242
2018-07-24,1370.632568359375,1467.75,1476.199951171875,1425.5,1443.0,2171087
2018-07-25,1354.1973876953125,1450.1500244140625,1490.5999755859375,1421.3499755859375,1453.0,4310816
2018-07-26,1338.9754638671875,1433.8499755859375,1457.8499755859375,1422.25,1448.0999755859375,1732715
2018-07-27,1339.9095458984375,1434.8499755859375,1454.0,1425.3499755859375,1437.0,630981
2018-07-30,1335.5673828125,1430.199951171875,1451.8499755859375,1427.0,1434.25,750392
2018-07-31,1355.3643798828125,1451.4000244140625,1456.5999755859375,1426.0,1430.0,1221636
2018-08-01,1342.103759765625,1437.199951171875,1459.949951171875,1430.800048828125,1458.0,1121286
2018-08-02,1324.54833984375,1418.4000244140625,1443.9000244140625,1414.8499755859375,1437.199951171875,836564
2018-08-03,1318.431396484375,1411.8499755859375,1426.25,1407.0,1424.0,1002287
2018-08-06,1304.9375,1397.4000244140625,1420.9000244140625,1394.699951171875,1420.0,795996
2018-08-07,1330.0106201171875,1424.25,1438.0,1399.0,1399.0,1915936
2018-08-08,1331.4117431640625,1425.75,1447.6500244140625,1417.0,1430.949951171875,1063862
2018-08-09,1323.5673828125,1417.3499755859375,1433.949951171875,1414.0999755859375,1431.9000244140625,903734
2018-08-10,1324.7349853515625,1418.5999755859375,1439.9000244140625,1409.25,1420.0,997053
2018-08-13,1306.66552734375,1399.25,1421.5999755859375,1397.0,1414.0,875198
2018-08-14,1302.78955078125,1395.0999755859375,1416.699951171875,1391.550048828125,1407.9000244140625,729379
2018-08-16,1302.509765625,1394.800048828125,1410.0,1387.0,1401.0,1050412
2018-08-17,1307.9725341796875,1400.6500244140625,1405.1500244140625,1390.0,1403.0,537229
2018-08-20,1315.8634033203125,1409.0999755859375,1431.0,1398.0,1406.0,1259905
2018-08-21,1310.4471435546875,1403.300048828125,1425.949951171875,1395.4000244140625,1416.449951171875,1520772
2018-08-23,1302.4627685546875,1394.75,1412.0,1390.699951171875,1410.0,859955
2018-08-24,1301.2957763671875,1393.5,1411.0,1385.050048828125,1395.0,919355
2018-08-27,1307.1787109375,1399.800048828125,1407.0,1396.5,1397.5,785772
2018-08-28,1314.369384765625,1407.5,1419.6500244140625,1401.0,1402.0,1290318
2018-08-29,1301.7625732421875,1394.0,1413.75,1391.0,1413.75,743529
2018-08-30,1287.4749755859375,1378.699951171875,1398.699951171875,1373.550048828125,1394.0999755859375,1062266
2018-08-31,1281.63818359375,1372.449951171875,1392.0,1364.199951171875,1383.0,1006329
2018-09-03,1271.506591796875,1361.5999755859375,1387.5,1355.0,1384.0,817733
2018-09-04,1224.5350341796875,1311.300048828125,1364.5999755859375,1302.5,1360.0,1789240
2018-09-05,1233.8726806640625,1321.300048828125,1330.0,1302.449951171875,1314.5,1222703
2018-09-06,1227.5225830078125,1314.5,1331.949951171875,1308.0,1327.949951171875,726455
2018-09-07,1228.9237060546875,1316.0,1322.800048828125,1310.0,1322.800048828125,912914
2018-09-10,1207.5389404296875,1293.0999755859375,1318.0,1280.5,1314.5999755859375,1121083
2018-09-11,1211.974609375,1297.8499755859375,1313.300048828125,1286.699951171875,1295.0,1676544
2018-09-12,1205.5775146484375,1291.0,1303.5,1280.0,1303.5,1111171
2018-09-14,1245.6390380859375,1333.9000244140625,1336.550048828125,1297.550048828125,1298.800048828125,1498792
2018-09-17,1222.059814453125,1308.6500244140625,1329.949951171875,1302.0,1329.949951171875,965321
2018-09-18,1206.6048583984375,1292.0999755859375,1331.75,1285.0,1306.0,1088372
2018-09-19,1205.9046630859375,1291.3499755859375,1319.199951171875,1287.0,1304.199951171875,929673
2018-09-21,1218.41796875,1304.75,1324.8499755859375,1211.9000244140625,1292.0999755859375,1867297
2018-09-24,1187.788330078125,1271.949951171875,1316.6500244140625,1256.0,1300.0,1691456
2018-09-25,1204.5504150390625,1289.9000244140625,1304.8499755859375,1257.1500244140625,1271.800048828125,1262738
2018-09-26,1197.1734619140625,1282.0,1303.5,1274.0,1300.0,1338324
2018-09-27,1202.30908203125,1287.5,1314.0,1276.449951171875,1294.800048828125,1901166
2018-09-28,1207.7254638671875,1293.300048828125,1315.0,1286.0,1293.0,1549540
2018-10-01,1195.118896484375,1279.800048828125,1307.9000244140625,1269.0,1299.0,1143818
2018-10-03,1168.924560546875,1251.75,1269.0,1246.1500244140625,1264.9000244140625,1236645
2018-10-04,1143.66455078125,1224.699951171875,1239.199951171875,1214.0,1228.0,1557441
2018-10-05,1129.4703369140625,1209.5,1240.0,1191.8499755859375,1221.449951171875,1344685
2018-10-08,1165.2359619140625,1247.800048828125,1254.0,1201.0999755859375,1210.0,1050759
2018-10-09,1121.90673828125,1201.4000244140625,1255.9000244140625,1191.0,1254.0,1088738
2018-10-10,1144.8319091796875,1225.949951171875,1240.8499755859375,1180.9000244140625,1205.9000244140625,803576
2018-10-11,1138.388427734375,1219.050048828125,1221.5,1190.449951171875,1201.0,781348
2018-10-12,1177.7493896484375,1261.199951171875,1265.949951171875,1233.9000244140625,1233.9000244140625,1000950
2018-10-15,1167.5709228515625,1250.300048828125,1257.199951171875,1241.5,1255.0,728514
2018-10-16,1183.725830078125,1267.5999755859375,1282.9000244140625,1252.550048828125,1257.0,908616
2018-10-17,1175.6951904296875,1259.0,1282.25,1255.0,1282.199951171875,698043
2018-10-19,1153.6566162109375,1235.4000244140625,1287.0,1220.449951171875,1264.0,1449043
2018-10-22,1120.972412109375,1200.4000244140625,1247.1500244140625,1191.0,1245.0,1949683
2018-10-23,1063.1214599609375,1138.449951171875,1190.0,1118.0,1135.199951171875,8272850
2018-10-24,1108.365966796875,1186.9000244140625,1199.0,1150.1500244140625,1160.0,2370198
2018-10-25,1120.64599609375,1200.050048828125,1208.949951171875,1175.0,1180.5,1995349
2018-10-26,1111.541015625,1190.300048828125,1202.0,1168.3499755859375,1200.0,1440249
2018-10-29,1119.5911865234375,1196.050048828125,1213.699951171875,1186.5,1194.800048828125,1186190
2018-10-30,1119.8251953125,1196.300048828125,1208.0,1175.550048828125,1194.800048828125,1075337
2018-10-31,1151.7451171875,1230.4000244140625,1234.949951171875,1183.8499755859375,1205.5999755859375,1561884
2018-11-01,1139.9505615234375,1217.800048828125,1244.800048828125,1213.800048828125,1233.0,1200280
2018-11-02,1167.283935546875,1247.0,1291.550048828125,1241.25,1242.0,2235848
2018-11-05,1164.5225830078125,1244.050048828125,1260.6500244140625,1232.5,1252.0,756887
2018-11-06,1159.3275146484375,1238.5,1255.0,1235.0,1242.199951171875,815046
2018-11-07,1170.9814453125,1250.949951171875,1254.0,1239.199951171875,1250.0,100134
2018-11-09,1212.7772216796875,1295.5999755859375,1308.9000244140625,1256.8499755859375,1259.800048828125,2026920
2018-11-12,1197.05126953125,1278.800048828125,1314.9000244140625,1275.1500244140625,1295.0,1100286
2018-11-13,1202.760986328125,1284.9000244140625,1295.5999755859375,1277.449951171875,1277.449951171875,1632176
2018-11-14,1236.13232421875,1320.550048828125,1337.949951171875,1302.0,1312.0,1631802
2018-11-15,1234.026123046875,1318.300048828125,1331.8499755859375,1313.4000244140625,1320.0,1065640
2018-11-16,1236.8341064453125,1321.300048828125,1329.800048828125,1313.199951171875,1320.0,1113304
2018-11-19,1228.26953125,1312.1500244140625,1329.8499755859375,1305.0,1329.0,784645
2018-11-20,1223.3077392578125,1306.8499755859375,1331.050048828125,1304.699951171875,1317.0,867729
2018-11-21,1239.5489501953125,1324.199951171875,1342.5,1313.75,1329.0,1374789
2018-11-22,1230.37548828125,1314.4000244140625,1330.699951171875,1308.75,1330.0,691593
2018-11-26,1263.231689453125,1349.5,1357.550048828125,1323.5999755859375,1329.949951171875,2149117
2018-11-27,1253.96435546875,1339.5999755859375,1346.800048828125,1326.050048828125,1346.800048828125,1130756
2018-11-28,1239.595703125,1324.25,1354.550048828125,1319.1500244140625,1352.9000244140625,1205630
2018-11-29,1263.9805908203125,1350.300048828125,1355.0,1330.699951171875,1336.0,3556169
2018-11-30,1259.90869140625,1345.949951171875,1361.75,1342.1500244140625,1352.800048828125,1030541
2018-12-03,1253.1219482421875,1338.699951171875,1359.0,1335.050048828125,1345.0,710748
2018-12-04,1244.4632568359375,1329.449951171875,1354.699951171875,1326.449951171875,1336.550048828125,830261
2018-12-05,1244.5101318359375,1329.5,1343.0,1323.5999755859375,1328.5,864628
2018-12-06,1212.309326171875,1295.0999755859375,1324.949951171875,1286.5999755859375,1324.0,896350
2018-12-07,1234.3536376953125,1318.6500244140625,1324.0,1298.4000244140625,1306.5,1037026
2018-12-10,1192.7452392578125,1274.199951171875,1306.25,1262.300048828125,1280.0,1074399
2018-12-11,1238.987060546875,1323.5999755859375,1336.449951171875,1252.1500244140625,1268.0,1746513
2018-12-12,1245.8206787109375,1330.9000244140625,1337.199951171875,1311.8499755859375,1323.0,986580
2018-12-13,1235.8048095703125,1320.199951171875,1343.199951171875,1316.0,1338.449951171875,1175211
2018-12-14,1255.228271484375,1340.949951171875,1351.0,1320.0,1332.800048828125,1869410
2018-12-17,1250.4539794921875,1335.8499755859375,1344.949951171875,1330.0,1340.0,665295
2018-12-18,1269.0352783203125,1355.699951171875,1361.0,1327.550048828125,1338.449951171875,1581385
2018-12-19,1310.7371826171875,1400.25,1406.800048828125,1370.0,1370.0,3334213
2018-12-20,1334.654052734375,1425.800048828125,1431.550048828125,1389.050048828125,1389.9000244140625,2578234
2018-12-21,1299.4576416015625,1388.199951171875,1433.9000244140625,1382.300048828125,1433.9000244140625,2098064
2018-12-24,1270.2987060546875,1357.050048828125,1388.949951171875,1351.0999755859375,1388.0,1649577
2018-12-26,1275.8685302734375,1363.0,1374.9000244140625,1347.4000244140625,1367.949951171875,1790087
2018-12-27,1284.76123046875,1372.5,1384.75,1354.300048828125,1360.050048828125,2174090
2018-12-28,1278.6766357421875,1366.0,1383.0,1359.0,1383.0,1705033
2018-12-31,1285.276123046875,1373.050048828125,1378.0,1367.300048828125,1375.0,698593
2019-01-01,1283.8720703125,1371.550048828125,1379.699951171875,1358.5999755859375,1373.199951171875,664707
2019-01-02,1294.870849609375,1383.300048828125,1386.8499755859375,1361.5999755859375,1367.0,1233780
2019-01-03,1299.5511474609375,1388.300048828125,1393.8499755859375,1378.0,1381.800048828125,1636293
2019-01-04,1297.2578125,1385.8499755859375,1401.4000244140625,1381.4000244140625,1388.0,1202397
2019-01-07,1306.7591552734375,1396.0,1405.4000244140625,1383.75,1386.0,1074373
2019-01-08,1311.67333984375,1401.25,1412.699951171875,1395.5,1401.0,1232440
2019-01-09,1312.3753662109375,1402.0,1414.0,1397.1500244140625,1402.5,973687
2019-01-10,1307.0867919921875,1396.3499755859375,1400.0,1388.6500244140625,1390.0,1004783
2019-01-11,1313.919921875,1403.6500244140625,1406.199951171875,1392.4000244140625,1399.75,473391
2019-01-14,1299.83203125,1388.5999755859375,1410.5999755859375,1385.449951171875,1404.0,1360800
2019-01-15,1316.0728759765625,1405.949951171875,1414.449951171875,1388.5999755859375,1388.5999755859375,1355920
2019-01-16,1300.908447265625,1389.75,1412.949951171875,1387.699951171875,1410.0,1189597
2019-01-17,1300.7681884765625,1389.5999755859375,1398.5,1383.800048828125,1390.0,853829
2019-01-18,1310.924560546875,1400.449951171875,1404.75,1383.0,1391.0,1092189
2019-01-21,1331.1905517578125,1422.0999755859375,1424.800048828125,1395.199951171875,1395.199951171875,2513582
2019-01-22,1317.0089111328125,1406.949951171875,1432.050048828125,1375.25,1423.9000244140625,5483768
2019-01-23,1307.27392578125,1396.550048828125,1429.449951171875,1390.0,1429.0,2702265
2019-01-24,1312.2349853515625,1401.8499755859375,1413.5,1396.5,1400.0,1562800
2019-01-25,1284.4339599609375,1372.1500244140625,1413.699951171875,1353.300048828125,1408.4000244140625,1613548
2019-01-28,1291.3138427734375,1379.5,1391.0,1366.8499755859375,1375.0,1590764
2019-01-29,1304.231689453125,1393.300048828125,1400.0,1373.199951171875,1377.0,1061762
2019-01-30,1301.5172119140625,1390.4000244140625,1416.800048828125,1372.0999755859375,1394.0,1313152
2019-01-31,1322.2979736328125,1412.5999755859375,1415.0,1391.050048828125,1400.0,1256050
2019-02-01,1364.0467529296875,1457.199951171875,1469.6500244140625,1408.199951171875,1412.4000244140625,2077539
2019-02-04,1353.8902587890625,1446.3499755859375,1452.800048828125,1434.0,1444.0,735159
2019-02-05,1357.6346435546875,1450.3499755859375,1466.9000244140625,1443.0999755859375,1444.949951171875,786962
2019-02-06,1375.4671630859375,1469.4000244140625,1476.199951171875,1452.300048828125,1457.8499755859375,1088914
2019-02-07,1378.3218994140625,1472.449951171875,1476.800048828125,1457.0,1467.050048828125,697412
2019-02-08,1356.1837158203125,1448.800048828125,1480.0,1445.0,1468.0,1018518
2019-02-11,1345.2315673828125,1437.0999755859375,1457.300048828125,1427.0,1447.9000244140625,728051
2019-02-12,1359.27294921875,1452.0999755859375,1456.9000244140625,1435.25,1438.5,947583
2019-02-14,1309.75439453125,1399.199951171875,1423.1500244140625,1396.5,1417.6500244140625,915441
2019-02-15,1304.5123291015625,1393.5999755859375,1404.949951171875,1372.0999755859375,1400.800048828125,1113223
2019-02-18,1291.8284912109375,1380.050048828125,1401.699951171875,1345.0,1401.699951171875,1460282
2019-02-19,1289.769287109375,1377.8499755859375,1396.949951171875,1371.0,1372.050048828125,697530
2019-02-20,1307.601318359375,1396.9000244140625,1398.800048828125,1376.0,1380.0,843469
2019-02-21,1308.444091796875,1397.800048828125,1407.8499755859375,1390.300048828125,1399.0,677142
2019-02-22,1308.444091796875,1397.800048828125,1407.75,1384.199951171875,1399.0,801380
2019-02-25,1308.865234375,1398.25,1405.800048828125,1391.3499755859375,1399.949951171875,711217
2019-02-26,1312.3753662109375,1402.0,1407.0,1378.5999755859375,1396.9000244140625,1147218
2019-02-27,1315.8388671875,1405.699951171875,1430.8499755859375,1395.0,1404.0,1462017
2019-02-28,1315.37109375,1405.199951171875,1415.0,1401.449951171875,1414.800048828125,1230935
2019-03-01,1303.34228515625,1392.3499755859375,1417.949951171875,1388.0999755859375,1409.0,783876
2019-03-05,1314.107421875,1403.8499755859375,1409.75,1382.699951171875,1393.5,1214257
2019-03-06,1304.60595703125,1393.699951171875,1410.0,1386.550048828125,1408.0,720335
2019-03-07,1306.2440185546875,1395.449951171875,1405.5,1392.0,1398.5999755859375,746742
2019-03-08,1293.981689453125,1382.3499755859375,1394.6500244140625,1380.0,1393.75,524331
2019-03-11,1329.0377197265625,1419.800048828125,1423.0,1385.0,1389.199951171875,1342007
2019-03-12,1336.8067626953125,1428.0999755859375,1445.3499755859375,1421.199951171875,1422.0,1333909
2019-03-13,1336.9940185546875,1428.300048828125,1439.4000244140625,1417.0,1439.4000244140625,708227
2019-03-14,1343.03173828125,1434.75,1446.949951171875,1420.0,1437.5999755859375,1113700
2019-03-15,1340.9722900390625,1432.550048828125,1457.0,1428.6500244140625,1434.0,1667627
2019-03-18,1353.188232421875,1445.5999755859375,1460.5999755859375,1436.5999755859375,1446.0,1148000
2019-03-19,1360.957763671875,1453.9000244140625,1459.8499755859375,1440.0,1442.0,886660
2019-03-20,1363.0638427734375,1456.1500244140625,1466.0,1448.5,1462.0,764625
2019-03-22,1377.1986083984375,1471.25,1479.9000244140625,1452.5999755859375,1459.0,1380404
2019-03-25,1364.3743896484375,1457.550048828125,1475.5999755859375,1451.5,1465.0999755859375,848078
2019-03-26,1390.116455078125,1485.050048828125,1492.25,1460.5,1460.5,1630147
2019-03-27,1377.94775390625,1472.050048828125,1496.949951171875,1463.5,1494.0,1387002
2019-03-28,1401.302490234375,1497.0,1508.949951171875,1473.5,1473.5,1353947
2019-04-01,1397.3240966796875,1492.75,1504.0,1490.0,1496.75,707570
2019-04-02,1422.1768798828125,1519.300048828125,1523.449951171875,1484.550048828125,1493.0,1326634
2019-04-03,1401.8641357421875,1497.5999755859375,1529.8499755859375,1493.0,1521.25,1606692
2019-04-04,1421.8961181640625,1519.0,1525.0,1503.0,1504.800048828125,1409222
2019-04-05,1417.636962890625,1514.449951171875,1523.6500244140625,1503.0,1520.0,1129222
2019-04-08,1400.6939697265625,1496.3499755859375,1514.0,1486.0,1514.0,925518
2019-04-09,1352.486328125,1444.8499755859375,1474.9000244140625,1437.199951171875,1464.699951171875,2642226
2019-04-10,1319.7237548828125,1409.8499755859375,1451.0,1405.3499755859375,1449.800048828125,2608319
2019-04-11,1332.1734619140625,1423.1500244140625,1431.949951171875,1408.0,1409.699951171875,1494450
2019-04-12,1346.6827392578125,1438.6500244140625,1444.800048828125,1425.800048828125,1432.75,1510649
2019-04-15,1340.036376953125,1431.550048828125,1451.449951171875,1427.0,1447.949951171875,791389
2019-04-16,1365.731689453125,1459.0,1464.9000244140625,1440.25,1442.75,1463057
2019-04-18,1375.65380859375,1469.5999755859375,1479.9000244140625,1460.300048828125,1464.0,1425676
2019-04-22,1351.08203125,1443.3499755859375,1459.949951171875,1435.0,1459.949951171875,737603
2019-04-23,1339.5216064453125,1431.0,1454.9000244140625,1425.9000244140625,1449.0,601653
2019-04-24,1357.35400390625,1450.050048828125,1459.4000244140625,1431.0,1436.0,1154712
2019-04-25,1355.387939453125,1447.949951171875,1460.0,1438.0999755859375,1450.0,1161847
2019-04-26,1356.136962890625,1448.75,1459.3499755859375,1436.0,1450.0,704193
2019-04-30,1369.6163330078125,1463.1500244140625,1477.0,1455.300048828125,1456.0,1525776
2019-05-02,1344.76318359375,1436.5999755859375,1472.9000244140625,1430.0999755859375,1465.0,774788
2019-05-03,1346.5889892578125,1438.550048828125,1456.0,1432.199951171875,1443.800048828125,1020007
2019-05-06,1322.4849853515625,1412.800048828125,1448.5999755859375,1408.550048828125,1434.949951171875,1161960
2019-05-07,1299.08349609375,1387.800048828125,1426.800048828125,1376.3499755859375,1426.800048828125,2863939
2019-05-08,1297.1173095703125,1385.699951171875,1395.0,1362.5999755859375,1382.0,1414591
2019-05-09,1267.6312255859375,1354.199951171875,1393.6500244140625,1346.550048828125,1384.949951171875,2628463
2019-05-10,1255.3216552734375,1341.050048828125,1350.0,1314.0999755859375,1314.0999755859375,3476379
2019-05-13,1247.3184814453125,1332.5,1345.25,1323.6500244140625,1341.050048828125,862130
2019-05-14,1235.8511962890625,1320.25,1334.75,1302.0999755859375,1330.0,2167873
2019-05-15,1222.4654541015625,1305.949951171875,1329.0,1301.699951171875,1326.0,996276
2019-05-16,1221.0147705078125,1304.4000244140625,1314.0,1295.8499755859375,1312.0,726485
2019-05-17,1235.617431640625,1320.0,1330.75,1301.0,1305.0,860934
2019-05-20,1286.11865234375,1373.949951171875,1378.4000244140625,1335.0,1340.0,976630
2019-05-21,1270.954345703125,1357.75,1384.0,1352.699951171875,1384.0,1166297
2019-05-22,1280.9703369140625,1368.449951171875,1373.75,1348.050048828125,1360.5,840075
2019-05-23,1280.315185546875,1367.75,1389.0,1357.699951171875,1389.0,1527569
2019-05-24,1295.994140625,1384.5,1400.449951171875,1376.1500244140625,1392.0,980933
2019-05-27,1279.4725341796875,1366.8499755859375,1390.699951171875,1362.699951171875,1386.9000244140625,782730
2019-05-28,1277.13232421875,1364.3499755859375,1388.8499755859375,1360.0,1369.949951171875,1562891
2019-05-29,1271.4222412109375,1358.25,1366.949951171875,1347.0999755859375,1360.800048828125,582768
2019-05-30,1286.7269287109375,1374.5999755859375,1392.0,1353.9000244140625,1365.0,1032259
2019-05-31,1317.3365478515625,1407.300048828125,1428.0,1381.0,1381.0,2559888
2019-06-03,1365.9658203125,1459.25,1464.949951171875,1430.0,1431.949951171875,2867897
2019-06-04,1330.62890625,1421.5,1455.0,1417.050048828125,1455.0,1493226
2019-06-06,1337.228271484375,1428.550048828125,1461.8499755859375,1424.9000244140625,1434.949951171875,1985857
2019-06-07,1327.68017578125,1418.3499755859375,1439.8499755859375,1413.050048828125,1429.0,878470
2019-06-10,1331.6585693359375,1422.5999755859375,1442.0,1418.5,1429.0,800967
2019-06-11,1334.373046875,1425.5,1433.3499755859375,1409.5,1428.0,743047
2019-06-12,1334.3265380859375,1425.449951171875,1439.9000244140625,1421.0,1429.949951171875,874293
2019-06-13,1345.290283203125,1429.449951171875,1438.9000244140625,1422.199951171875,1429.0,1572720
2019-06-14,1329.5738525390625,1412.75,1431.75,1411.0,1430.0,546091
2019-06-17,1319.409423828125,1401.949951171875,1425.0,1398.9000244140625,1417.0,962166
2019-06-18,1298.798828125,1380.050048828125,1410.4000244140625,1376.050048828125,1405.0,1177437
2019-06-19,1299.8341064453125,1381.1500244140625,1396.4000244140625,1372.0,1382.0,692212
2019-06-20,1310.0926513671875,1392.050048828125,1404.9000244140625,1360.699951171875,1365.550048828125,991210
2019-06-21,1301.5753173828125,1383.0,1394.6500244140625,1372.0,1379.949951171875,1242165
2019-06-24,1295.1285400390625,1376.1500244140625,1398.0,1368.25,1386.0,757055
2019-06-25,1282.846923828125,1363.0999755859375,1372.449951171875,1360.3499755859375,1371.0,1388994
2019-06-26,1279.8824462890625,1359.949951171875,1369.550048828125,1352.0,1360.0,960174
2019-06-27,1281.2467041015625,1361.4000244140625,1369.6500244140625,1358.1500244140625,1361.0999755859375,2113899
2019-06-28,1278.1883544921875,1358.1500244140625,1371.9000244140625,1350.0999755859375,1365.0,1131371
2019-07-01,1274.141845703125,1353.8499755859375,1374.5,1351.050048828125,1368.0,739182
2019-07-02,1266.5185546875,1345.75,1360.0,1340.699951171875,1356.0,1171118
2019-07-03,1272.4005126953125,1352.0,1371.0,1349.5,1356.050048828125,1378288
2019-07-04,1279.6470947265625,1359.699951171875,1366.3499755859375,1351.1500244140625,1356.0,902077
2019-07-05,1278.705810546875,1358.699951171875,1373.449951171875,1351.449951171875,1363.9000244140625,966162
2019-07-08,1261.342041015625,1340.25,1358.4000244140625,1332.699951171875,1358.0,866416
2019-07-09,1243.2257080078125,1321.0,1344.9000244140625,1291.25,1344.9000244140625,2037332
2019-07-10,1245.0609130859375,1322.949951171875,1340.3499755859375,1312.050048828125,1317.800048828125,1115080
2019-07-11,1254.0010986328125,1332.449951171875,1337.0,1311.050048828125,1317.0,757323
2019-07-12,1281.7645263671875,1361.949951171875,1369.550048828125,1325.449951171875,1332.449951171875,1050985
2019-07-15,1273.48291015625,1353.1500244140625,1367.0,1347.050048828125,1362.8499755859375,666533
2019-07-16,1291.50537109375,1372.300048828125,1375.0,1345.0,1352.0,782642
2019-07-17,1313.7156982421875,1395.9000244140625,1404.8499755859375,1375.5,1377.0,1599926
2019-07-18,1303.410400390625,1384.949951171875,1395.3499755859375,1377.199951171875,1395.0,802222
2019-07-19,1288.4935302734375,1369.0999755859375,1399.4000244140625,1365.0,1390.0999755859375,842552
2019-07-22,1321.5272216796875,1404.199951171875,1410.0,1359.050048828125,1367.800048828125,1279369
2019-07-23,1345.1964111328125,1429.3499755859375,1443.949951171875,1401.8499755859375,1409.0,2262423
2019-07-24,1396.064208984375,1483.4000244140625,1493.5,1395.1500244140625,1430.5,7400250
2019-07-25,1407.7811279296875,1495.8499755859375,1503.8499755859375,1459.050048828125,1481.300048828125,4194809
2019-07-26,1436.579345703125,1526.449951171875,1530.800048828125,1485.5999755859375,1488.0999755859375,2420636
2019-07-29,1424.1568603515625,1513.25,1538.25,1506.5999755859375,1524.9000244140625,1634196
2019-07-30,1419.9215087890625,1508.75,1527.0,1502.699951171875,1511.0999755859375,1436383
2019-07-31,1431.54443359375,1521.0999755859375,1525.0,1495.1500244140625,1507.0,1249734
2019-08-01,1416.110107421875,1504.699951171875,1531.449951171875,1493.6500244140625,1515.0,2263295
2019-08-02,1454.2257080078125,1545.199951171875,1550.0,1504.5,1509.0,3044783
2019-08-05,1435.591552734375,1525.4000244140625,1551.0,1521.699951171875,1533.199951171875,1443728
2019-08-06,1473.6600341796875,1565.8499755859375,1569.8499755859375,1524.050048828125,1530.0,2056715
2019-08-07,1467.4013671875,1559.199951171875,1575.0,1551.9000244140625,1563.300048828125,1583322
2019-08-08,1473.70703125,1565.9000244140625,1569.699951171875,1540.300048828125,1565.75,1579565
2019-08-09,1482.7418212890625,1575.5,1581.9000244140625,1561.0,1569.199951171875,1154542
2019-08-13,1480.7183837890625,1573.3499755859375,1594.0,1568.0,1573.5,1612748
2019-08-14,1477.282958984375,1569.699951171875,1575.5,1552.5,1574.5,1113095
2019-08-16,1503.3992919921875,1597.449951171875,1600.8499755859375,1561.0,1571.0,1682359
2019-08-19,1493.0469970703125,1586.449951171875,1609.550048828125,1582.199951171875,1599.0,1322246
2019-08-20,1501.235107421875,1595.1500244140625,1599.5,1582.699951171875,1585.0,1024331
2019-08-21,1495.58837890625,1589.1500244140625,1595.0,1578.550048828125,1585.25,704009
2019-08-22,1477.75390625,1570.199951171875,1593.9000244140625,1566.300048828125,1585.199951171875,985590
2019-08-23,1487.3533935546875,1580.4000244140625,1583.3499755859375,1555.6500244140625,1569.9000244140625,984637
2019-08-26,1503.4935302734375,1597.550048828125,1600.0,1577.1500244140625,1590.0,1153556
2019-08-27,1505.28173828125,1599.449951171875,1607.449951171875,1585.5,1600.0,1581449
2019-08-28,1508.763916015625,1603.1500244140625,1606.75,1590.5999755859375,1599.199951171875,565676
2019-08-29,1520.1514892578125,1615.25,1619.9000244140625,1589.0,1602.8499755859375,861692
2019-08-30,1521.0457763671875,1616.199951171875,1622.5,1595.0999755859375,1616.0,1181516
2019-09-03,1483.918212890625,1576.75,1609.5999755859375,1573.550048828125,1608.0,1289263
2019-09-04,1444.767333984375,1535.1500244140625,1582.5999755859375,1527.800048828125,1579.0,2381389
2019-09-05,1430.2740478515625,1519.75,1545.9000244140625,1515.25,1537.0,1506173
2019-09-06,1442.1795654296875,1532.4000244140625,1539.449951171875,1519.75,1524.0,801338
2019-09-09,1449.896484375,1540.5999755859375,1545.0,1524.199951171875,1530.550048828125,812836
2019-09-11,1469.5189208984375,1561.449951171875,1565.0,1542.6500244140625,1545.0,1541300
2019-09-12,1449.6143798828125,1540.300048828125,1570.0,1537.1500244140625,1570.0,753116
2019-09-13,1457.049072265625,1548.199951171875,1553.1500244140625,1528.0,1540.0,547381
2019-09-16,1431.73291015625,1521.300048828125,1526.949951171875,1502.0999755859375,1510.0,1811073
2019-09-17,1440.7677001953125,1530.9000244140625,1543.300048828125,1518.5999755859375,1527.4000244140625,1353034
2019-09-18,1456.62548828125,1547.75,1560.949951171875,1535.0,1542.1500244140625,1057300
2019-09-19,1462.4136962890625,1553.9000244140625,1563.5,1545.0,1553.9000244140625,879908
2019-09-20,1572.6190185546875,1671.0,1725.25,1542.0999755859375,1559.0,3962166
2019-09-23,1696.6124267578125,1802.75,1820.0,1697.8499755859375,1697.8499755859375,4253004
2019-09-24,1661.931884765625,1765.9000244140625,1802.949951171875,1752.0,1802.800048828125,2028042
2019-09-25,1648.6619873046875,1751.800048828125,1784.0,1728.25,1784.0,1794074
2019-09-26,1666.6845703125,1770.949951171875,1780.0,1751.9000244140625,1761.800048828125,1674004
2019-09-27,1671.719482421875,1776.300048828125,1781.4000244140625,1735.3499755859375,1770.0,1115289
2019-09-30,1658.4027099609375,1762.1500244140625,1770.0,1737.050048828125,1768.0,1041807
2019-10-01,1662.1201171875,1766.0999755859375,1799.9000244140625,1757.0,1768.949951171875,1317945
2019-10-03,1645.97998046875,1748.949951171875,1768.25,1732.199951171875,1765.0,1010826
2019-10-04,1622.8753662109375,1724.4000244140625,1761.699951171875,1717.0999755859375,1753.9000244140625,1231811
2019-10-07,1623.5809326171875,1725.1500244140625,1742.949951171875,1717.8499755859375,1724.949951171875,562559
2019-10-09,1669.037353515625,1773.449951171875,1778.0,1725.699951171875,1725.699951171875,1777552
2019-10-10,1673.8841552734375,1778.5999755859375,1793.0,1756.5,1765.0,1599166
2019-10-11,1684.848388671875,1790.25,1801.800048828125,1764.050048828125,1787.5999755859375,1442236
2019-10-14,1692.800537109375,1798.699951171875,1806.300048828125,1784.699951171875,1790.0,881724
2019-10-15,1696.941650390625,1803.0999755859375,1825.0,1796.0,1807.699951171875,1204392
2019-10-16,1661.7437744140625,1765.699951171875,1814.0,1756.550048828125,1808.5,1403020
2019-10-17,1705.6002197265625,1812.300048828125,1816.6500244140625,1756.0,1772.0,1722055
2019-10-18,1709.7879638671875,1816.75,1824.449951171875,1786.699951171875,1815.0,1682488
2019-10-22,1675.389892578125,1780.199951171875,1825.0,1775.0,1822.699951171875,2135313
2019-10-23,1663.343505859375,1767.4000244140625,1800.0,1762.0,1762.4000244140625,3369253
2019-10-24,1685.0836181640625,1790.5,1794.949951171875,1753.050048828125,1778.0,1497854
2019-10-25,1690.542236328125,1796.300048828125,1808.4000244140625,1785.050048828125,1797.0,1202154
2019-10-27,1687.0599365234375,1792.5999755859375,1807.550048828125,1788.0999755859375,1802.0,124919
2019-10-29,1707.4351806640625,1814.25,1820.0,1772.550048828125,1792.0999755859375,1050123
2019-10-30,1717.2410888671875,1821.300048828125,1830.0,1804.0,1830.0,1133258
2019-10-31,1706.2093505859375,1809.5999755859375,1834.800048828125,1803.5,1826.300048828125,1297114
2019-11-01,1665.4307861328125,1766.3499755859375,1821.0,1762.0,1816.0,1527660
2019-11-04,1683.8634033203125,1785.9000244140625,1790.0,1766.199951171875,1775.0,821893
2019-11-05,1691.359375,1793.8499755859375,1797.800048828125,1767.5999755859375,1780.0,1251974
2019-11-06,1694.8948974609375,1797.5999755859375,1815.0,1780.5999755859375,1789.0,1136777
2019-11-07,1722.568115234375,1826.949951171875,1830.9000244140625,1798.199951171875,1810.0,1380635
2019-11-08,1692.302490234375,1794.8499755859375,1826.800048828125,1790.800048828125,1826.0,1077136
2019-11-11,1672.5965576171875,1773.949951171875,1793.949951171875,1768.0,1789.949951171875,860384
2019-11-13,1669.296142578125,1770.449951171875,1787.0,1756.699951171875,1773.75,983760
2019-11-14,1670.6163330078125,1771.8499755859375,1800.0,1766.449951171875,1778.0,1116800
2019-11-15,1660.103271484375,1760.699951171875,1784.0,1756.300048828125,1780.8499755859375,729613
2019-11-18,1639.643310546875,1739.0,1765.449951171875,1734.5,1760.699951171875,1273055
2019-11-19,1623.0015869140625,1721.3499755859375,1748.0,1718.5,1747.949951171875,1187377
2019-11-20,1625.0289306640625,1723.5,1748.8499755859375,1715.449951171875,1729.9000244140625,1374382
2019-11-21,1622.058837890625,1720.3499755859375,1734.8499755859375,1711.0,1727.9000244140625,913095
2019-11-22,1586.6070556640625,1682.75,1713.949951171875,1676.0,1710.0,1275334
2019-11-25,1612.9600830078125,1710.699951171875,1718.0,1666.1500244140625,1684.0,1320689
2019-11-26,1612.583251953125,1710.300048828125,1728.8499755859375,1687.5999755859375,1718.0,2714721
2019-11-27,1617.3446044921875,1715.3499755859375,1731.0,1704.5999755859375,1714.0,883771
2019-11-28,1616.6373291015625,1714.5999755859375,1727.550048828125,1701.75,1718.25,691147
2019-11-29,1608.6700439453125,1706.1500244140625,1720.4000244140625,1677.3499755859375,1715.0,1890290
2019-12-02,1638.9361572265625,1738.25,1742.5,1698.3499755859375,1706.199951171875,1476972
2019-12-03,1637.2388916015625,1736.449951171875,1750.949951171875,1725.0,1740.0,1374317
2019-12-04,1622.0115966796875,1720.300048828125,1734.4000244140625,1710.25,1731.199951171875,853421
2019-12-05,1617.81591796875,1715.8499755859375,1738.1500244140625,1707.0,1717.4000244140625,971984
2019-12-06,1618.5701904296875,1716.6500244140625,1747.5999755859375,1712.8499755859375,1722.9000244140625,1031777
2019-12-09,1627.716064453125,1726.3499755859375,1732.9000244140625,1711.0,1725.0,751290
2019-12-10,1615.2703857421875,1713.1500244140625,1732.0,1709.0,1726.0,686580
2019-12-11,1638.8890380859375,1738.199951171875,1741.5999755859375,1713.25,1718.0,827804
2019-12-12,1650.6275634765625,1750.6500244140625,1754.0,1728.0999755859375,1740.3499755859375,802332
2019-12-13,1644.3106689453125,1743.949951171875,1757.699951171875,1735.550048828125,1751.0,960033
2019-12-16,1632.5244140625,1731.449951171875,1752.0,1728.050048828125,1744.0,707437
2019-12-17,1645.677490234375,1745.4000244140625,1748.949951171875,1730.25,1735.199951171875,873024
2019-12-18,1676.8392333984375,1778.449951171875,1782.0,1733.6500244140625,1749.25,1476506
2019-12-19,1700.0810546875,1803.0999755859375,1807.800048828125,1775.5999755859375,1778.800048828125,2554245
2019-12-20,1696.4508056640625,1799.25,1809.0,1795.0,1804.949951171875,1419128
2019-12-23,1704.27685546875,1807.550048828125,1814.5999755859375,1786.199951171875,1795.800048828125,659899
2019-12-24,1700.410888671875,1803.449951171875,1826.0,1799.050048828125,1812.0,896574
2019-12-26,1706.2093505859375,1809.5999755859375,1819.699951171875,1797.050048828125,1799.4000244140625,1161570
2019-12-27,1708.7081298828125,1812.25,1826.0,1800.5999755859375,1811.0,930468
2019-12-30,1699.3267822265625,1802.300048828125,1818.449951171875,1798.699951171875,1810.0,562492
2019-12-31,1682.9677734375,1784.949951171875,1805.0,1781.0999755859375,1805.0,928396
2020-01-01,1690.746337890625,1793.199951171875,1802.550048828125,1783.199951171875,1790.199951171875,397285
2020-01-02,1688.342041015625,1790.6500244140625,1799.9000244140625,1783.4000244140625,1791.0,411266
2020-01-03,1651.334716796875,1751.4000244140625,1779.800048828125,1747.050048828125,1779.800048828125,1318628
2020-01-06,1609.61328125,1707.1500244140625,1738.0,1694.0,1737.949951171875,1871804
2020-01-07,1625.877685546875,1724.4000244140625,1740.5,1711.0,1711.0,1033650
2020-01-08,1630.0262451171875,1728.800048828125,1736.0,1695.0,1696.0,1006057
2020-01-09,1671.276611328125,1772.550048828125,1775.0,1741.0,1763.0,1781733
2020-01-10,1690.1336669921875,1792.550048828125,1797.300048828125,1760.0,1772.0,1256612
2020-01-13,1701.7779541015625,1804.9000244140625,1807.949951171875,1794.3499755859375,1799.0,823821
2020-01-14,1715.2138671875,1819.1500244140625,1821.6500244140625,1804.800048828125,1805.0,775629
2020-01-15,1736.9942626953125,1842.25,1845.0,1810.0999755859375,1817.5,1252925
2020-01-16,1730.2998046875,1835.1500244140625,1848.0,1828.75,1835.949951171875,1031569
2020-01-17,1725.4910888671875,1830.050048828125,1838.9000244140625,1815.0,1835.5999755859375,862204
2020-01-20,1743.1229248046875,1848.75,1862.25,1833.5999755859375,1838.0,1091453
2020-01-21,1707.2938232421875,1810.75,1842.550048828125,1793.8499755859375,1839.949951171875,2101561
2020-01-22,1677.593505859375,1779.25,1818.699951171875,1766.8499755859375,1815.0,3415306
2020-01-23,1674.6234130859375,1776.0999755859375,1789.0,1757.0999755859375,1779.0,1885275
2020-01-24,1684.7122802734375,1786.800048828125,1799.9000244140625,1780.25,1783.6500244140625,1195596
2020-01-27,1686.173583984375,1788.3499755859375,1805.75,1780.0,1787.0,969054
2020-01-28,1677.4520263671875,1779.0999755859375,1794.0,1773.0,1794.0,873291
2020-01-29,1694.2822265625,1796.949951171875,1803.8499755859375,1781.0,1787.0,873805
2020-01-30,1701.8724365234375,1805.0,1808.9000244140625,1786.0,1800.0,1005975
2020-01-31,1693.056396484375,1795.6500244140625,1824.0,1788.699951171875,1810.0,1169614
2020-02-03,1760.9429931640625,1867.6500244140625,1872.9000244140625,1765.0,1768.800048828125,2854532
2020-02-04,1783.2418212890625,1891.300048828125,1896.75,1855.050048828125,1870.0,1830049
2020-02-05,1766.45849609375,1873.5,1890.0,1866.1500244140625,1889.0,1344016
2020-02-06,1750.712890625,1856.800048828125,1882.4000244140625,1845.0,1878.0,995386
2020-02-07,1752.5042724609375,1858.699951171875,1876.5,1850.5999755859375,1856.800048828125,632858
2020-02-10,1762.6871337890625,1869.5,1872.75,1837.199951171875,1867.0,747711
2020-02-11,1770.7958984375,1878.0999755859375,1894.5,1872.75,1880.0,1093021
2020-02-12,1785.5047607421875,1893.699951171875,1916.699951171875,1878.199951171875,1880.0,1616826
2020-02-13,1766.9771728515625,1874.050048828125,1901.949951171875,1868.050048828125,1889.0,638878
2020-02-14,1769.8060302734375,1877.050048828125,1899.6500244140625,1870.0,1876.5,771464
2020-02-17,1773.9072265625,1881.4000244140625,1893.5,1870.5999755859375,1879.9000244140625,676579
2020-02-18,1757.1715087890625,1863.6500244140625,1879.9000244140625,1861.0,1879.9000244140625,683421
2020-02-19,1777.2071533203125,1884.9000244140625,1892.75,1851.3499755859375,1870.0999755859375,723351
2020-02-20,1736.9942626953125,1842.25,1886.0,1839.050048828125,1883.0,1401879
2020-02-24,1715.025390625,1818.949951171875,1853.0,1814.0,1845.25,1310832
2020-02-25,1721.766845703125,1826.0999755859375,1843.550048828125,1820.199951171875,1838.4000244140625,897257
2020-02-26,1722.2852783203125,1826.6500244140625,1845.0,1820.0,1826.0,1909619
2020-02-27,1738.4556884765625,1843.800048828125,1852.0,1810.449951171875,1829.8499755859375,1643273
2020-02-28,1695.22509765625,1797.949951171875,1842.0999755859375,1783.1500244140625,1820.0,2964119
2020-03-02,1684.7122802734375,1786.800048828125,1837.449951171875,1769.25,1815.0999755859375,1219296
2020-03-03,1704.497314453125,1800.550048828125,1818.0,1767.0,1780.050048828125,1392463
2020-03-04,1749.3685302734375,1847.949951171875,1857.449951171875,1804.050048828125,1804.050048828125,3050469
2020-03-05,1774.4549560546875,1874.449951171875,1882.0,1852.0999755859375,1854.0,2062439
2020-03-06,1777.294677734375,1877.449951171875,1884.4000244140625,1835.0,1840.0,1393659
2020-03-09,1767.5445556640625,1867.1500244140625,1915.9000244140625,1848.0,1888.0,3420741
2020-03-11,1782.40673828125,1882.8499755859375,1905.0,1851.5,1874.949951171875,3194186
2020-03-12,1745.013916015625,1843.3499755859375,1874.800048828125,1815.0,1864.949951171875,6254349
2020-03-13,1701.7994384765625,1797.699951171875,1843.75,1669.8499755859375,1785.0,3878300
2020-03-16,1593.596923828125,1683.4000244140625,1777.0,1678.1500244140625,1777.0,2867336
2020-03-17,1639.2257080078125,1731.5999755859375,1779.800048828125,1670.0,1699.0,2643189
2020-03-18,1531.874755859375,1618.199951171875,1758.550048828125,1608.0,1732.0,3676437
2020-03-19,1515.78173828125,1601.199951171875,1653.949951171875,1431.199951171875,1540.0,4906644
2020-03-20,1649.9697265625,1742.949951171875,1757.4000244140625,1570.550048828125,1610.0,3128629
2020-03-23,1418.51318359375,1498.449951171875,1650.0,1490.75,1578.5999755859375,2155326
2020-03-24,1443.5047607421875,1524.8499755859375,1598.0,1453.25,1556.550048828125,3910566
2020-03-25,1508.1612548828125,1593.1500244140625,1605.3499755859375,1446.0,1446.550048828125,2196415
2020-03-26,1530.691650390625,1616.949951171875,1650.0,1574.0,1605.0,2622118
2020-03-27,1518.57470703125,1604.1500244140625,1665.25,1550.199951171875,1664.800048828125,2102479
2020-03-30,1509.8651123046875,1594.949951171875,1619.5,1559.050048828125,1591.1500244140625,1844011
2020-03-31,1577.598388671875,1666.5,1690.0,1601.800048828125,1625.0,2789174
2020-04-01,1517.6751708984375,1603.199951171875,1655.0,1584.25,1650.050048828125,1559455
2020-04-03,1439.765380859375,1520.9000244140625,1616.0,1517.25,1615.0999755859375,2925847
2020-04-07,1537.176025390625,1623.800048828125,1635.0,1538.0,1540.0,2733586
2020-04-08,1523.1182861328125,1608.949951171875,1687.800048828125,1600.0,1623.800048828125,2382213
2020-04-09,1563.25634765625,1651.3499755859375,1678.9000244140625,1618.949951171875,1640.0,1489539
2020-04-13,1591.182861328125,1680.8499755859375,1703.6500244140625,1602.8499755859375,1646.0,2586159
2020-04-15,1626.540283203125,1718.199951171875,1736.75,1683.800048828125,1703.6500244140625,2508270
2020-04-16,1650.1119384765625,1743.0999755859375,1752.300048828125,1684.75,1691.0,1821296
2020-04-17,1662.560302734375,1756.25,1783.699951171875,1727.0999755859375,1763.0,1398686
2020-04-20,1638.1368408203125,1730.449951171875,1758.6500244140625,1705.6500244140625,1758.25,1431055
2020-04-21,1633.9241943359375,1726.0,1753.949951171875,1700.0,1710.0,1594930
2020-04-22,1716.2833251953125,1813.0,1822.0,1712.25,1717.0999755859375,3727805
2020-04-23,1724.4716796875,1821.6500244140625,1845.4000244140625,1801.050048828125,1807.0,2573552
2020-04-24,1730.0570068359375,1827.550048828125,1842.800048828125,1814.0,1815.050048828125,2744768
2020-04-27,1752.5872802734375,1851.3499755859375,1859.800048828125,1818.0999755859375,1840.0,1770889
2020-04-28,1727.0750732421875,1824.4000244140625,1864.0,1806.300048828125,1847.199951171875,1934910
2020-04-29,1673.2103271484375,1767.5,1847.0,1755.9000244140625,1846.9000244140625,2931120
2020-04-30,1664.879638671875,1758.699951171875,1797.0,1741.0,1795.0,2926333
2020-05-04,1587.348876953125,1676.800048828125,1751.0,1671.5,1718.0,2942397
2020-05-05,1532.7744140625,1619.1500244140625,1692.9000244140625,1578.25,1681.0,5867890
2020-05-06,1524.7276611328125,1610.6500244140625,1638.699951171875,1577.0,1615.0,3937921
2020-05-07,1509.2501220703125,1594.300048828125,1628.699951171875,1545.199951171875,1609.949951171875,5256213
2020-05-08,1494.1982421875,1578.4000244140625,1638.0,1570.0,1611.800048828125,5644426
2020-05-11,1485.86767578125,1569.5999755859375,1599.0,1555.0,1583.0,3767646
2020-05-12,1442.0849609375,1523.3499755859375,1543.75,1512.0,1539.0,4504073
2020-05-13,1479.9039306640625,1563.300048828125,1579.800048828125,1533.3499755859375,1579.800048828125,2940514
2020-05-14,1441.185546875,1522.4000244140625,1557.5999755859375,1517.0,1553.300048828125,2592264
2020-05-15,1470.1055908203125,1552.949951171875,1560.0,1510.0,1529.0,2860493
2020-05-18,1421.0218505859375,1501.0999755859375,1558.550048828125,1498.0999755859375,1558.0,2871905
2020-05-19,1423.7198486328125,1503.949951171875,1516.949951171875,1482.949951171875,1510.0,3164137
2020-05-20,1420.0279541015625,1500.050048828125,1514.0,1492.6500244140625,1503.949951171875,2057402
2020-05-21,1490.31689453125,1574.300048828125,1583.5,1501.0,1503.0,3845743
2020-05-22,1531.5909423828125,1617.9000244140625,1625.0,1555.4000244140625,1568.800048828125,5203736
2020-05-26,1542.9033203125,1629.8499755859375,1656.949951171875,1620.0,1625.0,3552636
2020-05-27,1533.058349609375,1619.449951171875,1636.8499755859375,1595.949951171875,1631.0,2260057
2020-05-28,1555.9197998046875,1643.5999755859375,1656.949951171875,1615.25,1622.0,3138915
2020-05-29,1593.312744140625,1683.0999755859375,1699.0,1633.0999755859375,1639.0,3532977
2020-06-01,1602.9215087890625,1693.25,1711.9000244140625,1681.5,1706.5,2529255
2020-06-02,1618.1151123046875,1709.300048828125,1733.0,1680.0,1693.25,2440552
2020-06-03,1624.9783935546875,1716.550048828125,1744.0,1705.8499755859375,1724.0,3088817
2020-06-04,1546.595458984375,1633.75,1719.5999755859375,1627.0,1716.449951171875,4388930
2020-06-05,1551.1395263671875,1638.550048828125,1659.3499755859375,1621.0,1650.0,2884206
2020-06-08,1547.0684814453125,1634.25,1666.0,1629.0,1657.0,2046505
2020-06-09,1554.452880859375,1642.050048828125,1695.0,1636.75,1640.0,3671930
2020-06-10,1548.6778564453125,1635.949951171875,1675.0999755859375,1627.9000244140625,1648.0,2069280
2020-06-11,1524.6802978515625,1610.5999755859375,1646.0,1607.0,1635.949951171875,1888420
2020-06-12,1550.0032958984375,1637.3499755859375,1642.949951171875,1577.5,1580.0,2391556
2020-06-15,1531.874755859375,1618.199951171875,1650.6500244140625,1602.0999755859375,1629.0,1681166
2020-06-16,1535.1881103515625,1621.699951171875,1640.25,1607.6500244140625,1639.0,1497691
2020-06-17,1510.291259765625,1595.4000244140625,1622.6500244140625,1590.4000244140625,1607.550048828125,1812788
2020-06-18,1512.5631103515625,1597.800048828125,1612.199951171875,1587.300048828125,1595.4000244140625,1417273
2020-06-19,1535.9456787109375,1622.5,1630.0,1591.050048828125,1597.800048828125,2714342
2020-06-22,1564.0137939453125,1652.1500244140625,1673.5,1624.0,1633.0,2034739
2020-06-23,1594.070068359375,1683.9000244140625,1689.0,1641.0,1659.8499755859375,2334863
2020-06-24,1654.04052734375,1747.25,1813.75,1684.0,1684.0,11545923
2020-06-25,1598.89794921875,1689.0,1747.0,1683.1500244140625,1740.0,4054785
2020-06-26,1596.76806640625,1686.75,1710.3499755859375,1670.699951171875,1710.0,2129986
2020-06-29,1601.6905517578125,1691.949951171875,1708.449951171875,1674.050048828125,1687.0,2753482
2020-06-30,1597.4305419921875,1687.449951171875,1718.0,1681.6500244140625,1708.9000244140625,1960731
2020-07-01,1597.951416015625,1688.0,1698.0,1680.050048828125,1698.0,1661296
2020-07-02,1596.484130859375,1686.449951171875,1704.0,1660.0999755859375,1700.0,2038399
2020-07-03,1605.1934814453125,1695.6500244140625,1720.0,1690.0,1695.4000244140625,1988941
2020-07-06,1617.6890869140625,1708.8499755859375,1712.0,1692.1500244140625,1708.949951171875,1236670
2020-07-07,1652.6207275390625,1745.75,1749.9000244140625,1705.8499755859375,1708.949951171875,2983260
2020-07-08,1596.2945556640625,1686.25,1761.800048828125,1680.050048828125,1750.0,2725937
2020-07-09,1625.6409912109375,1717.25,1722.0,1692.0999755859375,1694.0,1904661
2020-07-10,1612.624755859375,1703.5,1711.0,1695.199951171875,1707.949951171875,1156043
2020-07-13,1614.66015625,1705.6500244140625,1732.9000244140625,1700.0,1708.0,1289791
2020-07-14,1598.3299560546875,1688.4000244140625,1718.0,1682.0999755859375,1705.6500244140625,1347120
2020-07-15,1582.4735107421875,1671.6500244140625,1713.5999755859375,1663.300048828125,1700.0,1611341
2020-07-16,1602.8740234375,1693.199951171875,1697.0999755859375,1645.0999755859375,1679.800048828125,1442725
2020-07-17,1626.256591796875,1717.9000244140625,1742.5,1689.75,1695.0,2308792
2020-07-20,1658.158447265625,1751.5999755859375,1757.3499755859375,1720.25,1727.0,1848600
2020-07-21,1632.2677001953125,1724.25,1771.75,1719.0,1761.0,2088461
2020-07-22,1605.2880859375,1695.75,1736.4000244140625,1691.0,1724.25,1300409
2020-07-23,1637.0762939453125,1727.800048828125,1740.0,1687.0,1690.0,2375218
2020-07-24,1622.1534423828125,1712.050048828125,1727.0,1682.0,1724.0,3971563
2020-07-27,1684.7825927734375,1778.1500244140625,1788.0,1717.199951171875,1717.199951171875,6470525
2020-07-28,1667.25390625,1759.6500244140625,1792.6500244140625,1751.050048828125,1779.0,2534092
2020-07-29,1648.7779541015625,1740.1500244140625,1779.9000244140625,1730.0,1770.0,1530981
2020-07-30,1651.809814453125,1743.3499755859375,1778.0,1728.0999755859375,1752.0,2113975
2020-07-31,1625.4222412109375,1715.5,1770.9000244140625,1710.4000244140625,1754.0,1678643
2020-08-03,1615.9473876953125,1705.5,1735.0,1697.5,1729.0,1437425
2020-08-04,1623.9534912109375,1713.949951171875,1735.0,1708.550048828125,1719.0,1815396
2020-08-05,1626.1802978515625,1716.300048828125,1741.949951171875,1712.5,1718.0,1416803
2020-08-06,1636.8394775390625,1727.550048828125,1752.0999755859375,1720.0999755859375,1732.050048828125,1914507
2020-08-07,1711.4071044921875,1806.25,1816.9000244140625,1725.699951171875,1727.550048828125,5166075
2020-08-10,1688.761962890625,1782.3499755859375,1824.300048828125,1777.0,1810.0,1892614
2020-08-11,1695.583984375,1789.550048828125,1837.800048828125,1780.0,1800.0,3039662
2020-08-12,1702.8798828125,1797.25,1806.0,1772.0,1789.949951171875,1679096
2020-08-13,1707.9013671875,1802.550048828125,1815.0,1788.0,1806.4000244140625,1192375
2020-08-14,1707.9013671875,1802.550048828125,1830.0,1795.5,1818.699951171875,1868376
2020-08-17,1740.2581787109375,1836.699951171875,1842.5,1801.8499755859375,1820.0,1634180
2020-08-18,1775.6947021484375,1874.0999755859375,1884.0,1831.0,1831.0,2586298
2020-08-19,1786.685302734375,1885.699951171875,1902.4000244140625,1872.550048828125,1890.0,1947114
2020-08-20,1776.452392578125,1874.9000244140625,1880.0,1857.050048828125,1867.949951171875,1538879
2020-08-21,1855.1888427734375,1958.0,1973.25,1880.75,1887.9000244140625,5688228
2020-08-24,1859.1209716796875,1962.1500244140625,1996.0,1940.0,1958.0,3996329
2020-08-25,1895.5521240234375,2000.5999755859375,2016.8499755859375,1964.0,1964.25,3544399
2020-08-26,1867.885498046875,1971.4000244140625,2009.0,1955.5,2000.949951171875,2245810
2020-08-27,1878.40234375,1982.5,2009.0,1970.050048828125,1980.9000244140625,3116305
2020-08-28,1855.2838134765625,1958.0999755859375,1997.0,1953.300048828125,1994.0,1842536
2020-08-31,1799.3818359375,1899.0999755859375,1983.9000244140625,1881.25,1977.0,2738522
2020-09-01,1875.3704833984375,1979.300048828125,1988.0,1907.75,1925.0,3068285
2020-09-02,1841.8765869140625,1943.949951171875,1997.0,1925.0,1977.949951171875,2569603
2020-09-03,1874.138916015625,1978.0,1987.8499755859375,1945.0,1950.199951171875,1931667
2020-09-04,1853.6253662109375,1956.3499755859375,1993.699951171875,1951.0,1958.0,1930422
2020-09-07,1878.0234375,1982.0999755859375,2003.6500244140625,1948.0999755859375,1965.0,2855392
2020-09-08,1857.4156494140625,1960.3499755859375,2001.949951171875,1952.0,1987.5,2401034
2020-09-09,1875.1336669921875,1979.050048828125,1993.9000244140625,1958.0,1960.3499755859375,2776804
2020-09-10,1948.564208984375,2056.550048828125,2069.699951171875,1981.0,1985.050048828125,5081252
2020-09-11,1929.0458984375,2035.949951171875,2069.949951171875,2022.0,2063.0,2599475
2020-09-14,1924.5452880859375,2031.199951171875,2054.0,2005.0,2050.0,2142458
2020-09-15,1911.6121826171875,2017.550048828125,2049.550048828125,2009.050048828125,2045.0,1997383
2020-09-16,1906.4483642578125,2012.0999755859375,2027.0,1994.1500244140625,2027.0,1717740
2020-09-17,1902.51611328125,2007.949951171875,2045.0,2000.0,2000.0,2416918
2020-09-18,1921.892578125,2028.4000244140625,2044.3499755859375,2015.0,2026.300048828125,3021436
2020-09-21,1868.974853515625,1972.550048828125,2057.0,1962.300048828125,2036.4000244140625,2518361
2020-09-22,1835.765380859375,1937.5,1995.699951171875,1926.3499755859375,1990.199951171875,1974860
2020-09-23,1844.3404541015625,1946.550048828125,1990.0,1928.300048828125,1940.0,2732912
2020-09-24,1817.620849609375,1918.3499755859375,1945.0,1907.75,1941.550048828125,1906183
2020-09-25,1824.489990234375,1925.5999755859375,1955.0,1908.0,1925.25,1939316
2020-09-28,1843.43994140625,1945.5999755859375,1958.0,1930.0,1938.0,1137313
2020-09-29,1857.0364990234375,1959.949951171875,1989.949951171875,1954.0,1960.0,1965383
2020-09-30,1882.097900390625,1986.4000244140625,2004.0,1958.1500244140625,1966.0999755859375,2518982
2020-10-01,1933.3095703125,2040.449951171875,2049.35009765625,1992.050048828125,2007.0,2014003
2020-10-05,1921.5133056640625,2028.0,2042.699951171875,2011.0,2040.449951171875,1554873
2020-10-06,1980.2579345703125,2090.0,2097.89990234375,2045.0999755859375,2050.0,3152378
2020-10-07,1994.4700927734375,2105.0,2118.800048828125,2073.949951171875,2080.0,2429595
2020-10-08,1978.978515625,2088.64990234375,2107.949951171875,2072.050048828125,2104.5,1427493
2020-10-09,1942.9268798828125,2050.60009765625,2108.89990234375,2045.1500244140625,2094.0,1636939
2020-10-12,1968.7457275390625,2077.85009765625,2086.449951171875,2041.25,2067.89990234375,2182836
2020-10-13,1956.2388916015625,2064.64990234375,2114.0,2054.050048828125,2077.0,2619233
2020-10-14,1962.5869140625,2071.35009765625,2085.5,2055.0,2070.0,1530471
2020-10-15,1980.684326171875,2090.449951171875,2124.0,2066.050048828125,2070.0,4001883
2020-10-16,1952.97021484375,2061.199951171875,2090.0,2055.550048828125,2089.949951171875,2017706
2020-10-19,1961.4029541015625,2070.10009765625,2079.949951171875,2056.5,2079.949951171875,1338404
2020-10-20,2007.2613525390625,2118.5,2131.800048828125,2067.35009765625,2077.89990234375,2377713
2020-10-21,2003.2823486328125,2114.300048828125,2143.85009765625,2081.25,2130.0,2895432
2020-10-22,1989.6378173828125,2099.89990234375,2116.85009765625,2076.800048828125,2114.199951171875,2755686
2020-10-23,2008.919189453125,2120.25,2129.39990234375,2096.0,2113.5,3070714
2020-10-26,1971.208984375,2080.449951171875,2116.35009765625,2070.050048828125,2116.35009765625,1278139
2020-10-27,2082.397705078125,2197.800048828125,2207.35009765625,2085.0,2085.0,4964874
2020-10-28,2049.279541015625,2159.550048828125,2218.550048828125,2150.14990234375,2199.800048828125,3166047
2020-10-29,2111.814697265625,2225.449951171875,2233.25,2161.10009765625,2162.0,4795796
2020-10-30,2098.5771484375,2211.5,2242.85009765625,2195.5,2210.10009765625,3006197
2020-11-02,2061.900634765625,2172.85009765625,2225.89990234375,2166.10009765625,2198.0,1772571
2020-11-03,2044.6300048828125,2154.64990234375,2193.89990234375,2146.75,2193.89990234375,1781465
2020-11-04,2058.673828125,2169.449951171875,2213.85009765625,2156.0,2160.0,2189957
2020-11-05,2124.0087890625,2238.300048828125,2245.699951171875,2183.64990234375,2190.0,2671841
2020-11-06,2096.251953125,2209.050048828125,2248.0,2202.5,2233.949951171875,2395965
2020-11-09,2111.5771484375,2225.199951171875,2249.0,2214.14990234375,2249.0,1691773
2020-11-10,2087.4267578125,2199.75,2238.550048828125,2189.0,2225.199951171875,1879561
2020-11-11,2070.298095703125,2181.699951171875,2223.0,2157.300048828125,2205.0,2387398
2020-11-12,2060.904052734375,2171.800048828125,2201.75,2162.0,2172.0,1626054
2020-11-13,2068.63818359375,2179.949951171875,2206.550048828125,2172.0,2180.5,1560060
2020-11-14,2073.05029296875,2184.60009765625,2193.39990234375,2180.35009765625,2192.0,146991
2020-11-17,2075.944580078125,2187.64990234375,2221.89990234375,2182.0,2206.39990234375,1699293
2020-11-18,2083.630859375,2195.75,2210.0,2166.10009765625,2185.0,1817170
2020-11-19,2051.31982421875,2161.699951171875,2195.0,2156.699951171875,2175.0,2669522
2020-11-20,2055.92236328125,2166.550048828125,2190.050048828125,2160.550048828125,2163.35009765625,2196113
2020-11-23,2074.615966796875,2186.25,2196.949951171875,2138.800048828125,2160.550048828125,4002609
2020-11-24,2095.16064453125,2207.89990234375,2231.0,2191.0,2192.89990234375,2954306
2020-11-25,2044.2977294921875,2154.300048828125,2208.699951171875,2150.0,2197.25,1682365
2020-11-26,2045.24658203125,2155.300048828125,2177.449951171875,2117.14990234375,2160.0,2247478
2020-11-27,2102.182861328125,2215.300048828125,2244.60009765625,2165.0,2170.0,10036402
2020-12-01,2116.1796875,2230.050048828125,2275.0,2206.199951171875,2275.0,2235498
2020-12-02,2197.5986328125,2315.85009765625,2325.949951171875,2236.0,2241.0,3305952
2020-12-03,2288.26953125,2411.39990234375,2421.85009765625,2316.25,2340.0,4334658
2020-12-04,2314.222900390625,2438.75,2445.0,2375.0,2400.0,2789953
2020-12-07,2346.297607421875,2472.550048828125,2478.800048828125,2437.0,2440.0,1762501
2020-12-08,2314.365478515625,2438.89990234375,2484.199951171875,2427.949951171875,2470.550048828125,2090950
2020-12-09,2393.50732421875,2522.300048828125,2532.10009765625,2447.0,2450.0,2022370
2020-12-10,2397.0654296875,2526.050048828125,2552.0,2501.0,2515.949951171875,2372909
2020-12-11,2392.226318359375,2520.949951171875,2536.89990234375,2495.0,2516.0,2171653
2020-12-14,2418.036865234375,2548.14990234375,2553.89990234375,2521.0,2530.0,1280339
2020-12-15,2398.393798828125,2527.449951171875,2538.60009765625,2502.5,2535.0,1283286
2020-12-16,2450.58544921875,2582.449951171875,2587.89990234375,2537.60009765625,2540.0,1920875
2020-12-17,2443.5634765625,2575.050048828125,2603.35009765625,2557.0,2569.0,1750663
2020-12-18,2468.662841796875,2601.5,2636.0,2575.550048828125,2577.0,4402604
2020-12-21,2424.205078125,2554.64990234375,2602.300048828125,2539.10009765625,2595.449951171875,1383048
2020-12-22,2467.998779296875,2600.800048828125,2613.60009765625,2496.199951171875,2541.0,1993090
2020-12-23,2507.616943359375,2642.550048828125,2650.0,2604.0,2604.0,1339307
2020-12-24,2513.025634765625,2648.25,2658.0,2613.0,2658.0,1143202
2020-12-28,2546.855712890625,2683.89990234375,2689.5,2629.550048828125,2654.25,1226254
2020-12-29,2559.0966796875,2696.800048828125,2712.449951171875,2673.0,2685.0,1562853
2020-12-30,2594.776611328125,2734.39990234375,2742.85009765625,2680.35009765625,2694.0,1614643
2020-12-31,2623.33984375,2764.5,2772.0,2725.050048828125,2734.39990234375,1526325
2021-01-01,2633.825439453125,2775.550048828125,2792.0,2750.0,2759.0,1246698
2021-01-04,2613.091552734375,2753.699951171875,2791.10009765625,2745.0,2781.10009765625,1360486
2021-01-05,2651.19091796875,2793.85009765625,2804.60009765625,2732.0,2753.699951171875,1299589
2021-01-06,2662.103515625,2805.35009765625,2822.449951171875,2780.0,2801.300048828125,1697884
2021-01-07,2649.672607421875,2792.25,2831.85009765625,2781.5,2801.0,1142806
2021-01-08,2699.4443359375,2844.699951171875,2849.800048828125,2789.050048828125,2818.0,1660967
2021-01-11,2703.8095703125,2849.300048828125,2873.449951171875,2824.60009765625,2845.0,1517995
2021-01-12,2581.634033203125,2720.550048828125,2850.0,2712.14990234375,2849.60009765625,6674890
2021-01-13,2565.64453125,2703.699951171875,2763.0,2678.0,2760.0,2862676
2021-01-14,2527.876708984375,2663.89990234375,2736.64990234375,2648.0,2713.0,2124950
2021-01-15,2458.603515625,2590.89990234375,2661.85009765625,2580.550048828125,2660.89990234375,2570436
2021-01-18,2456.0419921875,2588.199951171875,2619.85009765625,2555.39990234375,2592.0,2395168
2021-01-19,2509.989013671875,2645.050048828125,2676.60009765625,2590.0,2615.0,2558693
2021-01-20,2559.52392578125,2697.25,2707.14990234375,2645.050048828125,2654.0,2065439
2021-01-21,2577.648193359375,2716.35009765625,2816.949951171875,2695.0,2726.949951171875,5015712
2021-01-22,2464.060302734375,2596.64990234375,2768.85009765625,2590.0,2750.0,4945564
2021-01-25,2385.583251953125,2513.949951171875,2631.5,2501.0,2612.85009765625,3520087
2021-01-27,2312.183349609375,2436.60009765625,2525.0,2430.550048828125,2525.0,2700415
2021-01-28,2317.022216796875,2441.699951171875,2453.949951171875,2401.050048828125,2420.0,3035457
2021-01-29,2284.4267578125,2407.35009765625,2484.0,2400.0,2456.0,2768673
2021-02-01,2322.811279296875,2447.800048828125,2467.75,2376.89990234375,2426.60009765625,1797359
2021-02-02,2337.8515625,2463.64990234375,2520.0,2425.10009765625,2460.0,2679428
2021-02-03,2328.3623046875,2453.64990234375,2503.85009765625,2438.35009765625,2503.85009765625,2409356
2021-02-04,2279.16015625,2401.800048828125,2456.0,2398.0,2456.0,3478562
2021-02-05,2255.38916015625,2376.75,2423.89990234375,2370.800048828125,2420.0,3303319
2021-02-08,2293.441650390625,2416.85009765625,2434.89990234375,2373.39990234375,2394.0,3666313
2021-02-09,2378.84619140625,2506.85009765625,2532.449951171875,2423.64990234375,2432.5,7178572
2021-02-10,2382.40478515625,2510.60009765625,2555.0,2475.0,2529.0,4473123
2021-02-11,2377.564697265625,2505.5,2540.0,2495.10009765625,2524.949951171875,1446286
2021-02-12,2359.155029296875,2486.10009765625,2523.0,2464.199951171875,2518.0,1376085
2021-02-15,2331.303955078125,2456.75,2517.5,2448.550048828125,2495.0,1634576
2021-02-16,2325.1357421875,2450.25,2475.10009765625,2422.0,2472.0,1615849
2021-02-17,2266.206787109375,2388.14990234375,2455.050048828125,2382.0,2436.0,3178784
2021-02-18,2344.589111328125,2470.75,2479.60009765625,2395.25,2424.0,4253843
2021-02-19,2293.061767578125,2416.449951171875,2470.89990234375,2400.0,2470.89990234375,2244567
2021-02-22,2265.162841796875,2387.050048828125,2448.0,2380.0,2428.75,2002642
2021-02-23,2251.071044921875,2372.199951171875,2400.0,2315.0,2375.0,3267268
2021-02-24,2240.775634765625,2361.35009765625,2409.35009765625,2347.199951171875,2373.0,1708526
2021-02-25,2252.5419921875,2373.75,2386.25,2336.199951171875,2375.0,2839515
2021-02-26,2160.922119140625,2277.199951171875,2360.0,2260.0,2338.050048828125,3933813
2021-03-01,2241.676513671875,2362.300048828125,2369.89990234375,2300.0,2300.0,2545806
2021-03-02,2268.342041015625,2390.39990234375,2402.550048828125,2359.0,2386.0,2033586
2021-03-03,2279.44482421875,2402.10009765625,2417.699951171875,2375.800048828125,2406.0,1591567
2021-03-04,2293.678955078125,2417.10009765625,2435.0,2350.0,2380.0,2149984
2021-03-05,2265.21044921875,2387.10009765625,2423.89990234375,2377.10009765625,2399.0,1953642
2021-03-08,2261.03515625,2382.699951171875,2413.5,2360.050048828125,2383.0,1593838
2021-03-09,2298.992919921875,2422.699951171875,2444.0,2396.14990234375,2400.0,1800442
2021-03-10,2307.770751953125,2431.949951171875,2446.0,2415.550048828125,2446.0,1056102
2021-03-12,2278.73291015625,2401.35009765625,2464.64990234375,2397.0,2442.800048828125,1279203
2021-03-15,2234.749267578125,2355.0,2427.550048828125,2343.050048828125,2402.550048828125,1524449
2021-03-16,2342.548828125,2468.60009765625,2480.0,2375.35009765625,2379.199951171875,4230564
2021-03-17,2299.2294921875,2422.949951171875,2460.0,2411.10009765625,2460.0,1623187
2021-03-18,2281.769287109375,2404.550048828125,2468.85009765625,2390.0,2468.85009765625,1851739
2021-03-19,2288.12744140625,2411.25,2434.0,2355.35009765625,2393.0,3738079
2021-03-22,2301.839599609375,2425.699951171875,2438.10009765625,2390.0,2390.0,1489853
2021-03-23,2287.225830078125,2410.300048828125,2433.949951171875,2398.199951171875,2430.0,1745466
2021-03-24,2318.778076171875,2443.550048828125,2470.0,2410.0,2410.300048828125,4132092
2021-03-25,2279.53955078125,2402.199951171875,2469.0,2392.0,2450.949951171875,2272545
2021-03-26,2377.233154296875,2505.14990234375,2513.949951171875,2409.10009765625,2425.0,3084607
2021-03-30,2446.41015625,2578.050048828125,2583.449951171875,2521.5,2539.10009765625,2332884
2021-03-31,2407.835693359375,2537.39990234375,2582.949951171875,2531.0,2578.050048828125,1616044
2021-04-01,2421.453125,2551.75,2564.550048828125,2532.0,2532.0,1219588
2021-04-05,2382.45166015625,2510.64990234375,2558.0,2484.5,2558.0,1268939
2021-04-06,2478.247314453125,2611.60009765625,2620.0,2504.5,2526.0,3372846
2021-04-07,2494.37939453125,2628.60009765625,2668.050048828125,2600.10009765625,2605.0,1937977
2021-04-08,2515.30322265625,2650.64990234375,2658.39990234375,2628.0,2630.0,897483
2021-04-09,2496.467041015625,2630.800048828125,2655.0,2610.14990234375,2635.0,1185017
2021-04-12,2469.32666015625,2602.199951171875,2610.0,2555.0,2578.199951171875,1427691
2021-04-13,2439.435791015625,2570.699951171875,2626.0,2564.300048828125,2600.0,1200230
2021-04-15,2455.567626953125,2587.699951171875,2593.550048828125,2537.0,2590.0,1209829
2021-04-16,2527.686767578125,2663.699951171875,2693.5,2581.699951171875,2587.60009765625,2760777
2021-04-19,2440.57421875,2571.89990234375,2650.0,2566.85009765625,2650.0,1552036
2021-04-20,2423.256103515625,2553.64990234375,2604.699951171875,2528.800048828125,2600.0,1489287
2021-04-22,2383.021240234375,2511.25,2557.0,2488.0,2555.64990234375,1690758
2021-04-23,2389.378662109375,2517.949951171875,2565.0,2496.199951171875,2527.10009765625,1614593
2021-04-26,2427.288818359375,2557.89990234375,2575.0,2530.0,2530.0,1103980
2021-04-27,2442.89892578125,2574.35009765625,2579.89990234375,2534.0,2545.0,866331
2021-04-28,2481.04638671875,2614.550048828125,2620.25,2575.0,2588.0,1065561
2021-04-29,2480.002685546875,2613.449951171875,2642.0,2570.0,2630.0,1295346
2021-04-30,2406.886962890625,2536.39990234375,2605.800048828125,2524.050048828125,2595.0,1384907
2021-05-03,2450.300537109375,2582.14990234375,2595.10009765625,2505.60009765625,2510.0,1034774
2021-05-04,2455.045654296875,2587.14990234375,2617.949951171875,2571.550048828125,2605.0,1058140
2021-05-05,2436.541259765625,2567.64990234375,2617.0,2546.10009765625,2617.0,1220186
2021-05-06,2418.89111328125,2549.050048828125,2581.85009765625,2528.0,2579.85009765625,1518119
2021-05-07,2421.35791015625,2551.64990234375,2590.0,2541.5,2555.0,1416102
2021-05-10,2426.3876953125,2556.949951171875,2589.0,2542.14990234375,2589.0,1526814
2021-05-11,2425.723388671875,2556.25,2562.0,2521.300048828125,2533.0,1168363
2021-05-12,2425.676025390625,2556.199951171875,2588.949951171875,2530.0,2577.0,2085630
2021-05-14,2632.829345703125,2774.5,2835.25,2601.550048828125,2620.0,10543708
2021-05-17,2640.657958984375,2782.75,2824.199951171875,2747.550048828125,2782.0,2134352
2021-05-18,2677.71435546875,2821.800048828125,2845.0,2789.0,2797.0,1328605
2021-05-19,2672.068359375,2815.85009765625,2849.0,2798.64990234375,2805.14990234375,1219067
2021-05-20,2651.428466796875,2794.10009765625,2845.0,2778.5,2814.0,1211975
2021-05-21,2687.867431640625,2832.5,2854.0,2795.0,2807.0,1328308
2021-05-24,2675.24658203125,2819.199951171875,2849.0,2808.199951171875,2846.0,813091
2021-05-25,2765.585693359375,2914.39990234375,2922.64990234375,2822.75,2836.89990234375,2730112
2021-05-26,2791.396484375,2941.60009765625,2947.89990234375,2910.39990234375,2939.85009765625,1250531
2021-05-27,2798.750732421875,2949.35009765625,2965.0,2902.25,2950.0,2415085
2021-05-28,2790.542236328125,2940.699951171875,2963.800048828125,2931.14990234375,2958.14990234375,711383
2021-05-31,2825.463623046875,2977.5,2989.949951171875,2936.10009765625,2938.0,2093635
2021-06-01,2781.337646484375,2931.0,2982.60009765625,2915.10009765625,2965.0,1194073
2021-06-02,2755.431884765625,2903.699951171875,2933.75,2877.14990234375,2918.85009765625,2067842
2021-06-03,2785.466064453125,2935.35009765625,2942.0,2904.050048828125,2919.60009765625,1404434
2021-06-04,2775.548828125,2924.89990234375,2990.0,2908.0,2953.0,1509084
2021-06-07,2783.330810546875,2933.10009765625,2941.0,2903.949951171875,2930.0,802415
2021-06-08,2776.830322265625,2926.25,2944.25,2907.5,2928.0,762931
2021-06-09,2793.2470703125,2943.550048828125,2965.0,2919.60009765625,2930.800048828125,1340352
2021-06-10,2813.79833984375,2950.60009765625,2959.300048828125,2920.64990234375,2945.0,1344559
2021-06-11,2819.185791015625,2956.25,2971.60009765625,2938.60009765625,2960.0,878445
2021-06-14,2813.13037109375,2949.89990234375,2970.0,2916.5,2955.10009765625,746823
2021-06-15,2901.15087890625,3042.199951171875,3050.0,2960.949951171875,2970.0,2262031
2021-06-16,2878.74072265625,3018.699951171875,3042.199951171875,3005.5,3029.0,859505
2021-06-17,2918.411865234375,3060.300048828125,3073.949951171875,3000.5,3017.949951171875,1533864
2021-06-18,2905.919189453125,3047.199951171875,3077.800048828125,3016.050048828125,3061.550048828125,2293860
2021-06-21,2926.279052734375,3068.550048828125,3079.14990234375,3021.050048828125,3024.199951171875,720491
2021-06-22,2871.206787109375,3010.800048828125,3092.85009765625,3004.199951171875,3085.0,1199238
2021-06-23,2848.844482421875,2987.35009765625,3030.0,2983.5,3030.0,1009007
2021-06-24,2902.15234375,3043.25,3049.699951171875,2975.449951171875,2987.35009765625,985596
2021-06-25,2864.626708984375,3003.89990234375,3053.5,2985.0,3030.199951171875,786964
2021-06-28,2844.6484375,2982.949951171875,3038.85009765625,2976.25,3024.0,891695
2021-06-29,2862.338134765625,3001.5,3023.85009765625,2973.050048828125,2989.0,1242734
2021-06-30,2853.946044921875,2992.699951171875,3030.0,2985.64990234375,2999.0,924522
2021-07-01,2881.505859375,3021.60009765625,3026.89990234375,2997.0,3008.0,848235
2021-07-02,2865.67578125,3005.0,3038.800048828125,2999.75,3032.949951171875,805542
2021-07-05,2875.021484375,3014.800048828125,3050.0,3007.10009765625,3020.0,863343
2021-07-06,2863.29150390625,3002.5,3029.5,2996.0,3003.0,762630
2021-07-07,2899.1484375,3040.10009765625,3069.0,3011.25,3065.0,1234865
2021-07-08,2887.895751953125,3028.300048828125,3059.0,3018.800048828125,3050.0,907391
2021-07-09,2871.016357421875,3010.60009765625,3039.14990234375,3007.0,3022.0,547082
2021-07-12,2860.335693359375,2999.39990234375,3042.85009765625,2991.050048828125,3034.89990234375,765566
2021-07-13,2855.043212890625,2993.85009765625,3021.10009765625,2985.35009765625,3020.0,703484
2021-07-14,2862.76708984375,3001.949951171875,3007.75,2984.199951171875,3003.0,470744
2021-07-15,2845.268310546875,2983.60009765625,3011.0,2971.10009765625,3010.0,635535
2021-07-16,2850.703857421875,2989.300048828125,3006.0,2965.0,2994.0,1062548
2021-07-19,2843.694580078125,2981.949951171875,2999.699951171875,2965.0,2989.300048828125,837836
2021-07-20,3012.58349609375,3159.050048828125,3179.5,2979.550048828125,2996.0,6755922
2021-07-22,2962.708251953125,3106.75,3165.0,3090.0,3130.0,1982572
2021-07-23,2940.774658203125,3083.75,3129.60009765625,3078.050048828125,3106.0,815329
2021-07-26,2919.27001953125,3061.199951171875,3119.0,3051.199951171875,3079.949951171875,1136884
2021-07-27,2888.22900390625,3028.64990234375,3081.5,3021.300048828125,3079.39990234375,904289
2021-07-28,2864.81787109375,3004.10009765625,3033.0,2984.0,3030.35009765625,996594
2021-07-29,2858.47607421875,2997.449951171875,3039.949951171875,2990.300048828125,3004.10009765625,762683
2021-07-30,2821.2841796875,2958.449951171875,3008.64990234375,2951.89990234375,3008.0,1067423
2021-08-02,2836.1611328125,2974.050048828125,2986.800048828125,2960.64990234375,2985.60009765625,832285
2021-08-03,2886.65576171875,3027.0,3065.0,2994.199951171875,3020.0,2433031
2021-08-04,2878.645263671875,3018.60009765625,3053.300048828125,3012.0,3040.60009765625,659295
2021-08-05,2849.84521484375,2988.39990234375,3040.0,2980.050048828125,3034.0,693694
2021-08-06,2828.9130859375,2966.449951171875,3001.0,2961.449951171875,2995.0,744159
2021-08-09,2853.802978515625,2992.550048828125,3015.0,2973.050048828125,2994.64990234375,825462
2021-08-10,2839.1171875,2977.14990234375,3008.300048828125,2960.550048828125,2998.0,724335
2021-08-11,2834.7783203125,2972.60009765625,3001.449951171875,2952.550048828125,2987.39990234375,987941
2021-08-12,2837.54345703125,2975.5,2985.25,2958.0,2974.0,438552
2021-08-13,2850.13134765625,2988.699951171875,3002.0,2973.10009765625,2980.89990234375,572250
2021-08-16,2833.6337890625,2971.39990234375,2984.14990234375,2960.0,2980.0,461742
2021-08-17,2875.498291015625,3015.300048828125,3044.0,2973.10009765625,2974.0,2036757
2021-08-18,2862.38623046875,3001.550048828125,3048.0,2992.550048828125,3048.0,1375320
2021-08-20,2968.620849609375,3112.949951171875,3124.050048828125,3001.5,3001.5,3931334
2021-08-23,2934.766845703125,3077.449951171875,3163.85009765625,3051.0,3159.050048828125,1578949
2021-08-24,2904.727294921875,3045.949951171875,3092.800048828125,3034.550048828125,3092.800048828125,763704
2021-08-25,2897.193359375,3038.050048828125,3070.0,3012.60009765625,3026.0,797870
2021-08-26,2898.718994140625,3039.64990234375,3084.5,3026.199951171875,3064.0,1319516
2021-08-27,2896.001708984375,3036.800048828125,3057.949951171875,3020.5,3040.449951171875,634375
2021-08-30,2964.615478515625,3108.75,3114.25,3048.050048828125,3056.699951171875,1051747
2021-08-31,3052.9228515625,3201.35009765625,3210.0,3103.050048828125,3108.75,2283290
2021-09-01,3149.620849609375,3302.75,3333.0,3215.0,3230.050048828125,2423168
2021-09-02,3148.524658203125,3301.60009765625,3319.0,3266.64990234375,3312.949951171875,847517
2021-09-03,3183.999755859375,3338.800048828125,3344.949951171875,3286.5,3301.60009765625,832039
2021-09-06,3161.827392578125,3315.550048828125,3347.699951171875,3305.89990234375,3342.0,664394
2021-09-07,3181.567626953125,3336.25,3394.60009765625,3323.85009765625,3333.5,1285818
2021-09-08,3181.901611328125,3336.60009765625,3361.550048828125,3297.0,3345.0,702598
2021-09-09,3191.19970703125,3346.35009765625,3359.0,3305.0,3305.0,591745
2021-09-13,3210.939697265625,3367.050048828125,3374.0,3330.35009765625,3346.60009765625,610920
2021-09-14,3206.6005859375,3362.5,3388.60009765625,3356.85009765625,3384.89990234375,569412
2021-09-15,3196.873779296875,3352.300048828125,3383.949951171875,3346.949951171875,3361.85009765625,587855
2021-09-16,3187.146728515625,3342.10009765625,3371.0,3335.0,3350.0,516746
2021-09-17,3149.90673828125,3303.050048828125,3382.0,3285.050048828125,3352.0,1545695
2021-09-20,3119.867431640625,3271.550048828125,3315.0,3265.0,3299.949951171875,689288
2021-09-21,3155.77197265625,3309.199951171875,3335.0,3271.0,3271.550048828125,922057
2021-09-22,3163.687255859375,3317.5,3329.949951171875,3288.25,3328.5,825945
2021-09-23,3166.69091796875,3320.64990234375,3340.0,3315.0,3340.0,694716
2021-09-24,3288.70849609375,3448.60009765625,3505.0,3320.85009765625,3330.0,2775975
2021-09-27,3271.5908203125,3430.64990234375,3470.0,3417.64990234375,3461.60009765625,902449
2021-09-28,3223.00341796875,3379.699951171875,3429.699951171875,3350.0,3424.89990234375,961271
2021-09-29,3168.979736328125,3323.050048828125,3381.699951171875,3310.0,3365.0,973387
2021-09-30,3094.21484375,3244.64990234375,3347.699951171875,3220.0,3329.89990234375,2077896
2021-10-01,3030.511962890625,3177.85009765625,3252.949951171875,3170.0,3248.0,1512332
2021-10-04,3053.16064453125,3201.60009765625,3230.5,3178.0,3202.800048828125,921241
2021-10-05,3103.846435546875,3254.75,3260.0,3191.64990234375,3208.550048828125,909337
2021-10-06,3063.31689453125,3212.25,3280.0,3200.64990234375,3262.0,786378
2021-10-07,3138.2724609375,3290.85009765625,3318.0,3220.0,3220.0,1177283
2021-10-08,3153.578369140625,3306.89990234375,3329.0,3264.10009765625,3307.0,882436
2021-10-11,3152.767822265625,3306.050048828125,3344.35009765625,3297.75,3326.39990234375,460197
2021-10-12,3169.170654296875,3323.25,3335.0,3280.0,3280.0,564524
2021-10-13,3169.4091796875,3323.5,3358.89990234375,3291.39990234375,3343.0,770144
2021-10-14,3144.900634765625,3297.800048828125,3352.949951171875,3290.0,3342.0,648597
2021-10-18,3091.210693359375,3241.5,3283.949951171875,3232.0,3252.5,1576121
2021-10-19,3036.13818359375,3183.75,3269.10009765625,3176.10009765625,3260.89990234375,1042069
2021-10-20,3022.644775390625,3169.60009765625,3219.949951171875,3136.64990234375,3190.0,1205540
2021-10-21,2862.815185546875,3002.0,3195.449951171875,2920.449951171875,3194.0,5103543
2021-10-22,2844.1240234375,2982.39990234375,3002.949951171875,2912.14990234375,2975.0,2855592
2021-10-25,2782.757568359375,2918.050048828125,2950.0,2857.25,2950.0,2161537
2021-10-26,2832.10791015625,2969.800048828125,3024.0,2898.0,2918.050048828125,1988263
2021-10-27,2951.169189453125,3094.64990234375,3145.0,3029.199951171875,3029.199951171875,4609951
2021-10-28,2975.324951171875,3116.300048828125,3147.60009765625,3062.0,3103.0,1791065
2021-10-29,2959.857666015625,3100.10009765625,3144.699951171875,3083.300048828125,3125.0,1118903
2021-11-01,2980.575927734375,3121.800048828125,3142.25,3091.64990234375,3128.0,750393
2021-11-02,2962.960693359375,3103.35009765625,3139.800048828125,3080.0,3120.0,881916
2021-11-03,3027.2158203125,3170.64990234375,3182.89990234375,3095.0,3102.10009765625,879227
2021-11-04,3016.33154296875,3159.25,3190.0,3145.0,3179.0,263595
2021-11-08,2996.04296875,3138.0,3181.0,3095.14990234375,3165.0,787824
2021-11-09,3002.869384765625,3145.14990234375,3155.0,3120.0,3140.0,668840
2021-11-10,2967.68701171875,3108.300048828125,3136.64990234375,3080.5,3132.0,872975
2021-11-11,2924.913818359375,3063.5,3106.64990234375,3052.0,3090.0,958143
2021-11-12,2981.62646484375,3122.89990234375,3128.0,3075.800048828125,3089.0,682344
2021-11-15,3025.354248046875,3168.699951171875,3180.0,3126.0,3126.0,696377
2021-11-16,3009.12353515625,3151.699951171875,3209.0,3120.10009765625,3165.0,1400107
2021-11-17,3084.119873046875,3230.25,3239.89990234375,3165.050048828125,3170.0,1616452
2021-11-18,3080.873779296875,3226.85009765625,3260.0,3214.0,3249.85009765625,1609821
2021-11-22,3113.7177734375,3261.25,3308.35009765625,3215.050048828125,3241.0,2146970
2021-11-23,3041.44189453125,3185.550048828125,3288.300048828125,3171.550048828125,3261.25,1482618
2021-11-24,3014.183349609375,3157.0,3208.89990234375,3150.0,3186.050048828125,1056213
2021-11-25,3002.01025390625,3144.25,3173.35009765625,3113.0,3156.5,728825
2021-11-26,3000.912353515625,3143.10009765625,3167.35009765625,3091.0,3101.0,1029110
2021-11-29,3002.05810546875,3144.300048828125,3178.89990234375,3071.89990234375,3131.0,876651
2021-11-30,3001.4375,3143.64990234375,3189.0,3116.14990234375,3116.14990234375,2340489
2021-12-01,2996.186279296875,3138.14990234375,3199.75,3124.10009765625,3155.89990234375,1741820
2021-12-02,3036.71630859375,3180.60009765625,3194.0,3152.25,3160.0,939320
2021-12-03,2969.7392578125,3110.449951171875,3187.449951171875,3106.0,3185.0,1216263
2021-12-06,2900.853515625,3038.300048828125,3115.0,3028.25,3115.0,1107363
2021-12-07,2893.26318359375,3030.35009765625,3069.0,3016.449951171875,3040.0,2056459
2021-12-08,2967.8779296875,3108.5,3123.0,3031.0,3031.89990234375,1171484
2021-12-09,3034.90185546875,3178.699951171875,3183.050048828125,3111.0,3152.39990234375,1287243
2021-12-10,3134.626708984375,3283.14990234375,3292.0,3178.699951171875,3184.0,2554394
2021-12-13,3131.47607421875,3279.85009765625,3341.0,3270.949951171875,3285.10009765625,1265832
2021-12-14,3148.327880859375,3297.5,3305.0,3249.0,3274.0,863179
2021-12-15,3152.576416015625,3301.949951171875,3313.949951171875,3266.5,3278.14990234375,811946
2021-12-16,3149.3779296875,3298.60009765625,3325.0,3270.60009765625,3325.0,502930
2021-12-17,3096.961181640625,3243.699951171875,3293.300048828125,3227.699951171875,3275.0,1019403
2021-12-20,3092.90380859375,3239.449951171875,3275.0,3181.0,3227.0,948872
2021-12-21,3123.360595703125,3271.35009765625,3296.0,3240.0,3247.0,712026
2021-12-22,3131.71484375,3280.10009765625,3285.64990234375,3241.0,3275.699951171875,619865
2021-12-23,3120.066650390625,3267.89990234375,3307.89990234375,3250.0,3290.0,1051596
2021-12-24,3136.202392578125,3284.800048828125,3300.0,3261.0,3280.0,651404
2021-12-27,3124.362548828125,3272.39990234375,3284.75,3226.199951171875,3280.10009765625,640701
2021-12-28,3215.8291015625,3368.199951171875,3375.0,3273.0,3275.949951171875,1211648
2021-12-29,3215.113037109375,3367.449951171875,3386.0,3346.199951171875,3372.199951171875,598421
2021-12-30,3213.442626953125,3365.699951171875,3390.0,3350.300048828125,3363.25,691223
2021-12-31,3229.912109375,3382.949951171875,3405.0,3361.39990234375,3390.0,570671
2022-01-03,3267.577392578125,3422.39990234375,3440.89990234375,3383.0,3383.0,696276
2022-01-04,3302.807861328125,3459.300048828125,3472.449951171875,3415.050048828125,3434.0,790886
2022-01-05,3367.25439453125,3526.800048828125,3540.0,3452.050048828125,3470.0,1024506
2022-01-06,3355.65380859375,3514.64990234375,3537.550048828125,3452.14990234375,3491.14990234375,1312743
2022-01-07,3414.515380859375,3576.300048828125,3582.0,3496.550048828125,3514.64990234375,964364
2022-01-10,3392.74658203125,3553.5,3590.0,3527.0,3580.0,657511
2022-01-11,3378.663818359375,3538.75,3564.0,3495.050048828125,3550.60009765625,734344
2022-01-12,3383.4853515625,3543.800048828125,3582.449951171875,3534.0,3556.89990234375,594543
2022-01-13,3299.896240234375,3456.25,3560.0,3450.0,3560.0,1153984
2022-01-14,3212.200927734375,3364.39990234375,3462.0,3346.0,3462.0,1558978
2022-01-17,3225.806396484375,3378.64990234375,3399.0,3321.0,3364.39990234375,1103159
2022-01-18,3221.08056640625,3373.699951171875,3396.449951171875,3351.0,3379.050048828125,558543
2022-01-19,3132.001220703125,3280.39990234375,3370.0,3267.75,3370.0,1495218
2022-01-20,3156.824951171875,3306.39990234375,3364.89990234375,3222.0,3282.0,3075678
2022-01-21,3126.702392578125,3274.85009765625,3324.949951171875,3241.75,3300.050048828125,1441694
2022-01-24,3012.416748046875,3155.14990234375,3270.0,3135.0,3268.0,1575665
2022-01-25,3004.7314453125,3147.10009765625,3156.949951171875,3010.75,3100.0,2699779
2022-01-27,2975.9453125,3116.949951171875,3143.0,3071.25,3140.10009765625,1834684
2022-01-28,2970.121337890625,3110.85009765625,3170.0,3103.0,3130.0,892060
2022-01-31,3009.6484375,3152.25,3193.449951171875,3136.39990234375,3140.0,944530
2022-02-01,3051.65771484375,3196.25,3212.35009765625,3141.60009765625,3194.0,1008915
2022-02-02,3053.042236328125,3197.699951171875,3244.14990234375,3192.14990234375,3204.800048828125,667265
2022-02-03,3058.102294921875,3203.0,3241.60009765625,3190.199951171875,3212.85009765625,899753
2022-02-04,3090.230224609375,3236.64990234375,3248.800048828125,3176.050048828125,3188.0,705765
2022-02-07,3031.0830078125,3174.699951171875,3251.199951171875,3143.10009765625,3234.0,860393
2022-02-08,3070.84912109375,3216.35009765625,3223.5,3166.199951171875,3179.0,799206
2022-02-09,3082.30615234375,3228.35009765625,3259.0,3222.75,3230.0,472725
2022-02-10,3092.235595703125,3238.75,3248.0,3176.0,3220.0,728666
2022-02-11,3070.80078125,3216.300048828125,3229.949951171875,3182.5,3229.949951171875,587840
2022-02-14,3001.24658203125,3143.449951171875,3182.699951171875,3120.0,3140.0,681236
2022-02-15,3116.916259765625,3264.60009765625,3270.0,3132.85009765625,3140.0,676844
2022-02-16,3105.69775390625,3252.85009765625,3285.10009765625,3223.0,3280.0,624320
2022-02-17,3118.109375,3265.85009765625,3294.949951171875,3236.39990234375,3273.0,636735
2022-02-18,3111.044189453125,3258.449951171875,3272.0,3230.050048828125,3236.14990234375,423801
2022-02-21,3104.5517578125,3251.64990234375,3278.449951171875,3204.14990234375,3235.0,547472
2022-02-22,3081.16015625,3227.14990234375,3236.800048828125,3120.0,3120.0,1147209
2022-02-23,3090.75537109375,3237.199951171875,3296.89990234375,3230.0,3236.89990234375,935896
2022-02-24,2930.212158203125,3069.050048828125,3197.800048828125,3051.5,3130.0,1823450
2022-02-25,2978.09326171875,3119.199951171875,3141.449951171875,3083.050048828125,3105.0,1239456
2022-02-28,3031.034912109375,3174.64990234375,3190.5,3015.0,3090.0,1678348
2022-03-02,2891.926025390625,3028.949951171875,3111.199951171875,2991.10009765625,3107.0,3014206
2022-03-03,2741.98095703125,2871.89990234375,3051.0,2862.0,3029.0,4406840
2022-03-04,2614.281494140625,2738.14990234375,2863.800048828125,2662.050048828125,2863.800048828125,6979253
2022-03-07,2585.925048828125,2708.449951171875,2727.949951171875,2599.35009765625,2649.89990234375,3233760
2022-03-08,2600.198974609375,2723.39990234375,2736.949951171875,2638.0,2690.0,2611102
2022-03-09,2744.892822265625,2874.949951171875,2890.0,2665.050048828125,2750.0,4076068
2022-03-10,2781.03076171875,2912.800048828125,3040.0,2891.199951171875,3000.0,3971987
2022-03-11,2799.36181640625,2932.0,2939.949951171875,2882.35009765625,2917.0,1265493
2022-03-14,2828.768798828125,2962.800048828125,2972.35009765625,2917.300048828125,2950.0,1214217
2022-03-15,2852.017333984375,2987.14990234375,3032.0,2966.0,2998.0,1857685
2022-03-16,2904.3857421875,3042.0,3050.0,3010.75,3043.0,1287234
2022-03-17,2994.70654296875,3136.60009765625,3163.300048828125,3076.5,3113.5,2867519
2022-03-21,2907.966552734375,3045.75,3117.300048828125,3030.10009765625,3117.300048828125,1259015
2022-03-22,2913.121826171875,3051.14990234375,3062.699951171875,2975.0,3024.0,1515772
2022-03-23,2880.325927734375,3016.800048828125,3079.89990234375,3005.0,3060.0,948403
2022-03-24,2888.4892578125,3025.35009765625,3038.949951171875,2950.550048828125,2969.5,1243917
2022-03-25,2909.11181640625,3046.949951171875,3064.550048828125,2991.0,3025.35009765625,1083275
2022-03-28,2890.494384765625,3027.449951171875,3058.60009765625,2995.64990234375,3046.949951171875,680332
2022-03-29,2904.959228515625,3042.60009765625,3087.699951171875,3012.699951171875,3069.0,1120936
2022-03-30,2942.14697265625,3081.550048828125,3094.35009765625,3055.89990234375,3078.0,849545
2022-03-31,2940.619140625,3079.949951171875,3129.25,3066.10009765625,3115.0,1464862
2022-04-01,2973.271728515625,3114.14990234375,3121.0,3087.64990234375,3110.0,637392
2022-04-04,2976.94775390625,3118.0,3143.0,3093.5,3124.949951171875,873264
2022-04-05,2998.716552734375,3140.800048828125,3157.0,3080.0,3110.0,805874
2022-04-06,3011.319091796875,3154.0,3165.0,3113.0,3137.0,736379
2022-04-07,3012.27392578125,3155.0,3208.949951171875,3145.5,3154.0,1025244
2022-04-08,3061.205322265625,3206.25,3220.0,3151.199951171875,3168.0,678898
2022-04-11,3014.61328125,3157.449951171875,3222.0,3150.0,3184.0,672652
2022-04-12,2987.1162109375,3128.64990234375,3162.10009765625,3114.14990234375,3154.699951171875,794265
2022-04-13,2941.287353515625,3080.64990234375,3121.89990234375,3066.10009765625,3117.199951171875,1121350
2022-04-18,2884.86083984375,3021.550048828125,3058.0,3013.0,3056.0,1032504
2022-04-19,2855.884033203125,2991.199951171875,3059.199951171875,2970.0,3030.0,749782
2022-04-20,2943.53125,3083.0,3089.5,2980.0,2991.300048828125,838182
2022-04-21,3015.377197265625,3158.25,3174.39990234375,3086.050048828125,3089.800048828125,1069035
2022-04-22,3021.2490234375,3164.39990234375,3173.300048828125,3113.25,3121.5,681191
2022-04-25,2988.978271484375,3130.60009765625,3155.10009765625,3095.10009765625,3134.0,1096774
2022-04-26,2984.25146484375,3125.64990234375,3148.699951171875,3105.800048828125,3130.0,1703441
2022-04-27,3005.925048828125,3148.35009765625,3164.0,3085.949951171875,3096.0,963536
2022-04-28,3100.7802734375,3247.699951171875,3268.0,3170.0,3190.0,2001838
2022-04-29,3090.75537109375,3237.199951171875,3278.0,3221.300048828125,3249.0,1088970
2022-05-02,3055.23828125,3200.0,3211.5,3154.050048828125,3195.0,595522
2022-05-04,2960.573974609375,3100.85009765625,3194.699951171875,3081.449951171875,3178.0,1120002
2022-05-05,2937.373046875,3076.550048828125,3126.949951171875,3070.0,3104.75,724601
2022-05-06,2879.801025390625,3016.25,3052.39990234375,3003.89990234375,3020.0,923941
2022-05-09,2869.29833984375,3005.25,3038.800048828125,2975.0,3000.85009765625,998324
2022-05-10,2946.729736328125,3086.35009765625,3138.75,3036.0,3051.0,2460016
2022-05-11,2915.50830078125,3053.64990234375,3109.550048828125,2979.0,3090.39990234375,1883969
2022-05-12,2902.428466796875,3039.949951171875,3078.0,2988.0,3042.0,1254245
2022-05-13,2925.390625,3064.0,3116.25,3035.300048828125,3074.39990234375,1121729
2022-05-16,2864.1904296875,2999.89990234375,3089.89990234375,2985.199951171875,3089.89990234375,733044
2022-05-17,2912.024169921875,3050.0,3056.60009765625,2951.0,2998.89990234375,1179081
2022-05-18,2959.857666015625,3100.10009765625,3128.800048828125,3026.0,3030.0,1379763
2022-05-19,2909.064208984375,3046.89990234375,3071.699951171875,3000.449951171875,3000.5,772390
2022-05-20,2969.261962890625,3109.949951171875,3125.0,3070.0,3080.0,778957
2022-05-23,3030.60546875,3174.199951171875,3188.0,3130.050048828125,3143.949951171875,813294
2022-05-24,2947.20703125,3086.85009765625,3183.64990234375,3070.0,3174.75,691307
2022-05-25,2709.662353515625,2838.050048828125,3039.0,2826.300048828125,3039.0,3381427
2022-05-26,2711.667236328125,2840.14990234375,2860.0,2718.550048828125,2850.0,3212196
2022-05-27,2706.60693359375,2834.85009765625,2869.0,2781.0,2868.0,1879534
2022-05-30,2715.343017578125,2844.0,2884.0,2817.0,2880.0,2525482
2022-05-31,2730.284912109375,2859.64990234375,2878.0,2811.0,2844.0,2408221
2022-06-01,2723.45849609375,2852.5,2939.89990234375,2832.050048828125,2859.64990234375,1770795
2022-06-02,2776.972900390625,2908.550048828125,2919.0,2848.0,2870.199951171875,1164197
2022-06-03,2756.30224609375,2886.89990234375,2919.449951171875,2856.0,2905.0,1228489
2022-06-06,2689.994140625,2817.449951171875,2872.0,2807.699951171875,2871.10009765625,1193698
2022-06-07,2620.53515625,2744.699951171875,2804.0,2731.0,2800.0,1403598
2022-06-08,2582.822021484375,2705.199951171875,2775.0,2700.0,2771.89990234375,1743575
2022-06-09,2580.037841796875,2686.800048828125,2697.60009765625,2633.75,2680.0,1857501
2022-06-10,2601.115234375,2708.75,2736.0,2652.0,2665.0,1592920
2022-06-13,2555.0224609375,2660.75,2683.0,2642.5,2669.949951171875,1674206
2022-06-14,2530.679931640625,2635.39990234375,2666.35009765625,2585.0,2617.0,2296040
2022-06-15,2555.406494140625,2661.14990234375,2683.60009765625,2627.10009765625,2650.0,928842
2022-06-16,2551.853515625,2657.449951171875,2725.449951171875,2640.0,2694.949951171875,1280628
2022-06-17,2477.67333984375,2580.199951171875,2657.0,2560.0,2650.10009765625,2043251
2022-06-20,2554.974609375,2660.699951171875,2673.35009765625,2588.35009765625,2600.0,1595360
2022-06-21,2571.923095703125,2678.35009765625,2710.0,2640.0,2674.949951171875,1042074
2022-06-22,2560.400146484375,2666.35009765625,2707.949951171875,2626.35009765625,2688.0,1871760
2022-06-23,2648.60009765625,2758.199951171875,2767.949951171875,2674.949951171875,2674.949951171875,1612872
2022-06-24,2651.19287109375,2760.89990234375,2784.800048828125,2726.0,2775.0,2215583
2022-06-27,2708.856689453125,2820.949951171875,2827.64990234375,2765.0,2779.89990234375,1295734
2022-06-28,2618.159912109375,2726.5,2784.800048828125,2704.300048828125,2780.0,1838358
2022-06-29,2590.600341796875,2697.800048828125,2719.0,2678.0,2706.5,1066354
2022-06-30,2588.103759765625,2695.199951171875,2726.949951171875,2680.0,2714.85009765625,1291447
2022-07-01,2662.956298828125,2773.14990234375,2780.0,2685.0,2704.89990234375,1477191
2022-07-04,2679.4248046875,2790.300048828125,2798.0,2744.800048828125,2775.14990234375,653147
2022-07-05,2656.6669921875,2766.60009765625,2812.300048828125,2760.0,2785.0,1073043
2022-07-06,2747.69921875,2861.39990234375,2869.0,2805.14990234375,2830.550048828125,2085735
2022-07-07,2776.50732421875,2891.39990234375,2932.0,2876.800048828125,2901.39990234375,1469087
2022-07-08,2765.368408203125,2879.800048828125,2888.0,2840.5,2880.0,1274148
2022-07-11,2816.502197265625,2933.050048828125,2940.550048828125,2851.35009765625,2874.0,1081885
2022-07-12,2778.235595703125,2893.199951171875,2923.25,2885.39990234375,2920.0,1115524
2022-07-13,2824.328369140625,2941.199951171875,2968.949951171875,2926.050048828125,2949.0,2153712
2022-07-14,2822.360107421875,2939.14990234375,2954.85009765625,2912.39990234375,2952.10009765625,882479
2022-07-15,2859.810791015625,2978.14990234375,2985.0,2940.449951171875,2949.949951171875,1668006
2022-07-18,2897.93310546875,3017.85009765625,3025.0,2988.39990234375,2994.75,823390
2022-07-19,2899.133056640625,3019.10009765625,3023.0,2978.14990234375,2983.449951171875,638171
2022-07-20,2886.986083984375,3006.449951171875,3044.699951171875,3000.0,3033.0,867436
2022-07-21,2944.265625,3066.10009765625,3084.949951171875,2981.0,2981.0,1184060
2022-07-22,2945.513427734375,3067.39990234375,3092.75,3048.0,3066.10009765625,1268141
2022-07-25,2981.57177734375,3104.949951171875,3117.199951171875,3051.64990234375,3069.5,985844
2022-07-26,2984.98095703125,3108.5,3149.800048828125,3053.0,3096.0,2876310
2022-07-27,3059.449462890625,3186.050048828125,3193.0,3096.0,3118.949951171875,1976407
2022-07-28,3142.36767578125,3272.39990234375,3280.0,3182.0,3198.0,1332572
2022-07-29,3201.2802734375,3333.75,3354.35009765625,3275.0,3285.39990234375,1836550
2022-08-01,3192.44580078125,3324.550048828125,3355.0,3314.5,3340.050048828125,1076122
2022-08-02,3261.200439453125,3396.14990234375,3404.75,3325.60009765625,3331.0,1650536
2022-08-03,3302.971923828125,3439.64990234375,3448.0,3371.25,3404.0,1169005
2022-08-04,3322.99365234375,3460.5,3476.949951171875,3410.89990234375,3455.0,981434
2022-08-05,3335.861083984375,3473.89990234375,3491.949951171875,3451.550048828125,3475.0,792478
2022-08-08,3321.02490234375,3458.449951171875,3476.949951171875,3436.550048828125,3465.0,724644
2022-08-10,3276.08447265625,3411.64990234375,3449.85009765625,3396.0,3441.0,1089295
2022-08-11,3269.89111328125,3405.199951171875,3477.949951171875,3390.0,3450.0,1410533
2022-08-12,3291.641357421875,3427.85009765625,3434.800048828125,3383.0,3399.0,548472
2022-08-16,3361.884521484375,3501.0,3509.449951171875,3455.300048828125,3470.0,911189
2022-08-17,3383.6826171875,3523.699951171875,3545.64990234375,3504.60009765625,3517.949951171875,817912
2022-08-18,3394.869384765625,3535.35009765625,3542.699951171875,3515.550048828125,3525.0,599877
2022-08-19,3344.16748046875,3482.550048828125,3538.5,3464.0,3520.0,581829
2022-08-22,3216.64453125,3349.75,3485.550048828125,3333.199951171875,3462.10009765625,2336567
2022-08-23,3223.22216796875,3356.60009765625,3383.949951171875,3316.85009765625,3333.0,831446
2022-08-24,3244.588134765625,3378.85009765625,3385.0,3302.0,3339.60009765625,1182154
2022-08-25,3228.8876953125,3362.5,3405.14990234375,3351.199951171875,3375.0,615392
2022-08-26,3191.485595703125,3323.550048828125,3384.5,3305.64990234375,3379.35009765625,1384783
2022-08-29,3210.403076171875,3343.25,3348.35009765625,3236.699951171875,3247.0,1031166
2022-08-30,3256.83203125,3391.60009765625,3409.75,3331.0,3331.0,1426459
2022-09-01,3309.597900390625,3446.550048828125,3474.39990234375,3315.0,3315.0,1417762
2022-09-02,3294.7138671875,3431.050048828125,3489.0,3425.0,3489.0,740821
2022-09-05,3288.71240234375,3424.800048828125,3450.0,3405.550048828125,3425.050048828125,518438
2022-09-06,3260.336669921875,3395.25,3434.550048828125,3384.0,3420.0,540937
2022-09-07,3265.23388671875,3400.35009765625,3435.0,3385.949951171875,3392.0,682921
2022-09-08,3313.054931640625,3450.14990234375,3484.64990234375,3427.39990234375,3450.0,1143090
2022-09-09,3305.0849609375,3441.85009765625,3483.699951171875,3433.449951171875,3483.699951171875,702805
2022-09-12,3295.818115234375,3432.199951171875,3453.64990234375,3423.0,3441.85009765625,641280
2022-09-13,3286.215576171875,3422.199951171875,3459.0,3414.64990234375,3432.0,776044
2022-09-14,3302.30029296875,3438.949951171875,3448.5,3380.0,3380.0,816678
2022-09-15,3260.48046875,3395.39990234375,3458.75,3389.10009765625,3440.0,590182
2022-09-16,3190.525146484375,3322.550048828125,3420.0,3309.550048828125,3412.39990234375,1598265
2022-09-19,3184.475830078125,3316.25,3342.10009765625,3231.300048828125,3320.64990234375,1013563
2022-09-20,3258.367919921875,3393.199951171875,3410.0,3334.0,3335.60009765625,708184
2022-09-21,3222.693603515625,3356.050048828125,3424.89990234375,3348.0,3405.0,605378
2022-09-22,3299.467529296875,3436.0,3440.0,3315.64990234375,3356.050048828125,829396
2022-09-23,3260.336669921875,3395.25,3437.949951171875,3382.699951171875,3435.0,513370
2022-09-26,3301.43603515625,3438.050048828125,3468.0,3354.0,3370.0,1429914
2022-09-27,3332.740234375,3470.64990234375,3500.0,3431.050048828125,3454.85009765625,1455383
2022-09-28,3428.76708984375,3570.64990234375,3582.89990234375,3420.0,3451.0,1843428
2022-09-29,3250.3017578125,3384.800048828125,3563.449951171875,3372.39990234375,3563.449951171875,2624894
2022-09-30,3209.634765625,3342.449951171875,3411.89990234375,3285.25,3402.0,2159720
2022-10-03,3171.656005859375,3302.89990234375,3352.5,3285.75,3348.0,934543
2022-10-04,3205.121337890625,3337.75,3368.35009765625,3312.050048828125,3330.0,994382
2022-10-06,3196.671142578125,3328.949951171875,3366.75,3311.699951171875,3337.75,922770
2022-10-07,3210.834716796875,3343.699951171875,3359.60009765625,3287.25,3318.0,774544
2022-10-10,3147.697509765625,3277.949951171875,3299.0,3260.199951171875,3280.0,734377
2022-10-11,3167.623046875,3298.699951171875,3360.0,3274.0,3290.5,1411316
2022-10-12,3119.129638671875,3248.199951171875,3339.5,3206.0,3335.0,1812549
2022-10-13,3081.4873046875,3209.0,3258.199951171875,3193.89990234375,3230.10009765625,779890
2022-10-14,3058.9208984375,3185.5,3246.0,3180.0,3235.0,845765
2022-10-17,3070.540283203125,3197.60009765625,3218.0,3170.10009765625,3185.5,1067773
2022-10-18,3097.667724609375,3225.85009765625,3250.0,3212.0,3218.0,1015424
2022-10-19,3085.08837890625,3212.75,3245.699951171875,3196.35009765625,3242.0,943543
2022-10-20,3016.09326171875,3140.89990234375,3241.85009765625,3101.800048828125,3198.0,2284352
2022-10-21,2969.520263671875,3092.39990234375,3164.75,3072.64990234375,3140.0,1738731
2022-10-24,2997.608642578125,3121.64990234375,3159.0,3116.0,3150.0,178709
2022-10-25,2962.318115234375,3084.89990234375,3135.0,3079.89990234375,3134.0,1016316
2022-10-27,2922.515869140625,3043.449951171875,3123.0,3033.0,3123.0,2005709
2022-10-28,2932.070068359375,3053.39990234375,3071.60009765625,3040.0,3058.699951171875,715736
2022-10-31,2988.519287109375,3107.699951171875,3113.0,3061.050048828125,3082.0,814364
2022-11-01,3038.236083984375,3159.39990234375,3164.39990234375,3110.5,3110.5,939335
2022-11-02,3011.791015625,3131.89990234375,3159.949951171875,3122.10009765625,3158.0,787012
2022-11-03,3020.83056640625,3141.300048828125,3148.75,3105.0,3105.0,563798
2022-11-04,3059.344970703125,3181.35009765625,3185.0,3125.89990234375,3148.0,609757
2022-11-07,2984.528076171875,3103.550048828125,3198.0,3097.449951171875,3186.0,1669943
2022-11-09,2968.1318359375,3086.5,3146.0,3080.0,3146.0,1391333
2022-11-10,2928.367919921875,3045.14990234375,3086.0,3033.5,3086.0,1375007
2022-11-11,2938.224609375,3055.39990234375,3098.0,3048.0,3090.699951171875,810288
2022-11-14,2936.10888671875,3053.199951171875,3077.949951171875,3041.050048828125,3056.0,811702
2022-11-15,2961.208251953125,3079.300048828125,3095.0,3042.0,3068.5,873840
2022-11-16,2964.814453125,3083.050048828125,3093.0,3051.0,3079.300048828125,770953
2022-11-17,2953.803466796875,3071.60009765625,3096.550048828125,3060.0,3092.0,706271
2022-11-18,2976.786865234375,3095.5,3114.85009765625,3055.75,3095.0,1258576
2022-11-21,2976.594970703125,3095.300048828125,3110.35009765625,3066.199951171875,3105.0,612194
2022-11-22,2984.81689453125,3103.85009765625,3119.5,3072.300048828125,3104.0,764079
2022-11-23,2981.884033203125,3100.800048828125,3114.800048828125,3090.0,3111.0,488341
2022-11-24,2995.82763671875,3115.300048828125,3120.25,3092.0,3117.949951171875,571872
2022-11-25,2988.95166015625,3108.14990234375,3119.800048828125,3075.25,3115.300048828125,898769
2022-11-28,3030.3505859375,3151.199951171875,3159.0,3096.699951171875,3108.14990234375,914689
2022-11-29,3014.8203125,3135.050048828125,3169.0,3127.14990234375,3157.0,877720
2022-11-30,3053.382080078125,3175.14990234375,3199.949951171875,3133.300048828125,3139.89990234375,2547283
2022-12-01,3057.421142578125,3179.35009765625,3197.0,3161.25,3191.0,761717
2022-12-02,3022.898193359375,3143.449951171875,3174.300048828125,3134.0,3173.14990234375,932259
2022-12-05,3035.83203125,3156.89990234375,3168.699951171875,3112.5,3130.0,926122
2022-12-06,3040.447998046875,3161.699951171875,3169.0,3125.0,3125.0,958365
2022-12-07,3102.7626953125,3226.5,3234.699951171875,3176.39990234375,3180.0,1832282
2022-12-08,3097.90673828125,3221.449951171875,3240.89990234375,3202.64990234375,3230.0,851312
2022-12-09,3103.19580078125,3226.949951171875,3242.35009765625,3206.0,3235.0,847879
2022-12-12,3044.919921875,3166.35009765625,3230.0,3141.89990234375,3227.0,1323816
2022-12-13,3056.604248046875,3178.5,3185.0,3142.64990234375,3185.0,886601
2022-12-14,3025.30224609375,3145.949951171875,3195.0,3125.0,3179.0,1103870
2022-12-15,3010.540771484375,3130.60009765625,3161.199951171875,3116.699951171875,3142.0,799124
2022-12-16,2938.70556640625,3055.89990234375,3117.0,3050.300048828125,3115.0,1192821
2022-12-19,2962.794677734375,3080.949951171875,3088.0,3041.0,3062.0,655594
2022-12-20,2963.94873046875,3082.14990234375,3088.64990234375,3018.0,3075.050048828125,739257
2022-12-21,2951.927978515625,3069.64990234375,3112.449951171875,3050.050048828125,3085.0,616324
2022-12-22,2970.103515625,3088.550048828125,3093.5,3038.050048828125,3074.0,663202
2022-12-23,2940.62890625,3057.89990234375,3086.85009765625,3036.0,3078.949951171875,1230858
2022-12-26,2938.849853515625,3056.050048828125,3071.89990234375,3028.800048828125,3057.89990234375,536884
2022-12-27,2993.231201171875,3112.60009765625,3129.0,3056.300048828125,3060.0,729041
2022-12-28,3003.905517578125,3123.699951171875,3143.800048828125,3105.0,3109.949951171875,972274
2022-12-29,2995.683349609375,3115.14990234375,3125.0,3092.550048828125,3101.0,596265
2022-12-30,2969.478515625,3087.89990234375,3130.75,3071.300048828125,3130.75,836220
2023-01-02,2930.387451171875,3047.25,3087.89990234375,3021.0,3087.89990234375,1015990
2023-01-03,2912.1162109375,3028.25,3059.949951171875,3025.0,3047.0,860367
2023-01-04,2901.1533203125,3016.85009765625,3050.0,3001.550048828125,3035.0,836382
2023-01-05,2889.1328125,3004.35009765625,3046.60009765625,2995.39990234375,3039.550048828125,1113920
2023-01-06,2864.177734375,2978.39990234375,3023.5,2952.0,3010.0,1045526
2023-01-09,2869.70751953125,2984.14990234375,3017.64990234375,2951.0,2993.300048828125,808263
2023-01-10,2846.8203125,2960.35009765625,2985.0,2952.199951171875,2984.14990234375,864325
2023-01-11,2827.635009765625,2940.39990234375,2974.89990234375,2935.0,2974.89990234375,890426
2023-01-12,2804.122802734375,2915.949951171875,2939.85009765625,2896.0,2939.0,1558620
2023-01-13,2797.583251953125,2909.14990234375,2925.0,2871.75,2925.0,1507864
2023-01-16,2804.218994140625,2916.050048828125,2929.60009765625,2896.0,2925.0,644073
2023-01-17,2828.115966796875,2940.89990234375,2944.85009765625,2911.14990234375,2925.0,716489
2023-01-18,2832.298828125,2945.25,2960.0,2929.35009765625,2947.949951171875,893808
2023-01-19,2756.232421875,2866.14990234375,2973.60009765625,2843.60009765625,2954.89990234375,2379947
2023-01-20,2680.8876953125,2787.800048828125,2848.0,2781.0,2848.0,3171005
2023-01-23,2677.665283203125,2784.449951171875,2800.0,2767.85009765625,2800.0,1402260
2023-01-24,2702.81298828125,2810.60009765625,2827.10009765625,2784.449951171875,2795.0,1061471
2023-01-25,2668.57861328125,2775.0,2811.0,2767.10009765625,2810.89990234375,857953
2023-01-27,2618.23583984375,2722.64990234375,2772.85009765625,2685.85009765625,2766.60009765625,1801498
2023-01-30,2660.115478515625,2766.199951171875,2776.0,2696.25,2724.0,1171912
2023-01-31,2621.3134765625,2725.85009765625,2779.949951171875,2718.050048828125,2760.0,1961805
2023-02-01,2638.52685546875,2743.75,2778.0,2704.800048828125,2749.800048828125,1176872
2023-02-02,2601.887939453125,2705.64990234375,2741.0,2694.0,2741.0,1308570
2023-02-03,2654.537841796875,2760.39990234375,2763.89990234375,2700.0,2705.64990234375,1278409
2023-02-06,2648.57568359375,2754.199951171875,2765.0,2718.0,2760.39990234375,1120284
2023-02-07,2652.2783203125,2758.050048828125,2774.5,2748.14990234375,2762.0,732250
2023-02-08,2659.53857421875,2765.60009765625,2784.0,2744.300048828125,2768.0,811956
2023-02-09,2706.6591796875,2814.60009765625,2820.35009765625,2766.14990234375,2781.949951171875,946372
2023-02-10,2697.04296875,2804.60009765625,2830.949951171875,2793.0,2830.0,700072
2023-02-13,2683.723876953125,2790.75,2829.0,2780.0,2814.5,467228
2023-02-14,2670.501220703125,2777.0,2804.75,2765.0,2804.75,524746
2023-02-15,2679.300537109375,2786.14990234375,2798.300048828125,2754.0,2777.0,817717
2023-02-16,2698.34130859375,2805.949951171875,2834.35009765625,2790.10009765625,2797.0,788964
2023-02-17,2724.930908203125,2833.60009765625,2845.85009765625,2785.5,2802.949951171875,840526
2023-02-20,2717.189697265625,2825.550048828125,2852.0,2812.10009765625,2845.0,646218
2023-02-21,2709.063720703125,2817.10009765625,2838.699951171875,2805.0,2837.0,631934
2023-02-22,2688.724853515625,2795.949951171875,2813.949951171875,2780.0,2809.949951171875,580270
2023-02-23,2602.17626953125,2705.949951171875,2805.550048828125,2700.10009765625,2805.0,1790570
2023-02-24,2633.477783203125,2738.5,2762.0,2710.0,2712.10009765625,1429040
2023-02-27,2644.440673828125,2749.89990234375,2758.64990234375,2725.050048828125,2740.39990234375,561317
2023-02-28,2720.315185546875,2828.800048828125,2839.0,2727.449951171875,2750.0,1815923
2023-03-01,2731.95068359375,2840.89990234375,2853.300048828125,2816.050048828125,2828.0,816598
2023-03-02,2725.21923828125,2833.89990234375,2849.0,2811.0,2831.0,604523
2023-03-03,2720.36279296875,2828.85009765625,2852.0,2810.64990234375,2837.050048828125,679295
2023-03-06,2754.69384765625,2864.550048828125,2884.0,2830.25,2843.0,1050267
2023-03-08,2749.8857421875,2859.550048828125,2870.0,2827.0,2870.0,580250
2023-03-09,2744.11572265625,2853.550048828125,2872.449951171875,2836.85009765625,2862.0,774224
2023-03-10,2721.661376953125,2830.199951171875,2844.0,2807.0,2844.0,489978
2023-03-13,2677.42529296875,2784.199951171875,2849.449951171875,2772.199951171875,2823.5,813217
2023-03-14,2640.305908203125,2745.60009765625,2786.949951171875,2740.050048828125,2782.949951171875,1060450
2023-03-15,2718.96875,2827.39990234375,2866.35009765625,2765.199951171875,2772.199951171875,2170346
2023-03-16,2782.29296875,2893.25,2900.0,2828.699951171875,2850.0,1755487
2023-03-17,2752.866455078125,2862.64990234375,2923.949951171875,2855.050048828125,2923.949951171875,1848073
2023-03-20,2745.654296875,2855.14990234375,2915.0,2831.050048828125,2915.0,1074367
2023-03-21,2730.22021484375,2839.10009765625,2887.0,2835.0,2858.14990234375,691891
2023-03-22,2730.94091796875,2839.85009765625,2853.14990234375,2814.85009765625,2825.0,731807
2023-03-23,2690.503662109375,2797.800048828125,2823.0,2767.75,2817.10009765625,1016581
2023-03-24,2691.177001953125,2798.5,2815.64990234375,2772.85009765625,2797.800048828125,784111
2023-03-27,2696.225341796875,2803.75,2820.0,2786.5,2798.5,791560
2023-03-28,2677.665283203125,2784.449951171875,2810.60009765625,2765.0,2791.0,558581
2023-03-29,2664.25048828125,2770.5,2793.75,2755.0,2784.449951171875,1087648
2023-03-31,2655.740234375,2761.64990234375,2775.0,2747.5,2756.050048828125,1967803
2023-04-03,2670.501220703125,2777.0,2781.64990234375,2708.64990234375,2746.949951171875,1035295
2023-04-05,2700.793212890625,2808.5,2811.550048828125,2752.25,2760.0,668643
2023-04-06,2702.091552734375,2809.85009765625,2825.0,2786.800048828125,2807.449951171875,627554
2023-04-10,2669.87646484375,2776.35009765625,2810.0,2755.10009765625,2810.0,1215461
2023-04-11,2648.191162109375,2753.800048828125,2790.0,2750.050048828125,2790.0,1246379
2023-04-12,2679.877685546875,2786.75,2806.199951171875,2751.0,2755.550048828125,2235399
2023-04-13,2701.9951171875,2809.75,2813.300048828125,2782.0,2786.699951171875,602597
2023-04-17,2734.06640625,2843.10009765625,2845.60009765625,2806.0,2825.0,754555
2023-04-18,2745.125244140625,2854.60009765625,2858.449951171875,2830.10009765625,2848.0,717724
2023-04-19,2701.947265625,2809.699951171875,2852.699951171875,2800.64990234375,2836.35009765625,799624
2023-04-20,2734.7880859375,2843.85009765625,2851.0,2813.14990234375,2820.0,761101
2023-04-21,2771.57080078125,2882.10009765625,2887.0,2847.10009765625,2847.10009765625,894930
2023-04-24,2780.22607421875,2891.10009765625,2898.0,2852.0,2882.10009765625,782967
2023-04-25,2786.861328125,2898.0,2901.75,2864.14990234375,2891.050048828125,636120
2023-04-26,2798.40087890625,2910.0,2916.449951171875,2888.050048828125,2896.949951171875,569221
2023-04-27,2788.736328125,2899.949951171875,2920.0,2893.85009765625,2915.5,599461
2023-04-28,2791.044189453125,2902.35009765625,2919.949951171875,2846.60009765625,2919.949951171875,1080665
2023-05-02,2788.35205078125,2899.550048828125,2933.699951171875,2893.0,2910.949951171875,663800
2023-05-03,2817.345458984375,2929.699951171875,2962.39990234375,2897.0,2918.0,1237193
2023-05-04,2868.45703125,2982.85009765625,2986.14990234375,2922.14990234375,2948.0,1008540
2023-05-05,2897.40283203125,3012.949951171875,3025.0,2951.050048828125,2971.0,1326561
2023-05-08,2903.653076171875,3019.449951171875,3035.699951171875,2993.0,3015.0,941879
2023-05-09,2918.41455078125,3034.800048828125,3074.800048828125,3010.75,3016.050048828125,1025850
2023-05-10,2924.76123046875,3041.39990234375,3057.0,3018.89990234375,3042.949951171875,751851
2023-05-11,3019.340087890625,3139.75,3156.14990234375,3031.5,3052.050048828125,3229605
2023-05-12,3011.02197265625,3131.10009765625,3179.75,3086.0,3139.0,1998170
2023-05-15,3011.88720703125,3132.0,3168.0,3121.050048828125,3134.199951171875,810281
2023-05-16,3017.753173828125,3138.10009765625,3165.699951171875,3122.35009765625,3132.0,822404
2023-05-17,2973.853759765625,3092.449951171875,3147.949951171875,3075.550048828125,3136.0,835371
2023-05-18,2989.8173828125,3109.050048828125,3125.0,3093.25,3105.64990234375,498067
2023-05-19,2966.160888671875,3084.449951171875,3127.949951171875,3068.050048828125,3124.0,633262
2023-05-22,2966.593505859375,3084.89990234375,3105.60009765625,3046.0,3070.0,659425
2023-05-23,3000.92431640625,3120.60009765625,3127.949951171875,3085.0,3087.0,581204
2023-05-24,2982.556640625,3101.5,3133.14990234375,3098.0,3115.0,439465
2023-05-25,3003.761474609375,3123.550048828125,3129.0,3086.0,3101.5,500313
2023-05-26,3008.425048828125,3128.39990234375,3136.949951171875,3111.75,3123.0,568249
2023-05-29,3017.080078125,3137.39990234375,3155.0,3116.050048828125,3147.199951171875,535712
2023-05-30,3023.8115234375,3144.39990234375,3155.0,3127.550048828125,3146.89990234375,506026
2023-05-31,3070.49951171875,3192.949951171875,3219.35009765625,3136.449951171875,3151.949951171875,2349066
2023-06-01,3116.418212890625,3240.699951171875,3249.89990234375,3207.0,3235.35009765625,1104861
2023-06-02,3113.1005859375,3237.25,3249.949951171875,3219.0,3239.39990234375,781973
2023-06-05,3077.0390625,3199.75,3239.949951171875,3195.0,3239.949951171875,492565
2023-06-06,3089.5400390625,3212.75,3238.89990234375,3195.0,3207.75,577698
2023-06-07,3101.12841796875,3224.800048828125,3229.25,3206.25,3217.0,470038
2023-06-08,3089.0595703125,3212.25,3247.0,3193.0,3220.0,561161
2023-06-09,3078.943115234375,3180.550048828125,3238.89990234375,3168.550048828125,3209.800048828125,1239045
2023-06-12,3092.689697265625,3194.75,3202.35009765625,3151.14990234375,3185.199951171875,1029156
2023-06-13,3158.614013671875,3262.85009765625,3272.0,3205.14990234375,3210.0,1598821
2023-06-14,3165.729248046875,3270.199951171875,3289.89990234375,3253.0,3265.0,741615
2023-06-15,3189.108154296875,3294.35009765625,3304.0,3273.35009765625,3276.0,806994
2023-06-16,3210.88916015625,3316.85009765625,3322.0,3286.550048828125,3291.75,984671
2023-06-19,3203.9677734375,3309.699951171875,3344.949951171875,3303.25,3318.85009765625,516915
2023-06-20,3212.6796875,3318.699951171875,3326.85009765625,3277.10009765625,3315.0,866290
2023-06-21,3210.162841796875,3316.10009765625,3333.0,3300.0,3318.699951171875,742456
2023-06-22,3144.287109375,3248.050048828125,3326.85009765625,3242.449951171875,3325.0,871640
2023-06-23,3192.3505859375,3297.699951171875,3304.14990234375,3253.050048828125,3265.0,1260659
2023-06-26,3202.467041015625,3308.14990234375,3315.35009765625,3271.39990234375,3295.0,592801
2023-06-27,3219.746826171875,3326.0,3344.5,3273.35009765625,3275.0,914141
2023-06-28,3241.285888671875,3348.25,3355.25,3323.5,3331.0,713110
2023-06-30,3254.64501953125,3362.050048828125,3449.60009765625,3343.75,3353.0,1436363
2023-07-03,3251.40234375,3358.699951171875,3379.949951171875,3337.199951171875,3365.0,474224
2023-07-04,3240.753662109375,3347.699951171875,3387.0,3331.0,3358.699951171875,473663
2023-07-05,3266.6005859375,3374.39990234375,3400.0,3340.75,3351.35009765625,632406
2023-07-06,3290.801513671875,3399.39990234375,3410.0,3367.800048828125,3410.0,693995
2023-07-07,3236.88134765625,3343.699951171875,3414.0,3337.14990234375,3385.0,620761
2023-07-10,3236.348876953125,3343.14990234375,3372.050048828125,3293.949951171875,3345.0,548838
2023-07-11,3284.170654296875,3392.550048828125,3399.949951171875,3345.0,3349.949951171875,772158
2023-07-12,3297.9169921875,3406.75,3414.39990234375,3362.25,3408.0,1025127
2023-07-13,3289.97900390625,3398.550048828125,3425.0,3384.35009765625,3425.0,750126
2023-07-14,3320.182373046875,3429.75,3439.0,3387.0,3398.550048828125,832843
2023-07-17,3349.85302734375,3460.39990234375,3473.0,3425.0,3429.75,817694
2023-07-18,3401.20849609375,3513.449951171875,3523.0,3455.60009765625,3460.0,962485
2023-07-19,3402.3701171875,3514.64990234375,3530.0,3482.5,3520.0,620289
2023-07-20,3413.357421875,3526.0,3535.0,3494.949951171875,3510.050048828125,589848
2023-07-21,3405.322509765625,3517.699951171875,3537.949951171875,3505.0,3535.949951171875,857975
2023-07-24,3430.491943359375,3543.699951171875,3568.0,3498.5,3506.0,680246
2023-07-25,3291.769775390625,3400.39990234375,3547.89990234375,3350.0,3547.89990234375,2555630
2023-07-26,3265.2451171875,3373.0,3413.0,3365.0,3399.85009765625,959076
2023-07-27,3261.76025390625,3369.39990234375,3414.0,3351.0,3390.0,874078
2023-07-28,3282.379638671875,3390.699951171875,3399.0,3364.5,3375.0,553750
2023-07-31,3269.456298828125,3377.35009765625,3388.0,3323.14990234375,3323.199951171875,933890
2023-08-01,3236.1552734375,3342.949951171875,3385.0,3338.0,3372.0,698667
2023-08-02,3255.468017578125,3362.89990234375,3371.949951171875,3330.64990234375,3341.199951171875,857218
2023-08-03,3229.76611328125,3336.35009765625,3379.949951171875,3317.949951171875,3370.0,711067
2023-08-04,3232.960693359375,3339.64990234375,3373.300048828125,3323.0,3338.14990234375,519248
2023-08-07,3236.203857421875,3343.0,3350.0,3316.0,3316.050048828125,360358
2023-08-08,3241.092041015625,3348.050048828125,3359.949951171875,3332.64990234375,3343.0,500258
2023-08-09,3224.5869140625,3331.0,3356.949951171875,3303.0,3332.550048828125,643222
2023-08-10,3134.4609375,3237.89990234375,3320.0,3230.0,3310.0,1253219
2023-08-11,3083.590087890625,3185.35009765625,3248.949951171875,3180.0,3237.89990234375,919023
2023-08-14,3100.288818359375,3202.60009765625,3209.89990234375,3152.25,3185.35009765625,815534
2023-08-16,3092.01220703125,3194.050048828125,3208.85009765625,3176.89990234375,3194.89990234375,597686
2023-08-17,3081.556884765625,3183.25,3224.0,3162.0,3223.89990234375,873392
2023-08-18,3062.486328125,3163.550048828125,3185.5,3155.0,3174.89990234375,592652
2023-08-21,3080.6376953125,3182.300048828125,3187.5,3152.14990234375,3159.89990234375,353330
2023-08-22,3078.120361328125,3179.699951171875,3198.60009765625,3171.0,3198.60009765625,377068
2023-08-23,3067.56884765625,3168.800048828125,3196.0,3165.25,3186.0,370811
2023-08-24,3122.55419921875,3225.60009765625,3232.89990234375,3170.89990234375,3185.0,1167742
2023-08-25,3155.177490234375,3259.300048828125,3265.0,3216.199951171875,3224.89990234375,1363431
2023-08-28,3155.564453125,3259.699951171875,3272.0,3231.050048828125,3264.949951171875,707315
2023-08-29,3180.73388671875,3285.699951171875,3289.0,3255.050048828125,3261.0,533163
2023-08-30,3189.446533203125,3294.699951171875,3302.85009765625,3276.39990234375,3301.300048828125,599080
2023-08-31,3152.080078125,3256.10009765625,3302.0,3220.0,3300.050048828125,1601967
2023-09-01,3155.419677734375,3259.550048828125,3264.199951171875,3217.10009765625,3241.10009765625,650131
2023-09-04,3132.186279296875,3235.550048828125,3266.25,3216.10009765625,3259.550048828125,696213
2023-09-05,3120.327392578125,3223.300048828125,3248.85009765625,3220.0,3245.0,597022
2023-09-06,3122.263916015625,3225.300048828125,3230.0,3195.0,3209.0,754106
2023-09-07,3142.64111328125,3246.35009765625,3253.75,3201.25,3225.300048828125,923108
2023-09-08,3134.60595703125,3238.050048828125,3263.050048828125,3232.0,3250.550048828125,395918
2023-09-11,3155.274169921875,3259.39990234375,3265.0,3242.0,3242.0,359345
2023-09-12,3152.805908203125,3256.85009765625,3279.800048828125,3243.0,3260.0,554905
2023-09-13,3173.0380859375,3277.75,3284.64990234375,3225.300048828125,3245.0,880907
2023-09-14,3136.736083984375,3240.25,3294.199951171875,3223.25,3282.0,1102554
2023-09-15,3094.529052734375,3196.64990234375,3240.0,3185.0,3235.0,1568607
2023-09-18,3103.870849609375,3206.300048828125,3229.89990234375,3190.0,3200.0,673602
2023-09-20,3111.66357421875,3214.35009765625,3228.0,3195.0,3206.300048828125,901084
2023-09-21,3140.559814453125,3244.199951171875,3261.199951171875,3180.550048828125,3210.0,845739
2023-09-22,3170.230712890625,3274.85009765625,3283.60009765625,3221.14990234375,3234.949951171875,896521
2023-09-25,3217.08447265625,3323.25,3334.800048828125,3271.14990234375,3272.300048828125,1422084
2023-09-26,3187.607177734375,3292.800048828125,3324.89990234375,3260.35009765625,3323.0,834560
2023-09-27,3196.320068359375,3301.800048828125,3309.0,3271.699951171875,3288.0,516326
2023-09-28,3069.069580078125,3170.35009765625,3289.0,3155.0,3281.800048828125,2104381
2023-09-29,3060.066650390625,3161.050048828125,3195.0,3134.0,3195.0,1550585
2023-10-03,3065.680908203125,3166.85009765625,3227.800048828125,3162.0,3166.10009765625,1219145
2023-10-04,3068.633544921875,3169.89990234375,3189.0,3151.35009765625,3164.949951171875,892584
2023-10-05,3103.822265625,3206.25,3232.10009765625,3174.300048828125,3210.0,1002610
2023-10-06,3093.65771484375,3195.75,3217.0,3190.0,3214.75,814257
2023-10-09,3052.079833984375,3152.800048828125,3163.0,3132.699951171875,3140.050048828125,700012
2023-10-10,3050.8212890625,3151.5,3164.89990234375,3140.050048828125,3150.0,847367
2023-10-11,3062.8251953125,3163.89990234375,3185.0,3152.050048828125,3169.0,1025317
2023-10-12,3058.1787109375,3159.10009765625,3188.5,3150.050048828125,3186.0,992531
2023-10-13,3048.20751953125,3148.800048828125,3172.0,3128.25,3150.0,854688
2023-10-16,3012.63134765625,3112.050048828125,3128.0,3096.10009765625,3124.0,853011
2023-10-17,3014.083984375,3113.550048828125,3137.0,3091.800048828125,3137.0,792640
2023-10-18,2997.5302734375,3096.449951171875,3115.199951171875,3090.0,3110.0,481985
2023-10-19,3002.709228515625,3101.800048828125,3110.89990234375,3076.10009765625,3087.699951171875,568124
2023-10-20,3006.6298828125,3105.85009765625,3115.10009765625,3064.550048828125,3092.5,711434
2023-10-23,2973.861083984375,3072.0,3108.89990234375,3064.0,3096.050048828125,374476
2023-10-25,2963.018798828125,3060.800048828125,3108.0,3052.0,3093.39990234375,669290
2023-10-26,2865.7294921875,2960.300048828125,3055.0,2940.0,3051.10009765625,1834111
2023-10-27,2860.743896484375,2955.14990234375,2974.64990234375,2931.0,2932.800048828125,1708185
2023-10-30,2872.3125,2967.10009765625,2991.949951171875,2939.10009765625,2974.0,878885
2023-10-31,2899.998291015625,2995.699951171875,3012.75,2966.0,2969.0,1152306
2023-11-01,2840.80224609375,2934.550048828125,3008.89990234375,2930.0,2997.949951171875,1029990
2023-11-02,2860.98583984375,2955.39990234375,2962.0,2934.0,2961.050048828125,900125
2023-11-03,2887.7509765625,2977.85009765625,2982.89990234375,2942.0,2957.0,715997
2023-11-06,2937.644287109375,3029.300048828125,3034.050048828125,2983.85009765625,2998.0,620959
2023-11-07,2941.572265625,3033.35009765625,3038.949951171875,3002.199951171875,3029.300048828125,757998
2023-11-08,3001.598876953125,3095.25,3098.949951171875,3046.199951171875,3058.0,783400
2023-11-09,2987.004150390625,3080.199951171875,3111.39990234375,3074.050048828125,3100.0,849702
2023-11-10,2983.36767578125,3076.449951171875,3085.0,3040.10009765625,3070.0,364232
2023-11-13,2992.2412109375,3085.60009765625,3098.0,3065.0,3098.0,405941
2023-11-15,3021.914794921875,3116.199951171875,3118.85009765625,3078.699951171875,3085.699951171875,700017
2023-11-16,3035.588623046875,3130.300048828125,3140.89990234375,3097.60009765625,3119.0,675454
2023-11-17,3073.0205078125,3168.89990234375,3228.25,3145.64990234375,3150.0,1430175
2023-11-20,3045.33447265625,3140.35009765625,3171.89990234375,3132.0,3168.89990234375,406431
2023-11-21,3038.448974609375,3133.25,3156.89990234375,3127.0,3156.89990234375,409069
2023-11-22,3038.206787109375,3133.0,3157.0,3121.199951171875,3140.0,489889
2023-11-23,3028.460693359375,3122.949951171875,3171.39990234375,3115.14990234375,3148.0,792460
2023-11-24,3041.261474609375,3136.14990234375,3139.800048828125,3111.0,3118.0,756329
2023-11-28,3053.092529296875,3148.35009765625,3160.0,3136.14990234375,3141.14990234375,647883
2023-11-29,3053.092529296875,3148.35009765625,3170.0,3142.0,3148.35009765625,620725
2023-11-30,3025.502685546875,3119.89990234375,3153.949951171875,3108.35009765625,3148.35009765625,1793116
2023-12-01,3077.38427734375,3173.39990234375,3190.60009765625,3140.25,3146.949951171875,960196
2023-12-04,3097.894287109375,3194.550048828125,3204.449951171875,3166.5,3190.0,1018189
2023-12-05,3128.63525390625,3226.25,3247.64990234375,3180.0,3197.0,1005550
2023-12-06,3154.1396484375,3252.550048828125,3289.0,3232.949951171875,3265.0,1229158
2023-12-07,3153.412353515625,3251.800048828125,3299.949951171875,3246.85009765625,3284.0,1071725
2023-12-08,3134.21142578125,3232.0,3269.800048828125,3227.800048828125,3255.0,895852
2023-12-11,3135.18115234375,3233.0,3245.0,3185.5,3230.0,910426
2023-12-12,3127.1806640625,3224.75,3257.050048828125,3210.0,3228.0,1019030
2023-12-13,3145.5087890625,3243.64990234375,3254.949951171875,3190.300048828125,3240.0,1052079
2023-12-14,3143.2783203125,3241.35009765625,3258.60009765625,3218.0,3255.0,923107
2023-12-15,3213.633544921875,3313.89990234375,3326.35009765625,3242.0,3250.0,1631687
2023-12-18,3231.23388671875,3332.050048828125,3335.800048828125,3296.0,3313.0,911936
2023-12-19,3235.113037109375,3336.050048828125,3353.89990234375,3300.14990234375,3335.949951171875,780448
2023-12-20,3197.39013671875,3297.14990234375,3359.949951171875,3282.64990234375,3336.050048828125,979762
2023-12-21,3203.014404296875,3302.949951171875,3320.0,3271.85009765625,3280.0,1585879
2023-12-22,3240.204345703125,3341.300048828125,3350.800048828125,3287.0,3309.89990234375,930563
2023-12-26,3280.98193359375,3383.35009765625,3391.89990234375,3345.199951171875,3349.949951171875,600190
2023-12-27,3301.443603515625,3404.449951171875,3409.949951171875,3354.0,3381.050048828125,837182
2023-12-28,3294.46142578125,3397.25,3419.949951171875,3373.050048828125,3405.0,779250
2023-12-29,3299.455322265625,3402.39990234375,3422.949951171875,3383.89990234375,3410.0,615676
2024-01-01,3293.345947265625,3396.10009765625,3411.800048828125,3389.14990234375,3403.0,283951
2024-01-02,3288.740234375,3391.35009765625,3398.89990234375,3345.0,3396.0,552394
2024-01-03,3271.527099609375,3373.60009765625,3399.0,3365.0,3391.35009765625,379131
2024-01-04,3277.684814453125,3379.949951171875,3401.25,3363.800048828125,3372.0,777127
2024-01-05,3254.0234375,3355.550048828125,3380.39990234375,3348.0,3379.949951171875,416956
2024-01-08,3198.602294921875,3298.39990234375,3376.5,3294.85009765625,3355.0,545884
2024-01-09,3168.637451171875,3267.5,3315.0,3262.25,3310.0,670704
2024-01-10,3187.40185546875,3286.85009765625,3293.0,3258.199951171875,3292.0,691087
2024-01-11,3188.7109375,3288.199951171875,3309.199951171875,3270.699951171875,3286.85009765625,537469
2024-01-12,3178.625732421875,3277.800048828125,3294.949951171875,3244.0,3294.949951171875,673004
2024-01-15,3174.843505859375,3273.89990234375,3287.199951171875,3258.60009765625,3282.199951171875,728116
2024-01-16,3197.147705078125,3296.89990234375,3320.0,3273.89990234375,3274.949951171875,748215
2024-01-17,3144.199462890625,3242.300048828125,3304.35009765625,3193.050048828125,3294.10009765625,2239241
2024-01-18,3068.123291015625,3163.85009765625,3257.949951171875,3048.60009765625,3257.949951171875,1979174
2024-01-19,3070.062744140625,3165.85009765625,3201.550048828125,3148.60009765625,3177.800048828125,936201
2024-01-23,2962.27587890625,3054.699951171875,3109.0,3021.550048828125,3087.550048828125,2365225
2024-01-24,2908.697265625,2999.449951171875,3055.0,2976.10009765625,3055.0,2665932
2024-01-25,2859.96826171875,2949.199951171875,3016.0,2942.300048828125,3010.050048828125,2001961
2024-01-29,2886.005615234375,2976.050048828125,2988.449951171875,2940.050048828125,2940.050048828125,1862723
2024-01-30,2864.719482421875,2954.10009765625,3005.0,2951.050048828125,2990.0,1273188
2024-01-31,2868.356201171875,2957.85009765625,2971.89990234375,2948.050048828125,2966.0,1771244
2024-02-01,2840.718505859375,2929.35009765625,2972.85009765625,2919.949951171875,2961.0,3006472
2024-02-02,2847.458251953125,2936.300048828125,2962.35009765625,2924.050048828125,2950.0,1881911
2024-02-05,2829.081787109375,2917.35009765625,2965.0,2912.0,2950.0,923435
2024-02-06,2842.27001953125,2930.949951171875,2947.0,2902.64990234375,2931.0,1471312
2024-02-07,2890.951171875,2981.14990234375,3002.949951171875,2936.050048828125,2957.0,1134012
2024-02-08,2840.961181640625,2929.60009765625,2999.75,2919.800048828125,2999.75,1633654
2024-02-09,2862.34375,2951.64990234375,2959.0,2910.550048828125,2930.0,1144765
2024-02-12,2864.428466796875,2953.800048828125,2964.949951171875,2920.050048828125,2951.64990234375,614469
2024-02-13,2881.6904296875,2971.60009765625,2981.25,2945.699951171875,2964.949951171875,717118
2024-02-14,2886.344482421875,2976.39990234375,2980.800048828125,2936.050048828125,2969.89990234375,750339
2024-02-15,2925.280029296875,3016.550048828125,3024.5,2967.449951171875,2980.0,1068730
2024-02-16,2916.891845703125,3007.89990234375,3035.0,3000.0,3035.0,1179473
2024-02-19,2907.38818359375,2998.10009765625,3018.699951171875,2987.5,3007.89990234375,560700
2024-02-20,2920.528564453125,3011.64990234375,3017.10009765625,2972.10009765625,2998.10009765625,729371
2024-02-21,2910.976318359375,3001.800048828125,3026.75,2983.5,3012.050048828125,927130
2024-02-22,2926.1044921875,3017.39990234375,3027.199951171875,2932.10009765625,2983.0,2615821
2024-02-23,2895.60595703125,2985.949951171875,3005.0,2966.199951171875,2999.0,1650523
2024-02-26,2781.660888671875,2868.449951171875,2930.0,2847.800048828125,2920.0,3524491
2024-02-27,2773.030517578125,2859.550048828125,2870.0,2850.10009765625,2855.0,1296180
2024-02-28,2709.802978515625,2794.35009765625,2859.39990234375,2785.5,2850.14990234375,2472196
2024-02-29,2736.51953125,2821.89990234375,2838.0,2776.75,2785.0,2284424
2024-03-01,2746.0712890625,2831.75,2845.949951171875,2815.050048828125,2832.89990234375,978174
2024-03-04,2746.0712890625,2831.75,2860.949951171875,2828.0,2860.0,971299
2024-03-05,2735.064697265625,2820.39990234375,2834.85009765625,2805.0,2834.0,736381
2024-03-06,2741.755859375,2827.300048828125,2839.0,2777.75,2827.949951171875,1723066
2024-03-07,2783.697509765625,2870.550048828125,2894.0,2825.0,2825.0,1564364
2024-03-11,2789.80712890625,2876.85009765625,2896.550048828125,2853.10009765625,2895.550048828125,866546
2024-03-12,2789.128173828125,2876.14990234375,2899.89990234375,2865.449951171875,2880.0,663186
2024-03-13,2773.6123046875,2860.14990234375,2887.25,2835.0,2878.60009765625,955841
2024-03-14,2804.740966796875,2892.25,2898.050048828125,2841.0,2860.0,1381741
2024-03-15,2780.78857421875,2867.550048828125,2896.949951171875,2850.0,2895.0,1356226
2024-03-18,2760.375244140625,2846.5,2866.0,2817.25,2866.0,940424
2024-03-19,2729.92529296875,2815.10009765625,2840.0,2801.0,2840.0,1199135
2024-03-20,2739.4287109375,2824.89990234375,2837.050048828125,2797.550048828125,2815.10009765625,818910
2024-03-21,2735.792236328125,2821.14990234375,2845.39990234375,2806.0,2845.0,1167680
2024-03-22,2755.52685546875,2841.5,2855.14990234375,2808.0,2821.14990234375,1652689
2024-03-26,2729.48876953125,2814.64990234375,2844.14990234375,2810.0,2820.0,1372390
2024-03-27,2744.859375,2830.5,2842.85009765625,2817.699951171875,2817.949951171875,1156231
2024-03-28,2760.61767578125,2846.75,2868.0,2819.0,2835.050048828125,1864623
2024-04-01,2784.134033203125,2871.0,2886.449951171875,2852.35009765625,2860.949951171875,558086
2024-04-02,2787.237060546875,2874.199951171875,2892.39990234375,2856.0,2874.050048828125,562473
2024-04-03,2782.533935546875,2869.35009765625,2884.550048828125,2845.0,2845.0,816676
2024-04-04,2830.0029296875,2918.300048828125,2943.25,2851.25,2870.0,1831347
2024-04-05,2796.207275390625,2883.449951171875,2927.75,2880.0,2924.0,1155672
2024-04-08,2804.49853515625,2892.0,2908.949951171875,2873.800048828125,2908.0,570695
2024-04-09,2770.702880859375,2857.14990234375,2916.449951171875,2845.0,2893.0,1017670
2024-04-10,2809.1044921875,2896.75,2899.10009765625,2858.0,2883.300048828125,740495
2024-04-12,2768.133056640625,2854.5,2893.0,2845.0,2890.0,1766311
2024-04-15,2758.33837890625,2844.39990234375,2853.5,2812.35009765625,2830.199951171875,884519
2024-04-16,2744.374267578125,2830.0,2841.449951171875,2820.0,2827.64990234375,911249
2024-04-18,2722.7490234375,2807.699951171875,2859.199951171875,2800.10009765625,2855.0,1732434
2024-04-19,2723.573486328125,2808.550048828125,2822.10009765625,2766.14990234375,2790.0,1337807
2024-04-22,2755.865966796875,2841.85009765625,2846.60009765625,2814.050048828125,2846.60009765625,676040
2024-04-23,2787.915771484375,2874.89990234375,2877.949951171875,2844.0,2852.0,929062
2024-04-24,2780.982421875,2867.75,2883.10009765625,2860.0,2882.949951171875,718441
2024-04-25,2774.872802734375,2861.449951171875,2869.89990234375,2829.050048828125,2865.0,1594152
2024-04-26,2758.096435546875,2844.14990234375,2878.199951171875,2837.050048828125,2870.0,625507
2024-04-29,2781.418701171875,2868.199951171875,2873.949951171875,2839.0,2844.14990234375,566219
2024-04-30,2788.8857421875,2875.89990234375,2912.0,2855.0,2855.0,1290649
2024-05-02,2885.375244140625,2975.39990234375,2988.0,2875.10009765625,2875.10009765625,2493406
2024-05-03,2841.1064453125,2929.75,2997.0,2909.25,2983.050048828125,1594445
2024-05-06,2843.433349609375,2932.14990234375,2959.0,2911.199951171875,2950.0,768806
2024-05-07,2824.863037109375,2913.0,2967.949951171875,2904.0,2947.0,629534
2024-05-08,2757.27197265625,2843.300048828125,2905.0,2821.0,2900.0,1652877
2024-05-09,2628.102294921875,2710.10009765625,2853.949951171875,2703.800048828125,2828.0,3547959
2024-05-10,2687.402099609375,2771.25,2792.60009765625,2670.10009765625,2699.0,2478584
2024-05-13,2792.13427734375,2879.25,2895.0,2754.10009765625,2771.25,2748823
2024-05-14,2779.4306640625,2866.14990234375,2888.0,2842.0,2879.0,999330
2024-05-15,2728.5673828125,2813.699951171875,2874.25,2806.14990234375,2866.14990234375,1230520
2024-05-16,2728.9072265625,2814.050048828125,2837.60009765625,2786.550048828125,2821.050048828125,1534319
2024-05-17,2724.88232421875,2809.89990234375,2838.199951171875,2786.10009765625,2814.60009765625,1325150
2024-05-21,2765.5146484375,2851.800048828125,2866.949951171875,2801.0,2815.0,921822
2024-05-22,2798.4375,2885.75,2895.0,2836.60009765625,2851.800048828125,933846
2024-05-23,2815.892822265625,2903.75,2921.25,2877.300048828125,2885.0,1181894
2024-05-24,2787.770263671875,2874.75,2910.199951171875,2867.0,2910.199951171875,755822
2024-05-27,2785.394775390625,2872.300048828125,2898.300048828125,2855.550048828125,2887.89990234375,817091
2024-05-28,2823.11767578125,2911.199951171875,2921.0,2864.0,2875.85009765625,1084544
2024-05-29,2812.401611328125,2900.14990234375,2921.699951171875,2881.10009765625,2896.0,1758297
2024-05-30,2796.44970703125,2883.699951171875,2910.85009765625,2875.0,2875.25,1344426
2024-05-31,2794.025146484375,2881.199951171875,2906.0,2855.60009765625,2883.699951171875,2520363
2024-06-03,2779.721435546875,2866.449951171875,2950.0,2860.050048828125,2950.0,952701
2024-06-04,2771.1875,2857.64990234375,2897.0,2775.75,2880.0,2683847
2024-06-05,2872.13818359375,2961.75,3027.300048828125,2864.5,2864.5,2410576
2024-06-06,2816.911376953125,2904.800048828125,2961.75,2882.25,2960.0,1689408
2024-06-07,2839.118408203125,2927.699951171875,2943.10009765625,2888.85009765625,2904.800048828125,1600180
2024-06-10,2848.67041015625,2937.550048828125,2951.89990234375,2915.0,2928.0,876867
2024-06-11,2841.865234375,2902.449951171875,2920.35009765625,2895.0,2915.0,855430
2024-06-12,2845.1455078125,2905.800048828125,2918.0,2865.64990234375,2909.0,1701770
2024-06-13,2849.2578125,2910.0,2929.0,2905.0,2929.0,726380
2024-06-14,2860.615966796875,2921.60009765625,2931.35009765625,2905.10009765625,2910.0,982815
2024-06-18,2857.580322265625,2918.5,2928.0,2905.0,2921.60009765625,741098
2024-06-19,2831.33984375,2891.699951171875,2920.0,2882.64990234375,2918.0,1018294
2024-06-20,2854.642822265625,2915.5,2924.5,2872.39990234375,2885.0,1129752
2024-06-21,2830.508056640625,2890.85009765625,2928.0,2880.10009765625,2925.0,1722379
2024-06-24,2835.598876953125,2896.050048828125,2899.949951171875,2871.39990234375,2883.0,892125
2024-06-25,2798.78369140625,2858.449951171875,2894.949951171875,2856.0,2876.0,1217792
2024-06-26,2803.58154296875,2863.35009765625,2873.85009765625,2844.050048828125,2860.199951171875,960622
2024-06-27,2820.716552734375,2880.85009765625,2903.0,2845.0,2860.75,1628022
2024-06-28,2856.160888671875,2917.050048828125,2932.0,2862.199951171875,2865.0,1206712
2024-07-01,2866.686279296875,2927.800048828125,2939.0,2888.0,2889.300048828125,1104110
2024-07-02,2864.5322265625,2925.60009765625,2936.0,2912.0,2927.800048828125,1064295
2024-07-03,2864.483154296875,2925.550048828125,2948.949951171875,2916.0,2929.699951171875,925189
2024-07-04,2873.63818359375,2934.89990234375,2968.449951171875,2923.0,2940.0,968666
2024-07-05,2874.6171875,2935.89990234375,2946.89990234375,2913.10009765625,2937.14990234375,817429
2024-07-08,2837.65478515625,2898.14990234375,2935.89990234375,2890.699951171875,2935.89990234375,828260
2024-07-09,2844.362060546875,2905.0,2913.199951171875,2890.0,2908.949951171875,685431
2024-07-10,2933.9033203125,2996.449951171875,3014.5,2894.35009765625,2900.050048828125,2299950
2024-07-11,2958.968994140625,3022.050048828125,3030.0,2973.0,2999.0,1968980
2024-07-12,2936.546875,2999.14990234375,3052.0,2970.89990234375,3025.0,1879930
2024-07-15,2894.787109375,2956.5,2999.0,2932.550048828125,2999.0,2425341
2024-07-16,2912.362548828125,2974.449951171875,3015.949951171875,2941.5,2959.0,2085611
2024-07-18,2870.35791015625,2931.550048828125,2957.89990234375,2842.0,2875.0,5384611
2024-07-19,2884.555419921875,2946.050048828125,2980.0,2917.25,2925.0,2164746
2024-07-22,2873.05078125,2934.300048828125,2973.35009765625,2917.14990234375,2937.0,1616347
2024-07-23,2836.627197265625,2897.10009765625,2947.300048828125,2886.0,2934.300048828125,1906312
2024-07-24,2851.99951171875,2912.800048828125,2927.0,2886.199951171875,2901.0,1476148
2024-07-25,2840.837158203125,2901.39990234375,2908.699951171875,2885.25,2892.050048828125,1239922
2024-07-26,2888.569580078125,2950.14990234375,2964.449951171875,2900.699951171875,2902.199951171875,1359780
2024-07-29,2893.024658203125,2954.699951171875,2965.10009765625,2936.0,2953.050048828125,854408
2024-07-30,2942.32373046875,3005.050048828125,3032.800048828125,2970.0,2973.5,2144591
2024-07-31,3020.06640625,3084.449951171875,3098.0,3005.050048828125,3005.050048828125,3549501
2024-08-01,3034.655517578125,3099.35009765625,3128.949951171875,3062.800048828125,3088.0,1675122
2024-08-02,3041.85205078125,3106.699951171875,3129.050048828125,3060.0,3070.0,1348780
2024-08-05,3028.82958984375,3093.39990234375,3145.0,3055.300048828125,3069.949951171875,2019141
2024-08-06,3037.00537109375,3101.75,3135.0,3086.050048828125,3101.699951171875,885743
2024-08-07,3036.711669921875,3101.449951171875,3118.5,3060.050048828125,3101.75,1907105
2024-08-08,2942.66650390625,3005.39990234375,3089.699951171875,2990.39990234375,3080.0,1280109
2024-08-09,2977.1318359375,3040.60009765625,3052.75,2966.0,3039.0,1665414
2024-08-12,2989.468505859375,3053.199951171875,3084.0,3003.699951171875,3020.0,1736881
2024-08-13,2960.437744140625,3023.550048828125,3059.800048828125,3013.0,3054.89990234375,502260
2024-08-14,2962.689453125,3025.85009765625,3034.800048828125,2994.050048828125,3034.800048828125,454671
2024-08-16,2984.52392578125,3048.14990234375,3054.0,3003.0,3054.0,514229
2024-08-19,3012.086669921875,3076.300048828125,3087.85009765625,3038.35009765625,3053.949951171875,542858
2024-08-20,3038.425048828125,3103.199951171875,3106.35009765625,3078.0,3096.0,668282
2024-08-21,3085.765625,3151.550048828125,3170.60009765625,3084.050048828125,3101.0,1186536
2024-08-22,3120.084228515625,3186.60009765625,3198.64990234375,3156.050048828125,3167.0,1540888
2024-08-23,3088.80126953125,3154.64990234375,3198.60009765625,3148.75,3190.0,779284
2024-08-26,3105.15283203125,3171.35009765625,3177.449951171875,3141.5,3155.0,472874
2024-08-27,3100.10986328125,3166.199951171875,3203.64990234375,3150.0,3154.0,1003501
2024-08-28,3060.259521484375,3125.5,3165.5,3118.800048828125,3152.949951171875,538366
2024-08-29,3050.81103515625,3115.85009765625,3143.949951171875,3092.699951171875,3125.5,849866
2024-08-30,3061.532470703125,3126.800048828125,3166.75,3110.699951171875,3130.050048828125,1567031
2024-09-02,3085.17822265625,3150.949951171875,3184.0,3139.60009765625,3148.0,702358
2024-09-03,3088.996826171875,3154.85009765625,3174.550048828125,3147.5,3164.949951171875,577471
2024-09-04,3164.193603515625,3231.64990234375,3252.0,3155.5,3155.5,2379110
2024-09-05,3170.656005859375,3238.25,3257.0,3217.0,3240.0,1482119
2024-09-06,3205.36572265625,3273.699951171875,3285.89990234375,3225.35009765625,3238.0,2131256
2024-09-09,3212.26904296875,3280.75,3314.0,3258.0,3273.699951171875,1272289
2024-09-10,3226.2705078125,3295.050048828125,3310.0,3270.89990234375,3290.0,928920
2024-09-11,3297.1591796875,3367.449951171875,3382.949951171875,3315.0,3315.0,2561892
2024-09-12,3312.62939453125,3383.25,3393.0,3340.300048828125,3370.0,1643536
2024-09-13,3287.955322265625,3358.050048828125,3369.699951171875,3320.89990234375,3355.550048828125,1029400
2024-09-16,3266.169921875,3335.800048828125,3394.89990234375,3330.60009765625,3360.0,1019280
2024-09-17,3243.64990234375,3312.800048828125,3349.89990234375,3301.800048828125,3335.800048828125,586834
2024-09-18,3206.296142578125,3274.64990234375,3324.85009765625,3251.550048828125,3312.800048828125,410510
2024-09-19,3225.095703125,3293.85009765625,3320.0,3275.0,3294.0,963456
2024-09-20,3237.921875,3306.949951171875,3324.800048828125,3266.050048828125,3304.0,1504277
2024-09-23,3209.037841796875,3277.449951171875,3324.89990234375,3273.199951171875,3316.949951171875,522775
2024-09-24,3180.59423828125,3248.39990234375,3297.75,3241.10009765625,3277.449951171875,1057933
2024-09-25,3177.0205078125,3244.75,3252.0,3206.75,3252.0,740636
2024-09-26,3208.646484375,3277.050048828125,3285.85009765625,3227.10009765625,3250.0,951080
2024-09-27,3241.642822265625,3310.75,3337.949951171875,3277.050048828125,3290.949951171875,1315996
2024-09-30,3259.60986328125,3329.10009765625,3358.0,3305.14990234375,3310.75,1088162
2024-10-01,3208.93994140625,3277.35009765625,3328.949951171875,3244.050048828125,3317.0,968660
2024-10-03,3083.562744140625,3149.300048828125,3225.89990234375,3126.5,3192.300048828125,1741363
2024-10-04,3008.36572265625,3072.5,3156.75,3054.550048828125,3135.0,1551818
2024-10-07,2998.32958984375,3062.25,3098.550048828125,3038.0,3075.0,909812
2024-10-08,3023.591552734375,3088.050048828125,3099.0,3045.64990234375,3058.0,817718
2024-10-09,3014.58349609375,3078.85009765625,3146.699951171875,3071.75,3095.550048828125,1225598
2024-10-10,2995.245361328125,3059.10009765625,3095.0,3043.0,3090.050048828125,1161933
2024-10-11,2973.802490234375,3037.199951171875,3064.0,3026.0,3059.199951171875,976017
2024-10-14,2975.7119140625,3039.14990234375,3055.0,3017.199951171875,3037.0,716011
2024-10-15,3003.07861328125,3067.10009765625,3096.800048828125,3047.64990234375,3075.0,1242322
2024-10-16,3017.765625,3082.10009765625,3103.550048828125,3066.10009765625,3088.0,764001
2024-10-17,2992.063232421875,3055.85009765625,3085.0,3037.0,3082.89990234375,674481
2024-10-18,2929.69287109375,2992.14990234375,3069.0,2980.60009765625,3057.0,899318
2024-10-21,2985.55224609375,3049.199951171875,3057.0,3000.550048828125,3007.050048828125,806970
2024-10-22,2944.086181640625,3006.85009765625,3057.949951171875,2995.25,3054.0,541838
2024-10-23,2927.294189453125,2989.699951171875,3026.5,2972.050048828125,2999.949951171875,624689
2024-10-24,2909.963623046875,2972.0,3002.300048828125,2951.0,2989.699951171875,571259
2024-10-25,2896.256103515625,2958.0,3015.550048828125,2952.0,2975.5,1047769
2024-10-28,2939.190673828125,3001.85009765625,3021.699951171875,2963.050048828125,2987.89990234375,504961
2024-10-29,2930.378662109375,2992.85009765625,3028.0,2941.10009765625,3020.0,613459
2024-10-30,2934.098876953125,2996.64990234375,3006.0,2963.550048828125,3006.0,812725
2024-10-31,2874.372314453125,2935.64990234375,2996.5,2919.0,2994.199951171875,1031171
2024-11-01,2878.484619140625,2939.85009765625,2965.75,2930.0,2958.0,112249
2024-11-04,2854.447265625,2915.300048828125,2962.14990234375,2885.5,2962.14990234375,1146008
2024-11-05,2827.03173828125,2887.300048828125,2918.800048828125,2872.699951171875,2895.0,935417
2024-11-06,2836.82275390625,2897.300048828125,2907.85009765625,2860.0,2890.5,1817087
2024-11-07,2783.509521484375,2842.85009765625,2904.949951171875,2825.0,2900.0,1112489
2024-11-08,2711.641845703125,2769.449951171875,2847.0,2762.39990234375,2842.85009765625,2060410
2024-11-11,2490.016357421875,2543.10009765625,2598.75,2506.0,2565.050048828125,8854840
2024-11-12,2423.19091796875,2474.85009765625,2535.0,2470.0,2535.0,3445898
2024-11-13,2418.931884765625,2470.5,2498.0,2451.10009765625,2470.0,1803766
2024-11-14,2431.3173828125,2483.14990234375,2501.75,2466.199951171875,2482.800048828125,1206967
2024-11-18,2431.856201171875,2483.699951171875,2520.0,2470.800048828125,2520.0,945471
2024-11-19,2436.024658203125,2483.699951171875,2503.199951171875,2472.35009765625,2488.0,941508
2024-11-21,2381.540771484375,2428.14990234375,2465.949951171875,2425.0,2454.699951171875,1377572
2024-11-22,2424.745361328125,2472.199951171875,2493.949951171875,2422.949951171875,2430.0,3805843
2024-11-25,2412.4853515625,2459.699951171875,2507.949951171875,2450.050048828125,2505.0,1857124
2024-11-26,2456.915771484375,2505.0,2518.0,2457.60009765625,2459.89990234375,1152258
2024-11-27,2444.06689453125,2491.89990234375,2517.64990234375,2480.0,2517.5,864653
2024-11-28,2410.866943359375,2458.050048828125,2506.0,2453.300048828125,2500.0,1506133
2024-11-29,2432.00341796875,2479.60009765625,2491.5,2455.050048828125,2458.050048828125,1030854
2024-12-02,2431.4638671875,2479.050048828125,2486.0,2461.35009765625,2479.60009765625,914624
2024-12-03,2421.9990234375,2469.39990234375,2494.0,2463.5,2494.0,1341985
2024-12-04,2412.239990234375,2459.449951171875,2479.10009765625,2453.199951171875,2478.89990234375,1005012
2024-12-05,2405.12939453125,2452.199951171875,2466.89990234375,2423.89990234375,2465.0,3190834
2024-12-06,2383.06103515625,2429.699951171875,2468.0,2427.0,2468.0,1735948
2024-12-09,2345.93798828125,2391.85009765625,2439.0,2387.0,2438.14990234375,2301281
2024-12-10,2343.044189453125,2388.89990234375,2404.64990234375,2385.050048828125,2399.89990234375,1657888
2024-12-11,2370.89892578125,2417.300048828125,2428.0,2392.64990234375,2399.75,1337700
2024-12-12,2343.681884765625,2389.550048828125,2415.0,2380.699951171875,2413.0,1089028
2024-12-13,2361.434326171875,2407.64990234375,2412.0,2354.0,2389.550048828125,1150861
2024-12-16,2356.137939453125,2402.25,2419.949951171875,2386.14990234375,2419.949951171875,987775
2024-12-17,2310.776123046875,2356.0,2399.89990234375,2350.5,2388.0,1258218
2024-12-18,2300.428466796875,2345.449951171875,2372.699951171875,2341.0,2356.800048828125,855682
2024-12-19,2247.857177734375,2291.85009765625,2325.0,2265.35009765625,2325.0,2784409
2024-12-20,2238.53955078125,2282.35009765625,2318.0,2276.0,2297.0,1719502
2024-12-23,2235.449951171875,2279.199951171875,2302.550048828125,2266.050048828125,2300.0,855647
2024-12-24,2240.15771484375,2284.0,2295.0,2277.14990234375,2282.10009765625,601558
2024-12-26,2218.972412109375,2262.39990234375,2287.449951171875,2256.5,2284.0,1267334
2024-12-27,2227.7998046875,2271.39990234375,2290.800048828125,2260.050048828125,2270.25,821790
2024-12-30,2244.326416015625,2288.25,2298.800048828125,2256.800048828125,2280.25,1076940
2024-12-31,2237.558837890625,2281.35009765625,2297.64990234375,2273.0,2280.0,685486
2025-01-01,2260.411376953125,2304.64990234375,2323.199951171875,2280.0,2280.0,1067328
2025-01-02,2298.2705078125,2343.25,2347.949951171875,2294.0,2314.0,1342922
2025-01-03,2291.11083984375,2335.949951171875,2348.949951171875,2322.14990234375,2344.0,1355319
2025-01-06,2223.63134765625,2267.14990234375,2340.0,2256.699951171875,2335.949951171875,1190987
2025-01-07,2248.5927734375,2292.60009765625,2316.0,2272.0,2272.0,740798
2025-01-08,2289.54150390625,2334.35009765625,2338.0,2272.699951171875,2287.050048828125,1439632
2025-01-09,2305.087158203125,2350.199951171875,2361.39990234375,2321.300048828125,2341.89990234375,1362304
2025-01-10,2276.20263671875,2320.75,2348.89990234375,2316.0,2335.60009765625,1214334
2025-01-13,2209.409423828125,2252.64990234375,2301.89990234375,2246.39990234375,2291.75,1181928
2025-01-14,2196.953369140625,2239.949951171875,2286.35009765625,2237.0,2269.0,1316807
2025-01-15,2186.900146484375,2229.699951171875,2253.75,2220.0,2249.0,1308999
2025-01-16,2173.07080078125,2215.60009765625,2239.85009765625,2207.800048828125,2239.0,1936087
2025-01-17,2217.599365234375,2261.0,2269.050048828125,2212.5,2225.64990234375,878848
2025-01-20,2236.774169921875,2280.550048828125,2286.89990234375,2251.0,2272.25,555716
2025-01-21,2216.9619140625,2260.35009765625,2315.0,2255.0,2280.550048828125,1410294
2025-01-22,2218.678466796875,2262.10009765625,2270.0,2244.89990234375,2270.0,835523
2025-01-23,2232.65478515625,2276.35009765625,2301.800048828125,2246.199951171875,2262.10009765625,1142465
2025-01-24,2218.972412109375,2262.39990234375,2296.550048828125,2255.050048828125,2283.0,543202
2025-01-27,2208.281982421875,2251.5,2277.75,2246.199951171875,2255.300048828125,1097939
2025-01-28,2198.76806640625,2241.800048828125,2267.050048828125,2234.10009765625,2260.0,897501
2025-01-29,2180.47607421875,2223.14990234375,2246.800048828125,2212.050048828125,2241.800048828125,1281088
2025-01-30,2206.66357421875,2249.85009765625,2259.25,2215.0,2223.14990234375,1155718
2025-01-31,2256.635498046875,2300.800048828125,2305.0,2234.85009765625,2255.0,1292909
2025-02-01,2306.018798828125,2351.14990234375,2389.0,2285.300048828125,2312.0,1318619
2025-02-03,2248.24951171875,2292.25,2364.449951171875,2277.699951171875,2351.14990234375,1070382
2025-02-04,2309.15771484375,2354.35009765625,2418.60009765625,2263.75,2304.64990234375,5373733
2025-02-05,2231.526611328125,2275.199951171875,2295.550048828125,2237.25,2269.0,3474642
2025-02-06,2219.953369140625,2263.39990234375,2298.89990234375,2260.25,2287.199951171875,1285954
2025-02-07,2227.407470703125,2271.0,2276.300048828125,2243.199951171875,2266.0,1336756
2025-02-10,2226.573974609375,2270.14990234375,2278.0,2254.0,2271.050048828125,1181565
2025-02-11,2197.83642578125,2240.85009765625,2282.89990234375,2226.0,2279.0,1607942
2025-02-12,2185.47802734375,2228.25,2247.949951171875,2185.699951171875,2241.85009765625,1181706
2025-02-13,2193.4716796875,2236.39990234375,2249.949951171875,2220.0,2228.25,921923
2025-02-14,2188.4697265625,2231.300048828125,2250.550048828125,2203.0,2236.39990234375,1380052
2025-02-17,2207.644287109375,2250.85009765625,2260.0,2226.050048828125,2231.300048828125,923900
2025-02-18,2194.648681640625,2237.60009765625,2251.949951171875,2218.75,2248.0,735853
2025-02-19,2196.119873046875,2239.10009765625,2249.800048828125,2226.10009765625,2237.60009765625,645234
2025-02-20,2205.87890625,2249.050048828125,2257.10009765625,2231.050048828125,2239.10009765625,637442
2025-02-21,2214.264892578125,2257.60009765625,2265.800048828125,2237.0,2249.050048828125,755585
2025-02-24,2203.083251953125,2246.199951171875,2259.0,2241.0,2245.89990234375,765042
2025-02-25,2182.045166015625,2224.75,2257.10009765625,2217.699951171875,2246.199951171875,947702
2025-02-27,2171.158203125,2213.64990234375,2228.39990234375,2198.0,2214.0,1027196
2025-02-28,2137.908935546875,2179.75,2211.35009765625,2175.800048828125,2210.0,1701193
2025-03-03,2124.815185546875,2166.39990234375,2193.35009765625,2129.0,2179.75,959068
2025-03-04,2091.173828125,2132.10009765625,2159.85009765625,2124.75,2154.050048828125,2180989
2025-03-05,2122.608154296875,2164.14990234375,2182.800048828125,2124.75,2132.0,1535212
2025-03-06,2224.170654296875,2267.699951171875,2275.0,2183.10009765625,2189.85009765625,1985096
2025-03-07,2226.4267578125,2270.0,2277.949951171875,2248.0,2267.699951171875,921429
2025-03-10,2234.861572265625,2278.60009765625,2293.0,2261.85009765625,2270.0,1072395
2025-03-11,2243.49267578125,2287.39990234375,2290.89990234375,2257.89990234375,2274.0,601228
2025-03-12,2208.085693359375,2251.300048828125,2295.949951171875,2247.0,2287.39990234375,749216
2025-03-13,2188.4697265625,2231.300048828125,2257.199951171875,2222.5,2255.25,747470
2025-03-17,2176.945068359375,2219.550048828125,2239.25,2196.050048828125,2205.0,838015
2025-03-18,2176.945068359375,2219.550048828125,2219.550048828125,2219.550048828125,2219.550048828125,0
2025-03-19,2236.921142578125,2280.699951171875,2287.949951171875,2267.85009765625,2274.0,663292
2025-03-20,2243.296630859375,2287.199951171875,2307.0,2268.75,2290.0,1166849
2025-03-21,2256.242919921875,2300.39990234375,2314.5,2277.85009765625,2291.64990234375,1624115
2025-03-24,2277.918701171875,2322.5,2330.25,2302.10009765625,2302.39990234375,1100353
2025-03-25,2286.010498046875,2330.75,2344.5,2308.0,2325.0,1828005
2025-03-26,2278.55615234375,2323.14990234375,2340.949951171875,2304.0,2340.0,1934287
2025-03-27,2293.219482421875,2338.10009765625,2350.10009765625,2290.5,2315.0,1497861
2025-03-28,2295.720458984375,2340.64990234375,2364.0,2325.0,2343.949951171875,1281871
2025-04-01,2271.543701171875,2316.0,2361.699951171875,2305.75,2342.0,970583
2025-04-02,2262.373291015625,2306.64990234375,2328.39990234375,2292.14990234375,2328.0,792693
2025-04-03,2304.302490234375,2349.39990234375,2354.89990234375,2289.800048828125,2295.0,608846
2025-04-04,2310.824951171875,2356.050048828125,2363.949951171875,2302.800048828125,2349.39990234375,1163188
2025-04-07,2296.4072265625,2341.35009765625,2354.0,2190.0,2190.0,1745817
2025-04-08,2348.24267578125,2394.199951171875,2420.0,2356.0,2356.0,1876867
2025-04-09,2364.8671875,2411.14990234375,2429.449951171875,2390.89990234375,2400.0,1186937
2025-04-11,2347.654296875,2393.60009765625,2448.0,2380.25,2439.5,968152
2025-04-15,2369.330078125,2415.699951171875,2425.0,2385.0,2414.89990234375,1141122
2025-04-16,2412.681396484375,2459.89990234375,2468.5,2403.699951171875,2405.10009765625,1166695
2025-04-17,2420.527587890625,2467.89990234375,2476.39990234375,2431.0,2459.89990234375,885840
2025-04-21,2398.067626953125,2445.0,2470.89990234375,2441.0,2465.89990234375,541913
2025-04-22,2385.317138671875,2432.0,2450.0,2413.5,2445.0,543647
2025-04-23,2406.011962890625,2453.10009765625,2456.60009765625,2425.60009765625,2437.0,744684
2025-04-24,2417.09521484375,2464.39990234375,2491.0,2435.89990234375,2450.0,1203452
2025-04-25,2384.924560546875,2431.60009765625,2468.699951171875,2413.699951171875,2464.300048828125,702217
2025-04-28,2405.12939453125,2452.199951171875,2459.800048828125,2405.0,2419.89990234375,554920
2025-04-29,2404.050537109375,2451.10009765625,2472.0,2441.60009765625,2460.0,1235066
2025-04-30,2379.137939453125,2425.699951171875,2462.199951171875,2401.5,2450.0,1479669
2025-05-02,2363.7392578125,2410.0,2444.89990234375,2398.0,2425.0,744673
2025-05-05,2390.122802734375,2436.89990234375,2475.0,2423.10009765625,2423.10009765625,1229588
2025-05-06,2371.585693359375,2418.0,2449.89990234375,2391.10009765625,2442.0,702802
2025-05-07,2289.296142578125,2334.10009765625,2405.699951171875,2318.5,2388.0,1711738
2025-05-08,2258.40087890625,2302.60009765625,2349.10009765625,2293.5,2322.0,2292261
2025-05-09,2255.458740234375,2299.60009765625,2331.800048828125,2245.0,2246.60009765625,1503010
2025-05-12,2311.168212890625,2356.39990234375,2378.5,2321.0,2330.0,940135
2025-05-13,2279.978515625,2324.60009765625,2358.0,2315.10009765625,2354.0,1220489
2025-05-14,2238.490478515625,2282.300048828125,2319.0,2277.10009765625,2319.0,1549845
2025-05-15,2285.1767578125,2329.89990234375,2335.5,2268.0,2285.0,1675015
2025-05-16,2308.421875,2353.60009765625,2355.0,2315.0,2333.89990234375,785113
2025-05-19,2286.64794921875,2331.39990234375,2378.89990234375,2326.60009765625,2353.60009765625,552961
2025-05-20,2251.53515625,2295.60009765625,2347.699951171875,2291.39990234375,2347.5,1095824
2025-05-21,2268.0126953125,2312.39990234375,2316.199951171875,2290.0,2296.0,469330
2025-05-22,2255.066162109375,2299.199951171875,2310.0,2283.10009765625,2309.199951171875,916504
2025-05-23,2271.05322265625,2315.5,2329.0,2295.0,2301.800048828125,458035
2025-05-26,2282.528564453125,2327.199951171875,2338.0,2302.800048828125,2316.0,1258062
2025-05-27,2282.921142578125,2327.60009765625,2351.60009765625,2301.10009765625,2313.10009765625,2485428
2025-05-28,2258.989501953125,2303.199951171875,2333.0,2300.300048828125,2327.60009765625,774808
2025-05-29,2250.260009765625,2294.300048828125,2309.0,2286.5,2303.199951171875,1414643
2025-05-30,2215.73583984375,2259.10009765625,2304.0,2255.0,2296.5,3610431
2025-06-02,2223.18994140625,2266.699951171875,2272.300048828125,2257.89990234375,2259.10009765625,702789
2025-06-03,2212.401123046875,2255.699951171875,2287.300048828125,2246.699951171875,2272.60009765625,792587
2025-06-04,2205.82958984375,2249.0,2261.0,2240.89990234375,2249.5,768079
2025-06-05,2200.435302734375,2243.5,2261.0,2233.0,2251.10009765625,996614
2025-06-06,2202.1025390625,2245.199951171875,2252.60009765625,2239.0,2249.10009765625,822087
2025-06-09,2204.750732421875,2247.89990234375,2255.800048828125,2236.0,2240.0,1041851
2025-06-10,2196.386474609375,2218.89990234375,2240.0,2215.199951171875,2240.0,1809051
2025-06-11,2186.38916015625,2208.800048828125,2225.89990234375,2207.199951171875,2209.0,1430888
2025-06-12,2196.881591796875,2219.39990234375,2263.0,2208.10009765625,2224.0,3417373
2025-06-13,2191.734375,2214.199951171875,2217.10009765625,2174.800048828125,2175.0,1786807
2025-06-16,2222.023681640625,2244.800048828125,2250.0,2209.300048828125,2214.199951171875,1301826
2025-06-17,2241.821044921875,2264.800048828125,2281.0,2227.0,2231.0,1540986
2025-06-18,2258.25244140625,2281.39990234375,2284.0,2255.0,2257.0,1131156
2025-06-19,2244.98828125,2268.0,2285.0,2264.0,2270.0,524926
2025-06-20,2262.5087890625,2285.699951171875,2289.89990234375,2263.0,2267.0,1945026
2025-06-23,2241.1279296875,2264.10009765625,2272.800048828125,2253.89990234375,2261.199951171875,596186
2025-06-24,2252.21435546875,2275.300048828125,2309.699951171875,2268.89990234375,2305.0,1044179
2025-06-25,2256.767578125,2279.89990234375,2294.300048828125,2275.39990234375,2276.10009765625,807368
2025-06-26,2266.567138671875,2289.800048828125,2292.60009765625,2280.199951171875,2287.0,921519
2025-06-27,2334.76806640625,2358.699951171875,2364.5,2277.10009765625,2283.0,1555059
2025-06-30,2317.346923828125,2341.10009765625,2369.89990234375,2326.10009765625,2362.0,785414
2025-07-01,2345.458740234375,2369.5,2400.0,2350.199951171875,2380.5,1232160
2025-07-02,2394.85205078125,2419.39990234375,2430.0,2327.0,2340.0,1936030
2025-07-03,2406.235595703125,2430.89990234375,2464.39990234375,2425.0,2428.89990234375,1547480
2025-07-04,2399.603515625,2424.199951171875,2443.0,2412.0,2430.89990234375,602309
2025-07-07,2418.014892578125,2442.800048828125,2465.10009765625,2421.0,2423.300048828125,869054
2025-07-08,2459.390869140625,2484.60009765625,2488.0,2437.300048828125,2440.5,1136367
2025-07-09,2473.545654296875,2498.89990234375,2535.0,2492.89990234375,2520.5,2328636
2025-07-10,2426.32958984375,2451.199951171875,2512.0,2445.10009765625,2507.300048828125,932859
2025-07-11,2414.451416015625,2439.199951171875,2484.800048828125,2435.5,2447.5,1050411
2025-07-14,2377.233154296875,2401.60009765625,2448.60009765625,2391.0,2431.10009765625,891618
2025-07-15,2369.215087890625,2393.5,2415.0,2386.300048828125,2409.89990234375,610228
2025-07-16,2386.042724609375,2410.5,2422.39990234375,2371.0,2381.0,1200909
2025-07-17,2374.560302734375,2398.89990234375,2414.0,2394.0,2404.10009765625,526163
2025-07-18,2358.2275390625,2382.39990234375,2405.0,2372.300048828125,2400.60009765625,599552
2025-07-21,2351.298583984375,2375.39990234375,2408.0,2360.800048828125,2382.39990234375,390931
2025-07-22,2341.2021484375,2365.199951171875,2380.800048828125,2361.300048828125,2375.39990234375,411317
2025-07-23,2351.298583984375,2375.39990234375,2384.699951171875,2352.60009765625,2363.0,368999
2025-07-24,2328.2353515625,2352.10009765625,2380.0,2341.0,2375.39990234375,506960
2025-07-25,2312.496337890625,2336.199951171875,2350.5,2325.800048828125,2340.0,383636
2025-07-28,2335.6591796875,2359.60009765625,2366.39990234375,2320.0,2336.199951171875,650364
2025-07-29,2377.1337890625,2401.5,2418.300048828125,2325.0,2359.0,1742815
2025-07-30,2391.288818359375,2415.800048828125,2443.800048828125,2366.5,2409.0,1685818
2025-07-31,2371.788818359375,2396.10009765625,2417.199951171875,2373.5,2401.39990234375,1274735
2025-08-01,2406.33447265625,2431.0,2472.0,2378.0,2378.0,2225293
2025-08-04,2424.94384765625,2449.800048828125,2467.0,2439.60009765625,2443.199951171875,1165898
2025-08-05,2412.07568359375,2436.800048828125,2463.699951171875,2409.10009765625,2461.89990234375,659094
2025-08-06,2465.923828125,2491.199951171875,2505.60009765625,2440.0,2440.0,2019109
2025-08-07,2481.068603515625,2506.5,2510.0,2466.89990234375,2484.10009765625,1502806
2025-08-08,2450.482177734375,2475.60009765625,2511.699951171875,2468.5,2506.5,1178226
2025-08-11,2463.84521484375,2489.10009765625,2504.199951171875,2452.0,2463.89990234375,721135
2025-08-12,2453.15478515625,2478.300048828125,2502.800048828125,2474.0,2489.10009765625,608984
2025-08-13,2474.832275390625,2500.199951171875,2504.39990234375,2461.199951171875,2479.800048828125,350844
2025-08-14,2503.043212890625,2528.699951171875,2534.89990234375,2497.699951171875,2505.0,1088550
2025-08-18,2561.147705078125,2587.39990234375,2595.0,2536.60009765625,2550.0,1755615
2025-08-19,2553.228759765625,2579.39990234375,2595.0,2561.199951171875,2587.39990234375,698587
2025-08-20,2544.023193359375,2570.10009765625,2579.300048828125,2563.39990234375,2578.0,308028
2025-08-21,2540.558837890625,2566.60009765625,2576.0,2559.300048828125,2574.89990234375,781082
2025-08-22,2479.0888671875,2504.5,2569.300048828125,2501.10009765625,2562.800048828125,523774
2025-08-25,2467.6064453125,2492.89990234375,2522.5,2476.0,2516.0,766497
2025-08-26,2456.22314453125,2481.39990234375,2523.300048828125,2468.0,2481.10009765625,7106393
2025-08-28,2463.74609375,2489.0,2528.0,2465.0,2465.0,1485769
2025-08-29,2493.0458984375,2518.60009765625,2531.60009765625,2490.0,2491.0,1798653
2025-09-01,2544.122314453125,2570.199951171875,2577.800048828125,2515.10009765625,2518.0,1314833
2025-09-02,2514.228515625,2540.0,2571.89990234375,2531.0,2569.0,1024054
2025-09-03,2527.987548828125,2553.89990234375,2565.10009765625,2527.300048828125,2530.0,925847
2025-09-04,2542.53857421875,2568.60009765625,2583.0,2553.0,2553.89990234375,933071
2025-09-05,2553.723876953125,2579.89990234375,2602.0,2565.0,2565.0,1153436
2025-09-08,2505.1220703125,2530.800048828125,2589.60009765625,2526.39990234375,2579.89990234375,742880
2025-09-09,2511.55615234375,2537.300048828125,2551.60009765625,2524.800048828125,2540.0,702450
2025-09-10,2517.4951171875,2543.300048828125,2555.0,2525.10009765625,2537.300048828125,520584
2025-09-11,2529.96728515625,2555.89990234375,2559.5,2535.699951171875,2541.0,423961
2025-09-12,2520.46484375,2546.300048828125,2568.300048828125,2537.199951171875,2560.0,547539
2025-09-15,2477.208251953125,2502.60009765625,2543.5,2498.0,2535.10009765625,583051
2025-09-16,2455.72802734375,2480.89990234375,2509.89990234375,2474.5,2495.0,760790
2025-09-17,2468.29931640625,2493.60009765625,2496.89990234375,2480.800048828125,2482.0,359627
2025-09-18,2453.550537109375,2478.699951171875,2506.199951171875,2469.300048828125,2497.89990234375,400796
2025-09-19,2456.52001953125,2481.699951171875,2509.5,2468.5,2475.0,3731525
2025-09-22,2457.510009765625,2482.699951171875,2503.0,2474.10009765625,2494.10009765625,872806
2025-09-23,2422.072998046875,2446.89990234375,2483.800048828125,2428.0,2472.10009765625,1332111
2025-09-24,2432.268798828125,2457.199951171875,2475.0,2443.199951171875,2446.0,637749
2025-09-25,2379.6083984375,2404.0,2462.699951171875,2388.0,2458.5,1518215
2025-09-26,2319.029541015625,2342.800048828125,2400.0,2339.0,2397.5,1089446
2025-09-29,2318.83154296875,2342.60009765625,2363.699951171875,2329.199951171875,2342.89990234375,950369
2025-09-30,2326.156494140625,2350.0,2388.800048828125,2340.0,2352.0,778874
2025-10-01,2312.1005859375,2335.800048828125,2357.0,2321.199951171875,2353.39990234375,648279
2025-10-03,2333.877197265625,2357.800048828125,2362.699951171875,2336.10009765625,2342.199951171875,659872
2025-10-06,2330.90771484375,2354.800048828125,2359.199951171875,2334.10009765625,2355.0,362107
2025-10-07,2328.927978515625,2352.800048828125,2371.39990234375,2346.0,2355.0,498524
2025-10-08,2304.87451171875,2328.5,2369.39990234375,2320.0,2360.0,701799
2025-10-09,2312.6943359375,2336.39990234375,2341.0,2323.800048828125,2328.5,587567
2025-10-10,2316.455810546875,2340.199951171875,2357.800048828125,2336.60009765625,2338.89990234375,1117236
2025-10-13,2318.732666015625,2342.5,2366.60009765625,2337.0,2340.199951171875,667732
2025-10-14,2294.580322265625,2318.10009765625,2355.0,2308.0,2342.39990234375,353345
2025-10-15,2351.001953125,2375.10009765625,2384.0,2325.0,2330.0,753640
2025-10-16,2385.250732421875,2409.699951171875,2420.800048828125,2366.89990234375,2377.0,715890
2025-10-17,2482.35546875,2507.800048828125,2544.0,2421.0,2421.0,3719960
2025-10-20,2490.471923828125,2516.0,2537.10009765625,2500.699951171875,2507.800048828125,714986
2025-10-21,2479.187744140625,2504.60009765625,2519.199951171875,2484.0,2513.0,107942
2025-10-23,2477.010009765625,2502.39990234375,2546.0,2496.800048828125,2518.89990234375,811738
2025-10-24,2476.21826171875,2501.60009765625,2506.699951171875,2486.300048828125,2495.0,327596
2025-10-27,2493.243896484375,2518.800048828125,2530.0,2499.60009765625,2501.60009765625,550089
2025-10-28,2483.840087890625,2509.300048828125,2528.60009765625,2492.0,2515.0,1103957
2025-10-29,2512.94189453125,2538.699951171875,2550.800048828125,2512.5,2520.0,615292
2025-10-30,2497.896240234375,2523.5,2538.699951171875,2513.300048828125,2535.5,736486
2025-10-31,2485.324951171875,2510.800048828125,2530.0,2505.300048828125,2523.39990234375,609128
2025-11-03,2486.710693359375,2512.199951171875,2515.300048828125,2495.0,2496.199951171875,425210
2025-11-04,2461.46923828125,2486.699951171875,2521.0,2479.699951171875,2510.0,527087
2025-11-06,2576.490478515625,2602.89990234375,2631.0,2560.10009765625,2560.10009765625,4448622
2025-11-07,2587.27978515625,2613.800048828125,2618.89990234375,2585.0,2602.89990234375,791663
2025-11-10,2623.508544921875,2650.39990234375,2666.800048828125,2611.10009765625,2613.800048828125,1706880
2025-11-11,2630.239501953125,2657.199951171875,2664.89990234375,2633.39990234375,2650.39990234375,776404
2025-11-12,2741.697265625,2769.800048828125,2838.699951171875,2642.10009765625,2660.0,2859196
2025-11-13,2850.184814453125,2879.39990234375,2897.10009765625,2840.0,2858.89990234375,5933630
2025-11-14,2876.9111328125,2906.39990234375,2909.89990234375,2862.0,2865.10009765625,2494076
2025-11-17,2858.5986328125,2887.89990234375,2926.89990234375,2880.0,2906.39990234375,1230683
2025-11-18,2881.00439453125,2906.0,2916.0,2862.10009765625,2886.0,1819066
2025-11-19,2868.81005859375,2893.699951171875,2916.0,2887.199951171875,2914.0,1387906
2025-11-20,2835.201904296875,2859.800048828125,2906.10009765625,2852.5,2897.39990234375,1062883
2025-11-21,2851.857421875,2876.60009765625,2895.60009765625,2854.10009765625,2869.0,857340
2025-11-24,2854.434814453125,2879.199951171875,2896.5,2864.5,2876.0,5404326
2025-11-25,2851.064208984375,2875.800048828125,2908.5,2869.0,2899.89990234375,972417
2025-11-26,2849.27978515625,2874.0,2896.199951171875,2857.60009765625,2880.0,570376
2025-11-27,2854.3359375,2879.10009765625,2914.5,2871.39990234375,2880.0,1158685
2025-11-28,2849.676025390625,2874.39990234375,2889.89990234375,2855.800048828125,2880.0,748446
2025-12-01,2842.934814453125,2867.60009765625,2887.5,2848.0,2877.699951171875,499153
2025-12-02,2928.988037109375,2954.39990234375,2962.0,2861.199951171875,2867.0,2102147
2025-12-03,2928.095947265625,2953.5,2969.199951171875,2932.60009765625,2969.0,1252456
2025-12-04,2931.763916015625,2957.199951171875,2985.699951171875,2934.0,2950.0,1466098
2025-12-05,2942.966796875,2968.5,2973.5,2941.0,2955.0,944978
2025-12-08,2903.112548828125,2928.300048828125,2974.5,2914.800048828125,2970.0,983544
2025-12-09,2771.95068359375,2796.0,2913.5,2788.5,2910.0,1839391
2025-12-10,2780.37744140625,2804.5,2824.0,2796.699951171875,2810.0,845073
2025-12-11,2755.4931640625,2779.39990234375,2811.60009765625,2763.199951171875,2800.0,777422
2025-12-12,2741.01904296875,2764.800048828125,2797.0,2746.0,2795.0,977696
2025-12-15,2756.286376953125,2780.199951171875,2802.0,2758.699951171875,2773.10009765625,1029674
2025-12-16,2766.894287109375,2790.89990234375,2808.0,2776.10009765625,2793.0,916244
2025-12-17,2761.739013671875,2785.699951171875,2806.5,2772.0,2800.0,636499
2025-12-18,2735.962646484375,2759.699951171875,2793.800048828125,2755.300048828125,2780.0,417994
2025-12-19,2775.81689453125,2799.89990234375,2812.39990234375,2759.699951171875,2766.39990234375,3895542
2025-12-22,2783.450927734375,2807.60009765625,2823.10009765625,2780.300048828125,2785.800048828125,463953
2025-12-23,2783.649169921875,2807.800048828125,2819.0,2783.10009765625,2798.0,431068
2025-12-24,2761.540771484375,2785.5,2824.699951171875,2782.0,2807.800048828125,512144
2025-12-26,2722.87646484375,2746.5,2794.39990234375,2743.0,2785.0,532078
2025-12-29,2751.527587890625,2775.39990234375,2793.800048828125,2735.0,2746.5,815529
2025-12-30,2734.574951171875,2758.300048828125,2792.39990234375,2741.0,2770.300048828125,4833527
2025-12-31,2745.678466796875,2769.5,2796.800048828125,2754.89990234375,2755.0,1274705
2026-01-01,2728.3291015625,2752.0,2782.699951171875,2746.10009765625,2775.89990234375,327945
2026-01-02,2748.751953125,2772.60009765625,2799.0,2755.800048828125,2755.800048828125,508884
2026-01-05,2791.382080078125,2815.60009765625,2828.0,2769.0,2770.0,866733
2026-01-06,2821.322265625,2845.800048828125,2848.39990234375,2811.60009765625,2820.0,875891
2026-01-07,2785.235107421875,2809.39990234375,2854.699951171875,2801.10009765625,2845.800048828125,636748
2026-01-08,2762.5322265625,2786.5,2804.699951171875,2770.10009765625,2795.0,620031
2026-01-09,2801.19677734375,2825.5,2856.699951171875,2786.199951171875,2789.89990234375,1657381
2026-01-12,2871.48681640625,2896.39990234375,2900.0,2808.0,2826.0,1743901
2026-01-13,2861.473876953125,2886.300048828125,2914.5,2870.800048828125,2900.0,1051986
2026-01-14,2789.696533203125,2813.89990234375,2884.0,2807.300048828125,2884.0,958254
2026-01-15,2789.696533203125,2813.89990234375,2813.89990234375,2813.89990234375,2813.89990234375,0
2026-01-16,2733.186767578125,2756.89990234375,2826.5,2750.5,2787.89990234375,1143463
2026-01-19,2730.311767578125,2754.0,2786.300048828125,2724.699951171875,2756.89990234375,1342048
2026-01-20,2652.586181640625,2675.60009765625,2740.10009765625,2669.300048828125,2740.0,911151
2026-01-21,2638.2109375,2661.10009765625,2688.0,2648.0,2670.0,914318
2026-01-22,2680.543701171875,2703.800048828125,2729.89990234375,2665.300048828125,2665.300048828125,1290346
2026-01-23,2680.4443359375,2703.699951171875,2782.89990234375,2690.800048828125,2703.800048828125,1786635
2026-01-27,2600.240478515625,2622.800048828125,2734.699951171875,2546.0,2719.89990234375,3818761
2026-01-28,2490.195068359375,2511.800048828125,2548.5,2451.0,2535.0,3430002
2026-01-29,2395.218994140625,2416.0,2514.89990234375,2410.0,2511.800048828125,3488159
2026-01-30,2407.413330078125,2428.300048828125,2445.0,2400.5,2417.0,2048843
2026-02-02,2381.339599609375,2402.0,2429.5,2372.0,2374.89990234375,1183482
2026-02-03,2405.133056640625,2426.0,2525.0,2391.0,2525.0,2233860
2026-02-04,2431.603271484375,2452.699951171875,2463.800048828125,2417.10009765625,2430.0,970973
2026-02-05,2411.1806640625,2432.10009765625,2455.800048828125,2402.60009765625,2445.0,1047405
2026-02-06,2380.447265625,2401.10009765625,2444.0,2386.10009765625,2432.0,1043982
2026-02-09,2396.60693359375,2417.39990234375,2426.199951171875,2396.800048828125,2404.0,669839
2026-02-10,2373.011962890625,2393.60009765625,2420.0,2386.89990234375,2419.0,1513620
2026-02-11,2371.921142578125,2392.5,2405.699951171875,2376.300048828125,2399.0,3177710
2026-02-12,2389.766357421875,2410.5,2413.89990234375,2377.0,2398.0,607767
2026-02-13,2346.045654296875,2366.39990234375,2411.800048828125,2360.10009765625,2408.89990234375,675635
2026-02-16,2376.580810546875,2397.199951171875,2405.10009765625,2356.800048828125,2360.0,683108
2026-02-17,2416.434814453125,2437.39990234375,2452.39990234375,2399.5,2399.5,1004356
2026-02-18,2411.1806640625,2432.10009765625,2448.199951171875,2416.5,2440.0,551809
2026-02-19,2380.14990234375,2400.800048828125,2428.0,2391.10009765625,2420.0,971600
2026-02-20,2407.215087890625,2428.10009765625,2435.699951171875,2376.10009765625,2378.199951171875,790329
2026-02-23,2408.80126953125,2429.699951171875,2446.60009765625,2411.5,2424.699951171875,634365
2026-02-24,2392.34423828125,2413.10009765625,2441.5,2403.699951171875,2413.0,499660
2026-02-25,2395.615478515625,2416.39990234375,2427.89990234375,2400.0,2416.0,526764
2026-02-26,2374.300537109375,2394.89990234375,2422.199951171875,2382.0,2416.10009765625,588742
2026-02-27,2355.761474609375,2376.199951171875,2397.60009765625,2359.0,2385.0,2531619
2026-03-02,2287.255859375,2307.10009765625,2337.89990234375,2283.5,2300.0,2528308
2026-03-04,2265.544189453125,2285.199951171875,2290.89990234375,2216.300048828125,2260.699951171875,1610358
2026-03-05,2268.121826171875,2287.800048828125,2313.0,2253.699951171875,2285.199951171875,925040
2026-03-06,2259.89306640625,2279.5,2307.89990234375,2253.699951171875,2261.699951171875,979742
2026-03-09,2201.6982421875,2220.800048828125,2230.0,2162.60009765625,2200.0,2198153
2026-03-10,2260.785400390625,2280.39990234375,2305.10009765625,2251.60009765625,2251.60009765625,1192174
2026-03-11,2212.8017578125,2232.0,2302.0,2226.0,2290.0,687786
2026-03-12,2202.094482421875,2221.199951171875,2249.89990234375,2201.0,2208.0,1384055
2026-03-13,2177.904541015625,2196.800048828125,2219.699951171875,2190.0,2204.699951171875,949233
2026-03-16,2198.624755859375,2217.699951171875,2227.800048828125,2175.10009765625,2185.39990234375,1111587
2026-03-17,2218.948486328125,2238.199951171875,2261.5,2217.199951171875,2217.699951171875,875461
2026-03-18,2242.642822265625,2262.10009765625,2270.39990234375,2228.60009765625,2235.10009765625,844912
2026-03-19,2167.197509765625,2186.0,2239.0,2180.60009765625,2220.0,889334
2026-03-20,2176.516357421875,2195.39990234375,2224.5,2185.0,2210.89990234375,875920
2026-03-23,2103.053955078125,2121.300048828125,2180.0,2115.0,2180.0,978398
2026-03-24,2198.228271484375,2217.300048828125,2224.5,2153.300048828125,2184.0,1561016
2026-03-25,2250.673095703125,2270.199951171875,2289.699951171875,2222.0,2225.10009765625,1270855
2026-03-27,2188.413330078125,2207.39990234375,2269.0,2201.10009765625,2246.300048828125,1089010
2026-03-30,2146.576171875,2165.199951171875,2202.89990234375,2151.0,2185.300048828125,1513565
2026-04-01,2206.655029296875,2225.800048828125,2246.60009765625,2198.39990234375,2224.800048828125,1209900
2026-04-02,2150.34375,2169.0,2185.10009765625,2142.39990234375,2185.0,1854061
2026-04-06,2165.511962890625,2184.300048828125,2193.199951171875,2145.89990234375,2169.0,2048228
2026-04-07,2167.395751953125,2186.199951171875,2198.699951171875,2145.0,2167.699951171875,1793007
2026-04-08,2262.76806640625,2282.39990234375,2336.89990234375,2245.199951171875,2284.5,2914767
2026-04-09,2250.078369140625,2269.60009765625,2289.60009765625,2252.0,2275.0,1980060
2026-04-10,2340.394775390625,2360.699951171875,2376.89990234375,2267.699951171875,2267.699951171875,3018178
2026-04-13,2332.166015625,2352.39990234375,2362.5,2262.0,2279.89990234375,1734562
2026-04-15,2402.258056640625,2423.10009765625,2426.0,2381.0,2400.5,1182431
2026-04-16,2419.31005859375,2440.300048828125,2446.60009765625,2411.60009765625,2435.0,1496210
2026-04-17,2442.80615234375,2464.0,2486.10009765625,2417.5,2425.0,1286575
2026-04-20,2495.152099609375,2516.800048828125,2523.800048828125,2456.5,2470.0,1203157
2026-04-21,2521.7216796875,2543.60009765625,2582.0,2513.699951171875,2516.300048828125,1681872
2026-04-22,2540.85546875,2562.89990234375,2572.0,2500.0,2500.0,1126584
2026-04-23,2499.71240234375,2521.39990234375,2541.699951171875,2510.0,2530.0,1378614
2026-04-24,2463.724853515625,2485.10009765625,2538.89990234375,2470.699951171875,2521.39990234375,436871
2026-04-27,2463.82373046875,2485.199951171875,2519.800048828125,2475.5,2503.0,452134
2026-04-28,2441.41845703125,2462.60009765625,2499.0,2456.10009765625,2475.0,556571
2026-04-29,2426.25,2447.300048828125,2477.89990234375,2438.60009765625,2469.89990234375,603585
2026-04-30,2423.473876953125,2444.5,2455.89990234375,2385.5,2426.699951171875,823684
2026-05-01,2423.473876953125,2444.5,2444.5,2444.5,2444.5,0
2026-05-04,2427.04296875,2448.10009765625,2507.0,2442.300048828125,2460.0,581159
2026-05-05,2409.0986328125,2430.0,2454.89990234375,2415.0,2430.0,327682
2026-05-06,2497.333251953125,2519.0,2529.0,2440.39990234375,2460.0,1395987
2026-05-07,2508.83349609375,2530.60009765625,2555.800048828125,2511.300048828125,2534.60009765625,1053513
2026-05-08,2577.537109375,2599.89990234375,2607.39990234375,2515.39990234375,2540.0,2327900
2026-05-11,2544.028076171875,2566.10009765625,2607.89990234375,2555.0,2578.89990234375,1271257
2026-05-12,2483.94921875,2505.5,2555.699951171875,2500.0,2546.199951171875,628802
2026-05-13,2595.085205078125,2617.60009765625,2642.39990234375,2554.0,2554.0,3515018
2026-05-14,2599.6455078125,2622.199951171875,2665.699951171875,2610.0,2620.0,1040916
2026-05-15,2583.1884765625,2605.60009765625,2640.0,2592.800048828125,2622.199951171875,796240
2026-05-18,2591.51611328125,2614.0,2619.39990234375,2556.0,2580.10009765625,898479
2026-05-19,2578.330322265625,2600.699951171875,2646.0,2595.10009765625,2629.0,688639
2026-05-20,2576.24853515625,2598.60009765625,2614.0,2562.0,2562.0,586190
2026-05-21,2576.44677734375,2598.800048828125,2648.300048828125,2590.800048828125,2625.0,1031843
2026-05-22,2617.09423828125,2639.800048828125,2664.699951171875,2600.199951171875,2606.10009765625,1556434
2026-05-25,2634.939453125,2657.800048828125,2684.10009765625,2653.199951171875,2672.0,815621
2026-05-26,2624.232177734375,2647.0,2664.300048828125,2635.89990234375,2650.0,486267
2026-05-27,2648.91796875,2671.89990234375,2689.60009765625,2642.0,2644.800048828125,858457
2026-05-28,2648.91796875,2671.89990234375,2671.89990234375,2671.89990234375,2671.89990234375,0
2026-05-29,2648.62060546875,2671.60009765625,2748.199951171875,2631.60009765625,2676.10009765625,5062328
2026-06-01,2609.757568359375,2632.39990234375,2778.800048828125,2626.699951171875,2732.60009765625,2224344
2026-06-02,2637.814208984375,2660.699951171875,2672.10009765625,2607.89990234375,2626.10009765625,1026319
2026-06-03,2639.49951171875,2662.39990234375,2676.0,2624.699951171875,2652.10009765625,958774
2026-06-04,2638.706787109375,2661.60009765625,2698.800048828125,2644.89990234375,2663.89990234375,1840743
2026-06-05,2663.590576171875,2686.699951171875,2699.800048828125,2665.0,2666.0,1615011
2026-06-08,2636.3271484375,2659.199951171875,2675.0,2630.10009765625,2643.300048828125,1262904
2026-06-09,2684.806640625,2708.10009765625,2719.0,2661.5,2666.199951171875,1416560
2026-06-10,2691.74658203125,2715.10009765625,2744.0,2700.0,2711.10009765625,1395772
2026-06-11,2667.75439453125,2690.89990234375,2706.699951171875,2671.0,2693.89990234375,771558
2026-06-12,2723.7685546875,2747.39990234375,2753.0,2709.39990234375,2725.699951171875,1078025
2026-06-15,2715.73828125,2739.300048828125,2832.699951171875,2730.0,2820.300048828125,2752021
2026-06-16,2724.462646484375,2748.10009765625,2771.0,2735.0,2741.0,962931
2026-06-17,2714.449462890625,2738.0,2768.89990234375,2732.5,2764.0,557209
2026-06-18,2731.30322265625,2755.0,2765.0,2728.199951171875,2745.0,600888
2026-06-19,2709.393310546875,2732.89990234375,2752.89990234375,2718.800048828125,2752.89990234375,838991
2026-06-22,2651.0,2674.0,2756.5,2670.0,2742.699951171875,1033475
2026-06-23,2661.199951171875,2661.199951171875,2695.39990234375,2650.10009765625,2669.0,1182151
2026-06-24,2667.5,2667.5,2687.60009765625,2653.60009765625,2662.0,1264476
2026-06-25,2645.199951171875,2645.199951171875,2690.699951171875,2637.10009765625,2690.0,2050810
2026-06-26,2645.199951171875,2645.199951171875,2645.199951171875,2645.199951171875,2645.199951171875,0
2026-06-29,2656.89990234375,2656.89990234375,2687.800048828125,2630.0,2631.300048828125,4752587
2026-06-30,2635.699951171875,2635.699951171875,2672.10009765625,2630.300048828125,2658.0,1821479
2026-07-01,2716.39990234375,2716.39990234375,2723.0,2624.0,2648.0,1097512
2026-07-02,2744.5,2744.5,2759.89990234375,2711.0,2720.0,1629567
2026-07-03,2737.800048828125,2737.800048828125,2762.39990234375,2730.0,2744.0,472124
2026-07-06,2754.89990234375,2754.89990234375,2758.0,2722.0,2724.0,504943
2026-07-07,2731.39990234375,2731.39990234375,2751.800048828125,2726.39990234375,2750.0,489066
2026-07-08,2665.89990234375,2665.89990234375,2713.10009765625,2653.300048828125,2676.60009765625,1481672
2026-07-09,2673.800048828125,2673.800048828125,2722.800048828125,2656.0,2658.0,918568
2026-07-10,2677.800048828125,2677.800048828125,2728.199951171875,2672.89990234375,2695.0,982095
2026-07-13,2652.10009765625,2652.10009765625,2664.39990234375,2630.10009765625,2650.5,1107802
2026-07-14,2641.0,2641.0,2655.89990234375,2579.89990234375,2604.0,975301
2026-07-15,2670.0,2670.0,2684.0,2644.89990234375,2644.89990234375,809114
2026-07-16,2674.699951171875,2674.699951171875,2693.10009765625,2660.10009765625,2688.0,455037
2026-07-17,2689.0,2689.0,2700.0,2665.0,2665.0,452284
2026-07-20,2691.39990234375,2691.39990234375,2708.5,2666.699951171875,2689.0,571087
2026-07-21,2692.39990234375,2692.39990234375,2720.0,2680.5,2695.0,1000078
2026-07-22,2692.800048828125,2692.800048828125,2700.0,2665.60009765625,2683.0,528096
2026-07-23,2668.800048828125,2668.800048828125,2693.39990234375,2656.0,2671.10009765625,584245
2026-07-24,2637.89990234375,2637.89990234375,2657.10009765625,2620.10009765625,2620.10009765625,645563
2026-07-27,2710.199951171875,2710.199951171875,2723.89990234375,2664.300048828125,2665.800048828125,715239
2026-07-28,2736.199951171875,2736.199951171875,2749.800048828125,2706.300048828125,2712.0,1282146
2026-07-29,2758.39990234375,2758.39990234375,2864.0,2718.5,2746.199951171875,3803474
2026-07-30,2746.199951171875,2746.199951171875,2767.89990234375,2666.199951171875,2758.10009765625,2387024
2026-07-31,2747.300048828125,2747.300048828125,2774.89990234375,2732.39990234375,2773.89990234375,891738
2026-08-03,2810.0,2810.0,2810.0,2762.10009765625,2770.89990234375,1040453
2026-08-04,2775.0,2775.0,2807.300048828125,2732.39990234375,2774.89990234375,820097
2026-08-05,2760.0,2760.0,2787.0,2748.699951171875,2787.0,688876
2026-08-06,2755.0,2755.0,2788.0,2741.60009765625,2788.0,797083
2026-08-07,2735.0,2735.0,2755.0,2695.0,2755.0,1067986
2026-08-10,2750.0,2750.0,2761.5,2713.5,2724.699951171875,977656
2026-08-11,2735.5,2735.5,2747.60009765625,2720.0,2742.10009765625,951134
2026-08-12,2740.0,2740.0,2748.39990234375,2698.199951171875,2733.199951171875,648174
2026-08-13,2755.5,2755.5,2755.5,2720.0,2725.0,579435
2026-08-14,2696.300048828125,2696.300048828125,2751.0,2690.300048828125,2751.0,667311
2026-08-17,2687.5,2687.5,2714.60009765625,2687.5,2694.5,312900
2026-08-18,2628.39990234375,2628.39990234375,2670.10009765625,2610.10009765625,2663.10009765625,1017022
2026-08-19,2630.800048828125,2630.800048828125,2634.89990234375,2601.0,2625.0,742443
2026-08-20,2625.199951171875,2625.199951171875,2641.800048828125,2607.0,2635.10009765625,476939
2026-08-21,2640.0,2640.0,2644.0,2615.5,2620.199951171875,330334
2026-08-24,2640.800048828125,2640.800048828125,2642.699951171875,2622.0,2640.39990234375,355289
2026-08-25,2639.800048828125,2639.800048828125,2640.0,2605.199951171875,2631.0,479480
2026-08-26,2626.5,2626.5,2678.699951171875,2626.5,2660.89990234375,339110
