Price,Adj Close,Close,High,Low,Open,Volume
Ticker,GRASIM.NS,GRASIM.NS,GRASIM.NS,GRASIM.NS,GRASIM.NS,GRASIM.NS
Date,,,,,,
2010-01-04,345.42852783203125,392.5624694824219,393.6271667480469,382.054443359375,383.7594909667969,1574155
2010-01-05,356.8404541015625,405.5316467285156,407.2058410644531,393.4728698730469,394.244384765625,1923480
2010-01-06,371.6130065917969,422.31982421875,425.3210144042969,403.51800537109375,405.80169677734375,2747488
2010-01-07,363.1337585449219,412.68359375,424.00946044921875,411.2640075683594,422.3275451660156,1489639
2010-01-08,374.37603759765625,425.45989990234375,428.453369140625,412.01239013671875,415.2296142578125,2285676
2010-01-11,381.8844299316406,433.99285888671875,437.4106750488281,418.315673828125,426.18511962890625,1678443
2010-01-12,379.6985168457031,431.5085754394531,437.1020812988281,427.5738525390625,434.35546875,1396446
2010-01-13,384.4574279785156,436.9169006347656,441.4919738769531,426.03082275390625,429.7341003417969,1249942
2010-01-14,385.90350341796875,438.56024169921875,445.7816162109375,436.69317626953125,438.205322265625,1144422
2010-01-15,386.6094665527344,439.36260986328125,443.4516296386719,435.9062194824219,437.4646911621094,1282113
2010-01-18,378.4697265625,430.1121520996094,437.98931884765625,428.376220703125,437.4492492675781,827306
2010-01-19,369.3658752441406,419.76611328125,433.4373779296875,418.8017272949219,431.7400207519531,733031
2010-01-20,365.8153076171875,415.7310791015625,425.0124206542969,413.709716796875,424.33349609375,674834
2010-01-21,361.2803955078125,410.5773620605469,421.4788818359375,409.2117919921875,413.5322570800781,745986
2010-01-22,355.706787109375,404.24322509765625,408.9031677246094,396.55120849609375,405.04559326171875,1150443
2010-01-25,356.1615905761719,404.7601318359375,409.6746826171875,398.10968017578125,405.8171081542969,853184
2010-01-27,348.83648681640625,396.43548583984375,407.2058410644531,393.4728698730469,407.2058410644531,867396
2010-01-28,351.85076904296875,399.86102294921875,404.98388671875,391.3897705078125,399.6449890136719,1350666
2010-01-29,352.9097595214844,401.0645751953125,407.3370056152344,390.57196044921875,407.3370056152344,872743
2010-02-01,361.3482971191406,410.6545104980469,413.5322570800781,395.94171142578125,401.1880187988281,946662
2010-02-02,354.3287048339844,402.67706298828125,418.9328918457031,398.1019592285156,413.5476989746094,785901
2010-02-03,364.70196533203125,414.4657897949219,416.3097229003906,403.0550842285156,403.0550842285156,873851
2010-02-04,357.7909851074219,406.6117858886719,418.0070495605469,401.72808837890625,414.5352478027344,840320
2010-02-05,349.74627685546875,397.4693298339844,402.3916015625,395.78741455078125,399.44439697265625,501208
2010-02-08,347.29547119140625,394.68414306640625,399.9227294921875,391.32806396484375,396.5743713378906,769271
2010-02-09,363.68365478515625,413.30853271484375,416.4486083984375,392.66278076171875,394.9927673339844,1163813
2010-02-10,366.8267822265625,416.8806457519531,422.0189514160156,408.62542724609375,414.30377197265625,1776685
2010-02-11,368.014892578125,418.2308044433594,424.9507141113281,416.77264404296875,419.5500793457031,1789607
2010-02-15,365.2586364746094,415.09844970703125,424.25634765625,411.3951721191406,417.3898620605469,906210
2010-02-16,369.5491943359375,419.97442626953125,421.23199462890625,413.902587890625,416.61834716796875,1452155
2010-02-17,372.85528564453125,423.731689453125,427.2652587890625,421.4017333984375,422.8058776855469,1442006
2010-02-18,367.6075439453125,417.76788330078125,425.2593078613281,415.5767822265625,422.79046630859375,756193
2010-02-19,364.145263671875,413.8331604003906,419.3957824707031,411.0711364746094,415.0752868652344,704068
2010-02-22,358.57171630859375,407.4990234375,425.87652587890625,404.2740783691406,419.68896484375,639864
2010-02-23,361.7624816894531,411.1251525878906,413.4936828613281,405.2076110839844,407.3601379394531,662831
2010-02-24,359.8072204589844,408.9031677246094,412.7607421875,406.91265869140625,409.6746826171875,559185
2010-02-25,361.2735900878906,410.56964111328125,417.3898620605469,401.3577575683594,409.6746826171875,1153846
2010-02-26,366.1140441894531,416.070556640625,420.16729736328125,409.8521423339844,411.21771240234375,2116043
2010-03-02,368.924560546875,419.2646179199219,422.4818420410156,413.5322570800781,418.161376953125,2498388
2010-03-03,374.0570068359375,425.0972900390625,426.2545471191406,419.2337646484375,419.2337646484375,2150598
2010-03-04,378.8974304199219,430.59820556640625,431.8866271972656,421.4017333984375,425.87652587890625,1366563
2010-03-05,382.0406799316406,434.1703186035156,437.4492492675781,432.04864501953125,432.04864501953125,1067911
2010-03-08,383.22869873046875,435.52044677734375,438.22076416015625,434.0777282714844,435.13470458984375,1201816
2010-03-09,383.8396301269531,436.2148132324219,438.8148193359375,433.93115234375,435.7519226074219,551868
2010-03-10,386.48046875,439.2160339355469,440.6124572753906,435.150146484375,435.9062194824219,927188
2010-03-11,391.5449523925781,444.9715270996094,447.01605224609375,439.2160339355469,439.2160339355469,1008955
2010-03-12,392.52252197265625,446.08251953125,449.7934875488281,444.39288330078125,445.9359130859375,1115758
2010-03-15,390.8321533203125,444.16143798828125,445.9359130859375,434.2088928222656,441.30682373046875,602632
2010-03-16,393.907470703125,447.6564025878906,449.7934875488281,442.3869323730469,442.849853515625,679876
2010-03-17,396.3378601074219,450.4184265136719,456.11993408203125,446.8848876953125,448.2504577636719,1540429
2010-03-18,394.4844970703125,448.31219482421875,452.8795471191406,446.10565185546875,451.3365173339844,1243915
2010-03-19,395.597900390625,449.5774841308594,461.0576171875,446.2445373535156,461.0576171875,580370
2010-03-22,392.6650390625,446.2445373535156,454.2682800292969,442.695556640625,447.47894287109375,588154
2010-03-23,387.3563232421875,440.2112731933594,450.4570007324219,438.6836853027344,445.9359130859375,682429
2010-03-25,386.13427734375,438.8225402832031,443.60595703125,436.4462890625,439.7637939453125,819679
2010-03-26,390.2347412109375,443.4825134277344,445.76617431640625,439.7637939453125,439.7637939453125,553553
2010-03-29,389.861328125,443.05816650390625,447.01605224609375,441.0290832519531,445.9359130859375,832938
2010-03-30,381.5382080078125,433.5993957519531,444.7015075683594,432.20294189453125,442.0783386230469,525997
2010-03-31,382.1899719238281,434.34002685546875,434.98040771484375,430.659912109375,434.5174865722656,608996
2010-04-01,384.0432434082031,436.4462890625,438.9922790527344,432.8201599121094,434.6100769042969,472394
2010-04-05,380.3027038574219,432.1952209472656,442.618408203125,430.5519104003906,435.9062194824219,794080
2010-04-06,381.9252014160156,434.0391540527344,436.369140625,431.2771301269531,433.5916748046875,891148
2010-04-07,392.5361022949219,446.0979309082031,449.3305969238281,433.6225280761719,434.3631896972656,2838420
2010-04-08,386.14111328125,438.83026123046875,448.0961608886719,435.21185302734375,447.2937927246094,1617297
2010-04-09,391.62640380859375,445.0641174316406,447.764404296875,437.4261169433594,441.15252685546875,921303
2010-04-12,391.4498596191406,444.863525390625,449.60833740234375,441.46112060546875,446.5531311035156,775810
2010-04-13,387.95367431640625,440.89019775390625,445.1643981933594,439.50146484375,445.1643981933594,282016
2010-04-15,383.6630554199219,436.01422119140625,445.0641174316406,434.98040771484375,442.695556640625,463205
2010-04-16,379.6373291015625,431.43914794921875,436.1376647949219,429.9809875488281,436.01422119140625,664510
2010-04-19,379.48126220703125,431.2616882324219,436.369140625,422.3275451660156,430.4747619628906,517630
2010-04-20,381.6468505859375,433.72283935546875,437.7578430175781,429.76495361328125,433.5916748046875,609806
2010-04-21,383.7174377441406,436.0759582519531,437.91217041015625,432.04864501953125,434.6717834472656,427852
2010-04-22,385.0005187988281,437.53411865234375,442.695556640625,431.4545593261719,432.04864501953125,769517
2010-04-23,385.4757080078125,438.0741882324219,442.0783386230469,433.7845458984375,437.4492492675781,494617
2010-04-26,386.54840087890625,439.2931823730469,441.9240417480469,437.4492492675781,437.4492492675781,351509
2010-04-27,383.0249938964844,435.28900146484375,442.37152099609375,434.3631896972656,438.22076416015625,267233
2010-04-28,380.533447265625,432.4575500488281,434.3631896972656,428.9934387207031,434.3631896972656,505025
2010-04-29,375.9171142578125,427.21124267578125,435.7519226074219,424.0248718261719,432.51153564453125,744418
2010-04-30,370.56072998046875,421.1239929199219,431.7400207519531,419.8741149902344,428.1910705566406,857688
2010-05-03,362.96405029296875,412.49072265625,421.1239929199219,411.21771240234375,419.70440673828125,477735
2010-05-04,351.53167724609375,399.4984130859375,416.4640197753906,395.0158996582031,412.9613342285156,733005
2010-05-05,350.9478454589844,398.83489990234375,402.4224548339844,391.3357849121094,397.3304443359375,1004412
2010-05-06,354.9465026855469,403.3791198730469,405.5085144042969,396.7132263183594,398.1019592285156,513327
2010-05-07,347.5534362792969,394.9773254394531,405.12274169921875,391.1583251953125,401.1880187988281,952028
2010-05-10,361.4637451171875,410.7856750488281,414.81298828125,395.78741455078125,395.78741455078125,564797
2010-05-11,356.0801696777344,404.6675720214844,412.7607421875,401.95953369140625,412.7607421875,644400
2010-05-12,353.46649169921875,401.6972351074219,408.13165283203125,399.6449890136719,404.2740783691406,342436
2010-05-13,357.118896484375,405.8479919433594,407.3524169921875,402.7310485839844,402.7310485839844,315256
2010-05-14,358.0556640625,406.91265869140625,411.8349304199219,403.1939697265625,405.8171081542969,517442
2010-05-17,353.2628173828125,401.46575927734375,406.588623046875,397.3304443359375,406.588623046875,471558
2010-05-18,359.2098083496094,408.2242431640625,411.0480041503906,395.3244934082031,401.1880187988281,495596
2010-05-19,349.8005065917969,397.5310363769531,408.872314453125,395.94171142578125,407.3601379394531,304200
2010-05-20,342.550048828125,389.291259765625,404.4283752441406,378.0425720214844,398.1019592285156,3647496
2010-05-21,333.0525207519531,378.49774169921875,385.6034240722656,370.57427978515625,385.4490966796875,2513695
2010-05-24,325.1707458496094,369.54046630859375,385.6034240722656,367.2413330078125,380.3725280761719,1644212
2010-05-25,314.8652648925781,357.828857421875,368.78436279296875,345.05255126953125,368.78436279296875,8465598
2010-05-26,249.6654815673828,283.7325134277344,308.4518737792969,262.3229675292969,305.2115173339844,4796313
2010-05-27,254.2140350341797,288.90167236328125,291.32421875,280.0755310058594,285.4607238769531,1711592
2010-05-28,250.86709594726562,285.09808349609375,295.0274963378906,283.15386962890625,290.0898132324219,813813
2010-05-31,247.5202178955078,281.2945251464844,289.2257080078125,279.7823486328125,284.843505859375,1038676
2010-06-01,242.4557647705078,275.5390319824219,286.0779113769531,274.81378173828125,281.6031188964844,1359454
2010-06-02,241.20664978027344,274.11944580078125,280.36871337890625,273.02386474609375,276.2025146484375,692468
2010-06-03,242.978515625,276.1330871582031,279.8826599121094,272.3449401855469,276.2025146484375,836263
2010-06-04,240.6635284423828,273.5022277832031,276.3568420410156,272.846435546875,275.4309997558594,461241
2010-06-07,237.90049743652344,270.3621520996094,273.116455078125,268.64166259765625,271.57342529296875,399505
2010-06-08,237.64930725097656,270.0766906738281,272.79241943359375,268.48736572265625,272.3449401855469,473062
2010-06-09,241.19300842285156,274.10400390625,277.12835693359375,271.57342529296875,271.57342529296875,698288
2010-06-10,240.28334045410156,273.0701599121094,276.2025146484375,271.11822509765625,273.8879699707031,907318
2010-06-11,247.05860900878906,280.7698974609375,282.6678161621094,273.8879699707031,273.8879699707031,1667108
2010-06-14,245.04905700683594,278.4862060546875,283.8251037597656,276.4802551269531,280.83160400390625,448416
2010-06-15,243.88824462890625,277.16693115234375,279.7360534667969,275.4309997558594,278.3627624511719,861395
2010-06-16,243.35186767578125,276.55743408203125,278.00787353515625,274.81378173828125,277.7301330566406,445661
2010-06-17,241.817626953125,274.81378173828125,278.82568359375,273.7876892089844,277.74554443359375,644886
2010-06-18,238.89840698242188,271.49627685546875,277.28265380859375,270.215576171875,277.28265380859375,346052
2010-06-21,242.9581756591797,276.1099548339844,276.9740295410156,273.116455078125,273.116455078125,725338
2010-06-22,243.65057373046875,276.8968811035156,279.6666259765625,273.9265441894531,275.4309997558594,436621
2010-06-23,243.29075622558594,276.48797607421875,278.0541687011719,274.81378173828125,276.37225341796875,333687
2010-06-24,244.2276611328125,277.55267333984375,279.04168701171875,275.2767028808594,276.5111389160156,684646
2010-06-25,244.2140350341797,277.5372314453125,283.1461486816406,276.2025146484375,276.9740295410156,820800
2010-06-28,246.44085693359375,280.06781005859375,281.4488220214844,277.74554443359375,277.74554443359375,492951
2010-06-29,244.20046997070312,277.5218200683594,282.6832580566406,275.052978515625,279.28857421875,916384
2010-06-30,248.151611328125,282.01202392578125,284.3805847167969,270.8019104003906,276.9740295410156,1115142
2010-07-01,250.5616455078125,284.75091552734375,287.744384765625,279.5200500488281,284.0719909667969,815116
2010-07-02,248.07693481445312,281.9271545410156,286.8185729980469,280.83160400390625,284.6891784667969,341950
2010-07-05,248.25343322753906,282.1277770996094,285.1058044433594,280.52301025390625,281.6031188964844,213002
2010-07-06,247.06536865234375,280.7776184082031,283.9022521972656,279.61260986328125,281.6031188964844,434398
2010-07-07,246.93641662597656,280.6310119628906,282.3746337890625,278.5325012207031,280.83160400390625,248666
2010-07-08,252.88339233398438,287.3894958496094,289.93548583984375,281.9117431640625,281.9117431640625,2818790
2010-07-09,256.6579895019531,291.67913818359375,292.8055419921875,287.7752685546875,287.7752685546875,2542859
2010-07-12,258.6131896972656,293.9010925292969,295.30523681640625,291.6328430175781,292.40435791015625,2155932
2010-07-13,255.0897216796875,289.89691162109375,296.2619323730469,287.7752685546875,296.2619323730469,256397
2010-07-14,248.35531616210938,282.2434997558594,293.9473876953125,281.1402282714844,290.0898132324219,868712
2010-07-15,245.8162384033203,279.3580322265625,284.6891784667969,278.67138671875,283.91766357421875,316694
2010-07-16,249.02735900878906,283.0072937011719,284.0719909667969,279.28857421875,279.3580322265625,339487
2010-07-19,248.2466583251953,282.12005615234375,283.4393310546875,280.83160400390625,282.9918518066406,135836
2010-07-20,246.62413024902344,280.276123046875,284.3497314453125,279.4429016113281,282.3746337890625,150677
2010-07-21,248.9798126220703,282.9532775878906,285.12896728515625,280.83160400390625,280.83160400390625,243695
2010-07-22,247.98182678222656,281.81915283203125,285.4607238769531,281.01678466796875,282.3746337890625,207494
2010-07-23,248.13124084472656,281.9888916015625,285.13665771484375,280.0600891113281,282.3746337890625,258685
2010-07-26,247.16036987304688,280.8856201171875,285.306396484375,280.21441650390625,282.3746337890625,179095
2010-07-27,249.10879516601562,283.0998840332031,285.09808349609375,280.9859313964844,281.6031188964844,358003
2010-07-28,248.429931640625,282.328369140625,285.152099609375,281.6031188964844,283.1461486816406,221265
2010-07-29,251.1182861328125,285.383544921875,287.9295654296875,280.9859313964844,282.328369140625,2414222
2010-07-30,249.02056884765625,282.99957275390625,289.2720031738281,281.6185607910156,285.306396484375,690109
2010-08-02,252.05514526367188,286.4482421875,288.2381591796875,282.2203369140625,282.3746337890625,523288
2010-08-03,255.87722778320312,290.7918701171875,291.7871398925781,286.69512939453125,287.0037536621094,752298
2010-08-04,254.98118591308594,289.7734680175781,292.2500305175781,286.2630920410156,290.861328125,710750
2010-08-05,255.3952178955078,290.2441101074219,292.196044921875,287.87554931640625,289.31829833984375,161882
2010-08-06,253.9560089111328,288.6084899902344,291.7871398925781,288.0838623046875,290.861328125,299294
2010-08-09,258.558837890625,293.83935546875,296.2619323730469,288.5467834472656,288.5467834472656,1660161
2010-08-10,263.82281494140625,293.7236328125,295.1663818359375,290.259521484375,292.8595275878906,763555
2010-08-11,263.7257080078125,293.6156311035156,294.6880187988281,291.7871398925781,293.1758728027344,322754
2010-08-12,260.4687194824219,289.989501953125,293.3301696777344,287.1580505371094,293.3301696777344,443348
2010-08-13,260.05987548828125,289.5343017578125,292.3580627441406,287.8138427734375,289.31829833984375,244836
2010-08-16,272.748291015625,303.6607666015625,305.16522216796875,289.47259521484375,289.47259521484375,5120409
2010-08-17,278.63861083984375,310.2186279296875,316.78424072265625,303.9770812988281,303.9770812988281,2374910
2010-08-18,285.6099853515625,317.9800720214844,320.7189636230469,310.92071533203125,310.92071533203125,2698215
2010-08-19,296.156982421875,329.7225341796875,331.1344299316406,318.2115478515625,318.6358642578125,1431649
2010-08-20,290.2528381347656,323.14923095703125,331.6667785644531,321.12786865234375,329.43707275390625,1024814
2010-08-23,289.0332336425781,321.7913818359375,330.2086181640625,320.02459716796875,323.26495361328125,865446
2010-08-24,287.21063232421875,319.7622985839844,324.8079833984375,319.0987854003906,321.7913818359375,1253701
2010-08-25,286.01873779296875,318.4352722167969,328.3338317871094,317.4014587402344,320.17889404296875,541337
2010-08-26,283.544921875,315.68096923828125,322.0922546386719,313.3895568847656,318.6358642578125,512808
2010-08-27,279.64337158203125,311.33734130859375,319.9011535644531,309.7248840332031,316.0127258300781,283001
2010-08-30,283.3092346191406,315.41864013671875,319.37652587890625,311.6922302246094,311.6922302246094,523858
2010-08-31,280.1215515136719,311.86968994140625,319.2530822753906,307.98895263671875,314.7782897949219,514422
2010-09-01,283.40625,315.52667236328125,316.93853759765625,311.6922302246094,312.4637451171875,231110
2010-09-02,289.55987548828125,322.3777160644531,323.8821716308594,316.3213195800781,316.3213195800781,1227629
2010-09-03,289.35894775390625,322.15399169921875,324.5765380859375,320.9504089355469,322.4085693359375,680887
2010-09-06,293.03857421875,326.250732421875,327.58544921875,322.3391418457031,322.4934387207031,547921
2010-09-07,304.2232360839844,338.7030029296875,342.8923034667969,322.6786193847656,326.35101318359375,1665475
2010-09-08,299.83673095703125,333.8193054199219,345.484619140625,332.7314453125,339.466796875,1109375
2010-09-09,298.0765075683594,331.8596496582031,337.3065490722656,330.3629150390625,334.2204895019531,370452
2010-09-13,298.5062255859375,332.3379821777344,337.92376708984375,330.3629150390625,332.5231628417969,370148
2010-09-14,305.01324462890625,339.58251953125,341.16412353515625,331.75164794921875,332.5231628417969,860067
2010-09-15,304.7291564941406,339.2662048339844,343.1700744628906,336.51959228515625,339.466796875,914090
2010-09-16,304.7152099609375,339.2507629394531,342.21337890625,337.1908264160156,338.6952819824219,738656
2010-09-17,309.1156921386719,344.14990234375,347.6217041015625,338.6952819824219,339.0038757324219,837300
2010-09-20,311.589599609375,346.9042053222656,348.7249755859375,344.25018310546875,347.18194580078125,582217
2010-09-21,309.2057800292969,344.25018310546875,349.0335693359375,342.7071533203125,347.18194580078125,861758
2010-09-22,305.2349853515625,339.82940673828125,346.37957763671875,337.92376708984375,344.8674011230469,573105
2010-09-23,299.83673095703125,333.8193054199219,341.7890625,331.90594482421875,340.2383117675781,568348
2010-09-24,301.6037902832031,335.7866516113281,338.9730224609375,331.4430236816406,333.294677734375,655890
2010-09-27,302.2413330078125,336.4964599609375,340.36175537109375,335.0074157714844,335.6092224121094,1136082
2010-09-28,304.64599609375,339.1736145019531,341.4110107421875,335.6092224121094,336.4964599609375,422376
2010-09-29,306.3714599609375,341.0946960449219,344.01873779296875,337.76947021484375,339.466796875,583481
2010-09-30,307.7228088378906,342.5991516113281,343.94158935546875,339.466796875,341.00982666015625,669973
2010-10-01,309.35125732421875,344.4122009277344,347.02764892578125,342.8923034667969,343.3243713378906,596611
2010-10-04,319.8913879394531,356.1469421386719,360.2976989746094,344.8674011230469,344.8674011230469,1169082
2010-10-05,319.30926513671875,355.4988708496094,361.0692138671875,354.8893737792969,356.1469421386719,608179
2010-10-06,325.28289794921875,362.14935302734375,366.0069274902344,355.6686096191406,355.6686096191406,631037
2010-10-07,324.8669738769531,361.6864318847656,365.69830322265625,359.8733825683594,363.8389587402344,374509
2010-10-08,324.9778747558594,361.80987548828125,365.54400634765625,356.8490295410156,363.0828857421875,420471
2010-10-11,325.947998046875,362.8899841308594,368.0128479003906,361.0692138671875,362.61224365234375,486918
2010-10-12,322.8434753417969,359.43359375,364.1244201660156,358.137451171875,362.6199645996094,209924
2010-10-13,320.66754150390625,357.01104736328125,363.3837585449219,355.06683349609375,358.9089660644531,340407
2010-10-14,324.69378662109375,361.4935607910156,362.8668518066406,357.2116394042969,357.2116394042969,737133
2010-10-15,318.78265380859375,354.91253662109375,361.8330078125,352.82171630859375,361.8330078125,578387
2010-10-18,313.6199035644531,349.16473388671875,357.9523010253906,344.8674011230469,355.6686096191406,346305
2010-10-19,315.08905029296875,350.80035400390625,354.8507995605469,347.49053955078125,350.206298828125,151578
2010-10-20,308.31866455078125,343.26263427734375,350.26800537109375,342.2442321777344,350.26800537109375,292333
2010-10-21,311.92218017578125,347.2745361328125,349.0335693359375,337.58428955078125,344.8674011230469,440730
2010-10-22,312.7676086425781,348.21575927734375,351.50244140625,345.0294189453125,347.18194580078125,646416
2010-10-25,315.1514892578125,350.8697814941406,354.11785888671875,348.7249755859375,348.7249755859375,248147
2010-10-26,314.4446716308594,350.0828552246094,353.35406494140625,346.6804504394531,350.26800537109375,171143
2010-10-27,312.5458679199219,347.9689025878906,350.57659912109375,345.638916015625,350.57659912109375,190819
2010-10-28,315.8443908691406,351.64129638671875,353.66265869140625,343.470947265625,348.7249755859375,781961
2010-10-29,310.52239990234375,345.716064453125,351.78790283203125,341.47271728515625,345.638916015625,562023
2010-11-01,321.8456726074219,358.3226318359375,360.7606201171875,346.4104309082031,346.4104309082031,1029247
2010-11-02,328.01312255859375,365.1891174316406,367.5499572753906,356.1083679199219,358.6003723144531,1254297
2010-11-03,332.8292541503906,370.5511474609375,372.6419372558594,365.69830322265625,365.69830322265625,663940
2010-11-04,334.4716491699219,372.379638671875,374.9565124511719,368.96954345703125,370.327392578125,565789
2010-11-08,336.2110900878906,374.3161315917969,378.8140869140625,370.4817199707031,371.0989074707031,604258
2010-11-09,340.3410339355469,378.91436767578125,380.35711669921875,373.9535217285156,374.9565124511719,506807
2010-11-10,340.7361145019531,379.3541259765625,381.900146484375,376.4995422363281,379.5856018066406,195705
2010-11-11,336.0862731933594,374.1772766113281,382.6716613769531,371.87042236328125,379.5856018066406,236100
2010-11-12,318.0965881347656,354.14874267578125,376.4995422363281,346.2561340332031,369.0929870605469,254434
2010-11-15,316.4334716796875,352.2970886230469,360.0662536621094,349.4964904785156,353.04547119140625,314238
2010-11-16,311.880615234375,347.2282409667969,356.44012451171875,344.2810363769531,355.6686096191406,361295
2010-11-18,314.153564453125,349.7588195800781,352.5748291015625,347.4211120605469,347.9534606933594,250947
2010-11-19,306.6347961425781,341.3878479003906,353.1766052246094,334.2204895019531,348.7249755859375,361898
2010-11-22,312.310302734375,347.7065734863281,349.3421936035156,341.7813415527344,341.7813415527344,346337
2010-11-23,309.7254638671875,344.8288269042969,348.6786804199219,342.7071533203125,347.18194580078125,696259
2010-11-24,306.1220397949219,340.81695556640625,347.18194580078125,338.8881530761719,344.09588623046875,255801
2010-11-25,299.9753112792969,333.9736022949219,343.94158935546875,330.99554443359375,340.85552978515625,603558
2010-11-26,311.700439453125,347.02764892578125,356.28582763671875,330.5172119140625,334.83770751953125,765687
2010-11-29,311.8043518066406,347.14337158203125,349.0335693359375,343.3475036621094,347.18194580078125,179076
2010-11-30,315.35247802734375,351.0935363769531,351.96533203125,343.7255554199219,347.49053955078125,365993
2010-12-01,320.96551513671875,357.3428039550781,358.5232238769531,349.4964904785156,351.0395202636719,340479
2010-12-02,324.0076904296875,360.7297668457031,362.9208679199219,357.2270812988281,358.7546691894531,212205
2010-12-03,326.7171630859375,363.7463684082031,364.9267883300781,356.60986328125,360.2976989746094,221725
2010-12-06,325.92022705078125,362.859130859375,366.4698181152344,361.2235107421875,363.3837585449219,184319
2010-12-07,325.8995056152344,362.83599853515625,364.9267883300781,357.2116394042969,359.8348083496094,204726
2010-12-08,327.5072326660156,364.62591552734375,366.45440673828125,361.0692138671875,362.30364990234375,211927
2010-12-09,322.6910400390625,359.2638854980469,366.45440673828125,357.2116394042969,364.1552734375,642229
2010-12-10,321.4229736328125,357.85198974609375,359.52618408203125,352.7291259765625,358.7546691894531,339008
2010-12-13,323.2384948730469,359.8733825683594,366.4698181152344,357.2116394042969,358.2917785644531,197572
2010-12-14,327.3963317871094,364.5024719238281,365.69830322265625,358.23004150390625,359.8348083496094,114307
2010-12-15,314.6109619140625,350.26800537109375,368.47576904296875,347.7991638183594,361.8407287597656,258011
2010-12-16,312.0885009765625,347.4596862792969,350.26800537109375,339.9296875,350.26800537109375,353641
2010-12-20,315.4009094238281,351.14752197265625,352.11962890625,345.638916015625,346.4104309082031,142304
2010-12-21,321.291259765625,357.7054138183594,358.7392578125,351.81103515625,355.6686096191406,161480
2010-12-22,318.85888671875,354.9974060058594,361.0538024902344,353.66265869140625,357.983154296875,124430
2010-12-23,321.4783630371094,357.9137268066406,359.52618408203125,355.5143127441406,355.5143127441406,330330
2010-12-24,316.62060546875,352.5054016113281,358.7392578125,350.26800537109375,357.983154296875,235270
2010-12-27,318.443115234375,354.53448486328125,357.2116394042969,352.74456787109375,352.875732421875,117742
2010-12-28,321.6239013671875,358.07574462890625,359.21759033203125,353.6781005859375,354.8970947265625,205329
2010-12-29,320.5913391113281,356.9261779785156,360.266845703125,356.13153076171875,358.7546691894531,164384
2010-12-30,321.11102294921875,357.50482177734375,358.098876953125,354.8970947265625,357.20391845703125,310343
2010-12-31,324.6867980957031,361.48583984375,362.61224365234375,356.6021423339844,357.9908752441406,182925
2011-01-03,326.53704833984375,363.5457763671875,366.4698181152344,361.0769348144531,361.48583984375,383822
2011-01-04,332.7184753417969,370.4277038574219,371.23779296875,362.61224365234375,363.3837585449219,775415
2011-01-05,333.3767395019531,371.16064453125,378.0425720214844,364.4638977050781,364.9267883300781,594945
2011-01-06,329.9741516113281,367.37249755859375,374.64788818359375,363.3992004394531,371.87042236328125,1120061
2011-01-07,331.3394470214844,368.89239501953125,374.18499755859375,361.92559814453125,367.2490539550781,540656
2011-01-10,322.5177917480469,359.07098388671875,376.12921142578125,355.8614807128906,369.4710388183594,326383
2011-01-11,320.88238525390625,357.2502136230469,363.3837585449219,351.67987060546875,359.0787048339844,335819
2011-01-12,334.3814697265625,372.2793273925781,379.5856018066406,352.0810546875,357.2116394042969,624407
2011-01-13,341.4984436035156,380.2027893066406,387.3007507324219,369.5558776855469,372.6419372558594,893546
2011-01-14,340.61834716796875,379.2229919433594,383.7054748535156,376.6769714355469,381.1286315917969,589683
2011-01-17,338.8651123046875,377.27105712890625,381.1286315917969,373.4134826660156,379.5856018066406,232192
2011-01-18,335.37249755859375,373.3825988769531,380.82000732421875,372.0247497558594,377.5950927734375,232613
2011-01-19,334.0350341796875,371.8935852050781,377.101318359375,370.327392578125,373.4134826660156,145518
2011-01-20,337.7355651855469,376.01348876953125,378.0425720214844,369.08526611328125,371.87042236328125,144630
2011-01-21,334.2221374511719,372.1018981933594,376.4841003417969,370.365966796875,376.34521484375,157009
2011-01-24,332.0808410644531,369.7178955078125,376.19091796875,367.7968444824219,372.6419372558594,218796
2011-01-25,328.1863098144531,365.3819885253906,373.2591552734375,363.3837585449219,370.95233154296875,325042
2011-01-27,326.4747009277344,363.4763488769531,371.6852722167969,359.86566162109375,364.9267883300781,668774
2011-01-28,319.1567687988281,355.3291320800781,363.3914794921875,349.0335693359375,363.3914794921875,597337
2011-01-31,316.1701354980469,352.00390625,357.520263671875,348.7249755859375,354.8970947265625,294051
2011-02-01,312.98248291015625,348.4549560546875,355.159423828125,346.4335632324219,353.0994567871094,241083
2011-02-02,310.4530944824219,345.638916015625,352.8911437988281,344.13446044921875,349.08758544921875,316260
2011-02-03,317.9372253417969,353.9712829589844,354.7427978515625,345.793212890625,346.4104309082031,348152
2011-02-04,318.5816955566406,354.68878173828125,359.4413146972656,351.0395202636719,354.1255798339844,432480
2011-02-07,318.9836120605469,355.1362609863281,357.597412109375,350.2757263183594,355.0513916015625,146782
2011-02-08,319.6003723144531,355.8229064941406,364.4484558105469,352.4591064453125,354.8970947265625,373304
2011-02-09,312.1369934082031,347.5137023925781,355.8074951171875,346.2561340332031,355.8074951171875,169445
2011-02-10,305.2626953125,339.8602600097656,348.6941223144531,337.92376708984375,347.9534606933594,403212
2011-02-11,308.66522216796875,343.6484069824219,348.7249755859375,340.0840148925781,341.7813415527344,247279
2011-02-14,321.3050842285156,357.7208557128906,363.3837585449219,344.09588623046875,344.09588623046875,504189
2011-02-15,319.95379638671875,356.2164001464844,369.5558776855469,354.1255798339844,357.674560546875,452045
2011-02-16,321.1180419921875,357.5125427246094,364.0009765625,354.8970947265625,355.6686096191406,229062
2011-02-17,323.30780029296875,359.9505310058594,362.45794677734375,356.44012451171875,357.983154296875,332799
2011-02-18,317.7778625488281,353.7938232421875,365.54400634765625,350.57659912109375,360.4519958496094,310777
2011-02-21,322.4692687988281,359.0169982910156,361.8330078125,351.0395202636719,354.88165283203125,441326
2011-02-22,322.2266540527344,358.7469482421875,359.37188720703125,353.9712829589844,358.2917785644531,285697
2011-02-23,315.2969970703125,351.03179931640625,361.0538024902344,349.1493225097656,351.0395202636719,366907
2011-02-24,310.84808349609375,346.07867431640625,351.3481140136719,344.01873779296875,351.0395202636719,661989
2011-02-25,311.6866149902344,347.01220703125,350.0905456542969,343.5172424316406,346.4104309082031,266021
2011-02-28,312.5528259277344,347.9765930175781,351.81103515625,342.0899353027344,347.18194580078125,454099
2011-03-01,317.867919921875,353.8941345214844,354.8970947265625,348.7249755859375,348.7249755859375,237130
2011-03-03,316.495849609375,352.36651611328125,355.8074951171875,351.21697998046875,353.35406494140625,266216
2011-03-04,318.7965087890625,354.9279479980469,356.9801940917969,351.2786865234375,352.5825500488281,214234
2011-03-07,318.85888671875,354.9974060058594,355.660888671875,347.37481689453125,353.35406494140625,289054
2011-03-08,317.861083984375,353.88641357421875,358.4460754394531,350.57659912109375,350.57659912109375,368599
2011-03-09,320.494384765625,356.81817626953125,359.21759033203125,354.8970947265625,354.8970947265625,636260
2011-03-10,321.8456726074219,358.3226318359375,360.2976989746094,355.86920166015625,357.2116394042969,909398
2011-03-11,325.9896240234375,362.936279296875,369.35528564453125,356.44012451171875,357.983154296875,1086660
2011-03-14,329.9187927246094,367.310791015625,368.73809814453125,362.5968322753906,362.61224365234375,559075
2011-03-15,330.0643005371094,367.4728088378906,373.4134826660156,357.983154296875,365.38970947265625,622975
2011-03-16,337.6454772949219,375.9131774902344,377.73394775390625,367.4728088378906,367.4728088378906,1568685
2011-03-17,337.8948974609375,376.19091796875,379.8170471191406,370.95233154296875,374.9565124511719,490865
2011-03-18,337.4860534667969,375.7357177734375,381.1286315917969,372.186767578125,376.4995422363281,878427
2011-03-21,337.4722595214844,375.7203063964844,377.1167297363281,373.0354309082031,375.72802734375,764942
2011-03-22,339.8282775878906,378.34344482421875,379.8941955566406,371.0989074707031,374.9565124511719,896722
2011-03-23,340.9578857421875,379.60101318359375,386.76068115234375,374.9565124511719,378.8140869140625,1995287
2011-03-24,337.4445495605469,375.689453125,382.1778869628906,372.2561950683594,381.1286315917969,2051443
2011-03-25,343.5911865234375,382.53277587890625,384.9862060546875,375.7666015625,380.96661376953125,1329979
2011-03-28,342.75958251953125,381.6069641113281,385.5879821777344,378.38201904296875,379.0455322265625,1438052
2011-03-29,338.1929016113281,376.5226745605469,385.4490966796875,375.51971435546875,381.5915222167969,626850
2011-03-30,340.62518310546875,379.2306823730469,382.5173645019531,374.7481994628906,376.66156005859375,708650
2011-03-31,340.5143737792969,379.10723876953125,393.42657470703125,376.4995422363281,379.5856018066406,1588257
2011-04-01,350.7704162597656,390.5256652832031,393.1642761230469,381.1131896972656,383.28887939453125,930402
2011-04-04,358.18524169921875,398.7808837890625,399.4906921386719,389.16009521484375,391.1660461425781,572120
2011-04-05,354.7342834472656,394.9387512207031,401.0337219238281,393.4883117675781,398.1019592285156,645768
2011-04-06,353.2304992675781,393.2645568847656,405.25390625,391.2354736328125,395.94171142578125,832186
2011-04-07,349.5508117675781,389.1678161621094,394.9696044921875,387.70965576171875,393.4728698730469,495116
2011-04-08,351.712890625,391.574951171875,396.5434875488281,385.9120178222656,389.5072937011719,856470
2011-04-11,351.16546630859375,390.9654541015625,394.8616027832031,387.64019775390625,391.4669189453125,480897
2011-04-13,354.24908447265625,394.398681640625,396.528076171875,385.6882629394531,388.072265625,618911
2011-04-15,349.5230712890625,389.136962890625,395.6099548339844,386.99212646484375,393.5654602050781,155693
2011-04-18,342.4685363769531,381.2829284667969,397.3304443359375,378.8294982910156,390.4022521972656,495764
2011-04-19,332.6976318359375,370.4045715332031,384.5232849121094,366.5546875,382.71795654296875,1036136
2011-04-20,334.9358825683594,372.89654541015625,374.91021728515625,365.9374694824219,371.25323486328125,614193
2011-04-21,335.788330078125,373.84552001953125,376.8852844238281,371.1143493652344,374.0461120605469,482984
2011-04-25,341.51226806640625,380.2182312011719,381.5915222167969,372.01702880859375,374.0306701660156,565328
2011-04-26,346.8343811035156,386.1434631347656,388.072265625,378.1968688964844,381.1286315917969,639604
2011-04-27,342.6002197265625,381.42950439453125,390.35595703125,378.4051818847656,388.072265625,652819
2011-04-28,339.0937805175781,377.525634765625,385.7422790527344,374.9565124511719,383.4123229980469,892179
2011-04-29,339.8976135253906,378.42059326171875,382.6716613769531,368.78436279296875,377.42535400390625,318554
2011-05-02,342.4130554199219,381.22119140625,383.82891845703125,375.72802734375,378.0425720214844,243112
2011-05-03,340.0015869140625,378.53631591796875,384.0603942871094,377.73394775390625,381.4835205078125,1010524
2011-05-04,326.84197998046875,363.88525390625,378.1968688964844,361.1077880859375,378.1968688964844,476905
2011-05-05,319.2054138183594,355.3831481933594,365.69830322265625,353.4929504394531,363.3837585449219,609773
2011-05-06,323.39093017578125,360.0430908203125,361.8407287597656,356.494140625,357.3659362792969,400115
2011-05-09,323.11383056640625,359.7344970703125,365.5131530761719,358.7546691894531,360.2976989746094,221051
2011-05-10,327.01513671875,364.078125,366.3155212402344,357.2502136230469,364.7724914550781,281802
2011-05-11,327.1953430175781,364.2787170410156,367.0870361328125,361.5321350097656,365.69830322265625,324763
2011-05-12,319.635009765625,355.8614807128906,373.2591552734375,353.7475280761719,369.96478271484375,856904
2011-05-13,325.1511535644531,362.00274658203125,365.23541259765625,356.44012451171875,359.5107727050781,284388
2011-05-16,321.907958984375,358.3920593261719,365.69830322265625,355.6686096191406,365.69830322265625,206684
2011-05-17,321.0902099609375,357.4816589355469,362.2573547363281,354.4033203125,359.8424987792969,214636
2011-05-18,319.10833740234375,355.275146484375,361.0692138671875,351.71844482421875,359.8965148925781,368592
2011-05-19,310.37689208984375,345.5540466308594,356.67156982421875,343.6484069824219,355.3600158691406,1051702
2011-05-20,312.98248291015625,348.4549560546875,351.03179931640625,345.484619140625,345.793212890625,323324
2011-05-23,306.433837890625,341.16412353515625,347.18194580078125,338.6952819824219,347.1742248535156,428889
2011-05-24,308.6375427246094,343.6175537109375,346.84246826171875,340.2383117675781,342.8614501953125,146199
2011-05-25,311.1737976074219,346.4412841796875,347.1742248535156,341.00982666015625,343.6175537109375,194163
2011-05-26,312.386474609375,347.79144287109375,351.8418884277344,341.7890625,346.4104309082031,751857
2011-05-27,311.8320617675781,347.1742248535156,353.19976806640625,344.25018310546875,348.8715515136719,259281
2011-05-30,311.0975646972656,346.3564147949219,349.4964904785156,344.28875732421875,345.793212890625,112991
2011-05-31,319.1499938964844,355.3214416503906,358.60809326171875,345.638916015625,347.9534606933594,237765
2011-06-01,322.8573303222656,359.44903564453125,360.6603088378906,352.00390625,352.00390625,128597
2011-06-02,315.96923828125,351.7801818847656,359.03240966796875,350.42230224609375,354.9048156738281,218044
2011-06-03,315.8236389160156,351.6181640625,354.8970947265625,347.3670959472656,350.26800537109375,178175
2011-06-06,315.8791198730469,351.67987060546875,353.35406494140625,349.04901123046875,353.35406494140625,71806
2011-06-07,317.0432434082031,352.97601318359375,356.09295654296875,348.9564208984375,351.03179931640625,190689
2011-06-08,317.0918273925781,353.030029296875,356.44012451171875,351.22467041015625,352.5825500488281,165479
2011-06-09,315.1583251953125,350.87750244140625,352.8911437988281,348.8792724609375,351.81103515625,163632
2011-06-10,309.1572265625,344.1961669921875,351.81103515625,343.03118896484375,351.0395202636719,188926
2011-06-13,306.9119567871094,341.69647216796875,344.1036071777344,340.3926086425781,344.09588623046875,228751
2011-06-14,308.33953857421875,343.2857971191406,347.49053955078125,341.20269775390625,344.09588623046875,202672
2011-06-15,305.4498291015625,340.0685729980469,347.02764892578125,338.6952819824219,345.638916015625,260007
2011-06-16,299.3932189941406,333.3255310058594,339.466796875,331.1344299316406,339.466796875,442557
2011-06-17,291.9644470214844,325.05487060546875,334.6371154785156,323.1955261230469,333.294677734375,559664
2011-06-20,279.0682067871094,310.6969909667969,329.43707275390625,305.8595886230469,325.2709045410156,1129854
2011-06-21,283.3438720703125,315.45721435546875,317.4014587402344,305.81329345703125,312.4637451171875,348223
2011-06-22,285.2703857421875,317.60205078125,321.644775390625,314.7782897949219,315.5575256347656,342818
2011-06-23,281.95794677734375,313.9141845703125,319.206787109375,312.4637451171875,316.3598937988281,227578
2011-06-24,289.5321044921875,322.34686279296875,323.3189697265625,311.3836364746094,316.3135986328125,546094
2011-06-27,286.8711242675781,319.3842468261719,326.11956787109375,318.6358642578125,319.4073791503906,539574
2011-06-28,287.4809265136719,320.06317138671875,322.1076965332031,316.93853759765625,316.93853759765625,400387
2011-06-29,290.9320068359375,323.90533447265625,325.39434814453125,320.9504089355469,321.413330078125,657031
2011-06-30,290.474609375,323.3961181640625,327.81689453125,320.9504089355469,326.35101318359375,552808
2011-07-01,294.8611145019531,328.2798156738281,329.43707275390625,316.0127258300781,323.812744140625,913403
2011-07-04,297.4112854003906,331.1189880371094,331.75164794921875,326.35101318359375,328.3569641113281,284738
2011-07-05,305.7962646484375,340.4543151855469,341.00982666015625,329.8074035644531,329.8074035644531,821104
2011-07-06,306.8634948730469,341.6424560546875,344.7131042480469,338.8650207519531,340.25372314453125,341723
2011-07-07,310.58477783203125,345.7854919433594,346.9813537597656,341.0561218261719,341.0561218261719,451144
2011-07-08,300.2871398925781,334.3207702636719,348.6941223144531,331.6127624511719,347.1356506347656,370776
2011-07-11,302.608642578125,336.9053649902344,337.9083251953125,328.7195739746094,333.294677734375,991561
2011-07-12,302.01953125,336.24957275390625,341.47271728515625,334.15106201171875,336.2187194824219,243980
2011-07-13,301.51373291015625,335.6863708496094,339.1658935546875,334.0661926269531,334.0661926269531,318101
2011-07-14,301.998779296875,336.2264099121094,339.466796875,331.75164794921875,335.7635192871094,360472
2011-07-15,299.5595397949219,333.51068115234375,338.6643981933594,332.8317565917969,333.8578796386719,494079
2011-07-18,300.5574035644531,334.6216735839844,337.0596618652344,333.603271484375,333.603271484375,257434
2011-07-19,302.3798828125,336.6507568359375,338.23236083984375,334.0661926269531,334.83770751953125,346655
2011-07-20,299.219970703125,333.1326599121094,338.6952819824219,332.06024169921875,337.1522521972656,295561
2011-07-21,299.3239440917969,333.2483825683594,336.02581787109375,331.75164794921875,333.294677734375,288536
2011-07-22,307.7919921875,342.6763000488281,343.3243713378906,333.5338439941406,333.641845703125,855070
2011-07-25,305.6716003417969,340.3154602050781,342.8460388183594,338.57183837890625,342.8460388183594,356026
2011-07-26,302.7818603515625,337.0982360839844,343.3243713378906,336.3961486816406,341.6270446777344,541920
2011-07-27,300.25250244140625,334.2821960449219,338.9653015136719,328.8276062011719,338.68756103515625,529892
2011-07-28,305.84478759765625,340.5083312988281,342.5220031738281,329.43707275390625,334.2204895019531,835751
2011-07-29,304.3548278808594,338.8495788574219,345.4383239746094,336.58905029296875,339.4436340332031,419602
2011-08-01,304.6044006347656,339.1273193359375,344.8674011230469,338.170654296875,339.64422607421875,480703
2011-08-02,305.5953063964844,340.2305908203125,342.3368225097656,333.448974609375,339.3125,570779
2011-08-03,304.8538818359375,339.4050598144531,341.00982666015625,336.388427734375,338.23236083984375,351976
2011-08-04,298.9150695800781,332.7931823730469,340.90179443359375,331.1575622558594,339.466796875,334555
2011-08-05,291.9506530761719,325.0394592285156,329.6916809082031,322.4934387207031,329.6916809082031,746906
2011-08-08,290.3428955078125,323.2495422363281,326.72906494140625,310.92071533203125,310.92071533203125,780807
2011-08-09,298.5963134765625,332.43829345703125,337.76947021484375,316.3213195800781,320.1480407714844,639410
2011-08-10,292.3872375488281,325.5255126953125,337.8774719238281,323.4655456542969,337.8774719238281,399804
2011-08-11,290.89044189453125,323.8590393066406,329.7225341796875,321.837646484375,325.5255126953125,375481
2011-08-12,291.0774841308594,324.0673522949219,329.2519226074219,318.2655334472656,329.2519226074219,422259
2011-08-16,290.5231018066406,323.45013427734375,328.6655578613281,321.413330078125,327.1225280761719,157061
2011-08-17,293.03167724609375,326.2430114746094,331.4430236816406,323.4192810058594,325.8572692871094,330200
2011-08-18,290.280517578125,323.1800842285156,328.3338317871094,321.413330078125,325.1166076660156,364633
2011-08-19,288.51348876953125,321.2127380371094,325.5794982910156,319.4305419921875,320.02459716796875,373842
2011-08-22,292.21392822265625,325.3326110839844,327.27685546875,315.41864013671875,321.2667541503906,404722
2011-08-23,293.8978271484375,327.2073974609375,328.5112609863281,322.73260498046875,327.1225280761719,132466
2011-08-24,295.6026306152344,329.1053466796875,332.21453857421875,323.4424133300781,327.2073974609375,517500
2011-08-25,299.67730712890625,333.641845703125,335.6092224121094,327.27685546875,329.28277587890625,556897
2011-08-26,290.0588073730469,322.9332275390625,337.1522521972656,319.71600341796875,333.603271484375,271433
2011-08-29,297.8616943359375,331.6204833984375,333.294677734375,324.044189453125,324.044189453125,286118
2011-08-30,302.8372802734375,337.15997314453125,338.6952819824219,332.7160339355469,337.6922912597656,306792
2011-09-02,300.0445556640625,334.0507507324219,338.6798400878906,324.36822509765625,337.1522521972656,596857
2011-09-05,304.3687438964844,338.8650207519531,339.466796875,328.6655578613281,330.21630859375,446776
2011-09-06,302.1207275390625,332.40740966796875,335.9178161621094,328.6809997558594,335.9178161621094,827773
2011-09-07,310.3880615234375,341.50360107421875,343.3089294433594,333.6109924316406,335.4240417480469,697121
2011-09-08,314.5673828125,346.1018371582031,348.7249755859375,337.92376708984375,343.1700744628906,734930
2011-09-09,302.2469482421875,332.5462951660156,351.81103515625,330.9801330566406,347.18194580078125,723880
2011-09-12,303.7265319824219,334.1741943359375,337.1522521972656,327.1225280761719,334.83770751953125,461047
2011-09-13,304.6451110839844,335.18487548828125,338.6952819824219,332.0293884277344,336.002685546875,233028
2011-09-14,310.1986999511719,341.2952880859375,343.94158935546875,328.70416259765625,335.6632080078125,635956
2011-09-15,318.57830810546875,350.514892578125,354.8970947265625,336.5350341796875,341.0021057128906,514467
2011-09-16,323.8304748535156,356.2935485839844,359.21759033203125,347.806884765625,350.5071716308594,641380
2011-09-19,318.7256164550781,350.6769104003906,354.8893737792969,349.6507873535156,353.1534729003906,249016
2011-09-20,325.3171081542969,357.92913818359375,359.21759033203125,348.9255676269531,350.8852233886719,317323
2011-09-21,330.4219665527344,363.5457763671875,365.54400634765625,354.8970947265625,357.983154296875,311251
2011-09-22,324.4124450683594,356.93389892578125,361.0614929199219,351.2401123046875,361.0614929199219,661892
2011-09-23,329.40521240234375,362.4270935058594,371.2069396972656,351.3558349609375,354.326171875,614180
2011-09-26,322.39996337890625,354.7196350097656,364.834228515625,349.0335693359375,364.834228515625,480450
2011-09-27,324.2862854003906,356.7950134277344,360.2976989746094,355.0513916015625,355.6145935058594,200598
2011-09-28,319.300537109375,351.3095397949219,358.7546691894531,349.88995361328125,357.0573425292969,229943
2011-09-29,326.9088134765625,359.68048095703125,367.03302001953125,348.4935302734375,349.8050842285156,1442764
2011-09-30,328.4234619140625,361.3469543457031,364.1552734375,351.9730529785156,358.021728515625,477689
2011-10-03,321.5514831542969,353.7861022949219,363.8466796875,345.9166564941406,363.8466796875,487371
2011-10-04,322.27374267578125,354.5807800292969,364.872802734375,350.3914489746094,352.62884521484375,544188
2011-10-05,325.9061279296875,358.5772399902344,359.9891052246094,352.17364501953125,354.7350769042969,761151
2011-10-07,327.4698181152344,360.2976989746094,369.5481872558594,356.3321228027344,359.3410339355469,666538
2011-10-10,325.8499755859375,358.5155029296875,362.30364990234375,355.36773681640625,360.2976989746094,665657
2011-10-11,327.2174377441406,360.01995849609375,364.1244201660156,358.137451171875,358.137451171875,382215
2011-10-12,335.7652282714844,369.42474365234375,370.3119812011719,359.9891052246094,359.9891052246094,345346
2011-10-13,326.2356872558594,358.9398498535156,372.5802307128906,356.60986328125,368.78436279296875,355242
2011-10-14,333.7247009277344,367.17962646484375,368.32147216796875,358.6158142089844,362.22650146484375,445480
2011-10-17,327.5399169921875,360.3748474121094,368.63006591796875,359.52618408203125,367.3956604003906,274537
2011-10-18,327.0069885253906,359.78851318359375,364.6181945800781,358.0063171386719,358.7546691894531,339630
2011-10-19,330.0643615722656,363.1523132324219,366.3155212402344,359.5802001953125,362.7356872558594,425078
2011-10-20,325.2609558105469,357.867431640625,363.67694091796875,356.8876037597656,363.67694091796875,216567
2011-10-21,321.0957946777344,353.2846374511719,361.3778381347656,351.81103515625,358.6389465332031,431287
2011-10-24,330.660400390625,363.80810546875,365.54400634765625,355.2134094238281,355.2134094238281,314750
2011-10-25,344.3551940917969,378.87579345703125,382.0081481933594,363.83123779296875,363.83123779296875,1076316
2011-10-28,358.6180114746094,394.56842041015625,403.06280517578125,386.0663146972656,386.0663146972656,693498
2011-10-31,347.8683166503906,382.7410888671875,393.46514892578125,381.1286315917969,393.1642761230469,234985
2011-11-01,349.35498046875,384.376708984375,387.97967529296875,378.8140869140625,382.6253662109375,251414
2011-11-02,347.2161865234375,382.0235900878906,385.6034240722656,380.1025085449219,383.2657165527344,175362
2011-11-03,351.2342224121094,386.4443664550781,388.0105285644531,375.5736999511719,381.12091064453125,206917
2011-11-04,353.61126708984375,389.059814453125,391.729248046875,385.7577209472656,385.7577209472656,335689
2011-11-08,353.4009094238281,388.8283386230469,390.37908935546875,386.07403564453125,388.6894836425781,211927
2011-11-09,345.5121765136719,380.1488037109375,393.4728698730469,377.1167297363281,391.1583251953125,414262
2011-11-11,346.6551513671875,381.4063720703125,386.0663146972656,378.2431640625,382.6562194824219,289631
2011-11-14,343.9764709472656,378.45916748046875,385.4490966796875,376.6924133300781,379.60101318359375,171817
2011-11-15,344.31304931640625,378.8294982910156,382.6253662109375,372.3487854003906,378.8063659667969,478869
2011-11-16,335.1271057128906,368.72265625,379.1921081542969,365.1505432128906,379.1921081542969,533864
2011-11-17,327.3575439453125,360.17425537109375,374.1695556640625,355.8383483886719,368.8846740722656,483029
2011-11-18,327.3296203613281,360.1434020996094,362.45794677734375,351.0395202636719,358.2917785644531,202095
2011-11-21,319.0691833496094,351.0549621582031,359.21759033203125,347.5368347167969,355.6917724609375,382668
2011-11-22,322.6734313964844,355.0205383300781,357.983154296875,351.0395202636719,354.1255798339844,240442
2011-11-23,317.9121398925781,349.7819519042969,354.1255798339844,344.55877685546875,350.26800537109375,740484
2011-11-24,324.8822937011719,357.4508056640625,360.9149169921875,340.25372314453125,348.1077575683594,548971
2011-11-25,318.6063537597656,350.5457458496094,360.6063232421875,346.4875793457031,350.42230224609375,319941
2011-11-28,324.7139892578125,357.2656555175781,357.983154296875,350.669189453125,354.7427978515625,162044
2011-11-29,325.4993591308594,358.1297607421875,360.305419921875,353.0608825683594,357.2116394042969,267642
2011-11-30,328.3393249511719,361.25439453125,362.61224365234375,350.19085693359375,356.13153076171875,379551
2011-12-01,340.7018737792969,374.856201171875,378.5594787597656,364.6027526855469,366.5083923339844,427872
2011-12-02,343.7872009277344,378.2508850097656,384.28411865234375,372.0247497558594,374.856201171875,495135
2011-12-05,344.0887145996094,378.5826110839844,383.85980224609375,374.19268798828125,378.2508850097656,189749
2011-12-07,340.4424133300781,374.57073974609375,381.12091064453125,372.66510009765625,376.5303955078125,207124
2011-12-08,338.0793151855469,371.9707336425781,381.2135009765625,369.4015808105469,373.4134826660156,377691
2011-12-09,338.23345947265625,372.1404724121094,375.4194030761719,364.5024719238281,368.7535095214844,425253
2011-12-12,325.46429443359375,358.0911560058594,374.0306701660156,354.13330078125,373.5677795410156,953850
2011-12-13,338.5771179199219,372.5185241699219,376.4995422363281,351.81103515625,353.5546569824219,628043
2011-12-14,335.9054870605469,369.57904052734375,372.0247497558594,367.0870361328125,372.0247497558594,596138
2011-12-15,332.39239501953125,365.7137451171875,369.5635986328125,360.55230712890625,364.1552734375,383654
2011-12-16,332.3993835449219,365.7214660644531,370.2425537109375,362.76654052734375,367.0793151855469,405740
2011-12-19,334.6573181152344,368.20574951171875,370.327392578125,357.2116394042969,363.3914794921875,446037
2011-12-20,329.13873291015625,362.1339111328125,371.86273193359375,359.52618408203125,371.86273193359375,380841
2011-12-21,334.0613098144531,367.5499572753906,370.890625,363.2294616699219,365.7908935546875,412927
2011-12-22,338.072265625,371.9630126953125,373.4134826660156,364.1552734375,365.69061279296875,390394
2011-12-23,344.44635009765625,378.9761047363281,381.745849609375,372.1790466308594,372.1790466308594,415072
2011-12-26,347.4895935058594,382.324462890625,384.1992492675781,379.4312744140625,379.5701599121094,235050
2011-12-27,347.0759582519531,381.8692626953125,384.6004333496094,378.82177734375,382.208740234375,189892
2011-12-28,344.90911865234375,379.48529052734375,382.6562194824219,377.27105712890625,381.1286315917969,194124
2011-12-29,352.7628173828125,388.12628173828125,393.1642761230469,374.49359130859375,379.4312744140625,1240467
2011-12-30,349.0323181152344,384.0218200683594,386.5060729980469,378.2508850097656,385.71142578125,395008
2012-01-02,339.12408447265625,373.12030029296875,383.8906555175781,370.327392578125,381.745849609375,193865
2012-01-03,344.22900390625,378.7369384765625,379.2615661621094,370.49713134765625,373.5677795410156,526010
2012-01-04,337.61651611328125,371.4615478515625,380.51141357421875,368.78436279296875,380.51141357421875,555199
2012-01-05,336.9432678222656,370.72088623046875,374.6401672363281,366.4698181152344,372.4876403808594,607447
2012-01-06,339.18023681640625,373.1820068359375,375.5736999511719,367.71197509765625,372.47991943359375,414599
2012-01-09,342.64422607421875,376.9932861328125,378.8063659667969,369.0929870605469,370.83660888671875,214000
2012-01-10,344.2499694824219,378.76007080078125,379.8941955566406,373.1048583984375,376.85443115234375,530702
2012-01-11,337.0765686035156,370.8674621582031,378.5826110839844,368.78436279296875,378.0425720214844,374360
2012-01-12,344.7127990722656,379.2692565917969,382.6716613769531,369.1546936035156,371.87042236328125,293493
2012-01-13,347.5948486328125,382.440185546875,387.59393310546875,379.1998291015625,381.900146484375,629974
2012-01-16,349.4109802246094,384.43841552734375,385.7577209472656,378.0425720214844,378.0425720214844,217390
2012-01-17,356.97711181640625,392.7630615234375,395.0158996582031,383.8752136230469,383.90606689453125,704943
2012-01-18,347.52471923828125,382.363037109375,394.2366638183594,380.3802490234375,394.2366638183594,172880
2012-01-19,352.04754638671875,387.3393249511719,389.3066711425781,382.6716613769531,384.05267333984375,195867
2012-01-20,349.09552001953125,384.09124755859375,389.43011474609375,382.0852966308594,386.52923583984375,184850
2012-01-23,353.9829406738281,389.46868896484375,393.11798095703125,382.67938232421875,383.75177001953125,244078
2012-01-24,348.81494140625,383.7826232910156,396.66693115234375,379.75531005859375,391.1274719238281,464190
2012-01-25,348.44329833984375,383.37371826171875,390.3868103027344,380.7120056152344,386.83782958984375,764501
2012-01-27,361.7875671386719,398.0556640625,401.172607421875,383.59747314453125,384.8319091796875,717574
2012-01-30,362.5307922363281,398.87347412109375,402.5767517089844,393.7891845703125,397.88592529296875,455415
2012-01-31,366.3805236816406,403.1091003417969,407.90020751953125,395.0930480957031,399.6449890136719,670667
2012-02-01,372.7124938964844,410.07586669921875,412.7530517578125,402.2912902832031,403.957763671875,638042
2012-02-02,374.06591796875,411.5649108886719,414.0569152832031,408.13165283203125,411.3565979003906,885309
2012-02-03,384.1003723144531,422.60528564453125,425.72222900390625,411.21771240234375,411.8349304199219,1275561
2012-02-06,394.65374755859375,434.21661376953125,445.9205017089844,421.255126953125,428.6076965332031,1316707
2012-02-07,395.8598327636719,435.5436096191406,438.8919677734375,428.96258544921875,434.82611083984375,1050089
2012-02-08,401.72210693359375,441.99346923828125,444.39288330078125,433.2984924316406,435.9062194824219,1101494
2012-02-09,396.3717346191406,436.1068115234375,444.7015075683594,432.6427001953125,442.695556640625,257434
2012-02-10,397.4024963378906,437.2409362792969,442.8421325683594,433.95428466796875,439.6094970703125,474935
2012-02-13,399.46405029296875,439.5091857910156,441.30682373046875,434.83380126953125,438.52935791015625,300032
2012-02-14,397.4165344238281,437.2563781738281,443.6213684082031,435.9216613769531,438.98455810546875,209082
2012-02-15,396.5049743652344,436.2533874511719,442.0783386230469,434.5406494140625,438.22076416015625,494753
2012-02-16,397.851318359375,437.7347106933594,442.0783386230469,430.90679931640625,432.04864501953125,286630
2012-02-17,403.62933349609375,444.0920104980469,446.6611328125,434.16259765625,441.1833801269531,602159
2012-02-21,399.2887878417969,439.3163146972656,451.7994384765625,438.8379821777344,445.4730224609375,440114
2012-02-22,391.3720397949219,430.60589599609375,442.44866943359375,424.6498107910156,442.44866943359375,530015
2012-02-23,383.5463562011719,421.99578857421875,430.60589599609375,417.31268310546875,430.60589599609375,528058
2012-02-24,381.75128173828125,420.0207214355469,429.7341003417969,417.5441589355469,422.03436279296875,554259
2012-02-27,381.2603759765625,419.48065185546875,422.7827453613281,413.5322570800781,422.0189514160156,486996
2012-02-28,384.7104797363281,423.2765197753906,428.491943359375,419.2414855957031,419.2414855957031,272074
2012-02-29,388.6933288574219,427.6587219238281,430.505615234375,423.9168701171875,423.9168701171875,240721
2012-03-01,385.4046630859375,424.0403137207031,432.35723876953125,420.946533203125,428.144775390625,200080
2012-03-02,381.1973571777344,419.4112243652344,430.505615234375,416.8189392089844,428.6539611816406,236294
2012-03-05,379.0024719238281,416.9963684082031,418.161376953125,410.4770812988281,417.5441589355469,351036
2012-03-06,375.9731750488281,413.6634216308594,422.4818420410156,411.9969482421875,412.3132629394531,471040
2012-03-07,371.3522033691406,408.5791320800781,414.30377197265625,407.4372863769531,411.9815368652344,188641
2012-03-09,380.61529541015625,418.7708740234375,419.70440673828125,409.0574951171875,410.7471008300781,510488
2012-03-12,385.8393249511719,424.5186462402344,425.87652587890625,418.6705627441406,420.46820068359375,435675
2012-03-13,392.6341857910156,431.99462890625,434.2088928222656,427.2652587890625,427.2652587890625,468448
2012-03-14,391.86285400390625,431.1459655761719,439.7560729980469,428.96258544921875,438.22076416015625,416939
2012-03-15,391.5403137207031,430.79107666015625,435.9062194824219,425.5679016113281,429.3946228027344,387756
2012-03-16,386.99639892578125,425.7916564941406,437.2795104980469,421.8723449707031,432.04864501953125,224182
2012-03-19,380.951904296875,419.14117431640625,428.6925354003906,417.1120910644531,428.6539611816406,310369
2012-03-20,377.11614990234375,414.9209899902344,423.09906005859375,412.7607421875,423.09906005859375,1016395
2012-03-21,382.4173889160156,420.753662109375,422.3275451660156,412.9613342285156,414.9209899902344,968250
2012-03-22,379.03753662109375,417.0349426269531,421.2474365234375,411.21771240234375,421.2474365234375,486134
2012-03-23,377.8805847167969,415.761962890625,418.0765075683594,412.7607421875,415.0830078125,321004
2012-03-26,370.2161560058594,407.32928466796875,415.0752868652344,404.47467041015625,414.5120849609375,418151
2012-03-27,366.9204406738281,403.7031555175781,411.1637268066406,400.57080078125,409.1114807128906,555620
2012-03-28,362.2503662109375,398.56488037109375,403.957763671875,395.63311767578125,403.9500427246094,484513
2012-03-29,365.7353820800781,402.3992919921875,408.3322448730469,392.7090759277344,398.10968017578125,794993
2012-03-30,368.4280090332031,405.3619079589844,409.8290100097656,401.95953369140625,408.3785400390625,384315
2012-04-02,367.3692626953125,404.1969299316406,408.5019836425781,399.6449890136719,403.0396728515625,450237
2012-04-03,370.69305419921875,407.8539123535156,410.4461975097656,405.8556823730469,408.4402770996094,229859
2012-04-04,370.9384765625,408.1239318847656,408.7488708496094,401.95953369140625,406.742919921875,947641
2012-04-09,364.9920959472656,401.58148193359375,408.4402770996094,399.02777099609375,406.434326171875,261057
2012-04-10,364.7046203613281,401.2651672363281,404.266357421875,399.9613037109375,403.1939697265625,372533
2012-04-11,360.8899841308594,397.0681457519531,401.1880187988281,392.85565185546875,401.1880187988281,581835
2012-04-12,362.9866638183594,399.3749694824219,400.8794250488281,394.2521057128906,394.2521057128906,236839
2012-04-13,370.2933044433594,407.4141540527344,411.6806335449219,401.0491638183594,401.0491638183594,411948
2012-04-16,365.8476257324219,402.5227355957031,409.5203857421875,400.43194580078125,407.3601379394531,182705
2012-04-17,373.4417724609375,410.8782653808594,412.6064453125,391.9298400878906,402.53045654296875,328126
2012-04-18,373.8064880371094,411.2794494628906,414.7666931152344,409.9833068847656,411.25628662109375,350129
2012-04-19,374.1920471191406,411.7037658691406,414.3655090332031,407.7536315917969,412.1435546875,305956
2012-04-20,373.28753662109375,410.7085266113281,411.6806335449219,406.8895263671875,411.6497802734375,567033
2012-04-23,362.48870849609375,398.8271789550781,411.81951904296875,397.3304443359375,409.0497741699219,245348
2012-04-24,356.0515441894531,391.7446594238281,403.0396728515625,390.5411071777344,399.02777099609375,202918
2012-04-25,353.68841552734375,389.1446533203125,394.128662109375,382.9802551269531,391.6212463378906,174209
2012-04-26,351.8582458496094,387.1310119628906,397.1761474609375,383.08056640625,389.76959228515625,580396
2012-04-27,355.3363342285156,390.9577331542969,393.3185729980469,381.900146484375,388.8283386230469,314646
2012-04-30,359.6488342285156,395.7025451660156,398.41827392578125,389.61529541015625,390.3868103027344,252412
2012-05-02,351.6829833984375,386.9381408691406,400.7251281738281,384.59271240234375,393.4805908203125,254538
2012-05-03,347.1741943359375,381.977294921875,388.6354675292969,380.82000732421875,385.9120178222656,183321
2012-05-04,339.12408447265625,373.12030029296875,381.900146484375,370.64373779296875,381.8924255371094,155259
2012-05-07,349.4881286621094,384.5232849121094,389.46099853515625,357.6822814941406,367.0484619140625,358761
2012-05-08,346.7884826660156,381.5529479980469,390.0473327636719,378.6520690917969,385.7577209472656,335774
2012-05-09,345.4140319824219,380.040771484375,382.9802551269531,368.02056884765625,373.8763732910156,527358
2012-05-10,347.4545593261719,382.285888671875,385.7577209472656,378.8140869140625,380.040771484375,173859
2012-05-11,335.3023986816406,368.91552734375,384.3689880371094,366.03778076171875,378.6983642578125,357776
2012-05-14,327.4837951660156,360.3131408691406,368.02056884765625,357.6668395996094,367.41107177734375,254045
2012-05-15,331.2704162597656,364.47930908203125,368.0128479003906,353.35406494140625,358.2994689941406,179510
2012-05-16,326.94384765625,359.71905517578125,366.03778076171875,355.0513916015625,362.627685546875,256229
2012-05-17,323.6691589355469,356.1160888671875,360.1434020996094,354.8970947265625,359.21759033203125,223553
2012-05-18,332.4344787597656,365.7600402832031,369.2472839355469,350.900634765625,353.338623046875,278270
2012-05-21,337.7917785644531,371.6544189453125,373.0971374511719,365.8294677734375,367.7042541503906,135117
2012-05-22,335.5478210449219,369.1855773925781,377.641357421875,364.89593505859375,374.33929443359375,554655
2012-05-23,334.1243896484375,367.619384765625,371.40753173828125,361.2235107421875,365.8526306152344,1071430
2012-05-24,335.73724365234375,369.39385986328125,371.87042236328125,362.9208679199219,365.8526306152344,181273
2012-05-25,333.0094299316406,366.3926696777344,370.018798828125,362.9208679199219,366.9327392578125,233209
2012-05-28,338.275634765625,372.186767578125,374.79449462890625,368.4063415527344,369.0929870605469,237701
2012-05-29,334.51007080078125,368.0437316894531,375.4194030761719,365.69830322265625,370.365966796875,198142
2012-05-30,330.9338684082031,364.1089782714844,369.38616943359375,362.627685546875,369.38616943359375,252360
2012-05-31,323.4027404785156,355.8229064941406,367.9974365234375,353.4003601074219,363.5457763671875,872412
2012-06-01,314.98809814453125,346.5647277832031,359.5184631347656,345.484619140625,355.0513916015625,326610
2012-06-04,314.4201354980469,345.9397888183594,351.0626525878906,341.00982666015625,345.4768981933594,329286
2012-06-05,324.1390380859375,356.63299560546875,357.983154296875,347.4982604980469,348.47808837890625,435558
2012-06-06,327.04205322265625,359.82708740234375,362.9208679199219,351.82647705078125,358.5232238769531,558355
2012-06-07,323.9496765136719,356.4247131347656,362.61224365234375,355.0513916015625,362.61224365234375,565640
2012-06-08,323.6130676269531,356.05438232421875,358.7469482421875,348.93328857421875,355.7457580566406,481137
2012-06-11,328.1990051269531,361.1000671386719,363.5072021484375,357.983154296875,357.983154296875,357484
2012-06-12,333.9771423339844,367.4573669433594,368.78436279296875,356.44012451171875,361.8407287597656,245691
2012-06-13,332.76397705078125,366.1226501464844,369.710205078125,364.1552734375,368.0128479003906,193690
2012-06-14,329.0755920410156,362.0644836425781,370.0110778808594,360.6063232421875,368.0128479003906,396472
2012-06-15,348.6186218261719,383.5666198730469,386.83782958984375,362.30364990234375,362.30364990234375,528693
2012-06-18,343.1560974121094,377.5565185546875,389.61529541015625,375.1108093261719,384.0603942871094,271608
2012-06-19,347.7420959472656,382.6022033691406,386.52923583984375,374.9410705566406,375.1185302734375,653706
2012-06-20,350.5680236816406,385.71142578125,389.46099853515625,376.0443420410156,376.0443420410156,731599
2012-06-21,351.1710510253906,386.37493896484375,387.8948059082031,381.1363220214844,384.2146911621094,385332
2012-06-22,354.3546142578125,389.8775939941406,391.0040283203125,370.92919921875,377.1167297363281,754106
2012-06-25,346.32562255859375,381.04376220703125,391.9298400878906,379.71673583984375,389.8775939941406,367892
2012-06-26,355.546630859375,391.1891784667969,392.85565185546875,381.1131896972656,381.1131896972656,396395
2012-06-27,359.36126708984375,395.38623046875,414.7666931152344,389.021240234375,392.70135498046875,585723
2012-06-28,360.9670104980469,397.1529846191406,401.1880187988281,393.7814636230469,397.73162841796875,381372
2012-06-29,370.3704833984375,407.4990234375,410.83197021484375,397.4770202636719,398.24853515625,554726
2012-07-02,381.0640563964844,419.2646179199219,425.1050109863281,404.5981140136719,407.5144348144531,540481
2012-07-03,378.24517822265625,416.16314697265625,421.100830078125,412.4521484375,421.100830078125,753983
2012-07-04,375.54547119140625,413.19281005859375,416.4486083984375,410.3459167480469,416.3097229003906,415357
2012-07-05,373.5469665527344,410.9939880371094,416.61834716796875,409.3738098144531,413.5322570800781,591174
2012-07-06,375.447265625,413.08477783203125,416.39459228515625,409.99871826171875,413.3779602050781,816710
2012-07-09,369.395751953125,406.4266052246094,412.2978515625,400.7251281738281,412.2978515625,364036
2012-07-10,371.260986328125,408.4788513183594,410.052734375,402.2449951171875,405.3542175292969,431507
2012-07-11,369.5710754394531,406.6195068359375,412.1435546875,404.51324462890625,408.9031677246094,423193
2012-07-12,370.7701110839844,407.93878173828125,409.3660888671875,404.2740783691406,405.8171081542969,99071
2012-07-13,370.0409240722656,407.13641357421875,411.97381591796875,405.9868469238281,408.9031677246094,102097
2012-07-16,364.43115234375,400.96429443359375,409.85986328125,397.3612976074219,407.1132507324219,194966
2012-07-17,362.71319580078125,399.0740661621094,403.4485778808594,396.85211181640625,401.172607421875,168804
2012-07-18,368.54022216796875,405.4853515625,407.9927978515625,397.5618896484375,399.1897888183594,269502
2012-07-19,372.02532958984375,409.3197937011719,411.21771240234375,405.8171081542969,406.588623046875,121423
2012-07-20,369.5149841308594,406.5577697753906,411.7269287109375,404.2740783691406,407.3987121582031,180352
2012-07-23,366.51373291015625,403.25567626953125,408.3399658203125,401.6432189941406,402.7696228027344,293331
2012-07-24,365.99481201171875,402.68475341796875,411.21771240234375,401.0568542480469,404.2740783691406,242237
2012-07-25,369.5009765625,406.5423278808594,408.43255615234375,400.6942443847656,400.6942443847656,388883
2012-07-26,370.9525146484375,408.1393737792969,411.9892272949219,403.51800537109375,407.2058410644531,475732
2012-07-27,378.6028137207031,416.556640625,419.71209716796875,411.6806335449219,411.9892272949219,485447
2012-07-30,388.2304992675781,427.1495056152344,430.1969909667969,416.92694091796875,419.68896484375,969630
2012-07-31,402.5354309082031,442.888427734375,445.1643981933594,423.09906005859375,427.4581298828125,1586663
2012-08-01,406.2309265136719,446.954345703125,448.2504577636719,439.1465759277344,442.695556640625,688430
2012-08-02,409.26715087890625,450.29498291015625,451.0279235839844,442.849853515625,443.4670715332031,645139
2012-08-03,408.243408203125,449.1685791015625,451.3365173339844,445.3881530761719,446.0130615234375,924343
2012-08-06,408.8674621582031,449.8551940917969,455.039794921875,447.532958984375,450.71929931640625,415487
2012-08-07,410.8308410644531,452.01544189453125,453.18817138671875,445.519287109375,448.24273681640625,565957
2012-08-08,416.636962890625,458.4035949707031,459.82318115234375,451.03564453125,451.9460144042969,790593
2012-08-09,423.2214050292969,465.64813232421875,470.25408935546875,460.6101379394531,463.8350830078125,859224
2012-08-10,420.0028381347656,462.10687255859375,466.766845703125,459.8617858886719,465.22381591796875,510365
2012-08-13,418.4531555175781,460.4018249511719,464.4523010253906,455.4255676269531,462.13775634765625,399143
2012-08-14,422.611328125,464.9768981933594,466.766845703125,456.9145812988281,461.6748352050781,943668
2012-08-16,424.3363342285156,466.8748474121094,470.4546813964844,464.1436767578125,466.766845703125,603357
2012-08-17,423.8104248046875,466.29620361328125,467.89324951171875,462.3229064941406,465.22381591796875,400491
2012-08-21,427.3516540527344,470.1923522949219,472.93896484375,464.5140075683594,466.3039245605469,329818
2012-08-22,427.2324523925781,470.06121826171875,473.6333312988281,467.58465576171875,469.667724609375,973823
2012-08-23,424.8061828613281,467.3917541503906,472.8926696777344,465.18524169921875,470.6244201660156,272988
2012-08-24,425.12872314453125,467.7466735839844,469.0505065917969,462.9092712402344,469.0505065917969,301763
2012-08-27,429.3340148925781,467.8469543457031,468.30987548828125,462.9864196777344,464.6065979003906,311983
2012-08-28,426.04180908203125,464.2593994140625,469.0813903808594,459.9775085449219,468.0012512207031,327180
2012-08-29,426.18341064453125,464.4137268066406,466.4582214355469,461.4510803222656,464.2593994140625,565173
2012-08-30,421.39019775390625,459.1905517578125,465.9953308105469,454.67718505859375,461.5205383300781,999182
2012-08-31,423.3584899902344,461.3353576660156,462.9092712402344,456.73712158203125,459.82318115234375,234006
2012-09-03,421.5813903808594,459.39886474609375,462.9092712402344,457.6629638671875,462.5929260253906,145544
2012-09-04,419.8325500488281,457.4931945800781,459.6611633300781,455.3484191894531,456.7448425292969,238886
2012-09-05,414.40216064453125,451.57568359375,457.30804443359375,448.6825256347656,455.3484191894531,298853
2012-09-06,414.87646484375,452.09259033203125,455.6570129394531,445.4730224609375,450.5727233886719,770639
2012-09-07,421.0928039550781,458.86651611328125,462.199462890625,453.82080078125,455.194091796875,231375
2012-09-10,421.5318298339844,459.3448486328125,459.82318115234375,453.8130798339844,459.81549072265625,263060
2012-09-11,427.59228515625,465.94903564453125,467.4612121582031,455.51812744140625,458.2878723144531,523780
2012-09-12,426.6506652832031,464.92291259765625,468.77276611328125,462.9169616699219,466.766845703125,272658
2012-09-13,429.8932800292969,468.4564514160156,469.07366943359375,463.6807861328125,468.60302734375,453328
2012-09-14,440.5204162597656,480.0368957519531,481.5799255371094,470.8018493652344,471.39593505859375,553838
2012-09-17,438.67962646484375,478.03094482421875,486.0547180175781,475.4078063964844,481.4256286621094,397645
2012-09-18,440.3859558105469,479.89031982421875,484.4422607421875,475.2998046875,478.33184814453125,645191
2012-09-20,440.4567565917969,479.96746826171875,482.4671630859375,473.09326171875,473.09326171875,253669
2012-09-21,458.18524169921875,499.2862243652344,503.6684265136719,478.3472900390625,480.0368957519531,801694
2012-09-24,453.5760498046875,494.2636413574219,499.9419860839844,493.3995361328125,499.9419860839844,587020
2012-09-25,460.2808837890625,501.56988525390625,505.7283630371094,494.3948059082031,494.3948059082031,511609
2012-09-26,457.5126037597656,498.55328369140625,505.0880126953125,493.931884765625,501.63934326171875,547979
2012-09-27,460.5711975097656,501.88623046875,505.26544189453125,497.666015625,498.7153015136719,1109893
2012-09-28,469.3009033203125,511.3990173339844,516.6838989257812,503.375244140625,503.375244140625,540235
2012-10-01,480.5794372558594,523.689208984375,526.0192260742188,505.504638671875,505.504638671875,487760
2012-10-03,477.9881286621094,520.8655395507812,527.562255859375,518.7747192382812,524.4761962890625,725215
2012-10-04,481.1244812011719,524.2833251953125,530.5248413085938,521.77587890625,522.9331665039062,514493
2012-10-05,476.08355712890625,518.7901000976562,530.1854248046875,438.86883544921875,522.9331665039062,1000213
2012-10-08,467.1272888183594,509.0304260253906,520.3717041015625,507.0399475097656,516.6067504882812,259942
2012-10-09,468.7202453613281,510.766357421875,513.2120361328125,503.0280456542969,509.98712158203125,390957
2012-10-10,467.5804138183594,509.52423095703125,518.2963256835938,506.7159118652344,506.7159118652344,471571
2012-10-11,473.81787109375,516.3212280273438,518.6126708984375,509.6091003417969,509.9794006347656,299728
2012-10-12,479.7581787109375,522.7943115234375,527.716552734375,515.526611328125,517.8257446289062,333032
2012-10-15,484.650390625,528.1254272460938,529.8767700195312,520.92724609375,520.92724609375,290272
2012-10-16,490.5692443847656,534.5753173828125,536.6661376953125,529.2518920898438,529.2518920898438,1018320
2012-10-17,495.48992919921875,539.9373779296875,541.6038208007812,534.5753173828125,535.4317016601562,1834603
2012-10-18,492.73590087890625,536.9361572265625,541.2566528320312,530.9414672851562,540.8245849609375,769654
2012-10-19,483.177734375,526.5206909179688,538.2091674804688,524.699951171875,538.2091674804688,437282
2012-10-22,483.9920959472656,527.407958984375,530.8026123046875,523.71240234375,526.6749877929688,367743
2012-10-23,481.4431457519531,524.6304931640625,529.2595825195312,522.0690307617188,526.3278198242188,387963
2012-10-25,484.5654602050781,528.0328979492188,532.6542358398438,521.23583984375,522.7788696289062,720471
2012-10-29,478.724365234375,521.6678466796875,531.6666870117188,519.2298583984375,525.0933837890625,272113
2012-10-30,467.37506103515625,509.30047607421875,525.1782836914062,508.23577880859375,522.9331665039062,378449
2012-10-31,469.1239013671875,511.20611572265625,515.8043823242188,509.2001953125,509.9717102050781,267311
2012-11-01,474.25689697265625,516.7996215820312,518.7129516601562,506.1141357421875,510.9823913574219,209911
2012-11-02,476.033935546875,518.736083984375,522.300537109375,517.6868286132812,518.1497802734375,345793
2012-11-05,473.2019348144531,515.6500244140625,521.46728515625,514.6162109375,518.7669677734375,285431
2012-11-06,475.7720947265625,518.45068359375,524.6304931640625,509.6091003417969,515.6885986328125,500942
2012-11-07,481.76885986328125,524.9854125976562,526.9758911132812,514.4464721679688,515.063720703125,668897
2012-11-08,475.7366027832031,518.4120483398438,523.2726440429688,516.6761474609375,522.493408203125,449984
2012-11-09,476.033935546875,518.736083984375,523.0874633789062,515.526611328125,519.4613647460938,223754
2012-11-12,475.2481689453125,517.8797607421875,521.3438110351562,516.143798828125,518.7669677734375,117405
2012-11-15,457.6046142578125,498.653564453125,511.5147399902344,495.6755065917969,511.5147399902344,459057
2012-11-16,450.2413635253906,490.62982177734375,499.77227783203125,488.6778869628906,498.3989562988281,583358
2012-11-19,448.9386291503906,489.210205078125,493.76214599609375,487.60546875,491.9028015136719,267726
2012-11-20,447.6571350097656,487.81378173828125,490.1591796875,485.9930114746094,489.2950744628906,598944
2012-11-21,450.1918029785156,490.5758056640625,495.62152099609375,485.283203125,488.3692626953125,263021
2012-11-22,459.06317138671875,500.2428894042969,502.0713806152344,489.1407775878906,492.2268371582031,180553
2012-11-23,450.4609069824219,490.8689880371094,501.0066833496094,489.44940185546875,499.9419860839844,198434
2012-11-26,453.14410400390625,493.7929992675781,497.4422912597656,489.1407775878906,489.1407775878906,335320
2012-11-27,454.4044189453125,495.16632080078125,499.9419860839844,493.71588134765625,493.79302978515625,304964
2012-11-29,468.3450012207031,510.3574523925781,512.9034423828125,495.66009521484375,495.66009521484375,744839
2012-11-30,475.8357849121094,518.5200805664062,522.9331665039062,507.00909423828125,510.74322509765625,462712
2012-12-03,470.4832763671875,512.6874389648438,525.4019775390625,510.89752197265625,518.4583740234375,326338
2012-12-04,464.2882080078125,505.9366760253906,517.9569091796875,505.3426208496094,515.372314453125,409006
2012-12-05,466.3414306640625,508.174072265625,512.5022583007812,506.1141357421875,507.65716552734375,407788
2012-12-06,466.1573181152344,507.9734802246094,508.8915710449219,497.62744140625,507.65716552734375,704438
2012-12-07,459.95513916015625,501.2149963378906,509.2078857421875,500.0963134765625,509.2001953125,456231
2012-12-10,453.3495178222656,494.01678466796875,503.08978271484375,490.8381042480469,503.0280456542969,791947
2012-12-11,454.43280029296875,495.1971740722656,500.5592041015625,491.5016174316406,495.3128967285156,398430
2012-12-12,446.4252624511719,486.4713439941406,499.6102600097656,483.755615234375,495.4903564453125,699836
2012-12-13,444.1383361816406,483.9793395996094,488.6084289550781,481.4410705566406,484.218505859375,521532
2012-12-14,444.8251647949219,484.72772216796875,487.28143310546875,482.3514404296875,484.5502624511719,522413
2012-12-17,450.7794189453125,491.2161560058594,492.68975830078125,484.07965087890625,485.9930114746094,273889
2012-12-18,457.4417419433594,498.4761047363281,499.9342956542969,490.86126708984375,491.493896484375,382837
2012-12-19,457.8595275878906,498.9313049316406,500.7752380371094,495.50579833984375,500.6980895996094,247759
2012-12-20,457.1231689453125,498.1289367675781,501.1995544433594,493.9241638183594,498.93902587890625,343674
2012-12-21,454.6875915527344,495.47491455078125,501.1378479003906,490.97698974609375,496.08441162109375,518246
2012-12-24,449.1298522949219,489.41851806640625,499.0007629394531,487.2582702636719,495.62152099609375,798992
2012-12-26,448.90325927734375,489.171630859375,491.7639465332031,487.9140625,490.2209167480469,332572
2012-12-27,444.87469482421875,484.7817077636719,492.9829406738281,483.77874755859375,489.91229248046875,335547
2012-12-28,444.8818359375,484.7894287109375,490.02032470703125,483.16925048828125,486.67193603515625,381301
2012-12-31,448.8041076660156,489.0636291503906,489.8197021484375,484.5579833984375,485.26776123046875,687938
2013-01-01,453.04510498046875,493.68499755859375,493.8855895996094,489.68084716796875,489.68084716796875,512426
2013-01-02,452.0538635253906,492.6048889160156,498.25238037109375,491.609619140625,495.3128967285156,384859
2013-01-03,449.85198974609375,490.2054748535156,497.47314453125,489.1407775878906,493.7853088378906,296876
2013-01-04,451.6361083984375,492.1496887207031,496.0304260253906,486.0547180175781,489.8968811035156,365268
2013-01-07,450.949462890625,491.4013366699219,494.8191223144531,490.2209167480469,493.7698669433594,639228
2013-01-08,450.6307678222656,491.05413818359375,492.2268371582031,486.3170471191406,491.4090270996094,230701
2013-01-09,447.40936279296875,487.5437316894531,492.3965759277344,484.5271301269531,491.031005859375,492485
2013-01-10,442.7860412597656,482.5057373046875,491.262451171875,478.3395690917969,489.75799560546875,670401
2013-01-11,429.9570617675781,468.52587890625,482.7989196777344,464.6065979003906,482.7989196777344,622618
2013-01-14,433.532470703125,472.42205810546875,473.24755859375,463.0789794921875,469.0813903808594,299708
2013-01-15,436.810546875,475.9941711425781,478.03094482421875,463.0712890625,472.1674499511719,849438
2013-01-16,433.546630859375,472.4374694824219,480.65411376953125,470.78643798828125,476.6422424316406,241725
2013-01-17,436.00335693359375,475.1146240234375,476.9353942871094,463.6807861328125,470.1614990234375,280551
2013-01-18,432.1660461425781,470.9330139160156,480.1911926269531,469.0890808105469,475.2535095214844,340848
2013-01-21,429.0083312988281,467.4920654296875,473.5561828613281,464.6837463378906,469.7371826171875,522769
2013-01-22,427.882568359375,466.2653503417969,471.24163818359375,465.2160949707031,465.60955810546875,206217
2013-01-23,430.3960876464844,469.0042419433594,470.6244201660156,465.9953308105469,467.384033203125,194714
2013-01-24,421.6804504394531,459.5068664550781,470.3775329589844,456.9145812988281,469.0813903808594,424729
2013-01-25,427.3161926269531,465.64813232421875,467.2143249511719,455.194091796875,456.8914489746094,245827
2013-01-28,425.63116455078125,463.8119201660156,468.2635803222656,462.13775634765625,464.4523010253906,397665
2013-01-29,424.7743835449219,462.8783874511719,470.6089782714844,454.0831298828125,461.0884704589844,368579
2013-01-30,430.3251953125,468.92706298828125,471.1953430175781,462.60064697265625,462.60064697265625,187689
2013-01-31,425.63818359375,463.81964111328125,477.4831848144531,458.5887756347656,468.92706298828125,923312
2013-02-01,426.4665222167969,464.7223205566406,465.9953308105469,460.826171875,462.9169616699219,231550
2013-02-04,422.00616455078125,459.8617858886719,469.6986083984375,458.2801513671875,469.6986083984375,302625
2013-02-05,426.2966003417969,464.5371398925781,465.22381591796875,453.11102294921875,457.3543395996094,476263
2013-02-06,429.072021484375,467.5614929199219,469.0582275390625,460.1395263671875,462.18402099609375,675611
2013-02-07,433.192626953125,472.0517272949219,473.3710021972656,465.9953308105469,466.766845703125,716913
2013-02-08,426.6081237792969,464.8766174316406,473.4635925292969,461.4665222167969,470.6244201660156,203054
2013-02-11,430.08441162109375,468.6647644042969,470.9176025390625,457.5780944824219,463.2178649902344,535685
2013-02-12,430.4597473144531,469.07366943359375,472.1674499511719,464.676025390625,467.3686218261719,745591
2013-02-13,431.1819152832031,469.8606262207031,471.6891174316406,465.22381591796875,470.63983154296875,822925
2013-02-14,435.16796875,474.2042541503906,476.7965393066406,468.0783996582031,469.8451843261719,339844
2013-02-15,428.8738098144531,467.345458984375,472.3603210449219,463.2718811035156,471.39593505859375,264252
2013-02-18,428.5693664550781,467.01373291015625,469.9994812011719,463.41845703125,465.9953308105469,212283
2013-02-19,430.22607421875,468.8190612792969,470.6089782714844,463.0635681152344,466.921142578125,129835
2013-02-20,433.60333251953125,472.49920654296875,473.5561828613281,466.0415954589844,471.55023193359375,1535717
2013-02-21,426.45947265625,464.714599609375,476.3182067871094,461.3585205078125,469.397705078125,761779
2013-02-22,427.5215148925781,465.87188720703125,469.8529052734375,463.1021423339844,465.2546691894531,301439
2013-02-25,427.9888000488281,466.3810729980469,468.0012512207031,463.2178649902344,467.384033203125,429719
2013-02-26,431.5925598144531,470.30810546875,472.1674499511719,462.9092712402344,462.9092712402344,610895
2013-02-27,426.820556640625,465.1080627441406,472.0748596191406,462.9092712402344,472.0748596191406,238200
2013-02-28,418.5582275390625,456.1044921875,470.6244201660156,450.71929931640625,468.60302734375,1124753
2013-03-01,421.1211853027344,458.8973693847656,464.05108642578125,448.4047546386719,451.9537353515625,710906
2013-03-04,414.0624084472656,451.20538330078125,461.2119140625,447.63323974609375,456.73712158203125,614550
2013-03-05,426.1267395019531,464.35198974609375,468.0783996582031,447.9418640136719,453.49676513671875,285483
2013-03-06,429.37652587890625,467.89324951171875,468.92706298828125,461.4356689453125,466.766845703125,906307
2013-03-07,428.3286437988281,466.75140380859375,467.97039794921875,463.2333068847656,465.22381591796875,1513132
2013-03-08,428.817138671875,467.28375244140625,470.7787170410156,464.7608947753906,464.7608947753906,810923
2013-03-11,430.18359375,468.77276611328125,470.29266357421875,465.2469482421875,466.1496276855469,273863
2013-03-12,429.695068359375,468.24041748046875,472.0131530761719,465.4089660644531,469.1199645996094,562490
2013-03-13,422.8769836425781,460.81072998046875,469.6986083984375,459.0516662597656,466.766845703125,484092
2013-03-14,424.40631103515625,462.4772033691406,467.384033203125,454.1139831542969,461.0576171875,187727
2013-03-15,421.7725524902344,459.607177734375,467.036865234375,456.76800537109375,462.9092712402344,617453
2013-03-18,417.5174255371094,454.9703674316406,461.1965026855469,451.3365173339844,456.2819519042969,201311
2013-03-19,409.4461975097656,446.1750793457031,457.3543395996094,442.849853515625,457.3543395996094,469115
2013-03-20,411.4568786621094,448.3661804199219,452.100341796875,438.0587463378906,448.8368225097656,511869
2013-03-21,409.9488220214844,446.7228698730469,450.9276123046875,443.6213684082031,449.0296936035156,933571
2013-03-22,409.4603576660156,446.1905212402344,448.4124755859375,443.6522216796875,445.2029724121094,602074
2013-03-25,405.69378662109375,442.0860595703125,450.8736267089844,440.566162109375,450.8736267089844,313765
2013-03-26,399.9588623046875,435.8367919921875,445.1643981933594,432.8201599121094,443.92999267578125,736388
2013-03-28,398.3658752441406,434.1008605957031,435.89849853515625,432.0409240722656,435.7519226074219,384840
2013-04-01,397.77117919921875,433.45281982421875,436.05279541015625,429.8883972167969,434.1008605957031,375890
2013-04-02,396.5604553222656,432.1335144042969,434.2088928222656,429.42547607421875,433.5916748046875,439991
2013-04-03,393.2044982910156,428.4765319824219,432.12579345703125,424.73468017578125,431.7323303222656,535634
2013-04-04,385.9615783691406,420.58392333984375,427.1109313964844,416.77264404296875,425.1050109863281,346033
2013-04-05,384.5456237792969,419.0408935546875,422.5126953125,415.7696533203125,420.4759216308594,311153
2013-04-08,387.27142333984375,422.01123046875,424.33349609375,416.7803649902344,418.9714660644531,1030620
2013-04-09,389.402587890625,424.33349609375,427.1109313964844,421.72576904296875,425.0895690917969,434929
2013-04-10,388.2555236816406,423.0836181640625,428.106201171875,418.161376953125,428.106201171875,357069
2013-04-11,380.4038391113281,414.52752685546875,425.822509765625,411.4877624511719,424.33349609375,361049
2013-04-12,386.7971496582031,421.49432373046875,422.3275451660156,413.5322570800781,413.5322570800781,153243
2013-04-15,396.1639404296875,431.7014465332031,432.866455078125,416.0011291503906,417.5595703125,549587
2013-04-16,401.0776062011719,437.0557861328125,438.06646728515625,424.64208984375,427.4195556640625,252541
2013-04-17,400.3695373535156,436.2842712402344,440.3810119628906,427.4349670410156,438.205322265625,341263
2013-04-18,399.13763427734375,434.94183349609375,440.7899169921875,432.43438720703125,436.677734375,233689
2013-04-22,401.4598388671875,437.4723815917969,442.0552062988281,433.7459716796875,435.8830871582031,546113
2013-04-23,406.4230041503906,442.8807067871094,445.1643981933594,432.6658630371094,432.6658630371094,336746
2013-04-25,422.42388916015625,460.31695556640625,462.9092712402344,444.39288330078125,445.9359130859375,1341781
2013-04-26,413.0074157714844,450.0558166503906,461.6362609863281,447.5252380371094,460.5947265625,371476
2013-04-29,422.13360595703125,460.0006408691406,461.09619140625,450.6190185546875,450.6190185546875,131727
2013-04-30,415.0252990722656,452.254638671875,460.1318054199219,451.6451416015625,458.7662048339844,239580
2013-05-02,417.5032653808594,454.9549255371094,459.82318115234375,450.56500244140625,450.56500244140625,278866
2013-05-03,417.0289001464844,454.4380187988281,459.645751953125,451.4522399902344,451.6451416015625,304485
2013-05-06,416.30670166015625,453.65106201171875,461.6748352050781,448.2504577636719,454.4380187988281,521188
2013-05-07,427.4011535644531,465.74072265625,466.766845703125,453.66650390625,453.66650390625,490988
2013-05-08,430.006591796875,468.57989501953125,470.6244201660156,465.9953308105469,467.5383605957031,334821
2013-05-09,428.6259765625,467.075439453125,469.07366943359375,463.7116394042969,468.30987548828125,420587
2013-05-10,427.30908203125,465.6404113769531,469.0813903808594,461.6902770996094,468.30987548828125,227228
2013-05-13,426.509033203125,464.76861572265625,472.1674499511719,462.8475341796875,465.9953308105469,155408
2013-05-14,427.2453918457031,465.57098388671875,469.8529052734375,463.7347717285156,465.27008056640625,191538
2013-05-15,429.5534973144531,468.08612060546875,473.7104797363281,464.5680236816406,465.9953308105469,410983
2013-05-16,437.18572998046875,476.403076171875,482.74493408203125,468.0012512207031,468.0012512207031,612904
2013-05-17,442.77899169921875,482.498046875,486.3633117675781,476.4956359863281,478.3395690917969,622307
2013-05-20,443.08349609375,482.8298034667969,487.5977478027344,480.0523376464844,482.3514404296875,237863
2013-05-21,433.6598815917969,472.5609130859375,485.56866455078125,467.5383605957031,482.9686584472656,315826
2013-05-22,431.83319091796875,470.5704040527344,478.3395690917969,469.4054260253906,469.49029541015625,320745
2013-05-23,414.96856689453125,452.1929016113281,470.3157958984375,449.42315673828125,469.8529052734375,446873
2013-05-24,419.08209228515625,456.6754150390625,461.3662414550781,447.74127197265625,453.859375,344529
2013-05-27,423.6416931152344,461.64398193359375,462.60064697265625,449.19171142578125,456.73712158203125,366862
2013-05-28,420.5476989746094,458.2724609375,462.56207275390625,451.8688659667969,459.8617858886719,262036
2013-05-29,409.6444091796875,446.39111328125,461.3585205078125,445.1643981933594,457.6629638671875,360154
2013-05-30,417.92095947265625,455.4101257324219,458.8973693847656,443.40533447265625,445.1643981933594,616332
2013-05-31,404.1361389160156,440.38873291015625,454.44573974609375,438.6913757324219,454.4225769042969,216515
2013-06-03,394.8683166503906,430.2895812988281,443.4130554199219,426.9720764160156,440.8824768066406,399233
2013-06-04,389.44500732421875,424.3797912597656,434.98040771484375,422.79046630859375,431.1228332519531,248815
2013-06-05,392.4541015625,427.6587219238281,428.9471435546875,421.4017333984375,423.7239990234375,340790
2013-06-06,393.23992919921875,428.5151062011719,431.89434814453125,423.0913391113281,427.40411376953125,273163
2013-06-07,393.88421630859375,429.2171630859375,432.866455078125,425.2593078613281,427.4195556640625,261705
2013-06-10,394.0541076660156,429.40234375,433.2830505371094,426.5708923339844,427.82073974609375,173087
2013-06-11,395.3922119140625,430.8605041503906,434.5174865722656,424.33349609375,428.1756286621094,646856
2013-06-12,393.7000732421875,429.0165710449219,432.96673583984375,425.9073791503906,428.96258544921875,396570
2013-06-13,388.89984130859375,423.78570556640625,427.4195556640625,421.2628479003906,427.4195556640625,505693
2013-06-14,393.6789245605469,428.9934387207031,430.505615234375,423.307373046875,426.18511962890625,217364
2013-06-17,397.56585693359375,433.22906494140625,436.369140625,424.33349609375,431.5625915527344,294504
2013-06-18,394.01873779296875,429.36376953125,434.3631896972656,427.5738525390625,434.3631896972656,470172
2013-06-19,394.5850830078125,429.9809875488281,431.6474609375,424.3257751464844,428.1910705566406,414774
2013-06-20,389.55828857421875,424.50323486328125,427.8670349121094,417.3898620605469,425.87652587890625,816334
2013-06-21,394.08245849609375,429.4331970214844,431.89434814453125,419.8895568847656,421.2474365234375,292366
2013-06-24,390.03271484375,425.0201416015625,429.27117919921875,418.701416015625,426.6480407714844,592431
2013-06-25,395.65423583984375,431.1459655761719,433.2830505371094,421.8646240234375,424.33349609375,198829
2013-06-26,394.48602294921875,429.8729553222656,433.1287536621094,425.1050109863281,431.84033203125,540280
2013-06-27,390.0964050292969,425.0895690917969,435.13470458984375,419.70440673828125,432.04864501953125,351302
2013-06-28,390.8043518066406,425.861083984375,429.42547607421875,424.33349609375,428.96258544921875,515524
2013-07-01,396.9145202636719,432.5192565917969,433.5916748046875,425.95367431640625,425.95367431640625,317926
2013-07-02,396.15692138671875,431.6937561035156,437.4801025390625,426.9952087402344,430.505615234375,447489
2013-07-03,396.4401550292969,432.0023498535156,433.3370666503906,426.22369384765625,428.96258544921875,377549
2013-07-04,396.0506286621094,431.5780029296875,435.89849853515625,426.8023376464844,433.2830505371094,376544
2013-07-05,397.3463439941406,432.9898986816406,435.13470458984375,430.351318359375,433.5916748046875,219055
2013-07-08,396.8436584472656,432.4421081542969,434.3631896972656,427.7281494140625,430.4978942871094,227636
2013-07-09,397.79241943359375,433.4759521484375,435.8907775878906,431.0688171386719,434.4017639160156,273047
2013-07-10,393.8487548828125,429.1785888671875,435.651611328125,426.5708923339844,434.5560607910156,358865
2013-07-11,400.1641845703125,436.0605163574219,438.205322265625,430.5133361816406,433.1287536621094,196457
2013-07-12,398.14642333984375,433.8616943359375,436.7085876464844,427.7281494140625,436.2919616699219,358871
2013-07-15,396.51092529296875,432.0794982910156,433.5685119628906,429.15545654296875,429.15545654296875,137495
2013-07-16,396.7516784667969,432.3418273925781,433.4373779296875,427.4195556640625,428.1910705566406,276481
2013-07-17,393.3744201660156,428.66168212890625,435.7519226074219,424.50323486328125,432.81243896484375,311426
2013-07-18,397.1764221191406,432.8047180175781,433.5916748046875,425.1281433105469,427.4195556640625,278063
2013-07-19,398.8403015136719,434.6177978515625,435.9062194824219,429.57208251953125,431.7554626464844,242153
2013-07-22,397.5658264160156,433.2290344238281,436.0605163574219,429.6337890625,432.6812744140625,339338
2013-07-23,395.987060546875,431.5085754394531,436.66229248046875,428.96258544921875,435.5976257324219,270901
2013-07-24,396.3834228515625,431.94061279296875,434.7412414550781,422.4972839355469,430.351318359375,538096
2013-07-25,382.520751953125,416.8343505859375,431.1228332519531,412.6064453125,430.1969909667969,793755
2013-07-26,381.2887878417969,415.4919128417969,420.4759216308594,412.7607421875,418.1767883300781,138266
2013-07-29,384.45355224609375,418.9405822753906,420.4604797363281,408.9031677246094,408.9031677246094,89551
2013-07-30,382.5986633300781,416.9192199707031,423.5619812011719,415.6925048828125,420.4759216308594,134294
2013-07-31,378.8623046875,408.4093933105469,414.1186218261719,404.2740783691406,412.81475830078125,282871
2013-08-01,376.9371643066406,406.33404541015625,411.21771240234375,402.8544921875,406.280029296875,179030
2013-08-02,363.6466064453125,392.0069885253906,408.2859802246094,389.61529541015625,405.8171081542969,261822
2013-08-05,364.39093017578125,392.8093566894531,395.1701965332031,381.900146484375,387.70965576171875,350835
2013-08-06,350.341796875,377.6645202636719,393.1642761230469,372.6419372558594,392.70135498046875,340433
2013-08-07,343.2205505371094,369.9879455566406,379.1844177246094,362.9285583496094,374.94879150390625,703569
2013-08-08,348.4809265136719,375.6585693359375,383.44317626953125,369.99566650390625,370.6745910644531,472680
2013-08-12,344.7879638671875,371.67755126953125,378.64434814453125,367.2413330078125,376.0751953125,510151
2013-08-13,349.5831298828125,376.8467102050781,379.5856018066406,364.5256042480469,370.327392578125,497689
2013-08-14,345.43206787109375,372.3719177246094,379.10723876953125,369.5635986328125,376.85443115234375,414035
2013-08-16,333.9308166503906,359.9736633300781,374.64788818359375,355.5143127441406,372.3333435058594,863942
2013-08-19,333.236572265625,359.2253112792969,361.8407287597656,353.19976806640625,361.8407287597656,360439
2013-08-20,332.420654296875,358.34576416015625,359.9659423828125,350.26800537109375,357.19622802734375,634517
2013-08-21,331.39007568359375,357.23480224609375,362.396240234375,354.0252990722656,359.21759033203125,2084436
2013-08-22,329.4361877441406,355.1285400390625,359.9891052246094,353.35406494140625,354.8970947265625,446005
2013-08-23,328.91375732421875,354.56536865234375,357.8597106933594,347.9534606933594,355.2828674316406,360550
2013-08-26,331.626220703125,357.4893798828125,361.8407287597656,354.8970947265625,356.44012451171875,506684
2013-08-27,321.52056884765625,346.5955810546875,355.6686096191406,343.6329650878906,355.6686096191406,528284
2013-08-28,318.1138610839844,342.9231872558594,344.55877685546875,327.89404296875,343.7872619628906,1400328
2013-08-29,329.4576416015625,355.15167236328125,370.2811279296875,337.3219909667969,344.8674011230469,3038422
2013-08-30,323.5102233886719,348.74041748046875,352.837158203125,341.00982666015625,346.4104309082031,642067
2013-09-02,326.33001708984375,351.7801818847656,355.63775634765625,343.9955749511719,347.9534606933594,294887
2013-09-03,310.74212646484375,334.9765625,353.9712829589844,332.21453857421875,351.0780944824219,522082
2013-09-04,312.7031555175781,337.09051513671875,342.0513610839844,324.9082946777344,331.75164794921875,326377
2013-09-05,329.4791259765625,355.1748352050781,358.7546691894531,338.170654296875,341.00982666015625,431339
2013-09-06,338.0389099121094,364.4021911621094,385.2947998046875,351.67987060546875,355.2057189941406,771481
2013-09-10,350.67816162109375,378.0271301269531,379.4312744140625,367.5499572753906,374.80218505859375,708359
2013-09-11,367.110595703125,395.7411193847656,397.5464782714844,371.56182861328125,371.56182861328125,629293
2013-09-12,358.5437316894531,386.5060729980469,397.5233154296875,382.6716613769531,395.3244934082031,281472
2013-09-13,361.8502197265625,390.07049560546875,393.4728698730469,378.4051818847656,378.4051818847656,318943
2013-09-16,353.4908752441406,381.0591735839844,402.7310485839844,378.0425720214844,394.552978515625,264038
2013-09-17,360.6263732910156,388.7511901855469,391.7755432128906,379.10723876953125,381.4757995605469,563682
2013-09-18,373.423095703125,402.5458984375,405.04559326171875,387.7250671386719,388.53515625,443503
2013-09-19,397.20574951171875,428.183349609375,430.505615234375,405.0687561035156,408.9031677246094,1253869
2013-09-20,403.7901306152344,435.2812805175781,438.94598388671875,420.16729736328125,428.183349609375,922165
2013-09-23,395.78863525390625,426.65576171875,441.15252685546875,424.33349609375,430.8219299316406,393025
2013-09-24,394.49322509765625,425.2593078613281,434.3477478027344,422.3275451660156,425.22845458984375,532717
2013-09-25,392.38189697265625,422.98333740234375,428.1910705566406,419.92041015625,421.2474365234375,345670
2013-09-26,382.7271728515625,412.5755920410156,425.87652587890625,402.9393615722656,421.4017333984375,754787
2013-09-27,383.69329833984375,413.61712646484375,421.4017333984375,409.4123840332031,416.3097229003906,257007
2013-09-30,378.7550048828125,408.2936706542969,414.1263427734375,405.4005126953125,412.6064453125,195945
2013-10-01,376.0639343261719,405.3927917480469,412.2978515625,403.687744140625,408.88775634765625,180307
2013-10-03,388.8320007324219,419.1566162109375,422.1732482910156,404.3126525878906,406.434326171875,503113
2013-10-04,386.2341003417969,416.35601806640625,427.3963928222656,414.30377197265625,418.5548400878906,696343
2013-10-07,383.779296875,413.709716796875,419.45751953125,408.13165283203125,415.0752868652344,181746
2013-10-08,387.3863525390625,417.59814453125,418.8865966796875,411.387451171875,411.387451171875,633610
2013-10-09,387.1788024902344,417.3744201660156,420.4759216308594,411.21771240234375,416.61834716796875,533540
2013-10-10,395.37353515625,426.2082824707031,427.1572265625,415.2835998535156,419.70440673828125,494111
2013-10-11,391.4801940917969,422.01123046875,428.96258544921875,418.9328918457031,428.96258544921875,314329
2013-10-14,391.80218505859375,422.3583984375,425.2593078613281,413.5476989746094,422.01123046875,402694
2013-10-15,390.2921142578125,420.7304992675781,427.2806701660156,411.9892272949219,423.1453552246094,694088
2013-10-17,388.467041015625,418.7631530761719,422.435546875,416.1785583496094,418.1767883300781,658632
2013-10-18,392.8328552246094,423.4693908691406,426.6480407714844,418.41595458984375,418.94830322265625,521914
2013-10-21,389.6336669921875,420.0207214355469,426.6171569824219,412.5601501464844,423.114501953125,591802
2013-10-22,389.0682373046875,419.4112243652344,422.0189514160156,416.61834716796875,417.44384765625,302184
2013-10-23,385.7831726074219,415.8699645996094,420.54534912109375,411.9892272949219,419.8509826660156,415429
2013-10-24,386.6134033203125,416.7649230957031,423.66998291015625,413.5322570800781,413.5322570800781,497533
2013-10-25,391.0077819824219,421.50201416015625,423.5619812011719,410.90911865234375,416.61834716796875,560559
2013-10-28,384.874267578125,414.89013671875,423.9862976074219,413.61712646484375,421.7489013671875,653713
2013-10-29,400.3333435058594,431.55487060546875,434.82611083984375,413.23138427734375,414.14947509765625,1188530
2013-10-30,402.21563720703125,433.5839538574219,438.52935791015625,426.2159729003906,434.2088928222656,1059149
2013-10-31,402.9456481933594,434.37091064453125,437.4492492675781,427.82073974609375,433.9002685546875,719901
2013-11-01,403.5325012207031,435.0035400390625,439.74835205078125,431.4159851074219,434.2088928222656,468461
2013-11-05,398.980712890625,430.0967102050781,435.09613037109375,426.03082275390625,430.505615234375,159575
2013-11-06,393.02606201171875,423.6777038574219,432.0563659667969,422.0189514160156,430.2124328613281,173010
2013-11-07,384.7310485839844,414.73583984375,424.12518310546875,411.9892272949219,424.12518310546875,460366
2013-11-08,383.23529052734375,413.1233825683594,415.8082275390625,409.4740905761719,412.54473876953125,229185
2013-11-11,381.85400390625,411.63433837890625,418.9328918457031,404.47467041015625,410.5002136230469,447385
2013-11-12,379.127197265625,408.6948547363281,415.8468017578125,406.5963439941406,407.52215576171875,536709
2013-11-13,372.44970703125,401.49664306640625,410.7856750488281,399.1897888183594,408.7257385253906,649779
2013-11-14,373.45880126953125,402.58447265625,408.7488708496094,399.21295166015625,403.5411376953125,910493
2013-11-18,374.85443115234375,404.08892822265625,410.4461975097656,398.8811950683594,405.6628112792969,1128473
2013-11-19,380.70892333984375,410.3999328613281,413.0616455078125,402.1292724609375,403.9654846191406,891686
2013-11-20,373.3729553222656,402.49188232421875,414.2112121582031,401.0337219238281,411.81951904296875,601517
2013-11-21,369.0215148925781,397.8010559082031,403.3482666015625,396.85211181640625,400.41650390625,320071
2013-11-22,363.77545166015625,392.1458740234375,400.8794250488281,390.5411071777344,400.8639831542969,396388
2013-11-25,366.1300964355469,394.68414306640625,398.4800109863281,390.7262878417969,393.4805908203125,723025
2013-11-26,363.91143798828125,392.2924499511719,397.3304443359375,390.5411071777344,395.0158996582031,666668
2013-11-27,367.74755859375,396.4277648925781,398.4105529785156,388.8437805175781,392.716796875,316902
2013-11-28,376.156982421875,405.4930725097656,408.13165283203125,397.50018310546875,398.1174011230469,820385
2013-11-29,380.65875244140625,410.3459167480469,412.7607421875,405.52392578125,405.52392578125,515757
2013-12-02,381.2528076171875,410.98626708984375,415.6925048828125,403.6568603515625,412.4212951660156,640745
2013-12-03,381.2743225097656,411.0094299316406,414.9209899902344,406.665771484375,411.21771240234375,321257
2013-12-04,377.745849609375,407.2058410644531,411.4106140136719,405.2770690917969,410.4307861328125,217066
2013-12-05,386.0264892578125,416.13226318359375,417.6984558105469,409.0574951171875,412.79931640625,300045
2013-12-06,390.52825927734375,420.985107421875,423.09906005859375,411.9892272949219,415.8468017578125,309468
2013-12-09,400.54083251953125,431.7785949707031,432.8201599121094,424.33349609375,432.0640563964844,543663
2013-12-10,390.30645751953125,420.7459411621094,436.2148132324219,418.10736083984375,432.3726806640625,616650
2013-12-11,389.24005126953125,419.59637451171875,421.9649353027344,411.7577819824219,418.53167724609375,209788
2013-12-12,386.3271179199219,416.456298828125,420.12872314453125,414.4426574707031,417.4361267089844,221226
2013-12-13,381.6177978515625,411.3797302246094,415.8468017578125,409.7518310546875,414.50439453125,221427
2013-12-16,377.13751220703125,406.550048828125,413.50140380859375,405.06103515625,411.3797302246094,188648
2013-12-17,375.99957275390625,405.3233337402344,409.5435485839844,403.3791198730469,408.13165283203125,273124
2013-12-18,383.9867858886719,413.9334716796875,416.417724609375,406.0254211425781,406.588623046875,148208
2013-12-19,377.9391174316406,407.4141540527344,425.0278625488281,405.19989013671875,414.6509704589844,385235
2013-12-20,376.5578308105469,405.9251403808594,408.81829833984375,395.4248046875,407.2829895019531,625742
2013-12-23,385.66143798828125,415.7388000488281,418.06878662109375,406.627197265625,406.627197265625,244583
2013-12-24,388.1307067871094,418.4005432128906,424.1560363769531,415.90081787109375,416.01654052734375,262476
2013-12-26,389.64794921875,420.0361328125,423.5619812011719,412.220703125,418.8403015136719,353537
2013-12-27,388.78912353515625,419.1103210449219,422.79046630859375,417.7447509765625,421.9880676269531,213534
2013-12-30,386.49169921875,416.6337585449219,421.2011413574219,413.9720458984375,419.5500793457031,242768
2013-12-31,388.5672302246094,418.87115478515625,423.9554443359375,417.5827331542969,417.5827331542969,224467
2014-01-01,388.56005859375,418.8634338378906,420.32159423828125,415.86224365234375,419.7198181152344,122233
2014-01-02,378.35418701171875,407.86163330078125,422.79046630859375,405.19989013671875,418.9405822753906,236767
2014-01-03,376.5578308105469,405.9251403808594,407.8076171875,401.54290771484375,405.19989013671875,218900
2014-01-06,376.62939453125,406.0022888183594,409.1654968261719,399.5061340332031,405.80169677734375,165635
2014-01-07,373.83099365234375,402.98565673828125,408.4788513183594,401.54290771484375,406.4266052246094,246281
2014-01-08,372.2206726074219,401.249755859375,403.7726135253906,398.56488037109375,403.5411376953125,415876
2014-01-09,372.0775146484375,401.0954284667969,403.3559875488281,395.3244934082031,401.0337219238281,401981
2014-01-10,370.5244445800781,399.4212646484375,404.58270263671875,396.5589294433594,401.2806091308594,309455
2014-01-13,372.4854736328125,401.53521728515625,404.5595397949219,396.8984069824219,398.1174011230469,113341
2014-01-14,367.18927001953125,395.82598876953125,402.5921936035156,395.0158996582031,398.1945495605469,110049
2014-01-15,369.57257080078125,398.3951110839844,399.7221374511719,395.0699157714844,395.82598876953125,334160
2014-01-16,373.01513671875,402.10614013671875,403.3482666015625,396.2503356933594,398.4105529785156,467307
2014-01-17,375.3124694824219,404.58270263671875,405.80938720703125,400.7713928222656,402.11383056640625,424469
2014-01-20,371.52642822265625,400.5013732910156,403.94232177734375,397.82421875,403.0550842285156,266190
2014-01-21,372.63580322265625,401.6972351074219,405.04559326171875,398.48773193359375,404.1197814941406,260545
2014-01-22,370.10931396484375,398.9737548828125,403.9654846191406,395.78741455078125,402.2835693359375,175414
2014-01-23,370.8751220703125,399.7992858886719,400.41650390625,396.5589294433594,397.9476623535156,262366
2014-01-24,371.311767578125,400.2699279785156,403.9654846191406,397.6390380859375,399.4906921386719,1107761
2014-01-27,371.0755615234375,400.01531982421875,401.9364013671875,394.398681640625,397.7779235839844,698307
2014-01-28,371.14715576171875,400.09246826171875,401.1880187988281,396.5975036621094,399.7992858886719,1220558
2014-01-29,372.95068359375,402.03668212890625,405.04559326171875,398.37969970703125,401.1880187988281,1018197
2014-01-30,370.66046142578125,399.5678405761719,404.24322509765625,397.3304443359375,401.1880187988281,232296
2014-01-31,367.1678771972656,395.8028564453125,400.1927795410156,391.3743591308594,399.48297119140625,748533
2014-02-03,359.4597473144531,387.4936218261719,395.6253967285156,386.07403564453125,393.4728698730469,370251
2014-02-04,356.5110778808594,384.3149719238281,389.61529541015625,382.054443359375,385.4490966796875,238271
2014-02-05,355.7953796386719,383.54345703125,385.4490966796875,378.1968688964844,384.2146911621094,497507
2014-02-06,360.6049499511719,388.7280578613281,391.1583251953125,379.7398986816406,384.4075622558594,444216
2014-02-07,365.085205078125,393.5577392578125,395.02362060546875,390.0473327636719,391.1583251953125,208375
2014-02-10,367.5758361816406,396.24261474609375,399.4906921386719,392.54705810546875,393.3957214355469,308574
2014-02-11,369.37939453125,398.18682861328125,399.02777099609375,391.613525390625,398.888916015625,371107
2014-02-12,368.5420227050781,397.2841491699219,400.6016845703125,394.25982666015625,400.6016845703125,486814
2014-02-13,353.2833251953125,380.83544921875,397.1915588378906,378.3511657714844,397.1915588378906,243980
2014-02-14,351.38671875,378.7909240722656,384.0603942871094,375.7434387207031,381.745849609375,190521
2014-02-17,353.44073486328125,381.00518798828125,382.9725341796875,378.07342529296875,381.6841125488281,80452
2014-02-18,355.47332763671875,383.1962890625,387.1464538574219,378.5980529785156,381.5915222167969,209373
2014-02-19,355.37310791015625,383.0882568359375,385.6034240722656,379.2769775390625,383.90606689453125,151578
2014-02-20,347.9727783203125,375.1108093261719,384.97076416015625,374.3932800292969,384.97076416015625,252179
2014-02-21,357.88519287109375,385.7962951660156,387.4550476074219,375.72802734375,377.1707458496094,472349
2014-02-24,358.52935791015625,386.49066162109375,390.3868103027344,384.6775817871094,385.9120178222656,339338
2014-02-25,361.7929382324219,390.0087585449219,391.9298400878906,385.6034240722656,387.316162109375,273273
2014-02-26,367.3897705078125,396.0420227050781,401.0337219238281,384.9862060546875,390.4253845214844,888964
2014-02-28,363.6895446777344,392.05328369140625,398.1019592285156,389.61529541015625,398.1019592285156,215206
2014-03-03,361.19891357421875,389.368408203125,397.7470703125,388.1957092285156,393.4728698730469,323726
2014-03-04,368.01947021484375,396.720947265625,398.8426208496094,389.2449645996094,390.2710876464844,569152
2014-03-05,378.7120361328125,408.24737548828125,409.93701171875,393.6426086425781,399.6449890136719,625515
2014-03-06,393.0332336425781,423.6854248046875,424.33349609375,406.6349182128906,408.7488708496094,594181
2014-03-07,395.4164123535156,426.2545471191406,429.5798034667969,417.5904541015625,425.2130126953125,541013
2014-03-10,393.67730712890625,424.3797912597656,430.351318359375,421.2242736816406,424.33349609375,438649
2014-03-11,402.9742431640625,434.4017639160156,435.8136291503906,421.2474365234375,425.1050109863281,420957
2014-03-12,397.0553894042969,428.0213317871094,438.051025390625,424.6806640625,434.98040771484375,341030
2014-03-13,391.938232421875,422.5050048828125,435.227294921875,420.32159423828125,429.00115966796875,258173
2014-03-14,391.25823974609375,421.77203369140625,423.17620849609375,414.6741027832031,418.1767883300781,253358
2014-03-18,388.8964538574219,419.2260437011719,428.4996643066406,416.8189392089844,422.79046630859375,312650
2014-03-19,392.2387390136719,422.82904052734375,425.1050109863281,418.4622497558594,419.3957824707031,310207
2014-03-20,390.7000427246094,421.1702880859375,423.268798828125,417.4052734375,422.0189514160156,175252
2014-03-21,392.8184509277344,423.4539489746094,425.87652587890625,419.8664245605469,422.0575256347656,484377
2014-03-24,399.0020751953125,430.1198425292969,431.7400207519531,424.7655334472656,425.12042236328125,563449
2014-03-25,401.9293212890625,433.2753601074219,437.8658752441406,426.41656494140625,428.4996643066406,404003
2014-03-26,402.3157958984375,433.69195556640625,436.6468811035156,432.2183837890625,434.0545959472656,239774
2014-03-27,397.3703308105469,428.3608093261719,435.9062194824219,426.18511962890625,435.9062194824219,1762848
2014-03-28,409.343994140625,441.26824951171875,447.47894287109375,429.46405029296875,429.46405029296875,852763
2014-03-31,413.3948059082031,445.6350402832031,450.8736267089844,441.7311706542969,441.7311706542969,421404
2014-04-01,407.86962890625,439.6789245605469,447.687255859375,438.5447998046875,447.47894287109375,454546
2014-04-02,404.3698425292969,435.9062194824219,443.2973327636719,432.99761962890625,439.7637939453125,249249
2014-04-03,402.88836669921875,434.3091735839844,439.43975830078125,433.020751953125,439.43975830078125,352546
2014-04-04,402.9026794433594,434.3246154785156,437.588134765625,432.5269775390625,433.2830505371094,242263
2014-04-07,407.526123046875,439.30859375,443.6213684082031,434.33233642578125,434.33233642578125,490366
2014-04-09,408.7642822265625,440.643310546875,443.6213684082031,437.0866394042969,442.849853515625,376615
2014-04-10,406.4883117675781,438.1899108886719,446.67657470703125,434.9572448730469,440.99822998046875,1037373
2014-04-11,401.6860656738281,433.0130310058594,437.2254943847656,430.737060546875,435.9062194824219,485615
2014-04-15,397.8069152832031,428.8314208984375,432.85101318359375,422.6361389160156,432.69671630859375,415649
2014-04-16,393.10479736328125,423.7625732421875,434.9881286621094,421.9880676269531,429.09375,202192
2014-04-17,395.5024108886719,426.3471374511719,429.27117919921875,422.79046630859375,424.33349609375,440768
2014-04-21,401.070556640625,432.3495178222656,433.57623291015625,425.11273193359375,426.6634521484375,365170
2014-04-22,396.9194641113281,427.874755859375,434.67950439453125,426.6480407714844,429.7572326660156,132064
2014-04-23,395.05145263671875,425.861083984375,431.86346435546875,423.5696716308594,426.0462646484375,1095934
2014-04-24,395.05145263671875,425.861083984375,425.861083984375,425.861083984375,425.861083984375,0
2014-04-25,382.927490234375,412.7916259765625,431.2771301269531,410.1993103027344,423.7625732421875,337621
2014-04-28,378.3685302734375,407.8770751953125,415.0675964355469,405.8942565917969,408.9031677246094,286112
2014-04-29,382.1187744140625,411.9197998046875,418.392822265625,406.60406494140625,407.3755798339844,503586
2014-04-30,374.4607849121094,403.6645812988281,419.84326171875,401.1880187988281,412.2978515625,325521
2014-05-02,376.4003601074219,405.7554016113281,408.5791320800781,398.71917724609375,405.0378723144531,332157
2014-05-05,377.6886901855469,407.1441345214844,411.67291259765625,401.0337219238281,402.9162292480469,424197
2014-05-06,376.48626708984375,405.8479919433594,411.21771240234375,403.9654846191406,408.31683349609375,207034
2014-05-07,373.8166809082031,402.97021484375,407.6224670410156,401.42718505859375,403.9654846191406,368262
2014-05-08,375.75616455078125,405.06103515625,408.3245544433594,398.5802917480469,403.5257263183594,419492
2014-05-09,389.6837463378906,420.07470703125,423.40765380859375,402.73876953125,403.82659912109375,630803
2014-05-12,406.4668273925781,438.166748046875,441.30682373046875,420.4759216308594,420.4759216308594,735124
2014-05-13,417.01629638671875,449.5389099121094,452.1080322265625,437.4723815917969,439.7637939453125,594297
2014-05-14,426.09130859375,459.32171630859375,461.3662414550781,450.10211181640625,450.8890380859375,574797
2014-05-15,420.48028564453125,453.2730407714844,462.60064697265625,450.44927978515625,459.82318115234375,491798
2014-05-16,439.2387390136719,473.49444580078125,505.30401611328125,459.82318115234375,462.6700744628906,2387865
2014-05-19,432.3895263671875,466.1110534667969,481.34075927734375,463.2178649902344,474.505126953125,357821
2014-05-20,434.08563232421875,467.9395446777344,476.7965393066406,460.5947265625,466.766845703125,373660
2014-05-21,422.6416320800781,455.6029968261719,472.028564453125,454.4225769042969,470.6244201660156,413212
2014-05-22,423.52203369140625,456.5519714355469,459.82318115234375,448.46649169921875,459.82318115234375,652689
2014-05-23,429.612548828125,463.1175842285156,467.6926574707031,450.25640869140625,454.885498046875,926209
2014-05-26,439.1242370605469,473.3710021972656,497.5580139160156,465.37811279296875,465.37811279296875,1396375
2014-05-27,441.4788513183594,475.9093017578125,483.2695617675781,470.8944396972656,478.12353515625,431786
2014-05-28,456.8234558105469,492.4505920410156,495.46722412109375,474.0113525390625,481.1170349121094,981263
2014-05-29,453.373779296875,488.7319030761719,502.0559387207031,486.0547180175781,493.7698669433594,894985
2014-05-30,455.0771789550781,490.5680847167969,497.62744140625,486.8802490234375,489.44940185546875,287719
2014-06-02,452.3860778808594,487.66717529296875,495.3128967285156,484.2493896484375,491.0773010253906,474864
2014-06-03,476.2976379394531,513.4435424804688,516.143798828125,486.8416748046875,487.7520446777344,1269747
2014-06-04,478.723876953125,516.0589599609375,523.8589477539062,507.66485595703125,513.5206909179688,545705
2014-06-05,476.5839538574219,513.7521362304688,525.5640258789062,509.4084777832031,516.143798828125,663635
2014-06-06,474.479736328125,511.4838562011719,525.1782836914062,507.6725769042969,516.9075927734375,894415
2014-06-09,529.2879028320312,570.5665283203125,584.6544189453125,527.716552734375,527.716552734375,4265060
2014-06-10,512.1255493164062,552.0655517578125,575.781982421875,549.3189697265625,570.9214477539062,1545775
2014-06-11,509.3127746582031,549.0335083007812,566.2922973632812,543.1468505859375,560.8917236328125,1114494
2014-06-12,511.5315246582031,551.4252319335938,555.5065307617188,542.2364501953125,549.6275634765625,784449
2014-06-13,506.0206604003906,545.4845581054688,556.7255249023438,543.3011474609375,553.6240234375,716200
2014-06-16,509.7064514160156,549.4578857421875,555.3984985351562,541.5806884765625,547.6756591796875,713602
2014-06-17,512.1183471679688,552.057861328125,557.319580078125,543.9415283203125,552.0347290039062,667335
2014-06-18,508.1819763183594,547.8145141601562,557.8056640625,540.060791015625,552.405029296875,1077846
2014-06-19,507.5951232910156,547.181884765625,551.633544921875,542.75341796875,547.8145141601562,635061
2014-06-20,501.13946533203125,540.2228393554688,549.3035278320312,537.9777221679688,542.305908203125,265471
2014-06-23,500.51690673828125,539.5515747070312,542.9539794921875,534.197265625,540.060791015625,437301
2014-06-24,502.8284912109375,542.0435791015625,547.2435913085938,531.5587158203125,540.060791015625,432791
2014-06-25,499.27154541015625,538.2091674804688,543.9183959960938,537.1367797851562,542.0667114257812,623428
2014-06-26,485.39410400390625,523.2494506835938,542.035888671875,520.8037719726562,540.060791015625,1337808
2014-06-27,488.8294982910156,526.9527587890625,534.0969848632812,520.209716796875,524.6304931640625,762661
2014-06-30,491.0409851074219,529.3367309570312,536.1106567382812,525.1088256835938,528.4880981445312,408877
2014-07-01,488.3356018066406,526.42041015625,532.4999389648438,525.1473999023438,531.0957641601562,391748
2014-07-02,491.6494445800781,529.9925537109375,534.5059204101562,528.6423950195312,532.0370483398438,392474
2014-07-03,489.5881652832031,527.7705688476562,533.734375,523.3343505859375,531.5741577148438,332034
2014-07-04,485.265380859375,523.110595703125,529.3290405273438,517.6868286132812,526.945068359375,387296
2014-07-07,481.50799560546875,519.0601806640625,526.6364135742188,516.9307861328125,524.6304931640625,317608
2014-07-08,469.47698974609375,506.0909729003906,521.058349609375,501.7396240234375,520.0014038085938,453924
2014-07-09,471.2590637207031,508.0120544433594,515.8429565429688,497.37286376953125,506.8856506347656,583708
2014-07-10,473.77838134765625,510.727783203125,521.8607788085938,503.0280456542969,506.13726806640625,512795
2014-07-11,459.6504821777344,495.4980773925781,512.895751953125,493.7698669433594,510.74322509765625,458137
2014-07-14,457.9541931152344,493.6695861816406,499.43280029296875,492.53546142578125,496.12298583984375,388631
2014-07-15,461.6186828613281,497.6197509765625,501.4850158691406,491.92596435546875,498.0440673828125,272230
2014-07-16,467.1008605957031,503.529541015625,508.2203674316406,493.623291015625,498.3989562988281,485330
2014-07-17,483.3257141113281,521.019775390625,523.32666015625,502.25653076171875,502.25653076171875,586294
2014-07-18,477.6717529296875,514.9248046875,520.92724609375,512.3170776367188,520.92724609375,350142
2014-07-21,487.7989196777344,525.841796875,528.8121337890625,510.342041015625,515.4571533203125,750898
2014-07-22,485.8164367675781,523.7046508789062,528.318359375,518.157470703125,525.841796875,491714
2014-07-23,477.6288757324219,514.8785400390625,526.1426391601562,510.9052429199219,525.0933837890625,519263
2014-07-24,475.481689453125,512.56396484375,517.5248413085938,507.981201171875,514.909423828125,582107
2014-07-25,471.4380187988281,508.2049255371094,518.2423706054688,506.4613037109375,512.56396484375,529944
2014-07-28,459.4214172363281,495.2511901855469,511.6690368652344,493.75445556640625,508.444091796875,513243
2014-07-30,466.9505615234375,503.3675231933594,506.09869384765625,492.7206115722656,496.11529541015625,611601
2014-07-31,460.1585998535156,496.04583740234375,509.5087890625,494.5413818359375,501.8553466796875,1984406
2014-08-01,460.5594177246094,496.4779052734375,505.18829345703125,489.7502746582031,494.0784912109375,612307
2014-08-04,459.8008117675781,495.66009521484375,498.86187744140625,489.91229248046875,491.9182434082031,630687
2014-08-05,477.18511962890625,514.4002075195312,516.7610473632812,495.77581787109375,497.62744140625,824494
2014-08-06,469.20501708984375,505.79779052734375,516.143798828125,503.645263671875,515.063720703125,463626
2014-08-07,470.801025390625,507.5182800292969,512.9034423828125,504.57110595703125,505.8055114746094,383751
2014-08-08,466.8288879394531,503.2363586425781,505.3426208496094,498.7153015136719,504.57110595703125,376700
2014-08-11,472.91949462890625,509.8019714355469,512.1088256835938,501.8090515136719,504.57879638671875,466698
2014-08-12,476.66253662109375,513.8369750976562,514.7396850585938,508.7835693359375,509.98712158203125,424936
2014-08-13,467.2798767089844,503.722412109375,517.6868286132812,501.4850158691406,510.2031555175781,668917
2014-08-14,476.15435791015625,513.2891845703125,514.2999267578125,503.0280456542969,503.0280456542969,395617
2014-08-18,477.9150695800781,515.1871337890625,518.1497802734375,509.5550842285156,509.5550842285156,459958
2014-08-19,489.6668395996094,527.8554077148438,530.4940185546875,509.71710205078125,515.526611328125,595205
2014-08-20,497.83502197265625,532.4073486328125,533.1171875,521.85302734375,527.716552734375,810262
2014-08-21,491.70294189453125,525.8494873046875,534.5367431640625,523.0874633789062,530.8026123046875,405137
2014-08-22,496.4859313964844,530.9646606445312,533.1171875,525.4019775390625,526.0192260742188,369370
2014-08-25,497.0919494628906,531.6127319335938,536.2032470703125,528.5343627929688,531.7284545898438,329455
2014-08-26,487.6485290527344,521.5135498046875,536.0489501953125,515.989501953125,529.2750244140625,352591
2014-08-27,489.0408630371094,523.0026245117188,524.3373413085938,516.6067504882812,521.69873046875,862400
2014-08-28,490.18072509765625,524.2216186523438,529.2518920898438,522.16162109375,524.0133056640625,966442
2014-09-01,501.3410339355469,536.1569213867188,537.7153930664062,525.2476806640625,527.6856689453125,293616
2014-09-02,521.6776733398438,557.9059448242188,563.8080444335938,536.2032470703125,538.3325805664062,1507811
2014-09-03,518.4241333007812,554.4263916015625,558.6697387695312,550.2910766601562,557.8056640625,517468
2014-09-04,518.0056762695312,553.9789428710938,558.1296997070312,547.4673461914062,552.3587646484375,480968
2014-09-05,514.3264770507812,550.044189453125,561.655517578125,547.9071044921875,552.559326171875,482803
2014-09-08,527.7593383789062,564.4098510742188,567.0638427734375,548.9177856445312,551.247802734375,725228
2014-09-09,524.8375854492188,561.2852172851562,566.2846069335938,557.8056640625,557.8056640625,584051
2014-09-10,525.760986328125,562.272705078125,567.3955688476562,555.4293823242188,556.2626342773438,403148
2014-09-11,522.5866088867188,558.8780517578125,568.3985595703125,555.98486328125,563.977783203125,343784
2014-09-12,526.1144409179688,562.6507568359375,565.2662353515625,555.4910888671875,560.922607421875,358009
2014-09-15,519.6939086914062,555.7843017578125,560.86083984375,553.2537231445312,557.4970703125,153729
2014-09-16,514.5646362304688,550.298828125,558.5771484375,543.5325927734375,556.8798217773438,332268
2014-09-17,510.78424072265625,546.2560424804688,553.9326782226562,543.1468505859375,551.6489868164062,305878
2014-09-18,520.3359375,556.470947265625,559.8887329101562,543.9183959960938,544.8441772460938,464494
2014-09-19,531.85693359375,568.7920532226562,570.76708984375,559.5570068359375,560.1201782226562,826846
2014-09-22,534.9301147460938,572.0786743164062,575.5427856445312,562.1107177734375,565.9837036132812,853709
2014-09-23,528.0045166015625,564.672119140625,579.8709716796875,563.02880859375,577.0626831054688,552419
2014-09-24,521.9375610351562,558.1837158203125,573.5985717773438,553.9480590820312,568.1439819335938,547429
2014-09-25,511.2028503417969,546.7035522460938,563.360595703125,543.4708862304688,558.5694580078125,803516
2014-09-26,519.0157470703125,555.05908203125,557.8056640625,536.9592895507812,546.2483520507812,484112
2014-09-29,515.1777954101562,550.95458984375,559.6341552734375,550.0905151367188,558.5771484375,425286
2014-09-30,511.9747009277344,547.529052734375,555.3213500976562,545.46142578125,550.8619995117188,341334
2014-10-01,504.1040344238281,539.11181640625,549.3189697265625,536.3806762695312,549.3035278320312,301406
2014-10-07,491.609130859375,525.7492065429688,542.537353515625,524.6304931640625,538.5177612304688,469860
2014-10-08,499.29937744140625,533.9735717773438,536.1878051757812,524.8388061523438,527.716552734375,510871
2014-10-09,504.52960205078125,539.5670166015625,543.1160278320312,533.888671875,536.5118408203125,419362
2014-10-10,494.0691223144531,528.3800659179688,538.3634643554688,525.7106323242188,538.3634643554688,303279
2014-10-13,493.2828369140625,527.5391235351562,531.6127319335938,523.8743896484375,528.333740234375,381217
2014-10-14,489.6829833984375,523.6892700195312,532.0370483398438,522.3468017578125,528.6423950195312,398216
2014-10-15,489.6829833984375,523.6892700195312,523.6892700195312,523.6892700195312,523.6892700195312,0
2014-10-16,465.87615966796875,498.229248046875,524.507080078125,496.5473327636719,520.942626953125,728488
2014-10-17,473.1624755859375,506.02154541015625,509.9717102050781,500.1734619140625,500.1734619140625,421216
2014-10-20,478.61639404296875,511.85418701171875,522.23876953125,510.06427001953125,511.5147399902344,725448
2014-10-21,481.8772277832031,515.3414306640625,518.8981323242188,512.0779418945312,512.2862548828125,342222
2014-10-22,489.5386047363281,523.534912109375,527.5468139648438,515.989501953125,518.4969482421875,569949
2014-10-27,489.9354248046875,523.9592895507812,529.5681762695312,521.7373046875,527.5159301757812,380374
2014-10-28,487.74237060546875,521.6138916015625,530.8026123046875,520.209716796875,521.54443359375,364982
2014-10-29,497.5391845703125,532.091064453125,533.3563232421875,515.4031982421875,524.6304931640625,1384068
2014-10-30,496.5652160644531,531.0494995117188,537.9005737304688,527.8939819335938,532.4999389648438,984562
2014-10-31,506.1529541015625,541.3029174804688,543.9955444335938,532.5385131835938,533.1171875,867830
2014-11-03,509.399169921875,544.7747802734375,547.760498046875,540.060791015625,542.3753662109375,613487
2014-11-05,513.5184936523438,549.1801147460938,552.0809936523438,543.1468505859375,544.7747802734375,533372
2014-11-07,517.854248046875,553.81689453125,555.0281982421875,548.5474853515625,550.0905151367188,225646
2014-11-10,516.764892578125,552.6519165039062,557.0341186523438,549.5272827148438,553.9866333007812,181253
2014-11-11,521.51904296875,557.7362060546875,561.3160400390625,553.7860717773438,554.7967529296875,297129
2014-11-12,524.5488891601562,560.9765625,564.749267578125,540.1224975585938,561.5089111328125,473431
2014-11-13,521.2808837890625,557.4816284179688,563.0365600585938,550.0905151367188,561.8715209960938,366888
2014-11-14,515.0045776367188,550.7694091796875,558.870361328125,548.5474853515625,557.4970703125,306254
2014-11-17,513.9080200195312,549.5967407226562,553.1765747070312,546.3949584960938,548.6863403320312,352092
2014-11-18,518.936279296875,554.9741821289062,557.1730346679688,547.0507202148438,550.8619995117188,397743
2014-11-19,513.3670654296875,549.01806640625,561.2003173828125,546.271484375,556.7255249023438,451753
2014-11-20,509.2189636230469,544.5819091796875,554.6578979492188,541.6347045898438,548.5474853515625,189192
2014-11-21,511.13787841796875,546.6340942382812,551.479248046875,543.3011474609375,544.6898803710938,163224
2014-11-24,508.75726318359375,544.088134765625,552.50537109375,540.3771362304688,547.4827880859375,203087
2014-11-25,503.10125732421875,538.0394287109375,546.54150390625,533.888671875,541.9124145507812,356778
2014-11-26,514.5429077148438,550.275634765625,551.633544921875,534.5213012695312,534.5213012695312,560591
2014-11-27,506.8888244628906,542.0899047851562,554.7196044921875,540.060791015625,546.580078125,787942
2014-11-28,513.0278930664062,548.6554565429688,553.1765747070312,543.1854248046875,543.1854248046875,514707
2014-12-01,505.8282775878906,540.9557495117188,553.58544921875,538.5177612304688,546.2560424804688,410685
2014-12-02,506.65057373046875,541.8352661132812,544.6050415039062,538.8341064453125,541.7581176757812,199432
2014-12-03,501.9686584472656,536.828125,545.9783325195312,535.59375,542.6839599609375,245050
2014-12-04,501.2256774902344,536.0335083007812,539.443603515625,532.3456420898438,539.18896484375,236761
2014-12-05,502.7694396972656,537.6845092773438,544.0726928710938,536.3575439453125,539.289306640625,188077
2014-12-08,496.0314025878906,530.4785766601562,542.0513305664062,526.1812133789062,534.9842529296875,175129
2014-12-09,487.08587646484375,520.9118041992188,528.0946044921875,520.0014038085938,527.716552734375,553274
2014-12-10,491.8399658203125,525.99609375,529.7456665039062,517.2393798828125,517.2393798828125,332909
2014-12-11,484.77001953125,518.4352416992188,526.0037841796875,515.4031982421875,522.5242309570312,302566
2014-12-12,484.8854675292969,518.5586547851562,522.16162109375,515.372314453125,517.32421875,609339
2014-12-15,492.84991455078125,527.076171875,529.8922119140625,514.909423828125,514.909423828125,283960
2014-12-16,485.64306640625,519.3687744140625,528.4880981445312,518.2577514648438,523.8589477539062,503846
2014-12-17,484.20733642578125,517.8334350585938,526.7830200195312,515.8429565429688,515.8429565429688,601750
2014-12-18,480.499267578125,513.8678588867188,524.1290283203125,510.0025634765625,520.3099975585938,852964
2014-12-19,487.08587646484375,520.9118041992188,523.0874633789062,514.7550659179688,516.20556640625,216100
2014-12-22,493.2034606933594,527.4542236328125,528.4649047851562,517.6868286132812,523.0874633789062,488298
2014-12-23,500.3455505371094,535.0922241210938,540.0531005859375,525.4019775390625,528.0020141601562,537526
2014-12-24,491.9986877441406,526.1658325195312,542.3599243164062,521.62158203125,535.8945922851562,672377
2014-12-26,488.0019836425781,521.8916015625,531.3504028320312,520.0014038085938,529.2518920898438,159374
2014-12-29,493.4776306152344,527.7474365234375,530.8026123046875,522.31591796875,522.31591796875,181830
2014-12-30,489.5314025878906,523.5272216796875,528.5729370117188,522.08447265625,526.1735229492188,152984
2014-12-31,488.40606689453125,522.3236694335938,529.6762084960938,520.248291015625,524.6304931640625,305230
2015-01-01,490.9237365722656,525.0162353515625,525.8494873046875,520.0014038085938,523.7046508789062,266598
2015-01-02,504.37091064453125,539.3972778320312,540.9866333007812,524.4761962890625,525.4174194335938,291180
2015-01-05,506.268310546875,541.4263916015625,547.4056396484375,536.5118408203125,540.060791015625,641685
2015-01-06,486.9632263183594,520.7806396484375,538.3634643554688,515.6654663085938,538.0548706054688,812394
2015-01-07,493.0879821777344,527.330810546875,529.8767700195312,520.0014038085938,524.6304931640625,843430
2015-01-08,494.1629333496094,528.4803466796875,534.197265625,524.3681640625,529.2595825195312,266021
2015-01-09,491.21954345703125,525.3325805664062,534.4595947265625,523.8589477539062,529.2595825195312,329649
2015-01-12,495.69232177734375,530.115966796875,532.0370483398438,523.5503540039062,526.0963745117188,184597
2015-01-13,511.6789245605469,547.2127685546875,553.9480590820312,531.8827514648438,534.9688110351562,611309
2015-01-14,514.6295166015625,550.3682250976562,555.4757080078125,546.2946166992188,547.0044555664062,347284
2015-01-15,529.2525024414062,566.0068359375,569.84130859375,550.8697509765625,555.4910888671875,697076
2015-01-16,524.6859741210938,561.1231689453125,570.5202026367188,557.8211059570312,566.0068359375,509549
2015-01-19,526.9945068359375,563.592041015625,573.2359619140625,562.0952758789062,563.607421875,472032
2015-01-20,532.6287841796875,569.6175537109375,572.0015258789062,565.6751098632812,568.9077758789062,441416
2015-01-21,545.8594360351562,583.7671508789062,587.894775390625,563.823486328125,571.1605834960938,758001
2015-01-22,549.6326904296875,587.8021850585938,590.178466796875,580.2258911132812,589.4378051757812,481759
2015-01-23,547.2736206054688,585.279296875,592.7784423828125,579.7321166992188,592.5238647460938,601141
2015-01-27,555.4904174804688,594.06689453125,596.2271118164062,582.494140625,586.151123046875,839250
2015-01-28,561.93994140625,600.9642333984375,603.7879638671875,591.0039672851562,591.0039672851562,786672
2015-01-29,567.3072509765625,606.7042846679688,609.4971923828125,594.3214721679688,600.856201171875,537695
2015-01-30,560.4033203125,599.3209228515625,613.3547973632812,595.8104858398438,606.4111328125,727295
2015-02-02,549.4739379882812,587.6324462890625,598.4490966796875,586.3517456054688,590.6876220703125,397704
2015-02-03,560.9661254882812,599.9226684570312,602.0906372070312,586.3517456054688,589.73095703125,1131714
2015-02-04,562.29345703125,601.34228515625,607.552978515625,597.9630126953125,600.5399169921875,587771
2015-02-05,560.9012451171875,599.853271484375,605.693603515625,594.06689453125,598.726806640625,1163469
2015-02-06,548.997802734375,587.1232299804688,604.5595092773438,583.6282958984375,592.5546875,605062
2015-02-09,535.0744018554688,572.2329711914062,586.4906005859375,568.7843017578125,585.5802001953125,265445
2015-02-10,550.1953125,588.4039306640625,590.8496704101562,563.4994506835938,569.2240600585938,480858
2015-02-11,554.646484375,593.1641845703125,599.8840942382812,585.6033325195312,588.4039306640625,764819
2015-02-12,552.2080078125,590.5564575195312,606.642578125,587.5244140625,602.8621826171875,730328
2015-02-13,556.9261474609375,595.6021728515625,600.8407592773438,592.5238647460938,592.5238647460938,392409
2015-02-16,556.2479858398438,594.876953125,601.7511596679688,591.9066162109375,595.9262084960938,259994
2015-02-18,558.0010986328125,596.7517700195312,599.4674682617188,587.894775390625,594.99267578125,570707
2015-02-19,546.2780151367188,584.214599609375,601.7820434570312,580.349365234375,596.8443603515625,802206
2015-02-20,542.6060180664062,580.28759765625,588.6893920898438,578.7908935546875,584.4846801757812,275256
2015-02-23,533.2276000976562,570.2579345703125,586.2514038085938,563.56884765625,581.876953125,442881
2015-02-24,531.2219848632812,568.1130981445312,572.0786743164062,563.823486328125,569.2240600585938,298075
2015-02-25,529.2742919921875,566.030029296875,574.0075073242188,563.2062377929688,569.5404052734375,278536
2015-02-26,519.1166381835938,555.1670532226562,573.05078125,552.50537109375,567.071533203125,791021
2015-02-27,540.3768310546875,577.9036254882812,582.185546875,554.6578979492188,560.55224609375,788973
2015-03-02,575.3005981445312,615.252685546875,618.3773193359375,584.044921875,586.3517456054688,1010770
2015-03-03,576.8155517578125,616.8728637695312,621.0467529296875,604.8681030273438,614.1262817382812,753348
2015-03-04,560.2230224609375,599.1280517578125,618.4313354492188,595.8799438476562,616.5951538085938,465680
2015-03-05,546.06884765625,583.9909057617188,603.3250732421875,579.8170166015625,599.6217651367188,579547
2015-03-09,535.355712890625,572.5338745117188,587.5861206054688,570.9214477539062,582.494140625,416679
2015-03-10,533.6821899414062,570.7439575195312,578.3897094726562,567.0638427734375,572.4644775390625,396550
2015-03-11,533.992431640625,571.0757446289062,574.1618041992188,561.694091796875,570.45849609375,250007
2015-03-12,539.7853393554688,577.27099609375,583.1113891601562,572.8733520507812,574.0075073242188,303798
2015-03-13,529.4473266601562,566.2151489257812,584.3457641601562,557.9599609375,578.0579223632812,838350
2015-03-16,532.7442626953125,569.7410278320312,573.9689331054688,563.669189453125,569.3783569335938,183722
2015-03-17,534.60546875,571.7315063476562,575.0875854492188,566.222900390625,571.716064453125,310693
2015-03-18,529.41845703125,566.184326171875,572.7730712890625,563.514892578125,572.7730712890625,309559
2015-03-19,521.151123046875,557.3427734375,575.3653564453125,554.7196044921875,567.5267333984375,343525
2015-03-20,521.6489868164062,557.8751220703125,561.6632080078125,547.7759399414062,557.3427734375,350031
2015-03-23,523.7120971679688,560.0816040039062,568.6068725585938,552.3742065429688,562.4270629882812,313234
2015-03-24,518.467529296875,554.4727172851562,564.749267578125,552.405029296875,557.0573120117188,377892
2015-03-25,515.14892578125,550.9237670898438,561.1771850585938,547.93798828125,554.7196044921875,601225
2015-03-26,512.0830078125,547.644775390625,555.6453857421875,544.4815673828125,549.3189697265625,1163113
2015-03-27,514.9397583007812,550.7000122070312,555.3367919921875,546.23291015625,546.5723876953125,361036
2015-03-30,523.9069213867188,560.2899169921875,565.9760131835938,548.5474853515625,551.6412353515625,524111
2015-03-31,522.6444702148438,558.9397583007812,563.9700927734375,554.457275390625,560.4288330078125,552354
2015-04-01,532.9894409179688,570.0032958984375,574.8870239257812,553.9480590820312,561.6632080078125,266456
2015-04-06,533.5739135742188,570.6282348632812,575.550537109375,567.4033203125,571.0757446289062,190871
2015-04-07,543.4141235351562,581.1517333984375,584.0371704101562,566.97900390625,571.1220092773438,431870
2015-04-08,548.3124389648438,586.3903198242188,587.894775390625,579.4080810546875,579.4080810546875,286760
2015-04-09,543.717041015625,581.4757690429688,589.9469604492188,580.326171875,587.894775390625,213696
2015-04-10,547.2232055664062,585.225341796875,586.9612426757812,578.9451904296875,581.72265625,172200
2015-04-13,545.4628295898438,583.3428344726562,586.3517456054688,578.181396484375,584.970703125,184902
2015-04-15,548.9401245117188,587.0615234375,590.5025024414062,583.443115234375,584.0371704101562,276754
2015-04-16,538.1765747070312,575.550537109375,590.2478637695312,569.5558471679688,586.5060424804688,636409
2015-04-17,526.2298583984375,562.7742309570312,578.0193481445312,560.1201782226562,575.550537109375,462939
2015-04-20,521.151123046875,557.3427734375,569.0543212890625,552.58251953125,560.8917236328125,439569
2015-04-21,524.33984375,560.7528686523438,566.1380004882812,550.2448120117188,557.0341186523438,489419
2015-04-22,529.5195922851562,566.2922973632812,572.4644775390625,559.3486938476562,560.7528686523438,364386
2015-04-23,525.090087890625,561.5552368164062,571.6929321289062,554.8739013671875,567.8199462890625,288361
2015-04-24,528.5167236328125,565.2199096679688,570.0881958007812,555.5142822265625,561.8638305664062,165090
2015-04-27,521.3963012695312,557.6050415039062,565.9837036132812,553.27685546875,564.7647094726562,504150
2015-04-28,522.8392333984375,559.1480712890625,562.2650146484375,548.7172241210938,556.4169311523438,501636
2015-04-29,519.34033203125,555.40625,569.3783569335938,545.4691162109375,555.9771728515625,443756
2015-04-30,517.8759155273438,553.840087890625,558.5771484375,550.4299926757812,554.727294921875,1039784
2015-05-04,523.0267944335938,559.3486938476562,563.0519409179688,547.0121459960938,552.559326171875,829536
2015-05-05,516.6062622070312,552.482177734375,559.3486938476562,548.55517578125,556.1854858398438,452512
2015-05-06,501.81707763671875,536.6661376953125,554.1332397460938,534.197265625,551.633544921875,706933
2015-05-07,506.5137023925781,541.688720703125,544.3504028320312,531.2655029296875,534.197265625,257545
2015-05-08,504.0030517578125,539.0038452148438,544.3504028320312,536.2032470703125,544.3504028320312,422007
2015-05-11,513.1795043945312,548.8175048828125,550.7077026367188,539.1967163085938,541.6038208007812,158467
2015-05-12,503.2816467285156,538.2322998046875,551.633544921875,535.7402954101562,549.1646728515625,649863
2015-05-13,507.040283203125,542.2518920898438,548.5474853515625,534.6602172851562,540.8323364257812,209289
2015-05-14,509.3558654785156,544.7284545898438,548.3931884765625,533.3023071289062,540.369384765625,152803
2015-05-15,512.2415771484375,547.8145141601562,552.5130615234375,543.1854248046875,543.1854248046875,218414
2015-05-18,512.4436645507812,548.0305786132812,551.6181030273438,545.5617065429688,547.3284912109375,354380
2015-05-19,518.0490112304688,554.0252075195312,557.1884155273438,544.9984741210938,549.3189697265625,493969
2015-05-20,518.7559814453125,554.7813110351562,560.8453979492188,552.3973388671875,554.5189819335938,264142
2015-05-21,530.3131103515625,567.1409912109375,569.1392211914062,551.9730224609375,557.7902221679688,476931
2015-05-22,525.2559814453125,561.732666015625,570.61279296875,559.3486938476562,568.1439819335938,195764
2015-05-25,514.7520751953125,550.4993896484375,566.6009521484375,548.1463012695312,560.8917236328125,148940
2015-05-26,515.40869140625,551.2014770507812,556.046630859375,547.7759399414062,551.633544921875,194863
2015-05-27,516.3465576171875,552.2044677734375,558.5771484375,547.9302368164062,549.3189697265625,504072
2015-05-28,506.701171875,541.8892822265625,553.6703491210938,540.3848266601562,552.775390625,897111
2015-05-29,525.2847900390625,561.7635498046875,565.11962890625,543.1468505859375,543.1468505859375,569878
2015-06-01,521.3601684570312,557.5664672851562,567.8353271484375,556.4169311523438,561.7635498046875,186950
2015-06-02,505.3304138183594,540.4234008789062,558.0062255859375,538.5177612304688,557.0341186523438,318703
2015-06-03,491.5296936035156,525.664306640625,539.2044067382812,523.5503540039062,538.0548706054688,342792
2015-06-04,497.6184997558594,532.1759033203125,533.8115234375,523.86669921875,527.9171752929688,320453
2015-06-05,491.85430908203125,526.011474609375,535.1231079101562,524.6304931640625,528.3414916992188,400964
2015-06-08,491.4864807128906,525.6180419921875,530.6251831054688,520.6185913085938,526.7598876953125,171137
2015-06-09,496.810546875,531.3118286132812,534.6293334960938,524.599609375,524.6304931640625,219334
2015-06-10,497.7916564941406,532.361083984375,535.8945922851562,529.575927734375,530.8026123046875,259547
2015-06-11,485.49151611328125,519.2067260742188,534.04296875,516.9153442382812,532.5230712890625,461837
2015-06-12,484.1136169433594,517.733154296875,520.7728881835938,512.3170776367188,518.6281127929688,277019
2015-06-15,483.3778381347656,516.9462280273438,520.9194946289062,513.0577392578125,517.6868286132812,373790
2015-06-16,486.32830810546875,520.1016845703125,522.9408569335938,513.0577392578125,515.372314453125,287259
2015-06-17,485.70068359375,519.4304809570312,526.1735229492188,516.3753051757812,520.4488525390625,300156
2015-06-18,485.73675537109375,519.4690551757812,522.7788696289062,517.0696411132812,520.6109008789062,346998
2015-06-19,488.28338623046875,522.1925048828125,525.4019775390625,519.2298583984375,520.6417846679688,288374
2015-06-22,490.36822509765625,524.4221801757812,527.5313720703125,520.3099975585938,522.7325439453125,420088
2015-06-23,495.4397888183594,529.845947265625,531.7284545898438,523.8049926757812,526.1735229492188,315327
2015-06-24,490.60626220703125,524.6767578125,536.9747314453125,521.1432495117188,529.8767700195312,704172
2015-06-25,491.40704345703125,525.5331420898438,528.4880981445312,522.31591796875,524.6304931640625,677296
2015-06-26,490.1518859863281,524.1907348632812,530.6483154296875,523.1029052734375,525.7106323242188,373343
2015-06-29,486.5592346191406,520.3485717773438,522.4625244140625,509.3544921875,522.3082275390625,429926
2015-06-30,496.6878662109375,531.1806640625,533.1171875,517.1082153320312,520.3485717773438,181033
2015-07-01,507.3719787597656,542.6068115234375,544.6898803710938,528.97412109375,531.2732543945312,283818
2015-07-02,500.6772766113281,535.4471435546875,547.606201171875,533.734375,547.606201171875,226508
2015-07-03,505.96533203125,541.1023559570312,543.1468505859375,533.4720458984375,533.4720458984375,248076
2015-07-06,513.756591796875,549.4346923828125,551.4714965820312,535.2774047851562,535.7402954101562,344179
2015-07-07,515.574462890625,551.37890625,556.663818359375,549.6275634765625,549.6275634765625,286462
2015-07-08,506.3980407714844,541.5652465820312,551.224609375,539.289306640625,549.3189697265625,338599
2015-07-09,507.3936462402344,542.6299438476562,549.2803955078125,541.0174560546875,542.5296630859375,158674
2015-07-10,518.9147338867188,554.9510498046875,556.046630859375,543.1468505859375,543.6098022460938,349085
2015-07-13,524.05126953125,560.4442138671875,563.823486328125,551.8804321289062,558.4074096679688,319967
2015-07-14,523.070068359375,559.3949584960938,562.4347534179688,555.9617309570312,560.8917236328125,174792
2015-07-15,531.9002685546875,568.8383178710938,570.7208251953125,559.3486938476562,560.0739135742188,366499
2015-07-16,530.2049560546875,567.0252685546875,571.5386352539062,564.3480834960938,570.7053833007812,279871
2015-07-17,533.4007568359375,570.4430541992188,574.6246948242188,566.9095458984375,568.1285400390625,312113
2015-07-20,543.8180541992188,581.583740234375,583.1113891601562,559.8115844726562,567.0638427734375,562172
2015-07-21,529.6061401367188,566.3848876953125,583.7285766601562,561.8175659179688,580.1950073242188,368832
2015-07-22,539.3812866210938,576.8389282226562,578.721435546875,564.749267578125,566.2922973632812,267499
2015-07-23,533.891357421875,570.9677124023438,576.7232055664062,567.8353271484375,575.589111328125,156186
2015-07-24,529.9379272460938,566.7398071289062,572.2947387695312,565.1658935546875,567.071533203125,142738
2015-07-27,531.2147827148438,568.1054077148438,574.7789916992188,561.8021240234375,563.2062377929688,335463
2015-07-28,530.3491821289062,567.1795654296875,576.669189453125,561.2466430664062,566.9095458984375,359079
2015-07-29,527.5934448242188,564.2323608398438,570.5665283203125,561.6632080078125,567.0638427734375,233093
2015-07-30,536.84912109375,574.1309204101562,575.936279296875,564.3944091796875,568.4525756835938,379720
2015-07-31,536.192626953125,573.4288330078125,580.1796264648438,571.5540771484375,577.0935668945312,434994
2015-08-03,539.3668212890625,576.823486328125,578.3279418945312,572.4644775390625,573.5445556640625,419687
2015-08-04,543.1903076171875,580.9125366210938,584.5078125,573.2359619140625,577.0935668945312,840449
2015-08-05,542.8729248046875,580.5730590820312,584.6466674804688,575.9594116210938,580.9511108398438,491441
2015-08-06,541.3724365234375,578.9683227539062,585.5802001953125,574.0075073242188,580.9511108398438,337336
2015-08-07,549.5316162109375,587.6941528320312,592.9713134765625,571.5386352539062,579.4080810546875,2197720
2015-08-10,544.4312133789062,582.2395629882812,591.9451904296875,577.8650512695312,590.1707153320312,466277
2015-08-11,536.7407836914062,574.0151977539062,586.0430908203125,571.2840576171875,582.5095825195312,405999
2015-08-12,528.2138671875,564.8958740234375,579.8709716796875,558.7314453125,572.1558227539062,476717
2015-08-13,520.17724609375,556.3012084960938,568.5759887695312,551.479248046875,564.7030029296875,255652
2015-08-14,534.3890380859375,571.5000610351562,574.3161010742188,558.5771484375,560.1201782226562,179769
2015-08-17,532.188720703125,569.1469116210938,574.4703979492188,565.1736450195312,571.6929321289062,113743
2015-08-18,535.3773803710938,572.5570068359375,578.3279418945312,567.1409912109375,569.393798828125,208459
2015-08-19,539.107177734375,576.5457763671875,580.1796264648438,568.7611694335938,572.4644775390625,597220
2015-08-20,532.8308715820312,569.8335571289062,575.56591796875,560.2744750976562,566.4466552734375,319157
2015-08-21,523.0628662109375,559.3872680664062,565.8294067382812,552.5361938476562,563.514892578125,436964
2015-08-24,498.3904724121094,533.00146484375,552.1581420898438,524.7847900390625,547.7759399414062,933779
2015-08-25,498.9891662597656,533.6417846679688,539.2815551757812,518.8672485351562,534.8222045898438,560636
2015-08-26,492.27996826171875,526.4666748046875,539.5670166015625,522.7788696289062,533.5337524414062,430736
2015-08-27,505.59014892578125,540.701171875,543.3474731445312,519.8471069335938,527.716552734375,531045
2015-08-28,497.7628479003906,532.3302001953125,548.55517578125,531.0494995117188,545.77001953125,383738
2015-08-31,497.2794494628906,531.8132934570312,539.0655517578125,527.562255859375,532.3456420898438,143969
2015-09-01,493.49920654296875,527.7705688476562,532.3147583007812,520.4642944335938,527.716552734375,420244
2015-09-02,492.6407775878906,526.8524780273438,532.1913452148438,522.5474243164062,528.4880981445312,451222
2015-09-03,497.2878112792969,528.20263671875,530.8026123046875,523.0874633789062,527.3770751953125,314718
2015-09-04,490.24932861328125,520.7266235351562,528.179443359375,512.780029296875,524.9390869140625,424424
2015-09-07,492.2830505371094,522.8868408203125,526.1735229492188,516.9153442382812,520.7728881835938,357912
2015-09-08,497.42572021484375,528.3491821289062,530.8026123046875,520.0476684570312,523.8589477539062,140898
2015-09-09,509.13470458984375,540.7860107421875,541.9124145507812,531.1575317382812,532.361083984375,186878
2015-09-10,503.46905517578125,534.7681884765625,536.9747314453125,528.5189208984375,533.8964233398438,365229
2015-09-11,503.0767517089844,534.3515625,542.3753662109375,530.8026123046875,533.888671875,315178
2015-09-14,505.11785888671875,536.51953125,539.8602294921875,533.3177490234375,535.2774047851562,220313
2015-09-15,502.1615905761719,533.3794555664062,537.0750122070312,532.0216064453125,533.888671875,284330
2015-09-16,503.5997619628906,534.9071044921875,537.1907348632812,531.6127319335938,534.8530883789062,268231
2015-09-18,508.0015869140625,539.5824584960938,547.6216430664062,536.2032470703125,536.9747314453125,194830
2015-09-21,502.43756103515625,533.6726684570312,537.5919799804688,529.2595825195312,535.7402954101562,259722
2015-09-22,498.1666564941406,529.1361694335938,536.9747314453125,522.7865600585938,534.2281494140625,849062
2015-09-23,499.98260498046875,531.06494140625,533.271484375,522.31591796875,524.6304931640625,219969
2015-09-24,498.7113952636719,529.7147827148438,535.1231079101562,527.253662109375,529.1052856445312,595619
2015-09-28,501.2173767089844,532.3765258789062,536.0335083007812,528.4880981445312,530.0311279296875,328865
2015-09-29,499.86627197265625,530.9414672851562,539.906494140625,521.5598754882812,526.1735229492188,447917
2015-09-30,511.0450134277344,542.8151245117188,546.8578491210938,530.1082763671875,532.1913452148438,513619
2015-10-01,512.6865234375,544.5587158203125,550.8619995117188,540.292236328125,545.6311645507812,173573
2015-10-05,525.179931640625,557.8287963867188,561.1231689453125,545.7854614257812,549.01806640625,419343
2015-10-06,523.4367065429688,555.9771728515625,565.4822387695312,550.0905151367188,558.4228515625,356246
2015-10-07,529.458251953125,562.373046875,563.2062377929688,552.405029296875,555.4910888671875,215089
2015-10-08,530.8455200195312,563.8466186523438,566.5932006835938,560.9148559570312,562.4193115234375,231207
2015-10-09,529.2113037109375,562.1107177734375,569.1854858398438,560.1741943359375,564.7801513671875,237396
2015-10-12,526.225830078125,558.9397583007812,569.1160888671875,557.8519287109375,563.9314575195312,156464
2015-10-13,529.54541015625,562.4656372070312,563.823486328125,558.5771484375,559.0401000976562,113400
2015-10-14,528.1507568359375,560.9843139648438,564.5872802734375,558.8858032226562,560.1201782226562,172452
2015-10-15,529.4436645507812,562.3576049804688,567.2181396484375,560.2899169921875,563.2062377929688,407036
2015-10-16,530.104736328125,563.0596923828125,565.3665161132812,557.7207641601562,563.514892578125,259255
2015-10-19,523.4947509765625,556.0388793945312,562.9362182617188,553.9480590820312,562.9362182617188,284654
2015-10-20,524.0323486328125,556.6098022460938,559.3486938476562,554.1023559570312,556.6021118164062,299579
2015-10-21,528.3613891601562,561.2080688476562,562.8976440429688,554.1023559570312,557.1884155273438,162796
2015-10-23,529.8722534179688,562.8128051757812,569.7872924804688,561.4395141601562,563.2448120117188,145654
2015-10-26,536.0753784179688,569.4015502929688,573.205078125,558.5925903320312,563.399169921875,213210
2015-10-27,535.537841796875,568.8306274414062,574.0075073242188,566.4466552734375,568.6068725585938,367231
2015-10-28,537.121337890625,570.5125122070312,572.6187744140625,566.3077392578125,566.338623046875,213605
2015-10-29,533.438720703125,566.6009521484375,570.76708984375,562.1261596679688,569.68701171875,464054
2015-10-30,539.2567749023438,572.78076171875,580.0253295898438,567.5344848632812,572.3101196289062,716790
2015-11-02,536.2278442382812,569.5635375976562,576.6074829101562,563.2833862304688,572.78076171875,126944
2015-11-03,537.353759765625,570.7593994140625,574.0075073242188,569.0697631835938,571.5540771484375,381839
2015-11-04,537.1431274414062,570.53564453125,574.8330078125,565.9837036132812,573.228271484375,199127
2015-11-05,537.0487670898438,570.4353637695312,571.8472290039062,565.1658935546875,569.3783569335938,194338
2015-11-06,535.9155883789062,569.2318115234375,573.8377685546875,564.4715576171875,570.30419921875,206671
2015-11-09,530.0901489257812,563.0442504882812,565.0579223632812,559.3486938476562,564.594970703125,439122
2015-11-10,526.058837890625,558.7623291015625,561.7017822265625,554.2567138671875,560.1124877929688,292722
2015-11-13,526.3275756835938,559.0477905273438,560.1201782226562,548.6632080078125,553.3231811523438,461066
2015-11-16,534.8333129882812,568.0822143554688,569.99560546875,556.0774536132812,559.3486938476562,203612
2015-11-17,525.0782470703125,557.7207641601562,569.8798828125,552.7136840820312,569.2240600585938,288665
2015-11-18,524.722412109375,557.3427734375,559.4798583984375,552.7290649414062,558.1142578125,222173
2015-11-19,532.4727172851562,565.5748291015625,567.8353271484375,557.3427734375,557.8828125,162861
2015-11-20,535.15283203125,568.4216918945312,570.61279296875,563.14453125,565.5208129882812,275775
2015-11-23,533.5621948242188,566.7321166992188,572.7730712890625,562.8204956054688,568.2982788085938,261193
2015-11-24,536.8306884765625,570.2039184570312,573.8531494140625,563.2216796875,564.749267578125,440749
2015-11-26,541.849853515625,575.5350952148438,577.078125,567.8507690429688,570.2039184570312,434489
2015-11-27,542.5328369140625,576.2603149414062,578.6365966796875,573.4057006835938,576.0674438476562,349772
2015-11-30,543.5640258789062,577.3558349609375,578.9451904296875,574.3161010742188,576.322021484375,187572
2015-12-01,542.503662109375,576.2294311523438,582.4786987304688,574.4163818359375,578.9451904296875,178674
2015-12-02,545.706787109375,579.6318359375,581.0745849609375,576.0211181640625,576.3374633789062,387497
2015-12-03,543.905517578125,577.7184448242188,584.0371704101562,574.8252563476562,577.6027221679688,586229
2015-12-04,540.3463745117188,573.9380493164062,579.4080810546875,571.6929321289062,575.6970825195312,271368
2015-12-07,547.6826171875,581.7303466796875,584.8087158203125,574.79443359375,574.79443359375,339500
2015-12-08,543.1646728515625,576.9315185546875,581.68408203125,575.681640625,580.2258911132812,84334
2015-12-09,537.6515502929688,571.0757446289062,577.9190673828125,569.53271484375,575.72021484375,407205
2015-12-10,539.1769409179688,572.6959228515625,573.8531494140625,564.749267578125,570.9214477539062,194513
2015-12-11,526.0806884765625,558.7854614257812,575.550537109375,556.5712280273438,572.3101196289062,202167
2015-12-14,530.4605712890625,563.437744140625,573.8917236328125,553.3617553710938,556.8335571289062,246644
2015-12-15,535.16015625,568.429443359375,570.76708984375,558.4228515625,563.707763671875,170495
2015-12-16,541.1016845703125,574.7404174804688,575.550537109375,569.1006469726562,569.7255859375,245024
2015-12-17,542.8304443359375,576.5765991210938,578.6365966796875,571.6929321289062,575.33447265625,267622
2015-12-18,540.64404296875,574.25439453125,580.9356689453125,568.892333984375,574.3161010742188,478979
2015-12-21,538.639404296875,572.125,575.550537109375,569.0543212890625,574.3161010742188,111611
2015-12-22,541.2034912109375,574.8484497070312,577.5564575195312,567.9896850585938,572.1558227539062,330421
2015-12-23,543.1282958984375,576.8929443359375,578.8680419921875,574.1386108398438,575.8899536132812,171837
2015-12-24,540.2083740234375,573.7914428710938,578.6365966796875,572.2329711914062,577.4638671875,105908
2015-12-28,536.8090209960938,570.1807861328125,575.5427856445312,568.1439819335938,574.0075073242188,138746
2015-12-29,543.665771484375,577.4638671875,580.9511108398438,566.724365234375,570.9214477539062,400374
2015-12-30,541.2325439453125,574.8792724609375,578.3125610351562,571.098876953125,578.3125610351562,173392
2015-12-31,545.4744262695312,579.3849487304688,580.4727783203125,572.62646484375,574.7789916992188,378087
2016-01-01,547.3484497070312,581.3754272460938,584.8240966796875,576.322021484375,577.5873413085938,149348
2016-01-04,531.2957763671875,564.324951171875,583.7285766601562,560.5985717773438,580.1873168945312,429103
2016-01-05,531.5645751953125,564.6104125976562,569.6406860351562,559.5801391601562,565.1350708007812,214175
2016-01-06,530.5913696289062,563.5765991210938,568.9154663085938,555.9000244140625,564.594970703125,334983
2016-01-07,516.7615356445312,548.886962890625,563.1985473632812,546.23291015625,560.2744750976562,543534
2016-01-08,519.448974609375,551.7415161132812,554.997314453125,542.3521728515625,550.87744140625,173431
2016-01-11,526.1895751953125,558.9011840820312,562.0567016601562,544.821044921875,548.8560791015625,334627
2016-01-12,515.66455078125,547.721923828125,563.3142700195312,540.4234008789062,559.1943969726562,589249
2016-01-13,512.3742065429688,544.2269897460938,554.7118530273438,539.443603515625,550.8619995117188,378449
2016-01-14,508.3357238769531,539.9373779296875,543.7409057617188,536.2032470703125,542.8382568359375,540915
2016-01-15,508.9893798828125,540.6317138671875,543.4554443359375,530.6483154296875,540.369384765625,374107
2016-01-18,508.59710693359375,540.215087890625,546.9195556640625,537.082763671875,541.6038208007812,409719
2016-01-19,511.7496032714844,543.5634765625,545.1759643554688,537.8465576171875,538.5486450195312,360945
2016-01-20,504.9871826171875,536.3806762695312,550.7926025390625,533.580078125,535.3854370117188,568115
2016-01-21,501.5151062011719,532.6928100585938,541.4495239257812,530.270263671875,537.7848510742188,294277
2016-01-22,500.7960510253906,531.9290161132812,540.215087890625,530.0311279296875,533.9041137695312,252827
2016-01-25,500.4256591796875,531.5355834960938,537.7308349609375,529.2595825195312,532.361083984375,378994
2016-01-27,497.37481689453125,528.295166015625,537.5610961914062,526.983642578125,528.0328979492188,607330
2016-01-28,485.95654296875,516.1669921875,532.0061645507812,512.4482421875,530.8026123046875,953461
2016-01-29,493.0022888183594,523.6506958007812,531.4197998046875,517.1005249023438,517.1005249023438,588646
2016-02-01,499.5030822753906,530.5557250976562,550.8543090820312,527.716552734375,541.9124145507812,1164947
2016-02-02,499.6194763183594,530.67919921875,536.8204345703125,526.6827392578125,533.271484375,520248
2016-02-03,495.6679992675781,526.4821166992188,534.3515625,525.4019775390625,528.025146484375,458500
2016-02-04,498.7404479980469,529.7456665039062,533.4566040039062,525.2476806640625,528.6886596679688,196308
2016-02-05,503.09869384765625,534.374755859375,536.9747314453125,528.7041015625,532.1913452148438,469336
2016-02-08,498.20294189453125,529.1747436523438,542.7070922851562,527.4156494140625,536.8204345703125,317997
2016-02-09,493.648681640625,524.3373413085938,534.2821655273438,523.0874633789062,527.6934204101562,228284
2016-02-10,497.6146240234375,528.5498046875,531.4197998046875,520.7728881835938,524.3218994140625,229664
2016-02-11,492.7842712402344,523.419189453125,530.75634765625,517.3396606445312,528.333740234375,350641
2016-02-12,491.5858154296875,522.146240234375,524.931396484375,513.0654907226562,523.419189453125,234091
2016-02-15,504.4423828125,535.8020629882812,541.5961303710938,522.31591796875,524.622802734375,392020
2016-02-16,499.8953857421875,530.9723510742188,540.81689453125,527.6239624023438,536.3575439453125,165997
2016-02-17,502.03082275390625,533.2406005859375,540.022216796875,524.6073608398438,532.1913452148438,440224
2016-02-18,500.97039794921875,532.1141967773438,539.289306640625,526.945068359375,536.5118408203125,236573
2016-02-19,497.9342041015625,528.8892822265625,532.1913452148438,526.1735229492188,532.1913452148438,208032
2016-02-22,505.9677734375,537.4222412109375,539.1041259765625,529.2595825195312,529.2595825195312,218239
2016-02-23,495.0577697753906,525.8340454101562,539.289306640625,521.54443359375,538.2863159179688,408669
2016-02-24,489.2469482421875,519.6619262695312,530.0311279296875,518.4738159179688,523.7046508789062,306772
2016-02-25,479.608154296875,509.4239196777344,526.34326171875,506.1295471191406,521.54443359375,716900
2016-02-26,479.48468017578125,509.2927551269531,512.5948486328125,498.86187744140625,512.1319580078125,540740
2016-02-29,483.4142761230469,513.4666748046875,518.6126708984375,502.0328063964844,510.74322509765625,409466
2016-03-01,497.53466796875,528.4649047851562,531.7284545898438,510.89752197265625,516.9153442382812,621251
2016-03-02,501.4061279296875,532.5770874023438,538.2091674804688,529.8150634765625,531.2655029296875,177747
2016-03-03,508.00872802734375,539.5901489257812,544.5355834960938,530.8026123046875,533.734375,323778
2016-03-04,510.6744689941406,542.421630859375,544.8287963867188,532.3456420898438,539.906494140625,658962
2016-03-08,512.715576171875,544.589599609375,547.4673461914062,540.2228393554688,543.6869506835938,377983
2016-03-09,527.61328125,560.4133911132812,563.514892578125,543.1468505859375,544.6898803710938,548057
2016-03-10,523.197021484375,555.7225341796875,565.4899291992188,552.7136840820312,561.5089111328125,283986
2016-03-11,520.4295654296875,552.7830810546875,560.2744750976562,550.0905151367188,554.2026977539062,267091
2016-03-14,521.1341552734375,553.5314331054688,559.78076171875,551.440673828125,554.2567138671875,309203
2016-03-15,515.7953491210938,547.86083984375,559.8115844726562,547.0044555664062,553.4851684570312,730801
2016-03-16,520.2625122070312,552.6056518554688,555.1284790039062,546.2174682617188,549.1646728515625,217046
2016-03-17,528.078125,560.9071655273438,564.7415771484375,554.4110107421875,555.4910888671875,537526
2016-03-18,531.2523193359375,564.2786865234375,571.6929321289062,561.7017822265625,561.7017822265625,479860
2016-03-21,542.4818725585938,576.206298828125,578.6211547851562,561.6786499023438,565.0579223632812,956221
2016-03-22,544.6536865234375,578.5131225585938,582.7255859375,576.2757568359375,577.0703735351562,401262
2016-03-23,549.2732543945312,583.4199829101562,590.5178833007812,582.03125,584.9630126953125,527455
2016-03-28,550.0723266601562,584.2686157226562,587.4318237304688,576.0751342773438,583.1036376953125,659734
2016-03-29,547.2393188476562,581.2597045898438,586.3363037109375,578.2739868164062,581.7689208984375,817080
2016-03-30,557.6482543945312,592.3155517578125,595.440185546875,582.825927734375,584.6544189453125,869490
2016-03-31,558.447265625,593.1641845703125,596.1962890625,588.2188110351562,592.8324584960938,1310796
2016-04-01,559.703857421875,594.4989013671875,599.776123046875,588.049072265625,588.049072265625,278108
2016-04-04,563.393798828125,598.418212890625,600.239013671875,594.37548828125,599.776123046875,366713
2016-04-05,557.1687622070312,591.8063354492188,599.737548828125,589.8930053710938,596.9832153320312,413653
2016-04-06,568.3911743164062,603.7262573242188,604.8681030273438,590.988525390625,593.2259521484375,762998
2016-04-07,567.9988403320312,603.3096313476562,607.1749267578125,601.7820434570312,607.1749267578125,480327
2016-04-08,578.5528564453125,614.519775390625,615.9779052734375,597.9244384765625,602.0134887695312,759200
2016-04-11,582.0974731445312,618.2847290039062,621.6099853515625,604.0040283203125,616.1013793945312,644037
2016-04-12,587.1820068359375,623.6853637695312,625.0663452148438,614.2343139648438,617.3666381835938,572691
2016-04-13,591.772705078125,628.5613403320312,635.6052856445312,622.2811889648438,624.156005859375,432324
2016-04-18,594.2568359375,631.1998901367188,634.1856689453125,619.2260131835938,628.6307983398438,621439
2016-04-20,594.60546875,631.5702514648438,638.6604614257812,626.2776489257812,631.8711547851562,437943
2016-04-21,581.4510498046875,617.5980834960938,636.0681762695312,615.3607177734375,632.9666748046875,317673
2016-04-22,582.9764404296875,619.21826171875,624.4182739257812,612.2206420898438,614.5891723632812,395909
2016-04-25,586.7100219726562,623.1838989257812,625.6990356445312,615.6693115234375,619.6812133789062,294038
2016-04-26,593.7701416015625,630.6829833984375,634.1856689453125,620.2984008789062,621.8414306640625,414113
2016-04-27,600.1766357421875,637.48779296875,639.8948974609375,628.0135498046875,630.63671875,513444
2016-04-28,598.1863403320312,635.3738403320312,638.0432739257812,630.328125,635.7286987304688,480256
2016-04-29,593.690185546875,630.59814453125,637.580322265625,625.6218872070312,636.0296020507812,177105
2016-05-02,591.3658447265625,628.1292724609375,632.6426391601562,624.927490234375,628.7850952148438,104858
2016-05-03,601.7818603515625,639.1928100585938,644.817138671875,627.2420654296875,631.25390625,675922
2016-05-04,602.0360107421875,639.4628295898438,641.5767822265625,632.357177734375,638.5061645507812,343713
2016-05-05,597.8305053710938,634.9957885742188,642.51806640625,632.010009765625,642.51806640625,191253
2016-05-06,597.3656005859375,634.5020141601562,637.2640380859375,629.764892578125,633.3987426757812,214966
2016-05-09,600.576171875,637.912109375,643.1044311523438,630.3435668945312,638.0432739257812,736660
2016-05-10,612.4375610351562,650.5109252929688,660.417236328125,632.6426391601562,637.912109375,497754
2016-05-11,619.5123291015625,658.0255126953125,663.4955444335938,646.2984619140625,650.858154296875,1002248
2016-05-12,618.6987915039062,657.1614379882812,661.188720703125,651.1898803710938,658.8742065429688,276507
2016-05-13,617.66015625,656.0581665039062,657.7786254882812,642.36376953125,655.7418212890625,377387
2016-05-16,619.955322265625,658.4961547851562,659.6456909179688,651.4830322265625,657.2848510742188,178304
2016-05-17,622.119873046875,660.7952270507812,665.0463256835938,656.7139282226562,658.905029296875,272710
2016-05-18,619.6793823242188,658.2029418945312,659.6456909179688,655.7418212890625,659.6456909179688,145842
2016-05-19,617.7327270507812,656.1353149414062,660.1163330078125,650.41064453125,658.2569580078125,343674
2016-05-20,611.1228637695312,649.114501953125,655.7880859375,648.0729370117188,655.0166015625,146899
2016-05-23,611.7620239257812,649.79345703125,657.1768188476562,646.7305297851562,651.899658203125,176205
2016-05-24,623.267578125,662.0142211914062,666.4196166992188,646.9774169921875,649.7703247070312,183696
2016-05-25,630.9815063476562,670.207763671875,671.9822387695312,662.5774536132812,665.9721069335938,445856
2016-05-26,629.1727905273438,668.2866821289062,672.761474609375,662.7317504882812,670.207763671875,398812
2016-05-27,633.5673828125,672.954345703125,676.6190185546875,668.1477661132812,668.9038696289062,330855
2016-05-30,632.187255859375,671.4884643554688,679.6047973632812,669.8297119140625,674.6516723632812,244097
2016-05-31,632.9428100585938,672.2908325195312,675.8475341796875,665.9335327148438,668.1323852539062,580552
2016-06-01,632.8045043945312,672.1442260742188,677.3905639648438,668.4486694335938,672.31396484375,302255
2016-06-02,630.6837158203125,669.8914184570312,672.3988647460938,667.36083984375,671.9899291992188,423406
2016-06-03,627.393310546875,666.3964233398438,674.25048828125,665.0694580078125,669.8297119140625,124048
2016-06-06,627.37890625,666.3810424804688,670.2926025390625,663.6961669921875,663.6961669921875,126050
2016-06-07,628.5845336914062,667.6617431640625,676.202392578125,665.8409423828125,667.5460205078125,762415
2016-06-08,629.3326416015625,668.4564208984375,672.607177734375,664.8765869140625,669.6754150390625,237564
2016-06-09,625.359375,664.2362060546875,672.2985229492188,661.188720703125,669.0581665039062,162725
2016-06-10,626.2965087890625,665.2314453125,670.516357421875,656.081298828125,663.318115234375,230455
2016-06-13,626.398193359375,665.3394775390625,668.7033081054688,660.532958984375,664.2747802734375,722376
2016-06-14,620.5582885742188,659.136474609375,665.5092163085938,656.5905151367188,665.5092163085938,335864
2016-06-15,626.9357299804688,665.910400390625,667.36083984375,660.8569946289062,661.535888671875,188713
2016-06-16,623.1367797851562,661.8753662109375,666.4349975585938,658.8818969726562,666.4349975585938,172543
2016-06-17,628.5046997070312,667.5768432617188,671.2184448242188,663.8118896484375,663.8118896484375,537727
2016-06-20,627.6983642578125,666.720458984375,669.6754150390625,655.7958374023438,663.5032958984375,168460
2016-06-21,625.9042358398438,664.8148193359375,669.2124633789062,662.5851440429688,667.9472045898438,154540
2016-06-22,621.3135375976562,659.9388427734375,667.322265625,658.6967163085938,665.8178100585938,1113775
2016-06-23,624.6257934570312,663.4569702148438,665.0463256835938,658.9204711914062,660.417236328125,367944
2016-06-24,623.3910522460938,662.1453857421875,666.74365234375,654.2373657226562,655.7880859375,1172879
2016-06-27,634.62060546875,674.0730590820312,678.625,660.417236328125,661.6207885742188,659546
2016-06-28,647.7677612304688,688.0374755859375,690.2748413085938,675.1531372070312,675.1531372070312,735941
2016-06-29,649.89599609375,690.2979736328125,694.52587890625,686.6487426757812,688.5852661132812,749972
2016-06-30,677.7881469726562,719.9241943359375,724.885009765625,690.5062866210938,693.98583984375,1755467
2016-07-01,674.5341186523438,716.4678344726562,721.366943359375,714.0220947265625,718.4351806640625,927421
2016-07-04,665.3309936523438,706.6926879882812,720.5953979492188,705.0570678710938,717.2007446289062,590253
2016-07-05,659.222412109375,700.2042846679688,711.537841796875,698.2137451171875,707.6339721679688,548530
2016-07-07,661.0455322265625,702.1407470703125,705.1651000976562,697.449951171875,701.2921142578125,365242
2016-07-08,659.658203125,700.6671752929688,706.44580078125,698.028564453125,700.8446044921875,992566
2016-07-11,663.0430908203125,704.262451171875,710.9900512695312,702.0790405273438,702.557373046875,662527
2016-07-12,673.9966430664062,715.8969116210938,726.860107421875,703.0125732421875,705.1805419921875,890118
2016-07-13,672.3914184570312,714.1918334960938,717.9645385742188,710.5657348632812,716.5835571289062,461092
2016-07-14,691.603515625,734.598388671875,736.7972412109375,712.270751953125,714.0684204101562,1105687
2016-07-15,700.4432983398438,743.9877319335938,747.6832885742188,732.1681518554688,742.0435180664062,913591
2016-07-18,696.956787109375,740.2844848632812,748.1693725585938,736.3343505859375,745.1141967773438,370433
2016-07-19,691.5017700195312,734.4904174804688,744.5123901367188,732.2684326171875,744.5123901367188,424268
2016-07-20,703.3487548828125,747.0737915039062,750.1907348632812,736.5194702148438,738.3402709960938,1099135
2016-07-21,712.0068969726562,756.270263671875,761.4857177734375,743.9954833984375,747.4441528320312,1079343
2016-07-22,710.5252075195312,754.6964111328125,763.7848510742188,748.5242919921875,756.5480346679688,824591
2016-07-25,706.1670532226562,750.0673217773438,758.0447998046875,746.9349365234375,755.3135986328125,655249
2016-07-26,705.5059814453125,749.365234375,756.5480346679688,747.9070434570312,750.0673217773438,405682
2016-07-27,707.4890747070312,751.471435546875,759.0169067382812,748.8328857421875,749.365234375,529665
2016-07-28,702.77490234375,746.4642944335938,758.9397583007812,743.8643188476562,751.471435546875,1157527
2016-07-29,711.0336303710938,755.2364501953125,758.708251953125,746.3563232421875,749.9130249023438,653499
2016-08-01,724.6311645507812,769.67919921875,774.4472045898438,757.936767578125,757.936767578125,477579
2016-08-02,725.1395874023438,770.2192993164062,778.62109375,766.97119140625,771.5154418945312,822083
2016-08-03,721.7692260742188,766.6394653320312,773.0584716796875,760.4750366210938,770.743896484375,379214
2016-08-04,725.7061157226562,770.821044921875,774.1154174804688,766.6780395507812,767.9664306640625,673427
2016-08-05,764.9222412109375,812.4751586914062,827.2265625,771.3611450195312,773.0584716796875,1245334
2016-08-08,767.9220581054688,815.6615600585938,824.595703125,812.5755004882812,814.7202758789062,526463
2016-08-09,753.4312744140625,800.2698364257812,819.3185424804688,795.4324340820312,815.6461181640625,407107
2016-08-10,703.6248168945312,747.3670043945312,802.3760375976562,741.5189208984375,802.3760375976562,1733199
2016-08-11,659.4766845703125,700.4743041992188,747.876220703125,696.7401733398438,746.672607421875,3967801
2016-08-12,662.665283203125,703.8612670898438,712.309326171875,641.2141723632812,685.4219970703125,13958165
2016-08-16,651.4867553710938,691.9876098632812,707.4411010742188,680.6309204101562,704.3936157226562,3278955
2016-08-17,656.6510620117188,697.4730834960938,708.0968627929688,689.765625,691.27783203125,2076951
2016-08-18,672.1734008789062,713.9603881835938,717.5016479492188,697.912841796875,697.912841796875,1702111
2016-08-19,672.9942016601562,714.8322143554688,724.4530029296875,710.5888671875,717.6636352539062,1620110
2016-08-22,654.0507202148438,694.7110595703125,717.5093383789062,692.8208618164062,714.8322143554688,1723018
2016-08-23,657.588134765625,698.4683227539062,705.9366455078125,690.406005859375,692.8671264648438,1658113
2016-08-24,664.3505249023438,705.6511840820312,710.203125,693.6694946289062,699.1472778320312,1011366
2016-08-25,657.8423461914062,698.7384033203125,713.6517944335938,696.7787475585938,705.9366455078125,1746251
2016-08-26,658.583251953125,699.5253295898438,705.381103515625,695.5983276367188,702.0790405273438,526736
2016-08-29,657.1884765625,698.0440063476562,705.0108032226562,696.4469604492188,701.1531982421875,449226
2016-08-30,680.337646484375,722.6322021484375,730.59423828125,699.772216796875,699.772216796875,1861926
2016-08-31,678.3838500976562,720.5568237304688,733.6109008789062,718.6820678710938,726.7675170898438,1267660
2016-09-01,668.7957763671875,710.372802734375,728.9277954101562,706.8624267578125,717.6636352539062,1081643
2016-09-02,670.1541137695312,711.8155517578125,715.96630859375,700.080810546875,714.1146850585938,1341988
2016-09-06,683.0469970703125,725.5099487304688,732.9242553710938,714.6547241210938,717.5016479492188,1047250
2016-09-07,679.07080078125,716.8304443359375,727.5390625,715.3645629882812,723.3651733398438,828421
2016-09-08,698.1246948242188,736.94384765625,743.7254638671875,717.9722290039062,718.5894775390625,1683057
2016-09-09,687.9946899414062,726.2506103515625,737.40673828125,723.8666381835938,736.94384765625,749972
2016-09-12,677.4774169921875,715.1484985351562,724.6072998046875,706.2452392578125,719.0523681640625,694425
2016-09-14,689.5806884765625,727.9248046875,731.0725708007812,714.4310302734375,715.1484985351562,820275
2016-09-15,691.122802734375,729.552734375,737.25244140625,724.8001708984375,729.0820922851562,758954
2016-09-16,709.4386596679688,748.8869018554688,751.99609375,732.9396362304688,732.9396362304688,1202004
2016-09-19,710.1768188476562,749.6661376953125,756.8180541992188,746.055419921875,748.8869018554688,555789
2016-09-20,712.8883056640625,752.5284423828125,760.683349609375,743.3551025390625,750.0673217773438,741035
2016-09-21,711.6751098632812,751.2477416992188,758.399658203125,749.5966796875,756.8566284179688,666312
2016-09-22,720.2554931640625,760.3052978515625,762.2418212890625,753.060791015625,757.628173828125,697568
2016-09-23,716.17724609375,756.000244140625,767.8121337890625,753.5776977539062,760.7142333984375,674523
2016-09-26,708.3276977539062,747.7141723632812,762.01806640625,745.438232421875,755.0050048828125,722752
2016-09-27,705.8646240234375,745.1141967773438,755.9154052734375,742.3907470703125,755.9154052734375,451008
2016-09-28,713.509521484375,753.1842041015625,755.8150634765625,742.51416015625,745.1295776367188,588737
2016-09-29,688.1337280273438,726.397216796875,760.8685302734375,719.7930297851562,760.8685302734375,1997101
2016-09-30,706.98291015625,746.2946166992188,750.314208984375,726.397216796875,726.7598266601562,866800
2016-10-03,716.286865234375,756.115966796875,760.9071044921875,749.2417602539062,750.6845092773438,526904
2016-10-04,718.7864379882812,758.7545776367188,761.4625854492188,752.9990844726562,758.6851196289062,480858
2016-10-05,721.161865234375,761.261962890625,770.1961669921875,756.3937377929688,762.1029663085938,752227
2016-10-06,737.5992431640625,778.6133422851562,786.1741943359375,762.4115600585938,766.8863525390625,1656533
2016-10-07,749.1105346679688,790.7647705078125,797.2840576171875,774.6015014648438,783.088134765625,796485
2016-10-10,741.6189575195312,782.856689453125,799.8300170898438,780.0020751953125,794.738037109375,559497
2016-10-13,726.34375,766.7320556640625,789.2988891601562,762.0258178710938,786.9457397460938,906495
2016-10-14,727.3303833007812,767.7735595703125,771.9397583007812,758.553955078125,770.743896484375,926208
2016-10-17,709.3507690429688,748.7943115234375,771.2839965820312,746.171142578125,769.2008666992188,589639
2016-10-18,715.5267333984375,755.3135986328125,758.708251953125,749.9901733398438,754.5421142578125,538125
2016-10-19,718.2310180664062,758.168212890625,763.64599609375,755.6607666015625,759.5569458007812,735157
2016-10-20,719.2542114257812,759.2483520507812,767.6578369140625,756.7409057617188,763.49169921875,516430
2016-10-21,710.1913452148438,749.6815185546875,762.6044311523438,746.9812622070312,761.4857177734375,383026
2016-10-24,710.4472045898438,749.9515991210938,753.9248657226562,744.5123901367188,752.9990844726562,513870
2016-10-25,711.1051025390625,750.6459350585938,753.7705688476562,742.7379150390625,751.841796875,752371
2016-10-26,710.4472045898438,749.9515991210938,761.4857177734375,744.5895385742188,749.7586669921875,325716
2016-10-27,700.580322265625,739.5361328125,754.3106079101562,735.6399536132812,748.2927856445312,1155961
2016-10-28,705.5137329101562,744.7438354492188,755.9308471679688,734.6755981445312,739.65185546875,1470425
2016-11-01,703.430908203125,742.5450439453125,755.1978759765625,740.693359375,753.6934204101562,632709
2016-11-02,683.989501953125,722.022705078125,742.1978149414062,720.0553588867188,739.1117553710938,748747
2016-11-03,664.8771362304688,701.8475952148438,726.7675170898438,691.625,720.6725463867188,1053749
2016-11-04,658.0433349609375,694.6339111328125,714.3847045898438,682.8297119140625,701.8475952148438,850844
2016-11-07,671.3818969726562,708.7140502929688,716.7378540039062,700.6131591796875,702.0790405273438,1203799
2016-11-08,665.60791015625,702.6190795898438,715.0791015625,697.064208984375,709.794189453125,863163
2016-11-09,654.7545776367188,691.162109375,700.6131591796875,632.3726196289062,663.5418701171875,1700352
2016-11-10,672.6243286132812,710.025634765625,715.46484375,694.4410400390625,703.6220703125,736738
2016-11-11,657.0565795898438,693.5923461914062,712.7259521484375,687.4202270507812,702.0404663085938,2923496
2016-11-15,598.8060302734375,632.1026000976562,694.4024658203125,626.1619262695312,691.27783203125,1943296
2016-11-16,596.9422607421875,630.13525390625,645.3341064453125,615.8621826171875,643.44384765625,946900
2016-11-17,599.17138671875,632.4883422851562,640.3577880859375,629.1708374023438,633.1055908203125,689019
2016-11-18,598.2943725585938,631.5625610351562,636.345947265625,618.13818359375,634.0313720703125,885441
2016-11-21,575.5276489257812,607.5298461914062,635.6515502929688,603.2479248046875,635.6515502929688,1414258
2016-11-22,588.6835327148438,621.4171142578125,623.9244995117188,607.259765625,610.5773315429688,1091699
2016-11-23,593.6532592773438,626.6633911132812,630.9453125,619.5269165039062,627.0106201171875,933245
2016-11-24,592.1915893554688,625.120361328125,632.5269165039062,619.5269165039062,625.6990356445312,2164397
2016-11-25,601.5834350585938,635.0343627929688,637.271728515625,619.5654907226562,625.6990356445312,1418871
2016-11-28,613.9716796875,648.1115112304688,655.0166015625,632.5269165039062,634.9572143554688,942739
2016-11-29,620.805419921875,655.3251953125,657.7940673828125,648.1886596679688,649.615966796875,802374
2016-11-30,636.0806884765625,671.4498901367188,675.3845825195312,649.615966796875,658.1412353515625,1572461
2016-12-01,638.0175170898438,673.494384765625,681.2095336914062,665.2006225585938,675.0759887695312,1399065
2016-12-02,637.9078369140625,673.378662109375,678.1620483398438,666.2421264648438,668.1323852539062,1604679
2016-12-05,637.28662109375,672.722900390625,678.8564453125,657.5240478515625,677.1591186523438,612974
2016-12-06,638.89453125,674.4202270507812,682.0196533203125,668.5181274414062,676.1175537109375,606645
2016-12-07,640.612060546875,676.2332763671875,679.705078125,671.2184448242188,677.6605834960938,1017384
2016-12-08,653.6216430664062,689.9662475585938,693.5923461914062,678.3163452148438,681.2481079101562,1429123
2016-12-09,641.9641723632812,677.6605834960938,692.8208618164062,676.1561279296875,692.8208618164062,2111817
2016-12-12,629.8316040039062,664.8533935546875,679.58935546875,656.9839477539062,676.2332763671875,556573
2016-12-13,621.6458740234375,656.2124633789062,665.9335327148438,649.615966796875,663.5032958984375,552178
2016-12-14,621.9016723632812,656.4824829101562,665.0463256835938,652.4705810546875,655.7880859375,374088
2016-12-15,607.6495971679688,641.4379272460938,659.6456909179688,639.0847778320312,652.5477294921875,721999
2016-12-16,597.4903564453125,630.7138671875,644.8325805664062,628.3607177734375,644.5239868164062,968447
2016-12-19,602.350830078125,635.8444213867188,640.2806396484375,629.1708374023438,631.099609375,432188
2016-12-20,605.7858276367188,639.4705810546875,643.01953125,632.6426391601562,635.7286987304688,508097
2016-12-21,605.7127685546875,639.3934326171875,644.2153930664062,633.9156494140625,639.6634521484375,424268
2016-12-22,598.3309326171875,631.6011352539062,640.3577880859375,625.9304809570312,638.6604614257812,434629
2016-12-23,605.5665893554688,639.2391357421875,641.9008178710938,627.2034912109375,630.7138671875,272789
2016-12-26,595.5536499023438,628.6693725585938,639.1233520507812,626.4319458007812,639.1233520507812,382658
2016-12-27,593.0321655273438,626.0076293945312,632.4111938476562,617.2509155273438,627.8978271484375,800041
2016-12-28,592.8128662109375,625.7761840820312,640.7050170898438,621.7257080078125,627.0106201171875,456126
2016-12-29,616.4932250976562,650.7732543945312,654.322265625,626.4705200195312,631.6397094726562,1755798
2016-12-30,630.5625610351562,665.6249389648438,670.4468994140625,647.7257690429688,648.0729370117188,1077749
2017-01-02,638.2732543945312,673.764404296875,675.8475341796875,663.4647216796875,669.6754150390625,418300
2017-01-03,635.20361328125,670.5240478515625,679.705078125,667.36083984375,674.3045043945312,281115
2017-01-04,633.6687622070312,668.9038696289062,675.8475341796875,665.0463256835938,670.9869995117188,223658
2017-01-05,632.791748046875,667.9780883789062,679.396484375,663.2717895507812,669.6754150390625,504004
2017-01-06,625.0809936523438,659.8385620117188,667.36083984375,656.5596313476562,667.36083984375,612062
2017-01-09,627.5294799804688,662.4231567382812,667.74658203125,656.4439086914062,661.420166015625,300830
2017-01-10,619.96484375,654.43798828125,666.58935546875,652.8949584960938,664.2747802734375,373768
2017-01-11,627.0178833007812,661.883056640625,664.4676513671875,654.8623046875,658.2569580078125,447515
2017-01-12,625.3002319335938,660.0700073242188,666.2807006835938,656.2896118164062,662.0374145507812,425330
2017-01-13,618.35693359375,652.7406005859375,661.9988403320312,650.6189575195312,661.9602661132812,300108
2017-01-16,624.715576171875,659.4528198242188,665.8949584960938,645.4884033203125,651.8533935546875,447541
2017-01-17,617.9183959960938,652.2777099609375,665.7406616210938,649.693115234375,660.2243041992188,358153
2017-01-18,632.280029296875,667.43798828125,670.1768798828125,651.6605224609375,655.0166015625,1677493
2017-01-19,632.0608520507812,667.20654296875,670.2540283203125,661.9988403320312,670.2540283203125,1948333
2017-01-20,630.9645385742188,666.0492553710938,682.9454345703125,662.6546020507812,663.5032958984375,1047342
2017-01-23,645.8743896484375,681.7882080078125,684.3341674804688,663.1174926757812,667.16796875,1923500
2017-01-24,666.0830688476562,703.12060546875,707.4025268554688,682.6368408203125,684.874267578125,1723320
2017-01-25,678.3252563476562,716.04345703125,727.0761108398438,698.221435546875,701.3075561523438,4236177
2017-01-27,680.591064453125,718.4351806640625,724.9930419921875,713.6517944335938,716.42919921875,897493
2017-01-30,708.6199340820312,748.0227661132812,775.79736328125,721.366943359375,722.6785278320312,5959967
2017-01-31,665.498291015625,702.5033569335938,746.479736328125,699.5715942382812,737.7230834960938,4739617
2017-02-01,686.8034057617188,724.9930419921875,729.0820922851562,709.794189453125,709.794189453125,2141926
2017-02-02,695.9758911132812,734.6755981445312,737.1444091796875,719.5924682617188,729.0820922851562,1227311
2017-02-03,690.1653442382812,728.5419921875,741.4263305664062,725.2244873046875,731.7824096679688,853491
2017-02-06,690.78662109375,729.1978149414062,742.9693603515625,726.6132202148438,742.0435180664062,836269
2017-02-07,694.587158203125,733.209716796875,739.88330078125,727.1533203125,732.5538940429688,765374
2017-02-08,713.4072875976562,753.0762329101562,755.4678955078125,731.1651611328125,733.364013671875,1014482
2017-02-09,712.347412109375,751.95751953125,758.785400390625,736.8743896484375,758.785400390625,963016
2017-02-10,738.9879150390625,780.0792236328125,790.3789672851562,770.821044921875,780.0020751953125,8426063
2017-02-13,731.0944213867188,771.7468872070312,786.9457397460938,769.3165893554688,782.316650390625,2536650
2017-02-14,738.9147338867188,780.0020751953125,783.088134765625,769.3551635742188,774.9486694335938,1971538
2017-02-15,735.6988525390625,776.607421875,797.7469482421875,771.2068481445312,781.5451049804688,2716241
2017-02-16,750.6453857421875,792.3849487304688,796.1267700195312,775.7587890625,780.0020751953125,1763308
2017-02-17,760.5486450195312,802.8389282226562,806.040771484375,790.9576416015625,798.4413452148438,1933919
2017-02-20,771.3291015625,814.2188110351562,816.6105346679688,798.5184936523438,805.4620971679688,2258138
2017-02-21,780.7940063476562,824.2099609375,828.6075439453125,814.7588500976562,822.0496826171875,2181786
2017-02-22,765.591796875,808.1624145507812,831.230712890625,793.1950073242188,825.521484375,4070205
2017-02-23,749.0739135742188,790.7261352539062,813.8716430664062,786.2127685546875,808.5481567382812,5867730
2017-02-27,744.2868041992188,785.6727294921875,799.1356811523438,782.008056640625,790.6489868164062,2527780
2017-02-28,723.7125244140625,763.95458984375,801.2958984375,756.3937377929688,789.18310546875,32868975
2017-03-01,735.0411987304688,775.9130859375,782.316650390625,752.8447265625,761.8714599609375,2428889
2017-03-02,727.2938842773438,767.7349853515625,781.4679565429688,763.80029296875,781.4679565429688,1172165
2017-03-03,746.2235107421875,787.7172241210938,793.6193237304688,764.18603515625,769.972412109375,2025188
2017-03-06,733.871826171875,774.6786499023438,793.6578979492188,769.1622924804688,790.8033447265625,1038638
2017-03-07,735.33349609375,776.2216796875,782.085205078125,768.3522338867188,782.085205078125,1022014
2017-03-08,732.446533203125,773.1741943359375,780.7736206054688,767.8507080078125,779.2305908203125,1010544
2017-03-09,737.8184204101562,778.8448486328125,782.239501953125,770.010986328125,772.2869262695312,1059449
2017-03-10,730.1807861328125,770.782470703125,783.6668090820312,767.6578369140625,780.0406494140625,834083
2017-03-14,755.65185546875,797.6697998046875,800.0615234375,773.3284912109375,783.8596801757812,3842252
2017-03-15,766.3591918945312,808.9725341796875,822.4354248046875,793.1564331054688,797.7855224609375,1468350
2017-03-16,767.8209838867188,810.5155639648438,817.8063354492188,805.6549682617188,813.9873657226562,1221856
2017-03-17,761.1334228515625,803.4561767578125,813.8330688476562,794.815185546875,810.8627319335938,1122134
2017-03-20,776.5183715820312,819.6965942382812,825.521484375,797.5540771484375,806.619384765625,3200096
2017-03-21,798.1156616210938,842.494873046875,846.6224365234375,814.8359985351562,825.521484375,1588944
2017-03-22,789.418212890625,833.3138427734375,843.497802734375,827.8746337890625,840.1802978515625,1482167
2017-03-23,798.0426635742188,842.417724609375,845.4266357421875,831.8093872070312,837.8657836914062,1737726
2017-03-24,773.4852905273438,816.4947509765625,847.2011108398438,814.7588500976562,844.8093872070312,4762424
2017-03-27,776.4817504882812,819.6580200195312,824.86572265625,810.0911865234375,817.6906127929688,1160085
2017-03-28,778.8936157226562,822.2039794921875,824.75,810.4769287109375,823.2069702148438,820971
2017-03-29,773.2293090820312,816.2247314453125,825.521484375,811.9428100585938,825.521484375,981298
2017-03-30,780.7573852539062,824.17138671875,829.6876831054688,811.6342163085938,817.0348510742188,2821373
2017-03-31,766.68798828125,809.3197021484375,827.0645141601562,807.352294921875,825.6758422851562,2084143
2017-04-03,767.8575439453125,810.5541381835938,817.7677612304688,806.310791015625,812.521484375,636615
2017-04-05,778.601318359375,821.8953857421875,831.693603515625,811.6342163085938,811.6342163085938,1862780
2017-04-06,781.378662109375,824.8271484375,828.7233276367188,816.2633056640625,822.4354248046875,1173525
2017-04-07,772.608154296875,815.5689697265625,828.6075439453125,810.0911865234375,823.3612670898438,1922756
2017-04-10,797.1289672851562,841.4533081054688,843.420654296875,818.114990234375,819.349365234375,1161536
2017-04-11,795.447998046875,839.6788330078125,847.1239624023438,833.3909912109375,842.494873046875,2100434
2017-04-12,783.7539672851562,827.3345947265625,843.652099609375,813.0615234375,843.266357421875,1318158
2017-04-13,767.8939819335938,810.5927124023438,829.2633666992188,808.5481567382812,827.3345947265625,1230486
2017-04-17,783.60791015625,827.1802978515625,830.227783203125,815.8775634765625,820.0437622070312,1093738
2017-04-18,778.2724609375,821.5482177734375,842.494873046875,817.7677612304688,827.9132080078125,2261188
2017-04-19,790.9531860351562,834.9340209960938,840.0260009765625,818.577880859375,823.2069702148438,456089
2017-04-20,838.6426391601562,885.275390625,887.8599853515625,834.8954467773438,837.09423828125,2487243
2017-04-21,825.7062377929688,871.6195678710938,887.4741821289062,866.4118041992188,887.2427368164062,1038032
2017-04-24,862.5056762695312,910.46533203125,918.4119873046875,869.6907958984375,869.6907958984375,1488073
2017-04-25,862.140380859375,910.07958984375,924.9698486328125,902.7116088867188,910.38818359375,847232
2017-04-26,851.9080810546875,899.2783813476562,921.189453125,896.5780639648438,910.7739868164062,1381556
2017-04-27,842.1143798828125,888.9400634765625,906.3377685546875,879.450439453125,904.216064453125,2002092
2017-04-28,844.1973876953125,891.138916015625,916.560302734375,887.2427368164062,891.100341796875,922461
2017-05-02,842.8087158203125,889.6730346679688,905.6819458007812,883.5780639648438,897.1181640625,810301
2017-05-03,846.7189331054688,893.8005981445312,901.4385986328125,883.6937866210938,894.8035888671875,921778
2017-05-04,879.5717163085938,928.480224609375,932.5307006835938,896.2308959960938,896.2308959960938,2184596
2017-05-05,871.2763061523438,919.7235717773438,939.705810546875,912.1241455078125,939.705810546875,2238547
2017-05-08,865.8677978515625,914.0143432617188,928.133056640625,911.3140258789062,922.5009765625,740620
2017-05-09,853.3699340820312,900.8214111328125,921.92236328125,892.334716796875,913.5513916015625,1248297
2017-05-10,852.529296875,899.9341430664062,911.1211547851562,890.4830932617188,908.8451538085938,1444343
2017-05-11,845.841796875,892.8748168945312,906.2606201171875,891.100341796875,901.2071533203125,967000
2017-05-12,839.9216918945312,886.6255493164062,897.69677734375,883.8095092773438,897.658203125,697549
2017-05-15,857.1704711914062,904.8333129882812,908.8451538085938,888.0142822265625,888.0142822265625,1817673
2017-05-16,852.6389770507812,900.0499267578125,910.9668579101562,893.4148559570312,904.9876098632812,1481230
2017-05-17,855.7451171875,903.328857421875,907.1092529296875,888.9786376953125,901.8244018554688,1116002
2017-05-18,826.1082153320312,872.0438842773438,904.177490234375,863.4800415039062,897.2724609375,1154901
2017-05-19,818.9090576171875,864.4444580078125,897.2724609375,848.6669921875,873.35546875,1837490
2017-05-22,809.4076538085938,854.4147338867188,874.8984985351562,850.8657836914062,870.2694091796875,976835
2017-05-23,801.6969604492188,846.2752685546875,860.0082397460938,837.1328125,860.0082397460938,1626708
2017-05-24,802.3912963867188,847.0082397460938,861.01123046875,838.6758422851562,852.5245361328125,1883143
2017-05-25,801.9893188476562,846.5838623046875,859.0824584960938,835.8983764648438,848.6669921875,7612469
2017-05-26,810.8328857421875,855.919189453125,863.5572509765625,842.649169921875,855.379150390625,1903284
2017-05-29,808.2383422851562,853.1803588867188,861.55126953125,841.7233276367188,859.4682006835938,944985
2017-05-30,827.7161865234375,873.7412109375,877.0587158203125,845.6966552734375,854.839111328125,1309674
2017-05-31,844.1973876953125,891.138916015625,899.2012329101562,875.6699829101562,875.6699829101562,9601080
2017-06-01,835.244140625,881.6878051757812,891.678955078125,877.2130737304688,879.527587890625,1000705
2017-06-02,848.4365234375,895.6137084960938,897.1181640625,883.8480834960938,887.2427368164062,873719
2017-06-05,844.48974609375,891.447509765625,902.2872924804688,884.7738647460938,894.8807373046875,525135
2017-06-06,830.0184326171875,876.1715087890625,901.9015502929688,871.0794677734375,898.0439453125,808659
2017-06-07,832.6495361328125,878.948974609375,882.9222412109375,871.5424194335938,882.9222412109375,1575591
2017-06-08,823.4769897460938,869.2664184570312,881.9964599609375,867.569091796875,878.756103515625,956402
2017-06-09,813.9757080078125,859.2367553710938,871.8124389648438,853.6432495117188,871.4266967773438,1840871
2017-06-12,818.2513427734375,863.7501220703125,871.8124389648438,842.1862182617188,860.4325561523438,986395
2017-06-13,819.96875,865.5631713867188,874.2813110351562,861.126953125,869.4207153320312,2065059
2017-06-14,816.1682739257812,861.55126953125,869.8065185546875,851.8302001953125,865.7174682617188,2283301
2017-06-15,812.550537109375,857.7322998046875,868.4177856445312,854.0675659179688,861.16552734375,802407
2017-06-16,817.2280883789062,862.6699829101562,867.954833984375,857.2307739257812,857.9251708984375,658389
2017-06-19,816.6068115234375,862.01416015625,871.8124389648438,858.1951904296875,870.2308349609375,953515
2017-06-20,835.572998046875,882.0350341796875,884.7352905273438,864.1744384765625,867.800537109375,1766776
2017-06-21,827.496826171875,873.509765625,885.08251953125,871.0794677734375,884.92822265625,1170273
2017-06-22,856.8049926757812,904.447509765625,917.8718872070312,870.2694091796875,875.6699829101562,3073243
2017-06-23,856.329833984375,903.946044921875,914.2457885742188,877.9845581054688,907.3021240234375,1734271
2017-06-27,889.2557983398438,938.7028198242188,942.4832763671875,903.444580078125,912.7027587890625,2976108
2017-06-28,881.1796264648438,930.1775512695312,940.554443359375,926.5900268554688,935.4624633789062,1507641
2017-06-29,889.5481567382812,939.0114135742188,947.4209594726562,930.4090576171875,943.1004638671875,2878392
2017-06-30,907.820068359375,958.29931640625,977.5100708007812,947.4209594726562,948.9639892578125,2987272
2017-07-03,938.0051879882812,990.1629028320312,993.7118530273438,949.5426025390625,958.22216796875,1982716
2017-07-04,925.9822998046875,977.4714965820312,998.4180908203125,968.2518920898438,995.33203125,6346903
2017-07-05,940.7825317382812,993.0946655273438,998.3409423828125,969.2548217773438,975.889892578125,1340142
2017-07-06,929.965576171875,981.6762084960938,995.2548828125,976.429931640625,995.13916015625,1067814
2017-07-07,914.2152099609375,965.050048828125,985.9195556640625,962.1954956054688,977.8958129882812,1175280
2017-07-10,917.5772705078125,968.5990600585938,975.0411987304688,958.68505859375,967.4803466796875,401612
2017-07-11,919.1485595703125,970.2578125,979.3616943359375,965.8987426757812,970.720703125,1795907
2017-07-12,924.9591064453125,976.391357421875,981.7533569335938,969.7177734375,974.4240112304688,1509733
2017-07-13,940.89208984375,993.2103881835938,1008.3706665039062,985.0323486328125,985.2252197265625,2837551
2017-07-14,929.2347412109375,980.9047241210938,997.5694580078125,973.8839111328125,997.5694580078125,1982885
2017-07-17,954.9614868164062,1008.0620727539062,1026.8870849609375,991.3973388671875,991.3973388671875,5209394
2017-07-18,955.8384399414062,1008.9878540039062,1020.7149047851562,987.7326049804688,1010.6852416992188,7939176
2017-07-19,990.7507934570312,1045.841552734375,1069.7464599609375,1008.1414184570312,1065.8121337890625,6366813
2017-07-20,1012.4056396484375,1068.7005615234375,1075.623046875,1055.154541015625,1057.7939453125,2196435
2017-07-21,1001.2246704101562,1056.8975830078125,1082.6949462890625,1048.82958984375,1070.7425537109375,1593661
2017-07-24,993.7703857421875,1049.02880859375,1066.75830078125,1041.060546875,1060.5828857421875,895251
2017-07-25,1014.8590698242188,1071.290283203125,1074.3780517578125,1048.48095703125,1048.82958984375,1074840
2017-07-26,1009.3864135742188,1065.5133056640625,1071.439697265625,1062.325927734375,1070.7425537109375,763390
2017-07-27,1010.2356567382812,1066.40966796875,1075.72265625,1063.272216796875,1070.7425537109375,1398812
2017-07-28,1010.9432373046875,1067.15673828125,1080.951904296875,1060.8319091796875,1063.471435546875,599339
2017-07-31,1009.8582153320312,1066.0113525390625,1078.6112060546875,1059.7860107421875,1065.7623291015625,921924
2017-08-01,1037.363525390625,1095.0458984375,1097.6356201171875,1060.7821044921875,1060.7821044921875,1116661
2017-08-02,1042.7886962890625,1100.7730712890625,1106.5999755859375,1082.8443603515625,1085.68310546875,581586
2017-08-03,1062.651123046875,1121.73974609375,1127.2677001953125,1096.8885498046875,1105.6038818359375,930797
2017-08-04,1062.745361328125,1121.83935546875,1125.524658203125,1101.9185791015625,1124.5286865234375,360246
2017-08-07,1061.6131591796875,1120.64404296875,1132.6961669921875,1116.560302734375,1121.83935546875,700765
2017-08-08,1046.0914306640625,1104.25927734375,1128.0147705078125,1100.4244384765625,1109.4385986328125,655510
2017-08-09,1030.1922607421875,1087.4759521484375,1120.29541015625,1080.951904296875,1103.61181640625,693680
2017-08-10,1010.3298950195312,1066.50927734375,1089.468017578125,1039.865234375,1082.6949462890625,2477540
2017-08-11,1000.8942260742188,1056.5489501953125,1074.5772705078125,1035.383056640625,1050.8216552734375,1142027
2017-08-14,1046.0914306640625,1104.25927734375,1113.1240234375,1065.9117431640625,1065.9117431640625,1361312
2017-08-16,1044.062744140625,1102.1177978515625,1118.8013916015625,1084.88623046875,1112.576171875,1167816
2017-08-17,1038.5899658203125,1096.3406982421875,1104.06005859375,1088.4222412109375,1095.6434326171875,742436
2017-08-18,1036.089599609375,1093.701171875,1112.576171875,1076.220703125,1091.6593017578125,745456
2017-08-21,1048.733154296875,1107.048095703125,1125.225830078125,1092.6553955078125,1107.097900390625,1302653
2017-08-22,1051.3753662109375,1109.8370361328125,1124.4788818359375,1104.40869140625,1115.5643310546875,1198830
2017-08-23,1055.904541015625,1114.6180419921875,1120.54443359375,1107.097900390625,1115.5643310546875,537994
2017-08-24,1070.435546875,1129.95703125,1136.9293212890625,1116.062255859375,1116.560302734375,1424297
2017-08-28,1078.503173828125,1138.47314453125,1144.847900390625,1130.5048828125,1138.47314453125,868389
2017-08-29,1068.92578125,1128.3634033203125,1145.0469970703125,1119.1998291015625,1141.4613037109375,861281
2017-08-30,1106.8575439453125,1168.4041748046875,1182.7969970703125,1134.040771484375,1135.933349609375,1524425
2017-08-31,1127.7574462890625,1190.4664306640625,1195.2474365234375,1167.009765625,1190.2672119140625,1392268
2017-09-01,1104.687255859375,1166.11328125,1233.296142578125,1148.43359375,1205.2078857421875,3427305
2017-09-04,1104.404052734375,1165.814453125,1179.310791015625,1152.218505859375,1164.3702392578125,890744
2017-09-05,1113.3680419921875,1175.27685546875,1181.3028564453125,1160.834228515625,1163.3741455078125,958209
2017-09-06,1119.3125,1181.5518798828125,1186.2830810546875,1161.531494140625,1174.33056640625,828654
2017-09-07,1143.751220703125,1207.349365234375,1218.4552001953125,1177.5179443359375,1177.5179443359375,1365858
2017-09-08,1146.6422119140625,1204.9090576171875,1212.18017578125,1190.2672119140625,1205.1580810546875,828807
2017-09-11,1168.4908447265625,1227.8677978515625,1233.096923828125,1205.2078857421875,1210.18798828125,934212
2017-09-12,1192.045166015625,1252.6192626953125,1271.3946533203125,1229.11279296875,1229.11279296875,1492771
2017-09-13,1165.45751953125,1224.680419921875,1262.6793212890625,1217.8077392578125,1251.922119140625,590214
2017-09-14,1168.8697509765625,1228.26611328125,1245.0494384765625,1197.837158203125,1230.10888671875,998835
2017-09-15,1175.4573974609375,1235.1885986328125,1259.890380859375,1221.5926513671875,1233.096923828125,9867112
2017-09-18,1165.5997314453125,1224.829833984375,1250.975830078125,1219.4013671875,1241.0653076171875,535991
2017-09-19,1157.2109375,1216.014892578125,1232.0511474609375,1212.2298583984375,1226.0748291015625,459819
2017-09-20,1157.68505859375,1216.512939453125,1228.86376953125,1208.8931884765625,1213.1761474609375,551806
2017-09-21,1138.86962890625,1196.741455078125,1233.843994140625,1188.872802734375,1217.1602783203125,773760
2017-09-22,1114.9832763671875,1171.641357421875,1190.1177978515625,1167.4080810546875,1190.1177978515625,500564
2017-09-25,1081.239013671875,1136.1822509765625,1165.9638671875,1127.0186767578125,1163.4737548828125,1071664
2017-09-26,1071.523193359375,1125.972900390625,1141.4613037109375,1120.1461181640625,1141.4613037109375,1764650
2017-09-27,1059.295654296875,1113.1240234375,1137.6265869140625,1103.96044921875,1137.4771728515625,1147422
2017-09-28,1068.8216552734375,1123.1341552734375,1139.96728515625,1096.7391357421875,1109.0899658203125,1683695
2017-09-29,1074.8408203125,1129.458984375,1137.2779541015625,1117.556396484375,1133.4432373046875,944999
2017-10-03,1098.6796875,1154.5093994140625,1159.8880615234375,1133.5926513671875,1140.16650390625,648520
2017-10-04,1090.14892578125,1145.5450439453125,1155.8541259765625,1139.51904296875,1153.114990234375,210926
2017-10-05,1100.1490478515625,1156.0533447265625,1162.627197265625,1136.4810791015625,1144.449462890625,368128
2017-10-06,1091.7601318359375,1147.23828125,1164.1212158203125,1140.7142333984375,1163.1749267578125,377535
2017-10-09,1096.2626953125,1151.969482421875,1159.3900146484375,1142.1585693359375,1150.4256591796875,253835
2017-10-10,1093.7982177734375,1149.3798828125,1175.02783203125,1135.534912109375,1155.4058837890625,1006981
2017-10-11,1089.9593505859375,1145.3458251953125,1170.645263671875,1142.4573974609375,1157.49755859375,490807
2017-10-12,1076.8311767578125,1131.5506591796875,1154.0113525390625,1122.6859130859375,1146.5411376953125,587292
2017-10-13,1087.352783203125,1142.6068115234375,1147.0889892578125,1124.777587890625,1132.4969482421875,920668
2017-10-16,1082.9451904296875,1137.9752197265625,1159.3900146484375,1136.6802978515625,1150.3260498046875,645842
2017-10-17,1075.3619384765625,1130.0068359375,1147.935546875,1124.927001953125,1138.27392578125,688736
2017-10-18,1086.87890625,1142.1087646484375,1144.9971923828125,1117.357177734375,1130.1064453125,339736
2017-10-19,1079.2955322265625,1134.140380859375,1147.4375,1123.5325927734375,1141.4613037109375,101971
2017-10-23,1120.4334716796875,1177.3685302734375,1183.294921875,1120.0465087890625,1140.4652099609375,648221
2017-10-24,1119.2958984375,1176.17333984375,1203.2158203125,1171.740966796875,1175.87451171875,594993
2017-10-25,1148.58544921875,1206.950927734375,1220.1484375,1175.27685546875,1187.2293701171875,960327
2017-10-26,1131.2864990234375,1188.773193359375,1214.470947265625,1184.6396484375,1206.950927734375,420582
2017-10-27,1124.84130859375,1182.0001220703125,1205.2078857421875,1176.7210693359375,1194.05224609375,540996
2017-10-30,1135.9312744140625,1193.65380859375,1199.1319580078125,1185.2869873046875,1185.2869873046875,403677
2017-10-31,1163.135009765625,1222.2401123046875,1231.3040771484375,1192.25927734375,1192.25927734375,1071072
2017-11-01,1182.2821044921875,1242.360107421875,1250.2288818359375,1211.78173828125,1227.0709228515625,1146430
2017-11-02,1226.026611328125,1288.327392578125,1294.8514404296875,1248.9837646484375,1249.0335693359375,1198653
2017-11-03,1220.765869140625,1282.79931640625,1294.8016357421875,1267.8089599609375,1291.86328125,733882
2017-11-06,1219.53369140625,1281.5045166015625,1289.8712158203125,1276.1756591796875,1279.9107666015625,370730
2017-11-07,1190.623291015625,1251.125244140625,1289.8712158203125,1224.132568359375,1289.8712158203125,671170
2017-11-08,1188.206298828125,1248.5853271484375,1255.009765625,1233.196533203125,1253.0177001953125,306692
2017-11-09,1163.3245849609375,1222.4393310546875,1253.1671142578125,1207.7974853515625,1251.025634765625,440253
2017-11-10,1181.1446533203125,1241.1649169921875,1254.0137939453125,1210.23779296875,1222.4393310546875,656841
2017-11-13,1161.14453125,1220.1484375,1247.78857421875,1212.18017578125,1242.360107421875,350354
2017-11-14,1143.7510986328125,1201.87109375,1234.441650390625,1186.1834716796875,1207.199951171875,966937
2017-11-15,1117.3529052734375,1174.13134765625,1195.2474365234375,1158.9915771484375,1195.2474365234375,546891
2017-11-16,1099.5802001953125,1155.4556884765625,1189.719482421875,1150.4754638671875,1175.32666015625,809174
2017-11-17,1115.5518798828125,1172.2388916015625,1189.271240234375,1168.3543701171875,1173.7828369140625,1212747
2017-11-20,1120.8126220703125,1177.7669677734375,1187.577880859375,1155.9537353515625,1165.3662109375,971496
2017-11-21,1107.73193359375,1164.0216064453125,1188.773193359375,1157.94580078125,1185.2869873046875,641956
2017-11-22,1131.9503173828125,1189.470458984375,1199.2315673828125,1163.2745361328125,1165.3662109375,1176404
2017-11-23,1146.4051513671875,1204.6600341796875,1208.1959228515625,1190.2672119140625,1190.2672119140625,624399
2017-11-24,1138.96435546875,1196.841064453125,1214.968994140625,1190.4166259765625,1198.434814453125,538080
2017-11-27,1132.423828125,1189.9683837890625,1198.036376953125,1182.2989501953125,1194.25146484375,688819
2017-11-28,1114.2720947265625,1170.894287109375,1192.80712890625,1163.5733642578125,1184.291015625,653737
2017-11-29,1120.8126220703125,1177.7669677734375,1186.9803466796875,1165.6650390625,1170.346435546875,685759
2017-11-30,1108.9168701171875,1165.2666015625,1181.3028564453125,1161.033447265625,1180.306884765625,1482422
2017-12-01,1090.480712890625,1145.8936767578125,1172.3385009765625,1139.61865234375,1172.3385009765625,407769
2017-12-04,1076.7838134765625,1131.5008544921875,1159.7386474609375,1121.59033203125,1145.4454345703125,808272
2017-12-05,1057.6842041015625,1111.4306640625,1135.086669921875,1104.45849609375,1127.5167236328125,653731
2017-12-06,1038.8214111328125,1091.6094970703125,1122.13818359375,1085.68310546875,1108.791259765625,733326
2017-12-07,1061.2862548828125,1115.2156982421875,1117.556396484375,1090.613525390625,1096.6395263671875,796563
2017-12-08,1074.9354248046875,1129.55859375,1139.07080078125,1118.5523681640625,1119.9967041015625,547309
2017-12-11,1074.8408203125,1129.458984375,1136.1324462890625,1121.54052734375,1134.389404296875,630509
2017-12-12,1061.001708984375,1114.9168701171875,1130.654296875,1111.0323486328125,1129.458984375,706887
2017-12-13,1060.338134765625,1114.2196044921875,1139.36962890625,1103.31298828125,1113.07421875,799545
2017-12-14,1083.703369140625,1138.77197265625,1149.330078125,1092.6553955078125,1118.5523681640625,925404
2017-12-15,1080.1961669921875,1135.086669921875,1149.2802734375,1126.520751953125,1146.4415283203125,850182
2017-12-18,1071.23876953125,1125.674072265625,1142.6566162109375,1099.279052734375,1124.5286865234375,928296
2017-12-19,1077.5894775390625,1132.3475341796875,1137.4771728515625,1120.64404296875,1125.624267578125,887084
2017-12-20,1064.6036376953125,1118.7017822265625,1131.451171875,1115.6141357421875,1127.5167236328125,961730
2017-12-21,1069.4853515625,1123.8314208984375,1137.4273681640625,1118.4527587890625,1129.857421875,769163
2017-12-22,1075.0302734375,1129.658203125,1136.9791259765625,1123.5325927734375,1125.723876953125,362352
2017-12-26,1085.8360595703125,1141.0130615234375,1146.2423095703125,1129.55859375,1133.4930419921875,422247
2017-12-27,1080.717529296875,1135.634521484375,1148.8818359375,1130.5048828125,1141.0130615234375,293065
2017-12-28,1070.3382568359375,1124.727783203125,1140.4652099609375,1118.7515869140625,1136.4810791015625,297028
2017-12-29,1104.983154296875,1161.133056640625,1165.9638671875,1125.923095703125,1129.5087890625,693176
2018-01-01,1084.319580078125,1139.41943359375,1165.1669921875,1136.3814697265625,1160.4359130859375,188269
2018-01-02,1080.14892578125,1135.036865234375,1149.5291748046875,1124.5286865234375,1143.951416015625,334784
2018-01-03,1068.4427490234375,1122.7357177734375,1144.798095703125,1119.6480712890625,1129.5087890625,670232
2018-01-04,1109.2960205078125,1165.6650390625,1170.844482421875,1123.9310302734375,1130.056640625,1012807
2018-01-05,1150.9075927734375,1209.3912353515625,1214.1722412109375,1166.11328125,1172.0396728515625,1014661
2018-01-08,1140.2913818359375,1198.235595703125,1210.68603515625,1185.2869873046875,1208.1959228515625,898877
2018-01-09,1172.9930419921875,1232.598876953125,1238.9736328125,1191.8111572265625,1199.7296142578125,1064611
2018-01-10,1171.0972900390625,1230.6068115234375,1244.5513916015625,1219.3515625,1235.9356689453125,745166
2018-01-11,1179.154296875,1239.0732421875,1250.726806640625,1217.0108642578125,1240.0692138671875,755517
2018-01-12,1157.96923828125,1216.8116455078125,1244.4517822265625,1207.050537109375,1242.559326171875,793507
2018-01-15,1178.0643310546875,1237.927734375,1256.10546875,1216.8116455078125,1218.2559814453125,1910875
2018-01-16,1164.936279296875,1224.132568359375,1253.0177001953125,1209.7398681640625,1238.0771484375,860989
2018-01-17,1182.94580078125,1243.057373046875,1250.0296630859375,1208.3951416015625,1225.128662109375,718085
2018-01-18,1154.13037109375,1212.7777099609375,1250.0296630859375,1198.235595703125,1244.7506103515625,593063
2018-01-19,1159.770263671875,1218.7042236328125,1226.6724853515625,1180.406494140625,1215.168212890625,746121
2018-01-22,1174.6993408203125,1234.391845703125,1236.9814453125,1201.2236328125,1219.15234375,426132
2018-01-23,1159.6280517578125,1218.5548095703125,1242.609130859375,1211.18408203125,1240.0692138671875,975410
2018-01-24,1137.4952392578125,1195.2972412109375,1220.1484375,1190.5162353515625,1220.1484375,457560
2018-01-25,1130.8126220703125,1188.275146484375,1207.050537109375,1179.211181640625,1190.2672119140625,889953
2018-01-29,1122.8033447265625,1179.858642578125,1196.0443115234375,1170.197021484375,1185.4364013671875,647388
2018-01-30,1102.613525390625,1158.6429443359375,1180.207275390625,1151.4217529296875,1175.72509765625,475080
2018-01-31,1099.5802001953125,1155.4556884765625,1163.3243408203125,1138.22412109375,1155.4058837890625,484129
2018-02-01,1126.9263916015625,1184.19140625,1194.3509521484375,1129.1104736328125,1155.5054931640625,940721
2018-02-02,1070.0067138671875,1124.3792724609375,1178.2650146484375,1114.4188232421875,1175.32666015625,755111
2018-02-05,1040.8118896484375,1093.701171875,1119.8472900390625,1074.1290283203125,1105.6038818359375,1202620
2018-02-06,1009.911376953125,1061.2303466796875,1073.8302001953125,1023.1318359375,1062.774169921875,1626128
2018-02-07,1002.802490234375,1053.760009765625,1086.18115234375,1047.3853759765625,1067.75439453125,640357
2018-02-08,1050.8594970703125,1104.25927734375,1110.8829345703125,1046.090576171875,1054.805908203125,848646
2018-02-09,1051.1439208984375,1104.5579833984375,1119.5484619140625,1070.7923583984375,1083.1929931640625,801200
2018-02-12,1073.2767333984375,1127.8155517578125,1132.0487060546875,1106.1019287109375,1106.6995849609375,494226
2018-02-14,1068.0159912109375,1122.28759765625,1148.134765625,1111.9287109375,1124.5784912109375,1026475
2018-02-15,1046.1202392578125,1099.279052734375,1139.46923828125,1094.6474609375,1125.524658203125,703707
2018-02-16,1042.7078857421875,1095.6932373046875,1111.978515625,1085.68310546875,1105.4046630859375,415498
2018-02-19,1032.897216796875,1085.38427734375,1103.06396484375,1077.3662109375,1095.6932373046875,404203
2018-02-20,1060.338134765625,1114.2196044921875,1119.5484619140625,1084.68701171875,1088.3226318359375,400838
2018-02-21,1052.7080078125,1106.2015380859375,1122.5863037109375,1095.6434326171875,1119.5484619140625,404367
2018-02-22,1052.518310546875,1106.0023193359375,1117.506591796875,1098.233154296875,1110.3350830078125,780080
2018-02-23,1077.4473876953125,1132.1981201171875,1137.3775634765625,1108.592041015625,1108.592041015625,463827
2018-02-26,1119.0592041015625,1175.92431640625,1179.310791015625,1138.0748291015625,1144.150634765625,818391
2018-02-27,1110.85986328125,1167.30859375,1196.890869140625,1155.7047119140625,1187.627685546875,798997
2018-02-28,1092.61328125,1148.134765625,1170.744873046875,1141.3118896484375,1158.5931396484375,1100025
2018-03-01,1105.7889404296875,1161.979736328125,1182.2989501953125,1148.134765625,1148.134765625,1141309
2018-03-05,1082.234130859375,1137.2281494140625,1160.684814453125,1133.4930419921875,1155.4058837890625,476050
2018-03-06,1074.8408203125,1129.458984375,1146.2423095703125,1117.556396484375,1144.449462890625,498982
2018-03-07,1056.78369140625,1110.4844970703125,1140.36572265625,1106.4505615234375,1125.524658203125,679111
2018-03-08,1043.2764892578125,1096.2908935546875,1125.574462890625,1085.63330078125,1120.29541015625,1001891
2018-03-09,1042.9921875,1095.9920654296875,1104.10986328125,1090.464111328125,1102.51611328125,759633
2018-03-12,1048.34765625,1101.6197509765625,1108.741455078125,1095.9422607421875,1101.9683837890625,800253
2018-03-13,1051.380859375,1104.8070068359375,1109.8868408203125,1093.8505859375,1103.61181640625,847122
2018-03-14,1063.276611328125,1117.307373046875,1121.49072265625,1100.4742431640625,1102.1177978515625,973667
2018-03-15,1050.196044921875,1103.56201171875,1126.520751953125,1097.6356201171875,1118.5523681640625,969970
2018-03-16,1036.5465087890625,1089.218994140625,1110.5343017578125,1085.78271484375,1107.346923828125,1533339
2018-03-19,1040.954345703125,1093.8505859375,1100.3248291015625,1063.770263671875,1089.218994140625,855699
2018-03-20,1038.9637451171875,1091.7589111328125,1099.627685546875,1078.7108154296875,1090.613525390625,880833
2018-03-21,1037.63671875,1090.364501953125,1099.129638671875,1080.951904296875,1090.962158203125,835453
2018-03-22,1035.9306640625,1088.5716552734375,1095.6434326171875,1080.902099609375,1095.6434326171875,1322686
2018-03-23,1026.1673583984375,1078.3123779296875,1083.1431884765625,1042.6541748046875,1066.75830078125,947002
2018-03-26,1024.2716064453125,1076.3203125,1084.43798828125,1044.596435546875,1082.6949462890625,1088350
2018-03-27,1032.0916748046875,1084.53759765625,1092.4063720703125,1060.8817138671875,1075.822265625,737144
2018-03-28,996.1198120117188,1046.7379150390625,1096.6395263671875,1036.528564453125,1080.702880859375,7172583
2018-04-02,1032.4708251953125,1084.93603515625,1088.2728271484375,1040.861328125,1049.82568359375,1471569
2018-04-03,1031.19140625,1083.5914306640625,1088.2728271484375,1062.873779296875,1077.7147216796875,906202
2018-04-04,1004.12939453125,1055.154541015625,1091.5098876953125,1050.8216552734375,1091.4600830078125,983760
2018-04-05,1037.210205078125,1089.916259765625,1094.896484375,1061.3797607421875,1073.5313720703125,988552
2018-04-06,1028.063232421875,1080.304443359375,1098.133544921875,1077.416015625,1087.6751708984375,691793
2018-04-09,1022.2811889648438,1074.2286376953125,1090.015869140625,1072.286376953125,1088.6712646484375,488008
2018-04-10,1025.5040283203125,1077.615234375,1085.73291015625,1070.8421630859375,1076.71875,433103
2018-04-11,1012.991943359375,1064.4674072265625,1080.204833984375,1055.9014892578125,1078.7108154296875,566323
2018-04-12,1008.9634399414062,1060.2342529296875,1063.919677734375,1055.3536376953125,1063.770263671875,960329
2018-04-13,1008.205322265625,1059.4375,1069.7464599609375,1055.8018798828125,1060.0350341796875,623336
2018-04-16,1035.4566650390625,1088.0736083984375,1092.9542236328125,1052.7640380859375,1052.8138427734375,808907
2018-04-17,1037.6839599609375,1090.414306640625,1094.6474609375,1072.834228515625,1090.663330078125,471399
2018-04-18,1035.88330078125,1088.5218505859375,1096.1414794921875,1082.8443603515625,1091.7589111328125,560217
2018-04-19,1046.5941162109375,1099.777099609375,1110.5841064453125,1088.4222412109375,1089.667236328125,1118667
2018-04-20,1043.418701171875,1096.4403076171875,1105.1556396484375,1080.702880859375,1096.3406982421875,355385
2018-04-23,1028.5372314453125,1080.802490234375,1101.6695556640625,1077.7147216796875,1098.432373046875,677070
2018-04-24,1024.08203125,1076.12109375,1093.3028564453125,1074.6768798828125,1085.78271484375,580420
2018-04-25,1006.9730224609375,1058.142578125,1079.6571044921875,1044.845458984375,1073.2325439453125,1548224
2018-04-26,1013.4660034179688,1064.9654541015625,1070.6429443359375,1049.82568359375,1061.6785888671875,719547
2018-04-27,1030.1483154296875,1082.4957275390625,1084.68701171875,1064.9654541015625,1069.2484130859375,838147
2018-04-30,1036.688720703125,1089.368408203125,1095.6434326171875,1078.7606201171875,1082.5455322265625,408559
2018-05-02,1038.632080078125,1091.4102783203125,1110.4844970703125,1085.28466796875,1094.6474609375,2662170
2018-05-03,1030.81201171875,1083.1929931640625,1102.1177978515625,1074.2286376953125,1094.5478515625,741605
2018-05-04,1017.9208984375,1069.6468505859375,1084.68701171875,1065.0650634765625,1084.68701171875,584244
2018-05-07,1020.8594360351562,1072.734619140625,1078.1131591796875,1059.7860107421875,1073.6309814453125,808646
2018-05-08,1035.646240234375,1088.2728271484375,1100.5738525390625,1071.240478515625,1075.423828125,929372
2018-05-09,1037.873779296875,1090.613525390625,1093.4521484375,1077.31640625,1081.898193359375,301697
2018-05-10,1036.0728759765625,1088.7210693359375,1095.1455078125,1071.041259765625,1080.802490234375,938142
2018-05-11,1043.371337890625,1096.3905029296875,1104.45849609375,1078.1131591796875,1091.8585205078125,1046691
2018-05-14,1042.7550048828125,1095.7430419921875,1102.51611328125,1086.52978515625,1096.6893310546875,966421
2018-05-15,1032.66064453125,1085.13525390625,1099.528076171875,1079.3582763671875,1095.6434326171875,1200842
2018-05-16,1025.9779052734375,1078.1131591796875,1084.68701171875,1066.75830078125,1075.822265625,456957
2018-05-17,1026.7362060546875,1078.9100341796875,1091.8087158203125,1072.236572265625,1078.1131591796875,840761
2018-05-18,1007.4470825195312,1058.640625,1086.9281005859375,1053.809814453125,1078.7108154296875,771446
2018-05-21,981.8543701171875,1031.74755859375,1067.10693359375,1025.9705810546875,1057.1964111328125,941554
2018-05-22,985.3141479492188,1035.383056640625,1038.3712158203125,1006.9959716796875,1031.39892578125,638562
2018-05-23,992.7549438476562,1043.2020263671875,1054.805908203125,1022.982421875,1040.861328125,1851373
2018-05-24,968.4420166015625,1017.653564453125,1050.72216796875,991.557373046875,1043.8494873046875,1019279
2018-05-25,976.9254150390625,1026.568115234375,1033.5902099609375,1003.2608032226562,1021.9365844726562,1026099
2018-05-28,1005.0772705078125,1056.1505126953125,1065.7623291015625,1017.952392578125,1036.877197265625,625466
2018-05-29,1002.66015625,1053.610595703125,1071.738525390625,1046.2398681640625,1060.6824951171875,674917
2018-05-30,987.2098999023438,1037.3751220703125,1054.158447265625,1030.1041259765625,1041.9569091796875,731767
2018-05-31,985.5985717773438,1035.681884765625,1089.268798828125,1024.9744873046875,1038.7696533203125,1442657
2018-06-01,975.0770263671875,1024.6258544921875,1044.397216796875,1017.0061645507812,1040.76171875,913804
2018-06-04,980.9065551757812,1030.75146484375,1041.1103515625,1011.3785400390625,1025.9207763671875,838646
2018-06-05,970.859130859375,1020.1934814453125,1029.8551025390625,1009.436279296875,1028.9088134765625,673214
2018-06-06,980.1956787109375,1030.0045166015625,1038.5206298828125,1008.4402465820312,1018.9484252929688,597685
2018-06-07,989.200439453125,1039.4669189453125,1052.8138427734375,1032.9427490234375,1034.8851318359375,597047
2018-06-08,974.9822998046875,1024.5262451171875,1035.881103515625,1019.9444580078125,1035.881103515625,811956
2018-06-11,994.4136352539062,1044.945068359375,1055.8018798828125,1022.7333984375,1026.169677734375,418209
2018-06-12,984.6507568359375,1034.6859130859375,1049.82568359375,1027.912841796875,1048.63037109375,566513
2018-06-13,982.9444580078125,1032.8929443359375,1039.2677001953125,1027.414794921875,1034.7855224609375,423007
2018-06-14,982.186279296875,1032.09619140625,1044.845458984375,1027.265380859375,1031.79736328125,600430
2018-06-15,978.015625,1027.713623046875,1030.80126953125,1014.4662475585938,1019.9444580078125,644251
2018-06-18,966.9254150390625,1016.0599365234375,1030.90087890625,1012.0260009765625,1030.75146484375,546427
2018-06-19,957.4466552734375,1006.0995483398438,1011.9761962890625,996.23876953125,1011.9761962890625,950187
2018-06-20,964.2713623046875,1013.27099609375,1019.3468627929688,1000.023681640625,1011.8765869140625,874428
2018-06-21,959.2002563476562,1007.9421997070312,1014.9642944335938,1003.0118408203125,1012.9722290039062,590148
2018-06-22,957.7310180664062,1006.3983764648438,1010.9801025390625,987.9716186523438,1005.9501342773438,709128
2018-06-25,954.0817260742188,1002.5635986328125,1016.5081787109375,998.0316162109375,1008.2410278320312,746981
2018-06-26,982.6600952148438,1032.59423828125,1035.781494140625,991.358154296875,996.6371459960938,822788
2018-06-27,972.2808837890625,1021.6875610351562,1030.90087890625,1017.4544067382812,1027.016357421875,1055043
2018-06-28,951.2854614257812,999.6253051757812,1017.3049926757812,985.2822875976562,1011.8765869140625,1697388
2018-06-29,954.3661499023438,1002.8624267578125,1010.9801025390625,993.2506103515625,1005.8007202148438,597236
2018-07-02,935.8351440429688,983.3898315429688,1004.0078735351562,978.16064453125,1000.023681640625,497257
2018-07-03,934.4607543945312,981.945556640625,988.8182373046875,960.23193359375,977.1148071289062,536261
2018-07-04,915.1240844726562,961.6263427734375,981.5969848632812,957.5426025390625,981.0989379882812,909022
2018-07-05,918.10986328125,964.763916015625,970.3417358398438,948.2794189453125,962.0745849609375,1563007
2018-07-06,937.02001953125,984.6348876953125,989.9636840820312,961.0785522460938,968.0508422851562,800166
2018-07-09,932.7545166015625,980.1527099609375,990.959716796875,975.6207275390625,987.5731811523438,883552
2018-07-10,939.010498046875,986.7265625,995.0435180664062,973.678466796875,985.8799438476562,834588
2018-07-11,927.7782592773438,974.9235229492188,986.0791625976562,970.2421264648438,981.4973754882812,541620
2018-07-12,910.147705078125,956.3971557617188,981.0989379882812,952.2138061523438,977.71240234375,790051
2018-07-13,886.5931396484375,931.6455688476562,962.1741943359375,928.010009765625,957.5924072265625,1117904
2018-07-16,880.2897338867188,925.0219116210938,933.9364624023438,910.579345703125,933.2890625,602433
2018-07-17,891.7115478515625,937.024169921875,945.0422973632812,915.509765625,919.344482421875,668957
2018-07-18,894.4132080078125,939.8629150390625,949.2257080078125,929.5538940429688,940.1617431640625,666174
2018-07-19,886.9722900390625,932.0440063476562,943.0502319335938,921.8843994140625,937.522216796875,596435
2018-07-20,890.147705078125,935.3807373046875,941.0581665039062,924.22509765625,933.388671875,473464
2018-07-23,873.370361328125,917.7508544921875,951.2177734375,912.3721923828125,935.2811279296875,1157661
2018-07-24,947.4466552734375,995.59130859375,998.0316162109375,919.294677734375,919.294677734375,3291693
2018-07-25,934.4133911132812,981.895751953125,1001.9659423828125,964.763916015625,988.5692138671875,1038419
2018-07-26,970.8116455078125,1020.1436767578125,1025.9207763671875,976.1187744140625,981.895751953125,2257565
2018-07-27,971.99658203125,1021.3887329101562,1025.9207763671875,996.03955078125,1014.06787109375,654417
2018-07-30,967.5889282226562,1016.7571411132812,1022.783203125,1002.1153564453125,1016.2093505859375,721655
2018-07-31,971.759521484375,1021.1397094726562,1036.379150390625,1007.1951904296875,1010.9801025390625,720053
2018-08-01,976.6409301757812,1026.269287109375,1032.8929443359375,1013.0220336914062,1020.9405517578125,588560
2018-08-02,961.3329467773438,1010.1832885742188,1023.9286499023438,996.6869506835938,1022.9326171875,647523
2018-08-03,953.7498779296875,1002.2149658203125,1013.91845703125,998.0316162109375,1011.8765869140625,754022
2018-08-06,947.3045043945312,995.44189453125,1010.9801025390625,988.0712280273438,1007.7927856445312,626913
2018-08-07,965.7406005859375,1014.8148803710938,1030.90087890625,995.69091796875,1000.521728515625,1096324
2018-08-08,956.4989013671875,1005.103515625,1022.8330078125,1000.770751953125,1020.6417236328125,601676
2018-08-09,945.361328125,993.4000244140625,1011.0797119140625,988.1210327148438,1009.9840698242188,676108
2018-08-10,920.7166748046875,967.5029907226562,993.9478759765625,963.2200317382812,993.4000244140625,942758
2018-08-13,935.4086303710938,982.9415893554688,994.0474853515625,953.7576293945312,964.9630737304688,1100381
2018-08-14,935.171630859375,982.692626953125,1000.023681640625,968.2500610351562,989.8640747070312,3366559
2018-08-16,947.351806640625,995.49169921875,1005.9501342773438,977.86181640625,982.742431640625,3113819
2018-08-17,991.333251953125,1041.7080078125,1044.496826171875,997.0355834960938,1001.0197143554688,2676173
2018-08-20,985.6458740234375,1035.731689453125,1045.841552734375,1028.9088134765625,1040.861328125,1487349
2018-08-21,1009.8639526367188,1061.1805419921875,1065.7623291015625,1023.9286499023438,1038.8692626953125,1757156
2018-08-23,991.0488891601562,1041.4091796875,1063.820068359375,1035.881103515625,1063.820068359375,935402
2018-08-24,1005.0298461914062,1056.1007080078125,1063.770263671875,1028.9088134765625,1039.865234375,1700820
2018-08-27,1022.2337646484375,1074.1788330078125,1088.6712646484375,1058.8896484375,1058.8896484375,2010028
2018-08-28,1016.2147827148438,1067.85400390625,1084.43798828125,1059.0888671875,1075.623046875,693551
2018-08-29,1018.9635620117188,1070.7425537109375,1088.4222412109375,1061.3797607421875,1063.720458984375,1042796
2018-08-30,1018.015869140625,1069.7464599609375,1076.51953125,1059.1884765625,1070.7425537109375,1536621
2018-08-31,1017.7297973632812,1063.272216796875,1072.734619140625,1054.805908203125,1062.276123046875,1386435
2018-09-03,1016.2520141601562,1061.7283935546875,1073.7305908203125,1049.82568359375,1073.7305908203125,910792
2018-09-04,975.4474487304688,1019.0978393554688,1058.6904296875,1013.27099609375,1057.7939453125,877486
2018-09-05,980.1666259765625,1024.0281982421875,1027.763427734375,1004.505859375,1019.7951049804688,695593
2018-09-06,982.8361206054688,1026.817138671875,1034.6361083984375,1013.17138671875,1025.9207763671875,544699
2018-09-07,977.544921875,1021.2891235351562,1031.34912109375,1011.4781494140625,1028.6099853515625,412093
2018-09-10,968.6785888671875,1012.0260009765625,1028.161865234375,1002.2149658203125,1020.7413330078125,586676
2018-09-11,957.1426391601562,999.973876953125,1020.9903564453125,989.8640747070312,1018.450439453125,1153543
2018-09-12,972.0629272460938,1015.5618896484375,1026.717529296875,992.2545776367188,1010.7809448242188,1002061
2018-09-14,1014.1070556640625,1059.4873046875,1062.325927734375,1020.0440673828125,1020.9405517578125,1046040
2018-09-17,1015.537109375,1060.9813232421875,1074.9259033203125,1039.865234375,1048.92919921875,745216
2018-09-18,1017.1102294921875,1062.624755859375,1069.7464599609375,1049.87548828125,1062.276123046875,1279989
2018-09-19,1018.3972778320312,1063.969482421875,1072.734619140625,1047.8336181640625,1057.3956298828125,1142569
2018-09-21,1002.1419067382812,1046.9869384765625,1077.7147216796875,994.0474853515625,1067.25634765625,1448316
2018-09-24,971.919921875,1015.4124755859375,1047.8336181640625,1010.2330932617188,1046.9869384765625,778313
2018-09-25,990.6539306640625,1034.9847412109375,1039.2677001953125,1004.0078735351562,1018.9484252929688,706138
2018-09-26,996.1834106445312,1040.76171875,1045.841552734375,1029.3570556640625,1038.0723876953125,1243973
2018-09-27,977.6879272460938,1021.4385375976562,1062.276123046875,1012.5737915039062,1038.8194580078125,1399326
2018-09-28,973.8744506835938,1017.4544067382812,1032.39501953125,999.4260864257812,1026.916748046875,1335579
2018-10-01,952.137451171875,994.7446899414062,1018.9484252929688,978.11083984375,1016.9563598632812,929416
2018-10-03,924.298828125,965.6603393554688,989.2166748046875,958.4888305664062,989.0672607421875,1149381
2018-10-04,914.5744018554688,955.500732421875,970.1425170898438,931.3965454101562,954.2058715820312,1438279
2018-10-05,879.7284545898438,919.095458984375,956.1979370117188,913.4180297851562,956.1979370117188,1305380
2018-10-08,878.1077270507812,917.4022216796875,921.1373901367188,897.431640625,912.3721923828125,1143017
2018-10-09,859.9935913085938,898.4774780273438,930.2012939453125,872.2816162109375,930.2012939453125,1506464
2018-10-10,867.2393188476562,906.04736328125,911.3761596679688,889.6127319335938,898.4276733398438,690655
2018-10-11,837.3985595703125,874.871337890625,885.4791259765625,856.593994140625,885.4791259765625,1648636
2018-10-12,853.3676147460938,891.5549926757812,897.431640625,875.5685424804688,888.8656616210938,1363306
2018-10-15,856.0369873046875,894.3438720703125,900.2205200195312,877.8096313476562,893.4474487304688,693087
2018-10-16,863.2827758789062,901.913818359375,908.3880615234375,891.9534301757812,895.1407470703125,1007765
2018-10-17,840.8307495117188,878.4570922851562,911.9738159179688,875.3693237304688,911.9738159179688,532063
2018-10-19,833.96630859375,871.2855834960938,885.4293212890625,863.2674560546875,873.9251098632812,546874
2018-10-22,817.3776245117188,853.9544677734375,881.7938232421875,848.6256713867188,879.1044921875,685235
2018-10-23,787.4414672851562,822.6788330078125,860.4785766601562,815.85595703125,843.6455078125,1282815
2018-10-24,771.2817993164062,805.7959594726562,836.9222412109375,793.843505859375,831.6929931640625,1787079
2018-10-25,748.11474609375,781.5922241210938,797.2300415039062,775.914794921875,797.2300415039062,2033250
2018-10-26,723.6607055664062,756.0438232421875,783.3850708007812,753.005859375,783.3850708007812,2645129
2018-10-29,745.9697265625,779.3511352539062,785.377197265625,760.6754150390625,760.6754150390625,3042871
2018-10-30,767.22998046875,801.5628051757812,806.2442016601562,781.5424194335938,781.5922241210938,2898249
2018-10-31,794.687255859375,830.248779296875,835.5775756835938,783.8831176757812,802.708251953125,2364900
2018-11-01,806.0325317382812,842.1016235351562,852.60986328125,816.90185546875,836.6234130859375,1061258
2018-11-02,808.0822143554688,844.2431030273438,859.5820922851562,837.9182739257812,853.5062866210938,2501173
2018-11-05,813.5641479492188,849.9703369140625,853.6058959960938,836.9720458984375,842.6494750976562,1315652
2018-11-06,811.3236083984375,847.629638671875,858.5860595703125,839.063720703125,853.3568725585938,509425
2018-11-07,818.2356567382812,854.8509521484375,857.2911987304688,849.2731323242188,856.593994140625,72810
2018-11-09,827.5310668945312,864.5623168945312,866.5543823242188,850.9165649414062,856.394775390625,622229
2018-11-12,820.666748046875,857.3908081054688,870.9369506835938,845.6375732421875,864.5623168945312,1113396
2018-11-13,835.396484375,872.7796630859375,876.5645751953125,853.5062866210938,858.1876831054688,1349306
2018-11-14,835.4917602539062,872.8792724609375,888.16845703125,864.5623168945312,877.5108032226562,1149492
2018-11-15,770.995849609375,805.4971923828125,851.6138305664062,792.0506591796875,851.6138305664062,4485336
2018-11-16,793.1141967773438,828.6052856445312,834.38232421875,806.7920532226562,812.7682495117188,3796019
2018-11-19,809.79833984375,846.0360107421875,858.3370971679688,826.7128295898438,832.6890258789062,3362650
2018-11-20,798.8822021484375,834.63134765625,859.5820922851562,829.0037231445312,844.3427124023438,1652045
2018-11-21,823.479248046875,860.3291625976562,864.8113403320312,837.6692504882812,841.6533813476562,930228
2018-11-22,804.0303955078125,840.0099487304688,862.4208374023438,837.2708129882812,861.57421875,638643
2018-11-26,805.9370727539062,842.0020141601562,847.231201171875,827.8084716796875,843.6455078125,857050
2018-11-27,820.4762573242188,857.191650390625,859.0841064453125,836.3245849609375,840.6573486328125,747988
2018-11-28,801.59912109375,837.4700317382812,861.57421875,830.6969604492188,858.5860595703125,1000623
2018-11-29,812.181640625,848.5260620117188,853.6058959960938,834.08349609375,839.6613159179688,1445763
2018-11-30,825.8626708984375,862.8192749023438,869.2935180664062,847.430419921875,851.6138305664062,1751800
2018-12-03,824.241943359375,861.1259765625,879.5029296875,854.1038818359375,866.2555541992188,1043986
2018-12-04,806.2706909179688,842.3506469726562,866.7536010742188,839.013916015625,864.2634887695312,653580
2018-12-05,787.4892578125,822.7286376953125,839.8605346679688,813.0172729492188,839.8605346679688,1211071
2018-12-06,757.9346313476562,791.8514404296875,822.7784423828125,789.4111328125,818.7445068359375,1766716
2018-12-07,764.8941040039062,799.1224975585938,805.7959594726562,789.958984375,798.82373046875,896271
2018-12-10,753.549072265625,787.2696533203125,793.0466918945312,774.9187622070312,786.8712158203125,595265
2018-12-11,763.1781616210938,797.3296508789062,801.7620239257812,771.9306640625,780.89501953125,991877
2018-12-12,773.7129516601562,808.3358764648438,812.7682495117188,794.142333984375,801.8118286132812,1235318
2018-12-13,790.7308349609375,826.1151733398438,834.58154296875,812.369873046875,815.7564086914062,1182723
2018-12-14,807.7008666992188,843.8446655273438,849.3727416992188,832.1910400390625,846.6336059570312,1767542
2018-12-17,806.8428344726562,842.9482421875,854.3529052734375,838.964111328125,842.8984375,786318
2018-12-18,814.4697875976562,850.9165649414062,854.2034912109375,829.352294921875,842.3506469726562,620675
2018-12-19,815.0419311523438,851.5142211914062,872.5306396484375,847.779052734375,855.5979614257812,1537459
2018-12-20,789.872802734375,825.21875,852.65966796875,823.0274658203125,844.2431030273438,2501968
2018-12-21,778.3369140625,813.1666870117188,831.4938354492188,809.8797607421875,827.7088623046875,2419686
2018-12-24,770.471435546875,804.9493408203125,825.3681640625,800.9652099609375,807.041015625,1308738
2018-12-26,781.0538940429688,816.00537109375,818.9935302734375,791.9510498046875,804.7999267578125,1078274
2018-12-27,775.8104858398438,810.5271606445312,824.7207641601562,807.5888671875,824.7207641601562,1137889
2018-12-28,786.154541015625,821.334228515625,824.6709594726562,811.672607421875,811.672607421875,931276
2018-12-31,787.1079711914062,822.3302612304688,830.8463745117188,819.7405395507812,826.7128295898438,657008
2019-01-01,794.6397094726562,830.198974609375,831.4440307617188,820.2385864257812,824.2227172851562,465132
2019-01-02,777.4788208007812,812.270263671875,834.68115234375,809.5311279296875,826.6132202148438,825079
2019-01-03,762.4154663085938,796.5328369140625,815.7564086914062,794.8395385742188,814.7603149414062,963393
2019-01-04,768.5648193359375,802.957275390625,807.5888671875,789.859375,798.92333984375,1073253
2019-01-07,782.388671875,817.3998413085938,821.5333862304688,804.7999267578125,806.9912109375,1075850
2019-01-08,797.5950317382812,833.2866821289062,836.1253662109375,808.0868530273438,816.75244140625,1027800
2019-01-09,796.3556518554688,831.9918212890625,840.9561767578125,823.2266845703125,836.6732177734375,4021049
2019-01-10,781.9595947265625,816.9515991210938,834.13330078125,815.7564086914062,831.2946166992188,823072
2019-01-11,776.287109375,811.0252075195312,829.352294921875,808.5848999023438,819.2424926757812,1222694
2019-01-14,775.7626953125,810.4773559570312,814.7603149414062,803.8038940429688,811.772216796875,736948
2019-01-15,777.4788208007812,812.270263671875,818.5950927734375,799.5209350585938,812.6686401367188,2636801
2019-01-16,787.7753295898438,823.0274658203125,838.1174926757812,817.5492553710938,817.5492553710938,1933812
2019-01-17,789.4913940429688,824.8203125,836.0755615234375,817.7484741210938,828.1570434570312,1001551
2019-01-18,786.4881591796875,821.6828002929688,831.2448120117188,814.9595336914062,825.6171875,963387
2019-01-21,777.6217041015625,812.4196166992188,824.7207641601562,808.7343139648438,824.7207641601562,508442
2019-01-22,766.8486938476562,801.1644287109375,809.4813232421875,797.0308227539062,808.7841186523438,759111
2019-01-23,745.6836547851562,779.0523071289062,803.305908203125,773.9227294921875,802.409423828125,1578782
2019-01-24,749.1634521484375,782.6878662109375,789.859375,774.9187622070312,778.9028930664062,1013460
2019-01-25,724.1849975585938,756.5916137695312,791.4530029296875,754.0517578125,783.7835083007812,995296
2019-01-28,698.6344604492188,729.8977661132812,759.9781494140625,724.3199462890625,759.9781494140625,1270693
2019-01-29,699.3019409179688,730.594970703125,740.655029296875,719.1405639648438,719.1405639648438,995680
2019-01-30,691.1982421875,722.128662109375,738.0653076171875,715.1563720703125,736.0732421875,1478483
2019-01-31,687.3845825195312,718.14453125,730.5452270507812,711.6702270507812,727.10888671875,2626649
2019-02-01,685.4302368164062,716.1026000976562,726.71044921875,706.0426025390625,721.1824340820312,1312658
2019-02-04,673.799072265625,703.950927734375,716.9990844726562,698.2236938476562,716.7500610351562,1011716
2019-02-05,671.1295776367188,701.1620483398438,711.1722412109375,695.235595703125,704.000732421875,1174129
2019-02-06,699.3019409179688,730.594970703125,736.9198608398438,702.2576904296875,702.2576904296875,1594160
2019-02-07,717.6544189453125,749.7687377929688,753.802734375,728.0053100585938,735.126953125,2860113
2019-02-08,684.4769287109375,715.1065673828125,761.0239868164062,705.5944213867188,756.9900512695312,4007263
2019-02-11,683.2376098632812,713.8117065429688,721.1326293945312,701.5604248046875,707.4868774414062,1185923
2019-02-12,685.3348999023438,716.0029907226562,725.0171508789062,707.1880493164062,714.1603393554688,1192381
2019-02-14,685.3824462890625,716.0527954101562,720.6345825195312,707.2876586914062,711.1722412109375,672164
2019-02-15,673.799072265625,703.950927734375,719.4891357421875,686.370849609375,718.6425170898438,1363880
2019-02-18,667.2207641601562,697.0782470703125,709.13037109375,691.05224609375,709.13037109375,1163194
2019-02-19,684.8582153320312,715.5050048828125,721.1326293945312,694.4387817382812,699.7177734375,1777840
2019-02-20,696.6324462890625,727.8060913085938,730.594970703125,718.4432983398438,718.4432983398438,1114314
2019-02-21,712.9351806640625,744.83837890625,748.673095703125,722.178466796875,723.4235229492188,1728246
2019-02-22,723.3269653320312,755.6951904296875,758.9821166992188,739.1111450195312,744.04150390625,1529989
2019-02-25,742.3467407226562,775.566162109375,778.4049072265625,747.0296630859375,758.9821166992188,1908958
2019-02-26,744.5873413085938,777.9068603515625,782.5384521484375,759.5797729492188,770.9346313476562,1458212
2019-02-27,745.9220581054688,779.3013305664062,793.743896484375,773.2254638671875,779.8491821289062,1240465
2019-02-28,740.821533203125,773.9725341796875,787.3692626953125,770.4365844726562,785.7755737304688,1299837
2019-03-01,754.8360595703125,788.6143188476562,791.4530029296875,774.9685668945312,777.4088745117188,1162654
2019-03-05,772.3782348632812,806.94140625,810.2283325195312,786.3234252929688,788.3652954101562,1243759
2019-03-06,781.8643798828125,816.85205078125,818.9437255859375,801.3137817382812,815.6567993164062,1124423
2019-03-07,772.4259033203125,806.9912109375,821.085205078125,805.2979736328125,817.7484741210938,1125516
2019-03-08,769.4227905273438,803.8536987304688,809.1326904296875,794.142333984375,807.041015625,1272253
2019-03-11,788.9192504882812,824.2227172851562,828.6550903320312,805.0489501953125,805.7959594726562,1248687
2019-03-12,792.0654907226562,827.5096435546875,835.2787475585938,822.9278564453125,828.6052856445312,1277484
2019-03-13,784.7721557617188,819.8899536132812,830.8961791992188,817.7484741210938,828.7048950195312,607686
2019-03-14,794.0675659179688,829.601318359375,834.08349609375,805.2979736328125,819.8899536132812,1068725
2019-03-15,791.1597290039062,826.5634155273438,842.4502563476562,820.786376953125,834.78076171875,1757076
2019-03-18,780.3865356445312,815.3081665039062,820.2385864257812,802.907470703125,813.2662963867188,2093037
2019-03-19,783.9617919921875,819.0433349609375,829.501708984375,811.871826171875,816.75244140625,1409808
2019-03-20,779.528564453125,814.4117431640625,825.81640625,808.4354858398438,823.7246704101562,1418476
2019-03-22,781.8643798828125,816.85205078125,825.716796875,811.373779296875,817.7484741210938,1690259
2019-03-25,777.3834838867188,812.170654296875,813.7642822265625,804.7999267578125,811.772216796875,989289
2019-03-26,797.6903686523438,833.3862915039062,835.4779663085938,812.8678588867188,816.75244140625,1081642
2019-03-27,789.968017578125,825.318359375,841.0557861328125,821.7326049804688,839.6613159179688,1139700
2019-03-28,791.4457397460938,826.8622436523438,838.1174926757812,820.437744140625,825.318359375,1014970
2019-04-01,817.3776245117188,853.9544677734375,867.5504150390625,848.3766479492188,864.2136840820312,1728859
2019-04-02,806.2230834960938,842.3008422851562,856.195556640625,834.18310546875,853.9544677734375,1295996
2019-04-03,792.9235229492188,828.4060668945312,848.7252807617188,824.7207641601562,843.794921875,1019414
2019-04-04,795.9743041992188,831.5933837890625,837.3704223632812,822.1310424804688,830.8961791992188,1225060
2019-04-05,809.3693237304688,845.5877685546875,849.5220947265625,825.5673828125,831.6929931640625,2011181
2019-04-08,801.2655029296875,837.1213989257812,854.8011474609375,833.6851196289062,851.6138305664062,908700
2019-04-09,806.5567626953125,842.6494750976562,845.7371826171875,825.716796875,833.6851196289062,682499
2019-04-10,807.796142578125,843.9442749023438,850.3687744140625,834.9301147460938,835.6771850585938,877653
2019-04-11,809.1785888671875,845.3885498046875,849.6217041015625,840.0099487304688,844.6415405273438,1063389
2019-04-12,813.6594848632812,850.0699462890625,857.4406127929688,836.8724365234375,849.0739135742188,1373569
2019-04-15,825.6243896484375,862.5702514648438,865.558349609375,849.2731323242188,850.1197509765625,959659
2019-04-16,842.3560791015625,880.0507202148438,881.4949951171875,862.6200561523438,866.4547729492188,1639776
2019-04-18,826.816162109375,863.8153076171875,884.3834838867188,858.1876831054688,883.885498046875,1051816
2019-04-22,823.622314453125,860.4785766601562,867.9488525390625,851.71337890625,863.0682373046875,875453
2019-04-23,828.9134521484375,866.006591796875,870.33935546875,852.9086303710938,860.5781860351562,1225779
2019-04-24,839.4959106445312,877.0626220703125,883.487060546875,846.2351684570312,864.0642700195312,1838840
2019-04-25,881.6829833984375,921.1373901367188,936.2771606445312,872.6302490234375,872.6302490234375,7163932
2019-04-26,870.862060546875,909.8323364257812,930.3009033203125,894.5430908203125,922.7808227539062,2555157
2019-04-30,859.1832275390625,897.630859375,920.1412963867188,893.1984252929688,914.3643188476562,1450483
2019-05-02,857.3717651367188,895.7383422851562,903.5572509765625,887.81982421875,896.4356079101562,1025462
2019-05-03,856.7521362304688,895.0909423828125,906.34619140625,878.0586547851562,896.4356079101562,1087362
2019-05-06,854.75,892.999267578125,894.9415283203125,881.8436279296875,885.2301635742188,876330
2019-05-07,831.67822265625,868.8950805664062,903.3082275390625,862.0722045898438,896.4356079101562,1380816
2019-05-08,830.343505859375,867.5006103515625,876.3156127929688,858.5860595703125,871.3353881835938,1175113
2019-05-09,828.4844360351562,865.558349609375,869.5425415039062,853.6557006835938,860.5781860351562,857472
2019-05-10,817.6159057617188,854.2034912109375,871.5346069335938,849.9205322265625,871.4848022460938,635528
2019-05-13,798.8822021484375,834.63134765625,851.0161743164062,830.049560546875,850.9165649414062,655277
2019-05-14,806.1278076171875,842.2012329101562,847.878662109375,814.4615478515625,836.8226318359375,1346851
2019-05-15,776.8114013671875,811.572998046875,843.6455078125,806.8916015625,842.6494750976562,1304675
2019-05-16,781.8643798828125,816.85205078125,823.4259033203125,801.6624145507812,811.772216796875,1469175
2019-05-17,790.3017578125,825.6669921875,830.298583984375,811.0750122070312,815.7564086914062,1781086
2019-05-20,848.7913818359375,886.7739868164062,890.4593505859375,839.6613159179688,839.6613159179688,1956895
2019-05-21,825.2429809570312,862.1718139648438,899.1248779296875,858.5860595703125,899.1248779296875,1270483
2019-05-22,817.3776245117188,853.9544677734375,865.159912109375,845.6375732421875,865.159912109375,1367357
2019-05-23,845.21630859375,883.0388793945312,902.113037109375,858.1378784179688,868.5464477539062,3434175
2019-05-24,867.6206665039062,906.44580078125,910.927978515625,874.522705078125,888.51708984375,2203557
2019-05-27,891.6932983398438,931.5957641601562,955.9987182617188,892.999267578125,901.415771484375,3436774
2019-05-28,868.4785766601562,907.3422241210938,934.2850952148438,904.1549072265625,934.2850952148438,5234595
2019-05-29,868.0496826171875,906.8939819335938,911.8742065429688,897.9794311523438,907.3920288085938,1357165
2019-05-30,868.9552612304688,907.8402099609375,916.1571655273438,895.1407470703125,908.3880615234375,2254269
2019-05-31,844.7871704101562,882.5906372070312,909.3840942382812,875.3195190429688,908.8860473632812,3001346
2019-06-03,853.3199462890625,891.5051879882812,893.3478393554688,881.4949951171875,886.5747680664062,1332908
2019-06-04,845.1685180664062,882.9890747070312,900.3201293945312,879.8016967773438,886.4751586914062,1001864
2019-06-06,829.0088500976562,866.106201171875,886.3756103515625,848.9743041992188,886.3756103515625,2895951
2019-06-07,830.8202514648438,867.9986572265625,873.8753051757812,853.5560913085938,868.5464477539062,1249774
2019-06-10,839.8772583007812,877.4609985351562,880.9471435546875,861.4248046875,873.3274536132812,1275597
2019-06-11,848.6007690429688,886.5747680664062,892.252197265625,873.0286254882812,881.4451904296875,1283479
2019-06-12,846.8845825195312,884.7819213867188,892.401611328125,873.8255004882812,882.4910278320312,825180
2019-06-13,862.424560546875,901.017333984375,903.9058837890625,866.2555541992188,880.4989624023438,1522460
2019-06-14,857.085693359375,895.4395141601562,903.0094604492188,889.3637084960938,900.4197387695312,1857932
2019-06-17,838.3519897460938,875.8673706054688,896.4356079101562,870.33935546875,893.5470581054688,1488586
2019-06-18,838.6380004882812,876.1661987304688,880.3993530273438,862.5702514648438,874.522705078125,889937
2019-06-19,840.926025390625,878.5567016601562,884.8815307617188,869.3931274414062,879.5029296875,958111
2019-06-20,858.8018188476562,897.232421875,902.013427734375,866.5543823242188,872.6800537109375,1420675
2019-06-21,855.89404296875,894.1945190429688,910.180908203125,890.2103271484375,892.501220703125,1835093
2019-06-24,845.3114624023438,883.138427734375,905.69873046875,876.5147705078125,897.033203125,1073598
2019-06-25,860.0888671875,898.5770874023438,902.8600463867188,873.5764770507812,883.0388793945312,1024286
2019-06-26,876.2963256835938,915.509765625,916.3563842773438,893.5470581054688,893.5470581054688,1837043
2019-06-27,878.82275390625,918.1492309570312,934.0858764648438,912.4219970703125,921.2867431640625,2084022
2019-06-28,871.4818725585938,910.479736328125,923.72705078125,901.415771484375,921.1373901367188,1685470
2019-07-01,877.106689453125,916.3563842773438,922.3325805664062,901.864013671875,915.8583374023438,835610
2019-07-02,876.916015625,916.1571655273438,926.1175537109375,911.7247924804688,919.344482421875,1031893
2019-07-03,884.6383056640625,924.22509765625,930.3009033203125,916.9539794921875,920.3405151367188,1455304
2019-07-04,897.6995849609375,937.870849609375,942.05419921875,921.9342041015625,926.4163818359375,1411446
2019-07-05,883.828125,923.3784790039062,945.7395629882812,913.4678344726562,939.2652587890625,1727064
2019-07-08,847.1229858398438,885.0309448242188,916.3563842773438,874.472900390625,914.5634765625,1897406
2019-07-09,868.4785766601562,907.3422241210938,909.8821411132812,879.0048828125,883.487060546875,1308607
2019-07-10,870.862060546875,909.8323364257812,915.2607421875,901.166748046875,904.1051025390625,994282
2019-07-11,876.3916015625,915.6093139648438,920.9879760742188,906.04736328125,916.2567749023438,786557
2019-07-12,873.3408203125,912.4219970703125,924.17529296875,907.6410522460938,916.3563842773438,1144580
2019-07-15,879.2994384765625,918.6472778320312,923.92626953125,912.3721923828125,915.3603515625,667808
2019-07-16,887.1170043945312,926.8147583007812,933.6376342773438,915.01171875,919.942138671875,1212769
2019-07-17,883.4943237304688,923.0298461914062,935.2811279296875,917.8006591796875,925.7191162109375,573073
2019-07-18,865.380126953125,904.1051025390625,922.7808227539062,901.864013671875,921.2867431640625,695443
2019-07-19,838.923828125,876.4649658203125,921.3365478515625,871.5346069335938,911.3761596679688,1237552
2019-07-22,850.5551147460938,888.61669921875,891.6047973632812,859.6817016601562,875.5187377929688,901037
2019-07-23,842.3084106445312,880.0009155273438,894.8917236328125,875.3195190429688,888.9652709960938,699653
2019-07-24,837.493896484375,874.970947265625,882.1423950195312,862.6698608398438,876.5147705078125,1007667
2019-07-25,828.1507568359375,865.209716796875,882.3914184570312,859.7813110351562,875.020751953125,973080
2019-07-26,834.156982421875,871.4848022460938,876.4151611328125,863.6160888671875,866.6041870117188,710409
2019-07-29,758.5543212890625,792.4988403320312,872.4808349609375,786.0245971679688,870.53857421875,5696289
2019-07-30,726.9974975585938,759.5299682617188,813.7642822265625,754.9979858398438,787.8672485351562,5231380
2019-07-31,751.5946655273438,785.227783203125,788.5645141601562,753.50390625,756.9900512695312,2581491
2019-08-01,738.4380493164062,771.482421875,779.8989868164062,761.3228149414062,773.9227294921875,1038747
2019-08-02,741.7271728515625,774.9187622070312,783.7337036132812,748.0755004882812,768.9425048828125,1934553
2019-08-05,714.50830078125,746.4818115234375,769.8389282226562,743.6929321289062,769.8389282226562,1103201
2019-08-06,725.9964599609375,758.484130859375,767.348876953125,737.0692749023438,739.4597778320312,1519811
2019-08-07,703.5443725585938,735.0274047851562,759.9781494140625,730.0969848632812,754.8485717773438,1638212
2019-08-08,709.8007202148438,734.5293579101562,739.907958984375,713.263916015625,736.0732421875,2507054
2019-08-09,718.5114135742188,743.5435180664062,763.9623413085938,736.0732421875,736.0732421875,2047215
2019-08-13,683.0430297851562,706.8394775390625,747.0296630859375,702.9050903320312,745.03759765625,1359604
2019-08-14,706.9613647460938,731.591064453125,741.7008666992188,706.1920166015625,706.8394775390625,2963050
2019-08-16,724.0458374023438,749.270751953125,754.3505249023438,716.4014282226562,722.228271484375,2553356
2019-08-19,704.8919067382812,729.4495239257812,756.7908325195312,728.4036865234375,753.9521484375,1635566
2019-08-20,701.9081420898438,726.36181640625,735.326171875,716.9990844726562,735.0771484375,1410059
2019-08-21,672.5999145507812,696.0324096679688,727.00927734375,692.2474975585938,724.2203369140625,1967583
2019-08-22,662.7340698242188,685.822998046875,705.9927978515625,678.5519409179688,689.1597290039062,2280042
2019-08-23,692.4755249023438,716.6006469726562,737.0692749023438,677.356689453125,688.6617431640625,3111181
2019-08-26,709.65625,734.3799438476562,738.0653076171875,702.3074951171875,721.4314575195312,1845859
2019-08-27,696.8069458007812,721.0828247070312,746.7806396484375,718.044921875,741.0534057617188,2236661
2019-08-28,686.7487182617188,710.6741943359375,729.7981567382812,705.2955932617188,722.576904296875,1400013
2019-08-29,682.2730102539062,706.0426025390625,710.6741943359375,692.2474975585938,710.6741943359375,1518734
2019-08-30,684.2943725585938,708.1343383789062,713.164306640625,696.2814331054688,710.1762084960938,1424457
2019-09-03,670.1454467773438,693.4925537109375,709.08056640625,690.65380859375,703.2039184570312,2362487
2019-09-04,668.0278930664062,691.30126953125,699.1201782226562,685.773193359375,695.235595703125,1523360
2019-09-05,670.9635009765625,694.3391723632812,702.8054809570312,688.8609619140625,691.4506225585938,1190309
2019-09-06,677.316162109375,700.9130249023438,708.63232421875,696.8790893554688,699.369140625,1253494
2019-09-09,679.2891845703125,702.9548950195312,709.08056640625,693.6917114257812,700.9130249023438,1047968
2019-09-11,684.8236694335938,708.68212890625,713.662353515625,704.000732421875,705.6940307617188,1298358
2019-09-12,690.6468505859375,714.7081909179688,725.9136352539062,709.18017578125,709.18017578125,1812604
2019-09-13,690.6468505859375,714.7081909179688,720.5847778320312,701.3612670898438,717.34765625,1950769
2019-09-16,689.8287353515625,713.8615112304688,723.6725463867188,707.2378540039062,712.2180786132812,990471
2019-09-17,674.669189453125,698.1738891601562,721.2322387695312,697.1280517578125,713.164306640625,1446135
2019-09-18,676.7386474609375,700.3153686523438,708.68212890625,698.2236938476562,703.0545043945312,817748
2019-09-19,673.6585083007812,697.1280517578125,707.7857055664062,692.4964599609375,701.2118530273438,1060144
2019-09-20,722.794677734375,747.9758911132812,761.97021484375,694.3889770507812,696.2316284179688,3765888
2019-09-23,730.83154296875,756.2928466796875,782.8870849609375,749.270751953125,757.936279296875,3090228
2019-09-24,721.5914306640625,746.7308349609375,762.66748046875,737.3182373046875,757.587646484375,1393396
2019-09-25,696.9994506835938,721.2820434570312,741.8004150390625,715.4552001953125,739.3103637695312,1357856
2019-09-26,715.91259765625,740.8541870117188,744.98779296875,717.2978515625,725.8140258789062,1979608
2019-09-27,699.7424926757812,724.1207275390625,743.4439086914062,719.1405639648438,743.4439086914062,1286742
2019-09-30,702.7262573242188,727.2084350585938,735.6748046875,705.4450073242188,721.829833984375,1749122
2019-10-01,667.1615600585938,690.40478515625,733.8819580078125,687.2672729492188,733.8819580078125,3466261
2019-10-03,654.167724609375,676.958251953125,693.1937255859375,667.3464965820312,688.2633056640625,3061113
2019-10-04,629.8644409179688,651.8082885742188,679.0499267578125,647.4755249023438,674.6673583984375,3266097
2019-10-07,624.6670532226562,646.4296875,651.8082885742188,631.0906372070312,651.8082885742188,2407237
2019-10-09,645.2646484375,667.7449340820312,675.2152099609375,640.3538208007812,647.4257202148438,2395820
2019-10-10,670.4823608398438,693.8411254882812,723.9713134765625,677.306884765625,677.306884765625,7619401
2019-10-11,665.477294921875,688.6617431640625,703.0046997070312,685.2752075195312,693.3431396484375,1706669
2019-10-14,672.4554443359375,695.8829956054688,705.0963745117188,685.2752075195312,691.20166015625,1653381
2019-10-15,677.316162109375,700.9130249023438,703.3533325195312,688.3629150390625,696.7794799804688,943383
2019-10-16,703.4481811523438,727.9555053710938,731.541259765625,705.2955932617188,705.2955932617188,2831288
2019-10-17,697.3844604492188,721.680419921875,727.9555053710938,709.18017578125,725.2661743164062,1883676
2019-10-18,718.5114135742188,743.5435180664062,746.0336303710938,715.4552001953125,722.626708984375,2272930
2019-10-22,727.7033081054688,753.0556640625,768.9425048828125,739.5095825195312,742.9956665039062,2182945
2019-10-23,715.2869873046875,740.206787109375,752.0098266601562,732.3878784179688,752.0098266601562,1151929
2019-10-24,679.1448364257812,702.8054809570312,740.057373046875,660.8224487304688,740.057373046875,7423987
2019-10-25,683.3317260742188,707.1382446289062,713.9611206054688,686.370849609375,697.1778564453125,2926393
2019-10-27,676.6423950195312,700.2158203125,712.915283203125,691.25146484375,708.68212890625,590611
2019-10-29,687.9517211914062,711.9192504882812,718.044921875,685.1755981445312,696.2814331054688,2920420
2019-10-30,707.3944702148438,732.0392456054688,738.3641357421875,711.8694458007812,722.576904296875,2269362
2019-10-31,739.92724609375,765.7053833007812,771.8310546875,732.9356689453125,737.1688842773438,3871916
2019-11-01,746.6165771484375,772.6278686523438,794.8395385742188,760.5758056640625,765.6555786132812,4575847
2019-11-04,754.4129028320312,780.69580078125,792.7478637695312,776.9108276367188,781.3432006835938,2514667
2019-11-05,739.7827758789062,765.5559692382812,791.8514404296875,756.5418090820312,781.8910522460938,2753700
2019-11-06,744.2584838867188,770.1875610351562,779.5005493164062,757.986083984375,766.950439453125,1911261
2019-11-07,748.6859130859375,774.7693481445312,778.9028930664062,768.3449096679688,774.9187622070312,1138289
2019-11-08,744.9803466796875,770.9346313476562,782.7874755859375,766.950439453125,772.3290405273438,1351460
2019-11-11,738.3390502929688,764.0619506835938,768.6935424804688,752.2588500976562,766.950439453125,1634062
2019-11-13,711.8218994140625,736.6210327148438,765.8049926757812,733.3341064453125,756.9900512695312,2169582
2019-11-14,706.4319458007812,731.043212890625,753.8525390625,709.18017578125,710.2758178710938,4280246
2019-11-15,726.8370971679688,752.1592407226562,764.9583740234375,721.929443359375,732.0890502929688,4591327
2019-11-18,740.6490478515625,766.452392578125,782.7874755859375,747.0296630859375,747.0296630859375,4195366
2019-11-19,756.6748046875,783.0364990234375,790.3573608398438,768.9425048828125,771.9306640625,3872595
2019-11-20,760.0436401367188,786.5226440429688,797.8276977539062,777.9068603515625,787.8672485351562,3170178
2019-11-21,749.7447509765625,775.864990234375,793.843505859375,772.2294311523438,792.1502685546875,1801943
2019-11-22,763.4605102539062,790.0585327148438,793.743896484375,767.199462890625,775.3171997070312,1463703
2019-11-25,792.0469360351562,819.6409301757812,821.6329956054688,789.0625,790.8554077148438,3733959
2019-11-26,761.3910522460938,787.9170532226562,821.9816284179688,780.94482421875,819.6409301757812,3934814
2019-11-27,758.5516967773438,784.978759765625,799.6205444335938,781.8910522460938,783.8831176757812,1871064
2019-11-28,770.1498413085938,796.9810180664062,799.5209350585938,779.94873046875,788.7637329101562,2156790
2019-11-29,757.541015625,783.9329223632812,805.7959594726562,781.3432006835938,792.8474731445312,2208357
2019-12-02,776.9837036132812,804.0529174804688,818.7445068359375,799.0726928710938,806.7920532226562,5108844
2019-12-03,752.9691162109375,779.2017211914062,801.8118286132812,775.964599609375,801.8118286132812,2460349
2019-12-04,755.952880859375,782.2894287109375,787.5186767578125,772.4784545898438,777.9566650390625,1618761
2019-12-05,740.4566040039062,766.2532348632812,786.7218017578125,763.8627319335938,776.9108276367188,1757155
2019-12-06,739.2053833007812,764.9583740234375,776.5621948242188,761.0737915039062,771.9306640625,1713845
2019-12-09,737.5689086914062,763.2650756835938,770.9346313476562,759.3307495117188,767.9464721679688,1214194
2019-12-10,741.3228149414062,767.149658203125,778.9028930664062,761.6714477539062,762.96630859375,2108475
2019-12-11,738.6278076171875,764.3607177734375,771.5322265625,756.4920043945312,767.149658203125,1345699
2019-12-12,745.1727294921875,771.1337890625,775.914794921875,766.502197265625,769.0421142578125,997387
2019-12-13,752.9691162109375,779.2017211914062,784.480712890625,771.681640625,772.9765014648438,1460681
2019-12-16,734.489013671875,760.0777587890625,780.09814453125,758.384521484375,776.9108276367188,1549248
2019-12-17,739.9752807617188,765.7551879882812,769.8887329101562,753.8525390625,762.76708984375,1832318
2019-12-18,725.9227294921875,751.2130126953125,773.3250732421875,748.523681640625,770.5361938476562,1680699
2019-12-19,715.0945434570312,740.007568359375,757.587646484375,733.6329345703125,751.9102172851562,3585881
2019-12-20,717.645263671875,742.6470947265625,745.08740234375,738.0155029296875,740.555419921875,1613335
2019-12-23,714.51708984375,739.4099731445312,750.0177612304688,732.0890502929688,741.0534057617188,2498865
2019-12-24,710.8114013671875,735.5751953125,746.0336303710938,734.2305297851562,743.0454711914062,1487197
2019-12-26,709.126953125,733.8321533203125,742.8463134765625,731.093017578125,736.6708374023438,1303525
2019-12-27,712.0145874023438,736.8202514648438,741.0534057617188,732.6867065429688,734.5791625976562,1058946
2019-12-30,709.126953125,733.8321533203125,742.9458618164062,729.8977661132812,739.0613403320312,1313072
2019-12-31,715.7681884765625,740.7047729492188,743.1450805664062,729.9973754882812,734.0811157226562,1690403
2020-01-01,714.661376953125,739.559326171875,744.43994140625,735.6748046875,743.8423461914062,688037
2020-01-02,737.6171264648438,763.3148803710938,765.4563598632812,738.0653076171875,739.0613403320312,2423328
2020-01-03,728.2808837890625,753.6533203125,766.900634765625,748.523681640625,766.900634765625,1417070
2020-01-06,709.3676147460938,734.0811157226562,752.8067016601562,732.0890502929688,752.4082641601562,961348
2020-01-07,714.4688110351562,739.3601684570312,753.005859375,732.5870971679688,735.2763671875,1108401
2020-01-08,714.8057250976562,739.708740234375,746.9300537109375,730.694580078125,732.4874877929688,1317705
2020-01-09,728.906494140625,754.3007202148438,758.284912109375,747.0794677734375,749.9679565429688,1477783
2020-01-10,727.895751953125,753.2548828125,763.4642944335938,748.0256958007812,753.802734375,1266475
2020-01-13,731.1201782226562,756.5916137695312,761.97021484375,754.001953125,754.001953125,835989
2020-01-14,731.4091186523438,756.8904418945312,764.8587646484375,750.1173706054688,759.7789306640625,1190936
2020-01-15,737.6653442382812,763.3646850585938,765.9544067382812,744.53955078125,754.9979858398438,1522089
2020-01-16,727.7033081054688,753.0556640625,767.9464721679688,750.1173706054688,764.3109130859375,1041500
2020-01-17,739.4459228515625,765.2073974609375,768.9425048828125,708.18408203125,712.1682739257812,4938472
2020-01-20,743.8253173828125,769.7393798828125,774.4207153320312,759.4303588867188,764.5599365234375,1581541
2020-01-21,742.7184448242188,768.5939331054688,778.0064697265625,760.4263916015625,775.914794921875,1667878
2020-01-22,763.1716918945312,789.759765625,795.8355712890625,764.0619506835938,767.7970581054688,3093985
2020-01-23,778.5718383789062,805.6964111328125,808.7343139648438,779.8989868164062,781.8910522460938,2597472
2020-01-24,791.1806640625,818.7445068359375,821.135009765625,792.7976684570312,804.7999267578125,1933519
2020-01-27,782.6143798828125,809.8797607421875,833.5855102539062,806.7920532226562,811.772216796875,2820058
2020-01-28,778.5718383789062,805.6964111328125,820.587158203125,794.092529296875,814.2623291015625,1790691
2020-01-29,772.21923828125,799.1224975585938,819.5911254882812,796.8316040039062,810.7761840820312,1840396
2020-01-30,761.58349609375,788.1162719726562,805.7959594726562,784.1321411132812,805.7959594726562,1330496
2020-01-31,749.6965942382812,775.815185546875,794.7897338867188,772.4784545898438,789.958984375,1304458
2020-02-03,751.1404418945312,777.3092651367188,779.8989868164062,747.2786865234375,755.9940185546875,1541064
2020-02-04,763.941650390625,790.5565795898438,793.1961059570312,776.9606323242188,776.9606323242188,1075827
2020-02-05,769.9093627929688,796.7319946289062,798.92333984375,784.928955078125,790.5565795898438,1062607
2020-02-06,770.9679565429688,797.8276977539062,803.455322265625,790.1581420898438,799.2221069335938,1222421
2020-02-07,758.1185302734375,784.530517578125,800.4173583984375,782.4388427734375,797.8276977539062,1086833
2020-02-10,729.1470947265625,754.5497436523438,786.5724487304688,749.021728515625,783.8831176757812,4260702
2020-02-11,730.83154296875,756.2928466796875,765.9544067382812,751.1134033203125,756.9900512695312,3394755
2020-02-12,727.0296020507812,752.3584594726562,771.3828125,751.5118408203125,759.0817260742188,1852945
2020-02-13,724.0458374023438,749.270751953125,761.9204711914062,742.3482666015625,752.3584594726562,1884479
2020-02-14,715.1907348632812,740.107177734375,767.7970581054688,734.1807250976562,751.5118408203125,3412990
2020-02-17,709.7525634765625,734.4795532226562,747.0296630859375,730.594970703125,740.057373046875,1522461
2020-02-18,696.7587280273438,721.0330200195312,738.2645263671875,712.716064453125,734.4297485351562,1757880
2020-02-19,728.7620849609375,754.1513061523438,756.7410278320312,723.4235229492188,727.10888671875,2076090
2020-02-20,723.1315307617188,748.3245239257812,764.7591552734375,742.9458618164062,747.0296630859375,2137038
2020-02-24,697.7213134765625,722.029052734375,745.03759765625,719.3397827148438,745.03759765625,2367336
2020-02-25,693.3900146484375,717.546875,729.9973754882812,712.2678833007812,724.1207275390625,2281107
2020-02-26,676.4498291015625,700.0166015625,719.3397827148438,697.2276611328125,715.1563720703125,2852422
2020-02-27,686.123046875,710.0267944335938,714.6583862304688,683.2831420898438,700.0166015625,3363958
2020-02-28,661.4347534179688,684.4783935546875,704.697998046875,681.291015625,684.2791748046875,4407386
2020-03-02,643.3876953125,665.8026123046875,698.7217407226562,654.69677734375,698.2236938476562,2254276
2020-03-03,673.8030395507812,697.2774658203125,701.8094482421875,668.342529296875,668.342529296875,3363570
2020-03-04,663.6484985351562,686.769287109375,705.9927978515625,679.2989501953125,699.7177734375,2853717
2020-03-05,654.7933959960938,677.605712890625,692.7454833984375,675.3148193359375,690.0562133789062,2171130
2020-03-06,640.115234375,662.4160766601562,668.242919921875,642.4454956054688,647.4257202148438,1701571
2020-03-09,610.806884765625,632.086669921875,651.4098510742188,622.8235473632812,645.43359375,2786900
2020-03-11,601.8074340820312,622.7737426757812,637.9633178710938,613.5603637695312,632.485107421875,3001659
2020-03-12,538.8594970703125,557.6327514648438,607.5841064453125,552.8019409179688,607.3350830078125,4778932
2020-03-13,582.2685546875,602.5541381835938,629.1483764648438,502.9999694824219,535.4708251953125,6209514
2020-03-16,555.2703247070312,574.615234375,597.125732421875,556.7860717773438,577.7029418945312,2988394
2020-03-17,534.81689453125,553.4493408203125,583.33056640625,551.0588989257812,569.0374145507812,3007242
2020-03-18,507.289306640625,524.962646484375,565.7504272460938,490.4498596191406,565.7504272460938,6864942
2020-03-19,472.6390075683594,489.105224609375,516.7453002929688,479.09503173828125,479.09503173828125,3915320
2020-03-20,509.5511779785156,527.3033447265625,562.4635009765625,486.1170959472656,493.0395812988281,3046590
2020-03-23,417.006103515625,431.53411865234375,498.019775390625,395.4775085449219,479.3938293457031,4492684
2020-03-24,385.0989685058594,398.5154113769531,456.0865173339844,391.44354248046875,434.2732238769531,2996993
2020-03-25,434.4274597167969,449.56243896484375,456.8833312988281,383.5250244140625,388.4554138183594,4213471
2020-03-26,453.72576904296875,469.5330505371094,482.0831298828125,422.2709655761719,438.20758056640625,3976225
2020-03-27,443.61944580078125,459.0746154785156,491.8443298339844,445.08026123046875,470.1804504394531,2028451
2020-03-30,433.609375,448.7158203125,474.61285400390625,436.46453857421875,446.2257080078125,1999573
2020-03-31,458.2494812011719,474.21441650390625,477.8499755859375,451.80352783203125,461.5647277832031,1808450
2020-04-01,458.2976379394531,474.26422119140625,482.3819580078125,450.8074951171875,476.0072937011719,2128750
2020-04-03,437.65185546875,452.899169921875,475.8080749511719,449.41302490234375,471.6247253417969,1475994
2020-04-07,499.1079406738281,516.4962768554688,520.8291015625,461.1662902832031,476.1069030761719,2642753
2020-04-08,493.3810119628906,510.5698547363281,530.3910522460938,498.4181823730469,510.47027587890625,2411598
2020-04-09,510.65814208984375,528.4487915039062,545.2818603515625,510.9682922363281,526.9049072265625,2500431
2020-04-13,524.0850219726562,542.343505859375,558.7781982421875,507.98016357421875,528.4487915039062,3275888
2020-04-15,515.3261108398438,533.279541015625,570.5812377929688,528.0503540039062,556.6865234375,2133786
2020-04-16,523.3631591796875,541.5964965820312,554.7940063476562,520.9784545898438,527.9009399414062,3609311
2020-04-17,525.0955200195312,543.3893432617188,560.770263671875,531.2376708984375,557.7821655273438,2741854
2020-04-20,502.0917663574219,519.5840454101562,550.7102661132812,517.3429565429688,546.0786743164062,3118395
2020-04-21,490.44537353515625,507.5319519042969,515.2512817382812,501.50592041015625,512.8109741210938,2598896
2020-04-22,491.26348876953125,508.3785705566406,511.26708984375,500.4600524902344,508.9761962890625,2333990
2020-04-23,481.68658447265625,498.4679870605469,515.799072265625,496.72491455078125,512.9603881835938,2048968
2020-04-24,480.3390808105469,497.0735168457031,499.9122314453125,482.8301696777344,490.05145263671875,2560066
2020-04-27,479.5691223144531,496.2767028808594,508.6773986816406,490.3502502441406,502.9003601074219,1765581
2020-04-28,478.79901123046875,495.4798583984375,509.4742126464844,491.8443298339844,504.9422302246094,2128372
2020-04-29,483.1303405761719,499.9620361328125,502.9003601074219,493.58740234375,498.019775390625,1404693
2020-04-30,485.9697265625,502.9003601074219,512.9603881835938,499.3146057128906,502.9999694824219,6561590
2020-05-04,461.0888977050781,477.1527404785156,492.9897766113281,474.46343994140625,491.0474853515625,3320830
2020-05-05,453.7738342285156,469.58282470703125,485.8680725097656,467.39154052734375,483.07916259765625,1735925
2020-05-06,464.3133239746094,480.4894714355469,484.0752258300781,467.34173583984375,473.1187744140625,1896522
2020-05-07,467.0083312988281,483.27838134765625,490.00164794921875,474.51324462890625,480.4894714355469,1743414
2020-05-08,468.067138671875,484.3740234375,490.8482971191406,480.83807373046875,487.86016845703125,1451705
2020-05-11,485.53662109375,502.4521484375,510.47027587890625,482.8301696777344,487.2625427246094,3912963
2020-05-12,498.5304260253906,515.898681640625,518.9365844726562,490.15106201171875,500.7090759277344,3122914
2020-05-13,503.3429260253906,520.8788452148438,547.8217163085938,516.9943237304688,547.8217163085938,2711938
2020-05-14,492.22601318359375,509.3746032714844,526.5064697265625,506.2370910644531,515.948486328125,1940379
2020-05-15,498.4342041015625,515.799072265625,517.7911376953125,507.88055419921875,512.2133178710938,1384443
2020-05-18,477.21087646484375,493.8363952636719,513.4583740234375,492.14312744140625,513.4583740234375,2678574
2020-05-19,492.65911865234375,509.8228454589844,518.9365844726562,493.0893859863281,496.2268981933594,3299878
2020-05-20,516.7217407226562,534.7238159179688,536.8154907226562,504.9920349121094,508.9761962890625,2862696
2020-05-21,507.19305419921875,524.863037109375,534.8234252929688,519.4844360351562,534.7238159179688,2005953
2020-05-22,512.3905639648438,530.2416381835938,532.8313598632812,511.06787109375,521.8251342773438,1752039
2020-05-26,512.6792602539062,530.5404663085938,542.243896484375,525.7594604492188,532.8811645507812,4004041
2020-05-27,545.4046020507812,564.4058227539062,567.3441162109375,526.9547119140625,532.8811645507812,4754112
2020-05-28,554.8853149414062,574.216796875,579.3463745117188,555.0430297851562,565.7504272460938,3330221
2020-05-29,567.109130859375,586.8665161132812,599.6157836914062,574.7147827148438,587.962158203125,5979901
2020-06-01,561.6227416992188,581.1890869140625,597.6237182617188,577.7527465820312,590.1534423828125,2564085
2020-06-02,573.9909057617188,593.9881591796875,598.9683837890625,573.2705688476562,580.6910400390625,2681043
2020-06-03,575.3866577148438,595.4324340820312,607.5841064453125,590.0040283203125,598.1715698242188,2436065
2020-06-04,582.4129028320312,602.7035522460938,608.5801391601562,580.5416259765625,594.6356201171875,1650031
2020-06-05,603.6361083984375,624.6661987304688,628.2021484375,607.0861206054688,609.1777954101562,3146152
2020-06-08,594.0111694335938,614.705810546875,641.847900390625,611.3192749023438,632.485107421875,2757483
2020-06-09,588.9579467773438,609.4765625,633.2819213867188,604.2971801757812,620.6322631835938,2091161
2020-06-10,591.7011108398438,612.3153076171875,623.520751953125,607.6837158203125,609.576171875,1797749
2020-06-11,568.4566040039062,588.2609252929688,623.520751953125,580.2428588867188,615.5524291992188,2507917
2020-06-12,579.381103515625,599.5659790039062,603.7991943359375,565.9496459960938,565.9496459960938,2110589
2020-06-15,560.0828247070312,579.5953979492188,608.4307250976562,574.8143920898438,607.5841064453125,2927192
2020-06-16,567.0128784179688,586.7669067382812,602.1058959960938,577.9021606445312,595.6316528320312,1815454
2020-06-17,561.9596557617188,581.5376586914062,595.3328247070312,578.499755859375,584.7748413085938,1161867
2020-06-18,575.6753540039062,595.7312622070312,600.4624633789062,576.0096435546875,580.6910400390625,1808862
2020-06-19,578.7073364257812,598.8687744140625,601.30908203125,591.1992797851562,595.6316528320312,2630246
2020-06-22,594.4442138671875,615.1539916992188,626.3594360351562,584.6752319335938,601.50830078125,5901428
2020-06-23,599.01611328125,619.8851928710938,631.8377075195312,610.6220092773438,620.1342163085938,3194115
2020-06-24,590.642333984375,611.2196655273438,630.9412231445312,596.129638671875,623.520751953125,2452073
2020-06-25,584.6747436523438,605.044189453125,624.0685424804688,601.6576538085938,608.5303344726562,2097893
2020-06-26,593.0486450195312,613.7097778320312,623.869384765625,607.5841064453125,610.47265625,1767686
2020-06-29,596.0323486328125,616.7974853515625,621.9768676757812,596.129638671875,611.3192749023438,2018333
2020-06-30,596.465576171875,617.2457275390625,626.2598876953125,608.8789672851562,622.7737426757812,1634716
2020-07-01,591.3161010742188,611.9168701171875,623.470947265625,609.7255859375,617.3452758789062,1402760
2020-07-02,594.7811889648438,615.5026245117188,629.0487670898438,612.5145263671875,612.5145263671875,2512090
2020-07-03,604.5986938476562,625.6622314453125,627.5048828125,611.0702514648438,621.3294677734375,2074752
2020-07-06,617.111328125,638.6107177734375,650.812255859375,626.6084594726562,630.4930419921875,4075813
2020-07-07,600.2674560546875,621.1800537109375,640.3538208007812,618.83935546875,638.6107177734375,2164858
2020-07-08,585.6854858398438,606.0900268554688,629.3475952148438,602.9027099609375,625.5128173828125,2401094
2020-07-09,593.5298461914062,614.207763671875,620.2836303710938,607.5343017578125,609.576171875,1631873
2020-07-10,588.5248413085938,609.0283813476562,617.4448852539062,594.7352294921875,614.207763671875,2704109
2020-07-13,588.8135986328125,609.3272094726562,615.5026245117188,605.143798828125,611.9666748046875,1722338
2020-07-14,574.327880859375,594.3367919921875,611.4188842773438,591.4981079101562,610.0244140625,1758125
2020-07-15,566.8201904296875,586.5676879882812,604.5960083007812,584.0277709960938,600.0640258789062,1921434
2020-07-16,561.1896362304688,580.7408447265625,590.6514282226562,577.7029418945312,589.6553955078125,1515681
2020-07-17,569.900390625,589.7550048828125,593.0419311523438,580.6910400390625,582.1851196289062,2180665
2020-07-20,580.5360107421875,600.76123046875,608.9785766601562,591.0000610351562,595.6316528320312,2295638
2020-07-21,580.4879150390625,600.71142578125,614.058349609375,599.5161743164062,602.6039428710938,1950293
2020-07-22,579.2366333007812,599.4165649414062,609.576171875,591.6474609375,604.5960083007812,1749629
2020-07-23,575.8197021484375,595.8806762695312,609.3770141601562,594.6356201171875,602.9027099609375,1211759
2020-07-24,560.852783203125,580.3922119140625,594.4364013671875,579.2965698242188,594.4364013671875,1255646
2020-07-27,549.39892578125,568.5393676757812,582.68310546875,566.1986694335938,582.68310546875,2224709
2020-07-28,573.8947143554688,593.8885498046875,595.5818481445312,562.7623291015625,570.5314331054688,5625982
2020-07-29,593.1929931640625,613.8591918945312,619.38720703125,596.976318359375,597.6237182617188,6110360
2020-07-30,580.3434448242188,600.56201171875,622.6243286132812,598.7691650390625,611.7176513671875,2519390
2020-07-31,609.3150024414062,630.5428466796875,634.3775634765625,599.6157836914062,603.9485473632812,4769694
2020-08-03,609.748046875,630.9910278320312,640.2044067382812,619.18798828125,627.5048828125,2556245
2020-08-04,601.2299194335938,622.1760864257812,637.21630859375,619.7357788085938,632.883544921875,2070693
2020-08-05,609.6998901367188,630.9412231445312,641.051025390625,619.23779296875,622.2258911132812,2505820
2020-08-06,610.4218139648438,631.6882934570312,643.9395751953125,626.5088500976562,633.4811401367188,2312477
2020-08-07,612.683837890625,634.0289916992188,639.3577880859375,625.7618408203125,631.4890747070312,2235535
2020-08-10,610.277587890625,631.5388793945312,640.8020629882812,625.2139892578125,637.46533203125,1932817
2020-08-11,600.8449096679688,621.7777099609375,638.4115600585938,616.5982666015625,632.485107421875,2069626
2020-08-12,602.6737060546875,623.670166015625,626.5088500976562,612.6639404296875,617.5444946289062,2151111
2020-08-13,608.1599731445312,629.3475952148438,635.4732055664062,619.03857421875,629.2977905273438,3049144
2020-08-14,605.3687133789062,626.4590454101562,637.26611328125,620.9808349609375,629.4970092773438,2852059
2020-08-17,601.9036865234375,622.8733520507812,631.4890747070312,608.2813720703125,627.654296875,4326042
2020-08-18,642.0883178710938,664.4579467773438,675.8128051757812,618.54052734375,618.54052734375,15527149
2020-08-19,639.9227294921875,662.2168579101562,669.3385620117188,657.8342895507812,665.3046264648438,3257907
2020-08-20,640.64453125,662.9639282226562,672.32666015625,652.4556884765625,657.5355224609375,3026994
2020-08-21,651.9539794921875,674.6673583984375,680.2949829101562,666.2508544921875,672.0278930664062,4009171
2020-08-24,646.3715209960938,668.8903198242188,690.75341796875,663.5615234375,677.705322265625,3836076
2020-08-25,648.4890747070312,671.0816650390625,676.759033203125,659.029541015625,669.3385620117188,1831246
2020-08-26,646.0199584960938,664.5575561523438,675.8128051757812,655.9916381835938,670.2847900390625,2459758
2020-08-27,663.3033447265625,682.3369140625,685.2752075195312,664.3583984375,667.4959106445312,3272319
2020-08-28,678.8922119140625,698.3731079101562,714.6583862304688,681.291015625,687.2174682617188,7416581
2020-08-31,653.4271850585938,672.1773071289062,707.9849243164062,667.993896484375,700.2158203125,4474304
2020-09-01,662.8192749023438,681.8388671875,702.0086669921875,648.4715576171875,674.2689819335938,4746522
2020-09-02,656.912841796875,675.7630004882812,683.2333374023438,660.0255737304688,678.3029174804688,3946609
2020-09-03,701.7430419921875,721.879638671875,726.46142578125,678.9005737304688,682.287109375,7528192
2020-09-04,684.0723266601562,703.701904296875,721.1326293945312,695.9328002929688,702.2078857421875,3620215
2020-09-07,677.924072265625,697.3770751953125,717.9453125,690.25537109375,717.1484375,4194868
2020-09-08,655.6057739257812,674.4183959960938,700.1162109375,671.5298461914062,700.1162109375,2836862
2020-09-09,665.288330078125,684.3787841796875,693.7415161132812,661.4200439453125,673.32275390625,2847119
2020-09-10,690.656494140625,710.4749755859375,714.9073486328125,678.6017456054688,693.7913208007812,4943692
2020-09-11,698.0638427734375,718.0947265625,724.1207275390625,701.8592529296875,712.1682739257812,7359626
2020-09-14,684.5565795898438,704.199951171875,733.0352783203125,700.2158203125,718.14453125,3056973
2020-09-15,697.5311889648438,717.546875,720.6345825195312,706.9888916015625,708.78173828125,2938207
2020-09-16,697.5311889648438,717.546875,734.2803344726562,711.2718505859375,720.0867919921875,3050802
2020-09-17,701.6947021484375,721.829833984375,735.82421875,713.712158203125,717.546875,3942939
2020-09-18,721.3502197265625,742.0494384765625,745.6849975585938,721.780029296875,725.0669555664062,3228972
2020-09-21,694.0938110351562,714.0109252929688,746.6810302734375,707.2378540039062,746.6810302734375,2436306
2020-09-22,705.9549560546875,726.21240234375,743.0454711914062,704.000732421875,717.546875,3326343
2020-09-23,695.5946044921875,715.5548095703125,729.8479614257812,702.2078857421875,726.46142578125,2586941
2020-09-24,658.1231079101562,677.008056640625,712.1682739257812,672.82470703125,705.1959838867188,2836522
2020-09-25,685.6700439453125,705.3453979492188,709.3793334960938,680.2949829101562,680.2949829101562,2267006
2020-09-28,710.89306640625,731.292236328125,732.7365112304688,712.1682739257812,712.1682739257812,2555901
2020-09-29,698.5478515625,718.5927124023438,736.9696655273438,712.2180786132812,733.0850830078125,1829165
2020-09-30,720.5757446289062,741.2526245117188,743.4439086914062,712.2180786132812,718.5927124023438,2387252
2020-10-01,730.5971069335938,751.5616455078125,753.005859375,733.1348876953125,746.2328491210938,2413277
2020-10-05,726.3367919921875,747.1790771484375,760.5758056640625,739.0115356445312,749.220947265625,1907600
2020-10-06,733.6470947265625,754.6991577148438,756.9402465820312,737.5672607421875,747.2786865234375,1861945
2020-10-07,735.53515625,756.6414184570312,758.6832885742188,745.03759765625,752.0098266601562,1633121
2020-10-08,745.8955078125,767.299072265625,771.6318359375,755.6951904296875,761.97021484375,2229138
2020-10-09,721.447021484375,742.1490478515625,769.8389282226562,739.3103637695312,766.502197265625,2916735
2020-10-12,721.0597534179688,741.7506713867188,749.370361328125,735.0771484375,743.1948852539062,2824839
2020-10-13,725.658935546875,746.4818115234375,759.9781494140625,734.0313110351562,739.858154296875,2751314
2020-10-14,739.3598022460938,760.5758056640625,764.9583740234375,730.5452270507812,740.057373046875,2415604
2020-10-15,726.2883911132812,747.1292724609375,764.9085693359375,742.2486572265625,757.3386840820312,1506667
2020-10-16,748.1708984375,769.6397705078125,773.5740966796875,747.0296630859375,749.9679565429688,1772044
2020-10-19,748.6066284179688,770.0879516601562,779.3013305664062,758.533935546875,768.9425048828125,2143086
2020-10-20,752.528076171875,774.1219482421875,776.8112182617188,761.4722290039062,771.9306640625,1746130
2020-10-21,766.6162109375,788.6143188476562,791.3035888671875,768.4943237304688,776.9108276367188,2418947
2020-10-22,766.5194091796875,788.5147094726562,791.3035888671875,777.9068603515625,788.6143188476562,1706604
2020-10-23,760.2742309570312,782.0902709960938,800.8157958984375,779.0025024414062,790.9550170898438,2363692
2020-10-26,755.2391357421875,776.9108276367188,786.7218017578125,764.9583740234375,781.8910522460938,1344142
2020-10-27,754.3677368164062,776.014404296875,786.8712158203125,769.7891845703125,770.9346313476562,1536888
2020-10-28,752.5765380859375,774.1717529296875,786.5724487304688,769.9883422851562,786.5724487304688,1985259
2020-10-29,745.7503051757812,767.149658203125,774.2713623046875,762.96630859375,769.6895751953125,1066172
2020-10-30,753.6416015625,775.2673950195312,790.6063842773438,762.21923828125,766.950439453125,1716739
2020-11-02,762.8399658203125,784.729736328125,788.7139282226562,772.4286499023438,781.2933959960938,1795870
2020-11-03,766.0352172851562,788.0166625976562,797.7778930664062,783.9329223632812,786.0744018554688,2056424
2020-11-04,758.2407836914062,779.99853515625,791.8514404296875,775.615966796875,787.2696533203125,1505112
2020-11-05,778.8646240234375,801.2142333984375,807.1904296875,784.3811645507812,784.3811645507812,2985097
2020-11-06,769.133544921875,791.2039794921875,805.7959594726562,788.3652954101562,805.7959594726562,1506722
2020-11-09,767.00341796875,789.0126953125,805.0987548828125,786.0744018554688,793.843505859375,2196951
2020-11-10,764.4376831054688,786.3732299804688,813.2662963867188,777.9566650390625,795.8355712890625,2914387
2020-11-11,777.6058959960938,799.9193725585938,805.3975830078125,786.8712158203125,788.8633422851562,2520351
2020-11-12,800.69873046875,823.6748657226562,827.7088623046875,799.9193725585938,800.8157958984375,3845786
2020-11-13,814.6416625976562,838.0178833007812,844.6415405273438,816.25439453125,823.7246704101562,5942145
2020-11-14,811.9789428710938,835.2787475585938,841.2550048828125,831.7926025390625,839.6613159179688,326158
2020-11-17,816.1423950195312,839.5617065429688,850.1197509765625,832.2408447265625,843.5458984375,1893365
2020-11-18,822.00048828125,845.5877685546875,848.3268432617188,834.9301147460938,838.217041015625,1727008
2020-11-19,810.1876220703125,833.4360961914062,858.4864501953125,828.7048950195312,841.4542236328125,1931331
2020-11-20,828.8265991210938,852.60986328125,858.4864501953125,835.2787475585938,836.6732177734375,2058126
2020-11-23,827.4710083007812,851.2153930664062,865.458740234375,847.729248046875,859.9805297851562,2233883
2020-11-24,826.163818359375,849.8707275390625,860.3291625976562,846.6336059570312,853.6058959960938,1399638
2020-11-25,816.3360595703125,839.7609252929688,870.33935546875,836.7230224609375,852.60986328125,2401936
2020-11-26,849.5471801757812,873.9251098632812,877.5108032226562,843.6953125,846.8328247070312,4266333
2020-11-27,847.9496459960938,872.2816162109375,882.3416137695312,866.5543823242188,873.9251098632812,4020685
2020-12-01,878.9822387695312,904.2047119140625,907.0932006835938,858.7354736328125,863.5662841796875,4126748
2020-12-02,886.4378051757812,911.8742065429688,915.310546875,896.53515625,897.9794311523438,2854485
2020-12-03,881.160888671875,906.44580078125,921.2369384765625,902.4118041992188,917.3524169921875,1996094
2020-12-04,901.9298706054688,927.8108520507812,943.1498413085938,909.4837036132812,911.7745971679688,3042427
2020-12-07,907.93310546875,933.9862670898438,950.2217407226562,926.5657958984375,936.2273559570312,3205743
2020-12-08,896.4108276367188,922.1334228515625,938.2692260742188,914.7626953125,933.7870483398438,1763695
2020-12-09,891.0369873046875,916.6054077148438,930.0519409179688,912.5216064453125,923.2788696289062,1618537
2020-12-10,880.628173828125,905.89794921875,921.1373901367188,898.9754638671875,918.3484497070312,1734033
2020-12-11,873.6084594726562,898.6766967773438,912.0236206054688,897.431640625,906.29638671875,1945748
2020-12-14,882.516357421875,907.8402099609375,920.3405151367188,902.7106323242188,903.0592651367188,2052814
2020-12-15,883.048828125,908.3880615234375,914.0654907226562,899.4237060546875,908.3880615234375,1467901
2020-12-16,885.7599487304688,911.1769409179688,921.6353759765625,907.3920288085938,916.7547607421875,1395643
2020-12-17,883.7265625,909.0852661132812,922.7310180664062,908.3880615234375,912.2725830078125,1482672
2020-12-18,880.7734985351562,906.04736328125,913.1192626953125,898.4276733398438,908.3880615234375,2224860
2020-12-21,849.4988403320312,873.8753051757812,906.34619140625,864.8611450195312,905.99755859375,1912602
2020-12-22,857.0996704101562,881.6942138671875,885.8775634765625,859.9307250976562,873.8753051757812,1715164
2020-12-23,873.3663940429688,898.4276733398438,905.3999633789062,877.8594360351562,882.5906372070312,2387101
2020-12-24,868.6703491210938,893.5968627929688,908.2386474609375,887.57080078125,903.0592651367188,1425968
2020-12-28,877.8687133789062,903.0592651367188,908.7366943359375,893.5470581054688,897.630859375,1495820
2020-12-29,880.628173828125,905.89794921875,918.995849609375,902.6110229492188,907.3920288085938,1631226
2020-12-30,904.7377319335938,930.6993408203125,935.2313232421875,893.7462768554688,907.4916381835938,2289284
2020-12-31,898.3956909179688,924.17529296875,937.123779296875,917.9002075195312,936.0779418945312,2086260
2021-01-01,903.76953125,929.7033081054688,934.2850952148438,916.6054077148438,920.8385620117188,1156184
2021-01-04,933.8338623046875,960.6303100585938,963.1702270507812,933.4384765625,933.4384765625,2678141
2021-01-05,930.7838134765625,957.4927978515625,968.1006469726562,943.1996459960938,951.2177734375,1517829
2021-01-06,953.34423828125,980.7005004882812,985.5811157226562,951.267578125,956.1979370117188,2171483
2021-01-07,962.300537109375,989.9138793945312,1000.671142578125,973.329833984375,986.0791625976562,1896450
2021-01-08,972.4188232421875,1000.322509765625,1019.7951049804688,988.1708374023438,995.69091796875,2390870
2021-01-11,972.4188232421875,1000.322509765625,1008.2908325195312,990.5115356445312,995.39208984375,1254601
2021-01-12,978.2283935546875,1006.2987670898438,1016.5579223632812,993.7486572265625,1001.8165893554688,1557324
2021-01-13,1000.5466918945312,1029.2574462890625,1036.877197265625,1003.4600219726562,1005.00390625,2214186
2021-01-14,987.862548828125,1016.2093505859375,1036.827392578125,1009.286865234375,1030.90087890625,1528096
2021-01-15,1000.256103515625,1028.9586181640625,1035.183837890625,997.6331787109375,1011.0797119140625,2034259
2021-01-18,967.480712890625,995.24267578125,1025.4725341796875,986.92578125,1018.9484252929688,1854738
2021-01-19,999.1427001953125,1027.813232421875,1048.3316650390625,998.0316162109375,998.0316162109375,4075179
2021-01-20,1001.853759765625,1030.60205078125,1034.3870849609375,1010.7809448242188,1023.9286499023438,1534841
2021-01-21,984.8125610351562,1013.0718383789062,1042.8035888671875,1008.4900512695312,1031.89697265625,1273254
2021-01-22,972.1283569335938,1000.023681640625,1026.667724609375,996.03955078125,1018.251220703125,1033889
2021-01-25,1035.7911376953125,1065.5133056640625,1110.2354736328125,1012.9722290039062,1020.9405517578125,15405089
2021-01-27,1027.8515625,1057.3458251953125,1109.9366455078125,1046.8873291015625,1059.7362060546875,6647316
2021-01-28,1033.515869140625,1063.172607421875,1071.738525390625,1034.4368896484375,1036.379150390625,2845529
2021-01-29,1022.1387939453125,1051.4691162109375,1089.667236328125,1044.297607421875,1058.3916015625,3837388
2021-02-01,1089.916748046875,1121.19189453125,1126.321533203125,1043.2020263671875,1055.8018798828125,2107472
2021-02-02,1152.2237548828125,1185.2869873046875,1205.1082763671875,1131.9490966796875,1139.46923828125,4139299
2021-02-03,1153.046875,1186.1336669921875,1200.7257080078125,1167.6072998046875,1173.4342041015625,2436735
2021-02-04,1150.771484375,1183.79296875,1212.6282958984375,1166.412109375,1175.32666015625,2669863
2021-02-05,1148.44775390625,1181.4024658203125,1204.0125732421875,1168.3543701171875,1183.79296875,1642638
2021-02-08,1172.363525390625,1206.004638671875,1215.168212890625,1180.306884765625,1181.3028564453125,1963580
2021-02-09,1179.2867431640625,1213.1263427734375,1221.6424560546875,1199.2315673828125,1205.2078857421875,1733956
2021-02-10,1192.3096923828125,1226.5230712890625,1244.0533447265625,1211.18408203125,1211.18408203125,3276987
2021-02-11,1196.2310791015625,1230.5570068359375,1239.8699951171875,1216.7618408203125,1218.1563720703125,1221329
2021-02-12,1202.6700439453125,1237.1806640625,1249.8304443359375,1216.214111328125,1239.0732421875,3434991
2021-02-15,1188.96923828125,1223.0867919921875,1253.6153564453125,1211.93115234375,1252.071533203125,1921858
2021-02-16,1204.267578125,1238.82421875,1252.021728515625,1220.74609375,1229.51123046875,1567856
2021-02-17,1199.1358642578125,1233.545166015625,1244.0533447265625,1223.1365966796875,1223.2362060546875,1052775
2021-02-18,1190.615234375,1224.780029296875,1242.708740234375,1208.1959228515625,1233.545166015625,1542595
2021-02-19,1179.3350830078125,1213.1761474609375,1234.7901611328125,1205.2078857421875,1226.8717041015625,1319734
2021-02-22,1191.4384765625,1225.626708984375,1230.10888671875,1210.18798828125,1216.662353515625,1133104
2021-02-23,1192.4066162109375,1226.6226806640625,1244.9498291015625,1216.7618408203125,1234.093017578125,1440367
2021-02-24,1210.5130615234375,1245.2486572265625,1252.021728515625,1226.3736572265625,1234.093017578125,443684
2021-02-25,1230.119873046875,1265.41845703125,1283.89501953125,1249.0335693359375,1253.0177001953125,1949746
2021-02-26,1162.6810302734375,1196.0443115234375,1264.97021484375,1186.1336669921875,1250.0296630859375,2809674
2021-03-01,1225.7628173828125,1260.936279296875,1264.97021484375,1197.438720703125,1202.169921875,1607731
2021-03-02,1253.6485595703125,1289.6221923828125,1293.3572998046875,1256.005859375,1269.950439453125,1961842
2021-03-03,1276.2574462890625,1312.8797607421875,1337.68115234375,1284.8909912109375,1293.8553466796875,2252759
2021-03-04,1307.531982421875,1345.0517578125,1354.61376953125,1295.349365234375,1300.82763671875,1958602
2021-03-05,1296.832763671875,1334.0455322265625,1366.2674560546875,1318.75634765625,1343.4581298828125,2724965
2021-03-08,1301.577392578125,1338.9261474609375,1362.2833251953125,1326.2764892578125,1334.6431884765625,1406248
2021-03-09,1322.9757080078125,1360.9385986328125,1402.4237060546875,1355.65966796875,1376.526611328125,5099085
2021-03-10,1341.0821533203125,1379.5645751953125,1383.8475341796875,1354.61376953125,1372.54248046875,1090258
2021-03-12,1335.708251953125,1374.0364990234375,1399.3857421875,1369.5543212890625,1389.47509765625,1210907
2021-03-15,1340.1622314453125,1378.6182861328125,1386.387451171875,1341.665283203125,1383.4989013671875,974779
2021-03-16,1340.549560546875,1379.0167236328125,1392.2142333984375,1370.4508056640625,1374.6341552734375,1181261
2021-03-17,1323.7020263671875,1361.6856689453125,1389.37548828125,1355.9085693359375,1377.124267578125,1009550
2021-03-18,1343.744873046875,1382.3037109375,1394.355712890625,1366.5662841796875,1386.487060546875,1797660
2021-03-19,1366.450439453125,1405.6607666015625,1409.39599609375,1357.6019287109375,1375.1322021484375,2441007
2021-03-22,1369.0162353515625,1408.30029296875,1422.344482421875,1395.700439453125,1413.380126953125,1593946
2021-03-23,1366.450439453125,1405.6607666015625,1416.8662109375,1388.3297119140625,1408.30029296875,1007993
2021-03-24,1343.5994873046875,1382.154296875,1403.419677734375,1374.1859130859375,1403.419677734375,1496233
2021-03-25,1329.172607421875,1367.313232421875,1394.903564453125,1348.2391357421875,1378.020751953125,2174481
2021-03-26,1360.9796142578125,1400.033203125,1405.8599853515625,1373.53857421875,1375.5306396484375,1772011
2021-03-30,1377.4400634765625,1416.9658203125,1435.9404296875,1390.22216796875,1410.9896240234375,2584538
2021-03-31,1404.5029296875,1444.80517578125,1450.2335205078125,1404.415771484375,1411.3880615234375,1247057
2021-04-01,1408.327392578125,1448.739501953125,1461.18994140625,1431.259033203125,1454.2177734375,1275251
2021-04-05,1400.58154296875,1440.771240234375,1466.867431640625,1419.4559326171875,1449.237548828125,1402086
2021-04-06,1387.0743408203125,1426.87646484375,1443.51025390625,1420.3524169921875,1441.2691650390625,739833
2021-04-07,1391.7701416015625,1431.707275390625,1438.779052734375,1422.145263671875,1422.145263671875,609297
2021-04-08,1401.840087890625,1442.0660400390625,1457.504638671875,1427.8724365234375,1441.0699462890625,1573056
2021-04-09,1394.28759765625,1434.296875,1463.5306396484375,1427.17529296875,1449.237548828125,1129821
2021-04-12,1332.900390625,1371.1480712890625,1419.3065185546875,1362.1339111328125,1412.334228515625,1328953
2021-04-13,1348.005126953125,1386.686279296875,1401.1287841796875,1365.1717529296875,1367.363037109375,1428913
2021-04-15,1306.418701171875,1343.9063720703125,1394.405517578125,1319.75244140625,1387.4830322265625,2016916
2021-04-16,1310.2430419921875,1347.8406982421875,1374.5345458984375,1335.68896484375,1337.68115234375,1443699
2021-04-19,1282.6478271484375,1319.45361328125,1333.6968994140625,1300.08056640625,1325.0313720703125,1241897
2021-04-20,1250.88916015625,1286.783447265625,1367.910888671875,1276.5242919921875,1345.7490234375,3702862
2021-04-22,1258.9256591796875,1295.0506591796875,1308.4473876953125,1265.26904296875,1266.8626708984375,1876238
2021-04-23,1237.527099609375,1273.0380859375,1317.90966796875,1257.001953125,1293.8553466796875,2851038
2021-04-26,1270.6898193359375,1307.1524658203125,1315.7681884765625,1279.9107666015625,1279.9107666015625,1238450
2021-04-27,1288.94140625,1325.9278564453125,1333.8961181640625,1302.8197021484375,1314.772216796875,1241249
2021-04-28,1298.5755615234375,1335.83837890625,1343.6573486328125,1315.9176025390625,1332.153076171875,1288850
2021-04-29,1307.8223876953125,1345.3505859375,1364.076171875,1327.0234375,1349.035888671875,1800136
2021-04-30,1357.2518310546875,1396.1983642578125,1401.8260498046875,1327.720703125,1336.68505859375,3274647
2021-05-03,1369.645751953125,1408.94775390625,1419.4061279296875,1368.807373046875,1391.06884765625,1793989
2021-05-04,1371.001220703125,1410.3421630859375,1443.1617431640625,1398.439453125,1409.39599609375,2079242
2021-05-05,1375.7940673828125,1415.2725830078125,1449.187744140625,1399.435546875,1414.4757080078125,2165853
2021-05-06,1401.93701171875,1442.1656494140625,1444.25732421875,1412.483642578125,1414.3760986328125,1643323
2021-05-07,1403.5830078125,1443.85888671875,1456.1102294921875,1427.6234130859375,1444.25732421875,1272527
2021-05-10,1398.6932373046875,1438.828857421875,1469.1583251953125,1424.5855712890625,1454.2177734375,2080852
2021-05-11,1404.1156005859375,1444.40673828125,1463.13232421875,1419.3563232421875,1419.3563232421875,1527199
2021-05-12,1367.5155029296875,1406.7564697265625,1450.8809814453125,1402.4735107421875,1446.1995849609375,1354561
2021-05-14,1323.605224609375,1361.5860595703125,1416.318359375,1349.484130859375,1414.3760986328125,1245183
2021-05-17,1349.602783203125,1388.3297119140625,1394.853759765625,1357.0540771484375,1367.661865234375,755051
2021-05-18,1348.19873046875,1386.885498046875,1422.195068359375,1380.6103515625,1399.53515625,1049467
2021-05-19,1345.58447265625,1384.1961669921875,1416.2686767578125,1374.9329833984375,1385.490966796875,912471
2021-05-20,1331.5931396484375,1369.8033447265625,1383.4989013671875,1359.693603515625,1383.4989013671875,886461
2021-05-21,1328.3009033203125,1366.4168701171875,1381.45703125,1359.593994140625,1374.5345458984375,743088
2021-05-24,1327.2359619140625,1365.3211669921875,1370.9488525390625,1345.2509765625,1367.213623046875,1450921
2021-05-25,1331.2542724609375,1369.4547119140625,1393.7083740234375,1348.8367919921875,1374.5345458984375,3103636
2021-05-26,1364.6591796875,1403.818115234375,1426.27880859375,1375.5804443359375,1379.5147705078125,4319669
2021-05-27,1372.1630859375,1411.5374755859375,1430.561767578125,1387.4830322265625,1409.34619140625,4469025
2021-05-28,1418.9298095703125,1459.6461181640625,1474.1385498046875,1415.3721923828125,1422.543701171875,2700533
2021-05-31,1424.497314453125,1465.3734130859375,1488.9794921875,1449.237548828125,1459.4468994140625,2951302
2021-06-01,1398.6932373046875,1438.828857421875,1473.2918701171875,1431.308837890625,1469.7559814453125,1122065
2021-06-02,1396.466064453125,1436.5379638671875,1448.689697265625,1419.9041748046875,1438.2811279296875,1804692
2021-06-03,1412.4425048828125,1452.97265625,1458.201904296875,1430.362548828125,1439.476318359375,1010766
2021-06-04,1455.5299072265625,1497.29638671875,1501.0316162109375,1446.5980224609375,1453.0224609375,2566329
2021-06-07,1453.35107421875,1495.0552978515625,1524.88671875,1489.6767578125,1512.585693359375,2501045
2021-06-08,1455.4329833984375,1497.19677734375,1510.0457763671875,1484.298095703125,1502.973876953125,1031475
2021-06-09,1444.6854248046875,1486.1407470703125,1521.8487548828125,1479.11865234375,1504.1192626953125,1734171
2021-06-10,1445.1209716796875,1486.5889892578125,1510.991943359375,1481.31005859375,1485.094970703125,879471
2021-06-11,1443.2813720703125,1484.696533203125,1504.0196533203125,1469.6563720703125,1499.9359130859375,899012
2021-06-14,1445.6053466796875,1487.0870361328125,1491.7684326171875,1451.4288330078125,1475.632568359375,685484
2021-06-15,1447.7838134765625,1489.328125,1508.9998779296875,1482.1068115234375,1489.0791015625,817869
2021-06-16,1422.560791015625,1463.38134765625,1495.6031494140625,1458.102294921875,1489.5771484375,921327
2021-06-17,1411.909912109375,1452.4248046875,1484.746337890625,1444.80517578125,1459.1978759765625,798597
2021-06-18,1433.744140625,1474.885498046875,1483.3021240234375,1414.4259033203125,1458.201904296875,1491403
2021-06-21,1449.139404296875,1490.7225341796875,1494.9058837890625,1449.237548828125,1455.5125732421875,1150374
2021-06-22,1448.8004150390625,1490.3739013671875,1514.7769775390625,1487.1368408203125,1494.059326171875,1410254
2021-06-23,1451.172607421875,1492.814208984375,1506.2607421875,1478.1226806640625,1494.059326171875,977659
2021-06-24,1451.31787109375,1492.963623046875,1501.0316162109375,1481.6087646484375,1492.0672607421875,1150441
2021-06-25,1459.015625,1500.8822021484375,1508.9998779296875,1484.098876953125,1495.7525634765625,1198951
2021-06-28,1472.3292236328125,1514.5777587890625,1540.8731689453125,1506.7587890625,1508.9998779296875,2457270
2021-06-29,1455.578125,1497.34619140625,1517.2171630859375,1493.063232421875,1510.991943359375,737277
2021-06-30,1451.172607421875,1492.814208984375,1503.720947265625,1485.094970703125,1497.34619140625,902718
2021-07-01,1452.673583984375,1494.358154296875,1502.376220703125,1483.1029052734375,1497.29638671875,637573
2021-07-02,1442.45849609375,1483.849853515625,1506.9580078125,1481.11083984375,1499.03955078125,745289
2021-07-05,1442.4100341796875,1483.800048828125,1502.027587890625,1480.11474609375,1491.5692138671875,787645
2021-07-06,1449.72021484375,1491.3201904296875,1518.9603271484375,1485.792236328125,1485.8419189453125,1828294
2021-07-07,1446.42822265625,1487.9337158203125,1494.059326171875,1470.154296875,1489.0791015625,1123558
2021-07-08,1428.6124267578125,1469.6065673828125,1492.814208984375,1466.369384765625,1490.8719482421875,1079337
2021-07-09,1452.5281982421875,1494.208740234375,1502.027587890625,1455.2137451171875,1469.1583251953125,801755
2021-07-12,1487.385498046875,1530.066162109375,1534.59814453125,1501.0316162109375,1501.0316162109375,1866434
2021-07-13,1526.599853515625,1570.40576171875,1575.8839111328125,1531.9088134765625,1533.90087890625,2184726
2021-07-14,1518.0308837890625,1561.5908203125,1573.742431640625,1556.959228515625,1569.26025390625,705279
2021-07-15,1507.8154296875,1551.08251953125,1573.493408203125,1546.998779296875,1561.7900390625,911522
2021-07-16,1522.387939453125,1566.072998046875,1573.0452880859375,1541.9189453125,1558.6026611328125,853187
2021-07-19,1509.3165283203125,1552.62646484375,1569.35986328125,1538.731689453125,1552.62646484375,562032
2021-07-20,1524.1307373046875,1567.8658447265625,1581.2625732421875,1532.8052978515625,1552.02880859375,1735941
2021-07-22,1531.828369140625,1575.7843017578125,1593.165283203125,1566.9693603515625,1588.68310546875,986602
2021-07-23,1500.311767578125,1543.36328125,1582.656982421875,1539.030517578125,1573.742431640625,1414915
2021-07-26,1501.0379638671875,1544.1103515625,1560.046875,1534.94677734375,1543.36328125,1014895
2021-07-27,1470.4893798828125,1512.685302734375,1558.0050048828125,1507.0078125,1545.0565185546875,772365
2021-07-28,1484.8681640625,1527.4764404296875,1531.1617431640625,1480.11474609375,1521.9483642578125,1298575
2021-07-29,1495.5672607421875,1538.482666015625,1551.43115234375,1516.96826171875,1536.8890380859375,1223764
2021-07-30,1502.10302734375,1545.2059326171875,1559.7979736328125,1515.62353515625,1531.6099853515625,1130851
2021-08-02,1541.1236572265625,1585.3463134765625,1607.8070068359375,1552.47705078125,1558.8018798828125,2029644
2021-08-03,1541.849853515625,1586.0933837890625,1593.5635986328125,1538.383056640625,1568.7623291015625,1650483
2021-08-04,1505.4918212890625,1548.6920166015625,1598.8924560546875,1530.9625244140625,1583.702880859375,1252484
2021-08-05,1488.5958251953125,1531.3111572265625,1546.849365234375,1518.9603271484375,1532.90478515625,718574
2021-08-06,1482.39892578125,1524.9365234375,1547.347412109375,1514.1793212890625,1538.482666015625,688396
2021-08-09,1464.1473388671875,1506.1611328125,1540.8731689453125,1500.5833740234375,1538.881103515625,611589
2021-08-10,1443.2813720703125,1484.696533203125,1513.9801025390625,1472.0966796875,1513.9801025390625,933609
2021-08-11,1454.706787109375,1496.4498291015625,1510.892333984375,1474.1385498046875,1478.1226806640625,1273342
2021-08-12,1453.63525390625,1486.3897705078125,1508.9998779296875,1482.7542724609375,1493.860107421875,508925
2021-08-13,1458.115966796875,1490.9715576171875,1526.3807373046875,1479.61669921875,1487.3858642578125,2451296
2021-08-16,1452.271484375,1484.995361328125,1518.9603271484375,1481.5091552734375,1492.963623046875,932948
2021-08-17,1442.6280517578125,1475.134521484375,1492.614990234375,1454.3173828125,1490.5731201171875,1095272
2021-08-18,1462.3045654296875,1495.2545166015625,1502.824462890625,1474.1385498046875,1476.329833984375,891871
2021-08-20,1446.1834716796875,1478.7701416015625,1497.34619140625,1469.1583251953125,1484.049072265625,777228
2021-08-23,1403.3236083984375,1434.9443359375,1493.312255859375,1426.32861328125,1489.0791015625,1168369
2021-08-24,1422.318359375,1454.3671875,1456.2098388671875,1434.9443359375,1438.2811279296875,916666
2021-08-25,1410.1907958984375,1441.9664306640625,1466.817626953125,1440.372802734375,1460.6920166015625,842972
2021-08-26,1401.764892578125,1433.3507080078125,1453.96875,1424.3863525390625,1440.372802734375,940660
2021-08-27,1420.51611328125,1452.5244140625,1462.18603515625,1437.2352294921875,1438.2811279296875,899807
2021-08-30,1433.0333251953125,1465.3236083984375,1477.1265869140625,1456.2098388671875,1459.1978759765625,767630
2021-08-31,1461.5255126953125,1494.457763671875,1498.44189453125,1461.83740234375,1476.130615234375,1662849
2021-09-01,1447.4986572265625,1480.11474609375,1508.5018310546875,1474.3377685546875,1504.0196533203125,666666
2021-09-02,1460.4052734375,1493.312255859375,1501.0316162109375,1479.11865234375,1484.098876953125,1022291
2021-09-03,1471.3150634765625,1504.4678955078125,1513.9302978515625,1486.5889892578125,1504.0196533203125,1140167
2021-09-06,1491.3326416015625,1524.9365234375,1560.7939453125,1506.01171875,1506.01171875,2520316
2021-09-07,1514.1749267578125,1548.293701171875,1551.72998046875,1508.7508544921875,1531.9088134765625,1162828
2021-09-08,1535.8485107421875,1570.45556640625,1602.279052734375,1546.2518310546875,1555.813720703125,4094362
2021-09-09,1556.4991455078125,1591.571533203125,1596.6513671875,1563.7821044921875,1573.593017578125,845937
2021-09-13,1564.7303466796875,1599.9881591796875,1607.1097412109375,1573.294189453125,1603.6236572265625,971858
2021-09-14,1570.0391845703125,1605.41650390625,1613.4844970703125,1587.68701171875,1603.6236572265625,1087072
2021-09-15,1565.16845703125,1600.436279296875,1616.2235107421875,1583.702880859375,1608.6038818359375,1003371
2021-09-16,1537.5533447265625,1572.1986083984375,1611.5919189453125,1567.7662353515625,1608.6038818359375,855454
2021-09-17,1528.1531982421875,1562.5867919921875,1603.4244384765625,1556.162353515625,1580.9637451171875,1964523
2021-09-20,1495.8133544921875,1529.518310546875,1561.341796875,1522.4962158203125,1558.8018798828125,777241
2021-09-21,1516.8050537109375,1550.98291015625,1558.8018798828125,1520.653564453125,1528.920654296875,771658
2021-09-22,1533.8516845703125,1568.4136962890625,1576.3819580078125,1540.8233642578125,1545.1561279296875,920391
2021-09-23,1565.2174072265625,1600.486083984375,1618.564208984375,1567.2183837890625,1572.4476318359375,1218521
2021-09-24,1587.5240478515625,1623.29541015625,1651.43359375,1608.6038818359375,1608.6038818359375,2009800
2021-09-27,1606.0804443359375,1642.27001953125,1650.6865234375,1615.775390625,1628.624267578125,912417
2021-09-28,1606.03173828125,1642.22021484375,1677.92822265625,1634.6004638671875,1646.453369140625,1569131
2021-09-29,1626.6336669921875,1663.286376953125,1671.8524169921875,1628.574462890625,1635.4969482421875,821908
2021-09-30,1626.195556640625,1662.8382568359375,1687.58984375,1653.4256591796875,1653.4256591796875,1081824
2021-10-01,1633.6959228515625,1670.5076904296875,1680.966064453125,1629.022705078125,1653.3758544921875,705296
2021-10-04,1598.6285400390625,1634.6502685546875,1648.2960205078125,1614.580078125,1645.457275390625,1154208
2021-10-05,1584.8453369140625,1620.5562744140625,1646.901611328125,1616.5721435546875,1634.6502685546875,543442
2021-10-06,1557.57080078125,1592.667236328125,1633.5048828125,1585.6949462890625,1614.580078125,1041144
2021-10-07,1550.7520751953125,1585.6949462890625,1620.5562744140625,1583.702880859375,1602.5777587890625,3216011
2021-10-08,1557.3759765625,1592.468017578125,1610.396728515625,1585.3463134765625,1589.6790771484375,696357
2021-10-11,1608.9539794921875,1645.208251953125,1658.90380859375,1600.585693359375,1600.635498046875,1703912
2021-10-12,1595.2193603515625,1631.1641845703125,1658.4058837890625,1622.1002197265625,1645.208251953125,771610
2021-10-13,1633.5985107421875,1670.4080810546875,1706.4647216796875,1616.3729248046875,1631.1641845703125,1353155
2021-10-14,1707.0936279296875,1745.559326171875,1767.97021484375,1673.346435546875,1673.346435546875,2318372
2021-10-18,1708.5062255859375,1747.0035400390625,1791.2774658203125,1739.0850830078125,1755.0216064453125,1339088
2021-10-19,1673.39013671875,1711.0963134765625,1763.438232421875,1704.771484375,1750.04150390625,551969
2021-10-20,1648.648193359375,1685.796875,1717.122314453125,1675.1392822265625,1703.3272705078125,837973
2021-10-21,1700.5672607421875,1738.8858642578125,1747.0533447265625,1683.3565673828125,1702.6300048828125,1374606
2021-10-22,1669.3963623046875,1707.0125732421875,1757.7607421875,1703.3272705078125,1741.6746826171875,719097
2021-10-25,1666.3280029296875,1703.875,1712.88916015625,1662.5394287109375,1693.2672119140625,576094
2021-10-26,1694.3331298828125,1732.5111083984375,1760.0018310546875,1697.5003662109375,1710.1998291015625,1340095
2021-10-27,1683.6180419921875,1721.5546875,1747.7008056640625,1715.8773193359375,1737.0928955078125,527976
2021-10-28,1658.2916259765625,1695.65771484375,1729.0748291015625,1685.8466796875,1729.0748291015625,652099
2021-10-29,1676.5072021484375,1714.28369140625,1735.598876953125,1668.814453125,1698.2474365234375,1156691
2021-11-01,1742.6478271484375,1781.9146728515625,1788.737548828125,1712.39111328125,1715.1800537109375,1416529
2021-11-02,1698.8624267578125,1737.1427001953125,1797.851318359375,1730.61865234375,1784.90283203125,1121991
2021-11-03,1739.2874755859375,1778.4783935546875,1786.09814453125,1728.3277587890625,1738.0889892578125,1007472
2021-11-04,1745.1805419921875,1784.50439453125,1792.8712158203125,1778.4783935546875,1789.883056640625,95576
2021-11-08,1801.044677734375,1841.6273193359375,1849.7449951171875,1772.452392578125,1784.50439453125,1498465
2021-11-09,1815.5587158203125,1856.46826171875,1872.4547119140625,1841.2288818359375,1843.669189453125,1049506
2021-11-10,1825.8839111328125,1867.0263671875,1871.9566650390625,1834.704833984375,1839.58544921875,507309
2021-11-11,1796.5638427734375,1837.0455322265625,1885.5028076171875,1824.545166015625,1870.363037109375,949302
2021-11-12,1810.2987060546875,1851.0897216796875,1867.5740966796875,1835.202880859375,1850.5418701171875,1157525
2021-11-15,1807.765869140625,1848.5,1882.4649658203125,1832.7625732421875,1851.687255859375,653718
2021-11-16,1775.9129638671875,1815.929443359375,1867.5740966796875,1809.8038330078125,1852.633544921875,518987
2021-11-17,1746.2034912109375,1785.55029296875,1818.0709228515625,1779.5740966796875,1818.0709228515625,669416
2021-11-18,1728.523681640625,1767.47216796875,1804.7738037109375,1756.3663330078125,1776.1376953125,477111
2021-11-22,1732.2252197265625,1771.257080078125,1791.1778564453125,1743.0692138671875,1762.442138671875,748099
2021-11-23,1737.144287109375,1776.287109375,1797.3533935546875,1758.4580078125,1771.954345703125,1470853
2021-11-24,1701.6875,1740.03125,1786.8450927734375,1727.232177734375,1782.9107666015625,698612
2021-11-25,1720.9744873046875,1759.7528076171875,1765.9781494140625,1709.203857421875,1709.203857421875,708577
2021-11-26,1646.3104248046875,1683.4063720703125,1750.8880615234375,1672.350341796875,1750.34033203125,751240
2021-11-29,1640.3197021484375,1677.28076171875,1713.28759765625,1636.194091796875,1673.346435546875,1454309
2021-11-30,1619.3768310546875,1655.865966796875,1702.8790283203125,1643.7640380859375,1673.346435546875,1649983
2021-12-01,1636.0826416015625,1672.947998046875,1687.6893310546875,1646.802001953125,1660.39794921875,867171
2021-12-02,1679.185791015625,1717.022705078125,1743.1190185546875,1666.8223876953125,1669.9598388671875,984813
2021-12-03,1659.7529296875,1697.1517333984375,1735.200439453125,1691.374755859375,1728.3775634765625,921208
2021-12-06,1617.7205810546875,1654.172607421875,1711.7935791015625,1650.5869140625,1694.2633056640625,851251
2021-12-07,1641.878173828125,1678.8743896484375,1690.279052734375,1660.39794921875,1660.39794921875,824437
2021-12-08,1671.782958984375,1709.452880859375,1735.100830078125,1687.291015625,1693.2672119140625,1008502
2021-12-09,1678.1143798828125,1715.9271240234375,1723.1484375,1695.25927734375,1722.94921875,653385
2021-12-10,1703.8792724609375,1742.2723388671875,1750.24072265625,1708.207763671875,1708.207763671875,973292
2021-12-13,1687.56298828125,1725.5887451171875,1762.691162109375,1720.4093017578125,1755.0216064453125,716279
2021-12-14,1677.3837890625,1715.1800537109375,1737.9893798828125,1703.67578125,1708.207763671875,615369
2021-12-15,1660.2398681640625,1697.6497802734375,1725.1405029296875,1691.275146484375,1708.207763671875,573823
2021-12-16,1672.8056640625,1710.4986572265625,1732.9593505859375,1695.15966796875,1705.1201171875,886870
2021-12-17,1622.64013671875,1659.20263671875,1707.8094482421875,1649.640625,1698.7952880859375,617780
2021-12-20,1574.568603515625,1610.048095703125,1649.2423095703125,1594.6593017578125,1649.2423095703125,948588
2021-12-21,1594.0504150390625,1629.9688720703125,1662.1907958984375,1611.7413330078125,1611.7413330078125,949077
2021-12-22,1596.1446533203125,1632.1103515625,1655.417724609375,1622.74755859375,1641.37353515625,899027
2021-12-23,1616.6005859375,1653.0272216796875,1663.286376953125,1629.6700439453125,1640.4771728515625,1111226
2021-12-24,1569.16259765625,1604.5201416015625,1661.3939208984375,1588.93212890625,1653.6248779296875,1124342
2021-12-27,1561.028564453125,1596.203125,1609.848876953125,1585.8941650390625,1594.1612548828125,1202016
2021-12-28,1579.9261474609375,1615.5263671875,1632.9072265625,1605.61572265625,1610.595947265625,1432912
2021-12-29,1563.07421875,1598.2947998046875,1632.4091796875,1591.671142578125,1617.5682373046875,755567
2021-12-30,1552.3594970703125,1587.33837890625,1613.8828125,1581.2625732421875,1598.6434326171875,1165542
2021-12-31,1580.2183837890625,1615.8251953125,1637.489013671875,1594.2110595703125,1596.7509765625,1663106
2022-01-03,1618.548828125,1655.019287109375,1660.24853515625,1610.595947265625,1623.29541015625,628963
2022-01-04,1648.1612548828125,1685.2989501953125,1689.7811279296875,1651.43359375,1664.382080078125,895183
2022-01-05,1701.784912109375,1740.130859375,1746.1568603515625,1677.33056640625,1678.32666015625,1771249
2022-01-06,1675.971435546875,1713.73583984375,1739.1846923828125,1703.8251953125,1739.1846923828125,1158707
2022-01-07,1751.0738525390625,1790.530517578125,1799.8433837890625,1715.1800537109375,1715.1800537109375,2905803
2022-01-10,1791.206298828125,1831.5672607421875,1837.6929931640625,1786.4964599609375,1802.83154296875,1468479
2022-01-11,1799.0478515625,1839.58544921875,1863.5899658203125,1813.7879638671875,1826.8858642578125,1416519
2022-01-12,1825.4456787109375,1866.578125,1870.014404296875,1837.6929931640625,1850.5916748046875,701250
2022-01-13,1808.7401123046875,1849.4959716796875,1875.54248046875,1842.673095703125,1872.5543212890625,844542
2022-01-14,1809.1783447265625,1849.9442138671875,1860.352783203125,1825.093017578125,1852.533935546875,1239491
2022-01-17,1868.987548828125,1911.10107421875,1921.3602294921875,1838.68896484375,1849.9442138671875,1256235
2022-01-18,1804.259033203125,1844.9141845703125,1922.1571044921875,1835.402099609375,1920.314453125,945496
2022-01-19,1759.6944580078125,1799.345458984375,1856.51806640625,1789.185791015625,1837.6929931640625,809295
2022-01-20,1783.5596923828125,1823.7484130859375,1829.4755859375,1806.4173583984375,1809.8038330078125,716176
2022-01-21,1745.6676025390625,1785.00244140625,1821.75634765625,1771.954345703125,1821.75634765625,527053
2022-01-24,1646.8946533203125,1684.0040283203125,1784.70361328125,1677.33056640625,1784.70361328125,1022826
2022-01-25,1676.7020263671875,1714.48291015625,1719.3634033203125,1651.4833984375,1661.9915771484375,837999
2022-01-27,1643.3394775390625,1680.3685302734375,1693.2672119140625,1653.5252685546875,1690.378662109375,817874
2022-01-28,1653.0316162109375,1690.279052734375,1729.4732666015625,1684.3526611328125,1693.2672119140625,1141606
2022-01-31,1682.741455078125,1720.6583251953125,1730.1207275390625,1695.25927734375,1699.143798828125,513199
2022-02-01,1725.455322265625,1764.3345947265625,1769.9124755859375,1710.2994384765625,1729.7222900390625,1145245
2022-02-02,1732.0303955078125,1771.057861328125,1782.9107666015625,1756.0177001953125,1772.9503173828125,691679
2022-02-03,1687.8065185546875,1725.837646484375,1778.9266357421875,1715.1800537109375,1772.004150390625,482344
2022-02-04,1690.339111328125,1728.4273681640625,1758.009765625,1720.3594970703125,1725.837646484375,571680
2022-02-07,1667.98388671875,1705.568359375,1742.7205810546875,1693.2672119140625,1718.218017578125,483211
2022-02-08,1673.292724609375,1710.9967041015625,1721.1563720703125,1678.7249755859375,1714.53271484375,423296
2022-02-09,1694.625244140625,1732.8099365234375,1739.0850830078125,1706.2156982421875,1711.2955322265625,455811
2022-02-10,1722.7279052734375,1761.5457763671875,1764.2847900390625,1719.7618408203125,1719.7618408203125,624867
2022-02-11,1665.8409423828125,1703.376953125,1753.029541015625,1695.25927734375,1743.0692138671875,987534
2022-02-14,1600.382080078125,1636.443115234375,1689.8807373046875,1629.172119140625,1689.8807373046875,828020
2022-02-15,1667.7403564453125,1705.3193359375,1709.004638671875,1611.6417236328125,1652.7283935546875,1199604
2022-02-16,1676.7020263671875,1714.48291015625,1743.0194091796875,1705.7674560546875,1708.008544921875,1208851
2022-02-17,1666.912353515625,1704.47265625,1744.862060546875,1693.2672119140625,1731.06689453125,1071634
2022-02-18,1678.1143798828125,1715.9271240234375,1733.0091552734375,1691.275146484375,1695.25927734375,1205180
2022-02-21,1648.5994873046875,1685.7470703125,1729.8717041015625,1680.6673583984375,1697.2513427734375,1035748
2022-02-22,1640.514404296875,1677.47998046875,1683.008056640625,1630.6661376953125,1630.6661376953125,884474
2022-02-23,1626.536376953125,1663.186767578125,1697.2513427734375,1656.5631103515625,1683.4063720703125,675772
2022-02-24,1504.336669921875,1538.233642578125,1646.403564453125,1528.920654296875,1618.564208984375,1260593
2022-02-25,1527.227783203125,1561.640625,1592.468017578125,1553.9710693359375,1573.742431640625,1125821
2022-02-28,1557.083740234375,1592.169189453125,1598.0457763671875,1532.3570556640625,1546.3514404296875,1217106
2022-03-02,1508.379150390625,1542.3671875,1576.4815673828125,1532.4068603515625,1565.774169921875,1150949
2022-03-03,1464.642578125,1497.64501953125,1571.3519287109375,1490.2744140625,1551.82958984375,1150368
2022-03-04,1439.316162109375,1471.748046875,1508.9002685546875,1441.2691650390625,1479.11865234375,1633853
2022-03-07,1409.0706787109375,1440.821044921875,1469.8555908203125,1404.116943359375,1439.277099609375,927442
2022-03-08,1420.418701171875,1452.4248046875,1459.8951416015625,1401.6268310546875,1434.296875,819693
2022-03-09,1454.6580810546875,1487.4356689453125,1502.724853515625,1437.7830810546875,1459.8951416015625,1697970
2022-03-10,1514.61328125,1548.7418212890625,1568.7623291015625,1525.0361328125,1543.861328125,1492221
2022-03-11,1525.6693115234375,1560.046875,1569.65869140625,1534.89697265625,1547.596435546875,1206952
2022-03-14,1536.6278076171875,1571.2523193359375,1577.6768798828125,1539.7774658203125,1550.0367431640625,550221
2022-03-15,1523.7210693359375,1558.0548095703125,1592.368408203125,1551.43115234375,1566.7701416015625,916893
2022-03-16,1562.489990234375,1597.697265625,1609.450439453125,1569.95751953125,1573.294189453125,1406631
2022-03-17,1577.8804931640625,1613.4346923828125,1650.1884765625,1605.61572265625,1613.5841064453125,2739045
2022-03-21,1528.786376953125,1563.2342529296875,1608.0560302734375,1550.2857666015625,1600.635498046875,1291439
2022-03-22,1541.4981689453125,1576.2325439453125,1584.6490478515625,1519.0599365234375,1563.2342529296875,1017766
2022-03-23,1541.1085205078125,1575.8341064453125,1588.68310546875,1558.1046142578125,1588.18505859375,844629
2022-03-24,1557.9603271484375,1593.065673828125,1597.5478515625,1562.8856201171875,1570.75439453125,1080721
2022-03-25,1549.8267822265625,1584.7486572265625,1605.61572265625,1567.9654541015625,1595.1573486328125,662852
2022-03-28,1569.211181640625,1604.5699462890625,1610.546142578125,1568.96142578125,1588.48388671875,1283149
2022-03-29,1581.630859375,1617.2694091796875,1632.1103515625,1600.585693359375,1612.5880126953125,1743946
2022-03-30,1624.49072265625,1661.0950927734375,1671.3045654296875,1626.0843505859375,1631.5128173828125,1510711
2022-03-31,1620.8865966796875,1657.4097900390625,1671.9520263671875,1643.7640380859375,1663.385986328125,781390
2022-04-01,1626.6824951171875,1663.336181640625,1674.1929931640625,1651.43359375,1654.620849609375,844681
2022-04-04,1636.179931640625,1673.047607421875,1681.314697265625,1652.4295654296875,1660.39794921875,808254
2022-04-05,1658.194091796875,1695.55810546875,1705.2197265625,1662.9378662109375,1681.314697265625,1206116
2022-04-06,1655.7103271484375,1693.0181884765625,1710.4986572265625,1686.7431640625,1693.2672119140625,448766
2022-04-07,1638.37158203125,1675.2886962890625,1693.2672119140625,1661.3939208984375,1682.808837890625,867367
2022-04-08,1725.357666015625,1764.2349853515625,1778.7274169921875,1669.3623046875,1669.3623046875,2508015
2022-04-11,1772.990966796875,1812.94140625,1823.6488037109375,1757.7109375,1777.6317138671875,3289420
2022-04-12,1710.015869140625,1748.54736328125,1807.811767578125,1743.0692138671875,1794.86328125,1507804
2022-04-13,1720.1953125,1758.9560546875,1770.958251953125,1731.51513671875,1750.04150390625,839407
2022-04-18,1696.183837890625,1734.4036865234375,1760.3006591796875,1718.267822265625,1754.025634765625,466583
2022-04-19,1675.825439453125,1713.58642578125,1769.9622802734375,1693.3668212890625,1747.0533447265625,747891
2022-04-20,1691.605712890625,1729.7222900390625,1752.0335693359375,1710.2496337890625,1711.4947509765625,678130
2022-04-21,1718.5391845703125,1757.2626953125,1762.940185546875,1727.630615234375,1738.0889892578125,711001
2022-04-22,1672.3673095703125,1710.050537109375,1747.0533447265625,1703.2276611328125,1741.0771484375,900053
2022-04-25,1649.817138671875,1686.9921875,1699.093994140625,1671.7030029296875,1681.314697265625,453315
2022-04-26,1673.487548828125,1711.1959228515625,1723.1484375,1688.2869873046875,1698.2474365234375,753432
2022-04-27,1656.148681640625,1693.4664306640625,1702.7296142578125,1670.3582763671875,1689.2830810546875,426076
2022-04-28,1667.5455322265625,1705.1201171875,1714.18408203125,1683.3067626953125,1710.1998291015625,814436
2022-04-29,1648.453369140625,1685.59765625,1731.66455078125,1678.42626953125,1709.602294921875,1115565
2022-05-02,1636.03369140625,1672.898193359375,1682.260986328125,1650.63671875,1669.3623046875,438839
2022-05-04,1580.2183837890625,1615.8251953125,1696.7532958984375,1608.9525146484375,1673.446044921875,607695
2022-05-05,1565.26611328125,1600.535888671875,1638.3853759765625,1595.1573486328125,1625.4866943359375,524858
2022-05-06,1525.0361328125,1559.3995361328125,1598.0457763671875,1544.9071044921875,1584.101318359375,527671
2022-05-09,1511.544921875,1545.6043701171875,1567.4176025390625,1530.514404296875,1543.8115234375,965410
2022-05-10,1502.14501953125,1535.9925537109375,1569.60888671875,1528.3231201171875,1544.8572998046875,856641
2022-05-11,1495.5699462890625,1529.269287109375,1557.507080078125,1502.077392578125,1535.8929443359375,840087
2022-05-12,1447.352294921875,1479.96533203125,1523.9404296875,1457.454833984375,1520.952392578125,693593
2022-05-13,1436.8809814453125,1469.2579345703125,1511.938232421875,1460.1441650390625,1497.64501953125,489395
2022-05-16,1414.623046875,1446.4984130859375,1490.9715576171875,1431.906494140625,1469.1583251953125,814351
2022-05-17,1443.0177001953125,1475.532958984375,1484.098876953125,1442.3150634765625,1450.2335205078125,772250
2022-05-18,1448.8135986328125,1481.4593505859375,1503.372314453125,1470.3037109375,1484.098876953125,776063
2022-05-19,1420.0291748046875,1452.0264892578125,1465.1243896484375,1440.821044921875,1464.1781005859375,525816
2022-05-20,1449.78759765625,1482.4554443359375,1515.97216796875,1462.43505859375,1466.170166015625,645075
2022-05-23,1419.6395263671875,1451.6280517578125,1504.4678955078125,1446.2493896484375,1480.11474609375,959790
2022-05-24,1366.4053955078125,1397.1944580078125,1461.18994140625,1374.5345458984375,1452.2255859375,1863231
2022-05-25,1339.91015625,1370.1021728515625,1438.978271484375,1351.4263916015625,1394.455322265625,3390982
2022-05-26,1356.4698486328125,1387.034912109375,1395.302001953125,1334.9420166015625,1386.487060546875,1562780
2022-05-27,1360.5123291015625,1391.16845703125,1417.314453125,1372.59228515625,1404.415771484375,1274718
2022-05-30,1403.6644287109375,1435.29296875,1443.26123046875,1397.5430908203125,1404.415771484375,784377
2022-05-31,1391.5858154296875,1422.942138671875,1449.486572265625,1414.2266845703125,1442.5142822265625,2034013
2022-06-01,1399.329833984375,1430.860595703125,1444.25732421875,1407.0054931640625,1419.3563232421875,871147
2022-06-02,1395.4334716796875,1426.87646484375,1443.26123046875,1409.9935302734375,1443.26123046875,888795
2022-06-03,1304.74560546875,1334.1451416015625,1435.8408203125,1324.7823486328125,1429.3167724609375,4829454
2022-06-06,1292.3258056640625,1321.4456787109375,1334.6929931640625,1304.811767578125,1328.716796875,2364329
2022-06-07,1292.27734375,1321.3958740234375,1331.704833984375,1292.361328125,1309.7919921875,2011482
2022-06-08,1294.3228759765625,1323.487548828125,1349.633544921875,1302.2718505859375,1331.704833984375,2671127
2022-06-09,1275.181884765625,1303.9154052734375,1321.7445068359375,1296.843505859375,1321.7445068359375,1360831
2022-06-10,1292.1309814453125,1321.2464599609375,1326.5255126953125,1280.9566650390625,1284.8909912109375,1149961
2022-06-13,1259.060791015625,1287.430908203125,1310.240234375,1280.5582275390625,1294.8514404296875,1204017
2022-06-14,1275.4254150390625,1304.164306640625,1316.3160400390625,1281.0064697265625,1293.8553466796875,1069818
2022-06-15,1297.196533203125,1326.4259033203125,1335.68896484375,1302.7698974609375,1314.124755859375,1062150
2022-06-16,1251.7550048828125,1279.9605712890625,1342.5616455078125,1272.98828125,1339.6732177734375,954602
2022-06-17,1256.62548828125,1284.9407958984375,1301.57470703125,1271.5440673828125,1281.80322265625,1027138
2022-06-20,1281.9031982421875,1310.7880859375,1316.2662353515625,1279.9107666015625,1284.9906005859375,670772
2022-06-21,1299.5341796875,1328.8162841796875,1334.6929931640625,1311.3358154296875,1325.7286376953125,582021
2022-06-22,1290.5726318359375,1319.65283203125,1325.7286376953125,1305.558837890625,1322.840087890625,506446
2022-06-23,1281.951904296875,1310.837890625,1336.48583984375,1293.9549560546875,1328.716796875,829824
2022-06-24,1288.9652099609375,1318.00927734375,1334.6929931640625,1306.056884765625,1315.220458984375,761751
2022-06-27,1314.340576171875,1343.9561767578125,1349.932373046875,1326.724609375,1334.6929931640625,1127432
2022-06-28,1308.252197265625,1337.73095703125,1348.4881591796875,1321.4456787109375,1338.6771240234375,661031
2022-06-29,1288.9652099609375,1318.00927734375,1354.51416015625,1313.576904296875,1325.1309814453125,1556138
2022-06-30,1286.5301513671875,1315.5191650390625,1332.053466796875,1304.911376953125,1326.1270751953125,1138089
2022-07-01,1312.3433837890625,1341.914306640625,1344.6533203125,1300.13037109375,1314.772216796875,518559
2022-07-04,1315.801513671875,1345.4501953125,1352.2232666015625,1326.3262939453125,1334.6929931640625,787143
2022-07-05,1314.77880859375,1344.4044189453125,1372.34326171875,1340.071533203125,1349.633544921875,704841
2022-07-06,1334.1632080078125,1364.2255859375,1369.7535400390625,1340.270751953125,1353.76708984375,709046
2022-07-07,1339.228271484375,1369.4049072265625,1386.387451171875,1362.6318359375,1376.526611328125,546507
2022-07-08,1355.3009033203125,1385.839599609375,1401.4276123046875,1376.725830078125,1376.725830078125,1079820
2022-07-11,1369.5712890625,1400.431640625,1405.4117431640625,1368.558349609375,1382.552734375,761236
2022-07-12,1344.2935791015625,1374.5843505859375,1395.700439453125,1370.8492431640625,1385.739990234375,318839
2022-07-13,1362.898681640625,1393.6087646484375,1400.6307373046875,1382.8016357421875,1386.287841796875,470489
2022-07-14,1355.7392578125,1386.287841796875,1402.4237060546875,1375.1322021484375,1397.4434814453125,380844
2022-07-15,1361.9732666015625,1392.6624755859375,1401.4276123046875,1383.3992919921875,1393.2601318359375,288785
2022-07-18,1391.2935791015625,1422.643310546875,1425.43212890625,1400.53125,1403.419677734375,606107
2022-07-19,1404.833251953125,1436.4881591796875,1440.223388671875,1412.384033203125,1412.384033203125,764754
2022-07-20,1404.2974853515625,1435.9404296875,1459.1480712890625,1432.3048095703125,1459.0484619140625,810415
2022-07-21,1426.653076171875,1458.799560546875,1461.98681640625,1436.4384765625,1439.277099609375,780126
2022-07-22,1481.9326171875,1515.32470703125,1523.9404296875,1451.3292236328125,1459.1978759765625,1650074
2022-07-25,1459.6746826171875,1492.565185546875,1515.32470703125,1476.031005859375,1515.32470703125,1205285
2022-07-26,1475.6009521484375,1508.8504638671875,1511.440185546875,1479.21826171875,1492.565185546875,882250
2022-07-27,1506.7720947265625,1540.7237548828125,1555.614501953125,1506.9580078125,1507.8046875,1287079
2022-07-28,1510.4248046875,1544.4588623046875,1560.84375,1531.9586181640625,1549.8375244140625,966093
2022-07-29,1532.244384765625,1566.7701416015625,1581.4119873046875,1548.9410400390625,1550.2857666015625,804695
2022-08-01,1527.7635498046875,1562.1883544921875,1583.055419921875,1553.8714599609375,1570.15673828125,556560
2022-08-02,1548.6578369140625,1583.553466796875,1588.18505859375,1545.8533935546875,1553.8714599609375,907650
2022-08-03,1545.735595703125,1580.5653076171875,1598.1951904296875,1561.3916015625,1585.7945556640625,539764
2022-08-04,1538.429931640625,1573.0950927734375,1595.3565673828125,1555.0169677734375,1593.5137939453125,720561
2022-08-05,1556.888916015625,1591.969970703125,1609.500244140625,1575.8341064453125,1580.9637451171875,951109
2022-08-08,1557.2298583984375,1592.318603515625,1600.685302734375,1578.72265625,1591.1732177734375,461663
2022-08-10,1569.16259765625,1604.5201416015625,1609.799072265625,1580.2166748046875,1588.78271484375,567647
2022-08-11,1568.3291015625,1593.7130126953125,1613.6339111328125,1586.6910400390625,1613.5841064453125,451982
2022-08-12,1590.4322509765625,1616.1737060546875,1646.453369140625,1583.702880859375,1601.731201171875,1803740
2022-08-16,1559.9979248046875,1585.2467041015625,1628.375244140625,1536.5404052734375,1625.0384521484375,1431538
2022-08-17,1584.502197265625,1610.147705078125,1632.458984375,1589.7288818359375,1593.6632080078125,1052538
2022-08-18,1581.7576904296875,1607.3587646484375,1615.177734375,1579.71875,1601.631591796875,1010974
2022-08-19,1574.0142822265625,1599.4901123046875,1615.576171875,1587.78662109375,1613.5343017578125,815549
2022-08-22,1533.0919189453125,1557.9053955078125,1592.667236328125,1547.596435546875,1592.667236328125,962565
2022-08-23,1563.8204345703125,1589.1312255859375,1601.133544921875,1540.8233642578125,1551.82958984375,1878454
2022-08-24,1580.287353515625,1605.86474609375,1610.745361328125,1568.81201171875,1588.68310546875,907999
2022-08-25,1592.6375732421875,1618.414794921875,1640.87548828125,1609.649658203125,1610.595947265625,872154
2022-08-26,1642.0384521484375,1668.615234375,1680.7669677734375,1623.49462890625,1623.49462890625,1352886
2022-08-29,1631.060546875,1657.4595947265625,1675.3385009765625,1607.7073974609375,1627.528564453125,1007459
2022-08-30,1645.37109375,1672.001708984375,1685.2989501953125,1663.585205078125,1663.585205078125,830049
2022-09-01,1651.5950927734375,1678.32666015625,1699.691650390625,1653.8240966796875,1653.9237060546875,1368943
2022-09-02,1654.4376220703125,1681.215087890625,1690.777099609375,1663.435791015625,1678.7249755859375,601416
2022-09-05,1676.8345947265625,1703.974609375,1707.4608154296875,1673.346435546875,1686.2451171875,790436
2022-09-06,1688.8909912109375,1716.2259521484375,1723.8953857421875,1697.2513427734375,1697.2513427734375,833826
2022-09-07,1715.4537353515625,1743.2186279296875,1748.0494384765625,1703.2276611328125,1703.2276611328125,800842
2022-09-08,1734.7630615234375,1762.840576171875,1765.4801025390625,1743.1190185546875,1750.34033203125,608734
2022-09-09,1713.5914306640625,1741.326171875,1790.679931640625,1735.349853515625,1765.4801025390625,695716
2022-09-12,1733.3907470703125,1761.4461669921875,1764.9820556640625,1740.0810546875,1740.0810546875,420084
2022-09-13,1754.17041015625,1782.5621337890625,1801.4869384765625,1763.9859619140625,1763.9859619140625,812176
2022-09-14,1747.456298828125,1775.7392578125,1791.7257080078125,1757.0137939453125,1757.0137939453125,710550
2022-09-15,1772.4508056640625,1801.1383056640625,1809.0567626953125,1769.8626708984375,1778.9266357421875,1078073
2022-09-16,1710.0135498046875,1737.6905517578125,1798.847412109375,1719.0645751953125,1792.7716064453125,1031783
2022-09-19,1714.66943359375,1742.4217529296875,1755.9678955078125,1719.7618408203125,1733.1087646484375,517380
2022-09-20,1707.1219482421875,1734.752197265625,1760.9481201171875,1724.3436279296875,1753.029541015625,1023132
2022-09-21,1685.7542724609375,1713.03857421875,1742.3719482421875,1703.2276611328125,1732.11279296875,1131988
2022-09-22,1698.349365234375,1725.837646484375,1729.1246337890625,1690.079833984375,1713.03857421875,477972
2022-09-23,1663.7493896484375,1690.677490234375,1727.630615234375,1683.3067626953125,1726.136474609375,638948
2022-09-26,1632.4326171875,1658.85400390625,1686.294921875,1645.955322265625,1670.4080810546875,784059
2022-09-27,1649.1446533203125,1675.8365478515625,1690.229248046875,1637.439208984375,1658.4058837890625,571532
2022-09-28,1636.059326171875,1662.5394287109375,1681.065673828125,1647.7481689453125,1658.4058837890625,550298
2022-09-29,1622.9739990234375,1649.2423095703125,1683.157470703125,1644.7601318359375,1670.8563232421875,543934
2022-09-30,1641.6463623046875,1668.216796875,1690.279052734375,1647.3995361328125,1676.3345947265625,815263
2022-10-03,1604.007568359375,1629.9688720703125,1674.7906494140625,1621.6021728515625,1664.382080078125,474878
2022-10-04,1650.5169677734375,1677.23095703125,1681.912353515625,1644.8597412109375,1661.1947021484375,515663
2022-10-06,1649.7327880859375,1676.43408203125,1698.2474365234375,1668.3662109375,1685.6474609375,616095
2022-10-07,1664.2393798828125,1691.175537109375,1696.15576171875,1648.4454345703125,1668.3662109375,691354
2022-10-10,1640.7642822265625,1667.3204345703125,1681.264892578125,1650.63671875,1675.3385009765625,771385
2022-10-11,1611.898193359375,1637.987060546875,1675.3385009765625,1630.7159423828125,1674.5416259765625,409456
2022-10-12,1638.5098876953125,1665.029541015625,1670.3582763671875,1624.83935546875,1645.457275390625,412162
2022-10-13,1646.44921875,1673.097412109375,1678.07763671875,1633.5048828125,1663.585205078125,751063
2022-10-14,1661.9359130859375,1688.8348388671875,1708.456787109375,1681.115478515625,1692.2711181640625,568187
2022-10-17,1657.6231689453125,1684.4522705078125,1702.2315673828125,1668.615234375,1683.3067626953125,711250
2022-10-18,1654.78076171875,1681.563720703125,1693.9644775390625,1673.645263671875,1692.9185791015625,471745
2022-10-19,1650.9580078125,1677.67919921875,1705.8670654296875,1670.8563232421875,1684.3028564453125,1082577
2022-10-20,1655.4669189453125,1682.260986328125,1688.0379638671875,1661.5433349609375,1676.78271484375,430634
2022-10-21,1643.802734375,1670.4080810546875,1708.157958984375,1662.5892333984375,1683.2569580078125,471477
2022-10-24,1665.3665771484375,1692.3209228515625,1701.2354736328125,1683.3067626953125,1688.2869873046875,56288
2022-10-25,1680.706298828125,1707.908935546875,1722.15234375,1686.1953125,1689.7811279296875,708672
2022-10-27,1690.2630615234375,1717.620361328125,1733.6068115234375,1714.03466796875,1722.94921875,568780
2022-10-28,1650.81103515625,1677.52978515625,1731.11669921875,1665.2784423828125,1723.048828125,443761
2022-10-31,1687.5675048828125,1714.8812255859375,1723.1484375,1681.812744140625,1685.9462890625,594266
2022-11-01,1726.382568359375,1754.324462890625,1762.989990234375,1721.35546875,1721.35546875,862642
2022-11-02,1725.1572265625,1753.079345703125,1775.888671875,1745.061279296875,1754.324462890625,682110
2022-11-03,1711.0428466796875,1738.7364501953125,1764.9322509765625,1728.6763916015625,1743.1688232421875,370943
2022-11-04,1730.1072998046875,1758.109375,1764.9820556640625,1736.146728515625,1744.065185546875,445790
2022-11-07,1740.0069580078125,1768.16943359375,1787.9906005859375,1755.3702392578125,1763.9859619140625,772139
2022-11-09,1710.895751953125,1738.5870361328125,1786.8450927734375,1726.485107421875,1786.8450927734375,616980
2022-11-10,1670.757568359375,1697.7991943359375,1733.2083740234375,1689.0340576171875,1733.1087646484375,613431
2022-11-11,1674.580322265625,1701.6837158203125,1732.01318359375,1688.8348388671875,1706.3153076171875,1083107
2022-11-14,1713.8363037109375,1741.5750732421875,1749.94189453125,1700.488525390625,1704.2236328125,1571362
2022-11-15,1699.1336669921875,1726.634521484375,1749.49365234375,1704.3232421875,1741.5750732421875,1013411
2022-11-16,1693.252685546875,1720.6583251953125,1743.0194091796875,1698.2474365234375,1729.1246337890625,903821
2022-11-17,1676.7366943359375,1703.875,1717.072509765625,1690.279052734375,1717.072509765625,638353
2022-11-18,1674.97216796875,1702.0821533203125,1716.6243896484375,1674.6412353515625,1707.2117919921875,753543
2022-11-21,1649.0467529296875,1675.7369384765625,1701.2354736328125,1669.3623046875,1692.7193603515625,417544
2022-11-22,1666.0037841796875,1692.9683837890625,1710.050537109375,1675.3385009765625,1681.115478515625,792650
2022-11-23,1668.7972412109375,1695.80712890625,1706.8631591796875,1686.892578125,1698.1478271484375,515987
2022-11-24,1689.282958984375,1716.6243896484375,1726.833740234375,1691.275146484375,1703.1280517578125,861243
2022-11-25,1700.7509765625,1728.2779541015625,1732.11279296875,1699.193603515625,1723.1484375,584168
2022-11-28,1682.91162109375,1710.1500244140625,1737.0430908203125,1706.7635498046875,1716.4251708984375,410415
2022-11-29,1685.0679931640625,1712.34130859375,1725.1405029296875,1707.859130859375,1713.18798828125,494662
2022-11-30,1724.86328125,1752.780517578125,1761.5955810546875,1718.367431640625,1718.367431640625,1137756
2022-12-01,1764.2662353515625,1792.8214111328125,1800.2418212890625,1753.029541015625,1762.989990234375,898588
2022-12-02,1783.57568359375,1812.443359375,1817.473388671875,1778.9266357421875,1789.683837890625,1357654
2022-12-05,1780.14501953125,1808.9571533203125,1829.724609375,1805.6204833984375,1820.56103515625,837283
2022-12-06,1789.8489990234375,1818.8179931640625,1822.7523193359375,1792.8712158203125,1806.815673828125,631065
2022-12-07,1772.352783203125,1801.0386962890625,1832.2147216796875,1792.8712158203125,1829.724609375,657577
2022-12-08,1776.5185546875,1805.2718505859375,1818.0709228515625,1798.897216796875,1801.0386962890625,334379
2022-12-09,1764.2174072265625,1792.7716064453125,1828.2803955078125,1781.217529296875,1812.244140625,523232
2022-12-12,1779.3121337890625,1808.110595703125,1811.9951171875,1769.0159912109375,1795.8592529296875,457733
2022-12-13,1774.901123046875,1803.62841796875,1817.7720947265625,1795.5604248046875,1809.8038330078125,452455
2022-12-14,1785.732177734375,1814.6346435546875,1826.686767578125,1804.07666015625,1807.811767578125,535865
2022-12-15,1751.4749755859375,1779.822998046875,1818.0709228515625,1770.958251953125,1815.580810546875,319014
2022-12-16,1721.53076171875,1749.39404296875,1783.0103759765625,1745.061279296875,1771.954345703125,711870
2022-12-19,1730.7933349609375,1758.806640625,1762.890380859375,1737.0928955078125,1745.061279296875,313190
2022-12-20,1724.0791015625,1751.9837646484375,1756.9639892578125,1722.7998046875,1755.0216064453125,443027
2022-12-21,1698.54541015625,1726.036865234375,1765.3804931640625,1721.0069580078125,1753.577392578125,411544
2022-12-22,1710.258544921875,1737.9395751953125,1748.79638671875,1719.2139892578125,1739.0850830078125,421636
2022-12-23,1675.2174072265625,1702.3311767578125,1738.9854736328125,1698.1976318359375,1718.168212890625,358698
2022-12-26,1694.77197265625,1722.2021484375,1734.1048583984375,1697.2513427734375,1704.8212890625,385645
2022-12-27,1704.916748046875,1732.5111083984375,1741.8739013671875,1721.2061767578125,1730.81787109375,236578
2022-12-28,1717.8060302734375,1745.609130859375,1761.0975341796875,1724.1444091796875,1724.1444091796875,362774
2022-12-29,1718.0020751953125,1745.808349609375,1753.029541015625,1714.18408203125,1738.9854736328125,384501
2022-12-30,1689.3319091796875,1716.6741943359375,1764.4342041015625,1711.3453369140625,1748.39794921875,296853
2023-01-02,1696.977294921875,1724.4432373046875,1741.0771484375,1713.18798828125,1718.566650390625,312125
2023-01-03,1683.0096435546875,1710.2496337890625,1735.399658203125,1705.6180419921875,1717.670166015625,548701
2023-01-04,1656.7901611328125,1683.6055908203125,1721.1563720703125,1678.8245849609375,1715.5784912109375,435968
2023-01-05,1664.631591796875,1691.573974609375,1701.086181640625,1669.9100341796875,1692.072021484375,487184
2023-01-06,1647.2823486328125,1673.944091796875,1692.9185791015625,1658.4058837890625,1692.1715087890625,587219
2023-01-09,1640.4212646484375,1666.9718017578125,1693.1676025390625,1655.915771484375,1693.1676025390625,656429
2023-01-10,1618.2691650390625,1644.4613037109375,1678.02783203125,1626.7318115234375,1667.3204345703125,594512
2023-01-11,1602.6353759765625,1628.574462890625,1652.2801513671875,1621.6519775390625,1644.9593505859375,646333
2023-01-12,1609.8397216796875,1635.8953857421875,1658.4058837890625,1625.6361083984375,1633.1064453125,908677
2023-01-13,1622.2879638671875,1648.5450439453125,1664.830322265625,1634.6502685546875,1641.92138671875,637882
2023-01-16,1615.81884765625,1641.97119140625,1661.7923583984375,1633.5048828125,1652.9276123046875,360571
2023-01-17,1627.7769775390625,1654.122802734375,1659.40185546875,1635.4969482421875,1635.4969482421875,514997
2023-01-18,1643.2635498046875,1669.8602294921875,1680.1195068359375,1657.3599853515625,1661.3939208984375,716978
2023-01-19,1643.6556396484375,1670.2586669921875,1686.294921875,1662.0413818359375,1667.3702392578125,624177
2023-01-20,1622.532958984375,1648.7940673828125,1680.7669677734375,1645.706298828125,1670.2586669921875,317042
2023-01-23,1598.9598388671875,1624.83935546875,1661.1947021484375,1608.9525146484375,1656.4136962890625,675068
2023-01-24,1571.4168701171875,1596.8505859375,1631.4630126953125,1586.89013671875,1627.528564453125,450813
2023-01-25,1562.1541748046875,1587.43798828125,1604.5699462890625,1575.9835205078125,1596.8505859375,503547
2023-01-27,1547.1575927734375,1572.1986083984375,1596.1533203125,1543.36328125,1587.63720703125,915505
2023-01-30,1566.907958984375,1592.268798828125,1599.9881591796875,1559.7979736328125,1573.593017578125,467299
2023-01-31,1558.6744384765625,1583.902099609375,1614.580078125,1576.8302001953125,1596.103515625,1534280
2023-02-01,1556.3221435546875,1581.5115966796875,1616.5721435546875,1559.84765625,1586.6910400390625,741968
2023-02-02,1567.0550537109375,1592.418212890625,1597.099609375,1556.510986328125,1568.7623291015625,721339
2023-02-03,1584.305908203125,1609.948486328125,1612.6378173828125,1569.60888671875,1593.6632080078125,754417
2023-02-06,1586.0213623046875,1611.6915283203125,1614.7294921875,1590.7747802734375,1611.392822265625,499057
2023-02-07,1584.2572021484375,1609.898681640625,1626.1839599609375,1600.984130859375,1613.1856689453125,595073
2023-02-08,1604.105712890625,1630.0684814453125,1634.5008544921875,1609.350830078125,1610.546142578125,513921
2023-02-09,1610.8687744140625,1636.941162109375,1655.417724609375,1621.2037353515625,1630.0684814453125,1022882
2023-02-10,1602.8804931640625,1628.823486328125,1635.8455810546875,1616.0740966796875,1633.5048828125,333259
2023-02-13,1590.1383056640625,1615.875,1636.692138671875,1611.193603515625,1628.524658203125,242604
2023-02-14,1572.8870849609375,1598.3446044921875,1621.3033447265625,1572.1488037109375,1616.5721435546875,1051049
2023-02-15,1593.911865234375,1619.709716796875,1633.5048828125,1591.820556640625,1598.3446044921875,644537
2023-02-16,1597.34228515625,1623.19580078125,1636.194091796875,1610.546142578125,1625.7357177734375,312420
2023-02-17,1610.3787841796875,1636.443115234375,1662.1907958984375,1615.5263671875,1618.663818359375,877096
2023-02-20,1599.6458740234375,1625.5364990234375,1643.7640380859375,1615.7255859375,1637.489013671875,447737
2023-02-21,1600.7730712890625,1626.6820068359375,1652.3299560546875,1618.763427734375,1628.524658203125,539466
2023-02-22,1542.94287109375,1567.9156494140625,1627.777587890625,1564.379638671875,1627.777587890625,1056328
2023-02-23,1549.019775390625,1574.091064453125,1582.2088623046875,1561.939453125,1575.7344970703125,485537
2023-02-24,1543.971923828125,1568.96142578125,1588.18505859375,1564.877685546875,1574.340087890625,390716
2023-02-27,1540.4432373046875,1565.375732421875,1578.6728515625,1547.895263671875,1574.738525390625,397502
2023-02-28,1547.2554931640625,1572.2982177734375,1578.1748046875,1551.92919921875,1571.7503662109375,742087
2023-03-01,1562.0562744140625,1587.33837890625,1591.671142578125,1561.7900390625,1561.7900390625,288099
2023-03-02,1566.81005859375,1592.169189453125,1595.6553955078125,1581.7108154296875,1587.68701171875,286119
2023-03-03,1564.6046142578125,1589.9281005859375,1605.56591796875,1584.250732421875,1595.6553955078125,611252
2023-03-06,1566.8590087890625,1592.218994140625,1604.6197509765625,1589.6790771484375,1593.6134033203125,330663
2023-03-08,1569.3585205078125,1594.7589111328125,1602.6275634765625,1588.43408203125,1592.667236328125,435573
2023-03-09,1569.5054931640625,1594.9083251953125,1602.378662109375,1579.220703125,1594.7589111328125,302901
2023-03-10,1564.261474609375,1589.5794677734375,1600.386474609375,1576.8800048828125,1578.72265625,458587
2023-03-13,1531.08251953125,1555.863525390625,1611.7413330078125,1542.96484375,1595.6553955078125,804792
2023-03-14,1530.2493896484375,1555.0169677734375,1563.6326904296875,1535.1956787109375,1563.6326904296875,507817
2023-03-15,1519.859619140625,1544.4588623046875,1573.1947021484375,1540.3253173828125,1555.813720703125,551661
2023-03-16,1529.514404296875,1554.2698974609375,1560.4951171875,1521.002197265625,1552.07861328125,583369
2023-03-17,1553.82275390625,1578.9716796875,1586.0435791015625,1549.8375244140625,1563.7821044921875,698627
2023-03-20,1561.2230224609375,1586.4918212890625,1592.667236328125,1544.8572998046875,1544.8572998046875,530519
2023-03-21,1574.3575439453125,1599.8387451171875,1602.6275634765625,1581.4617919921875,1593.6632080078125,570821
2023-03-22,1580.924560546875,1606.51220703125,1609.599853515625,1591.969970703125,1603.6236572265625,296273
2023-03-23,1574.1123046875,1599.5897216796875,1613.5841064453125,1593.6632080078125,1603.5240478515625,313930
2023-03-24,1562.693359375,1587.98583984375,1602.079833984375,1581.0135498046875,1598.6434326171875,374535
2023-03-27,1598.61669921875,1624.49072265625,1641.42333984375,1578.921875,1578.921875,630210
2023-03-28,1579.1600341796875,1604.71923828125,1635.1981201171875,1595.2569580078125,1616.5721435546875,582767
2023-03-29,1599.351806640625,1625.2376708984375,1631.3634033203125,1604.71923828125,1612.7872314453125,577758
2023-03-31,1600.3319091796875,1626.2337646484375,1645.108642578125,1622.1500244140625,1629.221923828125,783128
2023-04-03,1595.6761474609375,1621.5025634765625,1635.0985107421875,1613.7333984375,1623.34521484375,766128
2023-04-05,1626.355712890625,1652.6785888671875,1657.9576416015625,1607.8568115234375,1623.54443359375,1443735
2023-04-06,1635.96142578125,1662.4398193359375,1667.3702392578125,1643.7640380859375,1657.5592041015625,641403
2023-04-10,1676.344482421875,1703.4765625,1707.3114013671875,1663.435791015625,1668.31640625,828993
2023-04-11,1677.177734375,1704.3232421875,1714.7318115234375,1688.8846435546875,1703.0284423828125,437571
2023-04-12,1683.4019775390625,1710.6480712890625,1734.4036865234375,1704.7216796875,1708.705810546875,661394
2023-04-13,1667.3760986328125,1694.3629150390625,1712.2418212890625,1684.6016845703125,1710.1998291015625,258855
2023-04-17,1689.4788818359375,1716.823486328125,1721.654296875,1682.360595703125,1682.360595703125,723262
2023-04-18,1671.149658203125,1698.1976318359375,1728.7760009765625,1691.822998046875,1723.0986328125,332721
2023-04-19,1656.5941162109375,1683.4063720703125,1705.2197265625,1674.2926025390625,1702.7794189453125,313266
2023-04-20,1653.9967041015625,1680.7669677734375,1691.573974609375,1673.346435546875,1691.573974609375,199463
2023-04-21,1629.0020751953125,1655.367919921875,1685.2989501953125,1650.0888671875,1679.0736083984375,326151
2023-04-24,1655.8099365234375,1682.609619140625,1686.5439453125,1649.1427001953125,1655.417724609375,374750
2023-04-25,1653.4085693359375,1680.1693115234375,1696.7034912109375,1677.52978515625,1679.5218505859375,361117
2023-04-26,1665.464599609375,1692.4205322265625,1698.2474365234375,1666.4737548828125,1680.1693115234375,683412
2023-04-27,1667.669921875,1694.66162109375,1698.894775390625,1675.4879150390625,1688.2869873046875,531392
2023-04-28,1686.1953125,1713.48681640625,1718.118408203125,1688.2869873046875,1698.2474365234375,601644
2023-05-02,1705.063720703125,1732.6605224609375,1736.893798828125,1708.755615234375,1713.48681640625,396437
2023-05-03,1701.4862060546875,1729.0250244140625,1731.76416015625,1716.2259521484375,1718.168212890625,348145
2023-05-04,1724.9613037109375,1752.880126953125,1756.0177001953125,1713.28759765625,1722.451171875,591510
2023-05-05,1717.7569580078125,1745.559326171875,1760.2010498046875,1739.0850830078125,1744.812255859375,336879
2023-05-08,1743.094482421875,1771.306884765625,1777.9305419921875,1745.260498046875,1746.8043212890625,758983
2023-05-09,1729.9111328125,1757.91015625,1781.167724609375,1750.5892333984375,1773.9464111328125,735967
2023-05-10,1739.222900390625,1767.37255859375,1772.302978515625,1744.364013671875,1757.91015625,285798
2023-05-11,1738.977783203125,1767.12353515625,1776.9345703125,1758.009765625,1767.37255859375,272209
2023-05-12,1719.0802001953125,1746.9039306640625,1765.9781494140625,1744.164794921875,1765.9781494140625,305342
2023-05-15,1698.986572265625,1726.485107421875,1754.772705078125,1723.34765625,1747.0533447265625,448927
2023-05-16,1692.90966796875,1720.3096923828125,1738.1387939453125,1716.0267333984375,1728.7760009765625,209886
2023-05-17,1690.6552734375,1718.018798828125,1731.86376953125,1696.9027099609375,1722.451171875,377699
2023-05-18,1671.8846435546875,1698.944580078125,1726.136474609375,1690.030029296875,1722.451171875,232671
2023-05-19,1682.07861328125,1709.303466796875,1717.122314453125,1678.32666015625,1703.2276611328125,242657
2023-05-22,1684.2840576171875,1711.5445556640625,1720.0606689453125,1698.1478271484375,1706.3153076171875,263864
2023-05-23,1664.28857421875,1691.225341796875,1713.63623046875,1681.314697265625,1710.1998291015625,948278
2023-05-24,1666.6409912109375,1693.6158447265625,1702.7296142578125,1674.3424072265625,1688.2869873046875,442899
2023-05-25,1667.6209716796875,1694.61181640625,1705.169921875,1684.3028564453125,1688.2371826171875,691665
2023-05-26,1654.82958984375,1681.613525390625,1711.0465087890625,1660.39794921875,1695.15966796875,1946520
2023-05-29,1679.3341064453125,1706.5145263671875,1708.556396484375,1669.4619140625,1681.613525390625,670545
2023-05-30,1690.94921875,1718.317626953125,1725.5887451171875,1706.2156982421875,1707.2117919921875,455969
2023-05-31,1684.2840576171875,1711.5445556640625,1726.634521484375,1689.4324951171875,1716.6741943359375,1217298
2023-06-01,1668.6993408203125,1695.70751953125,1713.18798828125,1693.2672119140625,1708.207763671875,380199
2023-06-02,1676.6385498046875,1703.775390625,1712.1920166015625,1693.2672119140625,1701.2852783203125,581154
2023-06-05,1700.1138916015625,1727.630615234375,1737.5909423828125,1705.2197265625,1712.1920166015625,770437
2023-06-06,1731.38134765625,1759.404296875,1767.97021484375,1730.56884765625,1733.0091552734375,1032105
2023-06-07,1733.9788818359375,1762.043701171875,1765.3804931640625,1742.6209716796875,1761.794677734375,757211
2023-06-08,1678.010986328125,1705.169921875,1769.1156005859375,1702.1817626953125,1764.9820556640625,746173
2023-06-09,1681.735595703125,1708.954833984375,1730.91748046875,1703.5263671875,1716.1761474609375,488829
2023-06-12,1697.0751953125,1724.5428466796875,1728.3277587890625,1704.2734375,1717.570556640625,248563
2023-06-13,1703.495361328125,1731.06689453125,1740.0810546875,1722.0029296875,1728.1285400390625,356101
2023-06-14,1744.0748291015625,1772.302978515625,1777.7313232421875,1730.1207275390625,1738.0889892578125,814345
2023-06-15,1737.360595703125,1765.4801025390625,1792.7716064453125,1753.527587890625,1781.9146728515625,966649
2023-06-16,1745.447021484375,1773.6973876953125,1782.6617431640625,1764.0357666015625,1771.356689453125,969546
2023-06-19,1726.382568359375,1754.324462890625,1787.4427490234375,1747.1529541015625,1782.1636962890625,541464
2023-06-20,1734.02783203125,1762.093505859375,1765.7291259765625,1737.8399658203125,1760.0018310546875,463433
2023-06-21,1742.6534423828125,1770.858642578125,1772.9503173828125,1750.04150390625,1762.989990234375,332971
2023-06-22,1715.6005859375,1743.3680419921875,1782.9107666015625,1739.732421875,1779.0262451171875,412543
2023-06-23,1682.07861328125,1709.303466796875,1743.0194091796875,1704.4228515625,1743.0194091796875,343509
2023-06-26,1692.5665283203125,1719.9610595703125,1724.1942138671875,1689.2830810546875,1709.203857421875,387107
2023-06-27,1698.79052734375,1726.285888671875,1729.6226806640625,1706.6141357421875,1719.2139892578125,338798
2023-06-28,1708.5433349609375,1736.196533203125,1747.7506103515625,1727.132568359375,1729.0748291015625,1030697
2023-06-30,1700.260986328125,1727.780029296875,1750.9876708984375,1723.8953857421875,1738.0889892578125,453149
2023-07-03,1758.14013671875,1786.5960693359375,1790.8790283203125,1729.2242431640625,1743.0692138671875,1087245
2023-07-04,1734.468994140625,1762.541748046875,1797.851318359375,1751.7347412109375,1792.8712158203125,671213
2023-07-05,1742.6534423828125,1770.858642578125,1777.2333984375,1756.6651611328125,1762.989990234375,400602
2023-07-06,1732.998779296875,1761.0477294921875,1776.7353515625,1758.009765625,1770.858642578125,360764
2023-07-07,1708.7393798828125,1736.395751953125,1763.687255859375,1730.1207275390625,1761.0477294921875,554892
2023-07-10,1708.4453125,1736.096923828125,1752.2825927734375,1726.385498046875,1747.9000244140625,453912
2023-07-11,1732.655517578125,1760.6990966796875,1766.92431640625,1736.893798828125,1736.893798828125,578931
2023-07-12,1742.6043701171875,1770.808837890625,1777.3330078125,1750.09130859375,1760.6492919921875,791286
2023-07-13,1724.912109375,1752.830322265625,1776.8349609375,1746.5552978515625,1771.954345703125,335559
2023-07-14,1718.4432373046875,1746.2564697265625,1761.944091796875,1736.744384765625,1755.5694580078125,409283
2023-07-17,1757.503173828125,1785.94873046875,1787.8909912109375,1741.6746826171875,1746.2564697265625,923312
2023-07-18,1739.8599853515625,1768.02001953125,1791.8751220703125,1760.8485107421875,1782.9605712890625,747998
2023-07-19,1748.82861328125,1777.1337890625,1781.466552734375,1763.687255859375,1765.0816650390625,435757
2023-07-20,1783.3797607421875,1812.244140625,1815.879638671875,1770.0120849609375,1777.9305419921875,856488
2023-07-21,1768.8240966796875,1797.4530029296875,1817.722412109375,1782.9107666015625,1812.7919921875,782735
2023-07-24,1777.1065673828125,1805.8695068359375,1835.501708984375,1782.9605712890625,1788.886962890625,782832
2023-07-25,1792.7894287109375,1821.80615234375,1835.501708984375,1804.8734130859375,1806.815673828125,472389
2023-07-26,1802.64013671875,1831.8162841796875,1841.6771240234375,1821.85595703125,1825.740478515625,463896
2023-07-27,1786.3692626953125,1815.2821044921875,1841.4281005859375,1807.811767578125,1834.854248046875,540277
2023-07-28,1787.6434326171875,1816.576904296875,1827.6329345703125,1802.83154296875,1811.2978515625,493242
2023-07-31,1812.7850341796875,1842.1253662109375,1847.3544921875,1813.5887451171875,1822.7523193359375,599614
2023-08-01,1801.267822265625,1830.421875,1847.6533203125,1817.423583984375,1844.6651611328125,512567
2023-08-02,1784.8990478515625,1813.7879638671875,1832.6131591796875,1798.897216796875,1825.441650390625,650377
2023-08-03,1794.2596435546875,1823.3001708984375,1827.3341064453125,1787.0941162109375,1800.8394775390625,664460
2023-08-04,1789.2606201171875,1818.2203369140625,1838.63916015625,1812.94140625,1823.3001708984375,325948
2023-08-07,1818.8131103515625,1848.2509765625,1857.56396484375,1818.8179931640625,1819.6646728515625,970459
2023-08-08,1807.884033203125,1837.1451416015625,1861.000244140625,1824.545166015625,1850.3426513671875,481950
2023-08-09,1809.060302734375,1838.34033203125,1842.623291015625,1820.21240234375,1837.6431884765625,529863
2023-08-10,1794.0145263671875,1823.0511474609375,1847.6533203125,1816.825927734375,1827.8321533203125,703299
2023-08-11,1801.1600341796875,1820.31201171875,1832.7127685546875,1801.3375244140625,1821.55712890625,749144
2023-08-14,1785.5880126953125,1804.5745849609375,1827.7325439453125,1786.6956787109375,1817.722412109375,530231
2023-08-16,1790.6636962890625,1809.7042236328125,1812.7919921875,1778.4783935546875,1804.8236083984375,399331
2023-08-17,1774.845458984375,1793.7177734375,1805.2718505859375,1786.5960693359375,1802.83154296875,497072
2023-08-18,1765.0885009765625,1783.8570556640625,1793.7177734375,1778.5780029296875,1787.8909912109375,441358
2023-08-21,1782.2864990234375,1801.2379150390625,1805.8197021484375,1782.9107666015625,1783.8570556640625,267446
2023-08-22,1779.72412109375,1798.648193359375,1817.7720947265625,1790.9288330078125,1802.83154296875,366115
2023-08-23,1771.691650390625,1790.530517578125,1807.811767578125,1785.89892578125,1802.83154296875,418171
2023-08-24,1752.374755859375,1771.008056640625,1806.2679443359375,1763.9859619140625,1797.851318359375,924665
2023-08-25,1750.6007080078125,1769.2152099609375,1775.58984375,1751.0872802734375,1753.029541015625,659271
2023-08-28,1758.87939453125,1777.5819091796875,1782.9107666015625,1761.2967529296875,1770.908447265625,773224
2023-08-29,1775.7818603515625,1794.6640625,1799.7935791015625,1772.053955078125,1777.9305419921875,643399
2023-08-30,1780.561767578125,1799.494873046875,1817.672607421875,1792.7218017578125,1797.851318359375,475187
2023-08-31,1765.0885009765625,1783.8570556640625,1811.7958984375,1774.7930908203125,1799.494873046875,1249751
2023-09-01,1785.3416748046875,1804.3255615234375,1817.7720947265625,1780.819091796875,1782.9107666015625,421915
2023-09-04,1814.4649658203125,1833.758544921875,1843.370361328125,1807.811767578125,1807.861572265625,947843
2023-09-05,1827.0308837890625,1846.4581298828125,1864.5860595703125,1837.1949462890625,1845.1134033203125,884678
2023-09-06,1811.9517822265625,1831.2186279296875,1851.637451171875,1809.8038330078125,1847.6533203125,598389
2023-09-07,1820.723388671875,1840.08349609375,1843.768798828125,1818.3199462890625,1824.744384765625,409810
2023-09-08,1823.039306640625,1842.424072265625,1848.8984375,1832.8123779296875,1840.08349609375,365560
2023-09-11,1835.45751953125,1854.9742431640625,1861.697509765625,1838.48974609375,1842.424072265625,433848
2023-09-12,1843.9332275390625,1863.5401611328125,1912.3958740234375,1828.7286376953125,1857.61376953125,1858204
2023-09-13,1905.0872802734375,1925.344482421875,1938.791015625,1848.30078125,1871.558349609375,2896732
2023-09-14,1903.70751953125,1923.949951171875,1946.26123046875,1910.95166015625,1935.3048095703125,1225975
2023-09-15,1944.3619384765625,1965.03662109375,1980.0767822265625,1925.095458984375,1934.308837890625,1672773
2023-09-18,1929.184326171875,1949.6976318359375,1980.2261962890625,1945.2652587890625,1972.1583251953125,682473
2023-09-20,1916.6182861328125,1936.998046875,1952.237548828125,1922.3563232421875,1949.6976318359375,582031
2023-09-21,1883.8975830078125,1903.9295654296875,1932.316650390625,1888.590576171875,1924.447998046875,1002208
2023-09-22,1884.3411865234375,1904.3778076171875,1921.3104248046875,1881.8175048828125,1899.1485595703125,678725
2023-09-25,1911.83837890625,1932.167236328125,1938.2431640625,1894.3675537109375,1904.3778076171875,762935
2023-09-26,1929.7261962890625,1950.245361328125,1952.137939453125,1928.58154296875,1937.2470703125,659819
2023-09-27,1903.2147216796875,1923.451904296875,1959.060302734375,1915.433837890625,1959.060302734375,510599
2023-09-28,1878.9698486328125,1898.9493408203125,1930.2747802734375,1889.088623046875,1922.3563232421875,726738
2023-09-29,1914.3514404296875,1934.7071533203125,1943.273193359375,1902.0869140625,1902.13671875,804258
2023-10-03,1893.7039794921875,1913.8402099609375,1931.3206787109375,1899.0987548828125,1920.4638671875,596037
2023-10-04,1868.4737548828125,1888.341552734375,1902.435546875,1869.615966796875,1898.451416015625,693152
2023-10-05,1862.8560791015625,1882.6641845703125,1901.439453125,1873.5504150390625,1889.5865478515625,549055
2023-10-06,1875.816162109375,1895.7620849609375,1898.351806640625,1882.5147705078125,1882.6143798828125,402950
2023-10-09,1861.7225341796875,1881.5186767578125,1889.387451171875,1867.6737060546875,1882.5645751953125,347299
2023-10-10,1891.19091796875,1911.30029296875,1914.885986328125,1879.028564453125,1885.4530029296875,358738
2023-10-11,1951.5072021484375,1972.2579345703125,1974.548828125,1915.981689453125,1928.28271484375,914364
2023-10-12,1972.893798828125,1993.8719482421875,2013.991943359375,1959.060302734375,1983.01513671875,2108772
2023-10-13,1953.970947265625,1974.7479248046875,1992.7762451171875,1966.5306396484375,1988.045166015625,307670
2023-10-16,1945.199462890625,1965.8831787109375,1992.0791015625,1950.245361328125,1974.7479248046875,668313
2023-10-17,1945.9385986328125,1966.6302490234375,2012.1492919921875,1950.295166015625,1992.0791015625,1316588
2023-10-18,1927.4593505859375,1947.9544677734375,1983.06494140625,1943.273193359375,1962.2974853515625,585260
2023-10-19,1947.170654296875,1967.8753662109375,1971.0128173828125,1920.1650390625,1944.3189697265625,712810
2023-10-20,1918.2445068359375,1938.6416015625,1969.319580078125,1931.6693115234375,1964.58837890625,491975
2023-10-23,1875.2740478515625,1895.2142333984375,1931.5198974609375,1877.5345458984375,1931.5198974609375,878203
2023-10-25,1850.33935546875,1870.014404296875,1912.4456787109375,1861.548095703125,1893.57080078125,738333
2023-10-26,1822.84228515625,1842.2249755859375,1866.578125,1832.2645263671875,1859.7054443359375,1141085
2023-10-27,1829.19921875,1848.6494140625,1862.5938720703125,1842.772705078125,1849.6951904296875,289530
2023-10-30,1851.6700439453125,1871.359130859375,1874.84521484375,1820.81005859375,1848.6494140625,514528
2023-10-31,1859.4559326171875,1879.227783203125,1884.45703125,1857.61376953125,1872.6539306640625,291175
2023-11-01,1841.5679931640625,1861.149658203125,1889.487060546875,1854.0279541015625,1886.4989013671875,349005
2023-11-02,1870.3463134765625,1890.2340087890625,1893.42138671875,1871.209716796875,1871.209716796875,322032
2023-11-03,1868.8187255859375,1888.690185546875,1907.415771484375,1882.86328125,1895.9613037109375,234555
2023-11-06,1890.9937744140625,1911.10107421875,1928.88037109375,1888.690185546875,1894.5667724609375,292296
2023-11-07,1893.8026123046875,1913.9398193359375,1922.3065185546875,1904.4774169921875,1912.3958740234375,223028
2023-11-08,1905.9249267578125,1926.1910400390625,1935.3048095703125,1912.3958740234375,1921.3602294921875,427257
2023-11-09,1907.0584716796875,1927.3365478515625,1936.8486328125,1922.3563232421875,1929.72705078125,289965
2023-11-10,1914.94287109375,1935.3048095703125,1940.0858154296875,1913.5911865234375,1922.4061279296875,193655
2023-11-13,1900.9971923828125,1921.2108154296875,1938.193359375,1914.387939453125,1938.193359375,214186
2023-11-15,1915.879150390625,1936.2510986328125,1956.5205078125,1927.3365478515625,1939.2889404296875,972167
2023-11-16,1914.5484619140625,1934.9063720703125,1947.10791015625,1906.270263671875,1941.978271484375,954513
2023-11-17,1942.094970703125,1962.7457275390625,1975.7440185546875,1932.665283203125,1933.362548828125,849407
2023-11-20,1943.81982421875,1964.48876953125,1970.3155517578125,1945.3648681640625,1963.79150390625,287305
2023-11-21,1948.8953857421875,1969.618408203125,1980.1265869140625,1961.201904296875,1964.83740234375,317975
2023-11-22,1945.59375,1966.2816162109375,1977.038818359375,1950.992431640625,1971.9591064453125,315125
2023-11-23,1928.6422119140625,1949.1497802734375,1976.2420654296875,1943.6715087890625,1976.2420654296875,437448
2023-11-24,1921.2503662109375,1941.679443359375,1961.6500244140625,1937.7451171875,1956.1220703125,168686
2023-11-28,1947.36767578125,1968.074462890625,1979.130615234375,1945.5142822265625,1955.2255859375,699089
2023-11-29,1974.32275390625,1995.316162109375,2001.04345703125,1973.2041015625,1980.2261962890625,824220
2023-11-30,1976.490966796875,1997.5074462890625,2022.956298828125,1982.36767578125,1998.0552978515625,1707069
2023-12-01,1986.93798828125,2008.0655517578125,2030.924560546875,2000.04736328125,2011.9500732421875,932202
2023-12-04,2023.30517578125,2044.8193359375,2067.778076171875,2020.4163818359375,2066.781982421875,1055783
2023-12-05,2042.425048828125,2064.142578125,2069.770263671875,2030.4266357421875,2049.749755859375,561391
2023-12-06,2028.0357666015625,2049.600341796875,2076.742431640625,2037.44873046875,2071.61279296875,360631
2023-12-07,2051.689208984375,2073.50537109375,2080.7265625,2037.49853515625,2049.600341796875,424799
2023-12-08,2040.1580810546875,2061.8515625,2090.98583984375,2034.5601806640625,2071.76220703125,594786
2023-12-11,2053.9560546875,2075.796142578125,2079.9794921875,2059.909423828125,2063.7939453125,254812
2023-12-12,2050.703857421875,2072.50927734375,2120.568115234375,2067.379638671875,2081.72265625,774496
2023-12-13,2053.857421875,2075.696533203125,2084.660888671875,2029.2313232421875,2072.65869140625,805574
2023-12-14,2073.519287109375,2095.567626953125,2103.585693359375,2073.70458984375,2086.653076171875,607109
2023-12-15,2096.975830078125,2119.2734375,2124.30322265625,2093.675048828125,2107.61962890625,727207
2023-12-18,2079.28515625,2101.39453125,2119.2734375,2093.675048828125,2119.2734375,314105
2023-12-19,2087.662353515625,2109.86083984375,2129.333251953125,2080.92578125,2098.705078125,317963
2023-12-20,2033.752197265625,2055.37744140625,2127.14208984375,2045.4169921875,2125.54833984375,678958
2023-12-21,2055.483642578125,2077.340087890625,2082.5693359375,2041.881103515625,2041.881103515625,445236
2023-12-22,2016.652587890625,2038.0960693359375,2088.29638671875,2026.8408203125,2080.7265625,1006017
2023-12-26,2039.66552734375,2061.353515625,2074.750244140625,2040.885009765625,2042.8770751953125,643808
2023-12-27,2094.11767578125,2116.384765625,2122.410888671875,2063.3955078125,2070.71630859375,1137913
2023-12-28,2109.048828125,2131.474853515625,2139.741943359375,2097.9580078125,2120.568115234375,1063989
2023-12-29,2103.97314453125,2126.34521484375,2136.5048828125,2106.62353515625,2131.823486328125,651373
2024-01-01,2096.58154296875,2118.875,2166.385986328125,2103.635498046875,2136.5048828125,807664
2024-01-02,2071.1044921875,2093.127197265625,2121.962646484375,2079.73046875,2121.464599609375,799936
2024-01-03,2042.277099609375,2063.9931640625,2111.603759765625,2057.917236328125,2081.72265625,975031
2024-01-04,2040.305908203125,2062.0009765625,2086.702880859375,2051.243896484375,2081.72265625,962508
2024-01-05,2049.471923828125,2071.26416015625,2090.68701171875,2045.4169921875,2089.69091796875,1089092
2024-01-08,2037.8421630859375,2059.510986328125,2075.447509765625,2049.749755859375,2071.26416015625,559523
2024-01-09,2034.244873046875,2055.87548828125,2084.461669921875,2050.696044921875,2073.90380859375,1216816
2024-01-10,2046.7861328125,2068.550048828125,2074.449951171875,2040.8499755859375,2058.800048828125,325322
2024-01-11,2061.776611328125,2083.699951171875,2096.300048828125,2051.0,2069.949951171875,887806
2024-01-12,2089.33349609375,2111.550048828125,2120.89990234375,2075.0,2083.0,485644
2024-01-15,2078.894775390625,2101.0,2122.949951171875,2093.699951171875,2111.75,202260
2024-01-16,2092.9453125,2115.199951171875,2119.800048828125,2090.10009765625,2092.550048828125,457403
2024-01-17,2046.093505859375,2067.85009765625,2115.199951171875,2056.0,2112.60009765625,733818
2024-01-18,2032.0428466796875,2053.64990234375,2069.0,2036.199951171875,2067.0,877519
2024-01-19,2059.302978515625,2081.199951171875,2094.0,2052.35009765625,2056.449951171875,456698
2024-01-23,2028.0355224609375,2049.60009765625,2086.39990234375,2032.5,2078.10009765625,938057
2024-01-24,2049.507080078125,2071.300048828125,2080.75,2016.550048828125,2069.0,604130
2024-01-25,2054.65234375,2076.5,2087.35009765625,2052.14990234375,2079.949951171875,467209
2024-01-29,2082.35791015625,2104.5,2125.0,2077.75,2080.0,795647
2024-01-30,2103.77978515625,2126.14990234375,2139.0,2106.0,2115.0,852171
2024-01-31,2152.115966796875,2175.0,2182.050048828125,2115.449951171875,2126.5,910709
2024-02-01,2106.204345703125,2128.60009765625,2178.89990234375,2111.449951171875,2175.0,638710
2024-02-02,2116.93994140625,2139.449951171875,2169.89990234375,2130.5,2147.949951171875,330557
2024-02-05,2067.762939453125,2089.75,2147.300048828125,2081.0,2130.10009765625,949717
2024-02-06,2044.26318359375,2066.0,2097.949951171875,2061.0,2082.0,581483
2024-02-07,2089.2841796875,2111.5,2120.0,2063.0,2079.0,1133609
2024-02-08,2035.654541015625,2057.300048828125,2125.0,2048.0,2123.0,1387156
2024-02-09,2145.6845703125,2168.5,2182.0,2046.9000244140625,2057.25,2010089
2024-02-12,2124.75732421875,2147.35009765625,2199.0,2138.10009765625,2175.0,1229133
2024-02-13,2042.4322509765625,2064.14990234375,2173.89990234375,2053.949951171875,2173.89990234375,985312
2024-02-14,2057.917724609375,2079.800048828125,2085.0,2027.5,2054.0,605147
2024-02-15,2062.864990234375,2084.800048828125,2103.64990234375,2072.800048828125,2085.699951171875,506068
2024-02-16,2083.49560546875,2105.64990234375,2119.0,2086.85009765625,2091.39990234375,403756
2024-02-19,2145.783447265625,2168.60009765625,2190.0,2102.199951171875,2107.449951171875,1167037
2024-02-20,2169.184814453125,2192.25,2222.0,2161.10009765625,2169.0,1710394
2024-02-21,2170.916015625,2194.0,2222.0,2180.050048828125,2200.0,765529
2024-02-22,2178.04052734375,2201.199951171875,2244.0,2113.199951171875,2234.0,3428899
2024-02-23,2171.311767578125,2194.39990234375,2236.699951171875,2182.60009765625,2234.0,1646510
2024-02-26,2163.890869140625,2186.89990234375,2211.300048828125,2174.800048828125,2204.10009765625,905237
2024-02-27,2181.6025390625,2204.800048828125,2214.0,2190.199951171875,2190.199951171875,674507
2024-02-28,2163.000244140625,2186.0,2218.89990234375,2173.25,2202.0,1197381
2024-02-29,2168.343505859375,2191.39990234375,2206.0,2157.800048828125,2186.0,1499473
2024-03-01,2231.175537109375,2254.89990234375,2259.39990234375,2196.75,2209.0,826009
2024-03-04,2210.643798828125,2234.14990234375,2260.0,2226.300048828125,2245.0,423656
2024-03-05,2208.021484375,2231.5,2251.89990234375,2220.449951171875,2230.10009765625,401260
2024-03-06,2212.968994140625,2236.5,2252.949951171875,2196.60009765625,2237.89990234375,678808
2024-03-07,2204.657470703125,2228.10009765625,2250.35009765625,2208.0,2239.0,519779
2024-03-11,2213.26611328125,2236.800048828125,2270.550048828125,2225.5,2230.0,599546
2024-03-12,2161.021484375,2184.0,2246.949951171875,2172.85009765625,2236.0,891725
2024-03-13,2126.48876953125,2149.10009765625,2203.050048828125,2137.300048828125,2194.0,881145
2024-03-14,2173.389892578125,2196.5,2204.89990234375,2128.60009765625,2149.89990234375,1097271
2024-03-15,2173.983642578125,2197.10009765625,2208.89990234375,2165.050048828125,2185.10009765625,2630480
2024-03-18,2179.920654296875,2203.10009765625,2214.0,2170.0,2181.0,508214
2024-03-19,2150.9287109375,2173.800048828125,2206.10009765625,2163.85009765625,2199.0,660181
2024-03-20,2144.69482421875,2167.5,2196.14990234375,2131.0,2175.5,655682
2024-03-21,2182.344482421875,2205.550048828125,2211.300048828125,2175.300048828125,2188.0,880687
2024-03-22,2200.1552734375,2223.550048828125,2234.0,2194.449951171875,2200.0,551648
2024-03-26,2216.48193359375,2240.050048828125,2242.10009765625,2201.64990234375,2215.0,731877
2024-03-27,2184.12548828125,2207.35009765625,2251.949951171875,2198.699951171875,2240.0,1033992
2024-03-28,2263.234375,2287.300048828125,2309.199951171875,2210.0,2210.0,1786120
2024-04-01,2268.429443359375,2292.550048828125,2319.199951171875,2289.050048828125,2300.0,288891
2024-04-02,2282.03466796875,2306.300048828125,2316.0,2275.0,2297.0,446163
2024-04-03,2281.19384765625,2305.449951171875,2316.14990234375,2288.050048828125,2303.60009765625,303529
2024-04-04,2253.884033203125,2277.85009765625,2323.75,2249.5,2309.5,814966
2024-04-05,2214.008056640625,2237.550048828125,2277.10009765625,2233.5,2275.050048828125,454995
2024-04-08,2256.802978515625,2280.800048828125,2288.449951171875,2235.0,2247.0,278448
2024-04-09,2277.087158203125,2301.300048828125,2312.35009765625,2281.949951171875,2296.949951171875,388155
2024-04-10,2282.084228515625,2306.35009765625,2314.89990234375,2291.550048828125,2309.949951171875,513499
2024-04-12,2230.334228515625,2254.050048828125,2307.0,2249.300048828125,2297.0,635489
2024-04-15,2213.859375,2237.39990234375,2253.39990234375,2224.800048828125,2239.0,415064
2024-04-16,2219.351318359375,2242.949951171875,2249.25,2221.10009765625,2229.0,558075
2024-04-18,2202.629150390625,2226.050048828125,2300.85009765625,2219.449951171875,2245.050048828125,987066
2024-04-19,2249.2333984375,2273.14990234375,2290.75,2201.35009765625,2220.0,1061064
2024-04-22,2256.555419921875,2280.550048828125,2286.85009765625,2266.050048828125,2275.0,445671
2024-04-23,2345.212890625,2370.14990234375,2376.0,2278.39990234375,2278.449951171875,1823447
2024-04-24,2313.154052734375,2337.75,2384.300048828125,2333.0,2378.0,1021874
2024-04-25,2342.541259765625,2367.449951171875,2376.050048828125,2334.199951171875,2349.0,1621547
2024-04-26,2317.80419921875,2342.449951171875,2379.300048828125,2330.050048828125,2366.949951171875,405679
2024-04-29,2361.489990234375,2386.60009765625,2392.800048828125,2309.60009765625,2355.0,616995
2024-04-30,2386.2763671875,2411.64990234375,2438.449951171875,2374.10009765625,2405.0,1041175
2024-05-02,2411.705810546875,2437.35009765625,2452.0,2401.050048828125,2410.0,1466226
2024-05-03,2455.242919921875,2481.35009765625,2487.0,2438.800048828125,2442.0,1192695
2024-05-06,2427.488037109375,2453.300048828125,2489.75,2441.199951171875,2489.0,606833
2024-05-07,2395.52783203125,2421.0,2468.699951171875,2403.10009765625,2460.0,438590
2024-05-08,2352.337158203125,2377.35009765625,2424.14990234375,2370.89990234375,2404.0,462790
2024-05-09,2328.935791015625,2353.699951171875,2393.39990234375,2345.050048828125,2375.449951171875,557056
2024-05-10,2352.13916015625,2377.14990234375,2382.699951171875,2322.0,2359.949951171875,890719
2024-05-13,2360.1044921875,2385.199951171875,2393.0,2347.050048828125,2377.89990234375,511264
2024-05-14,2347.0927734375,2372.050048828125,2396.85009765625,2362.10009765625,2383.449951171875,421260
2024-05-15,2344.767578125,2369.699951171875,2403.949951171875,2366.199951171875,2386.949951171875,404095
2024-05-16,2347.63720703125,2372.60009765625,2386.0,2310.199951171875,2382.0,1181205
2024-05-17,2398.14990234375,2423.64990234375,2433.64990234375,2374.0,2374.0,1184234
2024-05-21,2420.90771484375,2446.64990234375,2449.949951171875,2406.39990234375,2430.10009765625,555489
2024-05-22,2411.01318359375,2436.64990234375,2463.050048828125,2418.300048828125,2455.949951171875,722345
2024-05-23,2427.98291015625,2453.800048828125,2461.89990234375,2395.64990234375,2442.0,1091448
2024-05-24,2415.317138671875,2441.0,2474.800048828125,2431.60009765625,2449.75,483000
2024-05-27,2365.497314453125,2390.64990234375,2455.699951171875,2385.949951171875,2441.050048828125,888793
2024-05-28,2414.674560546875,2440.35009765625,2469.949951171875,2392.699951171875,2398.89990234375,874384
2024-05-29,2375.342529296875,2400.60009765625,2460.0,2393.25,2440.0,1084966
2024-05-30,2320.525146484375,2345.199951171875,2406.60009765625,2328.0,2404.0,826458
2024-05-31,2291.8798828125,2316.25,2362.0,2295.949951171875,2342.949951171875,1644820
2024-06-03,2343.877197265625,2368.800048828125,2405.199951171875,2362.300048828125,2400.0,807692
2024-06-04,2232.659912109375,2256.39990234375,2365.199951171875,2171.60009765625,2336.050048828125,1543389
2024-06-05,2280.599853515625,2304.85009765625,2313.75,2182.14990234375,2258.39990234375,1996915
2024-06-06,2310.185302734375,2334.75,2353.0,2293.10009765625,2306.050048828125,834320
2024-06-07,2354.810791015625,2379.85009765625,2383.449951171875,2311.199951171875,2311.199951171875,471524
2024-06-10,2421.056640625,2446.800048828125,2472.0,2375.300048828125,2381.10009765625,980297
2024-06-11,2431.050048828125,2456.89990234375,2482.0,2426.35009765625,2449.89990234375,531924
2024-06-12,2424.37109375,2450.14990234375,2476.85009765625,2430.0,2430.0,463980
2024-06-13,2432.18798828125,2458.050048828125,2475.550048828125,2430.0,2441.050048828125,512510
2024-06-14,2445.199462890625,2471.199951171875,2523.699951171875,2450.0,2458.050048828125,1542911
2024-06-18,2431.693359375,2457.550048828125,2487.449951171875,2445.0,2471.0,467553
2024-06-19,2421.402587890625,2447.14990234375,2460.85009765625,2412.0,2458.0,668976
2024-06-20,2472.50927734375,2498.800048828125,2504.0,2432.5,2447.10009765625,1008266
2024-06-21,2440.20263671875,2466.14990234375,2515.60009765625,2450.60009765625,2499.0,2867672
2024-06-24,2488.637939453125,2515.10009765625,2521.75,2443.10009765625,2463.89990234375,724085
2024-06-25,2490.46826171875,2516.949951171875,2529.85009765625,2495.0,2520.0,792404
2024-06-26,2525.39697265625,2552.25,2564.0,2509.050048828125,2518.800048828125,1387150
2024-06-27,2609.84912109375,2637.60009765625,2654.64990234375,2552.25,2554.89990234375,4849907
2024-06-28,2642.353271484375,2670.449951171875,2678.949951171875,2587.199951171875,2635.949951171875,1495266
2024-07-01,2697.71435546875,2726.39990234375,2743.89990234375,2662.050048828125,2666.199951171875,1098168
2024-07-02,2714.09033203125,2742.949951171875,2762.699951171875,2717.0,2717.0,942834
2024-07-03,2713.496826171875,2742.35009765625,2761.39990234375,2730.64990234375,2750.75,537119
2024-07-04,2706.07568359375,2734.85009765625,2752.75,2717.050048828125,2748.0,446631
2024-07-05,2719.08740234375,2748.0,2755.699951171875,2720.39990234375,2730.0,372709
2024-07-08,2713.298828125,2742.14990234375,2754.949951171875,2713.85009765625,2751.699951171875,333988
2024-07-09,2732.7421875,2761.800048828125,2785.949951171875,2718.89990234375,2735.10009765625,451862
2024-07-10,2772.66748046875,2802.14990234375,2812.25,2741.0,2781.0,1128000
2024-07-11,2772.123291015625,2801.60009765625,2837.0,2791.25,2825.0,1679101
2024-07-12,2813.830078125,2843.75,2850.0,2801.60009765625,2807.0,1457604
2024-07-15,2774.2509765625,2803.75,2852.949951171875,2786.0,2850.0,1333353
2024-07-16,2797.6025390625,2827.35009765625,2844.75,2810.300048828125,2818.0,756629
2024-07-18,2762.426513671875,2791.800048828125,2845.800048828125,2777.0,2810.0,1181529
2024-07-19,2714.14013671875,2743.0,2789.949951171875,2734.5,2786.0,424329
2024-07-22,2781.96875,2811.550048828125,2822.0,2702.0,2702.0,1248824
2024-07-23,2793.347900390625,2823.050048828125,2850.949951171875,2774.050048828125,2811.0,1046046
2024-07-24,2777.36767578125,2806.89990234375,2830.0,2775.0,2830.0,2880833
2024-07-25,2768.115966796875,2797.550048828125,2825.0,2771.550048828125,2805.0,550900
2024-07-26,2813.384765625,2843.300048828125,2877.75,2808.5,2824.949951171875,701236
2024-07-29,2798.443603515625,2828.199951171875,2865.0,2820.0,2859.89990234375,501949
2024-07-30,2761.535888671875,2790.89990234375,2830.0,2782.85009765625,2828.199951171875,721728
2024-07-31,2747.53466796875,2776.75,2798.75,2761.550048828125,2790.89990234375,662086
2024-08-01,2737.88720703125,2767.0,2788.64990234375,2753.60009765625,2781.949951171875,383675
2024-08-02,2678.32080078125,2706.800048828125,2757.10009765625,2701.0,2749.5,401105
2024-08-05,2584.765625,2612.25,2678.949951171875,2587.75,2655.14990234375,1049292
2024-08-06,2602.89306640625,2620.5,2679.39990234375,2610.0,2627.0,813893
2024-08-07,2619.33203125,2637.050048828125,2659.39990234375,2632.25,2650.0,551368
2024-08-08,2527.552490234375,2544.64990234375,2633.800048828125,2531.10009765625,2623.25,1199236
2024-08-09,2555.463623046875,2572.75,2638.949951171875,2540.050048828125,2556.10009765625,2677777
2024-08-12,2553.824951171875,2571.10009765625,2621.0,2555.050048828125,2570.0,1827230
2024-08-13,2502.3232421875,2519.25,2579.39990234375,2512.14990234375,2572.0,784848
2024-08-14,2495.519287109375,2512.39990234375,2534.5,2505.050048828125,2524.0,286936
2024-08-16,2582.87841796875,2600.35009765625,2608.0,2512.39990234375,2512.39990234375,725887
2024-08-19,2580.94140625,2598.39990234375,2635.14990234375,2557.050048828125,2619.800048828125,682028
2024-08-20,2618.984130859375,2636.699951171875,2648.89990234375,2589.050048828125,2608.0,685479
2024-08-21,2666.810546875,2684.85009765625,2692.050048828125,2625.14990234375,2640.050048828125,857604
2024-08-22,2736.63818359375,2755.14990234375,2772.949951171875,2691.050048828125,2694.449951171875,2065301
2024-08-23,2730.082763671875,2748.550048828125,2780.89990234375,2706.949951171875,2771.39990234375,1101735
2024-08-26,2718.212890625,2736.60009765625,2763.199951171875,2712.800048828125,2752.0,597542
2024-08-27,2681.759521484375,2699.89990234375,2747.949951171875,2697.050048828125,2741.449951171875,1450595
2024-08-28,2697.304443359375,2715.550048828125,2722.550048828125,2683.0,2698.5,981745
2024-08-29,2658.21875,2676.199951171875,2719.0,2640.050048828125,2714.89990234375,941802
2024-08-30,2680.716552734375,2698.85009765625,2708.89990234375,2676.199951171875,2676.199951171875,994826
2024-09-02,2672.720703125,2690.800048828125,2729.64990234375,2675.550048828125,2706.75,720118
2024-09-03,2688.6630859375,2706.85009765625,2710.0,2680.10009765625,2680.10009765625,522391
2024-09-04,2739.121337890625,2757.64990234375,2763.949951171875,2687.25,2695.0,1119041
2024-09-05,2723.179443359375,2741.60009765625,2774.0,2735.300048828125,2774.0,472385
2024-09-06,2674.757080078125,2692.85009765625,2744.60009765625,2674.050048828125,2740.0,555331
2024-09-09,2692.139404296875,2710.35009765625,2715.39990234375,2673.89990234375,2689.949951171875,267477
2024-09-10,2684.3916015625,2702.550048828125,2715.14990234375,2677.0,2700.0,431289
2024-09-11,2663.135498046875,2681.14990234375,2729.5,2674.10009765625,2710.0,347845
2024-09-12,2738.5751953125,2757.10009765625,2765.0,2678.75,2690.60009765625,939815
2024-09-13,2765.642333984375,2784.35009765625,2799.0,2748.199951171875,2760.10009765625,634726
2024-09-16,2746.72021484375,2765.300048828125,2819.050048828125,2757.300048828125,2802.800048828125,431468
2024-09-17,2736.34033203125,2754.85009765625,2777.300048828125,2730.0,2769.0,253234
2024-09-18,2704.40625,2722.699951171875,2777.0,2715.0,2754.85009765625,332947
2024-09-19,2720.547119140625,2738.949951171875,2775.0,2722.300048828125,2743.0,452713
2024-09-20,2660.2548828125,2678.25,2755.699951171875,2664.199951171875,2745.0,2755774
2024-09-23,2648.981201171875,2666.89990234375,2705.0,2665.0,2705.0,678018
2024-09-24,2601.700927734375,2619.300048828125,2695.0,2610.0,2676.35009765625,1457923
2024-09-25,2644.1142578125,2662.0,2666.0,2583.949951171875,2619.300048828125,883336
2024-09-26,2727.401123046875,2745.85009765625,2750.0,2656.199951171875,2674.0,1117471
2024-09-27,2764.449951171875,2783.14990234375,2807.0,2745.85009765625,2745.85009765625,1416974
2024-09-30,2776.766845703125,2795.550048828125,2824.0,2765.0,2784.0,890000
2024-10-01,2782.3291015625,2801.14990234375,2813.64990234375,2755.0,2794.050048828125,442630
2024-10-03,2747.564208984375,2766.14990234375,2833.0,2752.10009765625,2789.0,972732
2024-10-04,2726.656005859375,2745.10009765625,2788.800048828125,2731.0,2766.14990234375,708378
2024-10-07,2702.22119140625,2720.5,2769.949951171875,2700.0,2760.0,689611
2024-10-08,2719.80224609375,2738.199951171875,2745.14990234375,2705.199951171875,2715.25,553985
2024-10-09,2697.5029296875,2715.75,2754.0,2710.0,2754.0,600020
2024-10-10,2704.157958984375,2722.449951171875,2739.449951171875,2711.10009765625,2717.949951171875,387246
2024-10-11,2707.2373046875,2725.550048828125,2731.699951171875,2685.5,2722.449951171875,209760
2024-10-14,2708.578125,2726.89990234375,2737.550048828125,2702.300048828125,2737.550048828125,232099
2024-10-15,2717.418212890625,2735.800048828125,2747.949951171875,2700.699951171875,2725.0,491010
2024-10-16,2745.528076171875,2764.10009765625,2784.0,2725.0,2725.10009765625,756373
2024-10-17,2687.669677734375,2705.85009765625,2789.800048828125,2686.050048828125,2784.0,529505
2024-10-18,2742.399169921875,2760.949951171875,2766.0,2674.64990234375,2700.0,345996
2024-10-21,2699.986328125,2718.25,2765.39990234375,2712.0,2760.0,322456
2024-10-22,2637.509033203125,2655.35009765625,2746.14990234375,2646.35009765625,2718.10009765625,377094
2024-10-23,2615.507568359375,2633.199951171875,2676.699951171875,2625.949951171875,2650.0,944905
2024-10-24,2648.782470703125,2666.699951171875,2695.949951171875,2616.10009765625,2644.89990234375,844303
2024-10-25,2597.62841796875,2615.199951171875,2675.050048828125,2600.0,2665.10009765625,656546
2024-10-28,2629.165283203125,2646.949951171875,2665.949951171875,2594.300048828125,2600.0,763794
2024-10-29,2667.952880859375,2686.0,2690.0,2650.0,2660.0,611947
2024-10-30,2654.59326171875,2672.550048828125,2708.60009765625,2666.050048828125,2691.64990234375,469403
2024-10-31,2677.737060546875,2695.85009765625,2704.0,2644.449951171875,2675.0,321800
2024-11-01,2680.76611328125,2698.89990234375,2719.0,2673.0,2719.0,62294
2024-11-04,2573.19384765625,2590.60009765625,2700.0,2578.050048828125,2696.64990234375,477329
2024-11-05,2633.138427734375,2650.949951171875,2661.39990234375,2587.60009765625,2590.60009765625,896947
2024-11-06,2628.171875,2645.949951171875,2667.550048828125,2619.550048828125,2650.949951171875,455842
2024-11-07,2545.481201171875,2562.699951171875,2662.949951171875,2551.75,2631.14990234375,481689
2024-11-08,2527.751220703125,2544.85009765625,2581.699951171875,2540.0,2565.0,558297
2024-11-11,2502.57177734375,2519.5,2553.85009765625,2506.050048828125,2528.050048828125,354984
2024-11-12,2504.260009765625,2521.199951171875,2546.25,2510.0,2523.25,520250
2024-11-13,2486.0830078125,2502.89990234375,2534.64990234375,2472.050048828125,2521.199951171875,1449201
2024-11-14,2506.99169921875,2523.949951171875,2539.0,2490.050048828125,2502.89990234375,581846
2024-11-18,2500.2373046875,2517.14990234375,2552.800048828125,2479.050048828125,2497.0,1436348
2024-11-19,2491.2978515625,2508.14990234375,2552.0,2500.0,2517.14990234375,424096
2024-11-21,2517.818603515625,2534.85009765625,2555.64990234375,2480.14990234375,2491.10009765625,686930
2024-11-22,2581.189697265625,2598.64990234375,2609.89990234375,2534.85009765625,2540.39990234375,828921
2024-11-25,2612.130615234375,2629.800048828125,2654.0,2600.35009765625,2615.0,967944
2024-11-26,2599.615234375,2617.199951171875,2639.699951171875,2602.449951171875,2629.800048828125,256368
2024-11-27,2604.283447265625,2621.89990234375,2649.449951171875,2595.0,2619.800048828125,348482
2024-11-28,2553.17919921875,2570.449951171875,2635.949951171875,2554.050048828125,2622.0,1057792
2024-11-29,2588.73876953125,2606.25,2630.449951171875,2559.0,2565.0,650252
2024-12-02,2675.452392578125,2693.550048828125,2709.0,2591.75,2605.85009765625,1103892
2024-12-03,2695.764892578125,2714.0,2728.949951171875,2683.0,2693.050048828125,522667
2024-12-04,2699.042724609375,2717.300048828125,2724.449951171875,2695.10009765625,2708.300048828125,572817
2024-12-05,2688.613037109375,2706.800048828125,2733.75,2669.39990234375,2733.0,714805
2024-12-06,2683.74609375,2701.89990234375,2720.0,2693.35009765625,2714.89990234375,342192
2024-12-09,2663.383544921875,2681.39990234375,2714.050048828125,2669.0,2701.89990234375,387874
2024-12-10,2637.459228515625,2655.300048828125,2708.0,2641.10009765625,2702.89990234375,637387
2024-12-11,2652.805419921875,2670.75,2699.89990234375,2661.10009765625,2666.0,319450
2024-12-12,2642.17724609375,2660.050048828125,2683.0,2639.0,2683.0,376376
2024-12-13,2674.60791015625,2692.699951171875,2700.0,2620.5,2641.0,412267
2024-12-16,2667.108642578125,2685.14990234375,2718.0,2672.25,2680.10009765625,329525
2024-12-17,2582.23291015625,2599.699951171875,2685.0,2595.35009765625,2685.0,887083
2024-12-18,2576.719970703125,2594.14990234375,2617.89990234375,2576.25,2607.0,369646
2024-12-19,2521.990234375,2539.050048828125,2594.0,2527.25,2570.0,510040
2024-12-20,2471.978515625,2488.699951171875,2563.199951171875,2479.75,2530.0,734974
2024-12-23,2509.2265625,2526.199951171875,2553.699951171875,2495.0,2495.699951171875,347378
2024-12-24,2485.040283203125,2501.85009765625,2542.39990234375,2495.0,2515.0,364336
2024-12-26,2465.373291015625,2482.050048828125,2518.25,2472.5,2500.25,559646
2024-12-27,2463.635009765625,2480.300048828125,2520.60009765625,2474.89990234375,2482.050048828125,428996
2024-12-30,2427.082275390625,2443.5,2490.0,2436.0,2489.0,763318
2024-12-31,2426.28759765625,2442.699951171875,2447.0,2413.10009765625,2430.0,530535
2025-01-01,2425.7412109375,2442.14990234375,2473.85009765625,2425.949951171875,2440.0,487637
2025-01-02,2526.857421875,2543.949951171875,2559.5,2445.0,2445.0,970593
2025-01-03,2493.135498046875,2510.0,2553.89990234375,2501.10009765625,2541.199951171875,595091
2025-01-06,2444.017822265625,2460.550048828125,2527.949951171875,2445.75,2517.0,393162
2025-01-07,2450.672607421875,2467.25,2497.0,2456.60009765625,2460.60009765625,495162
2025-01-08,2419.38427734375,2435.75,2476.35009765625,2433.14990234375,2468.85009765625,543301
2025-01-09,2394.20458984375,2410.39990234375,2438.800048828125,2396.39990234375,2435.050048828125,766796
2025-01-10,2348.216064453125,2364.10009765625,2424.89990234375,2352.199951171875,2400.0,413994
2025-01-13,2272.776123046875,2288.14990234375,2348.199951171875,2276.949951171875,2329.949951171875,422845
2025-01-14,2295.0751953125,2310.60009765625,2330.449951171875,2294.14990234375,2308.0,865382
2025-01-15,2301.978515625,2317.550048828125,2349.75,2296.75,2326.89990234375,583299
2025-01-16,2334.90576171875,2350.699951171875,2359.75,2313.14990234375,2330.0,1395232
2025-01-17,2359.886962890625,2375.85009765625,2387.25,2348.64990234375,2363.10009765625,443089
2025-01-20,2385.861083984375,2402.0,2410.64990234375,2373.0,2380.050048828125,681711
2025-01-21,2351.5927734375,2367.5,2426.5,2361.64990234375,2404.89990234375,316019
2025-01-22,2372.104248046875,2388.14990234375,2396.449951171875,2370.300048828125,2380.949951171875,336546
2025-01-23,2444.613525390625,2461.14990234375,2475.75,2365.39990234375,2388.0,596720
2025-01-24,2474.014892578125,2490.75,2514.050048828125,2453.449951171875,2466.35009765625,1510105
2025-01-27,2441.534423828125,2458.050048828125,2484.39990234375,2430.39990234375,2475.5,458264
2025-01-28,2395.0986328125,2411.300048828125,2459.949951171875,2399.800048828125,2458.0,740041
2025-01-29,2437.163818359375,2453.64990234375,2464.0,2397.0,2403.0,200039
2025-01-30,2474.958251953125,2491.699951171875,2508.550048828125,2446.5,2458.699951171875,397046
2025-01-31,2491.9931640625,2508.85009765625,2518.300048828125,2475.800048828125,2491.699951171875,431982
2025-02-01,2424.350830078125,2440.75,2514.050048828125,2429.39990234375,2500.0,432668
2025-02-03,2457.029541015625,2473.64990234375,2479.75,2418.0,2418.0,427217
2025-02-04,2468.00537109375,2484.699951171875,2491.800048828125,2446.5,2465.0,337002
2025-02-05,2473.269775390625,2490.0,2499.89990234375,2474.300048828125,2499.0,464164
2025-02-06,2482.20947265625,2499.0,2508.300048828125,2475.89990234375,2499.0,595946
2025-02-07,2470.88623046875,2487.60009765625,2522.75,2466.449951171875,2504.0,738201
2025-02-10,2456.63232421875,2473.25,2491.0,2438.10009765625,2485.0,717668
2025-02-11,2474.710205078125,2491.449951171875,2542.0,2456.050048828125,2460.0,1710410
2025-02-12,2468.253662109375,2484.949951171875,2498.89990234375,2433.75,2479.0,454023
2025-02-13,2473.369384765625,2490.10009765625,2532.949951171875,2474.14990234375,2481.0,708830
2025-02-14,2414.96435546875,2431.300048828125,2507.75,2405.5,2499.0,677910
2025-02-17,2447.295654296875,2463.85009765625,2471.14990234375,2405.550048828125,2431.300048828125,646841
2025-02-18,2446.64990234375,2463.199951171875,2482.949951171875,2412.800048828125,2480.0,596040
2025-02-19,2446.64990234375,2463.199951171875,2481.5,2446.300048828125,2448.0,289053
2025-02-20,2437.213623046875,2453.699951171875,2477.949951171875,2443.25,2451.0,427274
2025-02-21,2414.716064453125,2431.050048828125,2453.35009765625,2401.050048828125,2440.0,504415
2025-02-24,2377.61669921875,2393.699951171875,2420.0,2381.0,2412.0,543080
2025-02-25,2363.313720703125,2379.300048828125,2403.5,2367.10009765625,2392.0,497013
2025-02-27,2324.22802734375,2339.949951171875,2379.300048828125,2317.10009765625,2373.0,1045684
2025-02-28,2291.151611328125,2306.64990234375,2361.75,2301.64990234375,2347.14990234375,1153007
2025-03-03,2361.47607421875,2377.449951171875,2382.89990234375,2317.89990234375,2328.5,790068
2025-03-04,2378.560302734375,2394.64990234375,2404.199951171875,2351.60009765625,2356.0,521061
2025-03-05,2375.58056640625,2391.64990234375,2408.949951171875,2376.35009765625,2404.0,755361
2025-03-06,2377.567138671875,2393.64990234375,2415.0,2353.5,2401.64990234375,754593
2025-03-07,2391.075927734375,2407.25,2415.0,2380.0,2380.0,317388
2025-03-10,2367.932373046875,2383.949951171875,2425.0,2373.300048828125,2407.25,650796
2025-03-11,2397.333740234375,2413.550048828125,2425.0,2363.949951171875,2372.0,445250
2025-03-12,2382.78173828125,2398.89990234375,2438.89990234375,2367.60009765625,2413.550048828125,561893
2025-03-13,2354.274658203125,2370.199951171875,2411.800048828125,2363.300048828125,2402.0,479648
2025-03-17,2383.22900390625,2399.35009765625,2404.5,2370.85009765625,2381.75,646714
2025-03-18,2383.22900390625,2399.35009765625,2399.35009765625,2399.35009765625,2399.35009765625,0
2025-03-19,2441.68359375,2458.199951171875,2464.60009765625,2426.0,2426.0,415476
2025-03-20,2451.566650390625,2468.14990234375,2477.199951171875,2448.10009765625,2464.800048828125,317002
2025-03-21,2452.80810546875,2469.39990234375,2514.75,2459.449951171875,2479.89990234375,1372022
2025-03-24,2496.31396484375,2513.199951171875,2544.0,2475.0,2478.64990234375,594207
2025-03-25,2552.185791015625,2569.449951171875,2595.89990234375,2520.0,2529.75,993289
2025-03-26,2564.25439453125,2581.60009765625,2602.89990234375,2560.0,2582.949951171875,555486
2025-03-27,2601.10498046875,2618.699951171875,2628.949951171875,2575.0,2584.0,1246219
2025-03-28,2593.605712890625,2611.14990234375,2637.64990234375,2599.35009765625,2614.949951171875,435022
2025-04-01,2601.403076171875,2619.0,2632.0,2596.199951171875,2611.39990234375,317974
2025-04-02,2598.919921875,2616.5,2633.39990234375,2601.050048828125,2619.0,413523
2025-04-03,2634.08203125,2651.89990234375,2664.0,2595.10009765625,2595.10009765625,298330
2025-04-04,2599.317138671875,2616.89990234375,2651.89990234375,2610.10009765625,2635.10009765625,290533
2025-04-07,2492.241455078125,2509.10009765625,2560.0,2465.5,2550.0,974267
2025-04-08,2572.6474609375,2590.050048828125,2600.0,2534.14990234375,2550.0,1296141
2025-04-09,2540.564453125,2557.75,2586.75,2529.449951171875,2562.5,494024
2025-04-11,2633.4365234375,2651.25,2660.0,2612.800048828125,2650.0,669041
2025-04-15,2700.333984375,2718.60009765625,2726.199951171875,2670.0,2675.0,815058
2025-04-16,2684.64013671875,2702.800048828125,2722.0,2682.199951171875,2690.0,462016
2025-04-17,2742.151123046875,2760.699951171875,2772.0,2686.89990234375,2701.0,1061496
2025-04-21,2738.37646484375,2756.89990234375,2787.300048828125,2735.0,2755.0,322964
2025-04-22,2730.9267578125,2749.39990234375,2772.10009765625,2737.699951171875,2750.300048828125,211167
2025-04-23,2667.5556640625,2685.60009765625,2763.89990234375,2675.10009765625,2750.10009765625,603774
2025-04-24,2710.862548828125,2729.199951171875,2736.300048828125,2673.0,2690.0,562050
2025-04-25,2716.425048828125,2734.800048828125,2739.89990234375,2675.199951171875,2726.0,649356
2025-04-28,2734.89990234375,2753.39990234375,2773.699951171875,2723.300048828125,2735.0,416635
2025-04-29,2727.251708984375,2745.699951171875,2755.60009765625,2719.0,2753.10009765625,890929
2025-04-30,2719.10693359375,2737.5,2750.89990234375,2718.89990234375,2735.0,662477
2025-05-02,2705.697509765625,2724.0,2771.800048828125,2695.800048828125,2725.60009765625,798849
2025-05-05,2736.5888671875,2755.10009765625,2773.0,2718.300048828125,2730.0,661587
2025-05-06,2710.365966796875,2728.699951171875,2764.5,2718.0,2754.0,288396
2025-05-07,2681.759521484375,2699.89990234375,2727.300048828125,2682.39990234375,2699.0,417883
2025-05-08,2680.5673828125,2698.699951171875,2709.60009765625,2676.5,2685.0,966461
2025-05-09,2617.096923828125,2634.800048828125,2684.0,2626.60009765625,2676.89990234375,444671
2025-05-12,2724.371337890625,2742.800048828125,2761.89990234375,2671.10009765625,2671.10009765625,498304
2025-05-13,2690.500244140625,2708.699951171875,2748.0,2702.699951171875,2741.0,313964
2025-05-14,2718.80908203125,2737.199951171875,2747.0,2705.300048828125,2719.89990234375,330652
2025-05-15,2805.8203125,2824.800048828125,2829.5,2720.0,2734.300048828125,1353535
2025-05-16,2785.358642578125,2804.199951171875,2845.0,2775.10009765625,2845.0,700214
2025-05-19,2708.677490234375,2727.0,2820.10009765625,2721.0,2820.0,575525
2025-05-20,2702.51904296875,2720.800048828125,2754.0,2710.199951171875,2754.0,520661
2025-05-21,2688.71240234375,2706.89990234375,2749.89990234375,2692.199951171875,2717.0,304264
2025-05-22,2656.629638671875,2674.60009765625,2702.300048828125,2648.300048828125,2700.0,541069
2025-05-23,2641.531494140625,2659.39990234375,2746.89990234375,2651.0,2675.0,990691
2025-05-26,2638.551513671875,2656.39990234375,2696.60009765625,2640.10009765625,2672.5,435977
2025-05-27,2596.63525390625,2614.199951171875,2658.39990234375,2595.0,2656.0,874537
2025-05-28,2560.281494140625,2577.60009765625,2620.800048828125,2570.10009765625,2620.800048828125,849149
2025-05-29,2556.308349609375,2573.60009765625,2593.89990234375,2552.199951171875,2577.60009765625,616258
2025-05-30,2528.69482421875,2545.800048828125,2604.89990234375,2536.0,2575.0,1203864
2025-06-02,2507.140625,2524.10009765625,2549.60009765625,2511.0,2546.0,1209305
2025-06-03,2535.25048828125,2552.39990234375,2563.0,2512.10009765625,2543.0,1493898
2025-06-04,2532.56884765625,2549.699951171875,2573.10009765625,2541.800048828125,2556.300048828125,529006
2025-06-05,2537.237060546875,2554.39990234375,2599.0,2538.89990234375,2555.10009765625,950620
2025-06-06,2557.1025390625,2574.39990234375,2578.10009765625,2536.10009765625,2559.800048828125,414844
2025-06-09,2590.9736328125,2608.5,2614.89990234375,2574.699951171875,2585.89990234375,552351
2025-06-10,2689.80517578125,2708.0,2742.0,2666.60009765625,2710.0,2885229
2025-06-11,2703.90966796875,2722.199951171875,2733.89990234375,2678.199951171875,2708.10009765625,812149
2025-06-12,2671.031982421875,2689.10009765625,2729.0,2676.0,2718.10009765625,545570
2025-06-13,2645.902099609375,2663.800048828125,2687.699951171875,2635.800048828125,2652.10009765625,538879
2025-06-16,2686.725830078125,2704.89990234375,2714.0,2652.10009765625,2665.0,494993
2025-06-17,2653.450927734375,2671.39990234375,2706.300048828125,2665.0,2704.89990234375,241142
2025-06-18,2657.424072265625,2675.39990234375,2696.300048828125,2667.300048828125,2671.39990234375,342289
2025-06-19,2675.1044921875,2693.199951171875,2712.0,2670.0,2680.0,609547
2025-06-20,2694.374267578125,2712.60009765625,2732.89990234375,2683.0,2683.0,1232377
2025-06-23,2705.3994140625,2723.699951171875,2737.5,2678.10009765625,2700.0,728851
2025-06-24,2762.21533203125,2780.89990234375,2801.800048828125,2737.300048828125,2746.0,1562447
2025-06-25,2812.773193359375,2831.800048828125,2843.0,2786.5,2791.89990234375,948185
2025-06-26,2863.92724609375,2883.300048828125,2894.89990234375,2832.0,2840.0,1392932
2025-06-27,2841.87646484375,2861.10009765625,2896.0,2844.39990234375,2896.0,678859
2025-06-30,2825.387939453125,2844.5,2890.0,2836.699951171875,2863.300048828125,447868
2025-07-01,2828.9638671875,2848.10009765625,2870.0,2842.5,2842.5,535639
2025-07-02,2830.65234375,2849.800048828125,2878.89990234375,2835.0,2870.0,917118
2025-07-03,2798.6689453125,2817.60009765625,2849.89990234375,2810.800048828125,2848.39990234375,393434
2025-07-04,2787.04736328125,2805.89990234375,2820.0,2785.699951171875,2817.60009765625,286779
2025-07-07,2760.427490234375,2779.10009765625,2819.89990234375,2775.0,2810.0,278677
2025-07-08,2801.84716796875,2820.800048828125,2841.300048828125,2778.199951171875,2780.0,846061
2025-07-09,2779.100830078125,2797.89990234375,2830.0,2793.60009765625,2813.0,659109
2025-07-10,2756.454345703125,2775.10009765625,2809.800048828125,2769.0,2797.89990234375,780215
2025-07-11,2743.442138671875,2762.0,2807.5,2756.39990234375,2775.10009765625,476850
2025-07-14,2765.691650390625,2784.39990234375,2809.0,2755.10009765625,2774.0,2913912
2025-07-15,2759.930908203125,2778.60009765625,2812.10009765625,2762.800048828125,2789.0,450965
2025-07-16,2743.839599609375,2762.39990234375,2784.0,2758.0,2784.0,372782
2025-07-17,2747.71337890625,2766.300048828125,2777.699951171875,2742.300048828125,2762.0,720281
2025-07-18,2710.167236328125,2728.5,2774.0,2716.5,2771.0,797380
2025-07-21,2723.477294921875,2741.89990234375,2751.5,2713.199951171875,2728.0,616378
2025-07-22,2704.40625,2722.699951171875,2759.0,2717.5,2752.89990234375,664321
2025-07-23,2690.897705078125,2709.10009765625,2736.0,2701.5,2735.60009765625,373864
2025-07-24,2717.517578125,2735.89990234375,2743.300048828125,2667.300048828125,2709.10009765625,997645
2025-07-25,2690.401123046875,2708.60009765625,2735.89990234375,2694.199951171875,2735.0,360857
2025-07-28,2708.876220703125,2727.199951171875,2754.5,2697.0,2704.10009765625,547126
2025-07-29,2724.570068359375,2743.0,2750.0,2705.0,2727.199951171875,743512
2025-07-30,2740.065185546875,2758.60009765625,2794.0,2733.10009765625,2740.0,772901
2025-07-31,2727.947021484375,2746.39990234375,2771.800048828125,2727.699951171875,2735.0,581498
2025-08-01,2703.90966796875,2722.199951171875,2766.5,2716.0,2748.0,329586
2025-08-04,2769.069091796875,2787.800048828125,2792.300048828125,2720.800048828125,2730.0,570201
2025-08-05,2778.40576171875,2797.199951171875,2824.89990234375,2784.699951171875,2799.0,782631
2025-08-06,2747.216796875,2765.800048828125,2800.0,2758.0,2800.0,393906
2025-08-07,2725.26513671875,2743.699951171875,2772.699951171875,2718.800048828125,2764.0,591589
2025-08-08,2673.515380859375,2691.60009765625,2748.89990234375,2672.60009765625,2743.699951171875,1162918
2025-08-11,2740.363037109375,2758.89990234375,2795.0,2720.0,2726.0,1236332
2025-08-12,2731.889404296875,2740.39990234375,2761.89990234375,2705.10009765625,2757.0,553341
2025-08-13,2737.372314453125,2745.89990234375,2766.0,2725.5,2760.0,479944
2025-08-14,2756.313232421875,2764.89990234375,2770.0,2731.10009765625,2745.89990234375,618912
2025-08-18,2837.061767578125,2845.89990234375,2865.39990234375,2776.5,2795.0,1279195
2025-08-19,2819.5166015625,2828.300048828125,2854.0,2803.199951171875,2845.89990234375,372899
2025-08-20,2856.002685546875,2864.89990234375,2883.60009765625,2807.39990234375,2828.300048828125,930944
2025-08-21,2872.252197265625,2881.199951171875,2898.39990234375,2855.0,2880.0,1138327
2025-08-22,2805.0615234375,2813.800048828125,2881.10009765625,2801.39990234375,2881.10009765625,671902
2025-08-25,2802.6689453125,2811.39990234375,2832.699951171875,2791.60009765625,2825.699951171875,591824
2025-08-26,2787.51611328125,2796.199951171875,2818.5,2780.39990234375,2803.60009765625,425619
2025-08-28,2775.653076171875,2784.300048828125,2806.0,2772.199951171875,2775.0,528080
2025-08-29,2766.980224609375,2775.60009765625,2797.800048828125,2762.699951171875,2784.300048828125,542362
2025-09-01,2795.192138671875,2803.89990234375,2816.800048828125,2773.39990234375,2778.0,499161
2025-09-02,2771.167236328125,2779.800048828125,2820.0,2773.699951171875,2815.0,468533
2025-09-03,2772.761962890625,2781.39990234375,2809.199951171875,2770.5,2789.0,500510
2025-09-04,2801.073974609375,2809.800048828125,2865.199951171875,2801.0,2801.0,1177036
2025-09-05,2795.2919921875,2804.0,2837.5,2786.10009765625,2810.0,495200
2025-09-08,2795.391845703125,2804.10009765625,2823.89990234375,2795.10009765625,2795.10009765625,229922
2025-09-09,2787.217041015625,2795.89990234375,2823.699951171875,2786.5,2804.10009765625,388718
2025-09-10,2777.1484375,2785.800048828125,2818.0,2775.60009765625,2795.89990234375,421783
2025-09-11,2790.307373046875,2799.0,2806.39990234375,2771.0,2782.39990234375,217951
2025-09-12,2793.298095703125,2802.0,2818.0,2789.10009765625,2799.0,168095
2025-09-15,2793.69677734375,2802.39990234375,2819.800048828125,2785.0,2795.0,291664
2025-09-16,2834.1708984375,2843.0,2848.5,2804.0,2811.89990234375,546549
2025-09-17,2856.501220703125,2865.39990234375,2881.0,2850.0,2855.0,785107
2025-09-18,2869.859619140625,2878.800048828125,2883.0,2852.0,2878.0,513800
2025-09-19,2868.96240234375,2877.89990234375,2891.300048828125,2848.300048828125,2876.10009765625,790137
2025-09-22,2845.236572265625,2854.10009765625,2911.0,2848.800048828125,2860.0,751168
2025-09-23,2804.762451171875,2813.5,2873.800048828125,2808.10009765625,2858.89990234375,702680
2025-09-24,2798.681396484375,2807.39990234375,2838.699951171875,2797.89990234375,2813.5,316532
2025-09-25,2769.970947265625,2778.60009765625,2833.199951171875,2771.199951171875,2810.0,723479
2025-09-26,2738.26953125,2746.800048828125,2810.0,2736.199951171875,2775.0,523045
2025-09-29,2738.369140625,2746.89990234375,2765.699951171875,2700.5,2740.10009765625,541455
2025-09-30,2748.338134765625,2756.89990234375,2769.0,2746.10009765625,2747.0,440278
2025-10-01,2781.036376953125,2789.699951171875,2796.199951171875,2732.0,2767.89990234375,353196
2025-10-03,2782.73095703125,2791.39990234375,2806.800048828125,2766.0,2800.0,708063
2025-10-06,2798.681396484375,2807.39990234375,2814.10009765625,2765.10009765625,2765.10009765625,298274
2025-10-07,2799.279541015625,2808.0,2825.0,2790.300048828125,2800.0,245369
2025-10-08,2769.572021484375,2778.199951171875,2823.39990234375,2764.699951171875,2819.0,339604
2025-10-09,2801.87158203125,2810.60009765625,2817.300048828125,2778.199951171875,2781.39990234375,404859
2025-10-10,2802.270263671875,2811.0,2832.800048828125,2788.300048828125,2810.60009765625,582587
2025-10-13,2789.310546875,2798.0,2812.0,2778.5,2791.10009765625,280622
2025-10-14,2767.1796875,2775.800048828125,2808.0,2757.89990234375,2798.0,316183
2025-10-15,2808.05224609375,2816.800048828125,2824.89990234375,2774.199951171875,2780.0,459912
2025-10-16,2850.918701171875,2859.800048828125,2875.0,2817.10009765625,2825.699951171875,517682
2025-10-17,2827.391845703125,2836.199951171875,2886.0,2826.300048828125,2862.0,334522
2025-10-20,2845.13671875,2854.0,2874.0,2838.0,2849.0,374581
2025-10-21,2861.78466796875,2870.699951171875,2875.89990234375,2861.5,2875.89990234375,48792
2025-10-23,2855.703857421875,2864.60009765625,2914.5,2856.0,2884.0,511585
2025-10-24,2832.47607421875,2841.300048828125,2877.0,2823.0,2864.60009765625,456226
2025-10-27,2914.819580078125,2923.89990234375,2934.0,2847.60009765625,2859.0,764132
2025-10-28,2923.79150390625,2932.89990234375,2959.60009765625,2914.10009765625,2932.699951171875,1056504
2025-10-29,2949.511474609375,2958.699951171875,2977.800048828125,2940.0,2945.89990234375,711559
2025-10-30,2941.2373046875,2950.39990234375,2965.89990234375,2922.60009765625,2960.0,446894
2025-10-31,2882.719482421875,2891.699951171875,2954.39990234375,2880.0,2950.39990234375,576935
2025-11-03,2890.89404296875,2899.89990234375,2919.89990234375,2872.5,2896.0,297012
2025-11-04,2873.0498046875,2882.0,2909.89990234375,2872.0,2908.89990234375,229856
2025-11-06,2691.714599609375,2700.10009765625,2800.0,2692.0,2797.10009765625,1986853
2025-11-07,2716.138671875,2724.60009765625,2738.0,2675.699951171875,2700.0,1101889
2025-11-10,2754.319580078125,2762.89990234375,2789.0,2728.699951171875,2738.0,489522
2025-11-11,2767.1796875,2775.800048828125,2780.10009765625,2737.5,2775.0,399693
2025-11-12,2758.805419921875,2767.39990234375,2793.699951171875,2755.0,2788.39990234375,531304
2025-11-13,2769.17333984375,2777.800048828125,2785.0,2746.199951171875,2766.60009765625,687031
2025-11-14,2774.755859375,2783.39990234375,2790.0,2761.0,2777.199951171875,510972
2025-11-17,2781.634521484375,2790.300048828125,2799.0,2771.10009765625,2790.0,459047
2025-11-18,2753.42236328125,2762.0,2790.300048828125,2750.0,2788.0,437943
2025-11-19,2736.176025390625,2744.699951171875,2774.0,2739.10009765625,2770.0,468941
2025-11-20,2740.064208984375,2748.60009765625,2764.300048828125,2745.0,2760.0,519341
2025-11-21,2726.306884765625,2734.800048828125,2756.89990234375,2723.0,2750.0,471626
2025-11-24,2680.35009765625,2688.699951171875,2740.300048828125,2679.39990234375,2734.89990234375,917195
2025-11-25,2678.4560546875,2686.800048828125,2712.0,2680.0,2688.10009765625,558631
2025-11-26,2735.478271484375,2744.0,2746.60009765625,2686.800048828125,2686.800048828125,444974
2025-11-27,2731.49072265625,2740.0,2748.5,2712.0,2748.0,399328
2025-11-28,2730.892578125,2739.39990234375,2748.0,2727.5,2747.199951171875,297155
2025-12-01,2723.01708984375,2731.5,2753.10009765625,2700.0,2750.0,288096
2025-12-02,2726.50634765625,2735.0,2741.10009765625,2717.10009765625,2717.10009765625,388195
2025-12-03,2711.85205078125,2720.300048828125,2744.0,2707.199951171875,2744.0,435124
2025-12-04,2721.92041015625,2730.39990234375,2742.5,2710.0,2720.300048828125,276879
2025-12-05,2738.468994140625,2747.0,2750.39990234375,2716.89990234375,2730.5,173909
2025-12-08,2735.677734375,2744.199951171875,2769.89990234375,2730.0,2747.0,715725
2025-12-09,2737.47216796875,2746.0,2779.60009765625,2726.5,2740.0,419760
2025-12-10,2738.26953125,2746.800048828125,2779.800048828125,2740.89990234375,2770.89990234375,344470
2025-12-11,2789.111328125,2797.800048828125,2802.699951171875,2742.699951171875,2757.0,453706
2025-12-12,2827.890380859375,2836.699951171875,2845.199951171875,2796.60009765625,2814.0,927504
2025-12-15,2812.2392578125,2821.0,2849.89990234375,2817.0,2836.699951171875,736238
2025-12-16,2790.4072265625,2799.10009765625,2832.699951171875,2786.199951171875,2822.0,545921
2025-12-17,2797.884033203125,2806.60009765625,2814.89990234375,2780.0,2785.199951171875,420053
2025-12-18,2798.880859375,2807.60009765625,2820.0,2786.89990234375,2810.0,252763
2025-12-19,2803.765625,2812.5,2831.10009765625,2790.10009765625,2800.0,546550
2025-12-22,2800.97412109375,2809.699951171875,2858.0,2798.10009765625,2812.699951171875,796031
2025-12-23,2821.011962890625,2829.800048828125,2842.699951171875,2811.0,2811.0,399009
2025-12-24,2818.120849609375,2826.89990234375,2862.89990234375,2820.0,2830.800048828125,444617
2025-12-26,2808.949462890625,2817.699951171875,2840.39990234375,2809.300048828125,2828.0,506240
2025-12-29,2833.572509765625,2842.39990234375,2850.0,2812.5,2821.0,607462
2025-12-30,2832.874755859375,2841.699951171875,2857.10009765625,2827.199951171875,2847.0,729640
2025-12-31,2820.21435546875,2829.0,2864.0,2803.5,2844.5,327956
2026-01-01,2842.84375,2851.699951171875,2854.89990234375,2822.300048828125,2833.0,449775
2026-01-02,2847.529052734375,2856.39990234375,2882.0,2845.10009765625,2856.89990234375,698682
2026-01-05,2840.052490234375,2848.89990234375,2893.0,2842.5,2871.0,861522
2026-01-06,2856.401611328125,2865.300048828125,2880.0,2845.5,2860.0,720656
2026-01-07,2828.289306640625,2837.10009765625,2880.0,2829.10009765625,2880.0,287536
2026-01-08,2783.3291015625,2792.0,2831.89990234375,2787.10009765625,2821.0,437229
2026-01-09,2768.276123046875,2776.89990234375,2807.89990234375,2766.699951171875,2799.800048828125,556140
2026-01-12,2797.9833984375,2806.699951171875,2821.60009765625,2738.300048828125,2763.0,476367
2026-01-13,2765.58447265625,2774.199951171875,2814.800048828125,2759.10009765625,2799.0,875758
2026-01-14,2787.117431640625,2795.800048828125,2821.10009765625,2755.10009765625,2774.0,452326
2026-01-15,2787.117431640625,2795.800048828125,2795.800048828125,2795.800048828125,2795.800048828125,0
2026-01-16,2800.874755859375,2809.60009765625,2827.300048828125,2791.0,2810.800048828125,678922
2026-01-19,2771.366455078125,2780.0,2821.60009765625,2768.800048828125,2796.0,586951
2026-01-20,2705.1728515625,2713.60009765625,2790.800048828125,2706.0,2783.0,411054
2026-01-21,2727.1044921875,2735.60009765625,2752.0,2708.300048828125,2718.89990234375,939481
2026-01-22,2778.94287109375,2787.60009765625,2799.0,2742.5,2742.5,870158
2026-01-23,2750.431640625,2759.0,2805.0,2752.5,2789.89990234375,606097
2026-01-27,2847.329833984375,2856.199951171875,2866.89990234375,2773.0,2798.0,1521231
2026-01-28,2830.282958984375,2839.10009765625,2891.199951171875,2831.10009765625,2870.10009765625,508906
2026-01-29,2822.90576171875,2831.699951171875,2852.89990234375,2808.699951171875,2826.60009765625,680590
2026-01-30,2810.245361328125,2819.0,2839.60009765625,2807.89990234375,2837.5,1083570
2026-02-02,2765.9833984375,2774.60009765625,2781.89990234375,2713.0,2740.0,929579
2026-02-03,2800.1767578125,2808.89990234375,2869.0,2801.10009765625,2869.0,1232908
2026-02-04,2836.06494140625,2844.89990234375,2863.800048828125,2808.89990234375,2808.89990234375,566105
2026-02-05,2855.005859375,2863.89990234375,2877.300048828125,2825.0,2830.10009765625,762775
2026-02-06,2828.089599609375,2836.89990234375,2879.0,2820.699951171875,2864.0,361882
2026-02-09,2917.212158203125,2926.300048828125,2939.800048828125,2846.5,2859.89990234375,681768
2026-02-10,2944.726318359375,2953.89990234375,2962.0,2919.199951171875,2943.0,624992
2026-02-11,2923.49267578125,2932.60009765625,2979.0,2894.89990234375,2979.0,1015218
2026-02-12,2916.41455078125,2925.5,2940.5,2907.60009765625,2940.39990234375,420088
2026-02-13,2879.031005859375,2888.0,2934.0,2877.39990234375,2929.300048828125,419620
2026-02-16,2903.654296875,2912.699951171875,2918.0,2861.300048828125,2870.0,285131
2026-02-17,2891.392578125,2900.39990234375,2917.0,2880.199951171875,2902.10009765625,458126
2026-02-18,2924.68896484375,2933.800048828125,2938.89990234375,2900.0,2900.0,350421
2026-02-19,2855.40478515625,2864.300048828125,2960.0,2846.89990234375,2928.10009765625,388104
2026-02-20,2824.00244140625,2832.800048828125,2890.0,2822.699951171875,2864.89990234375,597887
2026-02-23,2864.476318359375,2873.39990234375,2883.699951171875,2839.699951171875,2844.0,593878
2026-02-24,2870.358154296875,2879.300048828125,2886.699951171875,2847.39990234375,2850.199951171875,593814
2026-02-25,2869.460693359375,2878.39990234375,2910.699951171875,2867.10009765625,2892.0,595400
2026-02-26,2854.607177734375,2863.5,2889.89990234375,2846.60009765625,2881.5,662746
2026-02-27,2791.10498046875,2799.800048828125,2864.60009765625,2784.0,2845.0,1153378
2026-03-02,2768.6748046875,2777.300048828125,2786.300048828125,2696.39990234375,2729.800048828125,900872
2026-03-04,2674.866943359375,2683.199951171875,2742.199951171875,2645.0,2727.0,928520
2026-03-05,2715.64013671875,2724.10009765625,2731.89990234375,2656.800048828125,2685.0,1101224
2026-03-06,2709.957763671875,2718.39990234375,2759.39990234375,2687.199951171875,2701.5,1457401
2026-03-09,2672.873291015625,2681.199951171875,2692.800048828125,2631.0,2659.0,1019315
2026-03-10,2735.37841796875,2743.89990234375,2753.0,2694.199951171875,2701.0,1035360
2026-03-11,2727.1044921875,2735.60009765625,2762.800048828125,2714.800048828125,2726.60009765625,1492588
2026-03-12,2664.798583984375,2673.10009765625,2727.39990234375,2660.60009765625,2711.199951171875,952036
2026-03-13,2560.623046875,2568.60009765625,2664.0,2563.10009765625,2655.0,1309585
2026-03-16,2646.156494140625,2654.39990234375,2661.39990234375,2565.0,2570.0,1531881
2026-03-17,2674.966796875,2683.300048828125,2699.0,2650.0,2655.10009765625,603520
2026-03-18,2714.643310546875,2723.10009765625,2732.89990234375,2686.699951171875,2699.0,933801
2026-03-19,2599.80078125,2607.89990234375,2700.0,2600.10009765625,2700.0,1270396
2026-03-20,2608.1748046875,2616.300048828125,2662.699951171875,2608.300048828125,2622.10009765625,1510096
2026-03-23,2523.239501953125,2531.10009765625,2598.0,2502.5,2591.0,1936926
2026-03-24,2541.482421875,2549.39990234375,2600.699951171875,2523.0,2565.5,2303237
2026-03-25,2639.5771484375,2647.800048828125,2668.39990234375,2561.800048828125,2561.800048828125,1656810
2026-03-27,2620.037841796875,2628.199951171875,2655.0,2604.60009765625,2651.0,2406056
2026-03-30,2549.7568359375,2557.699951171875,2620.10009765625,2540.0,2620.10009765625,1978678
2026-04-01,2584.747802734375,2592.800048828125,2613.300048828125,2576.0,2602.0,651446
2026-04-02,2556.136962890625,2564.10009765625,2574.89990234375,2514.199951171875,2574.89990234375,522088
2026-04-06,2606.28076171875,2614.39990234375,2625.300048828125,2533.0,2545.0,720478
2026-04-07,2612.8603515625,2621.0,2632.800048828125,2576.60009765625,2592.0,632051
2026-04-08,2747.640380859375,2756.199951171875,2794.89990234375,2690.5,2698.0,816578
2026-04-09,2731.9892578125,2740.5,2772.5,2723.0,2740.10009765625,788928
2026-04-10,2734.082763671875,2742.60009765625,2779.10009765625,2727.199951171875,2750.0,611392
2026-04-13,2704.574462890625,2713.0,2739.0,2682.89990234375,2694.10009765625,1259991
2026-04-15,2732.88623046875,2741.39990234375,2793.199951171875,2732.0,2739.0,665607
2026-04-16,2708.861328125,2717.300048828125,2755.300048828125,2696.0,2745.89990234375,803379
2026-04-17,2712.05126953125,2720.5,2736.60009765625,2692.300048828125,2720.0,427517
2026-04-20,2751.5283203125,2760.10009765625,2771.89990234375,2697.300048828125,2730.5,702964
2026-04-21,2769.073486328125,2777.699951171875,2792.0,2755.0,2772.0,686149
2026-04-22,2767.97705078125,2776.60009765625,2810.0,2755.60009765625,2774.39990234375,924150
2026-04-23,2726.50634765625,2735.0,2768.39990234375,2727.0,2762.300048828125,859207
2026-04-24,2730.79296875,2739.300048828125,2768.89990234375,2732.10009765625,2760.699951171875,1109759
2026-04-27,2769.572021484375,2778.199951171875,2810.89990234375,2752.199951171875,2766.0,986204
2026-04-28,2774.357177734375,2783.0,2848.199951171875,2772.0,2780.0,1561588
2026-04-29,2794.494384765625,2803.199951171875,2838.60009765625,2777.0,2798.0,976666
2026-04-30,2785.821533203125,2794.5,2801.39990234375,2727.0,2783.0,1130223
2026-05-01,2785.821533203125,2794.5,2794.5,2794.5,2794.5,0
2026-05-04,2847.13037109375,2856.0,2865.800048828125,2805.0,2805.0,977675
2026-05-05,2862.582275390625,2871.5,2879.89990234375,2823.60009765625,2831.0,947423
2026-05-06,2905.747802734375,2914.800048828125,2923.300048828125,2872.300048828125,2885.5,362970
2026-05-07,2951.40576171875,2960.60009765625,2975.0,2900.0,2902.300048828125,603383
2026-05-08,2959.380859375,2968.60009765625,2980.39990234375,2932.10009765625,2960.60009765625,505248
2026-05-11,2974.932373046875,2984.199951171875,3007.300048828125,2928.0,2954.10009765625,567800
2026-05-12,2893.984619140625,2903.0,2984.199951171875,2893.699951171875,2980.0,467500
2026-05-13,2936.452392578125,2945.60009765625,2969.300048828125,2910.0,2910.300048828125,1332833
2026-05-14,2929.573486328125,2938.699951171875,2983.300048828125,2933.10009765625,2955.0,1652596
2026-05-15,2924.68896484375,2933.800048828125,2968.39990234375,2924.300048828125,2938.89990234375,1586864
2026-05-18,2934.657958984375,2943.800048828125,2955.5,2885.199951171875,2906.0,800447
2026-05-19,2926.08447265625,2935.199951171875,2970.0,2919.89990234375,2955.0,637116
2026-05-20,2961.873046875,2971.10009765625,2988.0,2880.60009765625,2908.199951171875,1306216
2026-05-21,3144.703369140625,3154.5,3180.0,3021.0,3060.699951171875,4417489
2026-05-22,3145.5009765625,3155.300048828125,3187.60009765625,3142.0,3178.0,906466
2026-05-25,3161.75048828125,3171.60009765625,3192.300048828125,3128.10009765625,3180.0,620009
2026-05-26,3155.1708984375,3165.0,3196.199951171875,3155.0,3168.39990234375,984415
2026-05-27,3160.1552734375,3170.0,3197.5,3158.0,3158.0,317539
2026-05-28,3160.1552734375,3170.0,3170.0,3170.0,3170.0,0
2026-05-29,3112.703125,3122.39990234375,3190.300048828125,3111.39990234375,3175.0,1635193
2026-06-01,3092.96484375,3102.60009765625,3158.0,3084.300048828125,3151.39990234375,644142
2026-06-02,3087.980224609375,3097.60009765625,3104.300048828125,3061.0,3076.0,461140
2026-06-03,3091.9677734375,3101.60009765625,3114.89990234375,3060.0,3099.0,460368
2026-06-04,3093.86181640625,3103.5,3138.800048828125,3085.800048828125,3100.10009765625,957529
2026-06-05,3078.11083984375,3087.699951171875,3124.60009765625,3066.199951171875,3109.0,697168
2026-06-08,3040.627685546875,3050.10009765625,3099.89990234375,3034.89990234375,3060.0,687274
2026-06-09,3085.88671875,3095.5,3109.5,3067.800048828125,3070.199951171875,923351
2026-06-10,3061.662109375,3071.199951171875,3132.0,3065.5,3090.0,792811
2026-06-11,3079.9052734375,3089.5,3109.0,3045.800048828125,3058.0,613443
2026-06-12,3095.855712890625,3105.5,3120.0,3075.0,3120.0,536817
2026-06-15,3154.67236328125,3164.5,3175.0,3131.0,3168.0,1033542
2026-06-16,3130.547607421875,3140.300048828125,3183.0,3133.800048828125,3180.0,308307
2026-06-17,3140.615966796875,3150.39990234375,3200.0,3115.89990234375,3150.0,395269
2026-06-18,3135.332763671875,3145.10009765625,3168.89990234375,3109.199951171875,3158.5,667101
2026-06-19,3139.718994140625,3149.5,3167.0,3130.0,3135.10009765625,534084
2026-06-22,3165.339111328125,3175.199951171875,3180.10009765625,3128.199951171875,3157.10009765625,368611
2026-06-23,3134.53515625,3144.300048828125,3186.0,3126.10009765625,3185.0,705875
2026-06-24,3118.18603515625,3127.89990234375,3142.699951171875,3097.0,3135.0,706788
2026-06-25,3116.89013671875,3126.60009765625,3156.0,3115.10009765625,3131.89990234375,785517
2026-06-26,3116.89013671875,3126.60009765625,3126.60009765625,3126.60009765625,3126.60009765625,0
2026-06-29,3070.634033203125,3080.199951171875,3145.0,3072.300048828125,3145.0,1286143
2026-06-30,3090.372802734375,3100.0,3128.89990234375,3080.5,3085.0,868872
2026-07-01,3130.647216796875,3140.39990234375,3145.0,3083.5,3115.0,490262
2026-07-02,3159.357666015625,3169.199951171875,3173.89990234375,3134.39990234375,3153.0,449711
2026-07-03,3171.021240234375,3180.89990234375,3219.300048828125,3165.0,3180.0,425942
2026-07-06,3203.021728515625,3213.0,3218.0,3172.0,3182.199951171875,386276
2026-07-07,3180.990234375,3190.89990234375,3222.0,3172.89990234375,3201.0,571660
2026-07-08,3125.064697265625,3134.800048828125,3188.800048828125,3121.39990234375,3174.0,477890
2026-07-09,3181.9873046875,3191.89990234375,3222.0,3136.300048828125,3139.0,936756
2026-07-10,3203.6201171875,3213.60009765625,3246.0,3202.0,3204.800048828125,515666
2026-07-13,3134.53515625,3144.300048828125,3216.300048828125,3125.199951171875,3202.39990234375,654390
2026-07-14,3103.63134765625,3113.300048828125,3153.5,3093.10009765625,3138.0,1058130
2026-07-15,3076.515869140625,3086.10009765625,3150.0,3080.0,3120.0,726262
2026-07-16,3063.356689453125,3072.89990234375,3105.0,3060.0,3086.699951171875,536911
2026-07-17,3100.04248046875,3109.699951171875,3118.0,3065.39990234375,3079.39990234375,622540
2026-07-20,3134.03662109375,3143.800048828125,3155.89990234375,3085.0,3135.0,349776
2026-07-21,3169.9248046875,3179.800048828125,3195.10009765625,3135.60009765625,3150.10009765625,659160
2026-07-22,3156.466796875,3166.300048828125,3177.10009765625,3146.60009765625,3163.10009765625,396629
2026-07-23,3103.332275390625,3113.0,3180.0,3096.0,3166.0,327446
2026-07-24,3079.805419921875,3089.39990234375,3100.0,3066.39990234375,3100.0,341560
2026-07-27,3102.734130859375,3112.39990234375,3120.0,3086.10009765625,3100.0,266078
2026-07-28,3106.5224609375,3116.199951171875,3126.60009765625,3101.699951171875,3108.699951171875,388153
2026-07-29,3103.332275390625,3113.0,3149.0,3105.10009765625,3131.800048828125,304356
2026-07-30,3095.157958984375,3104.800048828125,3115.5,3085.5,3115.0,301353
2026-07-31,3091.170166015625,3100.800048828125,3135.89990234375,3092.60009765625,3115.699951171875,309447
2026-08-03,3249.875732421875,3260.0,3260.0,3103.10009765625,3120.0,393816
2026-08-04,3128.254638671875,3138.0,3219.10009765625,3115.0,3219.0,770936
2026-08-05,3213.987548828125,3224.0,3228.699951171875,3135.800048828125,3150.0,692531
2026-08-06,3210.0,3220.0,3232.800048828125,3183.60009765625,3223.10009765625,365593
2026-08-07,3323.0,3323.0,3349.60009765625,3183.0,3220.0,1071215
2026-08-10,3380.5,3380.5,3411.10009765625,3290.199951171875,3324.0,2568033
2026-08-11,3322.199951171875,3322.199951171875,3402.800048828125,3301.89990234375,3360.0,755928
2026-08-12,3307.800048828125,3307.800048828125,3393.89990234375,3270.60009765625,3325.10009765625,2309486
2026-08-13,3257.0,3257.0,3299.300048828125,3201.0,3299.300048828125,1041544
2026-08-14,3248.699951171875,3248.699951171875,3264.800048828125,3221.0,3264.800048828125,476082
2026-08-17,3250.5,3250.5,3272.199951171875,3223.5,3240.0,1324345
2026-08-18,3278.699951171875,3278.699951171875,3297.699951171875,3250.5,3257.0,1498859
2026-08-19,3270.0,3270.0,3278.699951171875,3223.0,3278.699951171875,978120
2026-08-20,3300.0,3300.0,3310.0,3250.0,3280.0,1182213
2026-08-21,3308.0,3308.0,3343.10009765625,3258.0,3280.0,1465361
2026-08-24,3288.0,3288.0,3316.0,3263.0,3316.0,1615909
2026-08-25,3289.60009765625,3289.60009765625,3300.199951171875,3222.10009765625,3287.89990234375,1752045
2026-08-26,3299.89990234375,3299.89990234375,3310.0,3262.39990234375,3291.0,1112414
