Price,Adj Close,Close,High,Low,Open,Volume
Ticker,HDFCBANK.NS,HDFCBANK.NS,HDFCBANK.NS,HDFCBANK.NS,HDFCBANK.NS,HDFCBANK.NS
Date,,,,,,
2010-01-04,73.72515869140625,85.28500366210938,86.42500305175781,84.62750244140625,85.0,6100980
2010-01-05,73.78998565673828,85.36000061035156,86.25,85.25,85.5,16773200
2010-01-06,73.83970642089844,85.4175033569336,86.0,84.40499877929688,85.69999694824219,13279680
2010-01-07,74.03202819824219,85.63999938964844,88.41999816894531,85.08000183105469,88.41999816894531,12247960
2010-01-08,74.1292953491211,85.75250244140625,86.16999816894531,85.05000305175781,85.5999984741211,14171800
2010-01-11,73.83106231689453,85.40750122070312,87.43250274658203,85.125,87.43250274658203,27533220
2010-01-12,73.27131652832031,84.76000213623047,85.58999633789062,83.93000030517578,85.4000015258789,9814100
2010-01-13,73.01629638671875,84.46499633789062,84.73999786376953,83.27749633789062,84.24749755859375,20693500
2010-01-14,72.77857971191406,84.19000244140625,85.69000244140625,83.5,85.5,20345280
2010-01-15,73.2259292602539,84.7074966430664,84.94999694824219,83.55000305175781,84.91999816894531,23163460
2010-01-18,76.35958099365234,88.3324966430664,88.9000015258789,84.1050033569336,84.5,47002920
2010-01-19,76.90203857421875,88.95999908447266,89.44000244140625,87.6449966430664,88.25,33328440
2010-01-20,75.90357971191406,87.80500030517578,89.5,87.1500015258789,89.25,27304220
2010-01-21,73.98233795166016,85.5824966430664,88.04499816894531,85.25499725341797,88.04499816894531,25046940
2010-01-22,72.4889907836914,83.8550033569336,85.0,82.69999694824219,84.80000305175781,18947400
2010-01-25,71.60723876953125,82.83499908447266,83.8949966430664,81.56500244140625,83.0,12057580
2010-01-27,69.03546905517578,79.86000061035156,83.05500030517578,79.34500122070312,83.05500030517578,24215580
2010-01-28,68.86476135253906,79.6624984741211,80.94999694824219,78.83999633789062,80.5,34864460
2010-01-29,70.49857330322266,81.55249786376953,81.8499984741211,77.625,79.0,32870340
2010-02-01,69.14569091796875,79.98750305175781,81.4000015258789,79.25,81.4000015258789,15034660
2010-02-02,68.25313568115234,78.95500183105469,80.74500274658203,78.5999984741211,80.3499984741211,20669400
2010-02-03,70.13982391357422,81.13749694824219,81.62000274658203,78.9000015258789,80.0,15455340
2010-02-04,69.8804931640625,80.8375015258789,81.24500274658203,79.2750015258789,80.9000015258789,17210480
2010-02-05,68.00463104248047,78.6675033569336,79.9000015258789,78.25,79.9000015258789,18693880
2010-02-08,67.7474365234375,78.37000274658203,79.44249725341797,77.44999694824219,79.25,15181200
2010-02-09,67.9311294555664,78.5824966430664,78.8949966430664,77.57499694824219,78.33999633789062,23947500
2010-02-10,68.87771606445312,79.67749786376953,80.87249755859375,78.19999694824219,78.75,27733360
2010-02-11,69.07006072998047,79.9000015258789,81.6500015258789,79.5,80.19999694824219,14539380
2010-02-15,69.75297546386719,80.69000244140625,80.98500061035156,79.125,79.8499984741211,9604980
2010-02-16,69.4331283569336,80.31999969482422,81.13500213623047,79.5,80.25,14349700
2010-02-17,71.57481384277344,82.79750061035156,83.04750061035156,80.74500274658203,80.9000015258789,24796680
2010-02-18,72.77641296386719,84.1875,84.5,82.5374984741211,83.24500274658203,20008840
2010-02-19,73.21512603759766,84.69499969482422,85.0,82.80500030517578,83.5,14691980
2010-02-22,73.33182525634766,84.83000183105469,85.98500061035156,84.5,85.05000305175781,13280340
2010-02-23,73.5219955444336,85.05000305175781,85.44249725341797,84.11750030517578,84.25250244140625,12945780
2010-02-24,73.5003890991211,85.0250015258789,85.5,84.375,84.5,11211380
2010-02-25,73.09193420410156,84.55249786376953,85.19999694824219,84.0999984741211,85.05000305175781,11673940
2010-02-26,73.6862564086914,85.23999786376953,86.73750305175781,84.0,84.5,18702060
2010-03-02,75.4216537475586,87.24749755859375,87.80000305175781,85.30000305175781,86.19999694824219,15429300
2010-03-03,76.79181671142578,88.8324966430664,89.05000305175781,87.12750244140625,87.12750244140625,22295920
2010-03-04,76.9863052368164,89.05750274658203,89.3499984741211,87.65499877929688,88.75,27028840
2010-03-05,77.10950469970703,89.19999694824219,89.75,88.55000305175781,89.27749633789062,20899300
2010-03-08,77.11814880371094,89.20999908447266,90.5,88.6449966430664,90.5,14745920
2010-03-09,78.28515625,90.55999755859375,90.75,88.75,88.75,24795380
2010-03-10,78.42562866210938,90.72250366210938,90.99500274658203,86.49500274658203,90.5999984741211,29921120
2010-03-11,78.9659194946289,91.34750366210938,91.75,90.15499877929688,90.80000305175781,15490460
2010-03-12,77.8550796508789,90.0625,91.5199966430664,89.31749725341797,91.3499984741211,14944880
2010-03-15,78.34352111816406,90.62750244140625,91.0,89.0,89.0,15025920
2010-03-16,77.9998779296875,90.2300033569336,90.49500274658203,88.19999694824219,90.25,20872500
2010-03-17,78.13388061523438,90.38500213623047,91.23999786376953,89.90499877929688,90.2300033569336,9589680
2010-03-18,77.8399658203125,90.04499816894531,90.62000274658203,89.5250015258789,90.62000274658203,7003940
2010-03-19,78.6590347290039,90.99250030517578,91.23999786376953,89.88249969482422,90.73999786376953,12679680
2010-03-22,79.40464782714844,91.8550033569336,92.75,89.9000015258789,90.0999984741211,30611220
2010-03-23,81.43179321289062,94.19999694824219,94.5,91.75,91.75,20308760
2010-03-25,83.25363159179688,96.30750274658203,96.5,93.51000213623047,94.0,46592800
2010-03-26,84.34717559814453,97.57250213623047,98.27999877929688,95.65499877929688,96.55000305175781,23105720
2010-03-29,84.93499755859375,98.25250244140625,99.5,81.44249725341797,81.44249725341797,26453420
2010-03-30,82.41942596435547,95.34249877929688,98.49500274658203,95.06999969482422,98.25,18739960
2010-03-31,83.57131958007812,96.67500305175781,97.1449966430664,94.86250305175781,95.0,13652160
2010-04-01,83.81983184814453,96.9625015258789,97.5,96.30500030517578,97.5,14818440
2010-04-05,84.21965026855469,97.42500305175781,97.9800033569336,96.22000122070312,97.94000244140625,14247680
2010-04-06,83.54537200927734,96.6449966430664,97.5,96.2699966430664,97.5,8842880
2010-04-07,83.49567413330078,96.5875015258789,97.39749908447266,96.30000305175781,97.0,10756100
2010-04-08,82.24436950683594,95.13999938964844,96.49500274658203,94.69000244140625,96.49500274658203,12477660
2010-04-09,84.25640869140625,97.46749877929688,97.8499984741211,94.5250015258789,94.5250015258789,12415300
2010-04-12,84.46602630615234,97.70999908447266,98.3949966430664,96.93499755859375,96.93499755859375,9141280
2010-04-13,84.35795593261719,97.58499908447266,98.1449966430664,96.55000305175781,97.5,12682600
2010-04-15,84.5892105102539,97.85250091552734,98.74500274658203,97.20999908447266,97.75,19094720
2010-04-16,84.9004135131836,98.2125015258789,98.72000122070312,96.30000305175781,97.25,10465120
2010-04-19,83.59724426269531,96.70500183105469,97.94000244140625,96.30000305175781,97.5,12241660
2010-04-20,84.04894256591797,97.22750091552734,97.84750366210938,96.44999694824219,96.44999694824219,10878640
2010-04-21,83.8954849243164,97.05000305175781,98.0,96.75,97.44999694824219,7889000
2010-04-22,83.59941101074219,96.7074966430664,98.5,95.40249633789062,96.94000244140625,13790220
2010-04-23,84.3622817993164,97.58999633789062,97.85250091552734,96.43250274658203,96.75,10634120
2010-04-26,85.99610900878906,99.4800033569336,99.84500122070312,97.88500213623047,97.88500213623047,15796560
2010-04-27,85.56171417236328,98.97750091552734,99.80000305175781,98.38999938964844,99.44999694824219,8968940
2010-04-28,85.06896209716797,98.40750122070312,99.3375015258789,97.9000015258789,97.9000015258789,11423540
2010-04-29,85.82969665527344,99.2874984741211,99.75,97.32250213623047,98.59500122070312,18792900
2010-04-30,86.4650650024414,100.02249908447266,100.5,99.1500015258789,99.90249633789062,14219220
2010-05-03,85.14028930664062,98.48999786376953,99.25,98.1050033569336,99.25,10014140
2010-05-04,83.72260284423828,96.8499984741211,99.23999786376953,96.61000061035156,99.23999786376953,9177920
2010-05-05,82.83003234863281,95.81749725341797,96.68499755859375,94.00499725341797,96.5999984741211,16028540
2010-05-06,81.9288558959961,94.7750015258789,95.80000305175781,93.8499984741211,95.25,10522460
2010-05-07,79.87791442871094,92.40249633789062,93.75,91.80000305175781,93.55000305175781,19571620
2010-05-10,83.6015625,96.70999908447266,96.9000015258789,91.5,93.1624984741211,12853080
2010-05-11,84.21100616455078,97.41500091552734,97.75,95.6624984741211,96.9000015258789,13929300
2010-05-12,85.36073303222656,98.74500274658203,99.05000305175781,97.44999694824219,97.44999694824219,13741640
2010-05-13,84.94795989990234,98.26750183105469,99.75,97.51000213623047,99.05999755859375,12744380
2010-05-14,84.3601303100586,97.5875015258789,98.6500015258789,97.11250305175781,98.19999694824219,9400300
2010-05-17,83.37032318115234,96.44249725341797,97.33999633789062,95.7249984741211,97.0999984741211,13207200
2010-05-18,81.94181823730469,94.79000091552734,96.25,94.51000213623047,95.9000015258789,12243120
2010-05-19,80.76399230957031,93.42749786376953,94.4000015258789,92.08000183105469,93.94999694824219,18180160
2010-05-20,80.0032730102539,92.54750061035156,93.81999969482422,91.81500244140625,93.69999694824219,6778000
2010-05-21,78.94862365722656,91.32749938964844,92.5,90.05500030517578,91.0,10997240
2010-05-24,78.86219787597656,91.22750091552734,93.375,90.55249786376953,91.76000213623047,9621820
2010-05-25,77.963134765625,90.1875,91.0,89.25,90.58999633789062,11068700
2010-05-26,79.00049591064453,91.38749694824219,92.6624984741211,90.61499786376953,90.63999938964844,14002780
2010-05-27,81.97637939453125,94.83000183105469,95.3499984741211,90.55000305175781,90.75,22619720
2010-05-28,81.98503875732422,94.83999633789062,95.69999694824219,94.26249694824219,94.83000183105469,11758500
2010-05-31,81.62410736083984,94.42250061035156,94.93000030517578,93.25,94.80000305175781,8768220
2010-06-01,80.18264770507812,92.75499725341797,94.5,91.9000015258789,94.48500061035156,11365460
2010-06-02,80.09403228759766,92.65249633789062,93.13749694824219,91.4000015258789,92.4000015258789,18903340
2010-06-03,82.36539459228516,95.27999877929688,95.5,93.20500183105469,93.20500183105469,13593780
2010-06-04,81.50526428222656,94.28500366210938,95.48999786376953,94.00499725341797,95.30000305175781,10188700
2010-06-07,81.11409759521484,93.8324966430664,94.74250030517578,90.4175033569336,93.3499984741211,19238260
2010-06-08,80.5111312866211,93.13500213623047,94.8499984741211,92.6500015258789,94.0,11342280
2010-06-09,81.29779815673828,94.04499816894531,94.77999877929688,92.57749938964844,93.0,11584680
2010-06-10,83.3531723022461,95.80750274658203,96.09750366210938,93.1500015258789,94.04499816894531,17020940
2010-06-11,84.66471862792969,97.31500244140625,97.5,96.05500030517578,96.05500030517578,21630760
2010-06-14,85.83270263671875,98.65750122070312,98.75,97.31500244140625,97.31500244140625,14977960
2010-06-15,85.4303207397461,98.19499969482422,99.0,97.6500015258789,98.75,9121560
2010-06-16,85.95885467529297,98.80249786376953,99.5,98.40249633789062,98.75,18168580
2010-06-17,86.83102416992188,99.80500030517578,99.94999694824219,98.40249633789062,99.1500015258789,15977200
2010-06-18,86.63964080810547,99.58499908447266,99.89749908447266,98.9175033569336,99.5999984741211,9802800
2010-06-21,86.95065307617188,99.94249725341797,100.5,99.50499725341797,100.08000183105469,14203300
2010-06-22,86.43737030029297,99.35250091552734,100.0,99.12249755859375,99.75,8524880
2010-06-23,86.9463119506836,99.9375,100.18499755859375,98.7750015258789,99.23500061035156,8488080
2010-06-24,87.07028198242188,100.08000183105469,100.3499984741211,99.0,99.85250091552734,17653100
2010-06-25,84.72344207763672,97.38249969482422,99.5999984741211,97.0,99.00749969482422,14470320
2010-06-28,84.85611724853516,97.53500366210938,98.19999694824219,96.1624984741211,97.6050033569336,10658160
2010-06-29,82.84204864501953,95.22000122070312,97.44000244140625,94.80500030517578,97.00499725341797,15902320
2010-06-30,83.47715759277344,95.94999694824219,96.94499969482422,93.94999694824219,94.75,17535120
2010-07-01,82.9725570678711,95.37000274658203,96.48500061035156,94.75,95.5999984741211,11567260
2010-07-02,83.20962524414062,95.64250183105469,96.1675033569336,94.99749755859375,95.37000274658203,8225000
2010-07-05,83.31185150146484,95.76000213623047,96.44999694824219,94.9000015258789,95.05000305175781,5160540
2010-07-06,85.43466186523438,98.19999694824219,98.48750305175781,95.5,95.75,12496060
2010-07-07,84.27320098876953,96.86499786376953,98.44999694824219,96.55249786376953,98.44249725341797,7933440
2010-07-08,84.63861846923828,97.28500366210938,98.49250030517578,97.11250305175781,98.0,6725840
2010-07-09,87.12030792236328,100.13749694824219,100.59750366210938,97.50499725341797,97.75,31402360
2010-07-12,89.15178680419922,102.47250366210938,102.80000305175781,100.3499984741211,100.44999694824219,29738560
2010-07-13,90.15664672851562,103.62750244140625,104.0,101.87000274658203,102.5999984741211,12514620
2010-07-14,90.7547607421875,104.31500244140625,105.54499816894531,103.6624984741211,104.0,21116060
2010-07-15,89.72380828857422,103.12999725341797,104.5,102.75,104.5,6477460
2010-07-16,88.69503021240234,101.94750213623047,103.30000305175781,101.55999755859375,103.19999694824219,9427760
2010-07-19,89.08216857910156,102.39250183105469,103.19999694824219,101.0999984741211,102.0999984741211,17531160
2010-07-20,88.93211364746094,102.22000122070312,104.43499755859375,101.80000305175781,102.39250183105469,13369180
2010-07-21,88.4383544921875,101.65249633789062,103.23750305175781,101.25,102.50499725341797,9284700
2010-07-22,89.49108123779297,102.86250305175781,103.1500015258789,101.25,101.5,11149940
2010-07-23,88.67980194091797,101.93000030517578,103.44999694824219,101.29499816894531,103.44999694824219,13843620
2010-07-26,89.25834655761719,102.59500122070312,102.98999786376953,101.7074966430664,102.25,6072980
2010-07-27,89.90650177001953,103.33999633789062,103.9000015258789,102.25,102.66000366210938,13291820
2010-07-28,90.74606323242188,104.30500030517578,104.5,102.99749755859375,103.5999984741211,13142120
2010-07-29,91.37681579589844,105.02999877929688,105.75,104.1624984741211,104.54499816894531,22531480
2010-07-30,92.52086639404297,106.34500122070312,106.8499984741211,104.0,104.88500213623047,23399320
2010-08-02,92.93195343017578,106.81749725341797,107.24500274658203,106.06749725341797,106.5,16526680
2010-08-03,92.32730102539062,106.12249755859375,107.19999694824219,105.5875015258789,107.0,16220960
2010-08-04,91.99452209472656,105.73999786376953,106.44999694824219,104.55999755859375,105.75,14734700
2010-08-05,91.3615951538086,105.01249694824219,106.37000274658203,103.25,103.25,14710560
2010-08-06,90.9461669921875,104.53500366210938,105.5,104.07250213623047,104.6624984741211,10920880
2010-08-09,90.5677261352539,104.0999984741211,105.19499969482422,103.56749725341797,104.5,5236440
2010-08-10,91.1397476196289,104.75749969482422,105.11000061035156,103.48750305175781,104.27249908447266,14694540
2010-08-11,90.8939437866211,104.4749984741211,105.65249633789062,103.89749908447266,105.05000305175781,14670160
2010-08-12,90.18273162841797,103.65750122070312,104.13999938964844,102.4000015258789,103.84500122070312,9938860
2010-08-13,90.80914306640625,104.37750244140625,105.06999969482422,102.9124984741211,103.07749938964844,10499860
2010-08-16,90.65473175048828,104.19999694824219,106.34500122070312,103.5199966430664,103.91999816894531,7186680
2010-08-17,92.26639556884766,106.05249786376953,106.80000305175781,104.05500030517578,105.4000015258789,20131820
2010-08-18,95.3505630493164,109.59750366210938,109.94999694824219,106.5,106.5,38844340
2010-08-19,97.01228332519531,111.50749969482422,111.9749984741211,109.25,109.25,20763920
2010-08-20,97.06231689453125,111.56500244140625,111.98999786376953,110.26000213623047,110.57749938964844,8398140
2010-08-23,95.55284118652344,109.83000183105469,111.4000015258789,109.1500015258789,110.64250183105469,8194860
2010-08-24,96.07703399658203,110.43250274658203,111.0,108.00499725341797,109.83000183105469,10680280
2010-08-25,95.36363983154297,109.61250305175781,110.75,108.92749786376953,110.05000305175781,10591220
2010-08-26,94.75897979736328,108.9175033569336,110.69249725341797,108.32499694824219,108.93000030517578,20388100
2010-08-27,93.05375671386719,106.9574966430664,109.49749755859375,106.28250122070312,109.0,11550480
2010-08-30,92.72966766357422,106.58499908447266,108.88500213623047,105.83000183105469,108.0,6876460
2010-08-31,92.8405990600586,106.7125015258789,107.0,105.61499786376953,106.25,9390160
2010-09-01,93.49311065673828,107.4625015258789,107.75,106.0,106.77749633789062,9616200
2010-09-02,95.15481567382812,109.37249755859375,109.74749755859375,107.98999786376953,107.98999786376953,11590660
2010-09-03,95.43758392333984,109.69750213623047,110.0,108.4124984741211,109.69999694824219,8118160
2010-09-06,95.88780212402344,110.21499633789062,110.98500061035156,109.25749969482422,109.9000015258789,9546440
2010-09-07,95.6615982055664,109.95500183105469,110.80000305175781,109.12750244140625,110.80000305175781,8407840
2010-09-08,94.8133544921875,108.9800033569336,109.99500274658203,108.56500244140625,109.4000015258789,9969600
2010-09-09,97.6517333984375,112.24250030517578,112.5,109.15499877929688,109.75,26029580
2010-09-13,99.28733825683594,114.12249755859375,114.75,112.4000015258789,112.50499725341797,14595580
2010-09-14,101.53849792480469,116.70999908447266,117.5,114.30000305175781,114.30000305175781,32697460
2010-09-15,103.33289337158203,118.77249908447266,119.19999694824219,116.80249786376953,116.94999694824219,25503160
2010-09-16,104.19638061523438,119.76499938964844,120.75,117.76750183105469,118.78500366210938,25534780
2010-09-17,104.42691040039062,120.02999877929688,121.30000305175781,119.3499984741211,119.76499938964844,21503140
2010-09-20,106.4105224609375,122.30999755859375,123.49749755859375,119.81500244140625,120.16000366210938,15095460
2010-09-21,107.47846221923828,123.5374984741211,124.7300033569336,122.75499725341797,122.75499725341797,32710780
2010-09-22,107.95262908935547,124.0824966430664,124.5,122.51499938964844,123.5,25049020
2010-09-23,107.17830657958984,123.19249725341797,124.09249877929688,122.65750122070312,123.57749938964844,12380340
2010-09-24,108.5442123413086,124.76249694824219,125.0999984741211,120.40750122070312,120.40750122070312,27910620
2010-09-27,106.07341003417969,121.92250061035156,125.54000091552734,121.68499755859375,125.0,16677440
2010-09-28,106.5932388305664,122.5199966430664,123.08499908447266,121.06999969482422,121.9000015258789,18864220
2010-09-29,106.26480865478516,122.14250183105469,123.69999694824219,121.30999755859375,123.69999694824219,15595720
2010-09-30,108.2875747680664,124.46749877929688,124.94999694824219,121.33499908447266,121.5,36959780
2010-10-01,108.78349304199219,125.0374984741211,125.19999694824219,123.11750030517578,124.5999984741211,17730260
2010-10-04,108.48983764648438,124.69999694824219,126.12999725341797,124.16000366210938,125.0374984741211,13980460
2010-10-05,106.48014068603516,122.38999938964844,125.48500061035156,121.87249755859375,124.06999969482422,17196660
2010-10-06,106.86947631835938,122.8375015258789,124.0,122.5,122.75,8219880
2010-10-07,105.8602523803711,121.67749786376953,123.5,121.32749938964844,122.8499984741211,9012840
2010-10-08,104.65093994140625,120.2874984741211,122.4000015258789,119.5,121.75749969482422,14906860
2010-10-11,103.90055847167969,119.42500305175781,122.04000091552734,118.3324966430664,122.04000091552734,19820040
2010-10-12,103.54387664794922,119.01499938964844,120.0,116.97750091552734,119.90249633789062,15619800
2010-10-13,106.19520568847656,122.0625,122.5,118.3499984741211,119.25,20573400
2010-10-14,105.46005249023438,121.21749877929688,122.80000305175781,120.50250244140625,122.25,7707260
2010-10-15,103.80269622802734,119.3125,122.13749694824219,118.99749755859375,121.22000122070312,11726540
2010-10-18,104.33340454101562,119.92250061035156,126.99500274658203,117.6500015258789,126.99500274658203,16550200
2010-10-19,103.04578399658203,118.44249725341797,121.1500015258789,117.92749786376953,121.1500015258789,16649040
2010-10-20,101.59721374511719,116.77749633789062,118.5999984741211,116.40499877929688,118.44999694824219,9860460
2010-10-21,102.88265228271484,118.25499725341797,118.73999786376953,115.8324966430664,116.50250244140625,14595060
2010-10-22,101.2100830078125,116.3324966430664,119.0,115.92500305175781,119.0,12950380
2010-10-25,100.25523376464844,115.23500061035156,118.375,114.94999694824219,116.80000305175781,17259580
2010-10-26,100.11168670654297,115.06999969482422,116.30000305175781,114.55000305175781,115.4000015258789,10139440
2010-10-27,98.06282806396484,112.71499633789062,115.30000305175781,112.0199966430664,115.30000305175781,16440660
2010-10-28,98.60221862792969,113.33499908447266,115.7925033569336,112.05000305175781,112.82499694824219,42138460
2010-10-29,99.17642211914062,113.99500274658203,114.9000015258789,111.8499984741211,114.0,16264860
2010-11-01,102.19100189208984,117.45999908447266,118.30000305175781,114.25250244140625,114.9000015258789,20269600
2010-11-02,102.24102783203125,117.51750183105469,119.3499984741211,117.1500015258789,118.25,11122040
2010-11-03,102.75868225097656,118.11250305175781,118.59500122070312,117.55249786376953,118.05000305175781,7081520
2010-11-04,103.9310073852539,119.45999908447266,120.25,118.37750244140625,119.5,9716320
2010-11-08,101.59069061279297,116.7699966430664,120.0,116.27249908447266,119.66999816894531,8510920
2010-11-09,104.33557891845703,119.92500305175781,120.33999633789062,116.51750183105469,117.0,13716100
2010-11-10,104.22030639648438,119.7925033569336,120.98999786376953,119.1675033569336,120.0,8934340
2010-11-11,102.36934661865234,117.66500091552734,120.47000122070312,116.8125,119.25499725341797,6728740
2010-11-12,100.6989517211914,115.74500274658203,118.94999694824219,115.25,117.25,12403100
2010-11-15,103.7853012084961,119.2925033569336,119.5999984741211,115.69999694824219,115.75,22815960
2010-11-16,103.20890808105469,118.62999725341797,119.98500061035156,116.25,119.98500061035156,18299340
2010-11-18,101.80601501464844,117.01750183105469,120.94999694824219,115.9375,120.94999694824219,16631980
2010-11-19,100.2073974609375,115.18000030517578,118.19999694824219,114.5999984741211,117.25,11752680
2010-11-22,103.52647399902344,118.99500274658203,119.54750061035156,115.30000305175781,116.05000305175781,11021900
2010-11-23,103.17411041259766,118.58999633789062,119.0,115.37249755859375,118.25,11416240
2010-11-24,100.54671478271484,115.56999969482422,118.69499969482422,114.49749755859375,117.69999694824219,8257500
2010-11-25,101.05347442626953,116.15249633789062,117.93499755859375,114.61250305175781,116.25,22687740
2010-11-26,99.95944213867188,114.8949966430664,117.0,113.80000305175781,116.30000305175781,15139380
2010-11-29,99.95944213867188,114.8949966430664,115.8949966430664,114.25,115.0,11818860
2010-11-30,99.4156723022461,114.2699966430664,116.70249938964844,112.92500305175781,114.8499984741211,17253560
2010-12-01,102.96748352050781,118.35250091552734,118.75,114.0,114.42749786376953,16081440
2010-12-02,104.04193878173828,119.5875015258789,120.0,117.65499877929688,118.9000015258789,14738560
2010-12-03,104.21159362792969,119.78250122070312,120.0,118.5999984741211,119.75,7923580
2010-12-06,103.67221069335938,119.1624984741211,121.25,118.76249694824219,121.0,9363120
2010-12-07,102.29755401611328,117.5824966430664,119.5,116.42500305175781,119.0,17194700
2010-12-08,99.20035552978516,114.02249908447266,117.0,113.26000213623047,117.0,23488440
2010-12-09,97.09275817871094,111.5999984741211,114.22000122070312,110.96499633789062,113.65750122070312,36567840
2010-12-10,96.67298889160156,111.11750030517578,111.61250305175781,108.51499938964844,110.0,41242460
2010-12-13,97.39727020263672,111.94999694824219,112.25,109.06999969482422,112.1500015258789,15823360
2010-12-14,97.3646469116211,111.9124984741211,113.79499816894531,110.5999984741211,112.3499984741211,11844160
2010-12-15,94.08688354492188,108.1449966430664,111.5,107.5,111.5,22420420
2010-12-16,95.73554229736328,110.04000091552734,110.9800033569336,107.5,108.1500015258789,19518360
2010-12-20,94.50450897216797,108.625,109.98999786376953,107.57250213623047,109.98999786376953,10322440
2010-12-21,96.31412506103516,110.70500183105469,110.95249938964844,108.59500122070312,108.6500015258789,12351160
2010-12-22,94.77854919433594,108.94000244140625,112.0,108.50250244140625,111.6500015258789,15006480
2010-12-23,95.30707550048828,109.54750061035156,110.19999694824219,108.69750213623047,109.0,6526540
2010-12-24,96.50115203857422,110.91999816894531,111.23750305175781,108.75,109.44999694824219,7033420
2010-12-27,96.29668426513672,110.68499755859375,111.5,109.8550033569336,110.94999694824219,7541260
2010-12-28,98.14330291748047,112.80750274658203,113.43499755859375,110.75749969482422,111.19499969482422,9350060
2010-12-29,101.26009368896484,116.38999938964844,116.83999633789062,112.67749786376953,112.80000305175781,16142080
2010-12-30,100.2900390625,115.2750015258789,117.16999816894531,114.40249633789062,116.80999755859375,14504700
2010-12-31,102.06702423095703,117.31749725341797,118.25,114.60250091552734,115.25,16497820
2011-01-03,103.98756408691406,119.5250015258789,119.98249816894531,117.5199966430664,118.5,10796780
2011-01-04,102.03221893310547,117.27749633789062,119.4000015258789,116.6500015258789,119.32499694824219,16568260
2011-01-05,100.40748596191406,115.41000366210938,117.48500061035156,114.875,117.48500061035156,15651840
2011-01-06,101.25791931152344,116.38749694824219,117.13249969482422,115.44999694824219,115.80000305175781,10870180
2011-01-07,98.72185516357422,113.47250366210938,116.30999755859375,113.05000305175781,116.30999755859375,15896020
2011-01-10,93.62362670898438,107.61250305175781,113.5,106.9000015258789,112.80249786376953,40141720
2011-01-11,93.3778305053711,107.33000183105469,110.93499755859375,106.25,108.5,24315180
2011-01-12,95.9312973022461,110.26499938964844,110.69999694824219,105.33000183105469,108.44999694824219,19810660
2011-01-13,93.22122955322266,107.1500015258789,110.87000274658203,106.31999969482422,110.44999694824219,18972020
2011-01-14,89.15612030029297,102.47750091552734,110.4000015258789,101.5,107.5,25582820
2011-01-17,89.96306610107422,103.40499877929688,104.6500015258789,102.52749633789062,103.0,24561640
2011-01-18,91.75745391845703,105.46749877929688,105.80000305175781,102.3324966430664,104.33999633789062,16840320
2011-01-19,90.28279113769531,103.77249908447266,105.70249938964844,103.1500015258789,105.5824966430664,17984100
2011-01-20,92.11414337158203,105.87750244140625,106.72000122070312,102.29499816894531,103.4625015258789,19277080
2011-01-21,91.09622955322266,104.7074966430664,106.23500061035156,103.80500030517578,105.19999694824219,16595220
2011-01-24,93.46483612060547,107.43000030517578,107.69999694824219,103.6500015258789,104.75,25548320
2011-01-25,90.6677474975586,104.21499633789062,108.74250030517578,103.50499725341797,107.55999755859375,28221080
2011-01-27,89.21483612060547,102.54499816894531,105.0,102.05000305175781,105.0,37891160
2011-01-28,89.3605728149414,102.7125015258789,104.46749877929688,102.10250091552734,102.75,35596840
2011-01-31,89.0582504272461,102.36499786376953,103.17250061035156,99.80999755859375,102.13500213623047,22236060
2011-02-01,88.72331237792969,101.9800033569336,103.84500122070312,100.75499725341797,103.84500122070312,17102460
2011-02-02,87.8663558959961,100.99500274658203,103.17500305175781,100.30999755859375,102.57499694824219,19524340
2011-02-03,89.65204620361328,103.04750061035156,103.5875015258789,100.5,101.0,11592060
2011-02-04,87.77281951904297,100.88749694824219,104.25,100.25,102.55000305175781,18506400
2011-02-07,88.69066619873047,101.94249725341797,103.0,101.01000213623047,102.25,17118920
2011-02-08,87.12466430664062,100.14250183105469,102.99749755859375,99.25499725341797,102.99500274658203,14391980
2011-02-09,87.97074890136719,101.11499786376953,101.75,99.06999969482422,99.9000015258789,14715160
2011-02-10,87.69017028808594,100.7925033569336,102.44999694824219,100.0,100.80000305175781,23071180
2011-02-11,89.58023834228516,102.96499633789062,103.0,99.75,99.75,20206840
2011-02-14,91.58779907226562,105.27249908447266,105.51000213623047,102.50749969482422,102.50749969482422,11844720
2011-02-15,91.65522766113281,105.3499984741211,106.4000015258789,103.76499938964844,105.5,15199460
2011-02-16,91.12670135498047,104.74250030517578,106.0999984741211,104.25250244140625,105.69999694824219,9101580
2011-02-17,95.07434844970703,109.27999877929688,109.69999694824219,104.75,105.0,23609840
2011-02-18,94.66109466552734,108.80500030517578,112.15499877929688,108.26249694824219,109.19999694824219,39535740
2011-02-21,95.77469635009766,110.08499908447266,110.4000015258789,106.625,108.25,11201020
2011-02-22,93.02330780029297,106.92250061035156,109.58499908447266,106.2699966430664,109.5,11592860
2011-02-23,91.96406555175781,105.70500183105469,107.6500015258789,105.01000213623047,106.26000213623047,12228440
2011-02-24,89.5715560913086,102.95500183105469,105.92749786376953,102.2874984741211,104.3499984741211,20055540
2011-02-25,88.83421325683594,102.10749816894531,104.3499984741211,100.9000015258789,104.3499984741211,12619920
2011-02-28,89.27357482910156,102.61250305175781,106.04750061035156,101.75,103.19999694824219,21962720
2011-03-01,93.0472183227539,106.94999694824219,107.5,102.94999694824219,103.73999786376953,20501160
2011-03-03,95.40277862548828,109.65750122070312,111.11499786376953,106.50250244140625,106.74500274658203,25337640
2011-03-04,96.49463653564453,110.9124984741211,111.6449966430664,110.32499694824219,110.5,19709880
2011-03-07,94.53276824951172,108.65750122070312,110.19999694824219,107.54499816894531,110.19999694824219,12855680
2011-03-08,95.9834976196289,110.32499694824219,110.92500305175781,107.82499694824219,107.9000015258789,17971140
2011-03-09,95.96393585205078,110.30249786376953,111.93499755859375,109.75,110.5,18083980
2011-03-10,96.066162109375,110.41999816894531,110.75,109.11750030517578,109.5999984741211,14940620
2011-03-11,95.10696411132812,109.31749725341797,110.8499984741211,108.75,109.10250091552734,13107900
2011-03-14,96.3423843383789,110.73750305175781,110.94999694824219,108.5999984741211,108.5999984741211,13082880
2011-03-15,95.03301239013672,109.23249816894531,110.38500213623047,106.5,108.5,27602000
2011-03-16,94.99388122558594,109.1875,110.25,108.93000030517578,109.80000305175781,11610680
2011-03-17,94.89599609375,109.07499694824219,111.6500015258789,108.30750274658203,108.51000213623047,33521240
2011-03-18,93.49527740478516,107.46499633789062,109.80999755859375,107.1050033569336,109.0,9644240
2011-03-21,93.71930694580078,107.72250366210938,108.93499755859375,107.32250213623047,108.51000213623047,12318700
2011-03-22,93.5953369140625,107.58000183105469,108.6500015258789,107.10250091552734,107.95500183105469,9430540
2011-03-23,94.1434326171875,108.20999908447266,109.09500122070312,107.25250244140625,107.5,9314700
2011-03-24,95.3875503540039,109.63999938964844,109.94499969482422,108.42500305175781,108.94999694824219,8827620
2011-03-25,98.53044128417969,113.25250244140625,113.75,110.0,110.3499984741211,17802960
2011-03-28,99.90940856933594,114.8375015258789,115.5999984741211,113.25,113.25,21860620
2011-03-29,100.27481842041016,115.25749969482422,116.19000244140625,114.23249816894531,115.5,21636600
2011-03-30,101.85604095458984,117.07499694824219,118.19999694824219,115.30000305175781,115.75,22194840
2011-03-31,102.04527282714844,117.2925033569336,119.79499816894531,115.25499725341797,117.5,37863820
2011-04-01,101.5189208984375,116.6875,118.25,116.1500015258789,117.6500015258789,8738580
2011-04-04,104.43563079833984,120.04000091552734,120.25,117.0,117.0,12644540
2011-04-05,104.2159423828125,119.7874984741211,120.49749755859375,118.40750122070312,120.0,16825320
2011-04-06,103.3546371459961,118.79750061035156,119.75,117.55000305175781,119.55000305175781,12939720
2011-04-07,102.43243408203125,117.73750305175781,118.9000015258789,116.9800033569336,118.75,13116320
2011-04-08,102.33021545410156,117.62000274658203,119.25,117.25499725341797,117.69999694824219,15440340
2011-04-11,99.87897491455078,114.80249786376953,116.87750244140625,114.43000030517578,116.26000213623047,22416360
2011-04-13,103.05014038085938,118.44750213623047,119.18250274658203,113.75,113.97250366210938,18067780
2011-04-15,102.79566192626953,118.15499877929688,119.5999984741211,117.19999694824219,118.75,17181860
2011-04-18,100.5641098022461,115.58999633789062,119.99250030517578,115.21749877929688,118.94000244140625,20706540
2011-04-19,102.1170425415039,117.375,117.94000244140625,116.22250366210938,117.0,14924860
2011-04-20,103.1806411743164,118.59750366210938,119.44999694824219,117.4000015258789,118.02749633789062,13096140
2011-04-21,104.86409759521484,120.53250122070312,120.84500122070312,119.0999984741211,119.0999984741211,32410700
2011-04-25,104.00931549072266,119.55000305175781,122.05249786376953,119.30000305175781,121.1500015258789,12645740
2011-04-26,102.65428161621094,117.99250030517578,119.89250183105469,117.0250015258789,119.32749938964844,12643700
2011-04-27,102.36717224121094,117.6624984741211,118.94999694824219,116.31500244140625,118.80000305175781,14295300
2011-04-28,101.69293212890625,116.88749694824219,118.44999694824219,116.5,118.15750122070312,26769640
2011-04-29,99.85719299316406,114.77749633789062,116.98500061035156,114.05000305175781,116.25,18625880
2011-05-02,99.62229919433594,114.50749969482422,115.78500366210938,113.0999984741211,115.30000305175781,14156740
2011-05-03,97.25154876708984,111.78250122070312,114.78250122070312,111.11000061035156,114.42749786376953,21480560
2011-05-04,98.37386322021484,113.07250213623047,114.25749969482422,110.38999938964844,112.19999694824219,26421220
2011-05-05,96.59031677246094,111.02249908447266,113.73999786376953,110.5,112.7925033569336,18698980
2011-05-06,99.93115234375,114.86250305175781,116.0,111.25,111.25,21551460
2011-05-09,99.13075256347656,113.94249725341797,115.75,112.41999816894531,115.0999984741211,7797180
2011-05-10,97.71916198730469,112.31999969482422,113.9000015258789,111.25499725341797,113.9000015258789,13046440
2011-05-11,98.35645294189453,113.05249786376953,113.44499969482422,111.05000305175781,113.0,9821700
2011-05-12,97.44947814941406,112.01000213623047,113.24500274658203,111.75,112.5,9478860
2011-05-13,97.92144012451172,112.55249786376953,114.5,111.2925033569336,111.5999984741211,11646140
2011-05-16,98.00843811035156,112.65249633789062,113.30500030517578,111.81500244140625,112.25,12541240
2011-05-17,97.98234558105469,112.62249755859375,113.69750213623047,112.05000305175781,112.5999984741211,12223880
2011-05-18,98.6304931640625,113.36750030517578,113.88500213623047,112.1500015258789,112.90499877929688,13870960
2011-05-19,98.91108703613281,113.69000244140625,114.19999694824219,112.88500213623047,113.5250015258789,15022540
2011-05-20,100.73374938964844,115.78500366210938,116.0,112.7699966430664,113.5,23827740
2011-05-23,98.51522827148438,113.23500061035156,114.94000244140625,112.29750061035156,114.75,20092800
2011-05-24,98.10633087158203,112.76499938964844,114.625,112.41000366210938,112.69999694824219,9004880
2011-05-25,98.08241271972656,112.73750305175781,113.3499984741211,112.26750183105469,112.5,8314880
2011-05-26,98.49346923828125,113.20999908447266,113.8499984741211,112.0,112.75,19899900
2011-05-27,100.20954895019531,115.18250274658203,115.5999984741211,113.12750244140625,113.24500274658203,11662040
2011-05-30,100.38138580322266,115.37999725341797,116.37999725341797,114.86750030517578,115.19999694824219,7849500
2011-05-31,104.38123321533203,119.97750091552734,120.43499755859375,115.75,116.24500274658203,35393460
2011-06-01,104.3225326538086,119.91000366210938,120.3499984741211,118.73750305175781,119.5,13143340
2011-06-02,103.38516998291016,118.01499938964844,118.33499908447266,117.25,117.75250244140625,13445520
2011-06-03,103.22966003417969,117.8375015258789,118.5425033569336,117.42500305175781,117.99749755859375,11977060
2011-06-06,104.30281066894531,119.0625,119.5,117.26499938964844,117.26499938964844,11685600
2011-06-07,104.09475708007812,118.82499694824219,119.53500366210938,118.19000244140625,118.25499725341797,8126940
2011-06-08,103.16395568847656,117.76249694824219,118.5999984741211,117.41000366210938,117.80999755859375,10278780
2011-06-09,103.4946517944336,118.13999938964844,118.7300033569336,117.07499694824219,117.73750305175781,6459880
2011-06-10,103.4793472290039,118.12249755859375,118.7249984741211,116.51000213623047,118.4000015258789,8743820
2011-06-13,103.92391967773438,118.62999725341797,119.0,117.2074966430664,117.65750122070312,7835560
2011-06-14,104.3575439453125,119.125,119.9000015258789,118.2750015258789,118.9000015258789,12433200
2011-06-15,103.93270111083984,118.63999938964844,119.79000091552734,118.3499984741211,119.0,14077880
2011-06-16,102.62738800048828,117.1500015258789,118.5999984741211,116.90249633789062,118.19999694824219,8425300
2011-06-17,102.9033432006836,117.46499633789062,118.30500030517578,116.68250274658203,117.5250015258789,14213480
2011-06-20,100.70011901855469,114.94999694824219,118.07250213623047,113.59750366210938,117.10749816894531,15625700
2011-06-21,101.8630599975586,116.27749633789062,117.19999694824219,115.0999984741211,115.0999984741211,10157720
2011-06-22,101.73821258544922,116.13500213623047,117.38999938964844,115.62000274658203,116.62249755859375,6183160
2011-06-23,102.22222137451172,116.6875,116.97250366210938,115.5,115.94999694824219,8267580
2011-06-24,104.38603210449219,119.15750122070312,119.49749755859375,117.07749938964844,117.44999694824219,16575460
2011-06-27,105.83149719238281,120.80750274658203,121.59249877929688,118.63249969482422,119.1500015258789,20512380
2011-06-28,106.13371276855469,121.15249633789062,121.5,120.22750091552734,121.47000122070312,12193620
2011-06-29,109.02682495117188,124.45500183105469,124.94999694824219,121.75,121.75,20504880
2011-06-30,110.18537139892578,125.77749633789062,126.24749755859375,123.80750274658203,124.94999694824219,26841200
2011-07-01,109.55901336669922,125.0625,127.37999725341797,123.9000015258789,127.0,13304840
2011-07-04,110.9146728515625,126.61000061035156,127.0999984741211,125.62000274658203,126.75,14323360
2011-07-05,111.30668640136719,127.05750274658203,127.5999984741211,125.7249984741211,126.0999984741211,10637280
2011-07-06,111.48848724365234,127.26499938964844,128.0,125.75,126.75,11785740
2011-07-07,112.38639068603516,128.2899932861328,128.74749755859375,126.7074966430664,127.30500030517578,14778040
2011-07-08,112.09512329101562,127.9574966430664,129.1649932861328,127.68499755859375,128.3000030517578,15089360
2011-07-11,110.57083129882812,126.21749877929688,128.2050018310547,125.75499725341797,127.94999694824219,7945000
2011-07-12,108.61727905273438,123.98750305175781,125.5,123.01000213623047,125.5,14721800
2011-07-13,110.3671646118164,125.98500061035156,126.44750213623047,123.90249633789062,124.5,7441820
2011-07-14,110.8073501586914,126.48750305175781,128.3249969482422,124.69999694824219,126.2750015258789,9354344
2011-07-15,111.46438598632812,127.23750305175781,127.61250305175781,125.75,126.61250305175781,5490152
2011-07-18,112.80034637451172,128.7624969482422,129.72500610351562,127.0,127.98750305175781,6209896
2011-07-19,111.8804931640625,127.7125015258789,129.75,127.0875015258789,129.375,17052664
2011-07-20,110.18319702148438,125.7750015258789,129.10000610351562,125.5,129.10000610351562,7408644
2011-07-21,108.69393157958984,124.07499694824219,126.2249984741211,123.625,126.19999694824219,12881024
2011-07-22,109.84371185302734,125.38749694824219,126.76249694824219,124.7125015258789,125.0,12634120
2011-07-25,110.64311981201172,126.30000305175781,126.625,124.2874984741211,125.38749694824219,13370428
2011-07-26,109.09909057617188,124.5374984741211,127.55000305175781,123.8125,126.3375015258789,10581528
2011-07-27,109.95323181152344,125.51249694824219,125.98750305175781,123.0,124.8375015258789,11062712
2011-07-28,106.72284698486328,121.82499694824219,124.875,121.1500015258789,124.875,21417956
2011-07-29,106.61334228515625,121.69999694824219,122.4749984741211,120.2750015258789,122.4749984741211,11990668
2011-08-01,106.87614440917969,122.0,123.98750305175781,121.125,123.36250305175781,8809416
2011-08-02,105.7482681274414,120.7125015258789,121.9749984741211,120.0,121.9749984741211,7929976
2011-08-03,105.57305908203125,120.51249694824219,122.3499984741211,119.0,119.67500305175781,8330268
2011-08-04,104.34661102294922,119.11250305175781,122.2249984741211,118.75,121.0250015258789,7318424
2011-08-05,103.60196685791016,118.26249694824219,118.94999694824219,114.2750015258789,116.25,12624376
2011-08-08,101.20384216308594,115.5250015258789,120.0,114.51249694824219,115.75,17233492
2011-08-09,101.71851348876953,116.11250305175781,118.38749694824219,112.4625015258789,112.5,17963696
2011-08-10,105.10218811035156,119.9749984741211,123.69999694824219,118.3499984741211,123.69999694824219,13068904
2011-08-11,105.11315155029297,119.98750305175781,121.17500305175781,118.75,119.67500305175781,8409216
2011-08-12,102.50694274902344,117.01249694824219,121.5,116.0250015258789,121.2750015258789,11413552
2011-08-16,99.96644592285156,114.11250305175781,119.5999984741211,113.6624984741211,119.5999984741211,12222592
2011-08-17,102.38648986816406,116.875,118.11250305175781,113.9749984741211,114.01249694824219,12536804
2011-08-18,101.26952362060547,115.5999984741211,118.7125015258789,114.63749694824219,117.07499694824219,22888452
2011-08-19,100.9300765991211,115.2125015258789,115.875,112.5,113.75,17921036
2011-08-22,99.22181701660156,113.26249694824219,115.98750305175781,112.67500305175781,115.01249694824219,11908996
2011-08-23,100.6125259399414,114.8499984741211,115.625,111.32499694824219,114.3499984741211,16145092
2011-08-24,99.86788177490234,114.0,115.5999984741211,113.125,114.5,12742456
2011-08-25,97.16314697265625,110.9124984741211,114.8499984741211,110.17500305175781,114.8499984741211,23200840
2011-08-26,96.1337890625,109.73750305175781,112.63749694824219,109.0374984741211,111.0,8523824
2011-08-29,99.96644592285156,114.11250305175781,114.48750305175781,110.7874984741211,111.125,11600396
2011-08-30,103.36107635498047,117.98750305175781,118.75,114.69999694824219,115.48750305175781,15589296
2011-09-02,103.54723358154297,118.19999694824219,121.0,117.0,121.0,15190948
2011-09-05,102.9887466430664,117.5625,118.5,115.6624984741211,117.44999694824219,11800716
2011-09-06,103.54723358154297,118.19999694824219,119.0999984741211,115.0,117.1500015258789,17860792
2011-09-07,106.8980484008789,122.0250015258789,122.48750305175781,118.2125015258789,119.0,14746572
2011-09-08,105.93443298339844,120.92500305175781,122.42500305175781,119.7874984741211,122.42500305175781,8164048
2011-09-09,103.64578247070312,118.3125,121.42500305175781,117.67500305175781,120.9749984741211,10331416
2011-09-12,102.7916488647461,117.3375015258789,117.80000305175781,115.625,116.75,6985520
2011-09-13,102.43029022216797,116.92500305175781,118.94999694824219,116.0,117.75,7175952
2011-09-14,104.88318634033203,119.7249984741211,120.7750015258789,115.26249694824219,116.8499984741211,7749008
2011-09-15,106.14246368408203,121.1624984741211,122.01249694824219,117.9000015258789,121.4749984741211,8736760
2011-09-16,105.93443298339844,120.92500305175781,122.5,119.07499694824219,121.5625,10947008
2011-09-19,106.16437530517578,121.1875,121.75,119.2750015258789,120.4749984741211,8389220
2011-09-20,107.60983276367188,122.8375015258789,123.3125,120.75,121.25,11835268
2011-09-21,108.29971313476562,123.625,124.4124984741211,122.0999984741211,123.1875,12891396
2011-09-22,103.43772888183594,118.07499694824219,122.25,116.375,121.9749984741211,10191088
2011-09-23,99.95549774169922,114.0999984741211,117.5,113.125,117.13749694824219,32911224
2011-09-26,98.57573699951172,112.5250015258789,114.4124984741211,109.86250305175781,114.0,27785068
2011-09-27,100.18545532226562,114.36250305175781,115.4749984741211,113.5250015258789,114.5,16022836
2011-09-28,100.305908203125,114.5,116.3375015258789,112.9375,115.5999984741211,15223752
2011-09-29,103.06539916992188,117.6500015258789,118.69999694824219,113.1624984741211,114.38749694824219,32532984
2011-09-30,102.41931915283203,116.9124984741211,118.69999694824219,116.0999984741211,116.4625015258789,19028800
2011-10-03,99.87884521484375,114.01249694824219,116.2249984741211,112.6875,115.0374984741211,18136236
2011-10-04,98.31295013427734,112.2249984741211,114.0,110.125,113.125,14963192
2011-10-05,96.07905578613281,109.67500305175781,114.0625,109.13749694824219,112.23750305175781,16534992
2011-10-07,98.55382537841797,112.5,115.0,111.55000305175781,113.17500305175781,18887004
2011-10-10,99.58319091796875,113.67500305175781,114.5,112.51249694824219,113.0,24125984
2011-10-11,100.19639587402344,114.375,116.2249984741211,113.7874984741211,115.17500305175781,9987516
2011-10-12,102.30984497070312,116.7874984741211,117.4749984741211,113.36250305175781,115.48750305175781,17935560
2011-10-13,103.07635498046875,117.6624984741211,119.05000305175781,116.9000015258789,118.75,11733404
2011-10-14,103.78813934326172,118.4749984741211,119.0999984741211,116.3375015258789,117.25,6670040
2011-10-17,104.69702911376953,119.51249694824219,120.125,118.0875015258789,119.1500015258789,7087264
2011-10-18,104.71891784667969,119.5374984741211,120.3499984741211,118.0,118.4749984741211,8109020
2011-10-19,107.71932983398438,122.9625015258789,123.6500015258789,119.82499694824219,120.73750305175781,17378084
2011-10-20,107.21561431884766,122.38749694824219,123.0999984741211,120.1500015258789,122.0,11353704
2011-10-21,106.65714263916016,121.75,122.94999694824219,120.82499694824219,122.51249694824219,9161464
2011-10-24,106.07677459716797,121.0875015258789,124.25,120.73750305175781,123.1875,9743092
2011-10-25,102.49600219726562,117.0,122.6875,112.13749694824219,121.9625015258789,82630020
2011-10-28,105.7044677734375,120.6624984741211,123.625,119.9375,121.5,18038448
2011-10-31,107.31417083740234,122.5,122.9375,119.2874984741211,120.75,12851416
2011-11-01,105.6278076171875,120.57499694824219,123.25,120.0,121.2750015258789,13299516
2011-11-02,105.80301666259766,120.7750015258789,122.0,119.375,119.67500305175781,10111820
2011-11-03,105.52926635742188,120.4625015258789,121.2125015258789,118.0250015258789,120.25,10505636
2011-11-04,105.78112030029297,120.75,121.9749984741211,120.07499694824219,121.67500305175781,6803220
2011-11-08,106.05487823486328,121.0625,121.8375015258789,119.625,120.75,8392808
2011-11-09,104.5218276977539,119.3125,121.42500305175781,118.82499694824219,121.25,8604988
2011-11-11,101.63088989257812,116.01249694824219,119.5999984741211,115.6500015258789,118.9124984741211,9210036
2011-11-14,103.2406005859375,117.8499984741211,119.9625015258789,117.23750305175781,117.4749984741211,12228564
2011-11-15,103.4267807006836,118.0625,119.44999694824219,117.4749984741211,117.67500305175781,11644292
2011-11-16,101.99226379394531,116.42500305175781,118.0,115.07499694824219,117.5,7117600
2011-11-17,100.6015625,114.8375015258789,117.5,114.1500015258789,115.7874984741211,10777368
2011-11-18,100.37161254882812,114.57499694824219,115.4000015258789,112.5250015258789,113.80000305175781,11720744
2011-11-21,97.38214874267578,111.1624984741211,114.0,110.0,114.0,10194036
2011-11-22,97.25074005126953,111.01249694824219,112.375,110.0,111.75,15218304
2011-11-23,93.31953430175781,106.5250015258789,110.4375,103.55000305175781,110.4375,25565636
2011-11-24,94.0970230102539,107.4124984741211,108.75,102.82499694824219,107.19999694824219,28885188
2011-11-25,94.37076568603516,107.7249984741211,108.7249984741211,104.76249694824219,106.9375,18906468
2011-11-28,96.54991149902344,110.2125015258789,111.23750305175781,108.5250015258789,109.0,10891716
2011-11-29,95.31251525878906,108.80000305175781,111.38749694824219,108.05000305175781,111.0,14831024
2011-11-30,96.91127014160156,110.625,112.4124984741211,107.30000305175781,107.30000305175781,28214548
2011-12-01,99.32036590576172,113.375,116.75,112.36250305175781,114.73750305175781,13929784
2011-12-02,102.05796813964844,116.5,116.9749984741211,113.2874984741211,113.7874984741211,11237028
2011-12-05,101.25859832763672,115.5875015258789,116.86250305175781,114.5,115.92500305175781,8753228
2011-12-07,102.29888153076172,116.7750015258789,117.7249984741211,115.5250015258789,117.5,11172944
2011-12-08,99.37510681152344,113.4375,116.92500305175781,112.7750015258789,116.75,12557000
2011-12-09,97.18502807617188,110.9375,112.80000305175781,110.125,111.75,13606912
2011-12-12,94.62262725830078,108.01249694824219,112.73750305175781,106.57499694824219,112.0250015258789,12071156
2011-12-13,96.01334381103516,109.5999984741211,111.3499984741211,106.5,107.0,14925880
2011-12-14,95.12635040283203,108.5875015258789,110.9375,107.5625,109.75,24306724
2011-12-15,94.46932983398438,107.8375015258789,109.0,106.75,107.25,26960140
2011-12-16,90.95423889160156,103.82499694824219,110.125,102.5,108.5250015258789,29424820
2011-12-19,88.9174575805664,101.5,103.25,100.0625,103.01249694824219,32341524
2011-12-20,90.71333312988281,103.55000305175781,105.4000015258789,101.0,101.5,19983568
2011-12-21,95.36724853515625,108.86250305175781,109.8499984741211,104.44999694824219,106.5,14986880
2011-12-22,96.98793029785156,110.7125015258789,111.19999694824219,107.19999694824219,107.875,13576068
2011-12-23,95.82717895507812,109.38749694824219,111.625,109.0,111.05000305175781,6855300
2011-12-26,97.17407989501953,110.92500305175781,111.3499984741211,109.26249694824219,109.75,4564760
2011-12-27,96.29804992675781,109.92500305175781,110.9000015258789,108.92500305175781,110.07499694824219,6294236
2011-12-28,96.31993865966797,109.94999694824219,110.75,108.26249694824219,110.625,7668340
2011-12-29,94.08607482910156,107.4000015258789,110.5,106.5,108.9124984741211,10930628
2011-12-30,93.48377990722656,106.7125015258789,108.5,105.5250015258789,108.44999694824219,7676416
2012-01-02,93.48377990722656,106.7125015258789,107.44999694824219,104.875,107.2249984741211,7029996
2012-01-03,96.1775894165039,109.7874984741211,110.2249984741211,107.5,107.8499984741211,6878476
2012-01-04,97.08648681640625,110.82499694824219,111.23750305175781,107.7125015258789,110.4749984741211,9742956
2012-01-05,97.16314697265625,110.9124984741211,111.67500305175781,110.07499694824219,111.0,6761212
2012-01-06,99.27655792236328,113.32499694824219,114.2874984741211,109.73750305175781,110.25,7954444
2012-01-09,99.80217742919922,113.92500305175781,114.2750015258789,111.5,112.9749984741211,8463936
2012-01-10,100.67821502685547,114.92500305175781,115.57499694824219,114.0,115.0,8982772
2012-01-11,101.32428741455078,115.6624984741211,116.0,113.75,115.125,7719112
2012-01-12,102.20032501220703,116.6624984741211,117.2750015258789,115.30000305175781,115.42500305175781,7975444
2012-01-13,102.84640502929688,117.4000015258789,118.26249694824219,115.26249694824219,117.5,7381684
2012-01-16,100.85342407226562,115.125,116.9625015258789,114.5625,116.69999694824219,6383420
2012-01-17,102.58361053466797,117.0999984741211,117.25,115.75,115.9749984741211,7322016
2012-01-18,105.54019927978516,120.4749984741211,121.3499984741211,117.4000015258789,118.2249984741211,20137244
2012-01-19,106.61334228515625,121.69999694824219,122.5625,120.07499694824219,121.5,16842176
2012-01-20,107.43460845947266,122.63749694824219,123.36250305175781,120.11250305175781,122.5,14390260
2012-01-23,106.00011444091797,121.0,121.9375,120.2249984741211,121.5,7533728
2012-01-24,107.0513687133789,122.19999694824219,123.2750015258789,120.13749694824219,121.3125,15063952
2012-01-25,107.35797882080078,122.55000305175781,123.25,121.4375,122.5625,14819100
2012-01-27,106.04393005371094,121.05000305175781,126.0,119.9124984741211,125.9749984741211,14877636
2012-01-30,104.9160385131836,119.76249694824219,120.75,118.25,120.73750305175781,9975016
2012-01-31,107.77410125732422,123.0250015258789,123.75,119.9625015258789,120.875,10653848
2012-02-01,108.88008117675781,124.2874984741211,124.92500305175781,120.3375015258789,123.625,12020596
2012-02-02,109.0443344116211,124.4749984741211,125.0,122.82499694824219,124.75,22841708
2012-02-03,110.8730697631836,126.5625,127.0,123.8125,124.375,14915004
2012-02-06,111.19063568115234,126.92500305175781,129.0,125.0,127.5,17438624
2012-02-07,111.5410385131836,127.32499694824219,128.85000610351562,127.0,128.5,12075708
2012-02-08,111.35488891601562,127.11250305175781,129.4499969482422,125.6875,127.67500305175781,13861148
2012-02-09,114.44290924072266,130.6374969482422,131.4875030517578,126.4124984741211,126.42500305175781,17361024
2012-02-10,113.3369140625,129.375,131.41250610351562,128.5,130.6999969482422,11515172
2012-02-13,114.3115005493164,130.4875030517578,131.25,128.97500610351562,129.66250610351562,14614324
2012-02-14,113.42452239990234,129.47500610351562,130.9499969482422,128.7624969482422,130.625,13114828
2012-02-15,116.74247741699219,133.2624969482422,133.72500610351562,129.3125,130.125,19379584
2012-02-16,115.29705047607422,131.6125030517578,134.46249389648438,130.8125,132.75,8124264
2012-02-17,115.70220947265625,132.0749969482422,133.25,130.02499389648438,132.8125,14219648
2012-02-21,116.52349090576172,133.0124969482422,133.375,130.125,131.5,14831136
2012-02-22,116.39208984375,132.8625030517578,134.72500610351562,131.66250610351562,132.5,13923108
2012-02-23,116.76438903808594,133.28750610351562,133.9875030517578,131.8000030517578,131.8000030517578,17095748
2012-02-24,114.90281677246094,131.16250610351562,133.85000610351562,128.83749389648438,131.8000030517578,16380168
2012-02-27,112.92080688476562,128.89999389648438,132.8625030517578,128.03750610351562,131.72500610351562,15321292
2012-02-28,116.18401336669922,132.625,133.35000610351562,128.3000030517578,129.8125,14801148
2012-02-29,113.24930572509766,129.27499389648438,134.97500610351562,128.33749389648438,133.47500610351562,19988636
2012-03-01,112.57037353515625,128.5,130.5749969482422,126.32499694824219,129.25,12198492
2012-03-02,113.61068725585938,129.6875,131.25,126.9375,128.5,8116696
2012-03-05,111.90240478515625,127.73750305175781,130.2375030517578,126.38749694824219,130.0,10051372
2012-03-06,111.12492370605469,126.8499984741211,130.25,125.8125,127.44999694824219,11597188
2012-03-07,112.93175506591797,128.91250610351562,129.5,124.38749694824219,126.7125015258789,7577636
2012-03-09,114.58526611328125,130.8000030517578,131.75,129.91250610351562,130.5,9315044
2012-03-12,113.65447235107422,129.7375030517578,133.625,129.25,133.5,11217384
2012-03-13,114.84807586669922,131.10000610351562,131.875,130.08749389648438,130.75,11079428
2012-03-14,115.68031311035156,132.0500030517578,132.5,130.3625030517578,132.02499389648438,11721124
2012-03-15,111.86956024169922,127.69999694824219,132.5,127.26249694824219,132.0,14939196
2012-03-16,111.22347259521484,126.9625015258789,131.22500610351562,126.25,127.5,12810608
2012-03-19,109.25239562988281,124.7125015258789,127.51249694824219,123.7750015258789,127.51249694824219,15299768
2012-03-20,110.6869125366211,126.3499984741211,127.7125015258789,123.25,124.0,6324272
2012-03-21,112.93175506591797,128.91250610351562,129.46249389648438,125.75,125.75,12021572
2012-03-22,110.43505096435547,126.0625,130.60000610351562,125.0250015258789,128.47500610351562,11280064
2012-03-23,112.55943298339844,128.4875030517578,129.6875,125.23750305175781,127.375,8047164
2012-03-26,112.05570983886719,127.9124984741211,129.125,126.4124984741211,128.375,9832916
2012-03-27,113.632568359375,129.71249389648438,130.4499969482422,128.0,128.75,11857352
2012-03-28,112.44993591308594,128.3625030517578,129.625,127.51249694824219,129.625,8699492
2012-03-29,111.71625518798828,127.5250015258789,128.52499389648438,126.25,127.0,16225116
2012-03-30,113.8515625,129.96249389648438,130.96249389648438,127.4375,128.0,11184976
2012-04-02,115.71316528320312,132.08749389648438,132.4875030517578,129.02499389648438,129.5,5530932
2012-04-03,116.1182861328125,132.5500030517578,134.10000610351562,132.0,133.25,12920812
2012-04-04,115.31892395019531,131.6374969482422,132.25,131.10000610351562,131.3125,4175076
2012-04-09,114.26769256591797,130.4375,131.5749969482422,130.0,130.9375,5036740
2012-04-10,114.94661712646484,131.21249389648438,131.5,128.96249389648438,130.85000610351562,5834072
2012-04-11,115.29705047607422,131.6125030517578,132.7375030517578,129.27499389648438,130.46249389648438,7463248
2012-04-12,116.1621322631836,132.60000610351562,133.625,131.0749969482422,131.25,12103288
2012-04-13,115.93217468261719,132.33749389648438,134.4375,130.97500610351562,134.10000610351562,9833428
2012-04-16,116.01976013183594,132.4375,132.75,131.02499389648438,132.22500610351562,17396084
2012-04-17,116.12928009033203,132.5625,133.97500610351562,130.27499389648438,133.0,15665808
2012-04-18,117.74995422363281,134.41250610351562,134.97500610351562,133.25,133.25,12000284
2012-04-19,121.34168243408203,138.5124969482422,138.89999389648438,134.3000030517578,135.0,16366676
2012-04-20,120.69557189941406,137.77499389648438,139.5,136.6125030517578,138.0625,15725100
2012-04-23,119.43632507324219,136.33749389648438,139.0,135.8249969482422,137.9875030517578,8437648
2012-04-24,118.6697769165039,135.46249389648438,136.625,134.85000610351562,136.52499389648438,8760780
2012-04-25,119.72101593017578,136.66250610351562,137.375,134.5,136.0,10778388
2012-04-26,118.37409973144531,135.125,137.4875030517578,134.75,136.25,9338952
2012-04-27,118.51646423339844,135.28750610351562,136.5,133.5500030517578,135.5,4549020
2012-04-30,118.8121109008789,135.625,137.25,135.08749389648438,135.9499969482422,6039020
2012-05-02,120.43280029296875,137.47500610351562,137.75,135.1750030517578,135.1750030517578,8978348
2012-05-03,121.34168243408203,138.5124969482422,139.5,136.3625030517578,136.375,13714548
2012-05-04,117.71707916259766,134.375,138.4250030517578,133.66250610351562,137.8000030517578,12351888
2012-05-07,116.5672836303711,133.0625,133.6374969482422,129.10000610351562,132.97500610351562,16712688
2012-05-08,112.86602783203125,128.83749389648438,134.10000610351562,128.3125,133.22500610351562,11283080
2012-05-09,112.27473449707031,128.16250610351562,130.64999389648438,126.3499984741211,128.4250030517578,15023992
2012-05-10,113.3369140625,129.375,130.72500610351562,127.5,127.76249694824219,12084380
2012-05-11,111.81480407714844,127.63749694824219,130.0,127.05000305175781,128.3125,8050084
2012-05-14,109.62471771240234,125.13749694824219,127.94999694824219,123.51249694824219,127.6875,11034848
2012-05-15,109.3071517944336,124.7750015258789,126.11250305175781,124.0,124.0,8019464
2012-05-16,108.4530258178711,123.80000305175781,124.67500305175781,121.5,123.5,16960872
2012-05-17,109.02242279052734,124.44999694824219,126.625,123.75,124.25,11618520
2012-05-18,109.62471771240234,125.13749694824219,125.9749984741211,122.25,122.44999694824219,9614416
2012-05-21,108.94580078125,124.36250305175781,126.9625015258789,123.48750305175781,125.0625,8542340
2012-05-22,107.1499252319336,122.3125,126.25,121.73750305175781,125.94999694824219,11096812
2012-05-23,106.7009506225586,121.80000305175781,123.2249984741211,120.55000305175781,122.5,12695888
2012-05-24,109.4385757446289,124.92500305175781,125.67500305175781,121.25,123.25,11539244
2012-05-25,109.50426483154297,125.0,125.7874984741211,123.9000015258789,124.94999694824219,11194572
2012-05-28,111.42057800292969,127.1875,127.6500015258789,125.0,125.30000305175781,12206852
2012-05-29,110.58837127685547,126.23750305175781,127.98750305175781,125.5250015258789,127.5374984741211,10573024
2012-05-30,109.64662170410156,125.1624984741211,126.3499984741211,124.13749694824219,125.01249694824219,10167280
2012-05-31,110.86212921142578,126.55000305175781,127.2249984741211,123.8375015258789,124.0,19039120
2012-06-01,107.40178680419922,122.5999984741211,126.7874984741211,122.5,126.0,11708748
2012-06-04,108.55156707763672,123.9124984741211,124.625,121.26249694824219,122.0,11360968
2012-06-05,109.83277130126953,125.375,126.2249984741211,124.61250305175781,125.0,10710712
2012-06-06,113.86254119873047,129.97500610351562,130.75,125.875,126.2125015258789,25091692
2012-06-07,117.78276824951172,134.4499969482422,134.875,130.75,131.0500030517578,19800492
2012-06-08,118.06747436523438,134.77499389648438,135.6875,132.7375030517578,135.22500610351562,19322744
2012-06-11,118.69168090820312,135.4875030517578,137.22500610351562,134.60000610351562,135.27499389648438,13071884
2012-06-12,120.36707305908203,137.39999389648438,137.71249389648438,134.4875030517578,134.6999969482422,11253840
2012-06-13,118.64788055419922,135.4375,138.10000610351562,134.9499969482422,137.75,8064732
2012-06-14,117.03816223144531,133.60000610351562,136.85000610351562,133.16250610351562,135.0,8642552
2012-06-15,119.91810607910156,136.8874969482422,137.4250030517578,133.7375030517578,133.75,9932224
2012-06-18,117.15862274169922,133.7375030517578,138.0,132.3874969482422,138.0,11237464
2012-06-19,117.48712158203125,134.1125030517578,134.75,131.5749969482422,133.6999969482422,11860736
2012-06-20,116.99433898925781,133.5500030517578,135.125,132.1374969482422,134.25,9534472
2012-06-21,118.89973449707031,135.72500610351562,136.1750030517578,132.8249969482422,133.25,10652656
2012-06-22,119.21728515625,136.08749389648438,136.27499389648438,133.77499389648438,133.77499389648438,6168816
2012-06-25,117.54187774658203,134.1750030517578,137.125,133.75,136.35000610351562,6374848
2012-06-26,119.02019500732422,135.8625030517578,137.0,134.0749969482422,134.5,5853128
2012-06-27,120.23567199707031,137.25,138.6750030517578,136.5,136.5,11937288
2012-06-28,121.0744857788086,137.125,138.16250610351562,135.8125,136.72500610351562,12142440
2012-06-29,124.39654541015625,140.8874969482422,141.22500610351562,138.0124969482422,138.02499389648438,12659172
2012-07-02,126.69224548339844,143.4875030517578,143.75,140.0,141.0,8201524
2012-07-03,127.11163330078125,143.96249389648438,145.0,142.9250030517578,143.97500610351562,8466800
2012-07-04,127.58625030517578,144.5,145.21249389648438,143.91250610351562,144.1750030517578,12810284
2012-07-05,128.9327392578125,146.02499389648438,146.25,143.8625030517578,144.47500610351562,8381528
2012-07-06,128.3588104248047,145.375,147.25,144.625,145.52499389648438,15741520
2012-07-09,127.61936950683594,144.53750610351562,145.4375,142.27499389648438,144.9875030517578,7661160
2012-07-10,129.93707275390625,147.16250610351562,148.0749969482422,144.375,145.0,13543016
2012-07-11,129.57284545898438,146.75,148.4499969482422,146.27499389648438,146.72500610351562,12299444
2012-07-12,128.0498046875,145.02499389648438,147.72500610351562,143.89999389648438,145.97500610351562,7583748
2012-07-13,129.58389282226562,146.7624969482422,147.85000610351562,145.6125030517578,146.25,9508572
2012-07-16,128.6126708984375,145.66250610351562,148.1750030517578,145.2624969482422,147.0,12850160
2012-07-17,128.7451171875,145.8125,147.1875,144.64999389648438,146.75,8539356
2012-07-18,129.57284545898438,146.75,147.1750030517578,145.02499389648438,146.1750030517578,7117996
2012-07-19,130.10263061523438,147.35000610351562,147.6999969482422,146.3874969482422,147.14999389648438,4800448
2012-07-20,128.6016387939453,145.64999389648438,147.25,145.25,147.25,4168944
2012-07-23,126.48252868652344,143.25,145.0,142.7624969482422,144.35000610351562,6094528
2012-07-24,126.71432495117188,143.5124969482422,144.3625030517578,142.5500030517578,143.1374969482422,5305588
2012-07-25,127.15580749511719,144.0124969482422,145.1999969482422,143.4250030517578,143.6125030517578,8815704
2012-07-26,124.89324188232422,141.4499969482422,144.6875,140.75,144.5,17705416
2012-07-27,129.04310607910156,146.14999389648438,147.1750030517578,141.16250610351562,143.0,13430872
2012-07-30,129.6280517578125,146.8125,147.97500610351562,146.0,146.77499389648438,8466284
2012-07-31,129.73843383789062,146.9375,147.5,144.96249389648438,147.5,8391408
2012-08-01,129.46250915527344,146.625,147.08749389648438,144.39999389648438,146.3874969482422,7870988
2012-08-02,128.57952880859375,145.625,147.3000030517578,144.3249969482422,146.625,6885460
2012-08-03,129.83775329589844,147.0500030517578,147.25,144.9375,145.25,9951500
2012-08-06,132.4976348876953,150.0625,150.5,148.25,148.28750610351562,12329176
2012-08-07,132.4645233154297,150.02499389648438,150.5749969482422,149.25,150.5,11228764
2012-08-08,132.1996612548828,149.72500610351562,150.5,148.6750030517578,150.0,8053116
2012-08-09,133.46890258789062,151.16250610351562,151.75,149.625,150.25,9873120
2012-08-10,132.9170684814453,150.53750610351562,151.72500610351562,149.91250610351562,150.0,15127420
2012-08-13,134.0869598388672,151.8625030517578,152.375,150.0,150.0,8421704
2012-08-14,134.2415008544922,152.03750610351562,152.25,150.8125,151.7624969482422,11225568
2012-08-16,132.45347595214844,150.0124969482422,152.03750610351562,149.46249389648438,152.0,8143296
2012-08-17,131.36083984375,148.77499389648438,150.5625,147.9499969482422,149.64999389648438,7686156
2012-08-21,131.64781188964844,149.10000610351562,149.625,147.0500030517578,148.75,8340840
2012-08-22,131.7581787109375,149.22500610351562,150.1125030517578,147.83749389648438,148.60000610351562,9580860
2012-08-23,131.9347686767578,149.4250030517578,151.1374969482422,148.8125,149.85000610351562,9425048
2012-08-24,131.62571716308594,149.0749969482422,150.10000610351562,148.3125,148.375,6708376
2012-08-27,131.19529724121094,148.58749389648438,149.72500610351562,148.0124969482422,148.75,4046724
2012-08-28,130.0915985107422,147.33749389648438,148.6374969482422,146.625,148.22500610351562,8895964
2012-08-29,129.91500854492188,147.1374969482422,148.9499969482422,146.5625,147.3125,6729628
2012-08-30,131.53741455078125,148.97500610351562,150.5,146.5,146.5,22716404
2012-08-31,131.41603088378906,148.83749389648438,150.0,147.3125,147.58749389648438,12506740
2012-09-03,130.33444213867188,147.6125030517578,149.4499969482422,147.0,149.3874969482422,7437816
2012-09-04,130.25714111328125,147.52499389648438,148.08749389648438,146.8000030517578,147.6374969482422,5772588
2012-09-05,130.69862365722656,148.02499389648438,149.0,146.83749389648438,147.0,12158472
2012-09-06,129.82672119140625,147.03750610351562,148.375,146.52499389648438,147.52499389648438,5097452
2012-09-07,130.32337951660156,147.60000610351562,148.75,146.4250030517578,148.5625,11205148
2012-09-10,130.4889373779297,147.78750610351562,149.25,147.33749389648438,147.875,6034892
2012-09-11,131.20632934570312,148.60000610351562,149.25,145.83749389648438,147.1875,6311544
2012-09-12,132.265869140625,149.8000030517578,150.0,148.47500610351562,148.8125,6391016
2012-09-13,132.265869140625,149.8000030517578,150.375,148.3874969482422,150.25,3399760
2012-09-14,135.2568817138672,153.1875,153.6875,150.2375030517578,151.64999389648438,25771220
2012-09-17,134.2745819091797,152.0749969482422,154.9875030517578,151.375,154.75,21086848
2012-09-18,133.64549255371094,151.3625030517578,153.0,150.96249389648438,152.0749969482422,10039176
2012-09-20,133.9655303955078,151.72500610351562,152.5,150.25,150.5,10491328
2012-09-21,137.9940185546875,156.28750610351562,157.25,151.27499389648438,152.1750030517578,23602848
2012-09-24,140.16827392578125,158.75,159.22500610351562,155.6999969482422,156.375,17574880
2012-09-25,140.5876922607422,159.22500610351562,159.72500610351562,156.53750610351562,158.25,11686144
2012-09-26,139.2301483154297,157.6875,159.14999389648438,156.03750610351562,158.71249389648438,10730508
2012-09-27,139.2411346435547,157.6999969482422,159.25,156.3000030517578,158.25,15861744
2012-09-28,138.87698364257812,157.28750610351562,158.5749969482422,156.52499389648438,157.97500610351562,11007688
2012-10-01,137.48629760742188,155.71249389648438,158.0,155.0,157.25,8054784
2012-10-03,136.7357940673828,154.8625030517578,156.6999969482422,154.4875030517578,156.0,11032228
2012-10-04,139.3515167236328,157.8249969482422,158.47500610351562,155.3625030517578,155.375,12652064
2012-10-05,137.38699340820312,155.60000610351562,159.66250610351562,126.26249694824219,159.5,14947024
2012-10-08,137.01171875,155.1750030517578,155.97500610351562,154.1374969482422,155.97500610351562,9290672
2012-10-09,138.12644958496094,156.4375,157.625,155.5,156.2375030517578,4310768
2012-10-10,136.40469360351562,154.4875030517578,156.0,154.0500030517578,156.0,4295016
2012-10-11,137.92779541015625,156.21249389648438,156.9499969482422,154.6125030517578,155.28750610351562,9812932
2012-10-12,139.3184356689453,157.78750610351562,158.75,156.5,157.5,15506408
2012-10-15,139.98065185546875,158.53750610351562,158.72500610351562,155.64999389648438,158.10000610351562,7572068
2012-10-16,139.15289306640625,157.60000610351562,158.875,157.02499389648438,158.8125,7273836
2012-10-17,138.64517211914062,157.02499389648438,158.125,156.625,158.0,6433772
2012-10-18,140.43316650390625,159.0500030517578,159.47500610351562,156.1125030517578,157.5,5618460
2012-10-19,138.73348999023438,157.125,158.75,156.75,158.0,9055400
2012-10-22,141.05123901367188,159.75,160.0,156.3000030517578,156.3000030517578,8241404
2012-10-23,139.96961975097656,158.52499389648438,159.875,158.125,159.7624969482422,8332960
2012-10-25,140.68701171875,159.33749389648438,160.25,157.25,158.16250610351562,17011340
2012-10-29,141.40438842773438,160.14999389648438,160.625,158.8874969482422,159.46249389648438,5512328
2012-10-30,139.87026977539062,158.41250610351562,161.1999969482422,157.64999389648438,159.2624969482422,8834904
2012-10-31,139.99166870117188,158.5500030517578,158.97500610351562,157.5124969482422,158.52499389648438,7492968
2012-11-01,138.7555694580078,157.14999389648438,158.9250030517578,156.875,158.1875,7058460
2012-11-02,139.1308135986328,157.5749969482422,159.5,157.0,159.5,5432772
2012-11-05,140.16827392578125,158.75,159.0,157.6875,158.0,4022128
2012-11-06,141.172607421875,159.8874969482422,160.3000030517578,158.4875030517578,158.4875030517578,7278084
2012-11-07,141.28297424316406,160.0124969482422,161.25,159.22500610351562,159.9375,8200660
2012-11-08,141.05123901367188,159.75,160.25,158.875,159.125,3867800
2012-11-09,141.1284637451172,159.83749389648438,160.75,158.75,159.5625,4420776
2012-11-12,143.76629638671875,162.8249969482422,163.4499969482422,159.3125,159.3125,9657456
2012-11-15,142.65158081054688,161.5625,161.85000610351562,159.75,161.75,9442340
2012-11-16,141.7686004638672,160.5625,162.14999389648438,160.03750610351562,160.75,12102824
2012-11-19,142.76193237304688,161.6875,161.97500610351562,159.8625030517578,159.9375,5787948
2012-11-20,144.3291778564453,163.46249389648438,163.97500610351562,162.0625,162.27499389648438,9353388
2012-11-21,146.50344848632812,165.9250030517578,166.375,162.4250030517578,163.78750610351562,12929784
2012-11-22,147.69541931152344,167.27499389648438,167.78750610351562,166.0,166.6999969482422,8440964
2012-11-23,147.8389129638672,167.4375,168.14999389648438,164.7624969482422,167.375,5249712
2012-11-26,146.1061248779297,165.47500610351562,168.4250030517578,165.02499389648438,168.25,5481536
2012-11-27,150.21182250976562,170.125,170.9499969482422,166.22500610351562,166.22500610351562,16502672
2012-11-29,154.48312377929688,174.96249389648438,175.9375,168.85000610351562,169.375,25199452
2012-11-30,155.38812255859375,175.9875030517578,176.375,172.39999389648438,175.25,15639292
2012-12-03,151.6355743408203,171.7375030517578,175.28750610351562,171.0,175.0,11636340
2012-12-04,151.2382354736328,171.28750610351562,172.5,170.2624969482422,171.02499389648438,8679488
2012-12-05,152.8827362060547,173.14999389648438,173.75,171.75,172.25,9219860
2012-12-06,153.3573455810547,173.6875,174.625,170.1999969482422,173.9499969482422,10904552
2012-12-07,152.99310302734375,173.27499389648438,174.5,172.0,173.8125,7936632
2012-12-10,152.97103881835938,173.25,174.125,172.41250610351562,172.5,8324104
2012-12-11,152.4964599609375,172.71249389648438,174.75,171.5749969482422,173.8125,13500552
2012-12-12,153.15867614746094,173.46249389648438,174.0,172.125,172.8125,7736504
2012-12-13,152.54058837890625,172.7624969482422,174.0,172.25,173.46249389648438,6283232
2012-12-14,152.0329132080078,172.1875,173.60000610351562,171.33749389648438,172.5124969482422,8373892
2012-12-17,149.32884216308594,169.125,171.97500610351562,168.39999389648438,171.97500610351562,12230212
2012-12-18,149.2074737548828,168.9875030517578,170.5500030517578,167.4375,169.4875030517578,13375072
2012-12-19,151.8673553466797,172.0,172.3125,168.625,168.6374969482422,16489012
2012-12-20,150.85195922851562,170.85000610351562,171.75,170.0625,171.5,10260748
2012-12-21,149.21849060058594,169.0,170.5,168.5124969482422,170.25,11086244
2012-12-24,149.24057006835938,169.02499389648438,170.03750610351562,167.9499969482422,170.0,5482252
2012-12-26,150.16769409179688,170.0749969482422,171.21249389648438,168.27499389648438,169.52499389648438,5723216
2012-12-27,150.12355041503906,170.02499389648438,171.0,169.1750030517578,171.0,9858168
2012-12-28,149.5827178955078,169.41250610351562,170.75,168.53750610351562,170.27499389648438,7024264
2012-12-31,149.7924346923828,169.64999389648438,170.0,168.5,169.25,5107288
2013-01-01,151.09478759765625,171.125,171.27499389648438,169.91250610351562,170.52499389648438,4029212
2013-01-02,151.723876953125,171.83749389648438,172.5,170.7624969482422,172.47500610351562,9709596
2013-01-03,150.84095764160156,170.83749389648438,172.5,170.10000610351562,172.5,9142732
2013-01-04,149.95794677734375,169.83749389648438,171.25,168.1999969482422,171.25,10884508
2013-01-07,147.4967498779297,167.0500030517578,170.9250030517578,166.5,170.9250030517578,11004568
2013-01-08,147.94924926757812,167.5625,168.35000610351562,166.4250030517578,167.0,9885196
2013-01-09,147.34222412109375,166.875,168.1374969482422,166.5124969482422,168.0,12871964
2013-01-10,149.17434692382812,168.9499969482422,169.5,166.625,167.375,9130368
2013-01-11,147.7395477294922,167.3249969482422,169.22500610351562,166.6750030517578,169.22500610351562,10283428
2013-01-14,147.7395477294922,167.3249969482422,167.625,166.77499389648438,167.03750610351562,11389748
2013-01-15,147.51881408691406,167.0749969482422,168.8625030517578,166.25,167.6999969482422,8263376
2013-01-16,145.7970733642578,165.125,167.3000030517578,164.39999389648438,166.3874969482422,9150756
2013-01-17,147.1876983642578,166.6999969482422,167.71249389648438,163.5124969482422,164.4250030517578,12844144
2013-01-18,146.31578063964844,165.71249389648438,168.5,163.8249969482422,167.5,20224692
2013-01-21,145.36663818359375,164.6374969482422,165.85000610351562,163.6875,165.0,10854720
2013-01-22,144.3070831298828,163.4375,165.25,161.8874969482422,164.625,8486128
2013-01-23,144.9362030029297,164.14999389648438,165.75,163.58749389648438,164.25,7079740
2013-01-24,145.75289916992188,165.0749969482422,165.6875,163.8125,163.89999389648438,6147960
2013-01-25,146.8013916015625,166.2624969482422,166.75,163.8874969482422,165.0749969482422,5589732
2013-01-28,147.97132873535156,167.58749389648438,168.0,166.1125030517578,166.3125,7368020
2013-01-29,144.02012634277344,163.1125030517578,167.72500610351562,162.5,167.6875,11961748
2013-01-30,144.94725036621094,164.16250610351562,164.60000610351562,161.0,163.25,10039632
2013-01-31,141.9451904296875,160.7624969482422,164.47500610351562,160.02499389648438,164.14999389648438,13888384
2013-02-01,141.30506896972656,160.03750610351562,161.21249389648438,159.0500030517578,161.1999969482422,10484144
2013-02-04,142.7950439453125,161.72500610351562,162.375,160.0,160.28750610351562,10475800
2013-02-05,142.18801879882812,161.03750610351562,161.8000030517578,159.08749389648438,159.08749389648438,7460020
2013-02-06,141.1615753173828,159.875,161.72500610351562,159.3000030517578,161.64999389648438,9873588
2013-02-07,141.60305786132812,160.375,160.75,158.6374969482422,159.0749969482422,9082836
2013-02-08,143.49034118652344,162.5124969482422,163.35000610351562,160.125,160.125,18826656
2013-02-11,145.0134735107422,164.2375030517578,164.9875030517578,162.5,162.5,15167060
2013-02-12,146.83456420898438,166.3000030517578,166.75,163.91250610351562,163.91250610351562,15832836
2013-02-13,146.61378479003906,166.0500030517578,166.85000610351562,164.875,165.8249969482422,14508832
2013-02-14,148.95361328125,168.6999969482422,169.60000610351562,165.5,166.0,17684152
2013-02-15,149.384033203125,169.1875,170.1999969482422,167.0500030517578,167.9250030517578,12488780
2013-02-18,149.21849060058594,169.0,170.22500610351562,168.5,169.5,9469164
2013-02-19,148.95361328125,168.6999969482422,169.35000610351562,167.8874969482422,168.625,2374812
2013-02-20,149.42822265625,169.2375030517578,170.1999969482422,168.72500610351562,169.375,6861684
2013-02-21,147.06629943847656,166.5625,169.3625030517578,166.0124969482422,168.75,10871872
2013-02-22,145.53221130371094,164.8249969482422,166.60000610351562,164.3874969482422,165.5500030517578,7708384
2013-02-25,144.90309143066406,164.1125030517578,166.3000030517578,163.52499389648438,165.8125,7552944
2013-02-26,143.7552490234375,162.8125,165.75,161.35000610351562,163.6999969482422,11742640
2013-02-27,141.87896728515625,160.6875,163.5,160.22500610351562,163.0749969482422,12871336
2013-02-28,138.03811645507812,156.33749389648438,163.7375030517578,154.83749389648438,161.7375030517578,27887004
2013-03-01,137.40907287597656,155.625,157.39999389648438,154.0749969482422,156.25,17220728
2013-03-04,138.5458526611328,156.91250610351562,157.5749969482422,154.5,155.08749389648438,11969800
2013-03-05,139.71578979492188,158.2375030517578,158.6750030517578,155.78750610351562,157.72500610351562,10557580
2013-03-06,139.17494201660156,157.625,159.28750610351562,157.25,158.7375030517578,10933316
2013-03-07,141.6692657470703,160.4499969482422,160.7375030517578,156.78750610351562,157.08749389648438,5950984
2013-03-08,145.0906982421875,164.3249969482422,165.0,160.85000610351562,161.0500030517578,10596860
2013-03-11,144.63816833496094,163.8125,164.9250030517578,162.5625,164.3249969482422,8504584
2013-03-12,142.1549072265625,161.0,163.9250030517578,160.02499389648438,163.25,6895724
2013-03-13,140.14622497558594,158.72500610351562,161.47500610351562,158.0500030517578,160.2624969482422,7913372
2013-03-14,143.3137969970703,162.3125,163.375,153.83749389648438,158.72500610351562,31914436
2013-03-15,141.13951110839844,159.85000610351562,162.47500610351562,158.4499969482422,161.25,15439608
2013-03-18,142.00038146972656,160.8249969482422,163.5,157.5,158.25,17561924
2013-03-19,139.40670776367188,157.8874969482422,160.9499969482422,156.0,160.75,20028460
2013-03-20,138.0712432861328,156.375,158.3625030517578,155.25,158.0,11336436
2013-03-21,133.98760986328125,151.75,157.1999969482422,150.9375,155.66250610351562,14452588
2013-03-22,133.60133361816406,151.3125,153.64999389648438,150.64999389648438,152.25,29525900
2013-03-25,134.51739501953125,152.35000610351562,153.33749389648438,151.8874969482422,152.75,27198976
2013-03-26,135.64312744140625,153.625,154.375,150.6374969482422,151.5,13274404
2013-03-28,138.03811645507812,156.33749389648438,157.78750610351562,151.7375030517578,154.125,19496092
2013-04-01,137.70704650878906,155.96249389648438,157.25,155.25,156.16250610351562,6708772
2013-04-02,139.04254150390625,157.47500610351562,158.5749969482422,154.47500610351562,156.25,6857420
2013-04-03,137.6628875732422,155.91250610351562,157.91250610351562,154.875,157.0,6703616
2013-04-04,136.00738525390625,154.03750610351562,155.85000610351562,153.3625030517578,154.6999969482422,8181984
2013-04-05,137.06690979003906,155.2375030517578,156.60000610351562,153.35000610351562,153.7375030517578,12959920
2013-04-08,137.8394775390625,156.1125030517578,157.2375030517578,154.4375,154.7375030517578,8652128
2013-04-09,136.98965454101562,155.14999389648438,157.02499389648438,154.35000610351562,157.02499389648438,14760408
2013-04-10,139.5060272216797,158.0,158.41250610351562,154.7375030517578,156.6999969482422,15144504
2013-04-11,141.1063995361328,159.8125,160.5,157.97500610351562,158.125,25066068
2013-04-12,142.0886993408203,160.9250030517578,161.46249389648438,159.02499389648438,159.02499389648438,15206080
2013-04-15,141.6140899658203,160.3874969482422,160.8625030517578,158.75,160.52499389648438,15923768
2013-04-16,146.42617797851562,165.83749389648438,166.46249389648438,160.58749389648438,160.75,13740312
2013-04-17,145.7088165283203,165.02499389648438,167.96249389648438,164.1999969482422,166.25,14956948
2013-04-18,148.68875122070312,168.39999389648438,168.85000610351562,163.5,163.5,9223784
2013-04-22,154.14093017578125,174.5749969482422,175.5,168.6750030517578,168.6750030517578,19860152
2013-04-23,152.0880889892578,172.25,175.0,169.6999969482422,174.6999969482422,23863560
2013-04-25,152.20950317382812,172.3874969482422,173.75,170.0124969482422,173.08749389648438,25895124
2013-04-26,152.11016845703125,172.27499389648438,173.0625,170.75,171.91250610351562,8568744
2013-04-29,153.44564819335938,173.78750610351562,174.21249389648438,171.625,172.0625,11675432
2013-04-30,150.609130859375,170.5749969482422,173.9875030517578,169.1999969482422,173.5,12552272
2013-05-02,152.86065673828125,173.125,173.5,170.5749969482422,171.10000610351562,12303268
2013-05-03,150.31114196777344,170.2375030517578,173.5,169.66250610351562,173.14999389648438,12286584
2013-05-06,149.10813903808594,168.875,169.8249969482422,167.4875030517578,169.75,7673460
2013-05-07,151.87838745117188,172.0124969482422,172.47500610351562,168.125,169.0749969482422,11098464
2013-05-08,153.88711547851562,174.28750610351562,174.875,171.625,172.25,8653956
2013-05-09,152.31985473632812,172.5124969482422,174.875,172.0500030517578,174.7624969482422,4523360
2013-05-10,155.25567626953125,175.83749389648438,176.22500610351562,172.16250610351562,172.1750030517578,13913256
2013-05-13,152.9158477783203,173.1875,177.8625030517578,172.6999969482422,176.25,9593972
2013-05-14,152.09910583496094,172.2624969482422,173.72500610351562,171.27499389648438,172.5124969482422,6653676
2013-05-15,157.79415893554688,178.71249389648438,179.0,172.83749389648438,173.375,14173480
2013-05-16,159.54904174804688,180.6999969482422,181.0,177.75,178.0,11660616
2013-05-17,158.68814086914062,179.72500610351562,180.625,177.3000030517578,180.625,12819852
2013-05-20,157.71688842773438,178.625,181.0,178.03750610351562,179.875,5841608
2013-05-21,156.2379608154297,176.9499969482422,179.5,176.2624969482422,178.5,9206500
2013-05-22,155.27777099609375,175.8625030517578,178.0,174.5,176.875,5412112
2013-05-23,154.20716857910156,174.64999389648438,176.6125030517578,173.5749969482422,174.75,7905248
2013-05-24,154.81417846679688,175.33749389648438,176.4375,173.5749969482422,176.4375,8264240
2013-05-27,157.83828735351562,178.7624969482422,179.25,174.64999389648438,174.64999389648438,8995208
2013-05-28,157.45199584960938,178.3249969482422,180.1999969482422,176.6999969482422,178.5625,6707916
2013-05-29,158.0369873046875,178.9875030517578,179.6125030517578,175.96249389648438,177.5124969482422,4933492
2013-05-30,160.06776428222656,181.28750610351562,181.8249969482422,177.52499389648438,177.52499389648438,15357456
2013-05-31,154.6265869140625,175.125,180.1750030517578,174.4250030517578,179.3125,12332896
2013-06-03,152.12123107910156,172.28750610351562,175.35000610351562,171.6374969482422,174.5,7890124
2013-06-04,150.7747039794922,170.7624969482422,173.4499969482422,170.25,171.8249969482422,5616324
2013-06-05,151.85630798339844,171.9875030517578,173.60000610351562,169.625,170.5,7563676
2013-06-06,150.5870819091797,170.5500030517578,172.35000610351562,169.5,170.875,7116412
2013-06-07,149.2516326904297,169.03750610351562,173.35000610351562,168.3000030517578,170.4375,9556224
2013-06-10,149.29576110839844,169.08749389648438,171.75,167.875,170.2624969482422,6368012
2013-06-11,146.76832580566406,166.22500610351562,170.22500610351562,165.5500030517578,168.3625030517578,11820860
2013-06-12,146.5586395263672,165.9875030517578,168.35000610351562,164.6125030517578,165.5,9815652
2013-06-13,145.81298828125,163.77499389648438,165.25,163.33749389648438,164.39999389648438,7149736
2013-06-14,148.02761840820312,166.2624969482422,167.1125030517578,164.8249969482422,165.5,14965212
2013-06-17,148.53956604003906,166.83749389648438,167.3000030517578,164.33749389648438,166.39999389648438,13070908
2013-06-18,146.33602905273438,164.3625030517578,167.0,163.75,167.0,12446568
2013-06-19,148.06106567382812,166.3000030517578,166.64999389648438,163.21249389648438,164.02499389648438,9646956
2013-06-20,141.69522094726562,159.14999389648438,164.71249389648438,158.64999389648438,164.71249389648438,15138044
2013-06-21,141.39474487304688,158.8125,160.6374969482422,157.52499389648438,159.1999969482422,17899844
2013-06-24,139.19114685058594,156.33749389648438,158.46249389648438,155.9375,157.9499969482422,10768052
2013-06-25,141.1165008544922,158.5,161.60000610351562,155.60000610351562,156.5,18686432
2013-06-26,138.63470458984375,155.71249389648438,159.41250610351562,155.0,157.875,10476020
2013-06-27,143.8987579345703,161.625,163.1750030517578,155.58749389648438,158.5,27003560
2013-06-28,149.01815795898438,167.375,168.3000030517578,162.27499389648438,162.375,21082680
2013-07-01,148.85118103027344,167.1875,168.5,166.16250610351562,167.25,9838684
2013-07-02,146.13572692871094,164.1374969482422,167.1875,163.5749969482422,167.1750030517578,9183152
2013-07-03,144.82249450683594,162.66250610351562,163.6750030517578,160.89999389648438,163.5,13386260
2013-07-04,145.82411193847656,163.78750610351562,164.3625030517578,161.4250030517578,163.4499969482422,9591060
2013-07-05,148.6286163330078,166.9375,168.1875,164.625,165.02499389648438,9543496
2013-07-08,147.00376892089844,165.1125030517578,166.8625030517578,163.1875,166.0,7169296
2013-07-09,149.1962127685547,167.5749969482422,168.4375,165.5500030517578,165.5500030517578,7040192
2013-07-10,146.74783325195312,164.8249969482422,167.97500610351562,164.03750610351562,167.5625,7138580
2013-07-11,152.0786590576172,170.8125,171.6750030517578,166.5124969482422,166.75,10599568
2013-07-12,154.8608856201172,173.9375,174.4250030517578,170.4499969482422,171.75,15634852
2013-07-15,154.79409790039062,173.8625030517578,174.5124969482422,171.0,172.75,8511888
2013-07-16,151.0658721923828,169.6750030517578,171.125,167.4875030517578,169.75,11647384
2013-07-17,147.54908752441406,165.72500610351562,170.1999969482422,161.97500610351562,169.4499969482422,22633988
2013-07-18,152.26783752441406,171.02499389648438,172.125,164.2375030517578,167.47500610351562,13663880
2013-07-19,151.35523986816406,170.0,172.9875030517578,168.28750610351562,172.0124969482422,12458420
2013-07-22,151.8115234375,170.5124969482422,171.75,169.0,169.0,6460432
2013-07-23,152.15650939941406,170.89999389648438,172.5,170.2624969482422,171.97500610351562,7414784
2013-07-24,146.8925018310547,164.9875030517578,169.0,163.375,168.5,14628748
2013-07-25,145.5347442626953,163.46249389648438,166.5,162.53750610351562,165.16250610351562,16267256
2013-07-26,143.36459350585938,161.02499389648438,164.0625,159.5,164.0,9356492
2013-07-29,140.7826690673828,158.125,160.75,157.41250610351562,160.75,14922224
2013-07-30,139.19114685058594,156.33749389648438,158.75,155.02499389648438,157.6875,14691084
2013-07-31,135.7189178466797,152.4375,155.4499969482422,151.72500610351562,155.25,26824520
2013-08-01,140.71585083007812,158.0500030517578,159.4499969482422,153.10000610351562,153.47500610351562,23446608
2013-08-02,140.50437927246094,157.8125,158.6999969482422,156.71249389648438,157.5,20015848
2013-08-05,140.82716369628906,158.1750030517578,158.8625030517578,153.75,157.8874969482422,13598372
2013-08-06,135.4740753173828,152.16250610351562,157.83749389648438,151.625,157.75,19645180
2013-08-07,133.8158416748047,150.3000030517578,153.58749389648438,150.0,152.4875030517578,22756456
2013-08-08,135.88584899902344,152.625,154.375,150.0,151.0,20461448
2013-08-12,134.0384063720703,150.5500030517578,152.6999969482422,149.66250610351562,152.5124969482422,15700868
2013-08-13,138.11166381835938,155.125,156.1999969482422,149.53750610351562,150.96249389648438,14702392
2013-08-14,138.30088806152344,155.33749389648438,155.91250610351562,152.16250610351562,155.5,14303708
2013-08-16,130.8555145263672,146.97500610351562,155.5,146.22500610351562,153.5,28059568
2013-08-19,130.1432647705078,146.1750030517578,147.14999389648438,142.5749969482422,146.75,20018440
2013-08-20,130.1543426513672,146.1875,147.47500610351562,141.625,143.7375030517578,25726984
2013-08-21,132.0685577392578,148.33749389648438,154.83749389648438,147.5,151.5,28908596
2013-08-22,131.03355407714844,147.1750030517578,150.9250030517578,142.5,147.25,30250692
2013-08-23,135.2292022705078,151.8874969482422,152.28750610351562,147.0749969482422,148.0,20698444
2013-08-26,136.0638885498047,152.8249969482422,155.6999969482422,150.6374969482422,153.08749389648438,14607608
2013-08-27,125.0683822631836,140.47500610351562,150.0,138.8625030517578,149.3249969482422,54708372
2013-08-28,125.07953643798828,140.4875030517578,143.0,132.0,138.9250030517578,37067552
2013-08-29,127.32757568359375,143.0124969482422,145.625,142.0,142.0,40771004
2013-08-30,132.21327209472656,148.5,150.0,142.66250610351562,142.75,36616916
2013-09-02,131.21163940429688,147.375,151.08749389648438,145.625,149.5,19515716
2013-09-03,125.21305847167969,140.6374969482422,149.22500610351562,139.2624969482422,149.22500610351562,18140008
2013-09-04,125.54695129394531,141.0124969482422,144.21249389648438,139.78750610351562,141.8625030517578,20941800
2013-09-05,135.66326904296875,152.375,155.72500610351562,146.0,146.0,33246248
2013-09-06,137.15455627441406,154.0500030517578,155.0,146.6875,152.75,18997216
2013-09-10,142.00682067871094,159.5,160.25,154.60000610351562,155.1374969482422,20298836
2013-09-11,144.06570434570312,161.8125,162.5,156.3874969482422,158.25,12690392
2013-09-12,141.10536193847656,158.4875030517578,161.5,156.89999389648438,160.625,17676536
2013-09-13,140.04811096191406,157.3000030517578,158.625,155.25,158.1125030517578,15503120
2013-09-16,143.0751953125,160.6999969482422,162.22500610351562,157.25,159.375,12139216
2013-09-17,142.95278930664062,160.5625,161.25,158.39999389648438,159.5,8432088
2013-09-18,144.7891082763672,162.625,163.72500610351562,157.78750610351562,160.89999389648438,10989616
2013-09-19,152.0675048828125,170.8000030517578,172.47500610351562,169.0749969482422,170.0,29280904
2013-09-20,146.69216918945312,164.7624969482422,171.6125030517578,158.8125,170.625,24726152
2013-09-23,142.8860321044922,160.4875030517578,163.08749389648438,158.27499389648438,162.75,13985240
2013-09-24,142.10696411132812,159.6125030517578,161.08749389648438,157.4875030517578,158.2624969482422,18175188
2013-09-25,138.1339111328125,155.14999389648438,160.4250030517578,153.3000030517578,159.5,20980920
2013-09-26,138.25634765625,155.28750610351562,156.5,154.5,155.33749389648438,22582440
2013-09-27,135.5297393798828,152.22500610351562,156.0,151.25,155.5,16408692
2013-09-30,132.00180053710938,148.2624969482422,153.21249389648438,146.9250030517578,151.5,17062428
2013-10-01,136.14183044433594,152.91250610351562,153.60000610351562,147.33749389648438,149.6999969482422,12997108
2013-10-03,141.606201171875,159.0500030517578,159.75,152.5,153.8249969482422,9772912
2013-10-04,142.5521697998047,160.1125030517578,161.85000610351562,158.75,158.875,13628376
2013-10-07,141.18328857421875,158.5749969482422,159.53750610351562,154.5625,159.125,9922000
2013-10-08,140.81600952148438,158.16250610351562,163.6374969482422,156.4499969482422,162.625,11768148
2013-10-09,144.48858642578125,162.28750610351562,162.72500610351562,155.75,156.3000030517578,8668760
2013-10-10,142.68569946289062,160.2624969482422,162.25,158.33749389648438,162.25,8345284
2013-10-11,147.19297790527344,165.3249969482422,165.9375,159.83749389648438,161.8249969482422,13390264
2013-10-14,148.5729522705078,166.875,167.3249969482422,162.16250610351562,164.3874969482422,12375720
2013-10-15,145.22311401367188,163.1125030517578,168.75,161.64999389648438,168.25,16143324
2013-10-17,145.61265563964844,163.5500030517578,164.9875030517578,160.6374969482422,163.25,14551588
2013-10-18,150.5984649658203,169.14999389648438,169.8874969482422,163.8125,163.8125,21281184
2013-10-21,149.4076385498047,167.8125,169.6999969482422,165.6374969482422,168.5,11225424
2013-10-22,148.90687561035156,167.25,168.4875030517578,166.3000030517578,167.75,8758096
2013-10-23,146.9481201171875,165.0500030517578,167.25,163.4499969482422,167.25,13544956
2013-10-24,148.97360229492188,167.3249969482422,168.9375,164.0500030517578,164.0500030517578,12321928
2013-10-25,149.697021484375,168.1374969482422,168.7375030517578,165.78750610351562,166.3125,8946872
2013-10-28,148.66201782226562,166.97500610351562,168.75,166.35000610351562,168.25,8382088
2013-10-29,152.80201721191406,171.625,172.25,163.8874969482422,167.0,15222916
2013-10-30,151.2105255126953,169.83749389648438,171.875,168.9375,171.5,10188672
2013-10-31,151.53329467773438,170.1999969482422,171.2624969482422,168.35000610351562,169.0500030517578,18195556
2013-11-01,152.2010498046875,170.9499969482422,172.0,169.5500030517578,170.39999389648438,15642444
2013-11-05,150.52052307128906,169.0625,171.25,168.25,170.1125030517578,14258472
2013-11-06,148.8845977783203,167.22500610351562,169.8000030517578,166.3125,169.72500610351562,4610652
2013-11-07,148.10556030273438,166.35000610351562,169.375,164.22500610351562,167.5,7789140
2013-11-08,145.2342529296875,163.125,166.91250610351562,161.16250610351562,165.85000610351562,13480760
2013-11-11,145.623779296875,163.5625,165.1750030517578,154.1750030517578,161.0,11216304
2013-11-12,143.77635192871094,161.4875030517578,165.7624969482422,160.83749389648438,163.1374969482422,8980320
2013-11-13,141.0497283935547,158.4250030517578,161.8625030517578,157.08749389648438,159.75,10561084
2013-11-14,142.941650390625,160.5500030517578,162.47500610351562,159.5,159.5,12626860
2013-11-18,148.86233520507812,167.1999969482422,167.5,162.2624969482422,162.85000610351562,14873920
2013-11-19,146.91476440429688,165.0124969482422,167.10000610351562,164.3625030517578,167.10000610351562,6789036
2013-11-20,144.57765197753906,162.3874969482422,164.75,161.60000610351562,164.1750030517578,8370096
2013-11-21,141.92892456054688,159.41250610351562,161.39999389648438,158.78750610351562,161.1374969482422,12787656
2013-11-22,142.93055725097656,160.53750610351562,161.72500610351562,158.77499389648438,160.625,7492384
2013-11-25,146.8479766845703,164.9375,165.4375,162.0124969482422,162.0124969482422,16150540
2013-11-26,145.33441162109375,163.2375030517578,164.97500610351562,162.10000610351562,164.4250030517578,14478516
2013-11-27,145.4679718017578,163.3874969482422,164.6875,161.02499389648438,162.77499389648438,8593012
2013-11-28,145.43458557128906,163.35000610351562,165.75,162.0124969482422,163.89999389648438,14773732
2013-11-29,147.19297790527344,165.3249969482422,167.22500610351562,163.75,163.75,9571080
2013-12-02,147.19297790527344,165.3249969482422,166.25,164.5124969482422,165.5,6858612
2013-12-03,145.9576416015625,163.9375,165.5500030517578,163.16250610351562,165.0,10288280
2013-12-04,146.36941528320312,164.39999389648438,164.8874969482422,163.3625030517578,163.72500610351562,10476608
2013-12-05,153.15814208984375,172.02499389648438,172.47500610351562,167.8874969482422,167.8874969482422,32019992
2013-12-06,151.9562225341797,170.6750030517578,172.39999389648438,169.5625,171.22500610351562,16069232
2013-12-09,155.0612030029297,174.16250610351562,179.35000610351562,173.1374969482422,177.5,25265628
2013-12-10,155.0723419189453,174.1750030517578,175.46249389648438,172.5,173.08749389648438,25064880
2013-12-11,154.8163604736328,173.8874969482422,175.4499969482422,171.72500610351562,172.52499389648438,12289776
2013-12-12,154.7384796142578,173.8000030517578,175.1374969482422,172.625,173.3000030517578,12867696
2013-12-13,153.56993103027344,172.4875030517578,175.5,171.25,171.9499969482422,25316080
2013-12-16,152.32345581054688,171.08749389648438,172.72500610351562,170.3000030517578,172.0,21432244
2013-12-17,146.36941528320312,164.39999389648438,168.91250610351562,163.5124969482422,168.91250610351562,17942644
2013-12-18,148.29473876953125,166.5625,170.16250610351562,162.3874969482422,162.625,14087316
2013-12-19,145.24537658691406,163.1374969482422,170.9875030517578,162.60000610351562,169.75,10019516
2013-12-20,147.92747497558594,166.14999389648438,167.14999389648438,162.52499389648438,164.4499969482422,5722468
2013-12-23,147.89410400390625,166.1125030517578,167.875,164.25,164.5,5531232
2013-12-24,146.30264282226562,164.3249969482422,166.625,163.7624969482422,166.3874969482422,3554696
2013-12-26,148.91796875,167.2624969482422,168.0500030517578,164.22500610351562,164.96249389648438,8046760
2013-12-27,149.05152893066406,167.41250610351562,168.8625030517578,166.02499389648438,166.02499389648438,5464012
2013-12-30,149.01815795898438,167.375,169.25,166.28750610351562,169.1999969482422,4227604
2013-12-31,148.20570373535156,166.46249389648438,168.0749969482422,165.02499389648438,168.02499389648438,5261312
2014-01-01,148.04994201660156,166.28750610351562,167.4499969482422,165.75,167.0,4492436
2014-01-02,146.23585510253906,164.25,168.6875,163.3874969482422,166.25,7228992
2014-01-03,147.59361267089844,165.77499389648438,166.5,162.5,163.0,6513184
2014-01-06,147.28199768066406,165.4250030517578,165.75,164.25,165.75,5963420
2014-01-07,147.8829803466797,166.10000610351562,167.7375030517578,163.3249969482422,166.77499389648438,7896920
2014-01-08,147.9497528076172,166.1750030517578,166.7375030517578,165.0,166.3000030517578,4649480
2014-01-09,147.5602264404297,165.7375030517578,166.5124969482422,164.27499389648438,165.8000030517578,3777472
2014-01-10,147.3599090576172,165.5124969482422,168.6750030517578,164.0749969482422,165.7375030517578,6150508
2014-01-13,149.76376342773438,168.21249389648438,169.2375030517578,164.22500610351562,165.02499389648438,4752580
2014-01-14,149.641357421875,168.0749969482422,169.0,167.0749969482422,167.2624969482422,3577120
2014-01-15,151.4776611328125,170.1374969482422,170.6750030517578,167.39999389648438,168.25,4627840
2014-01-16,149.80828857421875,168.2624969482422,171.25,167.58749389648438,171.10000610351562,4501176
2014-01-17,148.01651000976562,166.25,168.75,164.7624969482422,168.75,43374856
2014-01-20,149.1405487060547,167.5124969482422,169.1750030517578,166.60000610351562,167.02499389648438,5600368
2014-01-21,150.48715209960938,169.02499389648438,169.6999969482422,167.5,168.2375030517578,6251924
2014-01-22,150.70973205566406,169.27499389648438,171.1750030517578,168.66250610351562,168.875,7033336
2014-01-23,151.2439422607422,169.875,170.27499389648438,168.1875,168.75,5482740
2014-01-24,149.8861846923828,168.35000610351562,168.7375030517578,165.9250030517578,167.5,8842900
2014-01-27,144.49974060058594,162.3000030517578,166.22500610351562,161.39999389648438,166.22500610351562,17060448
2014-01-28,143.4424591064453,161.1125030517578,164.0,159.64999389648438,162.0,18395424
2014-01-29,143.66505432128906,161.3625030517578,162.72500610351562,160.1374969482422,161.875,10970924
2014-01-30,140.62681579589844,157.9499969482422,159.97500610351562,156.91250610351562,159.375,11425460
2014-01-31,139.89231872558594,157.125,159.0749969482422,156.27499389648438,157.5,9620984
2014-02-03,139.4471435546875,156.625,158.5,156.27499389648438,157.4875030517578,4776820
2014-02-04,140.3596954345703,157.64999389648438,158.875,154.1999969482422,155.41250610351562,7409304
2014-02-05,141.88441467285156,159.3625030517578,159.9499969482422,156.27499389648438,157.75,6905384
2014-02-06,144.0100555419922,161.75,162.39999389648438,157.375,159.6875,13466944
2014-02-07,144.17698669433594,161.9375,163.625,160.52499389648438,163.10000610351562,4029468
2014-02-10,143.32003784179688,160.97500610351562,162.53750610351562,159.0,161.91250610351562,6280820
2014-02-11,143.52037048339844,161.1999969482422,161.78750610351562,159.8249969482422,161.5,4464856
2014-02-12,143.66505432128906,161.3625030517578,163.1999969482422,160.91250610351562,161.64999389648438,6436960
2014-02-13,140.7826690673828,158.125,162.0,157.8125,161.5,3155200
2014-02-14,142.8526153564453,160.4499969482422,160.96249389648438,157.33749389648438,158.5,4249112
2014-02-17,144.76683044433594,162.60000610351562,163.0,160.27499389648438,160.5,3650120
2014-02-18,146.9926300048828,165.10000610351562,166.10000610351562,161.85000610351562,162.125,5019672
2014-02-19,149.1405487060547,167.5124969482422,168.0625,163.75,164.0500030517578,4060948
2014-02-20,147.51571655273438,165.6875,166.8625030517578,165.21249389648438,166.4499969482422,3448436
2014-02-21,147.8829803466797,166.10000610351562,167.39999389648438,164.9250030517578,164.96249389648438,3043872
2014-02-24,149.35198974609375,167.75,168.25,163.9375,165.52499389648438,5018984
2014-02-25,149.374267578125,167.77499389648438,169.0,166.5,168.5,4020560
2014-02-26,150.77651977539062,169.35000610351562,169.8000030517578,167.1374969482422,167.5,4551340
2014-02-28,149.0403594970703,167.39999389648438,170.72500610351562,166.28750610351562,170.5,4903584
2014-03-03,148.28363037109375,166.5500030517578,168.0,165.8000030517578,166.3000030517578,3678432
2014-03-04,149.50782775878906,167.9250030517578,168.46249389648438,166.0625,166.5,6443868
2014-03-05,149.0738067626953,167.4375,168.75,165.625,168.375,4006984
2014-03-06,150.37586975097656,168.89999389648438,169.4250030517578,167.02499389648438,168.25,4948680
2014-03-07,158.3554229736328,177.8625030517578,178.72500610351562,169.0500030517578,169.89999389648438,22767568
2014-03-10,163.4748077392578,183.6125030517578,184.22500610351562,175.0,176.625,26123852
2014-03-11,161.40480041503906,181.28750610351562,185.0,179.8874969482422,183.625,13000472
2014-03-12,161.49383544921875,181.3874969482422,183.25,179.125,180.3125,7110216
2014-03-13,165.23316955566406,185.58749389648438,187.375,181.875,181.875,11448452
2014-03-14,162.96286010742188,183.03750610351562,184.97500610351562,181.0,183.75,12208480
2014-03-18,163.37460327148438,183.5,186.1999969482422,182.0749969482422,183.85000610351562,8102724
2014-03-19,164.3651123046875,184.6125030517578,185.8249969482422,183.9375,185.0,6055136
2014-03-20,162.52880859375,182.5500030517578,184.6125030517578,182.0,184.6125030517578,5195084
2014-03-21,163.3412322998047,183.46249389648438,184.375,182.8000030517578,183.78750610351562,7525592
2014-03-24,167.0806121826172,187.66250610351562,188.22500610351562,183.5,183.625,11713860
2014-03-25,166.96932983398438,187.53750610351562,190.1374969482422,186.9375,187.5,8031092
2014-03-26,166.05674743652344,186.5124969482422,189.0749969482422,186.02499389648438,188.1999969482422,9409312
2014-03-27,166.2125244140625,186.6875,190.1875,185.5,187.5,24554932
2014-03-28,165.81190490722656,186.2375030517578,188.52499389648438,183.7624969482422,187.4875030517578,12160900
2014-03-31,166.6688232421875,187.1999969482422,188.25,185.77499389648438,186.9875030517578,8262428
2014-04-01,164.28720092773438,184.52499389648438,188.3874969482422,183.1374969482422,187.875,8051832
2014-04-02,162.90721130371094,182.97500610351562,186.5,180.47500610351562,186.2375030517578,10398752
2014-04-03,162.21722412109375,182.1999969482422,184.5,181.5625,184.0,5559704
2014-04-04,161.4715576171875,181.3625030517578,183.25,180.0124969482422,181.3874969482422,7422408
2014-04-07,161.44927978515625,181.33749389648438,183.0,180.77499389648438,181.25,11733156
2014-04-09,165.12191772460938,185.46249389648438,186.22500610351562,180.4375,182.0124969482422,10520384
2014-04-10,164.57656860351562,184.85000610351562,187.16250610351562,184.0,186.16250610351562,7494792
2014-04-11,164.29832458496094,184.53750610351562,186.1999969482422,183.47500610351562,183.5124969482422,5207952
2014-04-15,161.13768005371094,180.9875030517578,184.6999969482422,179.52499389648438,183.5749969482422,8371868
2014-04-16,161.58287048339844,181.4875030517578,182.9499969482422,180.27499389648438,180.8000030517578,3572392
2014-04-17,159.96913146972656,179.6750030517578,180.3249969482422,176.8249969482422,179.0625,12302328
2014-04-21,159.4683074951172,179.1125030517578,181.625,178.25,180.6750030517578,6987752
2014-04-22,161.93898010253906,181.8874969482422,182.39999389648438,179.35000610351562,180.47500610351562,11395824
2014-04-23,163.1520538330078,183.25,184.8625030517578,180.64999389648438,181.22500610351562,21025344
2014-04-24,163.1520538330078,183.25,183.25,183.25,183.25,0
2014-04-25,161.6829833984375,181.60000610351562,184.5,181.25,183.28750610351562,6212444
2014-04-28,161.4158935546875,181.3000030517578,182.3125,180.1374969482422,180.5625,4882860
2014-04-29,159.32362365722656,178.9499969482422,181.875,178.125,181.60000610351562,6641236
2014-04-30,160.54783630371094,180.3249969482422,182.47500610351562,177.91250610351562,179.0,8786920
2014-05-02,159.61300659179688,179.27499389648438,181.8874969482422,178.8874969482422,180.875,5915292
2014-05-05,159.52398681640625,179.1750030517578,180.77499389648438,178.5,179.96249389648438,5192324
2014-05-06,160.30299377441406,180.0500030517578,181.14999389648438,178.52499389648438,180.0500030517578,6184560
2014-05-07,159.27911376953125,178.89999389648438,181.75,177.8625030517578,179.625,6598624
2014-05-08,159.88009643554688,179.5749969482422,180.75,178.875,179.28750610351562,7520428
2014-05-09,168.44947814941406,189.1999969482422,190.0,180.0,180.0,16376444
2014-05-12,176.3177490234375,198.03750610351562,198.71249389648438,188.625,188.77499389648438,17561360
2014-05-13,175.42739868164062,197.03750610351562,200.0,195.625,200.0,12665216
2014-05-14,172.60061645507812,193.8625030517578,198.6999969482422,193.5625,196.25,8501500
2014-05-15,175.47190856933594,197.08749389648438,197.78750610351562,191.5124969482422,192.25,9466188
2014-05-16,179.11111450195312,201.1750030517578,213.5,196.91250610351562,200.0,32868368
2014-05-19,180.71372985839844,202.97500610351562,208.75,202.0,203.97500610351562,10522804
2014-05-20,181.63739013671875,204.0124969482422,205.39999389648438,201.08749389648438,204.0,6357032
2014-05-21,180.17947387695312,202.375,203.625,201.25,203.08749389648438,3642388
2014-05-22,178.64370727539062,200.64999389648438,203.75,199.5,203.0,7806456
2014-05-23,175.76126098632812,197.41250610351562,200.75,195.6750030517578,199.75,9818936
2014-05-26,177.43060302734375,199.28750610351562,201.0124969482422,197.5,199.75,17395232
2014-05-27,179.1556396484375,201.22500610351562,202.66250610351562,197.08749389648438,200.0,7619524
2014-05-28,183.28453063964844,205.8625030517578,206.6875,199.875,199.97500610351562,14355564
2014-05-29,180.346435546875,202.5625,207.6875,201.85000610351562,205.64999389648438,13684008
2014-05-30,176.45126342773438,198.1875,205.6999969482422,182.5,203.75,32807544
2014-06-02,182.38304138183594,204.85000610351562,205.58749389648438,198.375,198.375,8083132
2014-06-03,183.48484802246094,206.08749389648438,206.96249389648438,203.5,205.75,3624148
2014-06-04,181.78208923339844,204.1750030517578,207.4250030517578,203.77499389648438,205.60000610351562,2864340
2014-06-05,180.7944793701172,201.3625030517578,203.85000610351562,200.25,202.9499969482422,7674472
2014-06-06,182.99423217773438,203.8125,205.25,200.25,203.25,10565276
2014-06-09,183.9369354248047,204.8625030517578,207.5,203.75,205.47500610351562,9339920
2014-06-10,183.3084716796875,204.16250610351562,205.89999389648438,202.5,205.28750610351562,4999344
2014-06-11,184.17263793945312,205.125,207.46249389648438,202.5,204.25,7743772
2014-06-12,188.51597595214844,209.96249389648438,211.2375030517578,203.21249389648438,206.125,12732048
2014-06-13,187.5171356201172,208.85000610351562,214.0,207.91250610351562,211.0,12212884
2014-06-16,188.32521057128906,209.75,210.6999969482422,207.5749969482422,207.75,5309880
2014-06-17,190.01991271972656,211.6374969482422,212.1999969482422,206.83749389648438,209.0,6988120
2014-06-18,187.3936767578125,208.71249389648438,212.85000610351562,207.1875,211.77499389648438,5374628
2014-06-19,185.35105895996094,206.4375,209.9875030517578,205.5500030517578,209.27499389648438,4720996
2014-06-20,184.49810791015625,205.4875030517578,207.9375,204.83749389648438,206.5,2969768
2014-06-23,184.38587951660156,205.3625030517578,206.6374969482422,203.8249969482422,206.0,5840844
2014-06-24,186.08056640625,207.25,208.1875,206.25,206.33749389648438,5066224
2014-06-25,184.98068237304688,206.02499389648438,208.3000030517578,205.75,207.25,6330624
2014-06-26,182.35446166992188,203.10000610351562,206.64999389648438,202.16250610351562,205.0,21808264
2014-06-27,183.2074432373047,204.0500030517578,205.5,203.5,204.46249389648438,5142960
2014-06-30,184.4083251953125,205.3874969482422,208.1750030517578,204.97500610351562,204.97500610351562,6176100
2014-07-01,184.80111694335938,205.8249969482422,206.9875030517578,203.75,205.75,7641372
2014-07-02,188.52725219726562,209.97500610351562,210.5,206.375,207.6999969482422,7626724
2014-07-03,187.83139038085938,209.1999969482422,211.3249969482422,207.83749389648438,210.25,6062740
2014-07-04,192.28697204589844,214.16250610351562,214.7375030517578,208.77499389648438,209.1999969482422,5631988
2014-07-07,188.65069580078125,210.1125030517578,215.1750030517578,208.96249389648438,214.97500610351562,8131968
2014-07-08,186.13668823242188,207.3125,212.08749389648438,205.0,211.0,6732272
2014-07-09,186.37237548828125,207.5749969482422,208.71249389648438,204.5,207.0,5795552
2014-07-10,184.81234741210938,205.83749389648438,212.0,203.0625,207.5749969482422,9857544
2014-07-11,182.2197723388672,202.9499969482422,207.8625030517578,202.1999969482422,205.27499389648438,9198780
2014-07-14,183.4879913330078,204.3625030517578,205.0,201.78750610351562,203.75,4921608
2014-07-15,185.5867156982422,206.6999969482422,207.1999969482422,204.125,205.1875,6092036
2014-07-16,187.595703125,208.9375,209.625,204.47500610351562,207.375,9589300
2014-07-17,186.70907592773438,207.9499969482422,209.75,207.375,209.6750030517578,5039100
2014-07-18,186.85498046875,208.1125030517578,209.1999969482422,205.5,207.22500610351562,7288432
2014-07-21,185.73265075683594,206.8625030517578,211.7375030517578,206.3125,210.4250030517578,9813656
2014-07-22,188.51597595214844,209.96249389648438,210.66250610351562,206.75,207.47500610351562,6970352
2014-07-23,187.71914672851562,209.0749969482422,211.25,208.75,210.77499389648438,7849852
2014-07-24,189.05470275878906,210.5625,211.0,208.25,209.0,4278600
2014-07-25,187.53958129882812,208.875,212.4499969482422,208.53750610351562,210.25,10665952
2014-07-28,186.20399475097656,207.3874969482422,209.9499969482422,207.0,209.625,3884952
2014-07-30,188.2803192138672,209.6999969482422,210.47500610351562,206.71249389648438,207.75,4685380
2014-07-31,187.20289611816406,208.5,209.97500610351562,207.1374969482422,209.47500610351562,11901344
2014-08-01,183.03907775878906,203.8625030517578,206.9499969482422,203.0,206.5124969482422,6828460
2014-08-04,182.48915100097656,203.25,205.6750030517578,201.77499389648438,204.75,7363044
2014-08-05,184.10528564453125,205.0500030517578,205.75,202.47500610351562,204.25,6077104
2014-08-06,181.8157501220703,202.5,204.8874969482422,201.83749389648438,203.7624969482422,3381400
2014-08-07,182.15245056152344,202.875,204.625,202.5,203.22500610351562,3933740
2014-08-08,178.7069549560547,199.03750610351562,201.9499969482422,198.75,201.25,7450680
2014-08-11,177.9886474609375,198.2375030517578,200.71249389648438,197.85000610351562,200.25,5626224
2014-08-12,181.187255859375,201.8000030517578,202.125,198.0,200.25,6603072
2014-08-13,182.35446166992188,203.10000610351562,203.9375,200.66250610351562,202.5,7839820
2014-08-14,185.5643310546875,206.6750030517578,207.91250610351562,203.3249969482422,203.52499389648438,11873224
2014-08-18,186.83253479003906,208.08749389648438,208.625,205.89999389648438,207.5,6702168
2014-08-19,184.92454528808594,205.96249389648438,209.375,205.5625,208.25,7892856
2014-08-20,184.183837890625,205.1374969482422,208.64999389648438,204.75,207.25,9434852
2014-08-21,186.86618041992188,208.125,208.8000030517578,205.25,205.5,6390480
2014-08-22,190.0648193359375,211.6875,212.1875,207.0124969482422,208.58749389648438,10015288
2014-08-25,189.3240509033203,210.8625030517578,213.1999969482422,209.3000030517578,210.75,6656064
2014-08-26,189.11083984375,210.625,212.125,209.52499389648438,211.125,4165256
2014-08-27,187.7864990234375,209.14999389648438,211.5,208.5,211.5,4852968
2014-08-28,189.3465118408203,210.8874969482422,211.375,208.5,209.375,7991452
2014-09-01,188.8190460205078,210.3000030517578,212.25,209.64999389648438,211.47500610351562,4154656
2014-09-02,192.85940551757812,214.8000030517578,215.27499389648438,209.66250610351562,210.77499389648438,11442252
2014-09-03,192.28697204589844,214.16250610351562,216.25,212.89999389648438,216.25,9234780
2014-09-04,191.20956420898438,212.96249389648438,214.75,212.125,214.5124969482422,6406968
2014-09-05,190.44639587402344,212.1125030517578,213.8874969482422,211.02499389648438,213.0,3835208
2014-09-08,194.10513305664062,216.1875,216.9499969482422,212.3625030517578,212.75,9788344
2014-09-09,194.2959747314453,216.39999389648438,217.47500610351562,214.4499969482422,215.02499389648438,7661044
2014-09-10,192.43287658691406,214.3249969482422,216.25,213.52499389648438,216.25,4314252
2014-09-11,191.77073669433594,213.58749389648438,215.77499389648438,213.25,214.35000610351562,6532864
2014-09-12,192.07376098632812,213.9250030517578,214.5,212.2375030517578,212.52499389648438,6086556
2014-09-15,193.1175079345703,215.08749389648438,216.25,212.5,212.5,5809088
2014-09-16,191.0187530517578,212.75,215.5124969482422,212.0,215.25,5076268
2014-09-17,189.98623657226562,211.60000610351562,213.97500610351562,210.52499389648438,213.75,7905896
2014-09-18,192.62368774414062,214.53750610351562,215.25,210.5625,211.1875,6652568
2014-09-19,193.09506225585938,215.0625,216.25,212.85000610351562,215.0,6542108
2014-09-22,192.3318634033203,214.21249389648438,214.625,212.75,214.2375030517578,6534316
2014-09-23,190.53616333007812,212.21249389648438,214.46249389648438,211.39999389648438,214.0124969482422,4716976
2014-09-24,192.01763916015625,213.8625030517578,214.3249969482422,211.2624969482422,211.77499389648438,6665496
2014-09-25,190.7830810546875,212.4875030517578,216.39999389648438,210.52499389648438,213.25,16595960
2014-09-26,195.65399169921875,217.91250610351562,219.75,211.25,212.4875030517578,9882252
2014-09-29,194.18370056152344,216.27499389648438,219.33749389648438,215.3000030517578,218.25,8682268
2014-09-30,195.87841796875,218.16250610351562,219.9499969482422,215.28750610351562,216.0500030517578,12035432
2014-10-01,194.83468627929688,217.0,217.78750610351562,215.125,216.5,5870188
2014-10-07,193.58889770507812,215.6125030517578,216.75,213.52499389648438,216.25,5026288
2014-10-08,194.744873046875,216.89999389648438,217.5,214.5749969482422,215.1374969482422,3140384
2014-10-09,199.23416137695312,221.89999389648438,223.2375030517578,217.0625,218.5,7650420
2014-10-10,194.67752075195312,216.8249969482422,221.28750610351562,216.22500610351562,220.7624969482422,4266980
2014-10-13,196.80996704101562,219.1999969482422,219.5,213.91250610351562,216.0,5376512
2014-10-14,194.9132080078125,217.08749389648438,221.4875030517578,216.28750610351562,221.25,7266240
2014-10-15,194.9132080078125,217.08749389648438,217.08749389648438,217.08749389648438,217.08749389648438,0
2014-10-16,192.7808074951172,214.71249389648438,218.5,213.7624969482422,217.10000610351562,5533084
2014-10-17,198.7066650390625,221.3125,222.02499389648438,214.27499389648438,215.0625,9977920
2014-10-20,200.62582397460938,223.4499969482422,227.39999389648438,222.53750610351562,223.5,9532004
2014-10-21,201.01861572265625,223.8874969482422,226.4375,221.91250610351562,225.0,16037152
2014-10-22,200.59217834472656,223.41250610351562,226.58749389648438,222.8125,226.2624969482422,4571544
2014-10-27,201.40025329589844,224.3125,226.8249969482422,223.53750610351562,224.7624969482422,6724768
2014-10-28,200.96253967285156,223.8249969482422,225.0500030517578,223.5,224.75,5803492
2014-10-29,200.1208038330078,222.8874969482422,225.625,222.5,225.0500030517578,7896188
2014-10-30,201.26553344726562,224.16250610351562,224.9875030517578,221.77499389648438,222.47500610351562,10738180
2014-10-31,204.6773681640625,227.96249389648438,228.64999389648438,224.33749389648438,225.02499389648438,10105988
2014-11-03,204.41928100585938,227.6750030517578,229.8249969482422,226.35000610351562,228.8000030517578,7239648
2014-11-05,204.89065551757812,228.1999969482422,230.0749969482422,227.5625,228.7624969482422,7524180
2014-11-07,201.89404296875,224.8625030517578,226.64999389648438,223.41250610351562,226.25,9028492
2014-11-10,203.06126403808594,226.16250610351562,227.08749389648438,223.25,224.875,6389756
2014-11-11,203.79078674316406,226.97500610351562,229.3249969482422,225.60000610351562,226.47500610351562,5913408
2014-11-12,204.65493774414062,227.9375,229.97500610351562,226.03750610351562,227.75,9058664
2014-11-13,205.59768676757812,228.9875030517578,230.0,225.97500610351562,228.875,7388952
2014-11-14,208.7738494873047,232.52499389648438,233.25,227.9375,229.5500030517578,8438056
2014-11-17,206.27110290527344,229.7375030517578,233.5,227.0,232.5,13464084
2014-11-18,209.24526977539062,233.0500030517578,233.75,228.0,230.25,9189112
2014-11-19,207.97702026367188,231.6374969482422,234.4250030517578,230.53750610351562,233.7624969482422,3454848
2014-11-20,206.10275268554688,229.5500030517578,231.9875030517578,228.02499389648438,231.9875030517578,4770372
2014-11-21,209.39114379882812,233.21249389648438,233.75,228.5124969482422,230.3000030517578,8823808
2014-11-24,212.1632843017578,236.3000030517578,237.5,232.02499389648438,233.08749389648438,7316860
2014-11-25,214.03758239746094,238.3874969482422,239.6999969482422,234.75,235.75,12156508
2014-11-26,213.53248596191406,237.8249969482422,239.97500610351562,233.3249969482422,234.9499969482422,8976428
2014-11-27,212.82546997070312,237.03750610351562,238.4499969482422,235.75,237.64999389648438,13211448
2014-11-28,214.84561157226562,239.28750610351562,241.47500610351562,236.75,237.0,9251860
2014-12-01,213.24069213867188,237.5,240.6125030517578,237.0500030517578,239.5749969482422,7389128
2014-12-02,211.73680114746094,235.8249969482422,237.39999389648438,234.8000030517578,235.4375,4517556
2014-12-03,209.44725036621094,233.27499389648438,236.0124969482422,233.0,235.5,6661184
2014-12-04,211.31033325195312,235.35000610351562,236.0625,233.0,235.0,6839104
2014-12-05,211.6133270263672,235.6875,236.10000610351562,233.9250030517578,235.25,4074180
2014-12-08,208.1116943359375,231.78750610351562,236.25,231.25,236.25,4057128
2014-12-09,208.02191162109375,231.6875,233.75,231.2624969482422,231.2624969482422,4873344
2014-12-10,209.06565856933594,232.85000610351562,233.75,231.3249969482422,231.52499389648438,5565432
2014-12-11,209.5594940185547,233.39999389648438,233.9375,231.25,232.47500610351562,4818844
2014-12-12,209.08810424804688,232.875,234.0500030517578,232.25,233.25,4616828
2014-12-15,211.33274841308594,235.375,236.0749969482422,232.0,232.5,6638628
2014-12-16,207.79747009277344,231.4375,235.5,229.25,234.3874969482422,4989956
2014-12-17,206.9220428466797,230.46249389648438,233.125,229.0,231.5,7064016
2014-12-18,209.66049194335938,233.5124969482422,234.125,230.5124969482422,233.14999389648438,6493828
2014-12-19,211.32151794433594,235.3625030517578,237.25,233.125,236.2624969482422,6114108
2014-12-22,216.3158721923828,240.9250030517578,241.52499389648438,235.625,238.5,8295612
2014-12-23,215.42922973632812,239.9375,243.4875030517578,238.83749389648438,239.9250030517578,7544080
2014-12-24,212.1744842529297,236.3125,241.1999969482422,235.27499389648438,239.47500610351562,16664812
2014-12-26,212.9376678466797,237.16250610351562,238.2375030517578,235.6374969482422,237.60000610351562,3366480
2014-12-29,213.62229919433594,237.9250030517578,239.0,237.0749969482422,237.52499389648438,3614800
2014-12-30,214.68850708007812,239.1125030517578,239.89999389648438,235.6875,237.5,5681200
2014-12-31,213.59982299804688,237.89999389648438,239.3249969482422,237.4375,239.0,4992528
2015-01-01,213.70086669921875,238.0124969482422,238.60000610351562,236.2624969482422,237.75,3544940
2015-01-02,216.6750030517578,241.3249969482422,242.3249969482422,237.60000610351562,237.60000610351562,5900384
2015-01-05,214.84561157226562,239.28750610351562,242.6374969482422,238.77499389648438,242.5,4796000
2015-01-06,211.50112915039062,235.5625,239.1374969482422,234.3874969482422,238.5,8219680
2015-01-07,212.118408203125,236.25,237.83749389648438,234.0625,234.9250030517578,5746112
2015-01-08,216.57398986816406,241.21249389648438,242.2375030517578,237.0500030517578,238.5625,9525824
2015-01-09,218.99819946289062,243.91250610351562,245.0,241.64999389648438,243.22500610351562,8985184
2015-01-12,217.0678253173828,241.7624969482422,243.60000610351562,241.125,242.35000610351562,4126412
2015-01-13,216.2372589111328,240.83749389648438,242.9875030517578,238.9250030517578,242.2375030517578,5828348
2015-01-14,216.36077880859375,240.97500610351562,243.66250610351562,239.9250030517578,240.0124969482422,3685232
2015-01-15,222.92633056640625,248.28750610351562,249.5500030517578,242.6875,247.5,11398476
2015-01-16,224.7669219970703,250.33749389648438,253.72500610351562,249.6374969482422,250.5500030517578,7821308
2015-01-19,225.48521423339844,251.1374969482422,255.0,250.7375030517578,253.3125,4239492
2015-01-20,229.1664276123047,255.2375030517578,256.75,250.5,252.5,8505804
2015-01-21,228.94195556640625,254.9875030517578,258.23748779296875,254.58749389648438,256.8500061035156,6740612
2015-01-22,229.2337646484375,255.3125,258.125,254.6374969482422,256.25,6470680
2015-01-23,234.07095336914062,260.70001220703125,262.0,256.1000061035156,257.5,9987912
2015-01-27,241.0854949951172,268.51251220703125,269.4375,260.2250061035156,260.75,9962400
2015-01-28,237.56134033203125,264.5874938964844,273.29998779296875,263.75,267.5,11364940
2015-01-29,245.78802490234375,273.75,275.1499938964844,265.25,268.75,20567616
2015-01-30,241.82614135742188,269.3374938964844,273.63751220703125,266.0625,273.63751220703125,10570416
2015-02-02,242.78013610839844,270.3999938964844,273.25,263.0874938964844,267.125,5710352
2015-02-03,238.85203552246094,266.0249938964844,270.54998779296875,263.82501220703125,269.625,10200688
2015-02-04,239.6600799560547,266.92498779296875,270.20001220703125,264.3125,265.75,6197512
2015-02-05,241.6353759765625,269.125,273.20001220703125,267.5874938964844,268.75,8059148
2015-02-06,236.47271728515625,263.375,269.73748779296875,262.51251220703125,269.25,6903120
2015-02-09,233.46487426757812,260.0249938964844,262.9375,258.625,261.75,5231896
2015-02-10,236.6859588623047,263.61248779296875,265.57501220703125,257.5,257.5,9275752
2015-02-11,237.57261657714844,264.6000061035156,266.20001220703125,263.25,264.5,4161588
2015-02-12,241.52313232421875,269.0,270.4750061035156,263.17498779296875,266.2749938964844,5525740
2015-02-13,239.233642578125,266.45001220703125,270.5,265.8999938964844,270.29998779296875,7714500
2015-02-16,239.62644958496094,266.88751220703125,271.25,265.625,268.95001220703125,7388716
2015-02-18,241.25381469726562,268.70001220703125,270.73748779296875,264.26251220703125,266.88751220703125,5381692
2015-02-19,242.37612915039062,269.95001220703125,271.2250061035156,265.95001220703125,268.5,4507004
2015-02-20,240.86102294921875,268.26251220703125,272.4750061035156,267.125,270.75,6206024
2015-02-23,239.615234375,266.875,270.38751220703125,265.5,269.2749938964844,5581564
2015-02-24,239.64891052246094,266.9125061035156,267.75,264.2749938964844,267.57501220703125,5846288
2015-02-25,236.23703002929688,263.11248779296875,268.70001220703125,262.5,267.5,4648524
2015-02-26,233.02719116210938,259.5375061035156,264.0,258.7749938964844,263.4125061035156,12426944
2015-02-27,236.5849609375,263.5,264.63751220703125,261.36248779296875,261.36248779296875,10261784
2015-03-02,242.993408203125,270.63751220703125,274.75,267.0,270.0874938964844,14385232
2015-03-03,243.1729736328125,270.8374938964844,273.0,269.26251220703125,271.61248779296875,6029348
2015-03-04,239.1214141845703,266.32501220703125,277.32501220703125,265.0,276.25,12277624
2015-03-05,243.5657501220703,271.2749938964844,272.5,265.625,266.25,9702452
2015-03-09,237.70724487304688,264.75,270.45001220703125,264.0,269.26251220703125,5755808
2015-03-10,236.25949096679688,263.13751220703125,265.5625,261.25,265.5,5134836
2015-03-11,237.13485717773438,264.11248779296875,265.4750061035156,262.5,262.7250061035156,5465536
2015-03-12,236.71963500976562,263.6499938964844,265.9750061035156,262.7749938964844,265.0249938964844,7530836
2015-03-13,234.0372772216797,260.6625061035156,266.0,258.6499938964844,265.0,5426780
2015-03-16,236.0350341796875,262.88751220703125,264.4750061035156,260.625,261.25,5348772
2015-03-17,237.4940185546875,264.51251220703125,266.4750061035156,260.7124938964844,265.0,5369304
2015-03-18,238.7285919189453,265.88751220703125,267.9750061035156,263.29998779296875,265.0375061035156,5148332
2015-03-19,236.18089294433594,263.04998779296875,268.45001220703125,262.17498779296875,267.75,5373572
2015-03-20,237.01145935058594,263.9750061035156,264.875,261.48748779296875,262.75,6483236
2015-03-23,235.18206787109375,261.9375,264.8500061035156,261.5,263.98748779296875,5446740
2015-03-24,232.98228454589844,259.48748779296875,264.25,258.86248779296875,260.82501220703125,8973564
2015-03-25,232.1518096923828,258.5625,261.67498779296875,257.7749938964844,260.01251220703125,10608900
2015-03-26,226.02392578125,251.7375030517578,258.04998779296875,250.52499389648438,256.7250061035156,35800620
2015-03-27,227.75228881835938,253.66250610351562,255.8874969482422,252.02499389648438,253.7375030517578,10840896
2015-03-30,232.74661254882812,259.2250061035156,259.75,253.1999969482422,255.0,6955144
2015-03-31,229.55923461914062,255.6750030517578,259.9750061035156,253.71249389648438,259.9750061035156,5962256
2015-04-01,231.9273223876953,258.3125,259.2124938964844,253.25,256.5249938964844,3844196
2015-04-06,231.63551330566406,257.98748779296875,259.2124938964844,254.9499969482422,258.75,7151172
2015-04-07,231.81509399414062,258.1875,259.54998779296875,255.91250610351562,258.3125,6197072
2015-04-08,232.44363403320312,258.88751220703125,260.61248779296875,257.51251220703125,260.01251220703125,4106144
2015-04-09,237.05630493164062,264.0249938964844,264.75,257.5,259.5625,7002784
2015-04-10,234.0372772216797,260.6625061035156,263.25,258.7124938964844,263.25,6119324
2015-04-13,233.17311096191406,259.70001220703125,261.57501220703125,258.70001220703125,260.0,4563236
2015-04-15,231.56817626953125,257.9125061035156,262.17498779296875,256.29998779296875,260.0,4893996
2015-04-16,231.11927795410156,257.4125061035156,258.38751220703125,254.5,257.0,5610120
2015-04-17,228.5603485107422,254.5625,256.9624938964844,254.0124969482422,256.2749938964844,4049012
2015-04-20,225.6086883544922,251.27499389648438,256.25,250.64999389648438,255.0,5188880
2015-04-21,225.13729858398438,250.75,253.60000610351562,248.89999389648438,251.25,6510744
2015-04-22,227.4043731689453,253.27499389648438,255.25,248.375,251.625,6765936
2015-04-23,227.4941864013672,253.375,256.04998779296875,251.52499389648438,255.0124969482422,9627828
2015-04-24,225.91168212890625,251.6125030517578,254.75,250.08749389648438,254.72500610351562,7205244
2015-04-27,225.68724060058594,251.3625030517578,253.125,249.0,251.7375030517578,7370704
2015-04-28,225.48521423339844,251.1374969482422,252.8625030517578,247.52499389648438,249.8874969482422,7942108
2015-04-29,222.92633056640625,248.28750610351562,252.375,247.0,251.0,7863564
2015-04-30,221.94993591308594,247.1999969482422,248.75,244.7624969482422,247.75,15143684
2015-05-04,224.67713928222656,250.2375030517578,252.375,248.0,248.5124969482422,3141448
2015-05-05,221.69178771972656,246.91250610351562,250.97500610351562,246.46249389648438,249.7624969482422,5138004
2015-05-06,217.86463928222656,242.64999389648438,246.875,241.375,246.875,11007696
2015-05-07,213.53248596191406,237.8249969482422,242.5,236.0500030517578,242.0,11736664
2015-05-08,220.4235382080078,245.5,246.9499969482422,238.85000610351562,240.375,11571932
2015-05-11,222.28662109375,247.5749969482422,248.1875,243.5124969482422,246.5124969482422,6731344
2015-05-12,218.16769409179688,242.9875030517578,247.5,241.75,247.5,11107568
2015-05-13,222.27537536621094,247.5625,248.35000610351562,242.89999389648438,243.96249389648438,7791848
2015-05-14,222.4549560546875,247.7624969482422,248.71249389648438,243.5,247.25,4455188
2015-05-15,222.24168395996094,247.52499389648438,249.3874969482422,246.0500030517578,248.72500610351562,8153624
2015-05-18,226.67486572265625,252.46249389648438,253.0,248.0,249.0,5713304
2015-05-19,226.1585693359375,251.8874969482422,254.5,249.52499389648438,251.58749389648438,4786348
2015-05-20,229.86227416992188,256.01251220703125,256.70001220703125,252.3874969482422,252.41250610351562,4008840
2015-05-21,230.00814819335938,256.17498779296875,257.5,253.77499389648438,256.0,3934380
2015-05-22,229.91836547851562,256.07501220703125,257.25,254.58749389648438,256.17498779296875,4689536
2015-05-25,229.75,255.8874969482422,257.75,254.39999389648438,257.1000061035156,4369060
2015-05-26,230.61422729492188,256.8500061035156,257.54998779296875,254.5124969482422,256.11248779296875,4906344
2015-05-27,233.02719116210938,259.5375061035156,260.0,255.35000610351562,255.9499969482422,3218592
2015-05-28,231.06314086914062,257.3500061035156,260.92498779296875,255.5500030517578,259.76251220703125,9561160
2015-05-29,235.81056213378906,262.63751220703125,263.5,256.7875061035156,257.48748779296875,5058680
2015-06-01,232.5894775390625,259.04998779296875,264.0,257.75,262.23748779296875,3841320
2015-06-02,226.43919372558594,252.1999969482422,260.07501220703125,251.22500610351562,259.6000061035156,4726008
2015-06-03,225.70965576171875,251.3874969482422,254.25,249.5,252.25,5824832
2015-06-04,227.8196563720703,253.7375030517578,254.46249389648438,248.75,252.21249389648438,5557588
2015-06-05,227.1013641357422,252.9375,254.625,250.625,252.5625,6753860
2015-06-08,225.2383270263672,250.8625030517578,253.0625,248.8874969482422,251.0625,3811996
2015-06-09,224.879150390625,250.46249389648438,251.5,249.27499389648438,251.25,6040260
2015-06-10,227.96556091308594,253.89999389648438,254.75,249.25,249.5,7986248
2015-06-11,224.50877380371094,250.0500030517578,254.6374969482422,248.6750030517578,254.39999389648438,9094176
2015-06-12,226.51779174804688,252.28750610351562,252.71249389648438,247.53750610351562,250.25,6528344
2015-06-15,225.63107299804688,251.3000030517578,253.4375,250.0,250.5,5999828
2015-06-16,226.34939575195312,252.10000610351562,252.6125030517578,249.2624969482422,250.0,6010524
2015-06-17,225.51885986328125,251.1750030517578,253.375,249.875,252.25,9686268
2015-06-18,228.8633575439453,254.89999389648438,255.9499969482422,250.5625,251.47500610351562,8431716
2015-06-19,231.31002807617188,257.625,258.73748779296875,253.28750610351562,256.20001220703125,3742324
2015-06-22,235.04736328125,261.7875061035156,264.2250061035156,257.125,258.0249938964844,5449652
2015-06-23,236.15846252441406,263.0249938964844,265.29998779296875,260.625,263.0,5655180
2015-06-24,234.7443389892578,261.45001220703125,264.45001220703125,260.67498779296875,263.5,6267396
2015-06-25,239.0540313720703,266.25,267.7124938964844,260.6625061035156,262.0625,16573568
2015-06-26,238.57147216796875,265.7124938964844,267.73748779296875,262.875,266.75,5647504
2015-06-29,237.17979431152344,264.1625061035156,265.4375,257.625,261.2250061035156,6487836
2015-06-30,239.53662109375,266.7875061035156,268.0,262.0,263.0625,7290136
2015-07-01,240.703857421875,268.0874938964844,269.25,265.01251220703125,265.3374938964844,4971188
2015-07-02,239.31301879882812,264.54998779296875,266.92498779296875,263.9125061035156,266.25,4483444
2015-07-03,242.9427490234375,268.5625,269.0375061035156,263.51251220703125,263.51251220703125,4039288
2015-07-06,245.03466796875,270.875,271.25,265.0625,266.01251220703125,3267780
2015-07-07,245.79226684570312,271.7124938964844,272.875,269.625,269.625,4141472
2015-07-08,241.72154235839844,267.2124938964844,270.1499938964844,266.5,269.7749938964844,5400676
2015-07-09,242.8975372314453,268.51251220703125,269.2250061035156,265.0249938964844,265.67498779296875,2797964
2015-07-10,246.67425537109375,272.6875,273.75,267.125,267.45001220703125,4900088
2015-07-13,247.89547729492188,274.0375061035156,276.4750061035156,271.25,271.25,7076084
2015-07-14,246.92300415039062,272.9624938964844,275.4750061035156,271.5,273.875,5674116
2015-07-15,248.0198516845703,274.17498779296875,275.36248779296875,272.70001220703125,273.25,3849404
2015-07-16,252.09051513671875,278.67498779296875,279.75,274.5249938964844,274.70001220703125,7310424
2015-07-17,251.15206909179688,277.63751220703125,280.4375,276.3999938964844,279.8500061035156,3510988
2015-07-20,252.21498107910156,278.8125,279.75,276.75,278.98748779296875,4551268
2015-07-21,248.3251495361328,274.51251220703125,282.0,273.2749938964844,279.13751220703125,11028136
2015-07-22,252.022705078125,278.6000061035156,279.26251220703125,272.1625061035156,274.1000061035156,7286400
2015-07-23,250.5527801513672,276.9750061035156,279.17498779296875,275.0249938964844,278.2250061035156,5083172
2015-07-24,250.5414276123047,276.9624938964844,278.75,275.125,275.7875061035156,4761008
2015-07-27,247.82760620117188,273.9624938964844,276.125,267.5,275.9750061035156,3328572
2015-07-28,250.68846130371094,277.125,278.4750061035156,273.11248779296875,273.5,6345672
2015-07-29,250.65447998046875,277.0874938964844,279.4750061035156,276.26251220703125,276.2749938964844,3943032
2015-07-30,251.15206909179688,277.63751220703125,279.25,275.2749938964844,276.75,9462188
2015-07-31,251.40078735351562,277.9125061035156,280.25,275.75,278.8999938964844,5649500
2015-08-03,247.72586059570312,273.8500061035156,279.375,273.36248779296875,278.1875,4345728
2015-08-04,245.70179748535156,271.61248779296875,275.5,270.48748779296875,274.5249938964844,5390928
2015-08-05,247.0021514892578,273.04998779296875,274.42498779296875,271.29998779296875,273.0375061035156,4122780
2015-08-06,247.8502197265625,273.98748779296875,275.3374938964844,271.36248779296875,272.9750061035156,3743712
2015-08-07,247.1039276123047,273.1625061035156,274.375,272.1499938964844,273.48748779296875,3227140
2015-08-10,247.55621337890625,273.6625061035156,276.48748779296875,272.0,273.75,3954376
2015-08-11,247.5675506591797,273.67498779296875,274.7124938964844,271.0625,273.76251220703125,2727688
2015-08-12,242.08334350585938,267.61248779296875,273.7250061035156,266.92498779296875,272.1000061035156,6005740
2015-08-13,243.68907165527344,269.38751220703125,270.67498779296875,266.6499938964844,269.25,3465052
2015-08-14,249.17323303222656,275.45001220703125,275.9125061035156,269.9750061035156,270.7749938964844,3601660
2015-08-17,246.8438720703125,272.875,275.45001220703125,268.95001220703125,274.76251220703125,2500212
2015-08-18,245.67919921875,271.5874938964844,274.0249938964844,269.61248779296875,272.8999938964844,1857316
2015-08-19,244.66151428222656,270.4624938964844,271.75,268.75,271.2124938964844,3004576
2015-08-20,243.04454040527344,268.67498779296875,271.1875,267.0,267.0,3044852
2015-08-21,240.0141143798828,265.32501220703125,268.23748779296875,262.75,266.0,7758972
2015-08-24,230.45921325683594,254.7624969482422,261.17498779296875,252.8125,261.17498779296875,14686328
2015-08-25,230.3235321044922,254.6125030517578,258.07501220703125,251.4250030517578,256.17498779296875,12347920
2015-08-26,229.2041015625,253.375,257.25,252.25,254.35000610351562,5573000
2015-08-27,231.1489715576172,255.52499389648438,258.61248779296875,252.27499389648438,256.25,13873432
2015-08-28,232.47198486328125,256.98748779296875,260.6875,254.85000610351562,257.76251220703125,5553136
2015-08-31,232.35888671875,256.86248779296875,258.2250061035156,253.8874969482422,255.27499389648438,3441460
2015-09-01,226.1736602783203,250.02499389648438,255.3249969482422,248.25,255.3249969482422,10469144
2015-09-02,225.05422973632812,248.78750610351562,253.4875030517578,246.25,251.27499389648438,8681688
2015-09-03,228.48037719726562,252.5749969482422,253.75,249.75,250.5749969482422,6507368
2015-09-04,225.25772094726562,249.0124969482422,251.5,245.0,250.5500030517578,11404592
2015-09-07,222.6343536376953,246.1125030517578,252.4499969482422,245.0,250.25,5381740
2015-09-08,227.0669708251953,251.0124969482422,252.5,244.25,246.6750030517578,7444488
2015-09-09,229.83731079101562,254.0749969482422,256.25,251.25,253.625,6553120
2015-09-10,228.63868713378906,252.75,254.2375030517578,249.0749969482422,250.75,4463740
2015-09-11,228.525634765625,252.625,255.0,251.6999969482422,253.625,4301760
2015-09-14,230.606201171875,254.9250030517578,255.5749969482422,250.875,252.21249389648438,5060344
2015-09-15,229.1249237060547,253.28750610351562,254.91250610351562,252.02499389648438,254.4875030517578,4332728
2015-09-16,231.43165588378906,255.83749389648438,257.0249938964844,252.8874969482422,254.72500610351562,4254052
2015-09-18,237.4020233154297,262.4375,265.5,257.7875061035156,258.75,7841168
2015-09-21,238.12571716308594,263.23748779296875,263.75,259.0874938964844,259.48748779296875,4276688
2015-09-22,233.0825653076172,257.6625061035156,265.0,256.32501220703125,262.51251220703125,6025212
2015-09-23,237.27767944335938,262.29998779296875,263.36248779296875,254.66250610351562,254.8000030517578,5161152
2015-09-24,237.7751922607422,262.8500061035156,263.5,259.0,261.75,8252836
2015-09-28,236.6444549560547,261.6000061035156,265.0,260.7749938964844,263.75,5777108
2015-09-29,240.80560302734375,266.20001220703125,268.4750061035156,256.2749938964844,258.0,10418840
2015-09-30,241.71022033691406,267.20001220703125,268.25,265.3374938964844,267.0,9027796
2015-10-01,241.45016479492188,266.9125061035156,269.2250061035156,264.8374938964844,268.79998779296875,5034788
2015-10-05,248.39297485351562,274.5874938964844,276.20001220703125,269.29998779296875,269.29998779296875,8053372
2015-10-06,245.5886993408203,271.48748779296875,276.9750061035156,270.75,276.75,4758964
2015-10-07,245.99583435058594,271.9375,274.5874938964844,270.8374938964844,272.0,4386268
2015-10-08,244.94419860839844,270.7749938964844,272.67498779296875,268.8500061035156,272.0249938964844,3881908
2015-10-09,245.6339569091797,271.5375061035156,273.75,270.04998779296875,273.75,3443228
2015-10-12,244.36749267578125,270.13751220703125,273.875,269.45001220703125,271.92498779296875,2217340
2015-10-13,243.41769409179688,269.0874938964844,270.5375061035156,268.29998779296875,268.88751220703125,1823652
2015-10-14,245.3173370361328,271.1875,271.625,266.76251220703125,267.20001220703125,2749148
2015-10-15,245.18165588378906,271.0375061035156,274.125,270.25,271.42498779296875,3925952
2015-10-16,248.77745056152344,275.01251220703125,275.375,271.25,272.5,4843688
2015-10-19,248.2686309814453,274.45001220703125,275.5249938964844,273.57501220703125,275.0,2654220
2015-10-20,247.61276245117188,273.7250061035156,275.7250061035156,272.79998779296875,274.5,3851356
2015-10-21,247.6353759765625,273.75,276.0,271.25,274.7250061035156,7273204
2015-10-23,250.68846130371094,277.125,278.42498779296875,274.0,274.86248779296875,4467048
2015-10-26,249.10537719726562,275.375,278.54998779296875,274.25,278.48748779296875,4887984
2015-10-27,251.2312469482422,277.7250061035156,278.5,273.88751220703125,273.88751220703125,8984032
2015-10-28,251.3668975830078,277.875,281.0,276.26251220703125,276.26251220703125,7694760
2015-10-29,249.56898498535156,275.88751220703125,278.625,275.0,277.5,6702368
2015-10-30,248.67568969726562,274.8999938964844,278.0,272.61248779296875,275.5,8097460
2015-11-02,244.94419860839844,270.7749938964844,273.9750061035156,269.125,273.76251220703125,3156552
2015-11-03,245.35128784179688,271.2250061035156,273.0,269.79998779296875,272.73748779296875,2548592
2015-11-04,244.6275634765625,270.42498779296875,274.5249938964844,269.5625,272.51251220703125,2696444
2015-11-05,244.20916748046875,269.9624938964844,270.75,267.375,269.625,3596952
2015-11-06,244.4466552734375,270.2250061035156,272.25,268.8125,270.17498779296875,5881004
2015-11-09,240.80560302734375,266.20001220703125,267.4125061035156,262.75,264.5,11429432
2015-11-10,238.49888610839844,263.6499938964844,266.25,263.11248779296875,265.01251220703125,4402580
2015-11-13,237.92221069335938,263.01251220703125,263.75,260.25,262.3500061035156,3940028
2015-11-16,239.9349365234375,265.23748779296875,266.25,261.3125,262.1875,4734732
2015-11-17,239.90103149414062,265.20001220703125,265.95001220703125,262.79998779296875,265.82501220703125,2567404
2015-11-18,237.14198303222656,262.1499938964844,266.4624938964844,261.57501220703125,265.42498779296875,2446720
2015-11-19,241.7328338623047,267.2250061035156,267.73748779296875,262.3999938964844,263.75,3277680
2015-11-20,242.17385864257812,267.7124938964844,270.0625,265.0,266.2250061035156,4648160
2015-11-23,241.0883026123047,266.51251220703125,268.875,264.76251220703125,268.5,3408280
2015-11-24,240.703857421875,266.0874938964844,268.375,265.5249938964844,266.3125,4002252
2015-11-26,240.61338806152344,265.98748779296875,266.75,262.7749938964844,264.75,8791484
2015-11-27,244.10743713378906,269.8500061035156,270.54998779296875,265.23748779296875,266.2124938964844,6925072
2015-11-30,243.73428344726562,269.4375,270.25,267.42498779296875,269.79998779296875,5247776
2015-12-01,244.92156982421875,270.75,271.2250061035156,268.375,269.26251220703125,1895332
2015-12-02,243.74562072753906,269.45001220703125,273.17498779296875,267.9624938964844,272.5,2562284
2015-12-03,243.5081329345703,269.1875,270.25,266.82501220703125,268.125,3807712
2015-12-04,239.47132873535156,264.7250061035156,268.3999938964844,264.0,268.3999938964844,5859828
2015-12-07,240.1610870361328,265.48748779296875,267.7749938964844,265.2749938964844,267.04998779296875,5814808
2015-12-08,237.28895568847656,262.3125,265.4750061035156,261.75,265.25,4902660
2015-12-09,236.88189697265625,261.86248779296875,264.25,261.2124938964844,261.7749938964844,3890616
2015-12-10,239.8557891845703,265.1499938964844,265.79998779296875,260.57501220703125,261.25,6514340
2015-12-11,236.6331329345703,261.5874938964844,265.1499938964844,260.5,265.0,3033920
2015-12-14,238.60064697265625,263.76251220703125,264.9624938964844,260.0249938964844,260.25,5878016
2015-12-15,239.59571838378906,264.86248779296875,265.61248779296875,261.32501220703125,263.25,4557416
2015-12-16,241.3710174560547,266.82501220703125,268.3374938964844,264.8374938964844,265.75,6842768
2015-12-17,244.29966735839844,270.0625,271.0,266.25,268.4750061035156,4878012
2015-12-18,242.66006469726562,268.25,271.25,267.125,271.25,3172128
2015-12-21,243.2028350830078,268.8500061035156,269.9750061035156,267.26251220703125,267.9375,3097500
2015-12-22,241.17877197265625,266.61248779296875,269.125,266.0,268.625,2429536
2015-12-23,242.90879821777344,268.5249938964844,269.48748779296875,267.2875061035156,268.1499938964844,3013968
2015-12-24,242.88624572753906,268.5,269.1000061035156,267.07501220703125,269.04998779296875,2146352
2015-12-28,243.6211700439453,269.3125,269.9750061035156,266.9375,268.5,7755428
2015-12-29,243.77947998046875,269.48748779296875,269.9624938964844,267.82501220703125,269.73748779296875,4231612
2015-12-30,242.95407104492188,268.57501220703125,270.48748779296875,268.13751220703125,270.0,2112560
2015-12-31,244.72935485839844,270.5375061035156,271.2250061035156,268.75,268.75,9290008
2016-01-01,246.22195434570312,272.1875,272.5625,269.0375061035156,270.6000061035156,3195076
2016-01-04,242.09469604492188,267.625,271.0,267.0249938964844,271.0,5187536
2016-01-05,240.26284790039062,265.6000061035156,268.70001220703125,265.3374938964844,267.54998779296875,3160872
2016-01-06,241.3258056640625,266.7749938964844,269.1875,264.1625061035156,264.1625061035156,4165536
2016-01-07,238.8607177734375,264.04998779296875,266.2250061035156,262.42498779296875,265.0249938964844,6055428
2016-01-08,240.25155639648438,265.5874938964844,266.125,264.3125,265.48748779296875,3488356
2016-01-11,239.4034881591797,264.6499938964844,265.25,261.32501220703125,263.01251220703125,3288912
2016-01-12,236.76882934570312,261.73748779296875,265.9750061035156,260.875,265.9750061035156,4258736
2016-01-13,239.75405883789062,265.0375061035156,265.6875,259.25,263.0,4515148
2016-01-14,237.4020233154297,262.4375,264.3500061035156,259.875,262.5375061035156,6279184
2016-01-15,235.6833038330078,260.5375061035156,263.86248779296875,259.5249938964844,262.0,5417260
2016-01-18,231.99705505371094,256.4624938964844,260.36248779296875,255.25,258.9125061035156,6495388
2016-01-19,234.24725341796875,258.95001220703125,259.38751220703125,256.57501220703125,256.79998779296875,6405212
2016-01-20,230.2895965576172,254.5749969482422,277.0,251.97500610351562,256.25,9563588
2016-01-21,231.35252380371094,255.75,258.3125,253.35000610351562,255.25,6300804
2016-01-22,233.00344848632812,257.57501220703125,261.0625,255.5124969482422,256.42498779296875,4236284
2016-01-25,235.45713806152344,260.2875061035156,261.67498779296875,258.26251220703125,259.98748779296875,10143884
2016-01-27,234.21337890625,258.9125061035156,262.17498779296875,258.25,262.11248779296875,4039468
2016-01-28,233.31997680664062,257.92498779296875,261.7250061035156,257.5,259.75,9951972
2016-01-29,237.42465209960938,262.4624938964844,263.73748779296875,258.79998779296875,258.79998779296875,5360184
2016-02-01,239.66357421875,264.9375,266.75,263.42498779296875,264.5,4609484
2016-02-02,238.31796264648438,263.45001220703125,266.3125,262.54998779296875,266.25,6528628
2016-02-03,236.06773376464844,260.9624938964844,262.8500061035156,260.5,261.125,4850244
2016-02-04,237.27767944335938,262.29998779296875,263.7250061035156,261.38751220703125,262.0,5675992
2016-02-05,238.6458740234375,263.8125,265.95001220703125,261.3999938964844,263.20001220703125,7523904
2016-02-08,234.25856018066406,258.9624938964844,264.5,257.57501220703125,263.75,3481924
2016-02-09,232.04229736328125,256.51251220703125,257.88751220703125,255.16250610351562,256.67498779296875,5535460
2016-02-10,229.07969665527344,253.2375030517578,257.5375061035156,252.52499389648438,255.97500610351562,7682280
2016-02-11,220.5651092529297,243.8249969482422,253.25,242.0500030517578,252.5,8803600
2016-02-12,219.6831512451172,242.85000610351562,246.6125030517578,241.5,244.75,12542144
2016-02-15,220.1806640625,243.39999389648438,247.0625,242.77499389648438,245.0,10912960
2016-02-16,220.14674377441406,243.3625030517578,245.5,240.5,245.375,7136096
2016-02-17,220.47463989257812,243.72500610351562,244.97500610351562,239.75,244.22500610351562,7503924
2016-02-18,223.76513671875,247.3625030517578,247.8125,244.25,246.5,6799856
2016-02-19,223.73121643066406,247.3249969482422,248.14999389648438,243.375,247.1875,3328660
2016-02-22,223.60684204101562,247.1875,249.0,245.75,245.75,4002396
2016-02-23,219.37782287597656,242.5124969482422,246.375,241.5,246.22500610351562,6078320
2016-02-24,214.7530059814453,237.39999389648438,240.72500610351562,236.60000610351562,240.0,6463468
2016-02-25,213.18130493164062,235.66250610351562,239.3125,234.5500030517578,238.5,8463196
2016-02-26,217.33116149902344,240.25,242.75,236.25,237.5,6209388
2016-02-29,219.78488159179688,242.96249389648438,245.64999389648438,232.0,240.27499389648438,8812752
2016-03-01,222.56654357910156,246.03750610351562,246.6875,242.96249389648438,243.7375030517578,4322560
2016-03-02,227.77932739257812,251.8000030517578,252.72500610351562,248.75,249.5,6358976
2016-03-03,229.7355194091797,253.96249389648438,255.0,252.5,252.6875,4610400
2016-03-04,230.79843139648438,255.1374969482422,256.2250061035156,248.27499389648438,253.8625030517578,5704624
2016-03-08,229.35107421875,253.53750610351562,256.0,252.375,256.0,1913688
2016-03-09,231.7595977783203,256.20001220703125,257.4750061035156,251.6875,253.25,6528172
2016-03-10,230.9567413330078,255.3125,256.4375,252.52499389648438,256.20001220703125,2671392
2016-03-11,232.64157104492188,257.17498779296875,257.70001220703125,253.25,254.97500610351562,4730856
2016-03-14,232.38150024414062,256.88751220703125,259.48748779296875,256.3125,257.0,3008656
2016-03-15,232.18927001953125,256.67498779296875,258.3500061035156,255.41250610351562,256.9750061035156,7690036
2016-03-16,233.03732299804688,257.61248779296875,258.5625,254.7375030517578,256.75,4803548
2016-03-17,230.31222534179688,254.60000610351562,259.75,252.78750610351562,258.73748779296875,5113484
2016-03-18,232.57373046875,257.1000061035156,258.0,253.83749389648438,255.7375030517578,4135068
2016-03-21,236.46351623535156,261.3999938964844,261.8374938964844,258.0625,258.25,5318796
2016-03-22,238.32923889160156,263.4624938964844,264.1499938964844,260.17498779296875,261.625,4120264
2016-03-23,237.3115692138672,262.3374938964844,263.26251220703125,260.13751220703125,263.26251220703125,8464300
2016-03-28,236.8931884765625,261.875,263.25,260.4125061035156,261.25,11270868
2016-03-29,238.31796264648438,263.45001220703125,264.875,261.0625,261.875,6733952
2016-03-30,240.83956909179688,266.23748779296875,267.4750061035156,263.4750061035156,264.5,7814380
2016-03-31,242.24171447753906,267.7875061035156,269.7250061035156,266.26251220703125,266.7124938964844,20080392
2016-04-01,240.72645568847656,266.11248779296875,269.1000061035156,264.20001220703125,267.20001220703125,5158648
2016-04-04,241.7667694091797,267.26251220703125,268.20001220703125,266.0,266.29998779296875,6179960
2016-04-05,239.14341735839844,264.36248779296875,269.2250061035156,263.9125061035156,267.25,6663028
2016-04-06,240.059326171875,265.375,266.73748779296875,264.1875,265.25,4295376
2016-04-07,238.70242309570312,263.875,266.1875,261.76251220703125,266.0,3911692
2016-04-08,239.57308959960938,264.8374938964844,265.8374938964844,263.5625,263.75,2962796
2016-04-11,242.19647216796875,267.73748779296875,268.5249938964844,260.7124938964844,265.07501220703125,4049620
2016-04-12,240.3985595703125,265.75,267.75,264.8125,267.3999938964844,4941480
2016-04-13,244.63888549804688,270.4375,271.23748779296875,267.375,268.0,4974604
2016-04-18,246.00711059570312,271.95001220703125,273.0,267.8999938964844,270.875,4117068
2016-04-20,248.27992248535156,274.4624938964844,275.0,270.88751220703125,272.9750061035156,3821352
2016-04-21,246.7647247314453,272.7875061035156,276.2875061035156,272.25,273.75,8191728
2016-04-22,246.99085998535156,273.0375061035156,275.2124938964844,271.29998779296875,272.375,7809320
2016-04-25,247.23960876464844,273.3125,275.0,271.125,275.0,5561960
2016-04-26,251.8983154296875,278.4624938964844,278.75,273.125,273.75,7053796
2016-04-27,254.23898315429688,281.04998779296875,281.25,277.25,277.4624938964844,5763636
2016-04-28,251.9209442138672,278.48748779296875,284.17498779296875,277.5874938964844,281.04998779296875,8089584
2016-04-29,256.0821228027344,283.0874938964844,284.0,276.54998779296875,278.45001220703125,5611940
2016-05-02,252.7577362060547,279.4125061035156,282.5,279.0,281.9375,3862716
2016-05-03,252.83685302734375,279.5,283.75,278.2875061035156,280.4750061035156,4695296
2016-05-04,254.95135498046875,281.8374938964844,283.625,278.5625,279.375,5292328
2016-05-05,256.0708312988281,283.07501220703125,283.6875,280.67498779296875,282.0,5214248
2016-05-06,253.20999145507812,279.9125061035156,283.0625,279.3125,283.0,2733152
2016-05-09,258.1288146972656,285.3500061035156,286.23748779296875,279.75,280.0,6953180
2016-05-10,258.92041015625,286.2250061035156,286.875,284.0249938964844,285.875,5453000
2016-05-11,257.5408020019531,284.70001220703125,286.25,282.42498779296875,283.67498779296875,6147372
2016-05-12,259.8701477050781,287.2749938964844,288.0,283.125,286.0,4221688
2016-05-13,258.0157165527344,285.2250061035156,287.0,282.5,287.0,5045316
2016-05-16,262.9683837890625,290.70001220703125,291.4750061035156,283.13751220703125,286.25,4518768
2016-05-17,260.8539123535156,288.36248779296875,292.3125,287.82501220703125,291.26251220703125,4295424
2016-05-18,257.9591979980469,285.1625061035156,287.75,282.875,287.75,4162644
2016-05-19,257.6539001464844,284.82501220703125,285.67498779296875,283.0,285.0249938964844,3855796
2016-05-20,258.0157165527344,285.2250061035156,287.125,283.3999938964844,284.98748779296875,2016632
2016-05-23,257.0771789550781,284.1875,287.48748779296875,283.29998779296875,285.48748779296875,3463532
2016-05-24,257.8008728027344,284.98748779296875,285.9125061035156,283.88751220703125,284.6000061035156,3259468
2016-05-25,265.343017578125,293.32501220703125,293.98748779296875,286.57501220703125,286.57501220703125,5767348
2016-05-26,267.5932312011719,295.8125,297.2250061035156,291.5625,294.0249938964844,13705560
2016-05-27,268.39605712890625,296.70001220703125,297.5,294.17498779296875,295.8125,5775184
2016-05-30,266.80169677734375,294.9375,298.75,294.5249938964844,296.75,3814532
2016-05-31,267.2879638671875,295.4750061035156,296.4750061035156,294.3500061035156,296.4750061035156,5515640
2016-06-01,265.7613830566406,293.7875061035156,295.73748779296875,292.75,295.73748779296875,5675632
2016-06-02,265.71612548828125,293.73748779296875,295.1499938964844,292.75,293.67498779296875,7910616
2016-06-03,264.9924621582031,292.9375,296.25,292.26251220703125,295.0249938964844,4524420
2016-06-06,264.84552001953125,292.7749938964844,295.6000061035156,292.51251220703125,294.0,5547308
2016-06-07,265.43341064453125,293.42498779296875,295.0,291.9125061035156,294.23748779296875,5628504
2016-06-08,262.9232177734375,290.6499938964844,294.5,290.25,293.95001220703125,4742812
2016-06-09,262.1994934082031,289.8500061035156,291.04998779296875,288.125,290.625,4648184
2016-06-10,262.6405029296875,290.3374938964844,293.17498779296875,289.04998779296875,289.6000061035156,6322312
2016-06-13,260.7295227050781,288.2250061035156,291.23748779296875,287.76251220703125,288.6875,3323236
2016-06-14,260.4920654296875,287.9624938964844,289.25,286.0625,288.75,3828768
2016-06-15,264.4949951171875,292.38751220703125,292.7250061035156,288.29998779296875,288.75,3045824
2016-06-16,262.8214416503906,290.5375061035156,292.2124938964844,288.8374938964844,291.63751220703125,4727768
2016-06-17,264.5967102050781,292.5,294.5,291.38751220703125,291.75,3761652
2016-06-20,265.0603332519531,293.01251220703125,294.8125,289.70001220703125,289.75,2742764
2016-06-21,263.83905029296875,291.6625061035156,293.86248779296875,290.29998779296875,293.75,2670968
2016-06-22,264.9359436035156,292.875,293.75,291.5,291.5,3803840
2016-06-23,269.142333984375,297.5249938964844,297.9624938964844,291.875,292.45001220703125,3926732
2016-06-24,262.764892578125,290.4750061035156,292.9750061035156,286.75,289.9624938964844,11173964
2016-06-27,262.3238830566406,289.98748779296875,292.25,288.26251220703125,290.5,4163788
2016-06-28,263.9069519042969,291.73748779296875,293.2749938964844,287.5,290.3125,4034980
2016-06-29,266.3808288574219,292.07501220703125,292.375,289.92498779296875,291.25,5420668
2016-06-30,268.2391052246094,294.11248779296875,295.0,290.5375061035156,292.75,16278892
2016-07-01,267.79449462890625,293.625,296.25,292.95001220703125,295.0,4304876
2016-07-04,267.4068908691406,293.20001220703125,294.875,292.8500061035156,294.54998779296875,7249852
2016-07-05,265.7651672363281,291.3999938964844,293.57501220703125,290.5,293.20001220703125,2136328
2016-07-07,270.3367614746094,296.4125061035156,297.1875,290.2250061035156,291.9750061035156,4832616
2016-07-08,267.874267578125,293.7124938964844,296.3999938964844,292.8125,296.2749938964844,3118868
2016-07-11,273.5516662597656,299.9375,300.4750061035156,295.26251220703125,296.5,5102532
2016-07-12,274.09893798828125,300.5375061035156,302.4750061035156,298.88751220703125,302.4750061035156,7046032
2016-07-13,273.0956726074219,299.4375,300.48748779296875,298.32501220703125,299.95001220703125,6687072
2016-07-14,273.6884460449219,300.0874938964844,300.5375061035156,298.04998779296875,300.25,3459668
2016-07-15,279.0123596191406,305.92498779296875,306.5,298.7749938964844,300.95001220703125,5774216
2016-07-18,279.867431640625,306.86248779296875,309.625,305.6625061035156,306.25,4438484
2016-07-19,277.7926025390625,304.5874938964844,307.6875,303.4624938964844,307.25,2586004
2016-07-20,280.95050048828125,308.04998779296875,309.625,305.4375,305.75,4690332
2016-07-21,280.129638671875,307.1499938964844,309.9750061035156,305.625,307.67498779296875,9112904
2016-07-22,280.6313171386719,307.70001220703125,308.6625061035156,305.375,308.3374938964844,5620272
2016-07-25,284.3136291503906,311.73748779296875,312.36248779296875,306.75,308.25,9872884
2016-07-26,282.455322265625,309.70001220703125,311.4125061035156,308.7875061035156,310.6000061035156,5665992
2016-07-27,282.03350830078125,309.23748779296875,311.88751220703125,307.5,310.25,10734736
2016-07-28,284.65557861328125,312.11248779296875,312.8125,308.88751220703125,309.5,10646528
2016-07-29,284.1425476074219,311.54998779296875,312.5,308.75,312.0,3395676
2016-08-01,283.2533874511719,310.57501220703125,314.73748779296875,306.9125061035156,312.25,5560864
2016-08-02,283.4814147949219,310.82501220703125,314.11248779296875,310.1000061035156,311.75,5329396
2016-08-03,282.83154296875,310.11248779296875,312.48748779296875,307.75,310.2749938964844,4733876
2016-08-04,282.95697021484375,310.25,311.67498779296875,308.3999938964844,311.6499938964844,4662880
2016-08-05,284.8380126953125,312.3125,313.9125061035156,310.4375,311.8500061035156,5784912
2016-08-08,284.9178466796875,312.3999938964844,313.75,311.13751220703125,313.2250061035156,4728776
2016-08-09,284.3705749511719,311.79998779296875,313.2250061035156,309.42498779296875,313.2250061035156,4210856
2016-08-10,279.7420654296875,306.7250061035156,312.73748779296875,304.9375,311.25,3619720
2016-08-11,280.04986572265625,307.0625,308.75,305.5,306.70001220703125,2856072
2016-08-12,280.1524658203125,307.17498779296875,308.75,304.8500061035156,307.76251220703125,4641496
2016-08-16,279.83331298828125,306.82501220703125,309.61248779296875,303.45001220703125,308.25,3468568
2016-08-17,281.5661315917969,308.7250061035156,309.375,306.5,308.3500061035156,5511036
2016-08-18,285.57904052734375,313.125,313.7250061035156,308.63751220703125,309.5,6111656
2016-08-19,284.3478088378906,311.7749938964844,312.5,310.36248779296875,312.5,4110636
2016-08-22,285.07745361328125,312.57501220703125,313.61248779296875,310.25,311.26251220703125,5501292
2016-08-23,285.3396301269531,312.86248779296875,313.5,311.51251220703125,312.75,5314524
2016-08-24,287.6995544433594,315.45001220703125,316.04998779296875,311.76251220703125,313.01251220703125,5570936
2016-08-25,286.9584655761719,314.63751220703125,316.70001220703125,313.57501220703125,316.0,8729888
2016-08-26,286.6278381347656,314.2749938964844,315.4750061035156,313.4750061035156,315.0,2521136
2016-08-29,282.29571533203125,309.5249938964844,313.875,309.04998779296875,313.875,2944184
2016-08-30,289.2613525390625,317.1625061035156,317.625,310.98748779296875,311.2749938964844,9867608
2016-08-31,294.4028625488281,322.79998779296875,323.75,316.375,317.25,11161364
2016-09-01,292.6929016113281,320.92498779296875,322.5,318.8500061035156,322.0,5224676
2016-09-02,293.0120849609375,321.2749938964844,322.25,320.2875061035156,321.375,3955188
2016-09-06,296.5005798339844,325.1000061035156,325.9750061035156,322.51251220703125,322.51251220703125,5508884
2016-09-07,293.38824462890625,321.6875,326.25,320.7749938964844,325.25,4016444
2016-09-08,293.9925231933594,322.3500061035156,323.8125,320.8999938964844,322.5,2905380
2016-09-09,294.2205505371094,322.6000061035156,323.625,319.57501220703125,322.5,4013768
2016-09-12,291.8264465332031,319.9750061035156,321.1000061035156,317.875,318.67498779296875,3985728
2016-09-14,289.44378662109375,317.36248779296875,319.25,316.3500061035156,318.75,3849508
2016-09-15,291.7580261230469,319.8999938964844,320.9750061035156,317.4624938964844,318.0,3501812
2016-09-16,295.91912841796875,324.4624938964844,326.125,320.95001220703125,320.95001220703125,6525816
2016-09-19,294.1634826660156,322.5375061035156,325.625,322.0,324.25,5894832
2016-09-20,293.7759094238281,322.11248779296875,323.75,321.01251220703125,323.1625061035156,3778248
2016-09-21,294.8133239746094,323.25,324.5,321.9750061035156,323.0,4256400
2016-09-22,297.9826354980469,326.7250061035156,329.23748779296875,325.13751220703125,326.25,6555800
2016-09-23,299.3050537109375,328.17498779296875,329.61248779296875,325.375,326.51251220703125,4876808
2016-09-26,295.5315856933594,324.0375061035156,327.2250061035156,323.42498779296875,326.5249938964844,5576772
2016-09-27,295.9648132324219,324.51251220703125,326.5375061035156,323.7124938964844,324.75,4056812
2016-09-28,295.3263244628906,323.8125,325.0,322.25,324.9750061035156,4989652
2016-09-29,291.27923583984375,319.375,326.5,316.98748779296875,324.48748779296875,16450012
2016-09-30,290.218994140625,318.2124938964844,320.25,316.8500061035156,319.2749938964844,4138428
2016-10-03,293.4909362792969,321.79998779296875,322.4750061035156,319.1000061035156,320.25,3900548
2016-10-04,294.0267028808594,322.38751220703125,323.75,320.57501220703125,322.1499938964844,2775512
2016-10-05,293.24005126953125,321.5249938964844,325.01251220703125,319.1000061035156,324.5,3647020
2016-10-06,292.2937927246094,320.48748779296875,323.8999938964844,319.76251220703125,321.7749938964844,2895712
2016-10-07,291.98602294921875,320.1499938964844,321.9375,319.0625,321.0,3337464
2016-10-10,292.8410339355469,321.0874938964844,321.9750061035156,319.6875,321.25,4719312
2016-10-13,287.9161376953125,315.6875,319.75,314.11248779296875,319.75,4519356
2016-10-14,287.6995544433594,315.45001220703125,317.0,313.5,316.4375,4067116
2016-10-17,282.2044982910156,309.42498779296875,316.6000061035156,308.1875,316.375,5135360
2016-10-18,286.79888916015625,314.4624938964844,315.0,309.75,310.79998779296875,2610968
2016-10-19,286.9128723144531,314.5874938964844,315.75,312.0,315.2749938964844,3044904
2016-10-20,286.2630615234375,313.875,316.86248779296875,312.75,315.0625,3200356
2016-10-21,289.728759765625,317.67498779296875,318.23748779296875,312.5,314.0,3956408
2016-10-24,288.0984802246094,315.88751220703125,319.2124938964844,315.26251220703125,317.9375,3255664
2016-10-25,285.07745361328125,312.57501220703125,317.0,311.01251220703125,317.0,5501796
2016-10-26,282.5693359375,309.82501220703125,316.25,308.76251220703125,310.8374938964844,5366540
2016-10-27,285.48779296875,313.0249938964844,314.25,306.0375061035156,309.75,11623860
2016-10-28,287.0724792480469,314.76251220703125,315.4750061035156,310.0249938964844,313.625,5320536
2016-11-01,287.24346923828125,314.95001220703125,315.9624938964844,311.76251220703125,314.0,3402416
2016-11-02,284.1311950683594,311.5375061035156,313.92498779296875,310.375,312.7749938964844,6474432
2016-11-03,286.13763427734375,313.73748779296875,315.0,307.9375,311.25,6315812
2016-11-04,283.5725402832031,310.92498779296875,313.20001220703125,310.4375,313.20001220703125,5734920
2016-11-07,284.88360595703125,312.36248779296875,313.7124938964844,310.0,313.0,5671392
2016-11-08,285.98944091796875,313.57501220703125,314.5,310.0249938964844,312.7749938964844,5348164
2016-11-09,285.29400634765625,312.8125,314.3500061035156,298.8374938964844,300.0,13645468
2016-11-10,291.51861572265625,319.63751220703125,320.75,313.5249938964844,315.9375,10700736
2016-11-11,290.8916320800781,318.95001220703125,320.5,316.3999938964844,318.5,7139320
2016-11-15,286.0920715332031,313.6875,322.25,312.6625061035156,319.375,12512524
2016-11-16,283.72076416015625,311.0874938964844,317.0,310.01251220703125,317.0,8647744
2016-11-17,280.4945068359375,307.54998779296875,312.2250061035156,306.2875061035156,309.57501220703125,4815624
2016-11-18,276.20794677734375,302.8500061035156,309.0,302.29998779296875,309.0,6879900
2016-11-21,273.31219482421875,299.67498779296875,304.875,297.0874938964844,304.875,5552520
2016-11-22,273.1640625,299.51251220703125,301.70001220703125,297.3374938964844,301.70001220703125,10017784
2016-11-23,270.1315612792969,296.1875,300.75,295.2749938964844,300.75,3532692
2016-11-24,265.7424011230469,291.375,296.57501220703125,290.2250061035156,296.0,15285996
2016-11-25,271.16900634765625,297.32501220703125,298.29998779296875,289.5,292.25,5969960
2016-11-28,270.0630798339844,296.11248779296875,299.7250061035156,294.5249938964844,295.0625,4130180
2016-11-29,268.7635192871094,294.6875,298.23748779296875,294.125,296.17498779296875,3932644
2016-11-30,273.5174560546875,299.8999938964844,300.5,295.2749938964844,296.25,6442840
2016-12-01,272.9815979003906,299.3125,301.9750061035156,298.25,300.57501220703125,4476984
2016-12-02,271.12335205078125,297.2749938964844,300.48748779296875,294.17498779296875,297.25,4062672
2016-12-05,272.77642822265625,299.0874938964844,299.73748779296875,294.125,296.8999938964844,4551936
2016-12-06,272.34320068359375,298.61248779296875,300.7124938964844,297.54998779296875,298.75,2702964
2016-12-07,269.413330078125,295.3999938964844,301.4750061035156,291.75,300.4624938964844,5628192
2016-12-08,273.4946594238281,299.875,301.38751220703125,296.75,296.75,4309696
2016-12-09,273.2210693359375,299.57501220703125,300.57501220703125,297.0,299.7749938964844,4387952
2016-12-12,270.0630798339844,296.11248779296875,298.0375061035156,295.2749938964844,298.0,3425272
2016-12-13,270.4735412597656,296.5625,297.5874938964844,294.63751220703125,295.0625,2526868
2016-12-14,268.0681457519531,293.92498779296875,297.0,293.3500061035156,296.75,4314144
2016-12-15,268.27325439453125,294.1499938964844,298.625,290.8999938964844,291.04998779296875,4941488
2016-12-16,269.5729064941406,295.57501220703125,296.25,292.88751220703125,294.1499938964844,3255828
2016-12-19,268.3074645996094,294.1875,294.875,292.625,294.20001220703125,3160436
2016-12-20,269.48175048828125,295.4750061035156,296.25,292.92498779296875,294.0,4189992
2016-12-21,269.0485534667969,295.0,296.25,293.75,296.0,2658876
2016-12-22,267.4752502441406,293.2749938964844,294.875,292.1000061035156,294.1000061035156,2805716
2016-12-23,270.4735412597656,296.5625,297.3125,292.32501220703125,292.75,4752516
2016-12-26,267.90850830078125,293.75,296.5249938964844,292.5249938964844,294.63751220703125,4183864
2016-12-27,270.234130859375,296.29998779296875,296.7250061035156,293.4750061035156,294.82501220703125,4899296
2016-12-28,270.58758544921875,296.6875,298.73748779296875,295.25,297.4750061035156,6507840
2016-12-29,274.7942810058594,301.29998779296875,301.98748779296875,295.36248779296875,296.25,8100816
2016-12-30,275.02227783203125,301.54998779296875,303.0,299.98748779296875,300.0,4066540
2017-01-02,272.9474792480469,299.2749938964844,302.5249938964844,298.01251220703125,302.36248779296875,3708656
2017-01-03,271.3058166503906,297.4750061035156,300.48748779296875,296.4375,300.20001220703125,3847500
2017-01-04,270.3025207519531,296.375,298.0,295.95001220703125,297.4624938964844,6967120
2017-01-05,270.462158203125,296.54998779296875,298.625,295.7749938964844,297.25,6776384
2017-01-06,272.16082763671875,298.4125061035156,299.6000061035156,297.04998779296875,297.5249938964844,5525260
2017-01-09,272.5142517089844,298.79998779296875,301.0375061035156,298.0375061035156,299.7124938964844,4573796
2017-01-10,276.88055419921875,303.5874938964844,304.20001220703125,298.82501220703125,299.04998779296875,5546116
2017-01-11,281.3609619140625,308.5,309.5249938964844,303.875,304.375,9343404
2017-01-12,281.58892822265625,308.75,310.92498779296875,306.375,308.75,2916316
2017-01-13,281.0189208984375,308.125,309.92498779296875,307.1499938964844,309.75,3850412
2017-01-16,284.47320556640625,311.9125061035156,312.36248779296875,308.20001220703125,308.375,3765864
2017-01-17,282.3869323730469,309.625,313.1000061035156,309.0625,311.75,3559612
2017-01-18,283.32177734375,310.6499938964844,314.0,310.2124938964844,310.2250061035156,4612888
2017-01-19,281.8853454589844,309.07501220703125,311.2250061035156,308.75,311.2250061035156,3512412
2017-01-20,281.8966979980469,309.0874938964844,311.25,307.5,309.0,13942068
2017-01-23,283.7892150878906,311.1625061035156,312.5,308.95001220703125,309.0,4793848
2017-01-24,289.0105285644531,316.88751220703125,317.875,312.3125,312.5,10261864
2017-01-25,294.26605224609375,322.6499938964844,323.8999938964844,317.5249938964844,318.1499938964844,15636984
2017-01-27,294.5625305175781,322.9750061035156,325.0,322.0,324.75,6852236
2017-01-30,292.9778747558594,321.23748779296875,323.23748779296875,320.13751220703125,323.23748779296875,5319628
2017-01-31,293.365478515625,321.6625061035156,323.17498779296875,319.25,320.6000061035156,6101040
2017-02-01,297.708984375,326.42498779296875,327.5,320.125,321.54998779296875,10910664
2017-02-02,296.11297607421875,324.67498779296875,326.42498779296875,323.1499938964844,326.42498779296875,5971636
2017-02-03,298.92889404296875,327.76251220703125,329.0,324.125,324.75,8005104
2017-02-06,299.624267578125,328.5249938964844,330.0,327.86248779296875,328.07501220703125,4310220
2017-02-07,298.03961181640625,326.7875061035156,329.5,325.73748779296875,329.0,3411920
2017-02-08,297.6976623535156,326.4125061035156,329.67498779296875,324.5375061035156,326.88751220703125,4940960
2017-02-09,295.8735656738281,324.4125061035156,329.9750061035156,323.13751220703125,327.3500061035156,4465376
2017-02-10,297.2301940917969,325.8999938964844,327.1875,324.5,324.5874938964844,3296736
2017-02-13,298.7350158691406,327.54998779296875,328.75,324.79998779296875,326.88751220703125,2795792
2017-02-14,298.9403076171875,327.7749938964844,328.5,326.0,328.5,2446060
2017-02-15,301.4711608886719,330.54998779296875,331.0,326.86248779296875,328.0,6126940
2017-02-16,302.770751953125,331.9750061035156,333.25,330.0625,330.75,5043700
2017-02-17,313.97735595703125,344.26251220703125,363.5,340.11248779296875,361.25,402259960
2017-02-20,321.2849426269531,352.2749938964844,353.86248779296875,339.7875061035156,340.29998779296875,10566716
2017-02-21,322.7556457519531,353.88751220703125,355.45001220703125,349.3500061035156,351.51251220703125,6260028
2017-02-22,319.0163269042969,349.7875061035156,354.70001220703125,348.7124938964844,353.75,5296776
2017-02-23,317.9104919433594,348.57501220703125,355.3374938964844,346.76251220703125,350.95001220703125,34494980
2017-02-27,317.7508544921875,348.3999938964844,349.5874938964844,344.6499938964844,347.7250061035156,4681376
2017-02-28,316.9528503417969,347.5249938964844,349.0625,346.125,348.2250061035156,2928008
2017-03-01,317.3062744140625,347.9125061035156,349.125,346.6000061035156,349.11248779296875,3481736
2017-03-02,314.67266845703125,345.0249938964844,349.0,344.0625,348.63751220703125,4601988
2017-03-03,313.9659423828125,344.25,346.125,342.25,346.125,2492824
2017-03-06,314.8209228515625,345.1875,347.4750061035156,343.2749938964844,344.20001220703125,3679124
2017-03-07,316.0635681152344,346.54998779296875,346.875,344.04998779296875,345.5625,3112876
2017-03-08,317.4316101074219,348.04998779296875,349.79998779296875,345.26251220703125,346.9750061035156,3782144
2017-03-09,317.88763427734375,348.54998779296875,349.67498779296875,345.4125061035156,345.4125061035156,3509316
2017-03-10,319.2328796386719,350.0249938964844,352.0,348.2875061035156,348.75,5860704
2017-03-14,321.6497497558594,352.67498779296875,356.0375061035156,351.6625061035156,355.5249938964844,7155020
2017-03-15,322.99505615234375,354.1499938964844,355.0,352.63751220703125,352.73748779296875,4271860
2017-03-16,323.166015625,354.3374938964844,355.7124938964844,353.4125061035156,354.5249938964844,4980108
2017-03-17,325.10406494140625,356.4624938964844,356.875,353.2124938964844,354.63751220703125,3390464
2017-03-20,327.441162109375,359.0249938964844,359.9624938964844,356.48748779296875,356.6625061035156,8142344
2017-03-21,328.5469665527344,360.23748779296875,361.25,358.5,358.5,5557280
2017-03-22,326.25555419921875,357.7250061035156,359.25,356.45001220703125,356.92498779296875,5636544
2017-03-23,326.25555419921875,357.7250061035156,358.75,355.7250061035156,358.6000061035156,4922472
2017-03-24,324.7621154785156,356.0874938964844,358.61248779296875,355.5,358.25,3810364
2017-03-27,321.4559631347656,352.4624938964844,356.0,351.01251220703125,356.0,5864084
2017-03-28,323.8158264160156,355.04998779296875,356.17498779296875,353.2749938964844,354.57501220703125,8061400
2017-03-29,325.73114013671875,357.1499938964844,358.70001220703125,355.0,355.20001220703125,8575772
2017-03-30,334.3041687011719,366.54998779296875,369.98748779296875,356.26251220703125,357.0,34321092
2017-03-31,328.9117736816406,360.63751220703125,363.5,359.13751220703125,363.45001220703125,9651392
2017-04-03,326.7799072265625,358.29998779296875,362.5249938964844,356.5,361.5,4149052
2017-04-05,326.58612060546875,358.0874938964844,361.625,356.88751220703125,358.8125,5744080
2017-04-06,327.9883728027344,359.625,360.75,356.26251220703125,357.875,6124416
2017-04-07,328.0682067871094,359.7124938964844,361.25,357.1499938964844,357.76251220703125,4648360
2017-04-10,326.99652099609375,358.5375061035156,360.75,358.1625061035156,360.75,3393876
2017-04-11,328.21636962890625,359.875,360.29998779296875,357.875,358.5,4356260
2017-04-12,329.17401123046875,360.92498779296875,362.48748779296875,358.875,359.75,3565092
2017-04-13,328.3988037109375,360.07501220703125,362.2250061035156,359.26251220703125,360.75,4804236
2017-04-17,327.60076904296875,359.20001220703125,360.95001220703125,357.0625,360.07501220703125,7137056
2017-04-18,329.9948425292969,361.82501220703125,363.75,359.5,360.0,3638860
2017-04-19,330.3824462890625,362.25,364.1875,359.5,361.75,4338144
2017-04-20,333.38067626953125,365.5375061035156,366.51251220703125,363.23748779296875,363.25,5781372
2017-04-21,341.2355651855469,374.1499938964844,374.75,363.32501220703125,366.5,17258032
2017-04-24,349.5465087890625,383.26251220703125,384.75,374.25,374.5249938964844,20206952
2017-04-25,350.45849609375,384.26251220703125,386.375,382.3999938964844,383.76251220703125,9057780
2017-04-26,353.55938720703125,387.6625061035156,388.25,367.11248779296875,385.73748779296875,7795852
2017-04-27,357.6521301269531,392.1499938964844,393.48748779296875,386.5249938964844,386.5249938964844,16180420
2017-04-28,352.6131286621094,386.625,389.9750061035156,384.2749938964844,389.9750061035156,5437728
2017-05-02,351.26788330078125,385.1499938964844,387.7250061035156,382.5874938964844,386.75,4007040
2017-05-03,352.1115417480469,386.07501220703125,388.5625,384.8374938964844,388.5625,2507964
2017-05-04,349.9454650878906,383.70001220703125,385.7250061035156,380.6499938964844,384.8125,5131028
2017-05-05,349.3526611328125,383.04998779296875,385.7250061035156,381.57501220703125,385.5249938964844,2757896
2017-05-08,349.9454650878906,383.70001220703125,385.0,382.13751220703125,384.5,3747252
2017-05-09,350.162109375,383.9375,386.3999938964844,383.1625061035156,383.70001220703125,3345836
2017-05-10,353.82159423828125,387.95001220703125,388.75,384.26251220703125,385.0,2342244
2017-05-11,352.5903625488281,386.6000061035156,390.0,385.25,387.75,3875744
2017-05-12,353.7873840332031,387.9125061035156,389.2250061035156,384.04998779296875,386.4750061035156,6147604
2017-05-15,354.1864318847656,388.3500061035156,389.29998779296875,385.5625,387.5,2804780
2017-05-16,355.6114807128906,389.9125061035156,390.5,387.0625,388.75,3590376
2017-05-17,355.0413818359375,389.2875061035156,391.3500061035156,387.875,389.70001220703125,3472472
2017-05-18,355.0300598144531,389.2749938964844,390.375,387.0249938964844,387.25,3107280
2017-05-19,355.97625732421875,390.3125,392.4750061035156,386.3125,389.875,2854136
2017-05-22,359.33935546875,394.0,395.0,390.7749938964844,391.2749938964844,2860052
2017-05-23,357.76611328125,392.2749938964844,395.88751220703125,391.25,395.0,3080172
2017-05-24,357.23028564453125,391.6875,393.86248779296875,390.5,392.26251220703125,3467388
2017-05-25,368.721923828125,404.2875061035156,407.3500061035156,391.7749938964844,391.7749938964844,20090804
2017-05-26,370.73968505859375,406.5,408.0,400.2749938964844,401.6625061035156,5443156
2017-05-29,372.0849609375,407.9750061035156,412.0,404.4125061035156,404.95001220703125,5916340
2017-05-30,371.4351806640625,407.26251220703125,408.375,404.0375061035156,407.5,4434184
2017-05-31,373.0653991699219,409.04998779296875,410.75,405.7875061035156,406.25,5318912
2017-06-01,371.3325500488281,407.1499938964844,409.9624938964844,405.13751220703125,409.75,3359540
2017-06-02,372.6208190917969,408.5625,411.5249938964844,406.54998779296875,408.5,3213544
2017-06-05,372.91717529296875,408.88751220703125,409.73748779296875,406.25,408.42498779296875,2899900
2017-06-06,373.6924133300781,409.73748779296875,410.95001220703125,407.5,408.75,5002632
2017-06-07,374.1142272949219,410.20001220703125,411.2250061035156,407.5874938964844,410.1000061035156,2554276
2017-06-08,375.01483154296875,411.1875,414.8500061035156,410.4125061035156,410.9750061035156,4248768
2017-06-09,380.0424499511719,416.70001220703125,417.5,410.0249938964844,410.0249938964844,5305272
2017-06-12,380.48699951171875,417.1875,419.0,415.0,416.0,3971412
2017-06-13,382.2996826171875,419.17498779296875,422.9750061035156,415.25,415.4375,5051620
2017-06-14,381.0456237792969,417.79998779296875,419.98748779296875,416.75,418.75,3858360
2017-06-15,379.48382568359375,416.0874938964844,418.8999938964844,413.3999938964844,417.0,3526692
2017-06-16,380.60107421875,417.3125,418.67498779296875,414.5249938964844,416.25,3755104
2017-06-19,385.993408203125,423.2250061035156,424.0,417.1000061035156,417.75,3825532
2017-06-20,384.5456237792969,421.63751220703125,423.5,419.9624938964844,422.5,3660264
2017-06-21,387.3158874511719,424.67498779296875,425.3125,419.8999938964844,420.6499938964844,3410932
2017-06-22,387.15625,424.5,429.0,422.79998779296875,423.73748779296875,6675460
2017-06-23,382.74432373046875,419.6625061035156,425.6875,418.79998779296875,425.5,5217468
2017-06-27,380.2362365722656,416.9125061035156,423.75,414.0625,422.25,6000432
2017-06-28,379.96258544921875,416.61248779296875,418.75,414.45001220703125,416.25,4449036
2017-06-29,381.70697021484375,415.76251220703125,420.4750061035156,412.7749938964844,416.75,9187708
2017-06-30,379.1822509765625,413.01251220703125,415.0,410.75,413.45001220703125,4330432
2017-07-03,380.68560791015625,414.6499938964844,416.875,411.8125,413.1499938964844,3504332
2017-07-04,379.4806213378906,413.3374938964844,416.67498779296875,413.0,415.0625,3766080
2017-07-05,378.4248352050781,412.1875,414.875,411.25,413.2749938964844,4014200
2017-07-06,380.58233642578125,414.5375061035156,415.75,412.8374938964844,413.13751220703125,4571676
2017-07-07,382.6594543457031,416.79998779296875,417.3999938964844,414.5,415.2124938964844,5517396
2017-07-10,384.7596435546875,419.0874938964844,437.0,415.26251220703125,417.0,1309252
2017-07-11,385.689208984375,420.1000061035156,422.70001220703125,416.7749938964844,419.38751220703125,4410280
2017-07-12,385.8843078613281,420.3125,421.25,414.63751220703125,420.0,5738892
2017-07-13,386.4122009277344,420.88751220703125,423.32501220703125,419.9125061035156,422.0,4481004
2017-07-14,385.5859069824219,419.98748779296875,421.51251220703125,418.0,420.9750061035156,2443252
2017-07-17,386.1368103027344,420.5874938964844,421.9125061035156,419.25,420.63751220703125,2399340
2017-07-18,386.4122009277344,420.88751220703125,421.9624938964844,419.3374938964844,419.92498779296875,2322188
2017-07-19,388.4205627441406,423.07501220703125,424.04998779296875,420.4624938964844,421.25,3987244
2017-07-20,392.68963623046875,427.7250061035156,428.75,422.0375061035156,423.4750061035156,3698476
2017-07-21,390.88787841796875,425.76251220703125,428.8125,425.0,428.5249938964844,3873508
2017-07-24,398.2440490722656,433.7749938964844,435.0,423.75,427.5,19678176
2017-07-25,399.2884216308594,434.9125061035156,439.75,433.26251220703125,439.75,11160468
2017-07-26,401.1016540527344,436.88751220703125,438.75,433.125,435.5,3895344
2017-07-27,410.7645568847656,447.4125061035156,449.70001220703125,437.88751220703125,439.0,17961712
2017-07-28,408.205322265625,444.625,446.625,440.2749938964844,443.0,9255396
2017-07-31,409.5595397949219,446.1000061035156,447.75,441.63751220703125,444.38751220703125,7369140
2017-08-01,412.49737548828125,449.29998779296875,452.2875061035156,443.04998779296875,445.4624938964844,8516860
2017-08-02,411.22357177734375,447.9125061035156,451.75,445.51251220703125,451.75,7397916
2017-08-03,408.5380859375,444.98748779296875,448.0,443.6000061035156,447.0,4256784
2017-08-04,410.9022521972656,447.5625,449.1875,441.5375061035156,444.25,3545068
2017-08-07,410.51202392578125,447.13751220703125,449.11248779296875,446.25,446.5,1918660
2017-08-08,408.0676574707031,444.4750061035156,449.3125,441.5249938964844,448.0249938964844,4035372
2017-08-09,404.9805603027344,441.11248779296875,444.26251220703125,439.5874938964844,442.75,3270056
2017-08-10,404.0624694824219,440.11248779296875,441.5,438.2124938964844,440.0,7788444
2017-08-11,401.4458923339844,437.26251220703125,439.5,432.7875061035156,436.25,6359836
2017-08-14,403.3165283203125,439.29998779296875,443.73748779296875,437.0,438.25,3577084
2017-08-16,408.8365478515625,445.3125,447.45001220703125,437.13751220703125,440.5874938964844,4426832
2017-08-17,405.19854736328125,441.3500061035156,445.23748779296875,438.4375,444.0625,5454868
2017-08-18,402.1574401855469,438.0375061035156,440.25,435.75,440.0,3707464
2017-08-21,400.1031799316406,435.79998779296875,439.75,434.54998779296875,438.5,4009724
2017-08-22,400.97540283203125,436.75,438.5,434.20001220703125,437.82501220703125,6609556
2017-08-23,406.81671142578125,443.11248779296875,444.48748779296875,437.5,437.5,3360524
2017-08-24,404.532958984375,440.625,443.73748779296875,439.7875061035156,443.7250061035156,7878276
2017-08-28,404.4755859375,440.5625,442.7875061035156,439.5874938964844,440.6000061035156,1507784
2017-08-29,400.78033447265625,436.5375061035156,439.75,434.5,439.75,4918596
2017-08-30,405.92156982421875,442.13751220703125,442.5,437.51251220703125,437.98748779296875,2694320
2017-08-31,407.7348327636719,444.11248779296875,444.9624938964844,439.1000061035156,443.0,7303436
2017-09-01,405.7034912109375,441.8999938964844,445.36248779296875,440.2749938964844,445.25,2295172
2017-09-04,401.8705139160156,437.7250061035156,441.25,436.5249938964844,441.25,3642524
2017-09-05,402.891845703125,438.8374938964844,441.2250061035156,437.75,439.25,3682436
2017-09-06,403.93621826171875,439.9750061035156,440.70001220703125,434.5,435.9375,5751632
2017-09-07,405.4625244140625,441.63751220703125,444.1875,440.0249938964844,440.0249938964844,6946420
2017-09-08,410.3055114746094,446.9125061035156,447.5,442.75,443.3500061035156,8311664
2017-09-11,418.49945068359375,455.8374938964844,457.25,447.54998779296875,448.25,11477676
2017-09-12,421.21923828125,458.79998779296875,459.9750061035156,454.57501220703125,456.92498779296875,6687680
2017-09-13,422.74554443359375,460.4624938964844,462.25,456.0,458.75,4995376
2017-09-14,422.1831970214844,459.8500061035156,463.125,457.875,460.0375061035156,8154016
2017-09-15,424.3751525878906,462.23748779296875,462.95001220703125,458.36248779296875,459.0,3767332
2017-09-18,427.0146789550781,465.11248779296875,466.11248779296875,463.125,463.38751220703125,4084928
2017-09-19,424.5473327636719,462.42498779296875,467.0,461.88751220703125,466.2250061035156,4241468
2017-09-20,424.35223388671875,462.2124938964844,465.36248779296875,461.3125,462.0,3446128
2017-09-21,422.1144104003906,459.7749938964844,462.125,457.67498779296875,462.0,7712496
2017-09-22,418.6715393066406,456.0249938964844,459.73748779296875,455.0,458.70001220703125,8243524
2017-09-25,413.0826416015625,449.9375,455.61248779296875,448.1499938964844,455.61248779296875,10149228
2017-09-26,411.372802734375,448.07501220703125,449.1499938964844,446.25,447.26251220703125,11438732
2017-09-27,407.74627685546875,444.125,451.3999938964844,442.5,449.0,7337220
2017-09-28,412.06134033203125,448.82501220703125,449.75,440.82501220703125,443.5,27646464
2017-09-29,414.4483337402344,451.42498779296875,455.5,449.0625,450.0249938964844,6213632
2017-10-03,415.1712951660156,452.2124938964844,455.25,449.2749938964844,452.0,4394424
2017-10-04,412.4515075683594,449.25,452.9750061035156,448.3374938964844,451.9750061035156,6625104
2017-10-05,412.8186950683594,449.6499938964844,451.25,448.2749938964844,448.75,3336196
2017-10-06,413.1629943847656,450.0249938964844,451.11248779296875,448.5,449.5,3030660
2017-10-09,412.1072082519531,448.875,450.75,447.625,449.70001220703125,3062492
2017-10-10,413.7597351074219,450.67498779296875,453.73748779296875,448.1625061035156,449.75,3798180
2017-10-11,410.8793029785156,447.5375061035156,453.8125,446.8999938964844,450.8125,5267440
2017-10-12,417.455078125,454.70001220703125,455.36248779296875,447.0,448.7749938964844,5381560
2017-10-13,424.7997741699219,462.70001220703125,464.13751220703125,455.5,456.67498779296875,6433464
2017-10-16,426.2572326660156,464.2875061035156,468.3125,460.5,465.0,3274544
2017-10-17,424.903076171875,462.8125,463.42498779296875,459.7749938964844,462.5,2613288
2017-10-18,428.8623352050781,467.125,468.75,459.75,460.25,3926720
2017-10-19,424.2489929199219,462.1000061035156,466.25,460.1625061035156,465.45001220703125,570008
2017-10-23,427.6688537597656,465.82501220703125,467.42498779296875,459.01251220703125,464.9750061035156,4162892
2017-10-24,428.5409851074219,466.7749938964844,469.8999938964844,463.25,465.75,11328872
2017-10-25,412.0154113769531,448.7749938964844,465.75,446.25,465.0,21367208
2017-10-26,412.07281494140625,448.8374938964844,452.5,439.4624938964844,442.0,28571464
2017-10-27,411.0858459472656,447.76251220703125,451.875,444.75,451.1000061035156,7472088
2017-10-30,416.5829772949219,453.75,454.0,448.1000061035156,449.5625,5422352
2017-10-31,415.09100341796875,452.125,452.875,449.8125,452.875,4682460
2017-11-01,418.0059509277344,455.29998779296875,456.25,453.0,453.7749938964844,4190612
2017-11-02,418.2124938964844,455.5249938964844,457.45001220703125,454.23748779296875,455.75,4737944
2017-11-03,420.18634033203125,457.67498779296875,460.0,455.3999938964844,456.42498779296875,3810488
2017-11-06,419.7044372558594,457.1499938964844,460.0,455.6499938964844,456.25,6148244
2017-11-07,418.5797119140625,455.92498779296875,461.23748779296875,455.1875,459.5,7446376
2017-11-08,419.09613037109375,456.48748779296875,458.3999938964844,454.75,456.29998779296875,3283144
2017-11-09,419.5322570800781,456.9624938964844,458.75,455.2749938964844,456.75,3113308
2017-11-10,418.1895446777344,455.5,458.70001220703125,453.0874938964844,455.42498779296875,7744360
2017-11-13,416.25006103515625,453.38751220703125,455.7875061035156,448.75,455.5,3335872
2017-11-14,413.6794738769531,450.5874938964844,454.75,450.0,453.9750061035156,4712468
2017-11-15,413.1974182128906,450.0625,450.9125061035156,447.0,449.5,6148368
2017-11-16,414.9073486328125,451.92498779296875,454.0,448.79998779296875,451.0,4012972
2017-11-17,419.0044250488281,456.38751220703125,459.57501220703125,453.2875061035156,457.17498779296875,6358772
2017-11-20,421.8963928222656,459.5375061035156,459.92498779296875,457.25,457.25,2392424
2017-11-21,423.7554626464844,461.5625,462.5,459.0249938964844,459.36248779296875,2275532
2017-11-22,425.8211975097656,463.8125,465.0,461.13751220703125,462.42498779296875,5660796
2017-11-23,422.97515869140625,460.7124938964844,465.0,459.5,464.75,3232580
2017-11-24,424.9375,462.8500061035156,464.45001220703125,460.25,460.75,5203684
2017-11-27,426.3490905761719,464.38751220703125,465.5,461.3999938964844,462.25,3870472
2017-11-28,428.13934326171875,466.3374938964844,467.75,463.9624938964844,464.0,5090540
2017-11-29,429.9640808105469,468.32501220703125,468.875,463.95001220703125,466.25,3274584
2017-11-30,425.46539306640625,463.42498779296875,468.48748779296875,460.0,467.17498779296875,5796312
2017-12-01,424.20306396484375,462.04998779296875,465.0,461.0249938964844,463.7250061035156,3858148
2017-12-04,420.96673583984375,458.5249938964844,463.7250061035156,457.5249938964844,463.7250061035156,3641932
2017-12-05,417.8337707519531,455.11248779296875,457.13751220703125,451.75,456.5,3893360
2017-12-06,413.8974914550781,450.82501220703125,455.3374938964844,449.75,454.98748779296875,6395120
2017-12-07,415.35491943359375,452.4125061035156,454.1499938964844,450.7749938964844,451.6625061035156,4231304
2017-12-08,422.4127502441406,460.1000061035156,463.25,453.5,453.5,8956400
2017-12-11,423.7899169921875,461.6000061035156,462.9375,460.0,462.0,3198232
2017-12-12,417.7075500488281,454.9750061035156,462.4750061035156,453.98748779296875,462.2749938964844,2410588
2017-12-13,418.0403747558594,455.3374938964844,461.25,453.7749938964844,455.01251220703125,2907460
2017-12-14,421.8734130859375,459.51251220703125,460.0,453.0,456.0,3683092
2017-12-15,429.99847412109375,468.36248779296875,472.0,463.875,464.0,12450124
2017-12-18,431.26080322265625,469.73748779296875,474.75,452.32501220703125,463.75,12297988
2017-12-19,432.5346984863281,471.125,473.4125061035156,469.0375061035156,469.95001220703125,4952112
2017-12-20,428.7820129394531,467.0375061035156,475.7749938964844,465.9125061035156,474.7250061035156,9343504
2017-12-21,428.8164367675781,467.07501220703125,471.25,466.29998779296875,469.9750061035156,6854544
2017-12-22,430.73291015625,469.1625061035156,470.0,465.4375,469.75,4470904
2017-12-26,428.82794189453125,467.0874938964844,470.70001220703125,464.17498779296875,470.25,6785696
2017-12-27,426.1654357910156,464.1875,467.57501220703125,462.7875061035156,467.5249938964844,3489384
2017-12-28,431.05426025390625,469.51251220703125,470.2250061035156,464.5,464.7250061035156,8700520
2017-12-29,429.7575378417969,468.1000061035156,469.79998779296875,467.0375061035156,469.20001220703125,6345872
2018-01-01,425.6490478515625,463.625,470.1875,462.625,468.17498779296875,6580516
2018-01-02,429.7459716796875,468.0874938964844,468.75,464.63751220703125,464.63751220703125,4776316
2018-01-03,425.22442626953125,463.1625061035156,469.5625,462.79998779296875,468.75,4531288
2018-01-04,426.8884582519531,464.9750061035156,466.375,463.25,463.25,2373776
2018-01-05,427.7376708984375,465.8999938964844,467.01251220703125,463.88751220703125,465.75,2870868
2018-01-08,427.04913330078125,465.1499938964844,467.67498779296875,464.4375,466.25,4570308
2018-01-09,427.7606506347656,465.92498779296875,467.4624938964844,463.75,465.5,5305528
2018-01-10,427.8753356933594,466.04998779296875,466.9750061035156,464.32501220703125,466.29998779296875,4615888
2018-01-11,429.7919006347656,468.13751220703125,469.0,464.0625,466.04998779296875,4059096
2018-01-12,428.1278991699219,466.32501220703125,469.5375061035156,465.0,468.25,4336708
2018-01-15,435.5758361816406,474.4375,476.1000061035156,464.9624938964844,467.48748779296875,12576444
2018-01-16,436.12664794921875,475.0375061035156,477.5,471.3125,475.86248779296875,6445384
2018-01-17,433.91180419921875,472.625,475.63751220703125,471.75,474.25,2905496
2018-01-18,443.9649353027344,483.57501220703125,488.5,479.51251220703125,481.0,16649540
2018-01-19,448.07330322265625,488.04998779296875,489.9750061035156,479.8125,483.7875061035156,11455988
2018-01-22,450.632568359375,490.8374938964844,497.0,488.2875061035156,490.0,8849768
2018-01-23,447.8667907714844,487.82501220703125,491.67498779296875,485.82501220703125,491.25,5047796
2018-01-24,449.32427978515625,489.4125061035156,492.25,487.6499938964844,488.13751220703125,4790568
2018-01-25,453.2949523925781,493.73748779296875,495.0,487.625,488.4750061035156,8723668
2018-01-29,458.96417236328125,499.9125061035156,501.73748779296875,494.5,494.5,8235892
2018-01-30,458.01165771484375,498.875,500.4750061035156,496.0375061035156,499.45001220703125,6397560
2018-01-31,460.352783203125,501.42498779296875,503.375,496.75,497.3500061035156,6943348
2018-02-01,457.0132751464844,497.7875061035156,503.75,496.32501220703125,501.5,6521420
2018-02-02,447.1093444824219,487.0,497.4750061035156,485.375,496.5,7346124
2018-02-05,439.2712097167969,478.4624938964844,483.8125,476.4624938964844,479.5,7926784
2018-02-06,435.3578186035156,474.20001220703125,478.0,459.07501220703125,465.0,10749804
2018-02-07,429.8492736816406,468.20001220703125,476.75,465.6000061035156,476.75,8364972
2018-02-08,431.71990966796875,470.23748779296875,474.6499938964844,466.625,471.0,5171444
2018-02-09,424.50140380859375,462.375,466.17498779296875,461.0249938964844,461.9750061035156,6408952
2018-02-12,430.73291015625,469.1625061035156,471.5,463.7875061035156,465.0,4381108
2018-02-14,432.224853515625,470.7875061035156,474.4750061035156,468.6625061035156,472.45001220703125,3577188
2018-02-15,431.93792724609375,470.4750061035156,473.6875,468.75,472.42498779296875,4915224
2018-02-16,431.1805419921875,469.6499938964844,473.7124938964844,468.9125061035156,470.9750061035156,3583520
2018-02-19,431.0887145996094,469.54998779296875,471.8999938964844,464.76251220703125,470.6499938964844,3654552
2018-02-20,427.6458740234375,465.79998779296875,471.4624938964844,464.70001220703125,471.1875,4084068
2018-02-21,426.314697265625,464.3500061035156,467.13751220703125,463.04998779296875,466.98748779296875,2753072
2018-02-22,425.3506164550781,463.29998779296875,465.0,460.38751220703125,462.5,13253596
2018-02-23,431.6280517578125,470.13751220703125,471.2124938964844,462.6000061035156,464.2250061035156,4076748
2018-02-26,438.7432556152344,477.88751220703125,478.70001220703125,470.88751220703125,472.0249938964844,4788884
2018-02-27,436.6775817871094,475.63751220703125,480.4375,475.0,478.6875,4787328
2018-02-28,432.4658508300781,471.04998779296875,473.86248779296875,469.5,472.38751220703125,4066364
2018-03-01,430.20501708984375,468.5874938964844,473.32501220703125,467.0,469.82501220703125,3909840
2018-03-05,429.19512939453125,467.48748779296875,469.5,464.5625,468.5375061035156,3781464
2018-03-06,423.7554626464844,461.5625,469.9750061035156,459.875,467.5,4576828
2018-03-07,420.6225280761719,458.1499938964844,463.3500061035156,457.125,460.0,5628164
2018-03-08,425.2702941894531,463.2124938964844,464.625,458.0,459.95001220703125,5518724
2018-03-09,424.857177734375,462.76251220703125,466.3125,461.0,463.73748779296875,4108108
2018-03-12,428.57537841796875,466.8125,467.36248779296875,463.3500061035156,465.04998779296875,6557116
2018-03-13,426.9687805175781,465.0625,471.1875,463.75,466.86248779296875,5124200
2018-03-14,427.94427490234375,466.125,466.9750061035156,462.0,464.0,3680392
2018-03-15,431.6855163574219,470.20001220703125,471.875,466.29998779296875,466.29998779296875,5870924
2018-03-16,425.30474853515625,463.25,470.2749938964844,461.63751220703125,470.0,7896336
2018-03-19,423.9849548339844,461.8125,465.0,460.7875061035156,463.25,7838740
2018-03-20,422.20623779296875,459.875,463.9750061035156,458.8125,461.2749938964844,3657372
2018-03-21,426.6589050292969,464.7250061035156,465.79998779296875,460.82501220703125,462.0,5921140
2018-03-22,428.690185546875,466.9375,470.0,463.7749938964844,464.7250061035156,6673224
2018-03-23,422.67669677734375,460.38751220703125,463.2749938964844,459.3125,461.6625061035156,7190152
2018-03-26,434.58892822265625,473.36248779296875,475.0,458.375,459.9750061035156,10501768
2018-03-27,434.3938293457031,473.1499938964844,474.75,469.0,473.45001220703125,6136836
2018-03-28,432.9018859863281,471.5249938964844,474.92498779296875,469.01251220703125,470.73748779296875,8837508
2018-04-02,443.25335693359375,482.79998779296875,483.9375,472.625,472.625,4596368
2018-04-03,439.74169921875,478.9750061035156,481.42498779296875,477.75,480.98748779296875,4079884
2018-04-04,432.247802734375,470.8125,481.23748779296875,469.61248779296875,478.23748779296875,3714108
2018-04-05,438.13507080078125,477.2250061035156,478.5,472.54998779296875,475.32501220703125,4858892
2018-04-06,441.4631042480469,480.8500061035156,481.61248779296875,476.45001220703125,478.04998779296875,3720008
2018-04-09,445.0551452636719,484.76251220703125,485.5,479.1000061035156,479.70001220703125,4003536
2018-04-10,440.8778076171875,480.2124938964844,485.75,478.375,485.75,6067236
2018-04-11,440.4187927246094,479.7124938964844,480.0,476.3500061035156,478.9750061035156,2870812
2018-04-12,442.7025146484375,482.20001220703125,483.2250061035156,476.4750061035156,479.0,4712516
2018-04-13,441.8303527832031,481.25,485.0,479.7749938964844,482.0,3297172
2018-04-16,445.7551574707031,485.5249938964844,487.5,479.9624938964844,480.0,2847744
2018-04-17,447.2241516113281,487.125,487.75,483.5249938964844,485.875,2667832
2018-04-18,443.57470703125,483.1499938964844,488.375,482.51251220703125,487.75,2712720
2018-04-19,445.04364013671875,484.75,486.20001220703125,483.25,485.0,3169032
2018-04-20,448.9225769042969,488.9750061035156,490.25,483.0375061035156,485.25,9361380
2018-04-23,444.2976989746094,483.9375,494.75,465.07501220703125,494.75,15304620
2018-04-24,444.12554931640625,483.75,487.01251220703125,481.5,483.75,5037416
2018-04-25,440.8548889160156,480.1875,484.5,478.0,481.9750061035156,4020592
2018-04-26,443.035400390625,482.5625,484.79998779296875,477.8125,479.20001220703125,7847480
2018-04-27,441.4631042480469,480.8500061035156,483.875,478.125,483.25,5777008
2018-04-30,446.2601318359375,486.07501220703125,488.70001220703125,482.20001220703125,482.5,4609552
2018-05-02,452.0440368652344,492.375,494.5,486.5,487.5,7100048
2018-05-03,451.6768493652344,491.9750061035156,493.7250061035156,486.5,492.01251220703125,4152772
2018-05-04,456.4049987792969,497.125,497.5,491.57501220703125,492.5,6881436
2018-05-07,453.85736083984375,494.3500061035156,496.82501220703125,493.75,495.4125061035156,5264128
2018-05-08,451.48175048828125,491.76251220703125,494.9750061035156,488.6499938964844,494.8125,7100564
2018-05-09,454.08685302734375,494.6000061035156,495.125,489.0375061035156,489.0375061035156,4327332
2018-05-10,457.3690185546875,498.17498779296875,499.75,495.5,497.1499938964844,7171672
2018-05-11,461.74139404296875,502.9375,504.25,496.5,498.17498779296875,6057068
2018-05-14,464.0365905761719,505.4375,506.8500061035156,503.1000061035156,504.29998779296875,4742916
2018-05-15,467.72052001953125,509.45001220703125,516.25,506.67498779296875,506.76251220703125,9826684
2018-05-16,464.4038391113281,505.8374938964844,512.25,504.2875061035156,507.63751220703125,6841604
2018-05-17,465.4137878417969,506.9375,511.11248779296875,503.125,505.9624938964844,6615476
2018-05-18,461.83319091796875,503.0375061035156,506.17498779296875,500.875,506.17498779296875,5217460
2018-05-21,457.4493713378906,498.26251220703125,505.25,496.51251220703125,504.0249938964844,4848108
2018-05-22,456.7263488769531,497.4750061035156,503.48748779296875,496.375,499.67498779296875,3960372
2018-05-23,451.58502197265625,491.875,498.5,490.8500061035156,496.95001220703125,5726292
2018-05-24,455.8312072753906,496.5,497.5625,489.0874938964844,491.7749938964844,4520744
2018-05-25,461.0413513183594,502.17498779296875,504.0,497.4750061035156,497.5,4759588
2018-05-28,468.7303466796875,510.54998779296875,513.0,501.5,501.95001220703125,5103940
2018-05-29,466.5269470214844,508.1499938964844,513.1749877929688,507.20001220703125,509.5,3351244
2018-05-30,470.14190673828125,512.0875244140625,513.25,504.07501220703125,504.92498779296875,4866996
2018-05-31,494.1878356933594,534.8624877929688,540.0,520.0,525.0,39639192
2018-06-01,487.5237731933594,527.6500244140625,534.5,525.25,529.0,21151356
2018-06-04,472.6481018066406,511.54998779296875,539.25,509.48748779296875,537.5,88796324
2018-06-05,476.6673583984375,515.9000244140625,516.7374877929688,505.75,512.5,17105460
2018-06-06,475.22369384765625,514.3375244140625,516.2000122070312,511.25,515.0499877929688,9782000
2018-06-07,476.34393310546875,515.5499877929688,519.9500122070312,513.2999877929688,518.2999877929688,10563896
2018-06-08,473.3757629394531,512.3375244140625,515.3125,508.75,514.75,6180888
2018-06-11,471.7473449707031,510.57501220703125,515.7374877929688,509.70001220703125,512.9749755859375,7091188
2018-06-12,472.1053161621094,510.9624938964844,513.1749877929688,509.6000061035156,512.9749755859375,5234256
2018-06-13,469.2410583496094,507.86248779296875,513.7000122070312,506.0249938964844,513.0,7897960
2018-06-14,470.615478515625,509.3500061035156,511.25,506.25,507.5,16927576
2018-06-15,468.8137512207031,507.3999938964844,509.7250061035156,505.57501220703125,506.5,10880816
2018-06-18,466.39990234375,504.7875061035156,509.70001220703125,502.2749938964844,507.5249938964844,7487404
2018-06-19,467.4047546386719,505.875,510.17498779296875,504.82501220703125,506.23748779296875,10981152
2018-06-20,474.94647216796875,514.0374755859375,514.5,506.25,506.5,9051712
2018-06-21,475.2814636230469,514.4000244140625,517.7000122070312,511.76251220703125,515.0,13510704
2018-06-22,481.2294006347656,520.8375244140625,522.2000122070312,512.4625244140625,514.2374877929688,7848980
2018-06-25,483.90875244140625,523.7374877929688,524.4500122070312,518.2625122070312,520.7625122070312,6992336
2018-06-26,483.62005615234375,523.4249877929688,525.75,519.9625244140625,521.5125122070312,9161932
2018-06-27,487.98577880859375,528.1500244140625,529.875,522.5,523.25,19126804
2018-06-28,492.2012634277344,532.7125244140625,535.0,527.7999877929688,528.75,37533540
2018-06-29,487.02716064453125,527.1124877929688,535.0,526.2750244140625,530.4249877929688,19458120
2018-07-02,478.8963317871094,518.3125,527.0999755859375,515.8125,527.0875244140625,9864876
2018-07-03,478.1918640136719,517.5499877929688,521.25,516.4000244140625,518.3125,6863100
2018-07-04,485.8953552246094,525.8875122070312,527.0125122070312,517.25,519.0625,6097992
2018-07-05,490.561279296875,530.9375,532.25,523.1375122070312,526.25,9735968
2018-07-06,488.57476806640625,528.7874755859375,533.8875122070312,527.8375244140625,528.3250122070312,8121344
2018-07-09,491.0001525878906,531.4124755859375,532.5,526.9375,530.4625244140625,6182296
2018-07-10,495.7931213378906,536.5999755859375,537.4000244140625,531.25,532.4749755859375,10950736
2018-07-11,496.220458984375,537.0625,538.9249877929688,533.7000122070312,536.2625122070312,5857920
2018-07-12,500.3089599609375,541.4874877929688,544.9625244140625,538.0,538.2249755859375,8020668
2018-07-13,503.7622985839844,545.2249755859375,547.7000122070312,540.7750244140625,542.0999755859375,7161188
2018-07-16,500.9789123535156,542.2125244140625,547.5125122070312,540.9375,544.8499755859375,9017336
2018-07-17,502.80364990234375,544.1875,545.25,540.8125,540.8125,6361924
2018-07-18,502.6766357421875,544.0499877929688,555.0,543.4124755859375,546.75,17460272
2018-07-19,504.96343994140625,546.5250244140625,548.375,542.75,545.75,5304776
2018-07-20,505.6448974609375,547.2625122070312,550.7125244140625,542.7750244140625,546.5250244140625,10006964
2018-07-23,498.1146545410156,539.1124877929688,544.5,534.5125122070312,537.5,16880132
2018-07-24,498.8768310546875,539.9375,542.25,536.75,536.75,5208792
2018-07-25,501.32537841796875,542.5875244140625,544.2000122070312,540.0,541.1624755859375,7038616
2018-07-26,506.46490478515625,548.1500244140625,550.8624877929688,541.25,541.25,21281092
2018-07-27,508.6707458496094,550.5374755859375,552.9874877929688,546.1749877929688,550.4874877929688,10554596
2018-07-30,501.2214050292969,542.4749755859375,549.75,539.8499755859375,549.75,7169120
2018-07-31,503.4388427734375,544.875,546.4749755859375,537.5125122070312,540.0,8860944
2018-08-01,498.63433837890625,539.6749877929688,543.75,537.9249877929688,540.7000122070312,6071560
2018-08-02,492.0511474609375,532.5499877929688,538.4249877929688,530.3375244140625,538.375,8905704
2018-08-03,490.0761413574219,530.4124755859375,536.7625122070312,528.5,533.3875122070312,13604008
2018-08-06,488.37847900390625,528.5750122070312,534.3499755859375,526.5250244140625,530.25,5744632
2018-08-07,492.2128601074219,532.7249755859375,533.625,527.0,531.25,7428456
2018-08-08,493.4718017578125,534.0875244140625,537.9500122070312,533.2625122070312,533.9625244140625,9945380
2018-08-09,489.34857177734375,529.625,535.5,523.6624755859375,535.5,8944408
2018-08-10,488.41302490234375,528.6124877929688,530.9500122070312,524.5,530.875,5442940
2018-08-13,483.14654541015625,522.9124755859375,525.9874877929688,520.0,521.0,10054252
2018-08-14,482.5575256347656,522.2750244140625,526.25,521.7999877929688,524.5,4935964
2018-08-16,479.4622802734375,518.9249877929688,521.6749877929688,516.5999755859375,520.75,10625160
2018-08-17,479.84344482421875,519.3375244140625,523.2625122070312,517.9124755859375,520.7249755859375,6065328
2018-08-20,484.1974792480469,524.0499877929688,526.9000244140625,518.75,518.75,7811136
2018-08-21,484.16290283203125,524.0125122070312,528.0,523.1624755859375,524.5,7776320
2018-08-23,480.43243408203125,519.9749755859375,526.75,519.2125244140625,526.25,12574552
2018-08-24,478.1110534667969,517.4625244140625,523.4000244140625,516.5125122070312,517.75,9714628
2018-08-27,480.5594482421875,520.1124877929688,522.125,517.5625,519.25,12574788
2018-08-28,483.8857727050781,523.7125244140625,524.5625,519.7000122070312,522.0,9973532
2018-08-29,480.1090393066406,519.625,523.5125122070312,518.1875,523.0374755859375,9873692
2018-08-30,477.2448425292969,516.5250244140625,521.9749755859375,515.4625244140625,520.9000244140625,21827460
2018-08-31,476.1130065917969,515.2999877929688,519.6875,514.5625,517.2999877929688,15771500
2018-09-03,479.31219482421875,518.7625122070312,519.7374877929688,515.875,517.3499755859375,7661608
2018-09-04,473.94171142578125,512.9500122070312,519.4874877929688,512.25,519.2249755859375,7130536
2018-09-05,472.5672912597656,511.4624938964844,515.0499877929688,508.88751220703125,513.4500122070312,5641508
2018-09-06,474.0340270996094,513.0499877929688,514.75,508.1499938964844,512.25,10402412
2018-09-07,475.1312255859375,514.2374877929688,515.0,510.1875,512.75,5919300
2018-09-10,471.4816589355469,510.2875061035156,513.75,506.2749938964844,513.75,8598592
2018-09-11,462.0688781738281,500.1000061035156,512.0,498.5375061035156,511.57501220703125,18186536
2018-09-12,464.71368408203125,502.9624938964844,505.3374938964844,497.38751220703125,500.4750061035156,12246008
2018-09-14,468.8137512207031,507.3999938964844,509.3500061035156,504.73748779296875,504.9624938964844,10334672
2018-09-17,460.1747741699219,498.04998779296875,505.73748779296875,497.0,505.32501220703125,9338220
2018-09-18,459.4817810058594,497.29998779296875,502.4624938964844,495.23748779296875,498.7250061035156,9325736
2018-09-19,453.048828125,490.3374938964844,499.5,489.125,498.7124938964844,16712264
2018-09-21,455.1046142578125,492.5625,499.9624938964844,477.54998779296875,493.4750061035156,22610148
2018-09-24,444.8140563964844,481.42498779296875,493.04998779296875,478.75,491.8125,13390792
2018-09-25,450.9814453125,488.1000061035156,490.5,478.75,481.42498779296875,16682552
2018-09-26,454.63104248046875,492.04998779296875,494.5,488.82501220703125,490.73748779296875,14726724
2018-09-27,456.4674072265625,494.0375061035156,496.5,488.7875061035156,492.3500061035156,18352208
2018-09-28,463.3740234375,501.51251220703125,503.86248779296875,494.2875061035156,495.1625061035156,14460716
2018-10-01,470.1650085449219,508.86248779296875,510.5,499.45001220703125,502.45001220703125,12449588
2018-10-03,469.1717834472656,507.7875061035156,513.0499877929688,501.75,507.61248779296875,15332148
2018-10-04,452.2172546386719,489.4375,504.45001220703125,485.75,502.0,17970584
2018-10-05,453.96124267578125,491.32501220703125,497.5,485.0375061035156,488.48748779296875,15729180
2018-10-08,449.2720947265625,486.25,492.25,482.5,491.25,20128020
2018-10-09,448.2557678222656,485.1499938964844,491.25,482.5,486.1000061035156,12459364
2018-10-10,454.38848876953125,491.7875061035156,495.5625,483.875,486.25,15939932
2018-10-11,447.5513000488281,484.38751220703125,487.07501220703125,479.3999938964844,481.25,14359904
2018-10-12,457.78399658203125,495.4624938964844,499.2749938964844,485.5,486.25,9600320
2018-10-15,463.8359375,502.01251220703125,502.70001220703125,492.57501220703125,497.5,12585968
2018-10-16,460.3017883300781,498.1875,504.54998779296875,496.875,500.75,9406004
2018-10-17,456.1094055175781,493.6499938964844,503.25,490.875,501.5249938964844,7940796
2018-10-19,454.527099609375,491.9375,495.2124938964844,489.5,489.7250061035156,9867348
2018-10-22,461.722412109375,499.7250061035156,505.0,497.1499938964844,503.5,20331160
2018-10-23,458.4770202636719,496.2124938964844,499.7250061035156,493.25,493.25,19428564
2018-10-24,460.186279296875,498.0625,502.20001220703125,493.1499938964844,501.0,18072336
2018-10-25,454.7696228027344,492.20001220703125,500.8999938964844,490.61248779296875,493.3999938964844,29847056
2018-10-26,453.01416015625,490.29998779296875,494.29998779296875,487.25,492.20001220703125,15155712
2018-10-29,444.95269775390625,481.57501220703125,491.23748779296875,473.79998779296875,491.0249938964844,17044280
2018-10-30,441.8227844238281,478.1875,483.0,474.82501220703125,481.25,13828704
2018-10-31,441.5917663574219,477.9375,479.4750061035156,471.25,475.51251220703125,23449404
2018-11-01,441.6957092285156,478.04998779296875,482.5,474.0,482.5,19629052
2018-11-02,450.300048828125,487.36248779296875,490.0,478.0,481.5,30092868
2018-11-05,451.81298828125,489.0,489.9125061035156,484.5,487.4750061035156,5705296
2018-11-06,449.6301574707031,486.63751220703125,494.0,485.73748779296875,488.75,8485588
2018-11-07,452.263427734375,489.48748779296875,491.23748779296875,487.5,490.25,958760
2018-11-09,449.36456298828125,486.3500061035156,489.9750061035156,484.07501220703125,489.54998779296875,10101620
2018-11-12,443.7399597167969,480.26251220703125,490.5,479.2875061035156,487.875,7907764
2018-11-13,445.2875671386719,481.9375,484.42498779296875,477.04998779296875,479.75,13350420
2018-11-14,452.2172546386719,489.4375,490.0,484.1499938964844,484.63751220703125,26110636
2018-11-15,456.2364196777344,493.7875061035156,494.32501220703125,482.79998779296875,490.4750061035156,10392524
2018-11-16,462.9696960449219,501.07501220703125,503.25,495.0,495.25,15813216
2018-11-19,465.187255859375,503.4750061035156,505.25,500.4750061035156,502.75,12286428
2018-11-20,464.852294921875,503.11248779296875,504.8999938964844,499.76251220703125,503.25,5705168
2018-11-21,466.3075256347656,504.6875,505.98748779296875,501.0,503.1875,6545604
2018-11-22,463.2469177246094,501.375,508.75,500.0375061035156,503.3125,12974552
2018-11-26,473.47967529296875,512.4500122070312,513.0,503.01251220703125,503.4750061035156,18184436
2018-11-27,476.75970458984375,516.0,516.9749755859375,510.1875,510.26251220703125,12895440
2018-11-28,482.5921325683594,522.3125,524.6500244140625,515.0250244140625,516.25,13021108
2018-11-29,492.2475280761719,532.7625122070312,534.3499755859375,523.5,525.25,31908636
2018-11-30,491.64691162109375,532.1124877929688,534.3875122070312,527.5,532.5,13040924
2018-12-03,488.1474609375,528.3250122070312,535.5,526.7249755859375,532.75,10799856
2018-12-04,481.737548828125,521.3875122070312,527.75,519.6500244140625,526.3499755859375,8157420
2018-12-05,484.8905029296875,524.7999877929688,526.3250122070312,518.9874877929688,519.5,11798844
2018-12-06,484.3938293457031,524.2625122070312,525.4124755859375,521.25,522.4249877929688,11730252
2018-12-07,486.830810546875,526.9000244140625,529.5,520.0750122070312,526.6749877929688,9903920
2018-12-10,482.4766845703125,522.1875,526.2000122070312,516.4749755859375,516.4749755859375,10915056
2018-12-11,475.73187255859375,514.8875122070312,517.8250122070312,508.0,514.0,18905780
2018-12-12,481.6798095703125,521.3250122070312,522.4500122070312,515.0250244140625,516.7374877929688,11370488
2018-12-13,485.3756408691406,525.3250122070312,531.25,522.8250122070312,523.75,7064236
2018-12-14,484.08203125,523.9249877929688,529.5,522.0125122070312,526.2249755859375,6158284
2018-12-17,492.0511474609375,532.5499877929688,533.1500244140625,524.75,526.0,8437324
2018-12-18,493.26385498046875,533.8624877929688,534.75,525.6500244140625,531.0,7413968
2018-12-19,490.49200439453125,530.8624877929688,539.8499755859375,528.3875122070312,533.2750244140625,9009896
2018-12-20,493.72576904296875,534.3624877929688,535.1124877929688,525.6624755859375,528.1375122070312,7980476
2018-12-21,487.6507568359375,527.7874755859375,537.2750244140625,527.2625122070312,533.5,10220308
2018-12-24,480.6056213378906,520.1624755859375,526.0,519.3375244140625,526.0,5601488
2018-12-26,490.2379150390625,530.5875244140625,531.75,517.25,519.25,7601916
2018-12-27,486.2418212890625,526.2625122070312,534.5499877929688,524.6124877929688,533.25,11639868
2018-12-28,490.36492919921875,530.7249755859375,534.4375,528.875,529.3375244140625,9415612
2018-12-31,490.0877380371094,530.4249877929688,534.25,529.1749877929688,534.25,5866528
2019-01-01,496.1858825683594,537.0250244140625,537.75,526.4000244140625,531.9124755859375,6373440
2019-01-02,491.6585388183594,532.125,536.875,529.9249877929688,535.7000122070312,8134232
2019-01-03,487.801025390625,527.9500122070312,532.0625,525.75,531.0499877929688,12771664
2019-01-04,489.1060485839844,529.3624877929688,532.125,527.5875244140625,528.8125,7287120
2019-01-07,489.84521484375,530.1624755859375,533.8375244140625,529.5,531.9249877929688,5387012
2019-01-08,485.76824951171875,525.75,530.875,524.1624755859375,530.5,8343460
2019-01-09,488.9559631347656,529.2000122070312,530.3375244140625,525.6500244140625,529.5,8568628
2019-01-10,487.0387268066406,527.125,530.9500122070312,523.1624755859375,529.25,7691540
2019-01-11,487.8240661621094,527.9749755859375,531.0,527.0,528.4500122070312,6408040
2019-01-14,485.4564514160156,525.4124755859375,527.4749755859375,524.6124877929688,527.4749755859375,4855160
2019-01-15,490.1339416503906,530.4749755859375,531.625,525.5,526.2625122070312,5087556
2019-01-16,489.7412414550781,530.0499877929688,531.25,527.0625,530.0125122070312,5252452
2019-01-17,492.5362548828125,533.0750122070312,533.9749755859375,528.3375244140625,531.3125,8240228
2019-01-18,492.062744140625,532.5625,534.75,528.6375122070312,533.75,5207976
2019-01-21,496.1973571777344,537.0374755859375,541.625,531.625,534.9874877929688,17561512
2019-01-22,493.35626220703125,533.9625244140625,536.7000122070312,532.2625122070312,536.5,8796976
2019-01-23,486.32269287109375,526.3499755859375,533.9625244140625,525.3624877929688,533.5,7624288
2019-01-24,485.5950927734375,525.5625,530.4124755859375,524.4749755859375,527.5,10111572
2019-01-25,484.15130615234375,524.0,527.5,522.5,523.25,11262236
2019-01-28,481.4140930175781,521.0374755859375,525.5125122070312,519.1875,522.5,15360436
2019-01-29,475.2814636230469,514.4000244140625,520.75,513.25,519.5625,14762788
2019-01-30,469.9917907714844,508.67498779296875,514.3125,507.0,514.3125,18514160
2019-01-31,480.4440002441406,519.9874877929688,522.4375,505.5,507.75,16579404
2019-02-01,482.8694152832031,522.6124877929688,529.25,519.1500244140625,519.9874877929688,15654188
2019-02-04,486.20709228515625,526.2249755859375,528.25,520.6624755859375,523.75,7938288
2019-02-05,488.3207092285156,528.5125122070312,529.75,524.25,527.0,8690288
2019-02-06,490.30718994140625,530.6624755859375,531.75,528.4000244140625,529.0625,10875684
2019-02-07,489.0598449707031,529.3125,532.5,526.4625244140625,531.2625122070312,7217308
2019-02-08,490.30718994140625,530.6624755859375,536.2374877929688,526.6624755859375,528.0,12235644
2019-02-11,494.2340087890625,534.9124755859375,535.7249755859375,528.3250122070312,528.3250122070312,7036364
2019-02-12,491.9356384277344,532.4249877929688,537.0,531.2000122070312,534.5,9772388
2019-02-14,487.4314270019531,527.5499877929688,535.0,526.4000244140625,535.0,7441388
2019-02-15,485.22540283203125,525.1624755859375,527.0250244140625,519.5499877929688,526.8375244140625,8416524
2019-02-18,482.7423400878906,522.4749755859375,529.5,521.5,526.7000122070312,7138744
2019-02-19,481.3910827636719,521.0125122070312,527.0374755859375,519.5499877929688,522.4249877929688,5268636
2019-02-20,487.00408935546875,527.0875244140625,527.75,520.4749755859375,522.125,4892500
2019-02-21,488.74798583984375,528.9749755859375,529.9874877929688,523.4000244140625,525.4249877929688,5261544
2019-02-22,483.1003112792969,522.8624877929688,532.0250244140625,522.2750244140625,529.8499755859375,8890708
2019-02-25,490.9423522949219,531.3499755859375,532.4874877929688,523.7874755859375,523.7874755859375,8140596
2019-02-26,487.5353088378906,527.6624755859375,531.25,525.2750244140625,527.8125,9607428
2019-02-27,483.28515625,523.0625,531.1124877929688,522.0374755859375,529.0250244140625,7030092
2019-02-28,479.88958740234375,519.3875122070312,526.4625244140625,518.2999877929688,523.2750244140625,11645376
2019-03-01,481.2294006347656,520.8375244140625,525.2249755859375,519.25,521.5625,9352928
2019-03-05,486.7153625488281,526.7750244140625,527.7750244140625,517.5,522.2249755859375,11837276
2019-03-06,486.0570068359375,526.0625,527.5750122070312,522.6375122070312,527.5,8458044
2019-03-07,491.1965026855469,531.625,532.5,523.75,527.4000244140625,10204852
2019-03-08,491.58917236328125,532.0499877929688,532.5,527.3624877929688,528.7625122070312,7053460
2019-03-11,491.64691162109375,532.1124877929688,535.9249877929688,530.5499877929688,533.0,9224108
2019-03-12,501.4754943847656,542.75,543.75,534.25,536.75,15097292
2019-03-13,514.306884765625,556.6375122070312,558.5,543.0250244140625,543.75,57166348
2019-03-14,513.8911743164062,556.1875,561.875,552.6500244140625,561.2125244140625,15379864
2019-03-15,520.4165649414062,563.25,564.9749755859375,557.0125122070312,557.75,12763088
2019-03-18,522.368408203125,565.3624877929688,572.9124755859375,561.75,565.4749755859375,14358720
2019-03-19,523.8235473632812,566.9375,568.9749755859375,562.75,567.375,11957992
2019-03-20,531.0418701171875,574.75,575.0,565.2625122070312,567.25,11711992
2019-03-22,525.7637939453125,569.0374755859375,576.75,567.7000122070312,575.0,30403880
2019-03-25,526.9534912109375,570.3250122070312,571.9625244140625,563.25,565.0,9199260
2019-03-26,533.8946533203125,577.8375244140625,578.75,568.1500244140625,568.9749755859375,11786848
2019-03-27,531.1459350585938,574.8624877929688,582.0125122070312,569.7625122070312,579.6375122070312,13885300
2019-03-28,531.919677734375,575.7000122070312,581.25,571.9625244140625,574.7000122070312,19554328
2019-04-01,533.9987182617188,577.9500122070312,583.0,576.1500244140625,581.3125,9647076
2019-04-02,530.0833740234375,573.7125244140625,580.0,571.3624877929688,580.0,10910496
2019-04-03,529.5982666015625,573.1875,579.0,572.0625,573.0250244140625,7659452
2019-04-04,527.5655517578125,570.9874877929688,578.25,570.0,573.1875,9211552
2019-04-05,532.5665283203125,576.4000244140625,578.4375,570.5,571.9500122070312,8351180
2019-04-08,528.8245239257812,572.3499755859375,580.7374877929688,570.0250244140625,579.75,6398132
2019-04-09,528.3278198242188,571.8125,575.75,566.75,574.1500244140625,10777600
2019-04-10,516.801513671875,559.3375244140625,571.0,557.75,562.5,108128700
2019-04-11,521.4559326171875,564.375,565.75,559.2374877929688,561.2249755859375,8793300
2019-04-12,523.24609375,566.3125,568.0499877929688,563.0250244140625,563.0250244140625,9170444
2019-04-15,528.6859130859375,572.2000122070312,573.2249755859375,566.0875244140625,567.5,10219780
2019-04-16,532.4393920898438,576.2625122070312,577.4749755859375,570.0750122070312,572.7374877929688,8273776
2019-04-18,529.80615234375,573.4124755859375,578.7625122070312,572.0,578.25,10614856
2019-04-22,524.0430297851562,567.1749877929688,581.25,565.25,581.25,20980420
2019-04-23,518.637939453125,561.3250122070312,572.5,560.4000244140625,569.3875122070312,15282400
2019-04-24,526.595458984375,569.9375,570.9749755859375,561.7625122070312,562.5,12354128
2019-04-25,522.8303833007812,565.8624877929688,574.7000122070312,564.4874877929688,571.7249755859375,18086636
2019-04-26,526.8726196289062,570.2374877929688,571.25,564.2249755859375,566.4749755859375,11707568
2019-04-30,535.3036499023438,579.3624877929688,580.0,569.5999755859375,571.25,12536836
2019-05-02,544.1621704101562,588.9500122070312,589.9124755859375,579.375,580.875,17169300
2019-05-03,546.9685668945312,591.9874877929688,594.5,589.125,591.0499877929688,12351520
2019-05-06,537.8445434570312,582.1124877929688,587.9749755859375,579.2625122070312,587.0,13748092
2019-05-07,536.4356079101562,580.5875244140625,589.5,579.5,587.9749755859375,9924204
2019-05-08,532.9476318359375,576.8125,580.9500122070312,572.0,580.6375122070312,12064208
2019-05-09,529.1710205078125,572.7249755859375,575.0,567.9000244140625,575.0,9027724
2019-05-10,530.4644775390625,574.125,581.2249755859375,572.8375244140625,572.8375244140625,10594200
2019-05-13,528.3163452148438,571.7999877929688,578.3375244140625,570.0,574.0125122070312,11071632
2019-05-14,528.47802734375,571.9749755859375,577.75,568.8875122070312,574.1749877929688,10494744
2019-05-15,528.2008056640625,571.6749877929688,576.7999877929688,570.5499877929688,574.0,8956348
2019-05-16,533.73291015625,577.6624755859375,579.75,570.0,570.1375122070312,8050136
2019-05-17,545.6173095703125,590.5250244140625,592.3250122070312,577.9000244140625,578.25,14758780
2019-05-20,561.8442993164062,608.0875244140625,609.6749877929688,595.0,602.0,17699632
2019-05-21,555.2264404296875,600.9249877929688,612.3499755859375,599.8624877929688,609.5,10325176
2019-05-22,555.7000122070312,601.4375,606.5,598.5625,602.9625244140625,11386660
2019-05-23,538.6878051757812,583.0250244140625,609.9749755859375,579.7750244140625,602.25,33081996
2019-05-24,548.2159423828125,593.3375244140625,596.5374755859375,585.0374755859375,589.9249877929688,13692800
2019-05-27,556.3005981445312,602.0875244140625,605.4749755859375,593.0625,594.7249755859375,12049024
2019-05-28,558.1138305664062,604.0499877929688,605.0,596.7625122070312,604.125,7364840
2019-05-29,558.2755126953125,604.2249755859375,607.7000122070312,602.5499877929688,602.5499877929688,7475216
2019-05-30,563.5074462890625,609.8875122070312,611.9749755859375,603.2625122070312,604.0,9359200
2019-05-31,560.2273559570312,606.3375244140625,616.25,589.2000122070312,614.2000122070312,19785080
2019-06-03,567.561279296875,614.2750244140625,614.9500122070312,606.2374877929688,606.75,8480860
2019-06-04,566.4525146484375,613.0750122070312,616.4375,610.2625122070312,613.75,6442988
2019-06-06,559.7653198242188,605.8375244140625,617.5,603.3375244140625,613.2999877929688,15634924
2019-06-07,565.3783569335938,611.9124755859375,613.5625,602.25,606.4124755859375,7970932
2019-06-10,563.6575317382812,610.0499877929688,617.4874877929688,608.0250244140625,617.4874877929688,7077140
2019-06-11,565.5515747070312,612.0999755859375,614.9749755859375,610.0875244140625,612.875,7103292
2019-06-12,560.6199951171875,606.7625122070312,612.0999755859375,605.9124755859375,611.25,7308620
2019-06-13,564.6969604492188,611.1749877929688,613.0,603.9874877929688,608.9874877929688,11107948
2019-06-14,562.4795532226562,608.7750244140625,614.7374877929688,606.25,610.7374877929688,11956920
2019-06-17,559.4534912109375,605.5,609.9749755859375,604.3250122070312,608.75,12810020
2019-06-18,558.3563842773438,604.3125,608.0,601.0,604.5,12419652
2019-06-19,560.9203491210938,607.0875244140625,611.2249755859375,604.1749877929688,606.75,10744276
2019-06-20,563.9418334960938,606.5875244140625,609.25,603.6500244140625,607.0875244140625,11171492
2019-06-21,561.1178588867188,603.5499877929688,607.4249877929688,601.4124755859375,606.5,13250260
2019-06-24,561.9894409179688,604.4874877929688,607.6500244140625,602.5,602.9874877929688,6915000
2019-06-25,564.4879150390625,607.1749877929688,610.375,600.75,604.9625244140625,8899800
2019-06-26,573.5989379882812,616.9749755859375,617.5,605.5,606.1749877929688,10533636
2019-06-27,572.2974243164062,615.5750122070312,623.625,614.0374755859375,617.1875,19879236
2019-06-28,567.9859619140625,610.9375,618.75,609.2625122070312,616.0,12756844
2019-07-01,577.7012939453125,621.3875122070312,622.25,612.5125122070312,614.0,8524160
2019-07-02,579.8977661132812,623.75,624.375,616.7999877929688,622.0,7246828
2019-07-03,578.6542358398438,622.4124755859375,625.8250122070312,620.75,624.75,7463256
2019-07-04,577.2944946289062,620.9500122070312,624.4749755859375,618.0,623.7000122070312,7993964
2019-07-05,574.6449584960938,618.0999755859375,623.7374877929688,615.0,621.2750244140625,7583060
2019-07-08,560.048828125,602.4000244140625,618.6500244140625,599.2625122070312,618.6375122070312,14607140
2019-07-09,552.971435546875,594.7874755859375,602.7000122070312,593.25,600.9625244140625,16482688
2019-07-10,555.20263671875,597.1875,599.5,591.5625,594.6875,11569148
2019-07-11,559.4793090820312,601.7874755859375,603.5,598.9124755859375,600.75,9097596
2019-07-12,556.399658203125,598.4749755859375,604.5,596.2625122070312,604.5,8976272
2019-07-15,556.5972290039062,598.6875,600.75,594.3375244140625,599.0,8233184
2019-07-16,555.7720947265625,597.7999877929688,604.5,595.5,604.5,12770568
2019-07-17,557.2247314453125,599.3624877929688,602.9000244140625,597.8250122070312,598.2374877929688,7759736
2019-07-18,560.583251953125,602.9749755859375,607.25,600.4749755859375,600.75,10802584
2019-07-19,552.1578979492188,593.9124755859375,605.1749877929688,591.75,603.75,8939228
2019-07-22,533.9358520507812,574.3125,587.4625244140625,570.3125,586.25,22171296
2019-07-23,526.091552734375,565.875,573.625,560.5125122070312,573.625,27802864
2019-07-24,530.1356201171875,570.2249755859375,573.25,562.75,564.1875,17363740
2019-07-25,531.3327026367188,571.5125122070312,578.8624877929688,570.0625,571.25,19462008
2019-07-26,529.2989501953125,569.3250122070312,573.4124755859375,568.2125244140625,569.5499877929688,12829828
2019-07-29,521.6289672851562,561.0750122070312,568.3875122070312,555.7625122070312,568.3875122070312,9976492
2019-07-30,523.4769287109375,563.0625,567.7999877929688,559.9749755859375,563.75,10394136
2019-07-31,523.3373413085938,562.9124755859375,566.75,558.5625,560.0,13891840
2019-08-01,517.548828125,555.4500122070312,560.0,549.25,557.2750244140625,18241676
2019-08-02,515.8133544921875,553.5875244140625,556.0,545.5,552.75,27825536
2019-08-05,507.6370849609375,544.8125,550.0,540.625,549.2625122070312,19822440
2019-08-06,509.9315490722656,547.2750244140625,552.5625,541.75,541.75,24890940
2019-08-07,508.74359130859375,546.0,550.5,541.25,547.5,18750136
2019-08-08,520.192626953125,558.2874755859375,560.75,545.75,549.5,19711600
2019-08-09,531.5718383789062,570.5,572.25,559.9500122070312,561.75,30436112
2019-08-13,517.2109375,555.0875244140625,568.3250122070312,550.6500244140625,568.3250122070312,15440068
2019-08-14,519.3307495117188,557.3624877929688,558.8499755859375,550.7625122070312,558.8499755859375,14254052
2019-08-16,518.923095703125,556.9249877929688,558.25,551.0250244140625,553.5,15247560
2019-08-19,514.0662231445312,551.7125244140625,560.5,550.4249877929688,559.625,8498200
2019-08-20,517.2692260742188,555.1500244140625,556.9500122070312,551.7125244140625,552.3125,10270592
2019-08-21,518.4921264648438,556.4625244140625,560.2999877929688,553.5499877929688,556.2249755859375,10472712
2019-08-22,506.4375,543.5250244140625,555.2125244140625,541.7625122070312,555.2125244140625,13992044
2019-08-23,503.7818908691406,540.6749877929688,544.25,534.9000244140625,540.25,20099616
2019-08-26,525.5502319335938,564.0374755859375,566.5374755859375,541.75,548.7249755859375,25280244
2019-08-27,526.4354248046875,564.9874877929688,568.2249755859375,560.0250244140625,564.0,20660832
2019-08-28,523.5352783203125,561.875,564.3375244140625,556.5875244140625,562.5,13662588
2019-08-29,518.7484130859375,556.7374877929688,563.4249877929688,555.0750122070312,561.5,14783716
2019-08-30,518.9813232421875,556.9874877929688,565.0,555.5,558.375,19233320
2019-09-03,515.0213623046875,552.7374877929688,555.25,549.0374755859375,555.0,11428676
2019-09-04,523.593505859375,561.9375,568.5,549.75,551.75,15060704
2019-09-05,520.658447265625,558.7874755859375,568.0999755859375,556.25,562.25,17296252
2019-09-06,523.1625366210938,561.4749755859375,564.1500244140625,555.3250122070312,557.0,12870004
2019-09-09,524.0245361328125,562.4000244140625,565.2249755859375,554.0250244140625,561.5,10643404
2019-09-11,524.4204711914062,562.8250122070312,568.5,560.2874755859375,568.5,15209116
2019-09-12,528.974609375,567.7125244140625,572.2000122070312,562.0374755859375,562.6749877929688,18132300
2019-09-13,525.8532104492188,564.3624877929688,566.8624877929688,559.5,562.75,15371340
2019-09-16,522.7549438476562,561.0374755859375,565.6624755859375,560.25,562.9749755859375,11030184
2019-09-17,515.1145629882812,552.8375244140625,562.125,549.5250244140625,561.9749755859375,10656556
2019-09-18,509.6171569824219,546.9375,556.0374755859375,545.0,554.3250122070312,12959884
2019-09-19,512.9598388671875,550.5250244140625,553.5250244140625,542.0,549.9500122070312,10623310
2019-09-20,558.8724975585938,599.7999877929688,604.9500122070312,552.7000122070312,554.0,46150034
2019-09-23,585.7306518554688,628.625,641.3499755859375,614.5,629.7750244140625,41920410
2019-09-24,584.1234130859375,626.9000244140625,630.9749755859375,613.7750244140625,625.0,23379048
2019-09-25,577.5543823242188,619.8499755859375,624.9500122070312,615.0499877929688,624.9500122070312,15608976
2019-09-26,578.85888671875,621.25,637.5,618.1749877929688,619.9000244140625,30671560
2019-09-27,579.6508178710938,622.0999755859375,626.75,618.7999877929688,624.125,14873170
2019-09-30,571.8472900390625,613.7249755859375,620.0,608.25,614.4000244140625,18218458
2019-10-01,581.7939453125,624.4000244140625,627.5,610.5499877929688,615.75,18768352
2019-10-03,570.0303955078125,611.7750244140625,621.9000244140625,608.1749877929688,619.9749755859375,16298876
2019-10-04,554.26025390625,594.8499755859375,619.7999877929688,592.6500244140625,618.3250122070312,18403632
2019-10-07,552.955810546875,593.4500122070312,609.9249877929688,590.5750122070312,600.5999755859375,22513220
2019-10-09,572.1734008789062,614.0750122070312,614.9500122070312,595.0,598.5499877929688,17427270
2019-10-10,559.3151245117188,600.2750244140625,612.9749755859375,598.5999755859375,610.9000244140625,11556858
2019-10-11,558.4998779296875,599.4000244140625,612.0,594.4749755859375,606.7000122070312,17186318
2019-10-14,561.1087036132812,602.2000122070312,609.9500122070312,598.7000122070312,604.5,12267802
2019-10-15,569.7974243164062,611.5250244140625,612.5,603.4249877929688,603.5,8400374
2019-10-16,568.8888549804688,610.5499877929688,617.5,605.0499877929688,615.8250122070312,10586816
2019-10-17,568.3765869140625,610.0,614.9249877929688,606.5499877929688,613.75,12243614
2019-10-18,572.5694580078125,614.5,616.9249877929688,610.1749877929688,612.7249755859375,11233806
2019-10-22,577.3680419921875,619.6500244140625,628.5,616.2999877929688,628.5,20006228
2019-10-23,578.4396362304688,620.7999877929688,624.875,616.5,623.4249877929688,10190214
2019-10-24,575.877197265625,618.0499877929688,627.0750122070312,613.1749877929688,624.0,13107494
2019-10-25,572.5694580078125,614.5,623.4249877929688,610.0,620.0,12993542
2019-10-27,576.6226196289062,618.8499755859375,620.9500122070312,617.5,619.9749755859375,1750082
2019-10-29,578.85888671875,621.25,628.6749877929688,618.8499755859375,619.0,14232568
2019-10-30,581.5842895507812,624.1749877929688,631.3499755859375,621.5,623.4500122070312,12011366
2019-10-31,573.1983642578125,615.1749877929688,631.9500122070312,613.5499877929688,628.8499755859375,13217706
2019-11-01,577.7174682617188,620.0250244140625,621.875,613.7999877929688,619.5,11512260
2019-11-04,576.2265625,618.4249877929688,625.0,614.5250244140625,623.2249755859375,9935176
2019-11-05,577.4613037109375,619.75,622.4000244140625,614.5250244140625,620.5,12367810
2019-11-06,585.451171875,628.3250122070312,629.5,614.0250244140625,621.2249755859375,12130336
2019-11-07,588.7355346679688,631.8499755859375,634.8499755859375,625.0,630.5,16963034
2019-11-08,584.9619140625,627.7999877929688,633.5,625.7249755859375,629.5,13251496
2019-11-11,589.2247314453125,632.375,634.25,625.25,626.2750244140625,14286610
2019-11-13,585.8704223632812,628.7750244140625,635.0,626.7999877929688,630.9749755859375,9293496
2019-11-14,593.487548828125,636.9500122070312,638.5,628.5999755859375,631.9000244140625,11055218
2019-11-15,595.35107421875,638.9500122070312,642.5,635.5499877929688,641.9249877929688,9279012
2019-11-18,587.9669189453125,631.0250244140625,639.7249755859375,629.3499755859375,638.5,9130292
2019-11-19,592.5558471679688,635.9500122070312,637.5,630.5499877929688,632.6500244140625,10570578
2019-11-20,593.2313232421875,636.6749877929688,641.4749755859375,633.5,636.5,11054258
2019-11-21,597.8901977539062,641.6749877929688,643.5,634.1749877929688,635.125,12019526
2019-11-22,589.2247314453125,632.375,641.8250122070312,631.0,641.8250122070312,7688010
2019-11-25,592.1830444335938,635.5499877929688,639.75,632.0750122070312,632.0750122070312,7893556
2019-11-26,594.0233154296875,637.5250244140625,639.875,633.4749755859375,639.2249755859375,8716002
2019-11-27,595.5841064453125,639.2000122070312,642.875,635.5999755859375,638.0,9580666
2019-11-28,589.4810180664062,632.6500244140625,641.5250244140625,631.0,640.0999755859375,12366040
2019-11-29,593.9766845703125,637.4749755859375,639.9500122070312,626.0,633.8499755859375,15567626
2019-12-02,589.6906127929688,632.875,636.9749755859375,629.2999877929688,636.9749755859375,8946204
2019-12-03,584.8687744140625,627.7000122070312,634.5,626.9000244140625,634.0999755859375,6991906
2019-12-04,583.1217651367188,625.8250122070312,628.4500122070312,617.0999755859375,626.25,11395614
2019-12-05,580.3031005859375,622.7999877929688,629.375,620.375,627.7999877929688,12772494
2019-12-06,580.5127563476562,623.0250244140625,630.0,619.0999755859375,624.4749755859375,13774650
2019-12-09,579.0684204101562,621.4749755859375,624.9249877929688,618.7750244140625,624.75,8265350
2019-12-10,582.1200561523438,624.75,626.8250122070312,622.5499877929688,625.5,9788900
2019-12-11,581.7706298828125,624.375,627.0,621.25,625.0499877929688,11054642
2019-12-12,588.68896484375,631.7999877929688,634.7249755859375,626.5,626.5,12913148
2019-12-13,588.8054809570312,631.9249877929688,636.1749877929688,629.625,632.5,11775186
2019-12-16,585.7772827148438,628.6749877929688,635.0,624.0999755859375,634.625,11327576
2019-12-17,592.1830444335938,635.5499877929688,637.4000244140625,627.6749877929688,630.0,12427354
2019-12-18,602.0831298828125,646.1749877929688,649.5,636.8250122070312,641.5,17447172
2019-12-19,600.42919921875,644.4000244140625,652.75,643.0499877929688,652.5,13018376
2019-12-20,604.1095581054688,648.3499755859375,649.7999877929688,640.0250244140625,644.375,15026044
2019-12-23,606.7651977539062,651.2000122070312,652.0,644.4000244140625,649.5,10195782
2019-12-24,600.59228515625,644.5750122070312,650.5499877929688,643.4749755859375,649.2999877929688,7179208
2019-12-26,591.8802490234375,635.2249755859375,645.9249877929688,632.3250122070312,644.8499755859375,14949758
2019-12-27,594.0000610351562,637.5,639.5,635.0,636.0,7092992
2019-12-30,597.3311157226562,641.0750122070312,644.375,637.0250244140625,641.0,9334190
2019-12-31,592.64892578125,636.0499877929688,640.9749755859375,634.3250122070312,640.9749755859375,8357056
2020-01-01,595.67724609375,639.2999877929688,640.0,635.2999877929688,638.0499877929688,3673698
2020-01-02,599.47412109375,643.375,644.0,639.5,639.5,6137166
2020-01-03,590.9252319335938,634.2000122070312,642.5,631.7999877929688,641.0999755859375,10855550
2020-01-06,578.13671875,620.4749755859375,630.9000244140625,618.0,630.0,10890186
2020-01-07,587.291259765625,630.2999877929688,635.7249755859375,626.125,629.4500122070312,14724494
2020-01-08,585.7539672851562,628.6500244140625,631.0750122070312,620.0250244140625,623.4749755859375,11332110
2020-01-09,592.3228149414062,635.7000122070312,637.9000244140625,631.5499877929688,632.5,9546316
2020-01-10,597.5872802734375,641.3499755859375,643.4500122070312,637.5499877929688,642.0499877929688,9214580
2020-01-13,599.1246948242188,643.0,648.25,638.0,641.3499755859375,7451568
2020-01-14,600.7552490234375,644.75,646.2750244140625,638.75,644.5,7886290
2020-01-15,598.3094482421875,642.125,643.9749755859375,637.0499877929688,643.2000122070312,11787448
2020-01-16,599.8934936523438,643.8250122070312,645.5,639.6749877929688,641.0250244140625,7150400
2020-01-17,595.4675903320312,639.0750122070312,642.4500122070312,635.9500122070312,640.875,16918814
2020-01-20,584.6358032226562,627.4500122070312,652.4249877929688,626.25,652.4249877929688,22178450
2020-01-21,579.720703125,622.1749877929688,625.0,619.2000122070312,625.0,14984804
2020-01-22,578.090087890625,620.4249877929688,627.5,617.2000122070312,624.0250244140625,18368310
2020-01-23,579.9535522460938,622.4249877929688,623.4249877929688,615.5,620.0,11508920
2020-01-24,579.81396484375,622.2750244140625,627.0,619.5499877929688,623.0,11831756
2020-01-27,565.20849609375,606.5999755859375,617.5,605.875,617.5,18888552
2020-01-28,569.8673095703125,611.5999755859375,613.9000244140625,606.625,609.4000244140625,13412158
2020-01-29,575.7606811523438,617.9249877929688,621.0,611.125,612.6500244140625,13788350
2020-01-30,571.195068359375,613.0250244140625,619.4749755859375,608.5999755859375,619.4749755859375,12111984
2020-01-31,571.3115844726562,613.1500244140625,618.9000244140625,610.125,615.7249755859375,11178268
2020-02-03,555.7044677734375,596.4000244140625,598.9749755859375,588.8499755859375,598.5,13077010
2020-02-04,572.942138671875,614.9000244140625,617.0,599.0,599.0,20897704
2020-02-05,579.8604736328125,622.3250122070312,624.0,613.6500244140625,617.4500122070312,18020682
2020-02-06,577.6010131835938,619.9000244140625,624.3499755859375,618.5999755859375,622.3250122070312,11827550
2020-02-07,578.7190551757812,621.0999755859375,623.5,615.7999877929688,623.0,6815448
2020-02-10,577.833984375,620.1500244140625,621.4749755859375,613.0250244140625,621.4749755859375,9219834
2020-02-11,577.9736328125,620.2999877929688,627.5,619.0250244140625,621.6500244140625,11613520
2020-02-12,581.8870849609375,624.5,626.4500122070312,622.0250244140625,622.5999755859375,6297930
2020-02-13,578.3463745117188,620.7000122070312,629.9500122070312,616.7999877929688,629.9500122070312,9112140
2020-02-14,568.0736083984375,609.6749877929688,624.2000122070312,607.5,621.5999755859375,14688858
2020-02-17,567.0487060546875,608.5750122070312,616.5,607.2249755859375,612.5,10152690
2020-02-18,565.2317504882812,606.625,609.25,601.75,608.4500122070312,10529116
2020-02-19,571.7308349609375,613.5999755859375,615.0,606.9500122070312,611.25,10012268
2020-02-20,567.0254516601562,608.5499877929688,615.0,607.0499877929688,615.0,11123414
2020-02-24,563.6943359375,604.9749755859375,607.375,600.0,604.4749755859375,16568084
2020-02-25,559.1986694335938,600.1500244140625,604.5,599.0,602.0,13886680
2020-02-26,558.70947265625,599.625,602.3499755859375,592.8250122070312,598.75,13814786
2020-02-27,558.8025512695312,599.7249755859375,601.25,590.5,597.5,20655098
2020-02-28,548.6464233398438,588.8250122070312,592.5,585.0499877929688,587.75,24313056
2020-03-02,549.5548095703125,589.7999877929688,600.5750122070312,583.0750122070312,600.0999755859375,14664898
2020-03-03,550.5797729492188,590.9000244140625,592.6749877929688,584.0,587.5,22369550
2020-03-04,535.2291259765625,574.4249877929688,590.0,566.5499877929688,589.1749877929688,34288870
2020-03-05,536.3936767578125,575.6749877929688,582.5,571.375,576.5,19549708
2020-03-06,528.72998046875,567.4500122070312,570.4500122070312,550.5,562.5,23053566
2020-03-09,515.8716430664062,553.6500244140625,559.2000122070312,532.5,555.0,34420590
2020-03-11,518.8997802734375,556.9000244140625,560.0,546.0,552.5,35538240
2020-03-12,475.8056945800781,510.6499938964844,540.0,501.7250061035156,537.5,59000770
2020-03-13,498.4010314941406,534.9000244140625,540.7249755859375,459.6000061035156,490.0249938964844,66342364
2020-03-16,465.6494445800781,499.75,518.5,497.5,517.5,31986322
2020-03-17,454.2818908691406,487.54998779296875,505.0,477.3500061035156,504.0,42676838
2020-03-18,408.53228759765625,438.45001220703125,496.5,432.5,492.5,61181406
2020-03-19,417.2209777832031,447.7749938964844,459.9750061035156,397.5,423.5,67220048
2020-03-20,411.3042297363281,441.42498779296875,457.29998779296875,412.2749938964844,437.5,88637464
2020-03-23,359.4515686035156,385.7749938964844,419.375,382.5,397.29998779296875,50276954
2020-03-24,357.657958984375,383.8500061035156,405.0,369.375,397.625,61057272
2020-03-25,399.14471435546875,428.375,433.7250061035156,377.625,385.2250061035156,47228042
2020-03-26,419.8065490722656,450.54998779296875,468.8500061035156,420.5,435.04998779296875,57043156
2020-03-27,421.3673400878906,452.2250061035156,494.32501220703125,436.04998779296875,472.4750061035156,55235936
2020-03-30,387.4510803222656,415.82501220703125,443.5,414.0,440.0,39268444
2020-03-31,401.5440368652344,430.95001220703125,436.79998779296875,419.0,426.8999938964844,35211092
2020-04-01,386.5193176269531,414.82501220703125,431.92498779296875,410.0,431.92498779296875,29103504
2020-04-03,379.15838623046875,406.92498779296875,422.0,405.0,421.5,34996280
2020-04-07,417.4771728515625,448.04998779296875,453.6499938964844,422.67498779296875,437.0,60412638
2020-04-08,414.12286376953125,444.45001220703125,472.5,433.04998779296875,439.9750061035156,56219352
2020-04-09,430.9644775390625,462.5249938964844,465.45001220703125,445.0,456.5,44457146
2020-04-13,417.1277770996094,447.67498779296875,473.3500061035156,443.1000061035156,467.0,34158056
2020-04-15,402.1962585449219,431.6499938964844,465.25,421.5,465.25,57978752
2020-04-16,409.8599853515625,439.875,445.3500061035156,428.125,432.5,53854396
2020-04-17,424.0927734375,455.1499938964844,460.0,443.625,457.5,55883462
2020-04-20,440.1889343261719,472.42498779296875,480.4750061035156,467.5,475.5,66232986
2020-04-21,429.3805236816406,460.82501220703125,467.0,454.0,462.5,33178006
2020-04-22,432.61834716796875,464.29998779296875,466.5,453.6499938964844,459.57501220703125,38289354
2020-04-23,444.89434814453125,477.4750061035156,479.25,456.2749938964844,467.5,40901222
2020-04-24,437.0209655761719,469.0249938964844,479.20001220703125,463.0,466.5,33284568
2020-04-27,433.1308898925781,464.8500061035156,478.70001220703125,463.1499938964844,472.57501220703125,27421072
2020-04-28,433.9228515625,465.70001220703125,471.8999938964844,461.0,471.8999938964844,29441436
2020-04-29,455.21368408203125,488.54998779296875,496.3500061035156,467.04998779296875,467.5,55877778
2020-04-30,466.72100830078125,500.8999938964844,509.5,496.04998779296875,500.70001220703125,43793134
2020-05-04,430.0094299316406,461.5,480.0,458.75,478.75,26722324
2020-05-05,424.6285400390625,455.7250061035156,472.0,454.0249938964844,469.0,29672858
2020-05-06,440.9111022949219,473.20001220703125,475.0,452.82501220703125,459.5,33785846
2020-05-07,430.94122314453125,462.5,471.6499938964844,460.67498779296875,470.25,21831730
2020-05-08,432.8280029296875,464.5249938964844,471.9750061035156,462.6000061035156,471.0,20807484
2020-05-11,426.6551208496094,457.8999938964844,477.0,457.0,468.5,28550784
2020-05-12,420.0162353515625,450.7749938964844,454.70001220703125,435.54998779296875,450.5,49568418
2020-05-13,432.17584228515625,463.82501220703125,480.0,461.04998779296875,475.5,44346966
2020-05-14,416.35906982421875,446.8500061035156,455.5,445.0,449.0,39554890
2020-05-15,413.7734069824219,444.07501220703125,446.20001220703125,437.5,445.25,24349628
2020-05-18,389.7804870605469,418.32501220703125,444.0,415.6499938964844,444.0,46649964
2020-05-19,386.9852294921875,415.32501220703125,433.6499938964844,413.04998779296875,430.42498779296875,47460692
2020-05-20,399.30780029296875,428.54998779296875,432.0,416.1000061035156,418.2250061035156,40014306
2020-05-21,400.44921875,429.7749938964844,442.0,426.1499938964844,430.7250061035156,48478908
2020-05-22,390.805419921875,419.42498779296875,435.1499938964844,416.5249938964844,425.0,42047432
2020-05-26,397.1181335449219,426.20001220703125,435.875,424.375,428.5,38005152
2020-05-27,420.9945983886719,451.82501220703125,454.8999938964844,428.57501220703125,429.95001220703125,56025754
2020-05-28,440.37530517578125,472.625,475.0,456.9750061035156,460.0,75488806
2020-05-29,443.3569641113281,475.82501220703125,477.5,461.7250061035156,472.0,53025166
2020-06-01,460.1287536621094,493.82501220703125,497.5,483.04998779296875,487.5,39190230
2020-06-02,466.3482666015625,500.5,502.5,487.6000061035156,493.3500061035156,41623594
2020-06-03,476.248291015625,511.125,523.125,507.7250061035156,510.0,50546088
2020-06-04,466.67437744140625,500.8500061035156,519.4749755859375,495.54998779296875,514.0250244140625,54275882
2020-06-05,481.4195251464844,516.6749877929688,521.2000122070312,501.3999938964844,501.54998779296875,35195984
2020-06-08,473.2899169921875,507.95001220703125,533.3250122070312,503.20001220703125,530.0,49812664
2020-06-09,459.96563720703125,493.6499938964844,513.375,489.7749938964844,510.0,61844146
2020-06-10,462.0854187011719,495.92498779296875,499.92498779296875,489.1000061035156,495.0,36497730
2020-06-11,451.25372314453125,484.29998779296875,494.20001220703125,482.5,492.5,30897714
2020-06-12,457.8459167480469,491.375,493.32501220703125,464.0,464.0,42644876
2020-06-15,442.5183410644531,474.92498779296875,487.0,471.5,484.0,32009936
2020-06-16,461.4099426269531,495.20001220703125,496.9750061035156,476.0,487.5,45399970
2020-06-17,456.21533203125,489.625,499.45001220703125,486.625,494.5,36957838
2020-06-18,475.1767272949219,509.9750061035156,512.4500122070312,486.0,490.0,40870126
2020-06-19,481.4195251464844,516.6749877929688,521.5,506.07501220703125,508.9750061035156,47877752
2020-06-22,479.2765197753906,514.375,522.9749755859375,511.8999938964844,519.7249755859375,29694474
2020-06-23,485.5892028808594,521.1500244140625,522.5,508.2749938964844,519.5,28830512
2020-06-24,481.0235595703125,516.25,528.75,515.0250244140625,524.25,39429246
2020-06-25,479.2765197753906,514.375,524.5,503.5,510.95001220703125,70646790
2020-06-26,492.181396484375,528.2249755859375,531.5,514.0,520.5,39969138
2020-06-29,501.3128356933594,538.0250244140625,541.2999877929688,518.5,518.5,46005956
2020-06-30,496.56072998046875,532.9249877929688,539.2750244140625,528.1500244140625,537.0,35746130
2020-07-01,505.2959899902344,542.2999877929688,548.0,530.6500244140625,532.9249877929688,34846718
2020-07-02,507.5323181152344,544.7000122070312,555.625,542.5999755859375,545.1500244140625,36954496
2020-07-03,500.3343811035156,536.9749755859375,547.9000244140625,535.0,546.5,27597254
2020-07-06,513.8682861328125,551.5,559.9500122070312,550.0,553.9749755859375,35558216
2020-07-07,514.8699340820312,552.5750122070312,555.8499755859375,546.5250244140625,554.7000122070312,24349850
2020-07-08,517.29248046875,555.1749877929688,562.4500122070312,552.5,553.5,30056350
2020-07-09,524.0943603515625,562.4749755859375,564.8499755859375,553.625,559.0,20114484
2020-07-10,514.8466186523438,552.5499877929688,560.0,549.7750244140625,558.9500122070312,17562978
2020-07-13,503.2694091796875,540.125,556.5,535.6500244140625,554.9500122070312,29922114
2020-07-14,493.299560546875,529.4249877929688,534.4500122070312,525.0,531.2999877929688,26612674
2020-07-15,490.6440124511719,526.5750122070312,539.5,525.0499877929688,535.0999755859375,20974394
2020-07-16,495.0233459472656,531.2750244140625,532.75,517.0499877929688,526.8250122070312,23662456
2020-07-17,511.74853515625,549.2249755859375,552.0,529.1500244140625,529.5250244140625,28405738
2020-07-20,527.8680419921875,566.5250244140625,576.4500122070312,562.0750122070312,567.5,65124096
2020-07-21,530.4303588867188,569.2750244140625,578.9749755859375,567.0,576.0250244140625,47512422
2020-07-22,524.74658203125,563.1749877929688,572.25,558.7750244140625,569.25,24718012
2020-07-23,526.633544921875,565.2000122070312,571.9500122070312,558.125,562.5,20149122
2020-07-24,521.3689575195312,559.5499877929688,561.4500122070312,550.625,561.4500122070312,19598440
2020-07-27,502.9200134277344,539.75,551.5,537.6749877929688,549.9249877929688,37970094
2020-07-28,506.2510986328125,543.3250122070312,547.2000122070312,529.75,539.5,35596450
2020-07-29,495.97833251953125,532.2999877929688,544.25,527.7750244140625,540.5,33592086
2020-07-30,489.4793701171875,525.3250122070312,541.8250122070312,523.3499755859375,537.0,26956266
2020-07-31,481.1633605957031,516.4000244140625,528.8499755859375,510.0249938964844,528.8499755859375,37726696
2020-08-03,466.81414794921875,501.0,513.4749755859375,496.5,512.9749755859375,31783542
2020-08-04,485.2864074707031,520.8250122070312,530.5250244140625,501.5,504.0,60306168
2020-08-05,478.7174377441406,513.7750244140625,527.9000244140625,510.0,523.9749755859375,33221360
2020-08-06,484.8437805175781,520.3499755859375,527.5,513.125,518.5,33646888
2020-08-07,486.311279296875,521.9249877929688,523.5999755859375,510.29998779296875,517.4249877929688,24836784
2020-08-10,489.4793701171875,525.3250122070312,532.0,521.9000244140625,522.0,22172854
2020-08-11,496.9334411621094,533.3250122070312,535.5,524.25,524.25,20136148
2020-08-12,495.5590515136719,531.8499755859375,533.0,524.0,532.5,20666432
2020-08-13,493.3927001953125,529.5250244140625,535.6749877929688,528.25,533.9749755859375,19892740
2020-08-14,481.9320373535156,517.2249755859375,532.9500122070312,513.6500244140625,532.9500122070312,20924512
2020-08-17,481.1400451660156,516.375,523.5,510.1000061035156,523.5,19561012
2020-08-18,492.2047424316406,528.25,530.8250122070312,511.0,514.0,24040824
2020-08-19,496.91015625,533.2999877929688,534.9000244140625,528.125,532.5,17715624
2020-08-20,493.3694152832031,529.5,534.4749755859375,526.0,527.4749755859375,19216734
2020-08-21,505.7851867675781,542.8250122070312,544.4000244140625,532.2999877929688,532.7000122070312,28924302
2020-08-24,520.4139404296875,558.5250244140625,561.4749755859375,542.8250122070312,543.0,36779740
2020-08-25,521.6484375,559.8499755859375,563.5,553.0999755859375,559.5,27601738
2020-08-26,521.066162109375,559.2249755859375,565.875,554.75,560.5,25190062
2020-08-27,518.1077880859375,556.0499877929688,564.9500122070312,553.125,562.9000244140625,20645996
2020-08-28,519.2259521484375,557.25,562.5,547.5,555.9749755859375,38696610
2020-08-31,519.8548583984375,557.9249877929688,574.4000244140625,550.3499755859375,564.75,38501166
2020-09-01,525.1892700195312,563.6500244140625,571.7999877929688,554.0,564.0,28877884
2020-09-02,528.3804931640625,567.0750122070312,569.5,560.3499755859375,562.0499877929688,19761682
2020-09-03,526.8665161132812,565.4500122070312,572.9749755859375,564.0,568.625,19833362
2020-09-04,521.4622192382812,559.6500244140625,562.7000122070312,552.2000122070312,555.0,23661370
2020-09-07,517.3623657226562,555.25,559.75,549.5,558.1500244140625,17615466
2020-09-08,518.2708740234375,556.2249755859375,559.4000244140625,551.5,557.0,14624918
2020-09-09,510.84002685546875,548.25,555.0,545.625,550.5,15728872
2020-09-10,508.0680236816406,545.2750244140625,552.4249877929688,542.0,551.5,15188088
2020-09-11,502.52410888671875,539.3250122070312,552.4249877929688,535.5,548.2249755859375,20794730
2020-09-14,492.8802185058594,528.9749755859375,547.0,526.1749877929688,544.0,21650590
2020-09-15,498.72711181640625,535.25,538.0750122070312,529.0499877929688,534.0,16505110
2020-09-16,509.5122985839844,546.8250122070312,548.0,534.1749877929688,535.0999755859375,18710112
2020-09-17,504.83013916015625,541.7999877929688,547.0,539.0,542.0,18318686
2020-09-18,492.5774841308594,528.6500244140625,546.0999755859375,523.5999755859375,546.0,23481778
2020-09-21,488.85040283203125,524.6500244140625,535.6749877929688,520.75,527.5,19842878
2020-09-22,482.3746032714844,517.7000122070312,529.0750122070312,514.75,527.0250244140625,18620678
2020-09-23,487.8952941894531,523.625,527.5,517.1749877929688,523.0,16079828
2020-09-24,480.0451965332031,515.2000122070312,523.5,512.5,519.0,19809510
2020-09-25,486.3811950683594,522.0,525.9749755859375,512.8250122070312,525.0,20321544
2020-09-28,491.1331787109375,527.0999755859375,529.5,521.3250122070312,524.4749755859375,16152422
2020-09-29,495.0233459472656,531.2750244140625,534.9500122070312,525.5,529.0,12644446
2020-09-30,502.5007019042969,539.2999877929688,543.4500122070312,526.0,530.0,18813842
2020-10-01,515.7084350585938,553.4749755859375,555.0,545.0499877929688,545.0499877929688,21203080
2020-10-05,519.156005859375,557.1749877929688,566.0,555.5,556.0,16940126
2020-10-06,533.0160522460938,572.0499877929688,574.0,563.0999755859375,567.5250244140625,19371990
2020-10-07,541.471923828125,581.125,582.4249877929688,568.7999877929688,572.4500122070312,21248778
2020-10-08,555.2386474609375,595.9000244140625,601.5,581.6749877929688,590.0,35060674
2020-10-09,574.6891479492188,616.7750244140625,618.5,595.8250122070312,600.5,44972388
2020-10-12,565.418212890625,606.8250122070312,621.375,602.7999877929688,615.7750244140625,19220546
2020-10-13,558.3367309570312,599.2249755859375,611.2249755859375,597.5,606.7000122070312,18353952
2020-10-14,564.4166259765625,605.75,607.1500244140625,587.75,597.7750244140625,22582918
2020-10-15,544.73291015625,584.625,608.5,582.0,607.0999755859375,28246896
2020-10-16,558.7559814453125,599.6749877929688,601.75,586.5,590.0,25822848
2020-10-19,560.7127685546875,601.7750244140625,617.5,596.2999877929688,617.5,42359556
2020-10-20,570.2167358398438,611.9749755859375,613.7000122070312,602.9500122070312,603.75,27411978
2020-10-21,580.8155517578125,623.3499755859375,625.5,610.8499755859375,615.2999877929688,35640752
2020-10-22,574.57275390625,616.6500244140625,625.0,611.5,619.9749755859375,21913060
2020-10-23,575.7374267578125,617.9000244140625,624.2249755859375,615.5999755859375,621.75,15866230
2020-10-26,564.1370239257812,605.4500122070312,621.0,602.2999877929688,614.9000244140625,19571976
2020-10-27,574.4794921875,616.5499877929688,618.0,598.9249877929688,613.0,24317780
2020-10-28,563.5313110351562,604.7999877929688,616.0,600.75,614.0,16571186
2020-10-29,553.0955200195312,593.5999755859375,602.2249755859375,589.25,600.2999877929688,23060024
2020-10-30,551.3951416015625,591.7750244140625,599.6500244140625,588.1749877929688,591.2750244140625,11522716
2020-11-02,566.16357421875,607.625,612.5,588.75,597.1749877929688,21926080
2020-11-03,581.3978881835938,623.9749755859375,625.375,612.75,613.2249755859375,28164230
2020-11-04,585.8004760742188,628.7000122070312,632.4000244140625,615.0,626.0,23404822
2020-11-05,591.2979125976562,634.5999755859375,638.0,626.1749877929688,633.0,21433928
2020-11-06,609.2110595703125,653.8250122070312,655.0,632.75,633.125,35705724
2020-11-09,624.53857421875,670.2750244140625,672.9749755859375,657.5999755859375,657.5999755859375,26288440
2020-11-10,649.2769775390625,696.8250122070312,697.5,675.7750244140625,678.5,41517356
2020-11-11,647.5531616210938,694.9749755859375,707.4000244140625,685.25,699.9500122070312,36116194
2020-11-12,639.0508422851562,685.8499755859375,694.2750244140625,680.0,688.7000122070312,27053948
2020-11-13,633.041015625,679.4000244140625,684.4000244140625,673.5,684.4000244140625,22472480
2020-11-14,638.1190795898438,684.8499755859375,687.4749755859375,682.5999755859375,683.9000244140625,1835066
2020-11-17,656.1719970703125,704.2249755859375,706.2999877929688,690.2999877929688,692.9000244140625,31059900
2020-11-18,656.2885131835938,704.3499755859375,709.5,699.5250244140625,701.5,18862776
2020-11-19,640.285400390625,687.1749877929688,699.7249755859375,684.0,694.8499755859375,20266882
2020-11-20,653.935791015625,701.8250122070312,704.2000122070312,682.5250244140625,686.3250122070312,20405362
2020-11-23,649.7195434570312,697.2999877929688,711.8250122070312,687.6749877929688,707.5,25246636
2020-11-24,670.031982421875,719.0999755859375,722.5,701.0250244140625,704.0,40154400
2020-11-25,653.539794921875,701.4000244140625,732.2000122070312,698.5,725.6500244140625,24152602
2020-11-26,664.651123046875,713.3250122070312,716.0,693.5,707.5,27943126
2020-11-27,671.2666015625,720.4249877929688,723.0,707.7750244140625,715.9000244140625,17994580
2020-12-01,667.7491455078125,716.6500244140625,724.5,712.75,720.4249877929688,17147574
2020-12-02,655.4732055664062,703.4749755859375,715.9000244140625,697.4000244140625,715.5,17892150
2020-12-03,641.6131591796875,688.5999755859375,716.0,687.0250244140625,714.5,37933222
2020-12-04,645.526611328125,692.7999877929688,700.7249755859375,686.6500244140625,690.5,26912322
2020-12-07,639.30712890625,686.125,689.9749755859375,679.0499877929688,687.5,24316318
2020-12-08,641.1939086914062,688.1500244140625,694.4000244140625,682.5750122070312,687.5,19457896
2020-12-09,655.5897216796875,703.5999755859375,705.0250244140625,687.5250244140625,688.5,22069074
2020-12-10,645.64306640625,692.9249877929688,701.0,687.875,699.0,19727966
2020-12-11,644.22216796875,691.4000244140625,697.5,686.5,695.0250244140625,21356384
2020-12-14,639.2605590820312,686.0750122070312,694.0,684.0,691.5,17222050
2020-12-15,648.18212890625,695.6500244140625,697.4749755859375,683.0,690.4000244140625,21561436
2020-12-16,657.2202758789062,705.3499755859375,708.4000244140625,697.25,702.0,16832092
2020-12-17,671.7091674804688,720.9000244140625,722.5,702.25,709.2999877929688,21924478
2020-12-18,657.5230712890625,705.6749877929688,719.8499755859375,703.1500244140625,717.5,22995918
2020-12-21,639.4935302734375,686.3250122070312,711.9249877929688,683.3499755859375,708.75,23761824
2020-12-22,639.7030639648438,686.5499877929688,692.4000244140625,672.5,692.4000244140625,22851558
2020-12-23,640.89111328125,687.8250122070312,690.4749755859375,680.5250244140625,683.75,15467394
2020-12-24,650.8842163085938,698.5499877929688,702.0,688.5,694.7000122070312,14952188
2020-12-28,658.2218627929688,706.4249877929688,710.5,702.0,702.5,11699194
2020-12-29,664.9072875976562,713.5999755859375,717.375,710.0,710.5250244140625,14495346
2020-12-30,667.3766479492188,716.25,719.9500122070312,706.5,719.9500122070312,16216726
2020-12-31,669.1468505859375,718.1500244140625,722.0,712.5250244140625,717.5,22145750
2021-01-01,663.9057006835938,712.5250244140625,721.5,710.2999877929688,720.0,8810938
2021-01-04,659.6895141601562,708.0,719.0,699.5,719.0,15740192
2021-01-05,664.6744384765625,713.3499755859375,715.375,704.5,709.5999755859375,14386824
2021-01-06,661.8091430664062,710.2750244140625,720.0,706.5499877929688,717.5,22134050
2021-01-07,659.805908203125,708.125,716.2999877929688,706.2750244140625,716.25,19894842
2021-01-08,666.98046875,715.8250122070312,721.0,711.5499877929688,716.0,13768764
2021-01-11,676.2048950195312,725.7249755859375,732.4500122070312,718.1500244140625,725.0,17331392
2021-01-12,689.9718017578125,740.5,743.8499755859375,724.5499877929688,726.2249755859375,20388156
2021-01-13,685.1499633789062,735.3250122070312,748.4500122070312,731.0499877929688,746.4500122070312,16934650
2021-01-14,684.2648315429688,734.375,744.0,728.0,735.5750122070312,12297166
2021-01-15,683.2864379882812,733.3250122070312,735.8250122070312,722.5,734.5499877929688,14165236
2021-01-18,690.9501342773438,741.5499877929688,751.4249877929688,733.5,734.9500122070312,42825632
2021-01-19,700.6171875,751.9249877929688,755.8250122070312,733.5,745.9000244140625,17360254
2021-01-20,695.0963745117188,746.0,750.5,743.0,750.5,13346052
2021-01-21,687.0833129882812,737.4000244140625,747.1749877929688,734.0750122070312,746.0,26333054
2021-01-22,672.5245361328125,721.7750244140625,733.9500122070312,720.0750122070312,733.9500122070312,15392364
2021-01-25,681.5159912109375,731.4249877929688,740.5,727.5750122070312,732.5499877929688,20344718
2021-01-27,656.7078857421875,704.7999877929688,735.9500122070312,703.0750122070312,734.0,23556276
2021-01-28,638.9343872070312,685.7249755859375,700.6500244140625,671.0,694.9500122070312,42704446
2021-01-29,647.8094482421875,695.25,704.375,682.25,695.6749877929688,28704502
2021-02-01,687.9918212890625,738.375,741.25,700.5,705.125,26370544
2021-02-02,727.0327758789062,780.2750244140625,789.25,748.7000122070312,750.5,42420206
2021-02-03,733.6715698242188,787.4000244140625,790.8499755859375,771.0,789.5,20237254
2021-02-04,735.6748046875,789.5499877929688,794.0,771.7249755859375,783.0,24484684
2021-02-05,744.293701171875,798.7999877929688,809.125,774.0,774.0,27054716
2021-02-08,747.857666015625,802.625,815.8250122070312,797.8499755859375,810.0,17447580
2021-02-09,750.9324951171875,805.9249877929688,814.0,793.3499755859375,805.0,18421366
2021-02-10,736.9094848632812,790.875,807.4249877929688,783.5,804.1749877929688,19788006
2021-02-11,732.5300903320312,786.1749877929688,798.9000244140625,782.0999755859375,791.0,13648618
2021-02-12,737.002685546875,790.9749755859375,796.25,786.5,786.9500122070312,9910106
2021-02-15,753.1455078125,808.2999877929688,812.5,798.3499755859375,800.0499877929688,10355244
2021-02-16,757.8275756835938,813.3250122070312,820.5,804.2249755859375,810.5999755859375,13897358
2021-02-17,739.122314453125,793.25,810.9000244140625,791.5,810.0,12794426
2021-02-18,724.1209716796875,777.1500244140625,802.9749755859375,774.0,802.9749755859375,14720560
2021-02-19,717.03955078125,769.5499877929688,782.0999755859375,766.5,772.5,17139508
2021-02-22,721.1859741210938,774.0,786.9500122070312,769.7249755859375,772.5250244140625,29451838
2021-02-23,712.4039916992188,764.5750122070312,778.8499755859375,761.3250122070312,776.875,18239906
2021-02-24,748.4166870117188,803.2249755859375,806.9749755859375,758.125,763.25,14314332
2021-02-25,748.3934326171875,803.2000122070312,818.125,801.0,804.875,20109570
2021-02-26,714.8499145507812,767.2000122070312,794.4500122070312,760.5,793.5250244140625,27912846
2021-03-01,726.2640991210938,779.4500122070312,786.2750244140625,770.3499755859375,782.0,13536018
2021-03-02,730.5967407226562,784.0999755859375,793.75,775.5,787.8499755859375,16110038
2021-03-03,739.2854614257812,793.4249877929688,798.0,782.5,792.0,11222410
2021-03-04,723.07275390625,776.0250244140625,785.5,769.5499877929688,774.2750244140625,16291438
2021-03-05,712.8001708984375,765.0,772.7999877929688,760.5499877929688,765.5,17445822
2021-03-08,707.908203125,759.75,777.5,756.25,771.0,15117050
2021-03-09,727.941162109375,781.25,782.8499755859375,769.125,772.5,15066696
2021-03-10,724.7965087890625,777.875,787.5,776.0750122070312,786.0,11055016
2021-03-12,723.026123046875,775.9749755859375,800.0,767.5250244140625,800.0,15631204
2021-03-15,712.1710815429688,764.3250122070312,774.2000122070312,757.6500244140625,774.2000122070312,12230386
2021-03-16,704.4840698242188,756.0750122070312,770.2000122070312,755.0,765.4500122070312,13722366
2021-03-17,696.6572875976562,747.6749877929688,769.5,745.0999755859375,762.125,21064428
2021-03-18,694.630615234375,745.5,761.0250244140625,740.5750122070312,755.875,18065540
2021-03-19,697.6588745117188,748.75,755.5999755859375,737.0250244140625,742.5,21235020
2021-03-22,684.4511108398438,734.5750122070312,747.4500122070312,730.2000122070312,747.4500122070312,14015632
2021-03-23,698.8934936523438,750.0750122070312,753.7249755859375,734.5499877929688,735.0,19761428
2021-03-24,688.9468994140625,739.4000244140625,753.2249755859375,735.5,745.4500122070312,16368900
2021-03-25,681.7490234375,731.6749877929688,747.7750244140625,725.125,745.0999755859375,23964356
2021-03-26,694.7704467773438,745.6500244140625,749.5,737.0,747.0,12021258
2021-03-30,723.8413696289062,776.8499755859375,781.2750244140625,750.7750244140625,753.3250122070312,25607644
2021-03-31,695.8651733398438,746.8250122070312,774.0,744.0,774.0,30774506
2021-04-01,692.6506958007812,743.375,749.7000122070312,732.5,749.7000122070312,35763762
2021-04-05,675.3430786132812,724.7999877929688,742.5,715.5,740.0,16006586
2021-04-06,670.9869995117188,720.125,731.3250122070312,716.3250122070312,730.0,15075734
2021-04-07,674.2249145507812,723.5999755859375,728.3499755859375,710.7750244140625,719.6500244140625,25088180
2021-04-08,667.5162963867188,716.4000244140625,730.4500122070312,715.25,726.5,17613592
2021-04-09,662.3683471679688,710.875,716.4000244140625,707.5499877929688,713.0,28157816
2021-04-12,636.8845825195312,683.5250244140625,699.5,676.5,696.5,22549128
2021-04-13,652.3984375,700.1749877929688,703.2249755859375,680.5,684.0,18600682
2021-04-15,666.2583618164062,715.0499877929688,718.3499755859375,695.5,702.5,34444984
2021-04-16,665.5828247070312,714.3250122070312,722.5,711.75,717.4749755859375,15606526
2021-04-19,658.0122680664062,706.2000122070312,708.8499755859375,686.1500244140625,695.0,24069242
2021-04-20,648.2286376953125,695.7000122070312,713.2000122070312,691.9749755859375,712.5,23186270
2021-04-22,662.7177124023438,711.25,713.4000244140625,685.5250244140625,690.0,38485312
2021-04-23,658.8275756835938,707.0750122070312,717.2999877929688,700.0999755859375,704.5,22713528
2021-04-26,654.4716186523438,702.4000244140625,714.5,701.375,706.5,30170952
2021-04-27,670.2649536132812,719.3499755859375,721.0,702.4000244140625,703.625,20592906
2021-04-28,688.0150756835938,738.4000244140625,739.5,715.5,718.125,24103940
2021-04-29,686.01171875,736.25,751.8250122070312,730.5,743.0999755859375,24078552
2021-04-30,657.9656982421875,706.1500244140625,726.9000244140625,703.75,722.5,35232902
2021-05-03,658.96728515625,707.2249755859375,710.9500122070312,688.6500244140625,696.5,22473700
2021-05-04,646.8078002929688,694.1749877929688,711.5,691.6500244140625,704.9749755859375,21486328
2021-05-05,653.4465942382812,701.2999877929688,704.7999877929688,690.8499755859375,700.5,14421612
2021-05-06,652.6546020507812,700.4500122070312,705.4000244140625,697.5,703.7999877929688,11477044
2021-05-07,659.1070556640625,707.375,712.4749755859375,705.125,706.4749755859375,12048334
2021-05-10,661.4830932617188,709.9249877929688,715.0,706.4000244140625,713.5,11060050
2021-05-11,653.8892822265625,701.7750244140625,712.0999755859375,697.5250244140625,698.0,14519034
2021-05-12,652.0022583007812,699.75,704.2999877929688,694.4249877929688,699.875,13774926
2021-05-14,646.1089477539062,693.4249877929688,699.4500122070312,691.1749877929688,697.1749877929688,10604142
2021-05-17,670.9869995117188,720.125,721.2999877929688,690.6500244140625,697.5750122070312,15120692
2021-05-18,687.968505859375,738.3499755859375,741.375,727.5,729.4749755859375,22165280
2021-05-19,679.349609375,729.0999755859375,739.4249877929688,726.2750244140625,735.0999755859375,10130916
2021-05-20,667.5162963867188,716.4000244140625,732.9500122070312,714.25,729.1749877929688,10684184
2021-05-21,697.565673828125,748.6500244140625,750.9500122070312,721.5,721.5,19341646
2021-05-24,703.4590454101562,754.9749755859375,760.2249755859375,749.25,751.625,22146102
2021-05-25,689.0166015625,739.4749755859375,756.875,735.25,755.25,19236974
2021-05-26,688.131591796875,738.5250244140625,743.5,735.0,740.0,12283990
2021-05-27,690.7405395507812,741.3250122070312,744.5,731.2249755859375,736.5499877929688,20439496
2021-05-28,700.430908203125,751.7249755859375,756.5,739.375,745.4500122070312,17750020
2021-05-31,706.2077026367188,757.9249877929688,759.75,743.75,750.0,15661054
2021-06-01,704.2744140625,755.8499755859375,763.5,753.625,760.1500244140625,11030162
2021-06-02,700.6870727539062,752.0,755.0999755859375,746.5,755.0,10624016
2021-06-03,708.3975219726562,760.2750244140625,762.4749755859375,743.875,754.0,10287260
2021-06-04,699.2661743164062,750.4749755859375,760.3250122070312,749.5999755859375,758.0,9424476
2021-06-07,698.7536010742188,749.9249877929688,757.0,748.0,755.0,8091668
2021-06-08,690.9269409179688,741.5250244140625,750.6500244140625,740.75,748.2750244140625,9872540
2021-06-09,689.6456909179688,740.1500244140625,751.0,736.0250244140625,741.9500122070312,10223442
2021-06-10,689.9951171875,740.5250244140625,744.5,736.8250122070312,741.0499877929688,11483540
2021-06-11,692.4642944335938,743.1749877929688,748.2750244140625,740.5250244140625,745.5,7205974
2021-06-14,689.249755859375,739.7249755859375,743.0,731.2750244140625,739.125,8881964
2021-06-15,694.28125,745.125,748.0,737.4000244140625,743.0,7569602
2021-06-16,691.6489868164062,742.2999877929688,747.0,739.0499877929688,744.0,7702098
2021-06-17,683.0301513671875,733.0499877929688,739.375,730.0,733.0,9283802
2021-06-18,689.412841796875,739.9000244140625,745.0,727.5,734.75,11938060
2021-06-21,693.5590209960938,744.3499755859375,745.9000244140625,729.5,730.6749877929688,7260472
2021-06-22,691.2763061523438,741.9000244140625,754.0,740.0,748.5,14366824
2021-06-23,692.068359375,742.75,748.9000244140625,739.2999877929688,745.0,7844868
2021-06-24,701.7354125976562,753.125,756.7249755859375,744.0,745.0,14785024
2021-06-25,705.8583984375,757.5499877929688,761.0,753.5,755.5499877929688,10383176
2021-06-28,702.7136840820312,754.1749877929688,761.5,752.5,760.0,9356786
2021-06-29,702.8073120117188,751.0250244140625,754.0999755859375,746.0750122070312,753.5,10971692
2021-06-30,700.8655395507812,748.9500122070312,754.5,747.0499877929688,749.0,9679022
2021-07-01,695.6484985351562,743.375,751.0,741.5,751.0,16911442
2021-07-02,692.6773071289062,740.2000122070312,744.625,738.5,742.5,14827036
2021-07-05,699.7191772460938,747.7249755859375,752.25,742.2750244140625,744.9749755859375,7373882
2021-07-06,718.0841064453125,767.3499755859375,770.0,748.0,748.5,17669032
2021-07-07,720.330078125,769.75,772.6749877929688,763.8499755859375,767.0,9629190
2021-07-08,711.4165649414062,760.2249755859375,768.8499755859375,756.7249755859375,762.5,8420922
2021-07-09,702.7838134765625,751.0,758.0,748.75,756.2750244140625,10695842
2021-07-12,695.765380859375,743.5,751.0,742.0,751.0,14458978
2021-07-13,702.7136840820312,750.9249877929688,753.0499877929688,742.0499877929688,748.0499877929688,18178142
2021-07-14,701.4503173828125,749.5750122070312,753.6749877929688,745.5499877929688,748.75,9788494
2021-07-15,711.5335693359375,760.3499755859375,763.375,749.8250122070312,752.5,10438802
2021-07-16,712.3056640625,761.1749877929688,764.9749755859375,759.4000244140625,763.9749755859375,5170628
2021-07-19,688.2789916992188,735.5,744.4249877929688,733.0,743.5,25111600
2021-07-20,675.248046875,721.5750122070312,727.0,718.0750122070312,721.0,24174250
2021-07-22,677.8449096679688,724.3499755859375,734.25,722.5,728.0499877929688,13207114
2021-07-23,675.060791015625,721.375,728.7249755859375,717.6500244140625,725.75,13126684
2021-07-26,671.2241821289062,717.2750244140625,722.0,714.0499877929688,715.0,13167166
2021-07-27,673.6572265625,719.875,724.9500122070312,718.0499877929688,718.0499877929688,22401430
2021-07-28,663.1529541015625,708.6500244140625,719.3499755859375,702.0,717.5250244140625,20670342
2021-07-29,663.5973510742188,709.125,714.9749755859375,706.6500244140625,714.125,13702230
2021-07-30,667.4341430664062,713.2249755859375,715.875,703.9749755859375,709.5,11655488
2021-08-02,665.6561889648438,711.3250122070312,717.5,708.125,717.5,13258786
2021-08-03,671.2943115234375,717.3499755859375,719.9500122070312,705.0,705.0,12033120
2021-08-04,685.6119995117188,732.6500244140625,737.25,720.0,720.5,22053948
2021-08-05,694.7593994140625,742.4249877929688,753.5250244140625,728.7000122070312,733.5499877929688,18822408
2021-08-06,698.4089965820312,746.3250122070312,750.0,737.0,741.7750244140625,13339270
2021-08-09,703.6729736328125,751.9500122070312,753.6749877929688,738.0,746.0,10998048
2021-08-10,705.427490234375,753.8250122070312,759.875,744.5,744.5,14838346
2021-08-11,699.4852294921875,747.4749755859375,759.4249877929688,745.5250244140625,757.4500122070312,12585786
2021-08-12,702.5031127929688,750.7000122070312,753.7999877929688,744.6500244140625,748.5,8597674
2021-08-13,714.1069946289062,763.0999755859375,765.5,750.5,750.5999755859375,16658428
2021-08-16,716.165771484375,765.2999877929688,767.5,760.7249755859375,763.0750122070312,6252778
2021-08-17,708.7028198242188,757.3250122070312,762.0,752.6500244140625,758.5999755859375,8282666
2021-08-18,707.9307861328125,756.5,782.6749877929688,754.1749877929688,778.3499755859375,22985932
2021-08-20,708.7496337890625,757.375,759.9000244140625,743.0250244140625,743.0250244140625,13150406
2021-08-23,713.3584594726562,762.2999877929688,766.5750122070312,754.3250122070312,764.9249877929688,10843054
2021-08-24,729.3838500976562,779.4249877929688,782.25,763.7249755859375,765.0,18381314
2021-08-25,728.7055053710938,778.7000122070312,782.4000244140625,774.0,776.0499877929688,7727974
2021-08-26,727.489013671875,777.4000244140625,785.5,771.7249755859375,775.0,11119002
2021-08-27,724.517822265625,774.2249755859375,779.3250122070312,772.625,776.0,6382138
2021-08-30,733.7821655273438,784.125,785.0,775.7999877929688,777.7999877929688,9049166
2021-08-31,739.9349975585938,790.7000122070312,791.6749877929688,781.0999755859375,781.75,12062576
2021-09-01,738.8587646484375,789.5499877929688,799.0,787.25,787.5,12422558
2021-09-02,743.4910888671875,794.5,796.0,785.625,787.0499877929688,9618524
2021-09-03,737.4318237304688,788.0250244140625,799.0,784.1500244140625,793.0499877929688,10735334
2021-09-06,732.5889892578125,782.8499755859375,790.4749755859375,780.9749755859375,789.9749755859375,7876896
2021-09-07,734.2500610351562,784.625,791.0,777.5999755859375,781.25,7245496
2021-09-08,737.5955810546875,788.2000122070312,790.25,782.7999877929688,785.9749755859375,6724080
2021-09-09,733.9459228515625,784.2999877929688,789.7249755859375,780.5,787.0,8250948
2021-09-13,727.8399047851562,777.7750244140625,792.0,776.8250122070312,781.0,8959164
2021-09-14,724.5645751953125,774.2750244140625,782.25,773.2999877929688,780.0,9758506
2021-09-15,723.7457885742188,773.4000244140625,777.4000244140625,767.5,767.5,14822998
2021-09-16,729.8985595703125,779.9749755859375,782.1500244140625,768.1500244140625,768.875,10260550
2021-09-17,740.2860107421875,791.0750122070312,794.5,779.5999755859375,784.5,20498102
2021-09-20,729.851806640625,779.9249877929688,790.8499755859375,779.0,782.0,8781610
2021-09-21,726.1553344726562,775.9749755859375,784.3250122070312,764.4749755859375,781.0,14774996
2021-09-22,717.6162109375,766.8499755859375,775.0750122070312,765.0,774.5,10582202
2021-09-23,734.6010131835938,785.0,786.0,771.0,771.0,13664304
2021-09-24,749.3632202148438,800.7750244140625,803.9749755859375,787.5,789.5,20806702
2021-09-27,760.3822631835938,812.5499877929688,817.75,804.0,807.8499755859375,16415462
2021-09-28,755.6798095703125,807.5250244140625,816.0,791.0,816.0,12773790
2021-09-29,745.7603149414062,796.9249877929688,803.2999877929688,792.5750122070312,798.5,16263036
2021-09-30,746.2750244140625,797.4749755859375,803.1749877929688,791.5499877929688,793.0,15975348
2021-10-01,740.5432739257812,791.3499755859375,794.5,782.625,791.5,11128596
2021-10-04,741.9703369140625,792.875,800.6749877929688,791.7999877929688,794.5,7051028
2021-10-05,746.5089721679688,797.7249755859375,798.75,788.125,796.0,10257178
2021-10-06,755.609619140625,807.4500122070312,813.4249877929688,793.5,798.0,18600830
2021-10-07,753.5509033203125,805.25,813.8499755859375,803.5,813.2999877929688,11265724
2021-10-08,749.8779296875,801.3250122070312,811.0,800.0750122070312,806.0,7245562
2021-10-11,764.452880859375,816.9000244140625,822.5,799.5,799.9500122070312,13080848
2021-10-12,762.48779296875,814.7999877929688,820.7750244140625,812.5,812.5,8176946
2021-10-13,767.0731811523438,819.7000122070312,824.0,815.0,818.5,6225644
2021-10-14,789.5323486328125,843.7000122070312,845.0,819.0,819.0,14757288
2021-10-18,781.53125,835.1500244140625,862.5,833.5250244140625,852.5,28856456
2021-10-19,790.1405639648438,844.3499755859375,846.2249755859375,835.5,837.7249755859375,8987540
2021-10-20,783.1923828125,836.9249877929688,849.375,832.2249755859375,844.5499877929688,10908568
2021-10-21,784.3386840820312,838.1500244140625,840.9749755859375,830.4249877929688,835.9000244140625,9738190
2021-10-22,786.4207763671875,840.375,854.0,835.375,840.0499877929688,12175554
2021-10-25,775.3081665039062,828.5,845.0,806.9000244140625,845.0,16426766
2021-10-26,773.319580078125,826.375,836.9249877929688,823.1749877929688,825.0,12090656
2021-10-27,768.6640014648438,821.4000244140625,832.5250244140625,818.6500244140625,826.375,13249642
2021-10-28,745.6434326171875,796.7999877929688,825.0,793.5750122070312,825.0,17797750
2021-10-29,740.6134643554688,791.4249877929688,801.0,780.0,795.0,12406874
2021-11-01,751.1177978515625,802.6500244140625,805.5,791.7750244140625,792.5,8122320
2021-11-02,751.7962646484375,803.375,811.0,800.0250244140625,803.0,13237722
2021-11-03,739.9583740234375,790.7249755859375,804.9500122070312,787.7750244140625,802.5499877929688,10207338
2021-11-04,745.8071899414062,796.9749755859375,798.9249877929688,795.0499877929688,797.5,1096808
2021-11-08,748.7549438476562,800.125,802.3499755859375,785.2249755859375,796.0499877929688,18943580
2021-11-09,735.6537475585938,786.125,797.2999877929688,784.5250244140625,797.2999877929688,12695476
2021-11-10,727.6995239257812,777.625,784.5,775.0,784.0,13714126
2021-11-11,724.4476318359375,774.1500244140625,777.4500122070312,767.7999877929688,775.0250244140625,7999404
2021-11-12,726.6466674804688,776.5,779.5250244140625,772.5250244140625,775.0,14914092
2021-11-15,728.6353149414062,778.625,785.9249877929688,777.2000122070312,781.0499877929688,9533594
2021-11-16,724.3071899414062,774.0,778.5999755859375,770.7999877929688,777.5,8245406
2021-11-17,716.2593994140625,765.4000244140625,772.0,764.25,768.4500122070312,7598878
2021-11-18,720.2833251953125,769.7000122070312,771.75,762.625,763.0250244140625,9152874
2021-11-22,709.0302734375,757.6749877929688,776.3499755859375,749.5250244140625,773.0,15261272
2021-11-23,709.1239624023438,757.7750244140625,763.9000244140625,748.1749877929688,751.0,11235214
2021-11-24,710.293701171875,759.0250244140625,768.1749877929688,757.0250244140625,762.0,30802286
2021-11-25,713.9900512695312,762.9749755859375,766.6500244140625,753.5,757.4000244140625,10251652
2021-11-26,697.122314453125,744.9500122070312,753.3499755859375,742.5,750.0,18624936
2021-11-29,702.432861328125,750.625,753.8250122070312,731.0,747.4000244140625,12990996
2021-11-30,698.8301391601562,746.7750244140625,764.5,743.2750244140625,747.5,25221542
2021-12-01,704.0238037109375,752.3250122070312,753.5250244140625,744.5499877929688,747.5,8677634
2021-12-02,713.8965454101562,762.875,764.4000244140625,750.0,752.25,11203110
2021-12-03,708.1881713867188,756.7750244140625,767.9749755859375,753.5250244140625,762.9000244140625,8124694
2021-12-06,703.626220703125,751.9000244140625,759.4000244140625,748.6749877929688,756.5,7029532
2021-12-07,713.873046875,762.8499755859375,766.0,754.9500122070312,756.9749755859375,12427534
2021-12-08,727.0210571289062,776.9000244140625,777.5250244140625,767.0,768.0,15295534
2021-12-09,714.4111938476562,763.4249877929688,777.3499755859375,761.0,772.5999755859375,11747744
2021-12-10,712.3992309570312,761.2750244140625,764.0,754.2249755859375,762.4500122070312,7779384
2021-12-13,707.0651245117188,755.5750122070312,768.8250122070312,753.5999755859375,763.0,10322142
2021-12-14,702.994384765625,751.2249755859375,758.0,748.5250244140625,751.25,9191100
2021-12-15,701.8480224609375,750.0,761.6749877929688,747.8250122070312,751.5,10115148
2021-12-16,701.8948364257812,750.0499877929688,758.5,747.0,756.4000244140625,13210432
2021-12-17,689.23828125,736.5250244140625,753.0,733.8499755859375,748.5,14994768
2021-12-20,667.0598754882812,712.8250122070312,729.0,707.0499877929688,726.0,21156668
2021-12-21,674.6163330078125,720.9000244140625,725.375,715.0,719.75,9118750
2021-12-22,676.2072143554688,722.5999755859375,728.0,717.8499755859375,726.1500244140625,8577484
2021-12-23,675.6925048828125,722.0499877929688,728.9000244140625,718.4249877929688,726.625,9779166
2021-12-24,673.2594604492188,719.4500122070312,726.0,714.0,722.75,5561024
2021-12-27,678.8275146484375,725.4000244140625,727.0,711.0750122070312,714.4500122070312,4705098
2021-12-28,683.5064086914062,730.4000244140625,733.4500122070312,726.7000122070312,730.3499755859375,5450678
2021-12-29,680.2545776367188,726.9249877929688,730.5,723.7000122070312,728.0250244140625,7668702
2021-12-30,683.8340454101562,730.75,733.4249877929688,722.5,729.25,7215918
2021-12-31,692.2093505859375,739.7000122070312,742.4000244140625,730.75,730.75,6325736
2022-01-03,711.0422973632812,759.8250122070312,761.5,740.25,742.5,9069184
2022-01-04,715.2066040039062,764.2750244140625,766.4500122070312,753.9000244140625,760.0,8857352
2022-01-05,732.1912841796875,782.4249877929688,786.0,764.0499877929688,768.4000244140625,14332638
2022-01-06,720.4471435546875,769.875,777.375,765.0250244140625,771.5,9628930
2022-01-07,725.5003662109375,775.2750244140625,783.375,767.9500122070312,772.0,11179384
2022-01-10,729.5243530273438,779.5750122070312,786.0,772.75,779.0,8856496
2022-01-11,732.6826171875,782.9500122070312,784.3499755859375,773.9000244140625,780.7750244140625,8389198
2022-01-12,728.3545532226562,778.3250122070312,788.3250122070312,776.0,784.0,21085530
2022-01-13,714.9492797851562,764.0,777.5,760.2000122070312,777.5,41963896
2022-01-14,722.9737548828125,772.5750122070312,774.3499755859375,759.5,765.0,11208968
2022-01-17,711.9078979492188,760.75,778.0,759.5750122070312,765.0,22989372
2022-01-18,715.5341186523438,764.625,775.4500122070312,761.5,766.5,12341152
2022-01-19,710.4807739257812,759.2249755859375,769.875,756.6749877929688,767.0,14317626
2022-01-20,706.0591430664062,754.5,764.25,750.0499877929688,764.2249755859375,15197846
2022-01-21,711.9547119140625,760.7999877929688,764.9000244140625,742.7999877929688,750.0,11537694
2022-01-24,695.6016845703125,743.3250122070312,760.625,733.7750244140625,754.9749755859375,11868508
2022-01-25,696.2567138671875,744.0250244140625,747.5,722.0,729.3250122070312,13594248
2022-01-27,690.1271362304688,737.4749755859375,742.5,717.5,725.0,28617838
2022-01-28,684.6527709960938,731.625,743.3499755859375,730.0,738.75,24925208
2022-01-31,695.1571655273438,742.8499755859375,745.7750244140625,733.4000244140625,736.375,12842546
2022-02-01,700.4443359375,748.5,758.5,736.7249755859375,754.25,14739484
2022-02-02,716.4464721679688,765.5999755859375,767.5,752.7999877929688,755.9749755859375,13969290
2022-02-03,709.0302734375,757.6749877929688,769.9749755859375,754.5,764.375,10564762
2022-02-04,713.07763671875,762.0,766.4249877929688,757.0499877929688,764.2000122070312,11579958
2022-02-07,686.945556640625,734.0750122070312,759.5,730.0,756.0499877929688,12268042
2022-02-08,683.997802734375,730.9249877929688,739.2249755859375,722.2750244140625,738.2000122070312,13981130
2022-02-09,700.72509765625,748.7999877929688,749.8499755859375,733.5,737.0,11308342
2022-02-10,713.59228515625,762.5499877929688,767.75,750.8250122070312,757.0,14314530
2022-02-11,710.6680297851562,759.4249877929688,762.5,749.75,750.125,10711104
2022-02-14,689.5422973632812,736.8499755859375,749.7249755859375,734.6500244140625,745.0,14656620
2022-02-15,710.1766967773438,758.9000244140625,762.4500122070312,736.5250244140625,738.0,13135066
2022-02-16,709.2174682617188,757.875,767.375,753.5,767.1749877929688,10032264
2022-02-17,704.8894653320312,753.25,761.0,751.0,756.5499877929688,7351208
2022-02-18,707.6266479492188,756.1749877929688,758.5,745.2249755859375,749.1500244140625,7796128
2022-02-21,712.1885986328125,761.0499877929688,765.3499755859375,747.7750244140625,752.0,7468066
2022-02-22,706.8546142578125,755.3499755859375,761.0499877929688,743.9749755859375,744.9000244140625,9536196
2022-02-23,702.2691650390625,750.4500122070312,762.8499755859375,747.8250122070312,762.5499877929688,9029562
2022-02-24,664.135498046875,709.7000122070312,737.4749755859375,703.5750122070312,724.9500122070312,23630766
2022-02-25,681.307373046875,728.0499877929688,732.9500122070312,716.4249877929688,719.9749755859375,18318654
2022-02-28,667.3405151367188,713.125,719.2750244140625,707.0250244140625,713.0,24880832
2022-03-02,643.009765625,687.125,699.2000122070312,677.2000122070312,693.25,38505560
2022-03-03,641.4891967773438,685.5,696.0,681.4500122070312,690.5,17527922
2022-03-04,639.383544921875,683.25,693.0,668.4500122070312,680.0,21219364
2022-03-07,619.8722534179688,662.4000244140625,666.1749877929688,648.5250244140625,659.25,27054458
2022-03-08,621.2759399414062,663.9000244140625,667.0,646.0,651.0999755859375,39212492
2022-03-09,641.559326171875,685.5750122070312,687.3499755859375,659.4249877929688,665.0,23134694
2022-03-10,651.6425170898438,696.3499755859375,713.5,690.125,713.5,22273206
2022-03-11,653.5609130859375,698.4000244140625,704.4749755859375,686.3499755859375,694.0,15150780
2022-03-14,674.9673461914062,721.2750244140625,725.0,707.5,707.5,25018126
2022-03-15,666.287841796875,712.0,724.75,705.875,721.75,18867928
2022-03-16,677.5874633789062,724.0750122070312,727.5,718.0999755859375,723.5,13364108
2022-03-17,692.5135498046875,740.0250244140625,744.9000244140625,735.2750244140625,736.0,14823954
2022-03-21,695.5314331054688,743.25,746.8250122070312,736.4000244140625,743.5,12257876
2022-03-22,699.1109008789062,747.0750122070312,749.0,728.5999755859375,740.6500244140625,10461814
2022-03-23,692.13916015625,739.625,759.4000244140625,736.7999877929688,753.5,31188256
2022-03-24,675.0140380859375,721.3250122070312,734.8250122070312,717.2750244140625,733.0,20160044
2022-03-25,669.5162353515625,715.4500122070312,726.0,709.5,725.5,16366462
2022-03-28,670.4053344726562,716.4000244140625,719.0,700.7999877929688,715.4500122070312,15754886
2022-03-29,679.2954711914062,725.9000244140625,730.125,715.0,720.5,12377448
2022-03-30,691.0629272460938,738.4749755859375,741.375,727.0250244140625,736.0,20109742
2022-03-31,687.9749145507812,735.1749877929688,742.3499755859375,732.9500122070312,735.5,14295714
2022-04-01,704.6554565429688,753.0,755.0,735.1500244140625,738.2000122070312,14568556
2022-04-04,775.2146606445312,828.4000244140625,861.0499877929688,781.2750244140625,790.0,97450970
2022-04-05,752.4981689453125,804.125,833.3499755859375,801.0,833.3499755859375,30922582
2022-04-06,725.6406860351562,775.4249877929688,794.9000244140625,773.6749877929688,793.8499755859375,27027860
2022-04-07,709.6853637695312,758.375,770.6749877929688,756.8499755859375,770.6500244140625,40781732
2022-04-08,708.7028198242188,757.3250122070312,762.875,748.6500244140625,756.0499877929688,41256322
2022-04-11,700.0466918945312,748.0750122070312,755.0,746.625,753.0,20799066
2022-04-12,698.8067626953125,746.75,753.4249877929688,740.0750122070312,742.0,27435402
2022-04-13,685.4481811523438,732.4749755859375,751.1500244140625,731.3250122070312,745.0,28892520
2022-04-18,652.9292602539062,697.7249755859375,715.8250122070312,695.0250244140625,709.4249877929688,45620376
2022-04-19,628.013671875,671.0999755859375,694.7750244140625,663.5,690.4500122070312,74096022
2022-04-20,633.6753540039062,677.1500244140625,679.9500122070312,667.6749877929688,677.2249755859375,49325736
2022-04-21,643.0565185546875,687.1749877929688,689.9000244140625,676.6500244140625,682.5,52446270
2022-04-22,634.2835083007812,677.7999877929688,687.6749877929688,674.5750122070312,680.0,20659148
2022-04-25,639.0326538085938,682.875,685.3250122070312,661.125,675.0,20935488
2022-04-26,641.98046875,686.0250244140625,690.9749755859375,678.5750122070312,686.0,17016842
2022-04-27,642.2144775390625,686.2750244140625,689.5,678.0499877929688,680.0,18054334
2022-04-28,641.6529541015625,685.6749877929688,689.5,681.0499877929688,686.0,20773722
2022-04-29,647.8525390625,692.2999877929688,702.375,685.7750244140625,690.1749877929688,28401476
2022-05-02,656.7894287109375,701.8499755859375,703.2249755859375,681.0250244140625,681.0250244140625,19494316
2022-05-04,634.4706420898438,678.0,701.7999877929688,675.0,700.0,29055916
2022-05-05,633.0435180664062,676.4749755859375,687.5,673.25,687.5,17862912
2022-05-06,616.5032958984375,658.7999877929688,667.5,656.5,665.0,26731268
2022-05-09,617.55615234375,659.9249877929688,663.25,647.75,650.0,32762434
2022-05-10,627.4755859375,670.5250244140625,676.5,657.5250244140625,657.5250244140625,20113812
2022-05-11,631.0082397460938,674.2999877929688,677.5,664.3250122070312,676.5,17102924
2022-05-12,616.7843627929688,651.5250244140625,663.4000244140625,646.5,660.5499877929688,22382290
2022-05-13,611.2462768554688,645.6749877929688,659.0,643.5,655.0250244140625,16768238
2022-05-16,617.7546997070312,652.5499877929688,656.0,642.6500244140625,649.5,9804356
2022-05-17,621.9674682617188,657.0,658.5,649.0999755859375,656.2999877929688,16641444
2022-05-18,621.9201049804688,656.9500122070312,666.6500244140625,655.0,662.0250244140625,15732384
2022-05-19,609.2108764648438,643.5250244140625,648.2000122070312,639.1500244140625,643.0999755859375,20537506
2022-05-20,625.2571411132812,660.4749755859375,662.0999755859375,646.1749877929688,651.5,13919350
2022-05-23,617.2340698242188,652.0,664.9749755859375,649.5499877929688,657.0,19486320
2022-05-24,624.3104858398438,659.4749755859375,662.5,648.4500122070312,650.0,12870796
2022-05-25,628.972900390625,664.4000244140625,667.9749755859375,661.5999755859375,665.0,12887112
2022-05-26,646.912353515625,683.3499755859375,685.5,670.0,671.0750122070312,26992428
2022-05-27,658.91162109375,696.0250244140625,697.3499755859375,685.375,685.9000244140625,24031718
2022-05-30,663.4082641601562,700.7750244140625,710.25,699.2249755859375,705.125,12624674
2022-05-31,657.4442138671875,694.4749755859375,702.4000244140625,690.0,697.9500122070312,13485388
2022-06-01,660.2369384765625,697.4249877929688,700.2249755859375,689.5750122070312,690.0,12091896
2022-06-02,655.6218872070312,692.5499877929688,694.0,689.2999877929688,693.625,11475020
2022-06-03,653.349853515625,690.1500244140625,700.375,688.1500244140625,699.1500244140625,6957244
2022-06-06,652.4740600585938,689.2249755859375,693.5,680.3250122070312,688.1500244140625,6173266
2022-06-07,644.9717407226562,681.2999877929688,687.1500244140625,677.0499877929688,681.0,10253966
2022-06-08,647.2437744140625,683.7000122070312,690.5,678.5,686.6500244140625,5986588
2022-06-09,652.1190795898438,688.8499755859375,691.0250244140625,678.5750122070312,681.125,7311816
2022-06-10,639.5282592773438,675.5499877929688,683.9749755859375,671.7999877929688,680.0499877929688,9155430
2022-06-13,627.9315185546875,663.2999877929688,665.0,654.1500244140625,661.7999877929688,10892572
2022-06-14,621.0208129882812,656.0,663.0,652.5,655.625,11870356
2022-06-15,618.8670043945312,653.7249755859375,657.9000244140625,649.2000122070312,650.8250122070312,11810470
2022-06-16,606.4893188476562,640.6500244140625,660.2750244140625,639.0,655.0,12169192
2022-06-17,610.4889526367188,644.875,649.5,635.7999877929688,637.5,14723922
2022-06-20,625.8251953125,661.0750122070312,662.5,647.0750122070312,652.3499755859375,15936840
2022-06-21,632.6412353515625,668.2750244140625,677.0,662.0250244140625,668.4500122070312,13220684
2022-06-22,629.6591796875,665.125,668.4749755859375,661.5999755859375,666.125,8159698
2022-06-23,631.9785766601562,667.5750122070312,674.0,659.25,665.25,15372244
2022-06-24,640.8063354492188,676.9000244140625,680.8250122070312,669.2750244140625,669.2750244140625,8013432
2022-06-27,641.9660034179688,678.125,688.0,676.0,685.0,9804164
2022-06-28,637.0669555664062,672.9500122070312,675.5,669.2000122070312,672.0,9770574
2022-06-29,636.1439208984375,671.9749755859375,675.375,665.625,665.625,9994046
2022-06-30,638.0609741210938,674.0,677.0,668.0,668.0,12475822
2022-07-01,640.7826538085938,676.875,680.0,665.0250244140625,671.9749755859375,11472452
2022-07-04,641.6820068359375,677.8250122070312,680.0999755859375,671.125,676.8499755859375,8487480
2022-07-05,640.23828125,676.2999877929688,689.6749877929688,674.1500244140625,682.0,14325718
2022-07-06,649.0660400390625,685.625,686.7000122070312,673.5499877929688,674.0,15049078
2022-07-07,660.6865844726562,697.9000244140625,699.0,687.2249755859375,690.0,17743142
2022-07-08,661.3018798828125,698.5499877929688,705.0,697.375,705.0,12474030
2022-07-11,665.585693359375,703.0750122070312,704.9500122070312,696.625,697.0,7462880
2022-07-12,658.793212890625,695.9000244140625,702.625,694.7000122070312,702.625,9876974
2022-07-13,642.7233276367188,678.9249877929688,697.0999755859375,677.125,695.0,15945610
2022-07-14,639.504638671875,675.5250244140625,686.3250122070312,674.625,681.0,10372410
2022-07-15,644.71142578125,681.0250244140625,682.4500122070312,673.4000244140625,676.5,13595646
2022-07-18,637.8479614257812,673.7750244140625,683.0499877929688,671.0250244140625,674.0,20332220
2022-07-19,638.0845947265625,674.0250244140625,679.2750244140625,668.5,668.5,15792538
2022-07-20,646.1314086914062,682.5250244140625,685.5499877929688,677.625,679.9500122070312,20347862
2022-07-21,644.0961303710938,680.375,684.75,679.0499877929688,680.2750244140625,12640278
2022-07-22,659.1245727539062,696.25,698.5,681.2000122070312,683.0,12729592
2022-07-25,661.065185546875,698.2999877929688,702.2999877929688,691.6500244140625,697.5,10143126
2022-07-26,659.7161865234375,696.875,701.0,693.1500244140625,698.0,8527964
2022-07-27,664.7572631835938,702.2000122070312,703.0,692.125,694.4500122070312,9212778
2022-07-28,670.6503295898438,708.4249877929688,712.0,705.5,707.5250244140625,17420406
2022-07-29,678.86279296875,717.0999755859375,719.2999877929688,707.6500244140625,719.0,20019736
2022-08-01,684.5192260742188,723.0750122070312,724.2249755859375,715.0250244140625,719.5,13193036
2022-08-02,676.9931030273438,715.125,722.2999877929688,711.5250244140625,721.0,15036510
2022-08-03,678.5787353515625,716.7999877929688,717.875,708.5,712.4749755859375,10975498
2022-08-04,677.7741088867188,715.9500122070312,723.3499755859375,706.4749755859375,720.0,12012206
2022-08-05,675.4783935546875,713.5250244140625,718.4749755859375,710.5750122070312,716.5,9268982
2022-08-08,692.0452880859375,731.0250244140625,732.25,713.5499877929688,714.0,15357736
2022-08-10,694.0570068359375,733.1500244140625,735.75,724.5250244140625,730.6749877929688,17353102
2022-08-11,703.2396850585938,742.8499755859375,745.5,737.2750244140625,743.25,18301766
2022-08-12,702.9793701171875,742.5750122070312,744.6500244140625,737.9749755859375,742.5,8850370
2022-08-16,711.0261840820312,751.0750122070312,754.25,744.0250244140625,747.4000244140625,12563756
2022-08-17,714.694580078125,754.9500122070312,756.375,742.875,750.0,12384350
2022-08-18,715.5465087890625,755.8499755859375,756.9500122070312,749.8250122070312,750.0,8342138
2022-08-19,706.7188110351562,746.5250244140625,756.0,745.0,755.0,8063702
2022-08-22,695.9739990234375,735.1749877929688,744.1749877929688,733.8499755859375,742.4000244140625,8234066
2022-08-23,693.8203125,732.9000244140625,737.9749755859375,725.2000122070312,726.6500244140625,14966884
2022-08-24,697.1572875976562,736.4249877929688,737.75,729.5999755859375,730.9500122070312,13455520
2022-08-25,693.37060546875,732.4249877929688,743.4000244140625,728.5,739.9500122070312,11823040
2022-08-26,693.4888916015625,732.5499877929688,740.9000244140625,730.5999755859375,736.0250244140625,7706176
2022-08-29,681.3241577148438,719.7000122070312,723.0,714.2999877929688,718.5,8653178
2022-08-30,703.4290771484375,743.0499877929688,744.9749755859375,721.5499877929688,723.2249755859375,10135400
2022-09-01,696.8260498046875,736.0750122070312,744.7249755859375,729.5,732.375,22403136
2022-09-02,703.1450805664062,742.75,745.25,732.5999755859375,736.0750122070312,12038086
2022-09-05,707.6654663085938,747.5250244140625,749.5,742.0499877929688,743.0499877929688,12131932
2022-09-06,704.9674682617188,744.6749877929688,753.3250122070312,743.2249755859375,749.4500122070312,12238696
2022-09-07,701.6304321289062,741.1500244140625,745.0,735.6500244140625,735.6500244140625,9776206
2022-09-08,708.8724365234375,748.7999877929688,750.0,741.0750122070312,745.0499877929688,11164690
2022-09-09,709.3457641601562,749.2999877929688,754.5,747.0250244140625,748.0999755859375,15128888
2022-09-12,706.9555053710938,746.7750244140625,752.0,745.0,750.0,11080492
2022-09-13,716.2092895507812,756.5499877929688,757.9500122070312,749.2750244140625,749.4500122070312,13001966
2022-09-14,723.5697021484375,764.3250122070312,769.4500122070312,746.1749877929688,747.0250244140625,20219760
2022-09-15,719.806640625,760.3499755859375,770.4749755859375,756.0,765.0,13539372
2022-09-16,706.5767822265625,746.375,757.3499755859375,741.5,751.5499877929688,20560046
2022-09-19,711.2391357421875,751.2999877929688,757.0,740.0,744.5,12076038
2022-09-20,719.806640625,760.3499755859375,762.0,754.9500122070312,757.0,10781668
2022-09-21,718.6942138671875,759.1749877929688,760.75,752.5,754.0,9072304
2022-09-22,703.3817138671875,743.0,755.0750122070312,741.375,751.0,12048144
2022-09-23,684.5192260742188,723.0750122070312,737.5,718.5,736.1749877929688,15806252
2022-09-26,675.2890625,713.3250122070312,718.2249755859375,709.0,712.6749877929688,8923486
2022-09-27,669.2302856445312,706.9249877929688,720.0,703.5,716.2000122070312,12639700
2022-09-28,657.7282104492188,694.7750244140625,705.2999877929688,692.9500122070312,703.0,11816132
2022-09-29,654.3201293945312,691.1749877929688,701.0999755859375,689.4000244140625,698.1500244140625,14410388
2022-09-30,672.7803344726562,710.6749877929688,715.7249755859375,682.5,689.4000244140625,15781756
2022-10-03,668.9226684570312,706.5999755859375,708.9249877929688,700.5499877929688,704.9749755859375,11541112
2022-10-04,687.7615966796875,726.5,729.0,713.0750122070312,714.75,11538526
2022-10-06,680.1880493164062,718.5,731.2999877929688,717.0999755859375,729.9749755859375,12549198
2022-10-07,677.2534790039062,715.4000244140625,717.4749755859375,710.1749877929688,715.125,13297994
2022-10-10,669.774658203125,707.5,713.0,699.0999755859375,704.0,13109302
2022-10-11,662.9822998046875,700.3250122070312,708.5,699.7249755859375,700.5499877929688,14521620
2022-10-12,667.3132934570312,704.9000244140625,707.4249877929688,698.6500244140625,701.5999755859375,9225050
2022-10-13,659.645263671875,696.7999877929688,703.125,692.0,701.0250244140625,14714234
2022-10-14,681.134765625,719.5,723.5,707.625,708.5,12849920
2022-10-17,684.7085571289062,723.2750244140625,728.7999877929688,713.5,717.5,18410500
2022-10-18,683.4305419921875,721.9249877929688,731.4500122070312,720.0,729.0250244140625,10561108
2022-10-19,690.4359130859375,729.3250122070312,738.7000122070312,726.7000122070312,732.0,12967040
2022-10-20,685.7735595703125,724.4000244140625,726.4500122070312,721.25,722.0,7898078
2022-10-21,680.9454345703125,719.2999877929688,728.8250122070312,717.0,726.0,10492606
2022-10-24,691.5719604492188,730.5250244140625,731.5,727.1500244140625,727.1500244140625,2167794
2022-10-25,686.767578125,725.4500122070312,733.9000244140625,722.5,730.5499877929688,13773394
2022-10-27,688.4241943359375,727.2000122070312,733.6749877929688,725.625,732.25,15937276
2022-10-28,690.4595947265625,729.3499755859375,733.5,723.7000122070312,725.0,10474278
2022-10-31,708.4464721679688,748.3499755859375,749.0,733.625,736.0,12830528
2022-11-01,716.2802124023438,756.625,764.5,749.4500122070312,751.75,19073756
2022-11-02,716.7297973632812,757.0999755859375,764.125,755.7999877929688,758.5,12720406
2022-11-03,713.5822143554688,753.7750244140625,760.125,748.5,748.8499755859375,10332352
2022-11-04,708.6594848632812,748.5750122070312,758.0499877929688,744.7999877929688,751.5999755859375,10818060
2022-11-07,714.1738891601562,754.4000244140625,756.0,746.0499877929688,755.0,9835834
2022-11-09,713.9608154296875,754.1749877929688,758.9749755859375,752.0,757.5250244140625,9269790
2022-11-10,721.7236328125,762.375,763.5,747.5250244140625,748.5499877929688,12774182
2022-11-11,762.6201171875,805.5750122070312,818.5,769.0,772.5,56722338
2022-11-14,764.4661254882812,807.5250244140625,814.0,799.0,806.0,19195390
2022-11-15,766.3358764648438,809.5,811.5750122070312,802.625,811.5750122070312,11030202
2022-11-16,772.915283203125,816.4500122070312,821.0,806.0,809.3250122070312,13578150
2022-11-17,765.9335327148438,809.0750122070312,815.7750244140625,806.9500122070312,809.0499877929688,12100930
2022-11-18,763.921875,806.9500122070312,811.5,802.625,810.5,10459232
2022-11-21,756.0880737304688,798.6749877929688,806.0,795.0999755859375,803.8250122070312,8344816
2022-11-22,754.9757080078125,797.5,802.1749877929688,795.5,800.0,8546314
2022-11-23,756.9400634765625,799.5750122070312,802.5,797.0,802.5,10185738
2022-11-24,769.246826171875,812.5750122070312,816.0,799.5750122070312,802.9749755859375,17197960
2022-11-25,765.6968383789062,808.8250122070312,815.8499755859375,807.0499877929688,814.8499755859375,8410496
2022-11-28,757.4607543945312,800.125,803.7249755859375,797.0250244140625,801.4500122070312,16105980
2022-11-29,756.3246459960938,798.9249877929688,806.1749877929688,796.4249877929688,798.625,12638236
2022-11-30,761.3419799804688,804.2249755859375,806.4500122070312,798.5499877929688,798.5499877929688,15184806
2022-12-01,766.572509765625,809.75,818.5,807.5,811.0,20446366
2022-12-02,760.703125,803.5499877929688,809.2999877929688,802.5750122070312,805.0,7811078
2022-12-05,763.4721069335938,806.4749755859375,807.2999877929688,798.0999755859375,804.9749755859375,11592622
2022-12-06,762.6201171875,805.5750122070312,806.8499755859375,800.0,800.5,12353092
2022-12-07,762.2886962890625,805.2249755859375,809.2999877929688,802.2249755859375,807.0750122070312,11674720
2022-12-08,766.572509765625,809.75,813.0,802.5,805.0,14803634
2022-12-09,772.03955078125,815.5250244140625,817.4249877929688,810.0,813.0,11963384
2022-12-12,778.0509643554688,821.875,826.7999877929688,810.7000122070312,812.5,14434808
2022-12-13,780.2046508789062,824.1500244140625,828.5,822.5,825.0,17031702
2022-12-14,786.8077392578125,831.125,832.75,825.0,826.5,14227640
2022-12-15,772.3945922851562,815.9000244140625,834.7000122070312,813.5250244140625,828.5250244140625,18182648
2022-12-16,776.1102905273438,819.8250122070312,822.5499877929688,804.5,810.0250244140625,14647958
2022-12-19,778.5242919921875,822.375,823.3250122070312,813.0999755859375,822.0,9604542
2022-12-20,773.1519775390625,816.7000122070312,818.2000122070312,810.0999755859375,810.0999755859375,7174698
2022-12-21,765.6731567382812,808.7999877929688,822.4000244140625,803.2750244140625,820.5,9269198
2022-12-22,763.046142578125,806.0250244140625,813.75,804.5,811.0999755859375,9747096
2022-12-23,756.2300415039062,798.8250122070312,802.0750122070312,792.7249755859375,793.5,10693152
2022-12-26,771.2822265625,814.7249755859375,819.5,795.0,799.75,9907322
2022-12-27,772.0631713867188,815.5499877929688,817.9749755859375,806.75,816.5,7926772
2022-12-28,771.4478759765625,814.9000244140625,816.5,811.5499877929688,811.5499877929688,8691870
2022-12-29,776.891357421875,820.6500244140625,821.75,805.5,810.0499877929688,11012896
2022-12-30,770.6668701171875,814.0750122070312,822.5,810.0,822.5,7122640
2023-01-02,770.92724609375,814.3499755859375,819.875,809.2750244140625,813.5,4381378
2023-01-03,775.9682006835938,819.6749877929688,821.5,811.0999755859375,811.0999755859375,8378030
2023-01-04,762.0994873046875,805.0250244140625,822.875,803.5,817.5,10351600
2023-01-05,757.2003784179688,799.8499755859375,809.0250244140625,794.7000122070312,807.5,10941436
2023-01-06,754.6917724609375,797.2000122070312,804.5499877929688,789.0999755859375,801.0,9092462
2023-01-09,756.1590576171875,798.75,805.7750244140625,795.0,798.0,10729340
2023-01-10,742.3375854492188,784.1500244140625,800.0,782.5,800.0,16371766
2023-01-11,753.0350341796875,795.4500122070312,799.0,780.0,783.9749755859375,15195798
2023-01-12,757.058349609375,799.7000122070312,801.9500122070312,792.0750122070312,793.9000244140625,9250070
2023-01-13,757.6500854492188,800.3250122070312,804.9500122070312,793.0,799.375,9244546
2023-01-16,750.38427734375,792.6500244140625,810.6500244140625,790.1500244140625,807.5,14748094
2023-01-17,761.5551147460938,804.4500122070312,805.5,788.75,794.9000244140625,10786354
2023-01-18,774.9979858398438,818.6500244140625,820.7999877929688,799.8499755859375,802.5,19090642
2023-01-19,778.2166137695312,822.0499877929688,825.0,816.5,818.5,11172162
2023-01-20,786.1923828125,830.4749755859375,834.5,821.7000122070312,822.0499877929688,18843404
2023-01-23,791.9434204101562,836.5499877929688,841.2999877929688,830.7000122070312,833.125,15444400
2023-01-24,802.5462036132812,847.75,851.2000122070312,837.5,837.5250244140625,24983940
2023-01-25,780.370361328125,824.3250122070312,846.4749755859375,822.6500244140625,845.7000122070312,14704142
2023-01-27,764.8212280273438,807.9000244140625,818.5,794.9749755859375,816.0,35179948
2023-01-30,764.0401000976562,807.0750122070312,812.6500244140625,791.0,797.5,18512822
2023-01-31,758.9990844726562,801.75,811.3499755859375,797.5,809.8499755859375,18596244
2023-02-01,770.3829345703125,813.7750244140625,832.5,803.0,812.0,17302790
2023-02-02,758.9281005859375,801.6749877929688,812.25,794.375,804.0499877929688,17497106
2023-02-03,785.1747436523438,829.4000244140625,830.25,803.5,805.5,14411100
2023-02-06,781.8377685546875,825.875,834.7000122070312,823.0999755859375,830.0,11167672
2023-02-07,782.9973754882812,827.0999755859375,832.4500122070312,816.2999877929688,829.7000122070312,10264588
2023-02-08,782.9026489257812,827.0,834.0999755859375,825.0,827.125,8444826
2023-02-09,781.2696533203125,825.2750244140625,830.8250122070312,817.7750244140625,830.0,11777336
2023-02-10,784.3700561523438,828.5499877929688,829.25,821.0999755859375,824.4000244140625,8172116
2023-02-13,784.961669921875,829.1749877929688,830.875,822.2750244140625,827.5,5736944
2023-02-14,792.2274169921875,836.8499755859375,838.75,828.9749755859375,832.5,10908592
2023-02-15,790.6181030273438,835.1500244140625,839.0,828.375,839.0,11438712
2023-02-16,787.75439453125,832.125,840.9500122070312,830.5,836.5999755859375,8062500
2023-02-17,783.8021240234375,827.9500122070312,834.0750122070312,821.4749755859375,830.5,8956270
2023-02-20,776.441650390625,820.1749877929688,834.7249755859375,817.4000244140625,830.0,8086706
2023-02-21,779.3526611328125,823.25,831.1749877929688,817.0,820.0,12389296
2023-02-22,764.0637817382812,807.0999755859375,820.9749755859375,804.5250244140625,819.5,10359102
2023-02-23,758.8807373046875,801.625,809.4249877929688,796.0499877929688,806.5,27882010
2023-02-24,752.1119384765625,794.4749755859375,808.9500122070312,792.5999755859375,808.9500122070312,17061740
2023-02-27,753.9817504882812,796.4500122070312,799.5,788.6500244140625,792.9500122070312,14312972
2023-02-28,757.1530151367188,799.7999877929688,802.6500244140625,794.3499755859375,796.0,18993992
2023-03-01,756.41943359375,799.0250244140625,806.5,797.875,806.0,14137256
2023-03-02,749.9819946289062,792.2249755859375,802.9749755859375,791.0,797.0,17391814
2023-03-03,764.8685302734375,807.9500122070312,810.0,794.0,798.0,14986234
2023-03-06,770.2646484375,813.6500244140625,819.7249755859375,809.0250244140625,810.0,27004710
2023-03-08,771.8029174804688,815.2750244140625,819.75,810.0,810.0,20099774
2023-03-09,771.8739624023438,815.3499755859375,822.9749755859375,813.5,814.9749755859375,20700166
2023-03-10,751.9700317382812,794.3250122070312,806.875,792.5,805.2249755859375,27387000
2023-03-13,742.4559326171875,784.2750244140625,801.9000244140625,782.4749755859375,793.9500122070312,26443550
2023-03-14,740.4678344726562,782.1749877929688,791.7999877929688,779.6500244140625,785.125,33185612
2023-03-15,729.8414306640625,770.9500122070312,791.4500122070312,768.2999877929688,789.0,37264754
2023-03-16,734.5747680664062,775.9500122070312,779.5499877929688,766.0250244140625,769.5,21753342
2023-03-17,744.3965454101562,786.3250122070312,789.5999755859375,770.0,778.75,22950876
2023-03-20,739.2371826171875,780.875,784.0499877929688,772.7000122070312,783.9749755859375,26503114
2023-03-21,747.6151733398438,789.7249755859375,791.25,778.0999755859375,785.9749755859375,33050494
2023-03-22,745.8875732421875,787.9000244140625,793.0250244140625,782.6500244140625,792.0,14177324
2023-03-23,739.8998413085938,781.5750122070312,795.1749877929688,779.2750244140625,783.875,28364178
2023-03-24,738.7164916992188,780.3250122070312,786.9500122070312,777.4749755859375,780.0,31477748
2023-03-27,741.9351806640625,783.7249755859375,789.7249755859375,779.4500122070312,781.0999755859375,31872006
2023-03-28,747.9702758789062,790.0999755859375,791.4500122070312,782.0499877929688,782.8499755859375,39276302
2023-03-29,751.5676879882812,793.9000244140625,801.0,790.9500122070312,792.0,39763612
2023-03-31,761.86279296875,804.7750244140625,806.4749755859375,796.2000122070312,797.7999877929688,34711228
2023-04-03,762.3361206054688,805.2750244140625,807.8499755859375,801.375,803.7750244140625,40025398
2023-04-05,782.784423828125,826.875,828.0,808.0,809.2999877929688,43365392
2023-04-06,788.7484130859375,833.1749877929688,834.5999755859375,823.5499877929688,824.2750244140625,44637344
2023-04-10,785.0090942382812,829.2249755859375,835.5,827.0,831.625,31813286
2023-04-11,787.3047485351562,831.6500244140625,834.7000122070312,825.5499877929688,829.5,42361542
2023-04-12,797.5288696289062,842.4500122070312,844.0999755859375,833.9000244140625,834.0,26955504
2023-04-13,801.1025390625,846.2249755859375,848.5250244140625,839.0750122070312,844.1500244140625,35330086
2023-04-17,788.890380859375,833.3250122070312,860.0,826.6500244140625,860.0,32405148
2023-04-18,785.5533447265625,829.7999877929688,838.625,828.2000122070312,835.0,29637226
2023-04-19,788.4407348632812,832.8499755859375,835.1500244140625,828.5750122070312,832.5,24741168
2023-04-20,791.3754272460938,835.9500122070312,838.7249755859375,833.2000122070312,835.8499755859375,32922716
2023-04-21,792.6535034179688,837.2999877929688,838.4749755859375,831.625,834.5,20128618
2023-04-24,799.0671997070312,844.0750122070312,845.7249755859375,837.0499877929688,843.5,35675852
2023-04-25,787.7070922851562,832.0750122070312,843.8499755859375,830.9500122070312,843.8499755859375,50353068
2023-04-26,791.328125,835.9000244140625,837.5,827.5,830.0,27392750
2023-04-27,795.682861328125,840.5,842.625,832.9249877929688,835.25,47790392
2023-04-28,798.806884765625,843.7999877929688,845.5,835.0,842.3499755859375,27916272
2023-05-02,798.6412963867188,843.625,849.5,841.0,844.3499755859375,32221184
2023-05-03,801.4339599609375,846.5750122070312,848.0,839.8250122070312,842.4749755859375,29407270
2023-05-04,817.835205078125,863.9000244140625,867.2249755859375,843.5499877929688,843.5499877929688,56854638
2023-05-05,769.4835815429688,812.8250122070312,830.4749755859375,811.0499877929688,819.5,62770416
2023-05-08,778.38232421875,822.2249755859375,825.1749877929688,815.0,817.5,37244524
2023-05-09,778.406005859375,822.25,828.0,819.9749755859375,824.9500122070312,43688938
2023-05-10,782.0033569335938,826.0499877929688,827.3250122070312,816.5499877929688,822.25,46340550
2023-05-11,782.5240478515625,826.5999755859375,844.0,824.625,832.5750122070312,35734618
2023-05-12,789.4347534179688,833.9000244140625,836.4000244140625,822.125,823.5,22478760
2023-05-15,793.2214965820312,837.9000244140625,840.375,832.5499877929688,836.0,18512260
2023-05-16,788.6732788085938,823.6500244140625,835.9000244140625,822.0,835.9000244140625,32722086
2023-05-17,784.43603515625,819.2249755859375,825.0,812.6749877929688,825.0,30466868
2023-05-18,787.572021484375,822.5,826.9749755859375,820.0,824.0,49646942
2023-05-19,788.481689453125,823.4500122070312,825.0,815.7750244140625,824.0,30460332
2023-05-22,785.680908203125,820.5250244140625,826.4500122070312,816.3499755859375,822.5,28334032
2023-05-23,783.8375854492188,818.5999755859375,824.7999877929688,816.7249755859375,824.5,22470074
2023-05-24,773.5921020507812,807.9000244140625,817.375,806.7999877929688,813.7750244140625,33588112
2023-05-25,770.6236572265625,804.7999877929688,810.0250244140625,798.6749877929688,807.8499755859375,29776930
2023-05-26,773.5921020507812,807.9000244140625,809.5,801.125,809.5,26635066
2023-05-29,783.023681640625,817.75,820.5,812.4249877929688,814.25,21816292
2023-05-30,783.6221923828125,818.375,821.3250122070312,814.2750244140625,816.7999877929688,37125928
2023-05-31,771.22216796875,805.4249877929688,817.4749755859375,802.3250122070312,814.9500122070312,43334270
2023-06-01,767.9425048828125,802.0,809.9500122070312,800.0,809.9500122070312,50366938
2023-06-02,769.1395263671875,803.25,807.4000244140625,800.5,806.2249755859375,17859710
2023-06-05,768.1341552734375,802.2000122070312,808.25,801.2249755859375,807.25,18697242
2023-06-06,765.740234375,799.7000122070312,804.9249877929688,796.125,803.8250122070312,32182852
2023-06-07,769.7139892578125,803.8499755859375,806.2750244140625,798.0,801.7249755859375,24949026
2023-06-08,770.1927490234375,804.3499755859375,813.0,801.625,801.625,37395522
2023-06-09,771.1024780273438,805.2999877929688,809.25,803.5,807.9500122070312,18212578
2023-06-12,766.4105224609375,800.4000244140625,807.9000244140625,799.7249755859375,806.2750244140625,13408292
2023-06-13,767.7031860351562,801.75,804.5,795.0499877929688,795.0499877929688,27926108
2023-06-14,766.8652954101562,800.875,806.0,800.0999755859375,805.2249755859375,20113968
2023-06-15,757.4336547851562,791.0250244140625,802.9749755859375,789.5,802.0,35377476
2023-06-16,767.3441772460938,801.375,804.5999755859375,792.0,793.5750122070312,15779272
2023-06-19,768.014404296875,802.0750122070312,807.125,799.1749877929688,805.5,24829146
2023-06-20,769.6182861328125,803.75,805.5,795.3250122070312,802.0750122070312,20005626
2023-06-21,783.0716552734375,817.7999877929688,818.625,805.5,808.0,24308946
2023-06-22,786.9017333984375,821.7999877929688,828.7750244140625,819.5250244140625,820.0,56596140
2023-06-23,786.8538208007812,821.75,829.9500122070312,817.0250244140625,818.7750244140625,21339218
2023-06-26,783.0476684570312,817.7750244140625,825.375,814.3499755859375,822.5,16130314
2023-06-27,794.0833129882812,829.2999877929688,836.4500122070312,819.2750244140625,821.4749755859375,33831864
2023-06-28,802.4856567382812,838.0750122070312,839.9500122070312,830.25,835.0,59562950
2023-06-30,814.574462890625,850.7000122070312,854.4000244140625,841.625,852.0,40699016
2023-07-03,823.3839111328125,859.9000244140625,878.75,855.0,856.25,44104116
2023-07-04,827.4054565429688,864.0999755859375,873.5,856.9000244140625,861.7249755859375,38795188
2023-07-05,801.1211547851562,836.6500244140625,860.0,834.2750244140625,858.125,37165754
2023-07-06,801.9349975585938,837.5,843.9249877929688,830.2000122070312,836.5,52156544
2023-07-07,794.9450073242188,830.2000122070312,837.5,828.1500244140625,832.5,19926336
2023-07-10,793.053955078125,828.2249755859375,838.375,824.8499755859375,830.5,38398442
2023-07-11,789.1998291015625,824.2000122070312,838.0,822.75,831.5,50670426
2023-07-12,781.8028564453125,816.4749755859375,833.1500244140625,813.5750122070312,827.6749877929688,70958358
2023-07-13,785.704833984375,820.5499877929688,828.7249755859375,819.0250244140625,828.3499755859375,41913546
2023-07-14,787.3327026367188,822.25,826.7999877929688,817.5,826.7999877929688,24727214
2023-07-17,803.80224609375,839.4500122070312,841.0,816.5,825.0,49252928
2023-07-18,803.1320190429688,838.75,852.0,835.0,849.0,81076818
2023-07-19,806.7705688476562,842.5499877929688,844.375,837.5,840.5499877929688,32935134
2023-07-20,808.51806640625,844.375,846.0,840.0,840.5750122070312,56210948
2023-07-21,802.2941284179688,837.875,844.9000244140625,836.625,840.0,42154248
2023-07-24,803.5628051757812,839.2000122070312,842.3250122070312,835.0499877929688,839.25,32179444
2023-07-25,812.2764282226562,848.2999877929688,849.5,839.2000122070312,842.3250122070312,55992596
2023-07-26,809.45166015625,845.3499755859375,849.7999877929688,844.0,849.7999877929688,24794358
2023-07-27,801.0493774414062,836.5750122070312,851.5,833.7249755859375,849.9500122070312,59741302
2023-07-28,786.8538208007812,821.75,834.4500122070312,820.5499877929688,830.75,41015684
2023-07-31,790.5403442382812,825.5999755859375,828.4000244140625,819.3499755859375,825.0250244140625,34565006
2023-08-01,795.8307495117188,831.125,833.7249755859375,825.0,827.2249755859375,35394188
2023-08-02,785.4176025390625,820.25,825.75,816.5750122070312,821.0,28116322
2023-08-03,779.7442016601562,814.3250122070312,825.6749877929688,811.5,820.0,57673946
2023-08-04,791.0191040039062,826.0999755859375,828.25,814.625,817.5750122070312,37388304
2023-08-07,790.5643310546875,825.625,831.5499877929688,823.7750244140625,831.5499877929688,28300918
2023-08-08,789.9180297851562,824.9500122070312,827.7999877929688,821.0250244140625,825.8499755859375,43773828
2023-08-09,790.2052612304688,825.25,827.25,815.5499877929688,826.5,33361236
2023-08-10,783.1912841796875,817.9249877929688,827.125,815.5,823.5250244140625,50781118
2023-08-11,775.0283203125,809.4000244140625,819.2000122070312,808.0999755859375,819.2000122070312,28225822
2023-08-14,771.24609375,805.4500122070312,807.5,800.125,805.5,31304410
2023-08-16,768.9957885742188,803.0999755859375,804.8250122070312,790.6500244140625,791.5499877929688,34137542
2023-08-17,764.73486328125,798.6500244140625,804.9500122070312,797.0,798.7999877929688,52884040
2023-08-18,761.5989379882812,795.375,798.1500244140625,792.75,793.7750244140625,25633366
2023-08-21,761.0004272460938,794.75,800.25,793.5,800.25,21837270
2023-08-22,757.7448120117188,791.3499755859375,799.0,790.0,798.1749877929688,32273570
2023-08-23,759.6119995117188,793.2999877929688,795.2750244140625,786.625,790.0,36498588
2023-08-24,756.1170654296875,789.6500244140625,798.0999755859375,788.0750122070312,796.6500244140625,43145792
2023-08-25,747.594970703125,780.75,788.75,779.2000122070312,787.2750244140625,30069756
2023-08-28,755.3749389648438,788.875,791.3250122070312,780.75,780.75,28867238
2023-08-29,761.383544921875,795.1500244140625,796.3250122070312,790.7249755859375,794.8499755859375,35538932
2023-08-30,755.8297119140625,789.3499755859375,801.9749755859375,786.8499755859375,801.9749755859375,28084204
2023-08-31,752.358642578125,785.7249755859375,791.5750122070312,781.5499877929688,789.5,100075772
2023-09-01,753.9146728515625,787.3499755859375,789.5,779.6749877929688,785.5,43226776
2023-09-04,758.630615234375,792.2750244140625,795.7249755859375,787.4500122070312,795.0,25073638
2023-09-05,754.010498046875,787.4500122070312,794.2000122070312,785.2999877929688,794.2000122070312,38712082
2023-09-06,763.873046875,797.75,800.0,787.4500122070312,788.4000244140625,56320910
2023-09-07,771.22216796875,805.4249877929688,807.0,793.5750122070312,797.75,34208342
2023-09-08,777.2306518554688,811.7000122070312,816.4500122070312,803.7999877929688,804.1500244140625,34502210
2023-09-11,781.2523193359375,815.9000244140625,818.25,812.0,814.4500122070312,31573022
2023-09-12,783.6939697265625,818.4500122070312,821.4500122070312,812.5250244140625,820.0,39033340
2023-09-13,787.04541015625,821.9500122070312,825.7999877929688,814.2999877929688,815.6500244140625,46420094
2023-09-14,786.5665893554688,821.4500122070312,825.0,817.5499877929688,822.125,23538848
2023-09-15,795.5914306640625,830.875,835.0,825.0,825.0,173411202
2023-09-18,779.9356689453125,814.5250244140625,827.5,813.0499877929688,826.875,37056288
2023-09-20,748.6482543945312,781.8499755859375,799.5,780.2000122070312,799.5,115474648
2023-09-21,743.6929931640625,776.6749877929688,784.4749755859375,768.5250244140625,776.5,72841442
2023-09-22,732.3462524414062,764.8250122070312,782.2000122070312,761.875,779.5,61704250
2023-09-25,732.9925537109375,765.5,770.3499755859375,762.5,762.5,40208754
2023-09-26,736.1763916015625,768.8250122070312,770.0,762.5,762.5,27575308
2023-09-27,731.0056762695312,763.4249877929688,766.25,757.5,761.5,39338538
2023-09-28,729.49755859375,761.8499755859375,768.7999877929688,759.1749877929688,767.0,55354188
2023-09-29,730.7423706054688,763.1500244140625,767.7249755859375,761.1500244140625,761.8499755859375,32053782
2023-10-03,722.0048828125,754.0250244140625,763.5,753.0,763.5,38971694
2023-10-04,732.2984008789062,764.7750244140625,767.5,744.625,747.5,54649430
2023-10-05,735.2667846679688,767.875,775.7750244140625,766.2999877929688,767.5250244140625,48512674
2023-10-06,734.452880859375,767.0250244140625,772.5,764.9249877929688,772.0,17759356
2023-10-09,725.9307861328125,758.125,765.0,756.0,764.0,16454972
2023-10-10,730.0481567382812,762.4249877929688,764.5,757.5999755859375,760.2750244140625,33266292
2023-10-11,737.1099243164062,769.7999877929688,771.0750122070312,764.25,765.0499877929688,31333360
2023-10-12,742.017333984375,774.9249877929688,776.0,765.7999877929688,768.0499877929688,22025336
2023-10-13,735.2667846679688,767.875,774.4000244140625,764.9749755859375,770.0,39745300
2023-10-16,732.3223266601562,764.7999877929688,767.2249755859375,760.25,765.75,17856084
2023-10-17,737.8759765625,770.5999755859375,777.875,767.5,777.875,32902558
2023-10-18,727.6064453125,759.875,770.5999755859375,759.0499877929688,770.5999755859375,31216200
2023-10-19,725.3084106445312,757.4749755859375,763.125,751.5999755859375,752.7000122070312,30252364
2023-10-20,729.066650390625,761.4000244140625,763.5,752.5,752.5,21094010
2023-10-23,721.04736328125,753.0250244140625,764.375,750.0499877929688,761.75,22376136
2023-10-25,716.4751586914062,748.25,761.4000244140625,745.7249755859375,760.5,28311996
2023-10-26,700.6279296875,731.7000122070312,746.0,730.125,745.625,55561798
2023-10-27,703.380859375,734.5750122070312,739.0,733.4500122070312,734.75,31940532
2023-10-30,711.0171508789062,742.5499877929688,744.9749755859375,730.9500122070312,731.625,23310982
2023-10-31,706.8997192382812,738.25,752.0,737.0,752.0,32634824
2023-11-01,705.9421997070312,737.25,738.7249755859375,731.125,731.125,33877466
2023-11-02,707.0194702148438,738.375,745.25,733.5750122070312,742.5,45225154
2023-11-03,710.370849609375,741.875,745.7000122070312,740.8250122070312,744.0,18095340
2023-11-06,715.517578125,747.25,749.0,741.5,749.0,25593730
2023-11-07,712.0464477539062,743.625,747.0,738.5999755859375,747.0,41952848
2023-11-08,714.105224609375,745.7750244140625,746.7249755859375,740.5,741.9749755859375,31399546
2023-11-09,711.280517578125,742.8250122070312,746.2999877929688,741.75,743.0,22116740
2023-11-10,714.0812377929688,745.75,748.0,740.0250244140625,740.0499877929688,14015186
2023-11-13,712.78857421875,744.4000244140625,747.9749755859375,742.9500122070312,746.0499877929688,20605914
2023-11-15,720.2574462890625,752.2000122070312,755.4749755859375,750.2750244140625,752.0499877929688,41245460
2023-11-16,722.1484375,754.1749877929688,759.5,751.875,754.8499755859375,29713838
2023-11-17,720.592529296875,752.5499877929688,753.75,744.5,745.0,23701874
2023-11-20,720.640380859375,752.5999755859375,756.5,750.7750244140625,756.5,19331452
2023-11-21,726.7445678710938,758.9749755859375,761.0,756.0499877929688,759.5,24959972
2023-11-22,724.1593017578125,756.2750244140625,760.0,751.7750244140625,760.0,29123650
2023-11-23,728.3486328125,760.6500244140625,761.9249877929688,754.25,754.25,13046220
2023-11-24,733.5192260742188,766.0499877929688,766.5750122070312,759.9249877929688,760.5999755859375,16469192
2023-11-28,731.8674926757812,764.3250122070312,768.625,762.9000244140625,767.5999755859375,28489338
2023-11-29,746.4699096679688,779.5750122070312,781.5,766.5,766.9500122070312,34042488
2023-11-30,746.3023681640625,779.4000244140625,786.2249755859375,771.0750122070312,784.5750122070312,69491440
2023-12-01,744.674560546875,777.7000122070312,782.875,776.0499877929688,778.9500122070312,22153536
2023-12-04,770.5278930664062,804.7000122070312,806.0,786.8250122070312,794.0,50662456
2023-12-05,777.374267578125,811.8499755859375,819.5,808.25,818.25,52230820
2023-12-06,779.3372802734375,813.9000244140625,819.2249755859375,808.3250122070312,819.2249755859375,38613060
2023-12-07,780.6058959960938,815.2249755859375,817.0,808.0999755859375,812.5,20450386
2023-12-08,791.4979248046875,826.5999755859375,827.5,815.2249755859375,815.2249755859375,33728038
2023-12-11,790.444580078125,825.5,831.8499755859375,823.5,825.0250244140625,23187620
2023-12-12,782.5928344726562,817.2999877929688,828.125,815.9249877929688,827.0999755859375,36581476
2023-12-13,780.8213500976562,815.4500122070312,818.0,807.5499877929688,816.2249755859375,29346914
2023-12-14,790.0376586914062,825.0750122070312,829.4749755859375,822.5,823.0,35172366
2023-12-15,793.101806640625,828.2750244140625,834.0,823.2999877929688,825.0,138837130
2023-12-18,792.69482421875,827.8499755859375,832.3499755859375,825.4749755859375,830.3499755859375,18014754
2023-12-19,791.3543090820312,826.4500122070312,829.3250122070312,822.0250244140625,825.0,24008446
2023-12-20,793.3171997070312,828.5,834.4749755859375,822.2249755859375,829.0,34232520
2023-12-21,807.5365600585938,843.3499755859375,844.875,825.125,828.5,36589240
2023-12-22,799.9481201171875,835.4249877929688,842.9500122070312,833.5499877929688,841.7999877929688,48578850
2023-12-26,805.5018920898438,841.2249755859375,842.9749755859375,834.2750244140625,836.625,18045856
2023-12-27,815.4841918945312,851.6500244140625,853.25,839.2999877929688,840.75,27009078
2023-12-28,816.417724609375,852.625,860.7000122070312,851.0,854.6500244140625,44076470
2023-12-29,818.3328247070312,854.625,857.4500122070312,848.0,848.5,25011426
2024-01-01,812.9945068359375,849.0499877929688,854.5750122070312,846.0,853.0,14239686
2024-01-02,813.4733276367188,849.5499877929688,851.4000244140625,844.3499755859375,849.4000244140625,29242092
2024-01-03,800.9296264648438,836.4500122070312,852.3499755859375,834.4749755859375,851.0,28389762
2024-01-04,809.5234985351562,845.4249877929688,847.4749755859375,835.3499755859375,839.0,26734056
2024-01-05,805.3821411132812,841.0999755859375,852.4500122070312,834.0499877929688,843.5750122070312,31889470
2024-01-08,796.4052124023438,831.7249755859375,841.1749877929688,830.0,839.25,17998470
2024-01-09,790.2052612304688,825.25,838.9000244140625,823.375,833.5750122070312,25326888
2024-01-10,792.814453125,827.9749755859375,829.9749755859375,820.7000122070312,821.5,16115824
2024-01-11,789.4871215820312,824.5,831.4500122070312,821.5,830.0,18314010
2024-01-12,785.752685546875,820.5999755859375,828.0,816.7999877929688,826.0,19773552
2024-01-15,800.8817749023438,836.4000244140625,840.4500122070312,821.7999877929688,823.8499755859375,28320356
2024-01-16,803.9219360351562,839.5750122070312,841.8250122070312,829.0499877929688,836.5,25322500
2024-01-17,736.1045532226562,768.75,798.4000244140625,764.2000122070312,785.0,170145236
2024-01-18,711.5198974609375,743.0750122070312,757.5,740.0250244140625,747.0,161070930
2024-01-19,704.0989379882812,735.3250122070312,755.125,734.2000122070312,752.9749755859375,109600538
2024-01-23,683.3683471679688,713.6749877929688,737.3499755859375,712.5,732.5,115469402
2024-01-24,697.037109375,727.9500122070312,729.2249755859375,690.125,690.125,86004404
2024-01-25,686.9830322265625,717.4500122070312,728.6749877929688,709.7000122070312,726.25,98941852
2024-01-29,696.438720703125,727.3250122070312,731.4000244140625,722.9000244140625,724.0250244140625,65645498
2024-01-30,691.4834594726562,722.1500244140625,731.5999755859375,720.4500122070312,727.2750244140625,41728768
2024-01-31,700.2210083007812,731.2750244140625,737.4749755859375,718.4000244140625,719.75,65761040
2024-02-01,702.0402221679688,733.1749877929688,736.7999877929688,728.0250244140625,732.5250244140625,32690740
2024-02-02,692.3692016601562,723.0750122070312,740.4249877929688,721.0250244140625,737.5,44867754
2024-02-05,691.7467651367188,722.4249877929688,725.9500122070312,717.0250244140625,723.0,38605046
2024-02-06,691.3876953125,722.0499877929688,724.8499755859375,716.2999877929688,722.7750244140625,41075740
2024-02-07,684.6130981445312,714.9749755859375,726.9000244140625,713.3250122070312,726.5,54837086
2024-02-08,671.7343139648438,701.5250244140625,719.4749755859375,700.25,714.9249877929688,69106124
2024-02-09,671.9976196289062,701.7999877929688,707.0999755859375,693.5,696.0750122070312,56642124
2024-02-12,665.4863891601562,695.0,706.8250122070312,691.6749877929688,699.8250122070312,34447812
2024-02-13,667.6168823242188,697.2249755859375,702.1749877929688,692.1749877929688,695.9749755859375,57580994
2024-02-14,662.6377563476562,692.0250244140625,695.75,681.7750244140625,688.0,91320810
2024-02-15,677.0007934570312,707.0250244140625,707.75,692.1749877929688,692.5,41584944
2024-02-16,679.8015747070312,709.9500122070312,713.8499755859375,704.2249755859375,711.9500122070312,32175742
2024-02-19,678.4609985351562,708.5499877929688,714.5,707.5999755859375,714.5,34451756
2024-02-20,696.271240234375,727.1500244140625,728.625,705.9000244140625,707.5,56133508
2024-02-21,689.017822265625,719.5750122070312,732.0,717.5,732.0,45893136
2024-02-22,679.634033203125,709.7750244140625,714.4000244140625,706.0999755859375,708.875,50560882
2024-02-23,680.1366577148438,710.2999877929688,716.9500122070312,709.0,711.2750244140625,29833452
2024-02-26,680.9505615234375,711.1500244140625,717.4249877929688,706.7750244140625,706.7750244140625,23506870
2024-02-27,679.9212646484375,710.0750122070312,713.3499755859375,706.5250244140625,706.7750244140625,32087150
2024-02-28,674.7745361328125,704.7000122070312,712.0999755859375,702.0,710.0750122070312,25321986
2024-02-29,671.90185546875,701.7000122070312,705.2000122070312,698.6500244140625,701.0499877929688,53295700
2024-03-01,684.9961547851562,715.375,716.375,700.0,700.0,34738898
2024-03-04,685.9297485351562,716.3499755859375,718.5,712.1500244140625,715.4749755859375,35616474
2024-03-05,689.8316650390625,720.4249877929688,721.5,710.8250122070312,711.0,37991672
2024-03-06,690.6695556640625,721.2999877929688,726.4249877929688,716.7750244140625,716.7750244140625,42409530
2024-03-07,692.3452758789062,723.0499877929688,725.5250244140625,720.7000122070312,722.75,49348046
2024-03-11,683.5838012695312,713.9000244140625,722.9749755859375,711.5,715.0,50531094
2024-03-12,698.78466796875,729.7750244140625,732.0,714.625,717.0,65418454
2024-03-13,699.1915893554688,730.2000122070312,735.7999877929688,725.0499877929688,732.75,63067454
2024-03-14,696.8216552734375,727.7249755859375,733.0,722.1500244140625,731.0499877929688,52432158
2024-03-15,695.481201171875,726.3250122070312,729.6500244140625,721.125,725.0,143613804
2024-03-18,692.3212890625,723.0250244140625,728.0,717.9000244140625,723.5,21437856
2024-03-19,693.9011840820312,724.6749877929688,726.2000122070312,717.75,717.75,36183594
2024-03-20,685.1398315429688,715.5250244140625,725.8250122070312,712.3250122070312,724.5250244140625,43606094
2024-03-21,692.1776123046875,722.875,725.625,719.1500244140625,721.2999877929688,28922860
2024-03-22,690.7891845703125,721.4249877929688,725.375,718.875,720.5,45980326
2024-03-26,682.434814453125,712.7000122070312,718.9749755859375,711.0750122070312,713.5999755859375,56844290
2024-03-27,689.7598876953125,720.3499755859375,723.9749755859375,710.625,711.7750244140625,62168668
2024-03-28,693.2069702148438,723.9500122070312,730.25,720.3499755859375,720.3499755859375,55592142
2024-04-01,704.027099609375,735.25,736.9000244140625,727.7999877929688,729.0,25199570
2024-04-02,708.6472778320312,740.0750122070312,747.4249877929688,731.625,732.5750122070312,41225446
2024-04-03,709.6766357421875,741.1500244140625,747.8250122070312,735.7000122070312,736.0499877929688,45584386
2024-04-04,731.3648071289062,763.7999877929688,765.0,752.0,752.0,88935066
2024-04-05,741.8737182617188,774.7750244140625,777.25,765.0750122070312,769.5,59055902
2024-04-08,740.4613647460938,773.2999877929688,778.625,770.7750244140625,777.4749755859375,20482940
2024-04-09,741.3949584960938,774.2750244140625,777.4249877929688,770.1500244140625,777.4249877929688,21884494
2024-04-10,735.5540161132812,768.1749877929688,774.9500122070312,766.4749755859375,774.9500122070312,27807400
2024-04-12,727.2234497070312,759.4749755859375,764.9249877929688,756.7249755859375,760.5,41084208
2024-04-15,715.61328125,747.3499755859375,755.0,746.0250244140625,748.7750244140625,23415248
2024-04-16,722.5794067382812,754.625,756.4500122070312,741.125,743.5,20744886
2024-04-18,715.61328125,747.3499755859375,759.4249877929688,745.5250244140625,754.9000244140625,34234884
2024-04-19,733.13623046875,765.6500244140625,767.4749755859375,740.125,743.2750244140625,34576434
2024-04-22,723.99169921875,756.0999755859375,778.7000122070312,754.1500244140625,778.7000122070312,42298438
2024-04-23,721.7894287109375,753.7999877929688,763.25,751.625,763.1500244140625,26827060
2024-04-24,723.7523193359375,755.8499755859375,760.875,754.5250244140625,757.5,22441580
2024-04-25,723.2975463867188,755.375,759.8499755859375,753.125,753.125,35445204
2024-04-26,722.8427124023438,754.9000244140625,764.0,752.7750244140625,759.9000244140625,24854694
2024-04-29,732.2744140625,764.75,767.2249755859375,753.2750244140625,757.5,36093350
2024-04-30,727.77392578125,760.0499877929688,769.75,757.4500122070312,764.5999755859375,52307382
2024-05-02,733.5910034179688,766.125,768.5,760.1749877929688,761.0,33475006
2024-05-03,727.5346069335938,759.7999877929688,770.2999877929688,753.5999755859375,766.625,31865242
2024-05-06,728.994873046875,761.3250122070312,767.25,758.5750122070312,761.0,28793396
2024-05-07,721.09521484375,753.0750122070312,762.0250244140625,752.0750122070312,760.9749755859375,28480602
2024-05-08,709.8441772460938,741.3250122070312,748.4749755859375,740.1749877929688,747.9749755859375,41687862
2024-05-09,693.0155029296875,723.75,743.375,722.6500244140625,737.4749755859375,46281278
2024-05-10,697.8200073242188,718.9500122070312,725.9749755859375,713.4000244140625,719.5,27276608
2024-05-13,706.2400512695312,727.625,729.9000244140625,715.1500244140625,716.0,27047202
2024-05-14,709.0062866210938,730.4749755859375,732.75,725.1500244140625,726.125,25665142
2024-05-15,698.1112060546875,719.25,729.8499755859375,717.9000244140625,729.8499755859375,38931996
2024-05-16,708.6665649414062,730.125,731.2750244140625,717.75,723.0250244140625,34945236
2024-05-17,710.5349731445312,732.0499877929688,734.0,723.0999755859375,723.0999755859375,20920190
2024-05-21,707.962890625,729.4000244140625,734.8499755859375,725.0499877929688,725.0499877929688,43769978
2024-05-22,708.156982421875,729.5999755859375,732.7999877929688,724.0750122070312,728.9249877929688,39996278
2024-05-23,724.3661499023438,746.2999877929688,747.8250122070312,728.5250244140625,729.3250122070312,40861920
2024-05-24,736.3046875,758.5999755859375,759.9500122070312,743.0,743.75,31060206
2024-05-27,741.400390625,763.8499755859375,772.5,759.5250244140625,761.6749877929688,29385440
2024-05-28,742.75927734375,765.25,768.0250244140625,762.4000244140625,765.0499877929688,27908904
2024-05-29,731.9854736328125,754.1500244140625,761.9249877929688,750.625,759.0,35147706
2024-05-30,735.1642456054688,757.4249877929688,761.7999877929688,748.8250122070312,749.5999755859375,33755350
2024-05-31,743.2688598632812,765.7750244140625,768.0,757.0,759.5,74079588
2024-06-03,762.9964599609375,786.0999755859375,799.5,775.0,799.5,72637256
2024-06-04,719.7800903320312,741.5750122070312,779.5,727.0,778.5,89531240
2024-06-05,753.0963134765625,775.9000244140625,779.7999877929688,741.1749877929688,747.0250244140625,81631650
2024-06-06,756.9301147460938,779.8499755859375,782.7249755859375,773.2999877929688,782.4500122070312,46422870
2024-06-07,763.5545043945312,786.6749877929688,792.1749877929688,776.0250244140625,780.5250244140625,36712216
2024-06-10,757.7067260742188,780.6500244140625,790.3250122070312,778.7999877929688,787.0,22454058
2024-06-11,759.4052124023438,782.4000244140625,785.5,776.0999755859375,778.0,29545326
2024-06-12,763.9428100585938,787.0750122070312,794.1500244140625,783.2000122070312,787.5,39280436
2024-06-13,767.1458129882812,790.375,792.8499755859375,787.0,790.875,24120192
2024-06-14,774.9835205078125,798.4500122070312,799.5,788.8499755859375,792.0,25540554
2024-06-18,780.2733764648438,803.9000244140625,805.25,794.7249755859375,798.4500122070312,32415714
2024-06-19,804.5628051757812,828.9249877929688,834.9500122070312,802.0,806.7000122070312,90131196
2024-06-20,810.1438598632812,834.6749877929688,840.7249755859375,826.0,834.9000244140625,41408742
2024-06-21,808.3967895507812,832.875,836.4249877929688,821.5750122070312,836.4249877929688,51630776
2024-06-24,811.6240234375,836.2000122070312,837.5499877929688,822.875,823.5,28544994
2024-06-25,830.5266723632812,855.6749877929688,858.4749755859375,835.5499877929688,835.5499877929688,74521548
2024-06-26,825.7464599609375,850.75,855.4500122070312,845.5499877929688,853.9749755859375,47596666
2024-06-27,823.1500244140625,848.0750122070312,856.5,843.2999877929688,848.0499877929688,55074650
2024-06-28,817.1565551757812,841.9000244140625,853.2999877929688,839.5,848.7999877929688,26476046
2024-07-01,827.5419921875,852.5999755859375,853.6500244140625,840.0,840.0,21187024
2024-07-02,839.8687744140625,865.2999877929688,867.4500122070312,851.375,857.5,45921690
2024-07-03,858.3346557617188,884.3250122070312,897.0,882.3250122070312,895.5,123217802
2024-07-04,838.1945190429688,863.5750122070312,879.875,862.4249877929688,879.875,45848658
2024-07-05,799.8310546875,824.0499877929688,842.5,821.0999755859375,842.5,82242548
2024-07-08,793.6434326171875,817.6749877929688,827.4749755859375,813.5750122070312,822.6500244140625,39087800
2024-07-09,794.2015991210938,818.25,823.3499755859375,810.1749877929688,812.5,48550878
2024-07-10,789.1544799804688,813.0499877929688,820.0,810.375,814.9749755859375,45507182
2024-07-11,787.1161499023438,810.9500122070312,812.9249877929688,800.5,811.9749755859375,44177074
2024-07-12,787.50439453125,811.3499755859375,819.2000122070312,805.5750122070312,811.0,56049960
2024-07-15,787.2131958007812,811.0499877929688,814.9000244140625,807.5999755859375,811.75,33375694
2024-07-16,786.0726928710938,809.875,813.5,808.4000244140625,810.375,28950324
2024-07-18,783.6705322265625,807.4000244140625,811.9749755859375,799.5750122070312,804.0,33717064
2024-07-19,780.0307006835938,803.6500244140625,811.5,801.75,808.0,26002152
2024-07-22,797.1376953125,821.2750244140625,825.5,806.3250122070312,808.5,53744822
2024-07-23,785.4176025390625,809.2000122070312,823.9000244140625,802.5,823.7750244140625,52002152
2024-07-24,778.4534912109375,802.0250244140625,810.5,794.0250244140625,804.0750122070312,61728206
2024-07-25,784.5440063476562,808.2999877929688,812.5,796.5,796.5,25535732
2024-07-26,785.2962646484375,809.0750122070312,810.875,798.2249755859375,802.5,43810540
2024-07-29,778.938720703125,802.5250244140625,815.9249877929688,799.1500244140625,807.5,51001148
2024-07-30,784.0344848632812,807.7750244140625,817.375,799.5,801.0,54595834
2024-07-31,784.1314697265625,807.875,813.9500122070312,804.5999755859375,807.0,37820484
2024-08-01,795.3178100585938,819.4000244140625,825.0250244140625,808.9749755859375,811.4500122070312,26215174
2024-08-02,805.1937255859375,829.5750122070312,835.25,815.5,815.5,44119238
2024-08-05,784.1314697265625,807.875,823.0,800.5,820.0499877929688,41333634
2024-08-06,777.0702514648438,800.5999755859375,816.4749755859375,796.6500244140625,815.0,45116050
2024-08-07,787.8926391601562,811.75,815.0,801.0999755859375,808.5,42346264
2024-08-08,797.21044921875,821.3499755859375,826.6500244140625,809.625,812.0,33976950
2024-08-09,800.8502197265625,825.0999755859375,831.2750244140625,822.9000244140625,826.0,26644618
2024-08-12,805.65478515625,830.0499877929688,837.9749755859375,823.6749877929688,826.0,39316196
2024-08-13,778.0409545898438,801.5999755859375,816.2000122070312,800.5750122070312,814.0,54055042
2024-08-14,780.2733764648438,803.9000244140625,806.8499755859375,801.5999755859375,803.25,32334428
2024-08-16,792.0662231445312,816.0499877929688,817.0750122070312,805.5,814.25,27849246
2024-08-19,791.7993774414062,815.7750244140625,818.8250122070312,811.8499755859375,818.8250122070312,19502164
2024-08-20,794.783935546875,818.8499755859375,823.0,813.7249755859375,813.7249755859375,31134494
2024-08-21,789.0088500976562,812.9000244140625,817.2750244140625,808.9000244140625,814.0499877929688,47630904
2024-08-22,791.6781005859375,815.6500244140625,819.1500244140625,814.0,816.0,21300638
2024-08-23,788.6448974609375,812.5250244140625,817.0,811.5,817.0,20333422
2024-08-26,795.8758544921875,819.9749755859375,823.9749755859375,816.0999755859375,816.0999755859375,22364266
2024-08-27,794.8082275390625,818.875,823.7000122070312,816.0999755859375,821.7000122070312,35773244
2024-08-28,794.4927368164062,818.5499877929688,819.875,815.0999755859375,818.875,26921188
2024-08-29,795.1964721679688,819.2750244140625,822.2000122070312,815.5750122070312,821.0,49052604
2024-08-30,794.395751953125,818.4500122070312,831.0,810.5750122070312,828.0,445342100
2024-09-02,789.56689453125,813.4749755859375,823.4000244140625,811.5999755859375,823.4000244140625,34049680
2024-09-03,794.6140747070312,818.6749877929688,819.9749755859375,812.2999877929688,817.0,37282860
2024-09-04,796.7737426757812,820.9000244140625,822.4000244140625,816.0,819.5,24682744
2024-09-05,798.5451049804688,822.7249755859375,824.9500122070312,821.0,823.0,22876318
2024-09-06,794.419921875,818.4749755859375,823.875,817.0499877929688,819.1500244140625,26029602
2024-09-09,799.0546875,823.25,824.25,815.0499877929688,819.0,23792914
2024-09-10,800.9230346679688,825.1749877929688,827.0,819.0,827.0,26606646
2024-09-11,797.7928466796875,821.9500122070312,826.25,819.5999755859375,825.2000122070312,22226684
2024-09-12,808.8092651367188,833.2999877929688,835.0,823.5250244140625,827.0,32424046
2024-09-13,808.4937744140625,832.9749755859375,837.0,828.5250244140625,837.0,23860532
2024-09-16,810.9203491210938,835.4749755859375,838.9000244140625,832.0250244140625,833.5,15172820
2024-09-17,809.876953125,834.4000244140625,839.0,832.0750122070312,839.0,20127122
2024-09-18,822.494873046875,847.4000244140625,849.4500122070312,835.5499877929688,835.9249877929688,40917342
2024-09-19,829.1435546875,854.25,859.5,849.5750122070312,849.5999755859375,30651776
2024-09-20,845.0130004882812,870.5999755859375,872.4749755859375,853.7750244140625,858.25,60623386
2024-09-23,854.0396728515625,879.9000244140625,883.1749877929688,870.125,874.5,26965350
2024-09-24,858.0435180664062,884.0250244140625,890.8250122070312,877.125,882.5,33039036
2024-09-25,863.4060668945312,889.5499877929688,894.0,880.0750122070312,880.0750122070312,31965312
2024-09-26,865.5171508789062,891.7249755859375,894.0,884.0250244140625,886.5250244140625,31899644
2024-09-27,850.5697021484375,876.3250122070312,889.0999755859375,875.0,888.5,35613502
2024-09-30,840.572509765625,866.0250244140625,875.7249755859375,862.2000122070312,874.4000244140625,26383534
2024-10-01,837.7334594726562,863.0999755859375,871.0,860.0499877929688,862.0,24572284
2024-10-03,816.282958984375,841.0,863.0750122070312,836.6749877929688,857.8250122070312,48473398
2024-10-04,804.4657592773438,828.8250122070312,845.3250122070312,826.5,837.25,48683232
2024-10-07,785.1264038085938,808.9000244140625,829.5,806.5,826.0999755859375,94458296
2024-10-08,801.2628173828125,825.5250244140625,828.4000244140625,811.0,815.0,29734406
2024-10-09,792.5758056640625,816.5750122070312,828.375,814.3499755859375,824.75,41125642
2024-10-10,806.7709350585938,831.2000122070312,832.7249755859375,816.25,819.5,21754766
2024-10-11,801.238525390625,825.5,832.2249755859375,821.625,832.2249755859375,23672594
2024-10-14,819.2433471679688,844.0499877929688,846.0250244140625,827.0,828.0250244140625,18527508
2024-10-15,817.3021240234375,842.0499877929688,849.0,837.75,847.0,19651130
2024-10-16,824.92138671875,849.9000244140625,853.9749755859375,840.0499877929688,840.0499877929688,20470682
2024-10-17,811.988037109375,836.5750122070312,848.8250122070312,832.5999755859375,847.4749755859375,14695732
2024-10-18,816.2101440429688,840.9249877929688,845.5,827.0499877929688,831.5499877929688,24809724
2024-10-21,838.9466552734375,864.3499755859375,874.0750122070312,855.5250244140625,857.5,46548354
2024-10-22,832.07958984375,857.2750244140625,870.0,855.3499755859375,865.0250244140625,38875280
2024-10-23,842.3923950195312,867.9000244140625,873.25,852.5250244140625,852.5250244140625,38036090
2024-10-24,849.1138916015625,874.8250122070312,884.3250122070312,869.0499877929688,869.0499877929688,30832258
2024-10-25,846.0807495117188,871.7000122070312,878.9249877929688,864.3499755859375,877.5,26130478
2024-10-28,841.6158447265625,867.0999755859375,875.5,864.4500122070312,871.0,22012142
2024-10-29,850.1815185546875,875.9249877929688,882.0,862.5499877929688,863.0750122070312,35794926
2024-10-30,841.8099975585938,867.2999877929688,877.375,862.0999755859375,871.0,32715724
2024-10-31,842.3438110351562,867.8499755859375,869.4500122070312,859.7000122070312,864.0,22895912
2024-11-01,843.120361328125,868.6500244140625,872.0499877929688,863.0499877929688,866.5,1759692
2024-11-04,831.8612060546875,857.0499877929688,872.5,855.4500122070312,872.5,28089248
2024-11-05,853.0933227539062,878.9249877929688,881.3499755859375,848.9500122070312,851.5,44232406
2024-11-06,851.83154296875,877.625,885.75,872.6749877929688,885.75,27787910
2024-11-07,847.609375,873.2750244140625,880.4749755859375,869.0,872.1500244140625,18895456
2024-11-08,851.4432983398438,877.2249755859375,880.9000244140625,872.9249877929688,876.0,19902986
2024-11-11,857.1942138671875,883.1500244140625,891.4000244140625,875.5999755859375,877.2750244140625,24565362
2024-11-12,833.8509521484375,859.0999755859375,887.5,854.3250122070312,886.0,31395406
2024-11-13,815.967529296875,840.6749877929688,864.7000122070312,836.5,858.375,35728500
2024-11-14,821.5,846.375,852.4249877929688,836.0499877929688,836.5499877929688,27146470
2024-11-18,827.4934692382812,852.5499877929688,859.4500122070312,847.5,850.0,27081968
2024-11-19,845.5225219726562,871.125,876.875,851.3499755859375,857.0,50981272
2024-11-21,845.0130004882812,870.5999755859375,879.5,867.0999755859375,874.7000122070312,35716512
2024-11-22,847.1483764648438,872.7999877929688,877.1500244140625,864.7750244140625,871.7750244140625,24773612
2024-11-25,866.5604858398438,892.7999877929688,901.7750244140625,882.4500122070312,892.5250244140625,427737274
2024-11-26,866.5362548828125,892.7750244140625,905.0,884.9000244140625,905.0,30935566
2024-11-27,879.5182495117188,906.1500244140625,908.6749877929688,892.5750122070312,894.9500122070312,32714976
2024-11-28,870.224609375,896.5750122070312,918.0499877929688,894.0,909.5,35722392
2024-11-29,871.632080078125,898.0250244140625,902.2999877929688,891.4500122070312,900.6500244140625,27669536
2024-12-02,875.8298950195312,902.3499755859375,904.0750122070312,887.5,901.75,15110876
2024-12-03,886.3125,913.1500244140625,918.7000122070312,908.0499877929688,911.3499755859375,43410242
2024-12-04,902.7157592773438,930.0499877929688,932.5,915.5750122070312,919.0,44669084
2024-12-05,905.457763671875,932.875,939.9749755859375,917.5999755859375,930.0,39682714
2024-12-06,900.6531982421875,927.9249877929688,932.0999755859375,922.0,928.5,17783156
2024-12-09,907.520263671875,935.0,940.0,924.5,926.8250122070312,26947912
2024-12-10,906.5982055664062,934.0499877929688,938.8499755859375,929.2750244140625,938.8499755859375,13325480
2024-12-11,904.1716918945312,931.5499877929688,935.9500122070312,928.375,930.8499755859375,14045426
2024-12-12,902.3032836914062,929.625,934.3250122070312,924.3499755859375,925.5,17293790
2024-12-13,908.36962890625,935.875,937.5,914.625,931.25,19009002
2024-12-16,905.1907958984375,932.5999755859375,934.9749755859375,927.625,932.5499877929688,13107082
2024-12-17,889.6853637695312,916.625,931.1749877929688,913.25,928.1749877929688,21079532
2024-12-18,878.74169921875,905.3499755859375,918.0,903.5750122070312,914.9249877929688,23422312
2024-12-19,870.3944091796875,896.75,900.5499877929688,889.5,899.7999877929688,25380770
2024-12-20,859.7177734375,885.75,898.7750244140625,883.5250244140625,891.0999755859375,25692348
2024-12-23,874.0343017578125,900.5,903.0,890.6500244140625,891.0,11044592
2024-12-24,872.6268310546875,899.0499877929688,904.3499755859375,894.7750244140625,901.0250244140625,14485834
2024-12-26,869.0598754882812,895.375,906.0,890.375,899.2750244140625,10481678
2024-12-27,872.6996459960938,899.125,902.9749755859375,894.5499877929688,897.4000244140625,7259330
2024-12-30,862.82373046875,888.9500122070312,907.5,885.5,896.0999755859375,22222218
2024-12-31,860.3729248046875,886.4249877929688,890.9000244140625,882.7999877929688,885.1500244140625,14117236
2025-01-01,865.1774291992188,891.375,897.0,880.5499877929688,886.7249755859375,7313806
2025-01-02,870.5157470703125,896.875,901.7249755859375,886.5,888.5499877929688,18558576
2025-01-03,848.8954467773438,874.5999755859375,897.625,873.1500244140625,895.5,24426194
2025-01-06,830.1141357421875,855.25,878.5999755859375,852.9000244140625,870.0499877929688,18816348
2025-01-07,831.5215454101562,856.7000122070312,860.5,850.0,857.5,13527906
2025-01-08,822.252197265625,847.1500244140625,855.8250122070312,841.6749877929688,854.125,19738190
2025-01-09,809.3916625976562,833.9000244140625,844.5,829.0499877929688,842.0750122070312,40420222
2025-01-10,804.0289916992188,828.375,837.4500122070312,827.0,835.5,17453280
2025-01-13,791.4596557617188,815.4249877929688,823.375,812.1500244140625,820.0,21669066
2025-01-14,799.1031494140625,823.2999877929688,828.0999755859375,818.5,819.9500122070312,26661432
2025-01-15,797.3803100585938,821.5250244140625,831.3499755859375,818.1500244140625,828.25,14022892
2025-01-16,801.7481079101562,826.0250244140625,830.2750244140625,821.4249877929688,826.4249877929688,21212454
2025-01-17,794.3229370117188,818.375,825.25,814.25,821.75,23112076
2025-01-20,801.3598022460938,825.625,830.4749755859375,813.0,813.0,17557618
2025-01-21,797.0648803710938,821.2000122070312,830.5250244140625,816.5250244140625,829.125,31158144
2025-01-22,808.5423583984375,833.0250244140625,835.9500122070312,812.7249755859375,821.2000122070312,30619306
2025-01-23,807.9842529296875,832.4500122070312,843.5,825.625,843.5,34909158
2025-01-24,800.6561889648438,824.9000244140625,835.1500244140625,822.25,830.0,24236200
2025-01-27,790.9500122070312,814.9000244140625,821.7999877929688,813.0,820.5499877929688,22804166
2025-01-28,810.6534423828125,835.2000122070312,842.1500244140625,823.5,823.5,30179312
2025-01-29,814.0020141601562,838.6500244140625,840.5750122070312,834.4249877929688,837.5,12619890
2025-01-30,820.8933715820312,845.75,848.9500122070312,836.2750244140625,840.5,25744846
2025-01-31,824.4118041992188,849.375,852.3499755859375,841.9749755859375,843.625,15821686
2025-02-01,820.6264038085938,845.4749755859375,856.5,838.0250244140625,848.75,5587528
2025-02-03,814.341796875,839.0,843.4000244140625,831.7249755859375,835.0,20276540
2025-02-04,835.161376953125,860.4500122070312,862.9000244140625,840.0250244140625,844.3499755859375,28616502
2025-02-05,843.363037109375,868.9000244140625,872.0999755859375,859.4500122070312,866.5,23675506
2025-02-06,846.299072265625,871.9249877929688,874.5,862.0,867.75,26760716
2025-02-07,840.9122314453125,866.375,883.5,862.5,875.0,23509600
2025-02-10,832.6619873046875,857.875,861.7249755859375,854.25,858.6500244140625,17195950
2025-02-11,825.6979370117188,850.7000122070312,855.5,844.3499755859375,851.5,22724704
2025-02-12,828.3185424804688,853.4000244140625,856.0,840.5999755859375,846.5,22809570
2025-02-13,823.9022216796875,848.8499755859375,857.125,846.7750244140625,849.5,12602434
2025-02-14,822.5191040039062,847.4249877929688,850.9500122070312,840.0,850.9500122070312,19959892
2025-02-17,833.4384765625,858.6749877929688,860.0,840.625,842.5999755859375,12938946
2025-02-18,836.2047119140625,861.5250244140625,865.7750244140625,853.0750122070312,856.5250244140625,16350910
2025-02-19,838.2186889648438,863.5999755859375,868.9500122070312,856.2249755859375,858.5,11884112
2025-02-20,818.758056640625,843.5499877929688,857.3499755859375,842.6500244140625,855.5,26390510
2025-02-21,821.378662109375,846.25,847.4749755859375,838.625,840.4500122070312,15680940
2025-02-24,813.9049072265625,838.5499877929688,842.0999755859375,830.5499877929688,840.5499877929688,20693646
2025-02-25,816.4527587890625,841.1749877929688,844.0,835.5499877929688,835.5499877929688,24138708
2025-02-27,825.3580932617188,850.3499755859375,855.375,841.2750244140625,841.2750244140625,35786800
2025-02-28,840.7423095703125,866.2000122070312,868.625,842.5,842.5,54516728
2025-03-03,825.7706909179688,850.7750244140625,871.5250244140625,847.0499877929688,869.9000244140625,21205364
2025-03-04,829.8714599609375,855.0,857.1500244140625,846.625,849.0,19920958
2025-03-05,820.1654052734375,845.0,855.4000244140625,844.125,850.9749755859375,21583872
2025-03-06,820.7477416992188,845.5999755859375,849.9500122070312,836.125,843.5,32966088
2025-03-07,819.8014526367188,844.625,850.5750122070312,838.7999877929688,841.0,13372914
2025-03-10,818.9521484375,843.75,849.9500122070312,841.5250244140625,844.5,15604050
2025-03-11,817.9815063476562,842.75,847.0,835.0250244140625,841.2000122070312,19898430
2025-03-12,830.4296875,855.5750122070312,859.25,845.7750244140625,845.7750244140625,18784106
2025-03-13,828.2214965820312,853.2999877929688,860.4000244140625,850.0250244140625,858.0250244140625,15736264
2025-03-17,830.0656127929688,855.2000122070312,862.0,852.5,852.5,18950652
2025-03-18,830.0656127929688,855.2000122070312,855.2000122070312,855.2000122070312,855.2000122070312,0
2025-03-19,846.42041015625,872.0499877929688,875.5,866.0999755859375,867.5,15221406
2025-03-20,858.3831787109375,884.375,887.0,874.6500244140625,877.0,17833978
2025-03-21,859.1596069335938,885.1749877929688,887.0499877929688,877.7750244140625,877.7750244140625,33508264
2025-03-24,873.5489501953125,900.0,902.2000122070312,886.8250122070312,889.5,17393736
2025-03-25,883.9586791992188,910.7249755859375,921.8499755859375,900.75,902.4500122070312,39101416
2025-03-26,876.7277221679688,903.2750244140625,913.75,901.0,912.5,24478442
2025-03-27,885.8513793945312,912.6749877929688,920.5,899.0499877929688,900.0,41658100
2025-03-28,887.2345581054688,914.0999755859375,918.0,902.9249877929688,914.5,28773648
2025-04-01,857.9464111328125,883.9249877929688,904.9500122070312,882.6749877929688,901.0,28511006
2025-04-02,872.0444946289062,898.4500122070312,899.5999755859375,885.3499755859375,885.3499755859375,11573564
2025-04-03,871.0496215820312,897.4249877929688,902.0,888.5,890.5499877929688,11250038
2025-04-04,881.9447021484375,908.6500244140625,920.9749755859375,905.5499877929688,906.5,33540454
2025-04-07,853.0205688476562,878.8499755859375,889.9249877929688,869.0999755859375,881.4000244140625,37995450
2025-04-08,858.5773315429688,884.5750122070312,891.0,875.1500244140625,882.5,35563872
2025-04-09,856.5632934570312,882.5,887.5,876.75,882.5,22454608
2025-04-11,876.82470703125,903.375,909.7000122070312,887.375,887.375,32775766
2025-04-15,905.0452270507812,932.4500122070312,938.4000244140625,927.5,932.5,49298344
2025-04-16,911.4027709960938,939.0,941.9000244140625,930.25,941.9000244140625,19136820
2025-04-17,925.3309326171875,953.3499755859375,959.8499755859375,938.3499755859375,941.0,35703084
2025-04-21,935.231201171875,963.5499877929688,975.3499755859375,955.0,962.0,34247298
2025-04-22,952.0227661132812,980.8499755859375,985.2999877929688,967.5,967.5,45961750
2025-04-23,933.6782836914062,961.9500122070312,989.4500122070312,960.25,989.4500122070312,30570642
2025-04-24,930.2325439453125,958.4000244140625,961.9500122070312,952.5499877929688,955.0,25931754
2025-04-25,927.5148315429688,955.5999755859375,966.5,945.9000244140625,962.4000244140625,18500878
2025-04-28,931.882568359375,960.0999755859375,964.8499755859375,954.2000122070312,955.5999755859375,13920492
2025-04-29,926.3501586914062,954.4000244140625,964.4000244140625,950.0999755859375,959.4000244140625,18918308
2025-04-30,934.2120361328125,962.5,968.4500122070312,955.1500244140625,956.5,31936870
2025-05-02,932.7076416015625,960.9500122070312,970.9500122070312,960.0,964.9000244140625,17840404
2025-05-05,939.9386596679688,968.4000244140625,976.0,966.1500244140625,969.5,15068024
2025-05-06,937.463623046875,965.8499755859375,970.0499877929688,962.1500244140625,965.0,17490156
2025-05-07,944.2094116210938,972.7999877929688,974.3499755859375,961.2000122070312,967.0,21420778
2025-05-08,935.91064453125,964.25,977.4000244140625,959.5499877929688,977.4000244140625,34803430
2025-05-09,917.080810546875,944.8499755859375,959.5,943.4000244140625,955.0499877929688,17188796
2025-05-12,949.8388671875,978.5999755859375,979.9500122070312,956.1500244140625,958.7999877929688,18618972
2025-05-13,933.04736328125,961.2999877929688,980.8499755859375,960.0,975.0,24242102
2025-05-14,927.2236938476562,955.2999877929688,965.0999755859375,951.5,961.0499877929688,15445308
2025-05-15,938.4827270507812,966.9000244140625,972.4000244140625,948.5,956.75,32241458
2025-05-16,938.9194946289062,967.3499755859375,971.9000244140625,964.2000122070312,966.9000244140625,15868010
2025-05-19,940.8607177734375,969.3499755859375,972.5,965.5,968.5,10202964
2025-05-20,929.3104858398438,957.4500122070312,967.2999877929688,956.5,964.0499877929688,23879090
2025-05-21,935.0856323242188,963.4000244140625,973.4500122070312,960.5499877929688,963.5,15132040
2025-05-22,931.7369995117188,959.9500122070312,962.0999755859375,952.5999755859375,957.5999755859375,21306670
2025-05-23,938.3856811523438,966.7999877929688,968.5,957.25,960.0499877929688,9566072
2025-05-26,941.588623046875,970.0999755859375,974.9500122070312,963.4500122070312,967.5,10802860
2025-05-27,934.8429565429688,963.1500244140625,974.0,958.1500244140625,965.7999877929688,26162148
2025-05-28,933.484130859375,961.75,967.25,958.8499755859375,960.0999755859375,18157594
2025-05-29,935.4253540039062,963.75,970.4000244140625,953.6500244140625,964.0,28917794
2025-05-30,943.86962890625,972.4500122070312,974.4000244140625,962.7000122070312,965.9500122070312,28748078
2025-06-02,937.6577758789062,966.0499877929688,968.0,954.0,965.0499877929688,14668822
2025-06-03,934.0179443359375,962.2999877929688,976.0,960.0,969.0,24377584
2025-06-04,942.0740356445312,970.5999755859375,971.6500244140625,960.4500122070312,960.5,12961542
2025-06-05,946.1505126953125,974.7999877929688,979.4500122070312,970.0999755859375,974.0,22255418
2025-06-06,960.27294921875,989.3499755859375,998.1500244140625,971.3499755859375,972.0,30127008
2025-06-09,960.3700561523438,989.4500122070312,997.5,987.9500122070312,997.5,13202588
2025-06-10,953.7698974609375,982.6500244140625,991.4000244140625,980.5499877929688,991.4000244140625,15533126
2025-06-11,946.5388793945312,975.2000122070312,983.7999877929688,973.5,983.7999877929688,11096394
2025-06-12,943.1417236328125,971.7000122070312,980.5,967.6500244140625,975.0,16349130
2025-06-13,930.620849609375,958.7999877929688,966.5,956.5,960.0,12117762
2025-06-16,939.2592163085938,967.7000122070312,969.4500122070312,960.0499877929688,962.0,16513746
2025-06-17,936.4444580078125,964.7999877929688,970.7999877929688,959.5499877929688,968.5,16978736
2025-06-18,938.5313110351562,966.9500122070312,968.1500244140625,958.5,958.5,18433816
2025-06-19,939.210693359375,967.6500244140625,973.4000244140625,962.7999877929688,966.9500122070312,16876220
2025-06-20,953.4786987304688,982.3499755859375,984.9500122070312,965.7999877929688,965.7999877929688,32900408
2025-06-23,945.5681762695312,974.2000122070312,978.9500122070312,970.9000244140625,974.2000122070312,11739518
2025-06-24,951.634521484375,980.4500122070312,989.5,977.7999877929688,982.5,22625322
2025-06-25,961.0009155273438,990.0999755859375,991.0,981.9500122070312,983.0,18405932
2025-06-26,981.1896362304688,1010.9000244140625,1013.5499877929688,990.0,990.7000122070312,50084830
2025-06-27,988.5983276367188,1007.4500122070312,1009.9000244140625,996.7000122070312,1006.5,28213384
2025-06-30,982.023681640625,1000.75,1006.9000244140625,997.75,1005.75,13649020
2025-07-01,987.2244873046875,1006.0499877929688,1008.0,1002.0,1002.5,14389386
2025-07-02,974.418701171875,993.0,1009.9500122070312,988.9500122070312,1009.9500122070312,18878250
2025-07-03,974.9583740234375,993.5499877929688,1004.0,992.1500244140625,997.4500122070312,16860506
2025-07-04,976.037841796875,994.6500244140625,1001.75,990.0,993.5499877929688,7863944
2025-07-07,975.1055908203125,993.7000122070312,999.2000122070312,991.9000244140625,994.5,11349426
2025-07-08,981.974609375,1000.7000122070312,1002.5,988.5,988.5,15224316
2025-07-09,986.7828979492188,1005.5999755859375,1006.9000244140625,999.0499877929688,1003.5,13861428
2025-07-10,984.3296508789062,1003.0999755859375,1008.5,1000.0,1008.0,17030310
2025-07-11,973.2901611328125,991.8499755859375,1002.4000244140625,990.4500122070312,999.0,12516922
2025-07-14,972.94677734375,991.5,994.3499755859375,985.2999877929688,991.5,13088850
2025-07-15,979.079833984375,997.75,1001.7999877929688,986.5,986.5,14498168
2025-07-16,979.4723510742188,998.1500244140625,1011.3499755859375,996.2999877929688,1009.0,17994612
2025-07-17,974.8602905273438,993.4500122070312,1002.4000244140625,991.3499755859375,1002.0,22529158
2025-07-18,960.3862915039062,978.7000122070312,998.5,976.5,993.4500122070312,16129446
2025-07-21,981.5330200195312,1000.25,1001.0,988.25,989.0999755859375,22309078
2025-07-22,984.771240234375,1003.5499877929688,1009.0,1001.5,1006.5499877929688,14836814
2025-07-23,993.2103881835938,1012.1500244140625,1014.9000244140625,1001.5,1005.5,13634916
2025-07-24,988.2548217773438,1007.0999755859375,1018.8499755859375,1004.2000122070312,1018.8499755859375,19107176
2025-07-25,985.9922485351562,1002.2999877929688,1007.5,999.5,1007.5,9306598
2025-07-28,987.9105224609375,1004.25,1010.7000122070312,1000.25,1001.5,12059580
2025-07-29,994.3539428710938,1010.7999877929688,1013.25,998.1500244140625,999.9500122070312,19895696
2025-07-30,996.4197998046875,1012.9000244140625,1016.2999877929688,1008.5,1014.0,15154036
2025-07-31,992.6815795898438,1009.0999755859375,1015.7000122070312,1004.0,1007.2999877929688,22183032
2025-08-01,989.7304077148438,1006.0999755859375,1014.1500244140625,1004.6500244140625,1007.0,11317258
2025-08-04,979.7947387695312,996.0,1009.25,994.0499877929688,1005.0499877929688,13933946
2025-08-05,972.7118530273438,988.7999877929688,997.2000122070312,982.75,993.25,23978058
2025-08-06,976.499267578125,992.6500244140625,994.0,985.0,985.5499877929688,14080204
2025-08-07,981.4671020507812,997.7000122070312,1000.7999877929688,988.4000244140625,990.0499877929688,13081186
2025-08-08,970.8920288085938,986.9500122070312,996.4000244140625,985.0,993.5499877929688,13895264
2025-08-11,981.5654296875,997.7999877929688,998.7999877929688,986.5499877929688,987.9500122070312,9105854
2025-08-12,968.924560546875,984.9500122070312,998.0,983.75,995.9500122070312,12937802
2025-08-13,974.0399169921875,990.1500244140625,997.0,984.5499877929688,997.0,13577396
2025-08-14,979.35205078125,995.5499877929688,998.0,985.5999755859375,989.0,17511716
2025-08-18,985.5003662109375,1001.7999877929688,1013.2999877929688,997.7999877929688,1005.0,19284796
2025-08-19,979.35205078125,995.5499877929688,1003.0499877929688,993.3499755859375,999.1500244140625,12352438
2025-08-20,977.9256591796875,994.0999755859375,996.0,989.5,993.5,9950228
2025-08-21,979.4012451171875,995.5999755859375,998.75,991.5999755859375,998.75,12439850
2025-08-22,966.317626953125,982.2999877929688,998.0,978.5499877929688,994.9500122070312,19833502
2025-08-25,966.0717163085938,982.0499877929688,988.7000122070312,978.5,980.0999755859375,17518044
2025-08-26,957.5625,973.4000244140625,985.7000122070312,968.0,979.5,16917731
2025-08-28,942.2162475585938,957.7999877929688,972.2000122070312,955.0,967.0,25438255
2025-08-29,936.1171264648438,951.5999755859375,963.2999877929688,950.0999755859375,954.0,14823813
2025-09-01,935.1333618164062,950.5999755859375,957.4500122070312,946.3499755859375,949.5999755859375,20178344
2025-09-02,929.1326904296875,944.5,954.7999877929688,944.0,951.0,14196320
2025-09-03,938.9207763671875,954.4500122070312,956.2999877929688,940.0,945.0,16083481
2025-09-04,945.610107421875,961.25,965.7000122070312,956.25,960.2000122070312,17597657
2025-09-05,947.7251586914062,963.4000244140625,967.5,954.0499877929688,967.5,11602111
2025-09-08,950.2828369140625,966.0,973.1500244140625,960.4500122070312,969.0,11711307
2025-09-09,949.4467163085938,965.1500244140625,974.4000244140625,962.7000122070312,974.0,13985539
2025-09-10,950.1845092773438,965.9000244140625,973.9000244140625,961.7000122070312,973.9000244140625,18091100
2025-09-11,952.0535278320312,967.7999877929688,969.25,959.9000244140625,960.2999877929688,15113633
2025-09-12,951.5617065429688,967.2999877929688,970.75,962.25,969.9000244140625,14363519
2025-09-15,951.3157348632812,967.0499877929688,972.3499755859375,965.0,969.5999755859375,14486377
2025-09-16,951.1190185546875,966.8499755859375,969.3499755859375,961.2000122070312,961.2000122070312,18661794
2025-09-17,950.7747192382812,966.5,974.4000244140625,964.3499755859375,965.1500244140625,17361476
2025-09-18,961.0055541992188,976.9000244140625,979.6500244140625,969.25,973.2999877929688,17791598
2025-09-19,951.168212890625,966.9000244140625,976.7000122070312,962.0999755859375,974.9000244140625,31243267
2025-09-22,948.5121459960938,964.2000122070312,971.2000122070312,961.9500122070312,964.0,10854415
2025-09-23,941.6260375976562,957.2000122070312,968.2000122070312,955.5,967.0,21022298
2025-09-24,935.5761108398438,951.0499877929688,956.4500122070312,943.0,952.2000122070312,15117220
2025-09-25,934.3955688476562,949.8499755859375,958.0,947.4000244140625,952.5,31413279
2025-09-26,929.6737060546875,945.0499877929688,951.4500122070312,941.2999877929688,945.0999755859375,14874656
2025-09-29,934.8382568359375,950.2999877929688,956.7999877929688,939.0999755859375,946.0499877929688,32398179
2025-09-30,935.5269165039062,951.0,960.0,946.2999877929688,958.0499877929688,28296687
2025-10-01,949.5450439453125,965.25,969.5999755859375,946.0,952.7000122070312,25350832
2025-10-03,949.4467163085938,965.1500244140625,966.75,952.0,952.0,26658296
2025-10-06,957.6116333007812,973.4500122070312,977.4000244140625,962.0,971.9000244140625,18542683
2025-10-07,966.514404296875,982.5,989.8499755859375,971.0,974.0,25535736
2025-10-08,962.7762451171875,978.7000122070312,985.9000244140625,974.5499877929688,976.0,15939710
2025-10-09,961.2022094726562,977.0999755859375,979.0,970.1500244140625,974.5,15370950
2025-10-10,964.9404296875,980.9000244140625,986.2000122070312,978.0999755859375,979.0,13757080
2025-10-13,961.1038818359375,977.0,981.0,972.0,974.2999877929688,18634254
2025-10-14,961.25146484375,977.1500244140625,980.4500122070312,967.0,970.0,22934382
2025-10-15,962.3335571289062,978.25,984.9000244140625,973.3499755859375,975.0,23310447
2025-10-16,978.1715698242188,994.3499755859375,996.5999755859375,981.5,982.6500244140625,22936566
2025-10-17,986.2381591796875,1002.5499877929688,1009.0,986.0,993.9500122070312,25210511
2025-10-20,986.6316528320312,1002.9500122070312,1020.0,997.0,997.0,22195202
2025-10-21,991.3043823242188,1007.7000122070312,1010.0,1004.0,1006.0,3471600
2025-10-23,992.386474609375,1008.7999877929688,1020.5,1006.0,1016.0,43526526
2025-10-24,978.5650634765625,994.75,1011.9500122070312,991.2999877929688,1011.0,17707768
2025-10-27,986.6316528320312,1002.9500122070312,1009.0499877929688,996.2000122070312,996.5,15700796
2025-10-28,987.2218627929688,1003.5499877929688,1008.0,995.0,997.6500244140625,33904289
2025-10-29,991.451904296875,1007.8499755859375,1012.5,1000.0,1004.9000244140625,17769445
2025-10-30,981.9097900390625,998.1500244140625,1009.5,997.0999755859375,1000.0,19962917
2025-10-31,971.2362670898438,987.2999877929688,1004.4500122070312,981.1500244140625,994.0,23221330
2025-11-03,976.499267578125,992.6500244140625,994.5499877929688,983.2999877929688,985.0,16607180
2025-11-04,969.2196655273438,985.25,997.0,983.7000122070312,987.0,20024544
2025-11-06,968.6294555664062,984.6500244140625,991.0499877929688,974.0,981.0,22279516
2025-11-07,966.317626953125,982.2999877929688,984.9000244140625,974.75,980.0,15004568
2025-11-10,968.4818725585938,984.5,990.9500122070312,980.2000122070312,982.2999877929688,15988262
2025-11-11,975.564697265625,991.7000122070312,993.5,978.0,983.5,10200530
2025-11-12,973.4005126953125,989.5,999.0,987.7000122070312,998.7999877929688,13137263
2025-11-13,970.596923828125,986.6500244140625,990.0999755859375,982.5999755859375,984.0,14124839
2025-11-14,973.4988403320312,989.5999755859375,991.6500244140625,976.0499877929688,976.0499877929688,21386965
2025-11-17,980.3357543945312,996.5499877929688,997.9500122070312,985.5999755859375,991.25,18396408
2025-11-18,976.302490234375,992.4500122070312,999.0,990.0,997.6500244140625,20002640
2025-11-19,978.41748046875,994.5999755859375,996.5499877929688,984.0,990.0,19813847
2025-11-20,992.4356689453125,1008.8499755859375,1011.5999755859375,992.4500122070312,995.2999877929688,19850865
2025-11-21,981.8114013671875,998.0499877929688,1008.2999877929688,996.5499877929688,1003.0999755859375,17499897
2025-11-24,982.8934936523438,999.1500244140625,1011.4500122070312,993.5999755859375,1000.0,32204053
2025-11-25,973.6956176757812,989.7999877929688,1006.0999755859375,988.4000244140625,1004.0,24989383
2025-11-26,987.5662231445312,1003.9000244140625,1006.9500122070312,981.2999877929688,981.2999877929688,19494356
2025-11-27,993.0750732421875,1009.5,1016.7999877929688,1001.0,1002.0999755859375,25536848
2025-11-28,991.2059936523438,1007.5999755859375,1012.0499877929688,1004.2000122070312,1007.0,15988807
2025-12-01,985.7954711914062,1002.0999755859375,1017.5,999.2999877929688,1017.5,16746566
2025-12-02,973.6956176757812,989.7999877929688,994.4000244140625,985.0,988.0,27316662
2025-12-03,984.2214965820312,1000.5,1002.2999877929688,986.0,986.0,15448777
2025-12-04,980.9752197265625,997.2000122070312,1004.7000122070312,993.0,1000.0,14528169
2025-12-05,986.9759521484375,1003.2999877929688,1008.0,990.2000122070312,992.0,12843366
2025-12-08,986.7791748046875,1003.0999755859375,1006.5,997.5,1000.0,12901022
2025-12-09,980.8768310546875,997.0999755859375,1002.7999877929688,994.0,994.9000244140625,15294322
2025-12-10,973.6956176757812,989.7999877929688,998.5,985.2999877929688,997.5,15322830
2025-12-11,984.0247802734375,1000.2999877929688,1002.7000122070312,988.5,990.0,11844809
2025-12-12,985.2052612304688,1001.5,1004.7000122070312,998.2000122070312,1003.0,11988618
2025-12-15,979.89306640625,996.0999755859375,1001.7999877929688,992.0,992.0,9790060
2025-12-16,978.1223754882812,994.2999877929688,998.7000122070312,990.0999755859375,990.0999755859375,20049088
2025-12-17,967.989990234375,984.0,996.0,980.7999877929688,996.0,19080922
2025-12-18,963.7599487304688,979.7000122070312,987.4000244140625,973.2999877929688,973.2999877929688,14912404
2025-12-19,969.465576171875,985.5,988.0,978.7000122070312,987.0,25952384
2025-12-22,971.6298217773438,987.7000122070312,992.9000244140625,983.9000244140625,988.0,13540411
2025-12-23,980.3849487304688,996.5999755859375,998.9000244140625,987.7000122070312,990.5,17927849
2025-12-24,980.9752197265625,997.2000122070312,999.4000244140625,993.0,993.0,13699996
2025-12-26,975.9581909179688,992.0999755859375,997.2000122070312,987.7000122070312,996.0,9360853
2025-12-29,975.564697265625,991.7000122070312,997.4000244140625,987.2000122070312,993.0999755859375,13545749
2025-12-30,974.7777709960938,990.9000244140625,995.0,982.2000122070312,990.2000122070312,33155849
2025-12-31,975.0728759765625,991.2000122070312,997.5999755859375,987.5999755859375,991.0,10963454
2026-01-01,975.023681640625,991.1500244140625,997.5499877929688,989.5,993.5,7132074
2026-01-02,985.3035888671875,1001.5999755859375,1003.2000122070312,988.7999877929688,991.1500244140625,11751459
2026-01-05,961.5957641601562,977.5,1006.4000244140625,976.2999877929688,1005.75,27647379
2026-01-06,946.544677734375,962.2000122070312,966.7000122070312,956.0,962.7000122070312,31988783
2026-01-07,933.608642578125,949.0499877929688,956.4500122070312,946.0,956.0,52884712
2026-01-08,931.296875,946.7000122070312,953.0,941.4000244140625,944.7000122070312,21928849
2026-01-09,923.72216796875,939.0,950.5999755859375,933.2999877929688,945.0,38183839
2026-01-12,921.7055053710938,936.9500122070312,942.0,929.5999755859375,937.5,21071666
2026-01-13,922.0989990234375,937.3499755859375,947.7000122070312,932.5999755859375,947.7000122070312,32042827
2026-01-14,910.3926391601562,925.4500122070312,940.0499877929688,920.2000122070312,930.0,36688248
2026-01-15,910.3926391601562,925.4500122070312,925.4500122070312,925.4500122070312,925.4500122070312,0
2026-01-16,915.95068359375,931.0999755859375,935.9500122070312,919.2000122070312,922.0,37780235
2026-01-19,912.8027954101562,927.9000244140625,936.1500244140625,919.5,935.9000244140625,38191942
2026-01-20,916.049072265625,931.2000122070312,934.5,919.5999755859375,929.2999877929688,36022727
2026-01-21,905.3755493164062,920.3499755859375,932.1500244140625,915.5,925.0,32766854
2026-01-22,903.75244140625,918.7000122070312,928.2999877929688,913.2000122070312,928.0,44444755
2026-01-23,901.1947021484375,916.0999755859375,926.0999755859375,909.25,920.0,30985247
2026-01-27,911.3272094726562,926.4000244140625,931.2000122070312,905.0,906.0,44753093
2026-01-28,917.524658203125,932.7000122070312,941.4500122070312,928.4000244140625,932.5,35347138
2026-01-29,920.2791137695312,935.5,939.2999877929688,924.3499755859375,930.0999755859375,37175628
2026-01-30,914.1307983398438,929.25,938.9000244140625,927.75,930.0,29691233
2026-02-02,912.9994506835938,928.0999755859375,929.7999877929688,909.2999877929688,915.0,28032106
2026-02-03,933.2643432617188,948.7000122070312,994.0,945.0,983.75,50336968
2026-02-04,937.5927124023438,953.0999755859375,957.2000122070312,947.9500122070312,952.5,24366770
2026-02-05,934.248046875,949.7000122070312,956.0499877929688,946.7000122070312,956.0,28103169
2026-02-06,925.7879638671875,941.0999755859375,948.0999755859375,937.5999755859375,945.0,18120272
2026-02-09,922.0006103515625,937.25,950.0,935.3499755859375,945.0,23947829
2026-02-10,917.2295532226562,932.4000244140625,940.9000244140625,929.9500122070312,930.0,31525385
2026-02-11,912.0157470703125,927.0999755859375,936.0,925.2999877929688,931.25,24869804
2026-02-12,905.6215209960938,920.5999755859375,928.5999755859375,918.5,927.0,33872203
2026-02-13,889.1932373046875,903.9000244140625,928.2000122070312,901.0,913.0,50188359
2026-02-16,910.7368774414062,925.7999877929688,929.5,902.0999755859375,903.9000244140625,18806989
2026-02-17,910.6385498046875,925.7000122070312,928.0999755859375,918.5999755859375,923.0,22599629
2026-02-18,909.6548461914062,924.7000122070312,925.5,919.5499877929688,923.2000122070312,12738702
2026-02-19,900.702880859375,915.5999755859375,929.2000122070312,912.4500122070312,929.0,21209234
2026-02-20,897.0138549804688,911.8499755859375,917.8499755859375,908.4000244140625,911.0,22654907
2026-02-23,908.5726928710938,923.5999755859375,925.6500244140625,915.25,916.5,23270122
2026-02-24,895.6858520507812,910.5,927.9500122070312,909.1500244140625,927.9500122070312,31313985
2026-02-25,892.8330078125,907.5999755859375,916.0,903.0999755859375,910.5499877929688,27884303
2026-02-26,883.9794311523438,898.5999755859375,912.0,895.0,912.0,41165937
2026-02-27,873.3060302734375,887.75,898.9500122070312,885.0,898.5999755859375,34620755
2026-03-02,865.0918579101562,879.4000244140625,887.75,871.5499877929688,876.2000122070312,38378924
2026-03-04,854.5167846679688,868.6500244140625,879.2999877929688,848.0,848.0,39862322
2026-03-05,863.4686889648438,877.75,881.4000244140625,863.5,873.8499755859375,31324582
2026-03-06,843.10546875,857.0499877929688,871.7000122070312,855.0999755859375,868.0499877929688,34439647
2026-03-09,827.0215454101562,840.7000122070312,842.4500122070312,821.5,825.0,35592613
2026-03-10,835.629150390625,849.4500122070312,856.7999877929688,840.5999755859375,850.0499877929688,52866024
2026-03-11,820.38134765625,833.9500122070312,848.8499755859375,827.5999755859375,845.0,42261076
2026-03-12,819.2008666992188,832.75,836.4000244140625,820.0999755859375,820.0999755859375,46107561
2026-03-13,803.7071533203125,817.0,823.7999877929688,812.0,820.0,41700464
2026-03-16,826.9231567382812,840.5999755859375,844.5,815.6500244140625,817.0,52182605
2026-03-17,831.5958251953125,845.3499755859375,848.9000244140625,835.0999755859375,847.7000122070312,38826979
2026-03-18,829.333251953125,843.0499877929688,846.7999877929688,831.5999755859375,845.3499755859375,23507063
2026-03-19,785.2130126953125,798.2000122070312,815.6500244140625,770.0,770.0,171637393
2026-03-20,767.7518310546875,780.4500122070312,793.75,778.2000122070312,785.0,103129469
2026-03-23,732.04248046875,744.1500244140625,768.7000122070312,741.0499877929688,763.1500244140625,72341738
2026-03-24,752.454833984375,764.9000244140625,772.75,747.7000122070312,755.0,61269986
2026-03-25,769.5717163085938,782.2999877929688,794.7999877929688,768.2000122070312,768.2000122070312,59230640
2026-03-27,743.8963623046875,756.2000122070312,774.9000244140625,754.5499877929688,773.2000122070312,65485199
2026-03-30,719.6473999023438,731.5499877929688,751.0,726.6500244140625,745.2000122070312,103500135
2026-04-01,730.17333984375,742.25,755.9000244140625,739.0999755859375,743.0,78862761
2026-04-02,738.6826171875,750.9000244140625,755.0,726.6500244140625,730.0,49310300
2026-04-06,758.45556640625,771.0,772.75,745.0,759.0,42976659
2026-04-07,759.4392700195312,772.0,774.0,761.0,766.0,51309793
2026-04-08,802.82177734375,816.0999755859375,817.7999877929688,796.0,800.0,70269512
2026-04-09,784.72119140625,797.7000122070312,819.0,793.0999755859375,815.0,48879392
2026-04-10,797.1161499023438,810.2999877929688,812.25,801.0,804.0,38156026
2026-04-13,781.7699584960938,794.7000122070312,798.5,787.3499755859375,791.5,47549328
2026-04-15,796.72265625,809.9000244140625,814.7999877929688,804.0,804.9500122070312,39769515
2026-04-16,782.5077514648438,795.4500122070312,820.0499877929688,792.2000122070312,818.0,62861293
2026-04-17,786.8853759765625,799.9000244140625,803.9500122070312,788.2000122070312,790.0999755859375,37282544
2026-04-20,782.5077514648438,795.4500122070312,809.9500122070312,790.0,797.0999755859375,52148044
2026-04-21,798.5425415039062,811.75,814.9000244140625,795.2000122070312,795.2000122070312,49135752
2026-04-22,786.8853759765625,799.9000244140625,813.0499877929688,798.0,810.0,23876412
2026-04-23,771.5883178710938,784.3499755859375,796.6500244140625,782.5,792.0,37677616
2026-04-24,772.0802001953125,784.8499755859375,787.5999755859375,777.0,777.2999877929688,27720358
2026-04-27,776.9496459960938,789.7999877929688,793.0,785.0,787.5,18115375
2026-04-28,769.817626953125,782.5499877929688,794.5,778.2999877929688,785.0,35366803
2026-04-29,766.3253784179688,779.0,790.0,777.3499755859375,785.5,25799963
2026-04-30,759.1441650390625,771.7000122070312,778.7999877929688,762.25,770.0,47998755
2026-05-01,759.1441650390625,771.7000122070312,771.7000122070312,771.7000122070312,771.7000122070312,0
2026-05-04,766.7189331054688,779.4000244140625,786.5999755859375,772.5999755859375,772.5999755859375,29028060
2026-05-05,759.734375,772.2999877929688,776.9000244140625,763.7000122070312,774.4000244140625,38887657
2026-05-06,783.58984375,796.5499877929688,798.9500122070312,773.5,775.1500244140625,35530831
2026-05-07,783.0979614257812,796.0499877929688,801.5499877929688,788.5499877929688,794.0,46137553
2026-05-08,768.145263671875,780.8499755859375,788.75,777.2000122070312,784.0,38016841
2026-05-11,751.2251586914062,763.6500244140625,774.8499755859375,761.9000244140625,771.9500122070312,41123422
2026-05-12,738.2399291992188,750.4500122070312,759.7000122070312,747.7999877929688,756.5999755859375,43937132
2026-05-13,737.4037475585938,749.5999755859375,759.9500122070312,747.3499755859375,752.0,28960919
2026-05-14,757.0291748046875,769.5499877929688,778.2999877929688,747.0,751.0,50992358
2026-05-15,755.0125122070312,767.5,781.9000244140625,765.4000244140625,773.0,24347873
2026-05-18,756.143798828125,768.6500244140625,774.0999755859375,751.3499755859375,759.0,29812079
2026-05-19,750.044677734375,762.4500122070312,770.7999877929688,760.25,766.7000122070312,40307830
2026-05-20,747.1427001953125,759.5,762.25,755.1500244140625,759.5999755859375,24013451
2026-05-21,746.7984008789062,759.1500244140625,768.25,755.1500244140625,767.0,34664725
2026-05-22,754.3239135742188,766.7999877929688,775.0,759.1500244140625,759.1500244140625,25604071
2026-05-25,774.0476684570312,786.8499755859375,787.8499755859375,775.2000122070312,776.0,26043952
2026-05-26,766.22705078125,778.9000244140625,790.8499755859375,776.75,784.0499877929688,31528062
2026-05-27,746.3065185546875,758.6500244140625,773.9000244140625,756.9000244140625,769.5,63680153
2026-05-28,746.3065185546875,758.6500244140625,758.6500244140625,758.6500244140625,758.6500244140625,0
2026-05-29,732.4359130859375,744.5499877929688,760.5,737.75,746.0499877929688,101299431
2026-06-01,730.6160278320312,742.7000122070312,752.3499755859375,739.2000122070312,749.0,47996441
2026-06-02,736.0757446289062,748.25,753.5999755859375,733.1500244140625,737.0,47314447
2026-06-03,741.3878784179688,753.6500244140625,756.9000244140625,742.5999755859375,744.4500122070312,36109480
2026-06-04,741.9288940429688,754.2000122070312,757.2999877929688,745.0,749.1500244140625,42673538
2026-06-05,734.8952026367188,747.0499877929688,758.7000122070312,744.6500244140625,753.9500122070312,22116568
2026-06-08,726.6319580078125,738.6500244140625,741.5,734.5,738.0,21550700
2026-06-09,726.3367919921875,738.3499755859375,743.9500122070312,732.2999877929688,739.4500122070312,38539563
2026-06-10,734.698486328125,746.8499755859375,755.9500122070312,736.4000244140625,736.5,44458159
2026-06-11,732.485107421875,744.5999755859375,756.0,740.0999755859375,743.0,32632007
2026-06-12,759.8819580078125,772.4500122070312,774.4500122070312,753.0999755859375,754.7000122070312,36088159
2026-06-15,764.7022094726562,777.3499755859375,793.5,775.5999755859375,790.0,39990334
2026-06-16,772.1294555664062,784.9000244140625,787.7000122070312,779.4500122070312,780.5,27820970
2026-06-17,774.2935791015625,787.0999755859375,794.2999877929688,783.0999755859375,787.6500244140625,32405604
2026-06-18,786.0,799.0,802.9500122070312,786.2000122070312,786.5,41492071
2026-06-19,779.7999877929688,779.7999877929688,789.0499877929688,776.2000122070312,788.7000122070312,33798761
2026-06-22,786.4000244140625,786.4000244140625,789.9000244140625,783.0999755859375,789.9000244140625,25194765
2026-06-23,774.6500244140625,774.6500244140625,790.9000244140625,772.5499877929688,783.0499877929688,28289062
2026-06-24,793.2000122070312,793.2000122070312,794.9000244140625,772.6500244140625,773.0,34701292
2026-06-25,796.2999877929688,796.2999877929688,804.4500122070312,794.75,798.5,46707966
2026-06-26,796.2999877929688,796.2999877929688,796.2999877929688,796.2999877929688,796.2999877929688,0
2026-06-29,798.9000244140625,798.9000244140625,805.9000244140625,793.2999877929688,800.0,46695977
2026-06-30,797.9500122070312,797.9500122070312,806.0999755859375,792.75,806.0999755859375,45778356
2026-07-01,796.1500244140625,796.1500244140625,802.25,793.5,793.5,26094378
2026-07-02,795.9000244140625,795.9000244140625,805.4500122070312,794.0,795.0,34143823
2026-07-03,801.0499877929688,801.0499877929688,807.0,798.5499877929688,803.0,25871958
2026-07-06,829.8499755859375,829.8499755859375,831.5,805.0,805.0,63203327
2026-07-07,829.2999877929688,829.2999877929688,843.0,826.0999755859375,843.0,57611729
2026-07-08,810.2999877929688,810.2999877929688,834.3499755859375,806.9500122070312,825.9000244140625,38754632
2026-07-09,817.5499877929688,817.5499877929688,822.8499755859375,812.2999877929688,813.0,39891798
2026-07-10,824.9500122070312,824.9500122070312,827.7000122070312,820.2999877929688,824.0,23595785
2026-07-13,817.9500122070312,817.9500122070312,821.9500122070312,811.0,817.0,21741736
2026-07-14,809.4000244140625,809.4000244140625,818.4000244140625,807.0,811.4000244140625,25605395
2026-07-15,815.4500122070312,815.4500122070312,819.7000122070312,809.7000122070312,811.0,21488739
2026-07-16,808.2999877929688,808.2999877929688,818.0,806.5,814.5,18698186
2026-07-17,819.5999755859375,819.5999755859375,823.7000122070312,808.5,810.0,17415322
2026-07-20,777.5999755859375,777.5999755859375,790.0,774.5499877929688,790.0,56061789
2026-07-21,761.4500122070312,761.4500122070312,772.5,760.0999755859375,769.1500244140625,42246009
2026-07-22,753.1500244140625,753.1500244140625,761.3499755859375,750.3499755859375,760.25,23385446
2026-07-23,747.25,747.25,751.0,743.25,749.4000244140625,32532090
2026-07-24,742.7999877929688,742.7999877929688,748.25,737.25,738.5,23837859
2026-07-27,739.5499877929688,739.5499877929688,747.9500122070312,738.0999755859375,746.0999755859375,29678752
2026-07-28,735.4000244140625,735.4000244140625,740.25,732.0,732.0,33886037
2026-07-29,748.2000122070312,748.2000122070312,751.25,740.7999877929688,743.0,20460659
2026-07-30,753.9500122070312,753.9500122070312,757.9000244140625,745.5,752.7999877929688,35844392
2026-07-31,748.1500244140625,748.1500244140625,757.5499877929688,747.2000122070312,753.9500122070312,25522483
2026-08-03,753.0,753.0,756.8499755859375,750.0499877929688,753.0499877929688,14827841
2026-08-04,742.0,742.0,753.2000122070312,738.0,753.2000122070312,31559802
2026-08-05,735.0,735.0,741.9500122070312,732.5999755859375,733.7999877929688,60050538
2026-08-06,734.2999877929688,734.2999877929688,740.5,733.5499877929688,739.0,44772122
2026-08-07,731.0,731.0,736.0,728.2000122070312,733.0,19382042
2026-08-10,731.0,731.0,737.5499877929688,728.5,731.5,23660590
2026-08-11,729.0,729.0,730.8499755859375,726.5499877929688,730.5,29154365
2026-08-12,729.0,729.0,730.6500244140625,722.0,729.0,26993177
2026-08-13,725.0,725.0,729.0,724.5,726.9000244140625,22129893
2026-08-14,727.0,727.0,729.5999755859375,723.5,725.0,20364131
2026-08-17,729.0,729.0,732.0999755859375,724.5,727.0499877929688,14823722
2026-08-18,723.0,723.0,729.0,723.0,726.2999877929688,17916507
2026-08-19,720.0,720.0,725.4000244140625,715.0999755859375,724.0,21342651
2026-08-20,725.0499877929688,725.0499877929688,728.2999877929688,724.2999877929688,725.5,17603805
2026-08-21,726.9500122070312,726.9500122070312,732.7999877929688,726.5999755859375,728.2999877929688,26029811
2026-08-24,729.0,729.0,734.4000244140625,724.0999755859375,732.5,11408345
2026-08-25,727.5,727.5,728.7000122070312,722.0,726.5999755859375,17511874
2026-08-26,727.2000122070312,727.2000122070312,731.0,724.1500244140625,728.0,21156463
