Price,Adj Close,Close,High,Low,Open,Volume
Ticker,HINDUNILVR.NS,HINDUNILVR.NS,HINDUNILVR.NS,HINDUNILVR.NS,HINDUNILVR.NS,HINDUNILVR.NS
Date,,,,,,
2010-01-04,195.12478637695312,264.70001220703125,266.20001220703125,264.1000061035156,264.79998779296875,668858
2010-01-05,194.49818420410156,263.8500061035156,266.3999938964844,262.5,265.75,1392726
2010-01-06,195.6039581298828,265.3500061035156,266.0,262.6000061035156,264.75,1682107
2010-01-07,195.19847106933594,264.79998779296875,267.25,264.1499938964844,265.1000061035156,2723548
2010-01-08,196.04620361328125,265.95001220703125,267.0,264.1499938964844,265.1000061035156,4000986
2010-01-11,196.15675354003906,266.1000061035156,268.3500061035156,265.6000061035156,266.6000061035156,2251471
2010-01-12,193.24502563476562,262.1499938964844,266.75,260.54998779296875,266.0,3826930
2010-01-13,193.50306701660156,262.5,263.75,260.75,262.0,1917571
2010-01-14,188.7483673095703,256.04998779296875,263.6000061035156,255.3000030517578,262.6000061035156,3583983
2010-01-15,189.0063934326172,256.3999938964844,258.75,255.89999389648438,257.75,4361271
2010-01-18,189.6698455810547,257.29998779296875,258.3500061035156,254.5500030517578,256.5,1088348
2010-01-19,188.3061065673828,255.4499969482422,257.75,254.60000610351562,257.75,1122943
2010-01-20,190.03839111328125,257.79998779296875,258.6000061035156,253.5,256.0,2198874
2010-01-21,189.264404296875,256.75,261.1000061035156,255.64999389648438,258.0,3093875
2010-01-22,190.14898681640625,257.95001220703125,259.1499938964844,251.9499969482422,253.0,5117085
2010-01-25,194.57192993164062,263.95001220703125,264.54998779296875,255.5,258.70001220703125,4355123
2010-01-27,191.18093872070312,259.3500061035156,263.0,254.6999969482422,263.0,9203979
2010-01-28,188.19552612304688,255.3000030517578,261.75,253.35000610351562,258.20001220703125,5049389
2010-01-29,178.6125030517578,242.3000030517578,252.1999969482422,241.0500030517578,251.5500030517578,6496604
2010-02-01,174.88986206054688,237.25,243.8000030517578,234.75,243.8000030517578,4987343
2010-02-02,174.3369903564453,236.5,240.0,235.0,238.5,6004275
2010-02-03,174.3001708984375,236.4499969482422,238.5,235.3000030517578,237.75,1595241
2010-02-04,170.31956481933594,231.0500030517578,239.35000610351562,230.5,237.10000610351562,3017883
2010-02-05,168.84521484375,229.0500030517578,234.39999389648438,227.0,229.5,4345866
2010-02-08,174.3369903564453,236.5,238.1999969482422,229.75,231.0,3139856
2010-02-09,171.46214294433594,232.60000610351562,238.0,232.3000030517578,238.0,2435031
2010-02-10,169.6192169189453,230.10000610351562,233.9499969482422,229.14999389648438,233.5,2864300
2010-02-11,172.05181884765625,233.39999389648438,234.4499969482422,230.5,230.5,2299826
2010-02-15,169.3612060546875,229.75,234.85000610351562,229.0,233.39999389648438,1594781
2010-02-16,174.81614685058594,237.14999389648438,238.5500030517578,229.3000030517578,230.0,2253497
2010-02-17,177.32249450683594,240.5500030517578,244.64999389648438,238.5,238.5,3428957
2010-02-18,178.75990295410156,242.5,243.89999389648438,238.3000030517578,240.60000610351562,955635
2010-02-19,177.6542205810547,241.0,245.4499969482422,237.14999389648438,242.0,4582596
2010-02-22,181.4505615234375,246.14999389648438,247.35000610351562,242.0,244.0,2280787
2010-02-23,180.52911376953125,244.89999389648438,245.89999389648438,242.75,244.0,908983
2010-02-24,178.50196838378906,242.14999389648438,245.1999969482422,241.0,244.0,1102320
2010-02-25,173.3787384033203,235.1999969482422,242.9499969482422,232.64999389648438,241.14999389648438,2791186
2010-02-26,174.1158905029297,236.1999969482422,241.4499969482422,235.0,239.85000610351562,1519988
2010-03-02,172.8258514404297,234.4499969482422,238.0,232.89999389648438,234.0,1784738
2010-03-03,176.25363159179688,239.10000610351562,240.0,235.0,235.0,2569749
2010-03-04,179.46026611328125,243.4499969482422,244.35000610351562,235.8000030517578,239.10000610351562,2585303
2010-03-05,179.1284942626953,243.0,244.39999389648438,241.14999389648438,242.10000610351562,588200
2010-03-08,175.99560546875,238.75,244.6999969482422,237.5500030517578,243.0,2970886
2010-03-09,174.00531005859375,236.0500030517578,239.9499969482422,235.0,238.0,1719797
2010-03-10,176.73277282714844,239.75,240.0,235.39999389648438,235.39999389648438,1600336
2010-03-11,168.6609344482422,228.8000030517578,239.4499969482422,228.14999389648438,236.35000610351562,5414907
2010-03-12,161.731689453125,219.39999389648438,228.8000030517578,218.39999389648438,228.8000030517578,10125660
2010-03-15,166.26519775390625,225.5500030517578,227.0,218.0,221.39999389648438,6329071
2010-03-16,167.11293029785156,226.6999969482422,227.6999969482422,225.0500030517578,226.14999389648438,1801538
2010-03-17,165.048828125,223.89999389648438,228.75,222.8000030517578,227.5,5445508
2010-03-18,165.74916076660156,224.85000610351562,226.9499969482422,223.60000610351562,224.0,2260551
2010-03-19,168.771484375,228.9499969482422,229.89999389648438,224.5,224.85000610351562,2391153
2010-03-22,168.25547790527344,228.25,229.5,226.0,228.0,1821015
2010-03-23,168.43980407714844,228.5,230.3000030517578,227.60000610351562,228.75,2591544
2010-03-25,171.01983642578125,232.0,234.0,226.0,226.0,5722411
2010-03-26,175.81130981445312,238.5,239.39999389648438,232.10000610351562,233.8000030517578,5921814
2010-03-29,176.6959228515625,239.6999969482422,240.39999389648438,238.0,238.8000030517578,2712461
2010-03-30,178.28082275390625,241.85000610351562,242.3000030517578,239.14999389648438,240.0,3422200
2010-03-31,176.58535766601562,239.5500030517578,242.0,238.0500030517578,241.10000610351562,2407315
2010-04-01,169.8403778076172,230.39999389648438,240.4499969482422,230.0,240.39999389648438,3320590
2010-04-05,168.88206481933594,229.10000610351562,232.35000610351562,226.64999389648438,231.10000610351562,3860534
2010-04-06,169.47178649902344,229.89999389648438,231.64999389648438,228.6999969482422,229.6999969482422,2068525
2010-04-07,165.85975646972656,225.0,231.4499969482422,224.5,230.0,3120048
2010-04-08,164.16429138183594,222.6999969482422,226.85000610351562,222.0,224.35000610351562,2270759
2010-04-09,163.1691131591797,221.35000610351562,224.8000030517578,220.6999969482422,222.75,2420707
2010-04-12,165.4911346435547,224.5,225.4499969482422,221.5,221.5,3422928
2010-04-13,164.7908477783203,223.5500030517578,225.10000610351562,222.75,225.0,1993094
2010-04-15,166.19142150878906,225.4499969482422,227.64999389648438,223.6999969482422,224.6999969482422,4342086
2010-04-16,167.33404541015625,227.0,227.6999969482422,223.35000610351562,225.4499969482422,3524900
2010-04-19,165.6754608154297,224.75,226.5,223.8000030517578,226.0,1595067
2010-04-20,167.9237518310547,227.8000030517578,228.60000610351562,224.0,226.5,2193926
2010-04-21,171.6463623046875,232.85000610351562,234.75,228.1999969482422,228.1999969482422,4182139
2010-04-22,174.96360778808594,237.35000610351562,239.9499969482422,231.5500030517578,231.89999389648438,6037737
2010-04-23,176.25363159179688,239.10000610351562,241.1999969482422,235.0500030517578,236.89999389648438,1959845
2010-04-26,178.0227813720703,241.5,242.0,239.0,239.5,1822070
2010-04-27,178.87049865722656,242.64999389648438,243.89999389648438,239.5,242.60000610351562,2814625
2010-04-28,178.35452270507812,241.9499969482422,244.0,239.0,240.85000610351562,2948610
2010-04-29,173.67359924316406,235.60000610351562,243.0500030517578,231.35000610351562,242.1999969482422,6704079
2010-04-30,176.76962280273438,239.8000030517578,241.0,236.0,240.85000610351562,1941014
2010-05-03,172.30982971191406,233.75,240.89999389648438,232.8000030517578,240.89999389648438,1013619
2010-05-04,171.27781677246094,232.35000610351562,236.8000030517578,231.0,236.8000030517578,1444286
2010-05-05,168.62405395507812,228.75,242.0,227.60000610351562,242.0,1614615
2010-05-06,171.13043212890625,232.14999389648438,235.5,227.0,227.0,2426265
2010-05-07,172.93641662597656,234.60000610351562,238.0,230.0,236.6999969482422,2899346
2010-05-10,174.66871643066406,236.9499969482422,257.0,234.0,257.0,1103808
2010-05-11,174.59503173828125,236.85000610351562,237.35000610351562,233.35000610351562,237.35000610351562,940517
2010-05-12,175.81130981445312,238.5,239.5,236.10000610351562,239.0,1439799
2010-05-13,175.59019470214844,238.1999969482422,243.35000610351562,237.5,243.35000610351562,3055333
2010-05-14,172.4204559326172,233.89999389648438,242.75,233.35000610351562,242.75,1605986
2010-05-17,176.95391845703125,240.0500030517578,241.35000610351562,230.8000030517578,237.10000610351562,1367158
2010-05-18,176.95391845703125,240.0500030517578,243.1999969482422,236.89999389648438,239.25,1430937
2010-05-19,172.01502990722656,233.35000610351562,246.0,232.1999969482422,246.0,1398580
2010-05-20,174.66871643066406,236.9499969482422,238.1999969482422,232.5,233.5,1826430
2010-05-21,170.06153869628906,230.6999969482422,238.10000610351562,229.14999389648438,238.10000610351562,2123795
2010-05-24,170.7986602783203,231.6999969482422,236.89999389648438,228.75,236.89999389648438,1414202
2010-05-25,169.950927734375,230.5500030517578,231.60000610351562,226.25,230.89999389648438,1202978
2010-05-26,170.68809509277344,231.5500030517578,232.60000610351562,227.89999389648438,232.0,2730655
2010-05-27,171.7570037841797,233.0,234.85000610351562,230.5,232.0,1709736
2010-05-28,174.2264404296875,236.35000610351562,239.8000030517578,232.35000610351562,239.8000030517578,888460
2010-05-31,174.85304260253906,237.1999969482422,239.6999969482422,235.25,237.0,1813271
2010-06-01,172.34669494628906,233.8000030517578,238.1999969482422,232.35000610351562,237.9499969482422,1042836
2010-06-02,175.25845336914062,237.75,239.0,232.39999389648438,233.89999389648438,758161
2010-06-03,182.11402893066406,247.0500030517578,250.5,238.10000610351562,238.10000610351562,2712932
2010-06-04,185.54176330566406,251.6999969482422,257.20001220703125,249.10000610351562,252.75,5072279
2010-06-07,185.06263732910156,251.0500030517578,253.39999389648438,234.0,234.0,1864062
2010-06-08,185.32064819335938,251.39999389648438,256.54998779296875,245.0,245.0,2482809
2010-06-09,183.95684814453125,249.5500030517578,253.0,245.0,245.0,1604824
2010-06-10,185.7628936767578,252.0,252.5,247.0,247.0,1728521
2010-06-11,186.3157501220703,252.75,255.0,252.10000610351562,255.0,1635866
2010-06-14,188.3061065673828,255.4499969482422,259.3999938964844,251.60000610351562,255.0,1971808
2010-06-15,191.7707061767578,260.1499938964844,261.29998779296875,254.4499969482422,256.3999938964844,2864416
2010-06-16,188.6377716064453,255.89999389648438,261.0,255.3000030517578,260.0,1387595
2010-06-17,186.5000762939453,253.0,256.70001220703125,248.5500030517578,255.0,2499448
2010-06-18,190.0015411376953,257.75,258.6499938964844,250.3000030517578,255.0,2233551
2010-06-21,190.7386932373047,258.75,260.0,256.1000061035156,259.8500061035156,2056026
2010-06-22,192.9501953125,261.75,265.45001220703125,258.1499938964844,258.1499938964844,4306917
2010-06-23,196.23048400878906,266.20001220703125,269.20001220703125,260.0,260.0,3854534
2010-06-24,199.69508361816406,270.8999938964844,274.3500061035156,266.1000061035156,266.6000061035156,5356066
2010-06-25,196.267333984375,266.25,270.54998779296875,264.25,267.20001220703125,920634
2010-06-28,196.635986328125,266.75,269.70001220703125,265.3500061035156,266.25,1198030
2010-06-29,193.61354064941406,262.6499938964844,269.70001220703125,261.1000061035156,266.75,1065270
2010-06-30,197.22564697265625,267.54998779296875,269.0,261.29998779296875,263.75,1434286
2010-07-01,200.87457275390625,272.5,273.1499938964844,264.3500061035156,267.0,2551949
2010-07-02,197.8522491455078,268.3999938964844,273.5,267.20001220703125,272.5,1734300
2010-07-05,196.1936492919922,266.1499938964844,269.3500061035156,265.3500061035156,269.20001220703125,844054
2010-07-06,197.07818603515625,267.3500061035156,268.25,265.5,267.70001220703125,1054052
2010-07-07,197.26251220703125,267.6000061035156,268.79998779296875,264.6499938964844,268.79998779296875,1001367
2010-07-08,199.0177764892578,266.45001220703125,268.54998779296875,264.1000061035156,266.6000061035156,1340864
2010-07-09,195.9927215576172,262.3999938964844,267.8500061035156,261.20001220703125,267.0,1159054
2010-07-12,195.80599975585938,262.1499938964844,265.20001220703125,261.1499938964844,264.75,1133170
2010-07-13,194.0507049560547,259.79998779296875,262.5,258.3500061035156,262.1499938964844,1313668
2010-07-14,192.40753173828125,257.6000061035156,261.3999938964844,255.5,260.0,1281275
2010-07-15,196.70230102539062,263.3500061035156,264.0,257.6000061035156,258.75,1134558
2010-07-16,198.79371643066406,266.1499938964844,266.8999938964844,261.79998779296875,263.1000061035156,2734672
2010-07-19,197.63600158691406,264.6000061035156,269.1000061035156,263.70001220703125,265.20001220703125,1103384
2010-07-20,196.1793975830078,262.6499938964844,265.0,261.0,264.6000061035156,731859
2010-07-21,195.5072784423828,261.75,267.0,260.8999938964844,262.6499938964844,1312784
2010-07-22,195.9180908203125,262.29998779296875,263.45001220703125,259.54998779296875,261.8999938964844,1046091
2010-07-23,195.65663146972656,261.95001220703125,264.1499938964844,260.29998779296875,262.3999938964844,1082091
2010-07-26,195.65663146972656,261.95001220703125,263.8999938964844,260.6000061035156,262.95001220703125,1255536
2010-07-27,194.49888610839844,260.3999938964844,266.0,259.3999938964844,263.20001220703125,1910751
2010-07-28,188.48619079589844,252.35000610351562,262.0,251.10000610351562,260.75,1542725
2010-07-29,191.5858917236328,256.5,259.79998779296875,250.0,253.1999969482422,3682710
2010-07-30,187.81394958496094,251.4499969482422,258.25,249.60000610351562,257.0,1941787
2010-08-02,189.30776977539062,253.4499969482422,254.89999389648438,250.0,250.0,1131419
2010-08-03,189.23304748535156,253.35000610351562,255.39999389648438,252.5500030517578,253.4499969482422,911243
2010-08-04,191.69790649414062,256.6499938964844,258.5,251.1999969482422,253.35000610351562,1957529
2010-08-05,190.68959045410156,255.3000030517578,259.3999938964844,254.39999389648438,256.6499938964844,995609
2010-08-06,190.5028533935547,255.0500030517578,257.0,254.6999969482422,257.0,693299
2010-08-09,191.24977111816406,256.04998779296875,257.8999938964844,254.14999389648438,255.39999389648438,578268
2010-08-10,194.34950256347656,260.20001220703125,261.0,254.14999389648438,256.5,1342358
2010-08-11,195.13380432128906,261.25,265.20001220703125,260.20001220703125,260.20001220703125,1939262
2010-08-12,198.68165588378906,266.0,267.3999938964844,259.0,261.5,2907430
2010-08-13,198.5322723388672,265.79998779296875,267.79998779296875,265.1000061035156,266.0,1392182
2010-08-16,201.5946502685547,269.8999938964844,271.95001220703125,266.3500061035156,266.8999938964844,1816654
2010-08-17,198.42027282714844,265.6499938964844,271.0,264.3500061035156,270.0,1059553
2010-08-18,201.10919189453125,269.25,270.3999938964844,263.3500061035156,265.6499938964844,1543787
2010-08-19,204.69439697265625,274.04998779296875,274.45001220703125,269.1000061035156,270.8500061035156,1525384
2010-08-20,200.84774780273438,268.8999938964844,275.0,268.04998779296875,275.0,974087
2010-08-23,200.81040954589844,268.8500061035156,270.8500061035156,266.79998779296875,268.0,956531
2010-08-24,201.40789794921875,269.6499938964844,271.95001220703125,267.1000061035156,267.25,1378329
2010-08-25,200.17547607421875,268.0,272.5,267.1000061035156,270.0,1593133
2010-08-26,198.42027282714844,265.6499938964844,269.1499938964844,264.0,268.1499938964844,1932725
2010-08-27,197.15049743652344,263.95001220703125,265.8500061035156,263.04998779296875,265.0,1440447
2010-08-30,196.92642211914062,263.6499938964844,265.0,261.5,265.0,1358795
2010-08-31,197.561279296875,264.5,265.0,262.6499938964844,263.20001220703125,1474262
2010-09-01,199.0924835205078,266.54998779296875,267.3500061035156,264.0,264.5,3097428
2010-09-02,201.5946502685547,269.8999938964844,272.20001220703125,266.29998779296875,267.8500061035156,1370949
2010-09-03,203.83544921875,272.8999938964844,274.0,269.0,270.0,2525693
2010-09-06,202.90179443359375,271.6499938964844,274.29998779296875,270.54998779296875,274.20001220703125,1221034
2010-09-07,202.15484619140625,270.6499938964844,272.5,269.29998779296875,272.5,1591280
2010-09-08,204.8437957763672,274.25,275.3999938964844,269.0,269.5,2144813
2010-09-09,208.42901611328125,279.04998779296875,284.0,275.0,275.25,3187222
2010-09-13,208.50369262695312,279.1499938964844,282.1499938964844,278.1000061035156,280.0,2465247
2010-09-14,207.75677490234375,278.1499938964844,283.3500061035156,275.70001220703125,279.0,2084980
2010-09-15,207.68206787109375,278.04998779296875,280.8500061035156,276.6000061035156,278.3500061035156,1790301
2010-09-16,207.71942138671875,278.1000061035156,281.8999938964844,276.79998779296875,281.0,1871508
2010-09-17,210.48309326171875,281.79998779296875,284.0,277.6000061035156,278.1000061035156,2793747
2010-09-20,218.99795532226562,293.20001220703125,295.0,282.75,282.75,3669599
2010-09-21,220.30511474609375,294.95001220703125,300.0,289.1000061035156,294.0,3025979
2010-09-22,222.58323669433594,298.0,299.0,289.3500061035156,295.0,3043081
2010-09-23,226.54188537597656,303.29998779296875,304.0,295.0,298.0,2649697
2010-09-24,235.24362182617188,314.95001220703125,317.75,303.70001220703125,304.0,9314247
2010-09-27,230.6873779296875,308.8500061035156,319.54998779296875,308.1000061035156,318.0,3426497
2010-09-28,228.70802307128906,306.20001220703125,309.79998779296875,304.54998779296875,309.0,2201520
2010-09-29,228.55860900878906,306.0,309.5,303.6000061035156,307.79998779296875,2061130
2010-09-30,230.8367919921875,309.04998779296875,311.8500061035156,304.54998779296875,306.0,4275160
2010-10-01,231.32220458984375,309.70001220703125,313.5,307.1000061035156,309.0,4831148
2010-10-04,230.46328735351562,308.54998779296875,313.1000061035156,306.04998779296875,311.70001220703125,1726502
2010-10-05,227.06475830078125,304.0,309.0,303.1499938964844,308.54998779296875,2544656
2010-10-06,224.93603515625,301.1499938964844,306.6499938964844,300.1000061035156,306.6499938964844,1825848
2010-10-07,221.3507843017578,296.3500061035156,307.8999938964844,294.5,301.8999938964844,3504863
2010-10-08,220.9399871826172,295.79998779296875,300.0,293.25,298.6000061035156,1884586
2010-10-11,220.23045349121094,294.8500061035156,299.5,294.04998779296875,296.3999938964844,1788969
2010-10-12,217.9523162841797,291.79998779296875,295.8999938964844,290.1000061035156,295.8999938964844,1096446
2010-10-13,226.579345703125,303.3500061035156,304.79998779296875,291.29998779296875,294.0,2469299
2010-10-14,223.4422149658203,299.1499938964844,305.5,296.8500061035156,304.6000061035156,1550344
2010-10-15,223.03143310546875,298.6000061035156,307.0,297.0,299.8500061035156,1126220
2010-10-18,221.79893493652344,296.95001220703125,305.0,291.1000061035156,305.0,2557873
2010-10-19,221.8363037109375,297.0,301.95001220703125,293.0,298.0,3265475
2010-10-20,219.14732360839844,293.3999938964844,299.8999938964844,291.5,293.5,646829
2010-10-21,228.8947296142578,306.45001220703125,307.20001220703125,294.0,295.70001220703125,2586069
2010-10-22,225.0107421875,301.25,308.3999938964844,299.45001220703125,307.0,1095117
2010-10-25,228.78273010253906,306.29998779296875,308.3999938964844,302.5,303.20001220703125,2702090
2010-10-26,222.7699737548828,298.25,307.5,297.6499938964844,307.20001220703125,1896233
2010-10-27,218.84860229492188,293.0,300.0,291.25,299.8999938964844,1768797
2010-10-28,217.57887268066406,291.29998779296875,301.45001220703125,289.1000061035156,294.75,5822602
2010-10-29,220.11839294433594,294.70001220703125,295.54998779296875,290.0,294.8500061035156,1282216
2010-11-01,222.2689666748047,294.54998779296875,299.0,293.25,296.0,1758922
2010-11-02,222.3067169189453,294.6000061035156,297.3999938964844,293.1000061035156,294.8500061035156,1192529
2010-11-03,223.36317443847656,296.0,297.6000061035156,294.5,294.75,1301787
2010-11-04,225.7778778076172,299.20001220703125,302.0,295.1499938964844,297.0,1572688
2010-11-08,231.3997039794922,306.6499938964844,308.95001220703125,302.0,305.0,3409332
2010-11-09,240.71908569335938,319.0,320.54998779296875,307.1000061035156,308.0,4730665
2010-11-10,237.51199340820312,314.75,320.8500061035156,313.04998779296875,318.8999938964844,2158099
2010-11-11,233.32400512695312,309.20001220703125,316.8500061035156,307.0,314.6000061035156,1301797
2010-11-12,227.73989868164062,301.79998779296875,310.0,300.3500061035156,310.0,2991462
2010-11-15,229.17367553710938,303.70001220703125,305.0,299.0,303.0,1832215
2010-11-16,225.2119140625,298.45001220703125,305.45001220703125,296.1000061035156,304.0,2708676
2010-11-18,226.0419921875,299.54998779296875,304.0,295.3999938964844,304.0,1863972
2010-11-19,225.62698364257812,299.0,304.8999938964844,297.3500061035156,299.0,1868801
2010-11-22,226.11746215820312,299.6499938964844,303.0,297.0,300.25,1926822
2010-11-23,226.60791015625,300.29998779296875,302.0,295.6000061035156,299.0,4559950
2010-11-24,226.23060607910156,299.79998779296875,302.5,298.1000061035156,300.04998779296875,2857548
2010-11-25,224.26873779296875,297.20001220703125,302.0,294.0,299.0,4133258
2010-11-26,221.1748809814453,293.1000061035156,300.0,290.0,299.70001220703125,2362814
2010-11-29,224.72145080566406,297.79998779296875,300.0,294.54998779296875,296.0,1881023
2010-11-30,225.06103515625,298.25,300.3500061035156,294.45001220703125,295.1499938964844,2755654
2010-12-01,224.5706024169922,297.6000061035156,299.8999938964844,296.04998779296875,297.0,1425789
2010-12-02,224.08006286621094,296.95001220703125,300.3999938964844,295.5,299.1499938964844,1999299
2010-12-03,225.8156280517578,299.25,305.5,297.25,299.0,2629710
2010-12-06,226.60791015625,300.29998779296875,304.20001220703125,299.1000061035156,302.3999938964844,1186326
2010-12-07,223.17449951171875,295.75,301.75,294.8999938964844,300.29998779296875,1082204
2010-12-08,223.6649932861328,296.3999938964844,297.45001220703125,293.3500061035156,296.20001220703125,1031606
2010-12-09,218.15635681152344,289.1000061035156,298.20001220703125,282.3500061035156,297.79998779296875,2342551
2010-12-10,223.36317443847656,296.0,297.79998779296875,288.3500061035156,290.0,1445464
2010-12-13,227.13626098632812,301.0,302.0,295.0,297.3999938964844,3373709
2010-12-14,225.06103515625,298.25,301.3500061035156,297.20001220703125,300.0,1436627
2010-12-15,225.4383087158203,298.75,300.8999938964844,296.1000061035156,298.29998779296875,1659988
2010-12-16,221.85397338867188,294.0,300.45001220703125,292.79998779296875,299.95001220703125,1588180
2010-12-20,222.7217559814453,295.1499938964844,296.70001220703125,290.3999938964844,294.1000061035156,1426750
2010-12-21,221.6653289794922,293.75,296.8500061035156,292.1000061035156,295.1499938964844,1492762
2010-12-22,221.4767303466797,293.5,295.54998779296875,292.6000061035156,293.0,1930756
2010-12-23,219.66563415527344,291.1000061035156,295.6000061035156,290.54998779296875,294.75,1560930
2010-12-24,222.60855102539062,295.0,295.95001220703125,290.5,291.04998779296875,1335207
2010-12-27,223.5518341064453,296.25,297.0,294.29998779296875,294.29998779296875,662421
2010-12-28,222.15582275390625,294.3999938964844,297.29998779296875,293.70001220703125,297.0,865940
2010-12-29,229.92828369140625,304.70001220703125,305.3999938964844,294.20001220703125,295.70001220703125,2300915
2010-12-30,233.3994598388672,309.29998779296875,310.54998779296875,304.0,304.0,3240083
2010-12-31,236.115966796875,312.8999938964844,315.79998779296875,307.6000061035156,310.0,1755510
2011-01-03,236.30462646484375,313.1499938964844,315.8999938964844,310.0,310.04998779296875,799917
2011-01-04,242.15280151367188,320.8999938964844,329.8999938964844,313.5,314.0,5397799
2011-01-05,245.77500915527344,325.70001220703125,327.3500061035156,317.25,320.70001220703125,2728170
2011-01-06,242.03958129882812,320.75,328.79998779296875,312.3999938964844,327.54998779296875,3041466
2011-01-07,236.22921752929688,313.04998779296875,322.8999938964844,310.6000061035156,321.8999938964844,1724192
2011-01-10,233.17300415039062,309.0,317.6499938964844,306.5,312.0,2015882
2011-01-11,232.38076782226562,307.95001220703125,312.5,303.29998779296875,309.5,2119800
2011-01-12,230.07907104492188,304.8999938964844,310.5,301.6000061035156,309.6000061035156,2307451
2011-01-13,228.0416717529297,302.20001220703125,307.1499938964844,300.25,306.0,1881351
2011-01-14,228.30584716796875,302.54998779296875,313.20001220703125,301.54998779296875,303.5,2492947
2011-01-17,227.6266632080078,301.6499938964844,305.5,300.0,302.79998779296875,1474297
2011-01-18,227.77760314941406,301.8500061035156,304.79998779296875,300.5,302.0,1808453
2011-01-19,226.11746215820312,299.6499938964844,303.75,298.45001220703125,303.75,1937115
2011-01-20,226.30616760253906,299.8999938964844,301.0,296.3500061035156,296.3500061035156,1109110
2011-01-21,225.02330017089844,298.20001220703125,300.95001220703125,297.0,300.0,783110
2011-01-24,224.83465576171875,297.95001220703125,302.0,296.0,297.79998779296875,1753836
2011-01-25,212.7232208251953,281.8999938964844,303.0,280.54998779296875,299.8999938964844,4655704
2011-01-27,204.2716827392578,270.70001220703125,283.0,270.0,282.0,6960343
2011-01-28,205.2149658203125,271.95001220703125,275.0,267.0,270.0,4089851
2011-01-31,204.6112518310547,271.1499938964844,276.95001220703125,266.3999938964844,270.0,2852476
2011-02-01,203.4793243408203,269.6499938964844,274.0,267.0,271.1499938964844,3627159
2011-02-02,207.21466064453125,274.6000061035156,276.54998779296875,269.1000061035156,271.25,1588535
2011-02-03,210.4971923828125,278.95001220703125,282.20001220703125,272.5,272.5,2913752
2011-02-04,205.9695281982422,272.95001220703125,279.3999938964844,271.5,279.0,2293389
2011-02-07,207.0260009765625,274.3500061035156,277.0,271.5,277.0,1160664
2011-02-08,206.27137756347656,273.3500061035156,276.70001220703125,270.8500061035156,276.70001220703125,1422707
2011-02-09,208.57289123535156,276.3999938964844,278.70001220703125,269.45001220703125,271.6499938964844,2032694
2011-02-10,205.74313354492188,272.6499938964844,277.8500061035156,268.3500061035156,272.5,2010110
2011-02-11,203.1020050048828,269.1499938964844,274.3500061035156,268.5,272.70001220703125,2245311
2011-02-14,206.12042236328125,273.1499938964844,273.8500061035156,268.5,272.0,1438828
2011-02-15,206.12042236328125,273.1499938964844,276.5,271.79998779296875,273.8999938964844,1209813
2011-02-16,208.1956024169922,275.8999938964844,276.8999938964844,272.0,272.1499938964844,555104
2011-02-17,206.72413635253906,273.95001220703125,276.5,273.3500061035156,275.5,965275
2011-02-18,210.836669921875,279.3999938964844,282.5,273.1000061035156,273.1000061035156,2296424
2011-02-21,211.51588439941406,280.29998779296875,283.6499938964844,278.0,280.0,1037634
2011-02-22,211.51588439941406,280.29998779296875,281.79998779296875,276.6499938964844,279.3500061035156,2089769
2011-02-23,211.36495971679688,280.1000061035156,282.0,278.0,278.5,1318836
2011-02-24,211.36495971679688,280.1000061035156,284.0,277.1000061035156,277.1000061035156,3732453
2011-02-25,211.51588439941406,280.29998779296875,281.8999938964844,272.0,277.75,2248750
2011-02-28,212.7987060546875,282.0,289.3999938964844,278.0,279.8500061035156,2254711
2011-03-01,216.91131591796875,287.45001220703125,288.54998779296875,282.70001220703125,283.5,1559536
2011-03-03,219.439208984375,290.79998779296875,292.0,285.70001220703125,287.0,2893254
2011-03-04,217.2509002685547,287.8999938964844,291.8999938964844,286.0,290.0,1801007
2011-03-07,212.3081817626953,281.3500061035156,287.8500061035156,279.20001220703125,286.0,900565
2011-03-08,212.61001586914062,281.75,285.04998779296875,280.70001220703125,281.0,958768
2011-03-09,211.06312561035156,279.70001220703125,283.8999938964844,278.5,283.3999938964844,1441408
2011-03-10,208.76158142089844,276.6499938964844,279.79998779296875,275.5,278.8999938964844,1008740
2011-03-11,209.28976440429688,277.3500061035156,279.20001220703125,275.1499938964844,275.1499938964844,867354
2011-03-14,209.8556671142578,278.1000061035156,279.20001220703125,275.5,277.3500061035156,602992
2011-03-15,207.3278350830078,274.75,279.8500061035156,270.75,275.54998779296875,1739445
2011-03-16,204.76217651367188,271.3500061035156,276.3500061035156,269.0,276.1000061035156,4895626
2011-03-17,204.2716827392578,270.70001220703125,272.8500061035156,269.29998779296875,270.3500061035156,1326157
2011-03-18,202.9888153076172,269.0,272.1000061035156,267.6000061035156,272.1000061035156,2237160
2011-03-21,200.8382110595703,266.1499938964844,270.75,264.70001220703125,269.5,1640861
2011-03-22,202.00782775878906,267.70001220703125,270.3999938964844,264.45001220703125,268.0,2312447
2011-03-23,203.4793243408203,269.6499938964844,271.70001220703125,267.1000061035156,267.3999938964844,810725
2011-03-24,203.06430053710938,269.1000061035156,270.70001220703125,268.0,269.8999938964844,908105
2011-03-25,204.72442626953125,271.29998779296875,272.6499938964844,268.1000061035156,270.0,2500090
2011-03-28,208.79933166503906,276.70001220703125,279.8999938964844,271.3500061035156,271.75,3088952
2011-03-29,209.55392456054688,277.70001220703125,280.54998779296875,276.0,276.79998779296875,2788070
2011-03-30,209.81800842285156,278.04998779296875,280.45001220703125,275.0,275.0,1739609
2011-03-31,216.64723205566406,287.1000061035156,290.0,276.5,278.5,4410119
2011-04-01,214.27015686035156,283.95001220703125,290.04998779296875,282.0,286.0,1301124
2011-04-04,211.02536010742188,279.6499938964844,284.8999938964844,277.1499938964844,283.1000061035156,970446
2011-04-05,207.7805633544922,275.3500061035156,282.75,274.0,279.0,1201569
2011-04-06,209.17657470703125,277.20001220703125,278.20001220703125,274.1000061035156,276.0,1355991
2011-04-07,208.27108764648438,276.0,279.25,275.0,277.6000061035156,1185709
2011-04-08,209.0634002685547,277.04998779296875,278.8999938964844,275.75,276.5,779829
2011-04-11,206.49774169921875,273.6499938964844,278.79998779296875,272.3999938964844,275.8999938964844,2103172
2011-04-13,212.49691772460938,281.6000061035156,285.95001220703125,273.0,273.3500061035156,4129166
2011-04-15,207.55419921875,275.04998779296875,283.29998779296875,272.8500061035156,281.6499938964844,2410719
2011-04-18,212.1572723388672,281.1499938964844,284.0,274.75,276.0,2137424
2011-04-19,209.0634002685547,277.04998779296875,281.95001220703125,276.29998779296875,280.54998779296875,993470
2011-04-20,214.38331604003906,284.1000061035156,284.6000061035156,278.0,278.95001220703125,1443344
2011-04-21,217.8922882080078,288.75,289.95001220703125,283.54998779296875,285.8500061035156,1731220
2011-04-25,217.81680297851562,288.6499938964844,293.3999938964844,287.6000061035156,289.79998779296875,718013
2011-04-26,214.00608825683594,283.6000061035156,288.95001220703125,279.3500061035156,288.95001220703125,1236592
2011-04-27,213.93060302734375,283.5,287.75,282.1499938964844,284.0,603760
2011-04-28,210.76126098632812,279.29998779296875,284.5,278.3500061035156,284.0,2628098
2011-04-29,215.2134246826172,285.20001220703125,287.0,279.6499938964844,280.75,2062384
2011-05-02,212.08181762695312,281.04998779296875,288.0,280.20001220703125,286.79998779296875,1305466
2011-05-03,205.74313354492188,272.6499938964844,282.20001220703125,271.5,281.6000061035156,1559712
2011-05-04,207.5919189453125,275.1000061035156,277.20001220703125,270.6000061035156,272.54998779296875,1280917
2011-05-05,201.89462280273438,267.54998779296875,275.25,265.8999938964844,275.0,983472
2011-05-06,208.1956024169922,275.8999938964844,277.6499938964844,268.5,269.8999938964844,1721684
2011-05-09,214.87388610839844,284.75,288.70001220703125,269.8999938964844,275.1499938964844,4797471
2011-05-10,224.30645751953125,297.25,299.79998779296875,286.70001220703125,286.70001220703125,6735970
2011-05-11,226.5325164794922,300.20001220703125,301.8999938964844,294.04998779296875,297.0,3305966
2011-05-12,227.4380340576172,301.3999938964844,303.70001220703125,297.45001220703125,298.0,3247018
2011-05-13,231.3997039794922,306.6499938964844,311.8999938964844,297.54998779296875,299.29998779296875,3159300
2011-05-16,229.66407775878906,304.3500061035156,310.45001220703125,301.25,306.0,1968360
2011-05-17,233.13531494140625,308.95001220703125,310.3999938964844,302.3500061035156,304.0,1755657
2011-05-18,233.21080017089844,309.04998779296875,311.6499938964844,308.0,309.0,1558363
2011-05-19,233.62586975097656,309.6000061035156,311.0,307.1000061035156,308.95001220703125,1277341
2011-05-20,234.07861328125,310.20001220703125,312.75,308.04998779296875,309.0,1930176
2011-05-23,229.39999389648438,304.0,309.95001220703125,302.54998779296875,309.95001220703125,2599483
2011-05-24,228.0794219970703,302.25,305.29998779296875,298.54998779296875,304.04998779296875,3335267
2011-05-25,226.38160705566406,300.0,307.8999938964844,296.54998779296875,301.54998779296875,2356167
2011-05-26,232.87124633789062,308.6000061035156,310.0,298.75,300.04998779296875,2605674
2011-05-27,227.8530731201172,301.95001220703125,307.0,301.1499938964844,306.1000061035156,873315
2011-05-30,228.49447631835938,302.79998779296875,304.8999938964844,300.0,302.1000061035156,1051439
2011-05-31,229.81504821777344,304.54998779296875,309.45001220703125,302.1000061035156,302.1000061035156,1970851
2011-06-01,234.26727294921875,310.45001220703125,313.0,303.20001220703125,304.8500061035156,1276905
2011-06-02,242.03958129882812,320.75,323.79998779296875,310.1000061035156,311.3999938964844,3956634
2011-06-03,240.37965393066406,318.54998779296875,321.0,315.20001220703125,320.8999938964844,2109606
2011-06-06,237.66297912597656,314.95001220703125,319.5,314.1499938964844,318.6499938964844,1227592
2011-06-07,232.98435974121094,308.75,314.8999938964844,306.6499938964844,311.95001220703125,2256698
2011-06-08,236.4933624267578,313.3999938964844,315.79998779296875,305.6499938964844,306.79998779296875,1386122
2011-06-09,235.8518829345703,312.54998779296875,316.29998779296875,312.0,315.70001220703125,966979
2011-06-10,235.02182006835938,311.45001220703125,313.20001220703125,309.3500061035156,313.0,650374
2011-06-13,236.9083709716797,313.95001220703125,315.79998779296875,308.3999938964844,308.3999938964844,1290141
2011-06-14,237.96473693847656,315.3500061035156,318.20001220703125,313.6000061035156,313.6000061035156,1805807
2011-06-15,239.02127075195312,316.75,318.79998779296875,313.0,314.95001220703125,999983
2011-06-16,242.15280151367188,320.8999938964844,323.0,315.25,318.0,3371149
2011-06-17,242.15280151367188,320.8999938964844,326.5,317.25,317.25,2503209
2011-06-20,243.39791870117188,322.54998779296875,324.70001220703125,313.79998779296875,320.0,4312687
2011-06-21,243.24703979492188,322.3500061035156,327.0,320.8999938964844,322.0,2289179
2011-06-22,234.49363708496094,310.75,323.95001220703125,310.0,323.0,2409893
2011-06-23,239.66268920898438,317.6000061035156,318.8999938964844,309.8999938964844,310.0,1160640
2011-06-24,244.75621032714844,324.3500061035156,325.0,318.04998779296875,318.04998779296875,1505937
2011-06-27,244.0771026611328,323.45001220703125,327.0,321.0,321.0,1145129
2011-06-28,244.1902618408203,323.6000061035156,325.45001220703125,321.3500061035156,322.3999938964844,1401219
2011-06-29,251.13258361816406,332.79998779296875,334.6499938964844,324.1000061035156,324.70001220703125,2455593
2011-06-30,259.3200988769531,343.6499938964844,348.0,333.5,334.0,4476231
2011-07-01,254.11331176757812,336.75,343.5,335.70001220703125,342.3999938964844,1912354
2011-07-04,253.88697814941406,336.45001220703125,341.0,335.54998779296875,341.0,1767312
2011-07-05,251.13258361816406,332.79998779296875,336.5,331.45001220703125,336.04998779296875,2503942
2011-07-06,248.8311004638672,329.75,334.8999938964844,328.70001220703125,330.6499938964844,2436300
2011-07-07,253.35873413085938,335.75,339.8999938964844,330.20001220703125,330.95001220703125,2877579
2011-07-08,254.27377319335938,333.45001220703125,338.3999938964844,331.6499938964844,334.0,1714115
2011-07-11,253.16810607910156,332.0,335.5,330.95001220703125,332.0,865852
2011-07-12,253.89254760742188,332.95001220703125,335.29998779296875,329.0,331.54998779296875,1126865
2011-07-13,252.67247009277344,331.3500061035156,334.45001220703125,330.1499938964844,332.45001220703125,1144824
2011-07-14,253.39682006835938,332.29998779296875,336.04998779296875,328.54998779296875,331.0,1062244
2011-07-15,251.4523468017578,329.75,333.79998779296875,328.3500061035156,331.20001220703125,1076030
2011-07-18,254.00697326660156,333.1000061035156,334.0,328.0,330.0,1180470
2011-07-19,252.29110717773438,330.8500061035156,332.79998779296875,329.5,331.75,1774965
2011-07-20,253.05374145507812,331.8500061035156,333.5,330.0,331.6499938964844,1974487
2011-07-21,254.5026092529297,333.75,336.29998779296875,331.3999938964844,332.75,1530879
2011-07-22,254.46444702148438,333.70001220703125,337.3999938964844,332.25,335.20001220703125,2064576
2011-07-25,252.55809020996094,331.20001220703125,334.0,329.75,333.25,2848687
2011-07-26,249.698486328125,327.45001220703125,333.0,324.20001220703125,331.70001220703125,1420497
2011-07-27,248.59278869628906,326.0,329.29998779296875,322.1000061035156,329.29998779296875,1853575
2011-07-28,246.1907501220703,322.8500061035156,329.20001220703125,320.04998779296875,325.8500061035156,9159189
2011-07-29,247.06765747070312,324.0,327.0,319.45001220703125,325.70001220703125,3824366
2011-08-01,246.26698303222656,322.95001220703125,327.29998779296875,321.6000061035156,325.5,1349396
2011-08-02,246.87701416015625,323.75,326.79998779296875,320.25,323.8500061035156,2364644
2011-08-03,245.5426025390625,322.0,323.45001220703125,317.0,320.5,2568934
2011-08-04,243.40740966796875,319.20001220703125,325.45001220703125,317.8500061035156,322.6499938964844,2150710
2011-08-05,243.14044189453125,318.8500061035156,320.5,312.1000061035156,315.0,2715088
2011-08-08,243.78871154785156,319.70001220703125,321.29998779296875,308.54998779296875,311.25,5022498
2011-08-09,243.5980224609375,319.45001220703125,322.79998779296875,310.6499938964844,314.0,2979527
2011-08-10,241.19598388671875,316.29998779296875,320.0,314.5,318.0,2655553
2011-08-11,240.62405395507812,315.54998779296875,317.3999938964844,314.6000061035156,317.3999938964844,1896062
2011-08-12,240.2427520751953,315.04998779296875,319.0,313.20001220703125,319.0,1844873
2011-08-16,236.735107421875,310.45001220703125,316.0,309.6000061035156,316.0,2309861
2011-08-17,241.2722625732422,316.3999938964844,319.0,310.54998779296875,311.0,1950763
2011-08-18,241.57723999023438,316.79998779296875,320.5,315.5,317.8500061035156,1425028
2011-08-19,240.73849487304688,315.70001220703125,319.3999938964844,312.70001220703125,313.54998779296875,1724375
2011-08-22,238.79393005371094,313.1499938964844,316.1499938964844,312.54998779296875,315.95001220703125,1601337
2011-08-23,242.6067352294922,318.1499938964844,319.29998779296875,313.5,314.0,2782892
2011-08-24,243.78871154785156,319.70001220703125,321.6000061035156,315.6000061035156,318.29998779296875,2993047
2011-08-25,244.24615478515625,320.29998779296875,324.45001220703125,319.0,320.54998779296875,7132173
2011-08-26,243.75048828125,319.6499938964844,321.1499938964844,317.29998779296875,320.0,1486824
2011-08-29,244.01747131347656,320.0,321.8500061035156,318.29998779296875,320.0,3558243
2011-08-30,244.3224639892578,320.3999938964844,321.54998779296875,319.1499938964844,320.6000061035156,4291158
2011-09-02,244.01747131347656,320.0,331.0,315.3500061035156,330.0,4706588
2011-09-05,243.90306091308594,319.8500061035156,321.3999938964844,316.70001220703125,321.3999938964844,1668142
2011-09-06,244.01747131347656,320.0,320.45001220703125,314.95001220703125,319.8500061035156,2156702
2011-09-07,244.39877319335938,320.5,322.5,318.3500061035156,320.0,2609747
2011-09-08,247.6395721435547,324.75,327.3999938964844,318.79998779296875,320.3500061035156,3610242
2011-09-09,254.04510498046875,333.1499938964844,338.0,325.0,325.1499938964844,5585928
2011-09-12,263.8439025878906,346.0,348.5,329.6000061035156,329.6000061035156,4858629
2011-09-13,260.2979431152344,341.3500061035156,347.8500061035156,340.1499938964844,346.75,3890429
2011-09-14,268.8766784667969,352.6000061035156,353.95001220703125,337.54998779296875,342.8500061035156,3575382
2011-09-15,266.32220458984375,349.25,354.79998779296875,346.1000061035156,354.5,3540391
2011-09-16,258.7728271484375,339.3500061035156,351.3500061035156,336.8500061035156,347.25,4985062
2011-09-19,257.6289978027344,337.8500061035156,340.0,335.20001220703125,339.5,1509561
2011-09-20,261.55621337890625,343.0,345.95001220703125,337.25,338.79998779296875,2015334
2011-09-21,258.3153381347656,338.75,345.45001220703125,335.0,342.25,2413225
2011-09-22,253.0918426513672,331.8999938964844,337.75,331.04998779296875,336.0,2452724
2011-09-23,252.51992797851562,331.1499938964844,335.75,328.0,330.1000061035156,2142263
2011-09-26,250.80413818359375,328.8999938964844,331.8999938964844,324.6499938964844,331.8999938964844,1384504
2011-09-27,258.35345458984375,338.79998779296875,340.0,328.8999938964844,330.54998779296875,2548163
2011-09-28,255.26513671875,334.75,339.8999938964844,332.79998779296875,339.8999938964844,2396557
2011-09-29,262.1661682128906,343.79998779296875,347.0,332.1000061035156,334.0,3028674
2011-09-30,259.72601318359375,340.6000061035156,343.5,336.0,339.54998779296875,2909985
2011-10-03,254.8076171875,334.1499938964844,339.6499938964844,332.54998779296875,338.0,1403507
2011-10-04,248.7834014892578,326.25,337.0,322.79998779296875,333.0,2333503
2011-10-05,245.46630859375,321.8999938964844,328.45001220703125,319.25,325.1000061035156,2867335
2011-10-07,251.1473388671875,329.3500061035156,331.6499938964844,325.04998779296875,328.0,2500289
2011-10-10,252.51992797851562,331.1499938964844,334.0,325.25,329.3500061035156,2980788
2011-10-11,248.4403076171875,325.79998779296875,334.0,324.54998779296875,334.0,1817839
2011-10-12,251.1473388671875,329.3500061035156,331.0,326.1000061035156,326.3500061035156,1512005
2011-10-13,249.16464233398438,326.75,332.5,324.1499938964844,329.1000061035156,1558110
2011-10-14,252.74864196777344,331.45001220703125,334.0,326.75,326.75,2841978
2011-10-17,254.61691284179688,333.8999938964844,335.0,330.04998779296875,333.79998779296875,1310537
2011-10-18,251.22364807128906,329.45001220703125,335.6499938964844,327.6499938964844,331.1499938964844,1184035
2011-10-19,252.74864196777344,331.45001220703125,334.0,327.8500061035156,330.1499938964844,2312230
2011-10-20,251.9861602783203,330.45001220703125,333.79998779296875,327.70001220703125,331.0,2261741
2011-10-21,248.6689453125,326.1000061035156,332.25,325.20001220703125,331.8999938964844,1987414
2011-10-24,256.90460205078125,336.8999938964844,338.5,328.0,330.0,2005654
2011-10-25,260.06915283203125,341.04998779296875,345.0,334.79998779296875,339.3500061035156,3466500
2011-10-28,267.6947021484375,351.04998779296875,360.0,346.20001220703125,347.0,3480175
2011-10-31,286.56793212890625,375.79998779296875,378.1499938964844,348.3500061035156,351.0,8016432
2011-11-01,295.9473876953125,388.1000061035156,393.25,371.20001220703125,371.3999938964844,9174039
2011-11-02,297.43438720703125,390.04998779296875,391.8999938964844,383.3999938964844,384.5,4872709
2011-11-03,291.4864196777344,382.25,387.54998779296875,379.8999938964844,387.54998779296875,7187338
2011-11-04,292.17901611328125,379.6499938964844,383.45001220703125,376.54998779296875,382.0,6162861
2011-11-08,292.98712158203125,380.70001220703125,386.3999938964844,377.6000061035156,377.6000061035156,4298936
2011-11-09,302.3763732910156,392.8999938964844,397.3999938964844,381.5,381.5,6574596
2011-11-11,304.4927673339844,395.6499938964844,398.20001220703125,387.95001220703125,390.25,7170102
2011-11-14,307.49420166015625,399.54998779296875,403.3500061035156,395.29998779296875,396.5,3232928
2011-11-15,301.18341064453125,391.3500061035156,399.45001220703125,389.70001220703125,399.0,1724676
2011-11-16,301.6067199707031,391.8999938964844,394.5,387.3500061035156,391.29998779296875,2297870
2011-11-17,300.68316650390625,390.70001220703125,394.70001220703125,389.1000061035156,392.75,1500384
2011-11-18,300.0290222167969,389.8500061035156,393.45001220703125,384.3500061035156,388.95001220703125,3435409
2011-11-21,300.2984313964844,390.20001220703125,393.0,387.6499938964844,389.0,2197774
2011-11-22,296.219482421875,384.8999938964844,392.0,383.75,390.95001220703125,3609814
2011-11-23,295.2575378417969,383.6499938964844,387.75,378.5,383.75,2879124
2011-11-24,296.2964782714844,385.0,387.0,379.0,383.70001220703125,1911340
2011-11-25,289.21612548828125,375.79998779296875,384.54998779296875,373.25,384.54998779296875,1709121
2011-11-28,293.9107360839844,381.8999938964844,383.8500061035156,376.75,376.75,2004148
2011-11-29,298.75909423828125,388.20001220703125,389.95001220703125,382.04998779296875,382.95001220703125,2414054
2011-11-30,305.6471252441406,397.1499938964844,401.0,387.1000061035156,387.79998779296875,4964804
2011-12-01,300.6062927246094,390.6000061035156,403.0,389.70001220703125,403.0,3180616
2011-12-02,303.91558837890625,394.8999938964844,397.3999938964844,391.3500061035156,393.3999938964844,2696779
2011-12-05,303.9925537109375,395.0,398.3999938964844,392.20001220703125,395.3500061035156,1116245
2011-12-07,305.33929443359375,396.75,400.04998779296875,393.3999938964844,395.0,1884018
2011-12-08,302.4148254394531,392.95001220703125,397.5,388.25,394.54998779296875,1886638
2011-12-09,296.8352355957031,385.70001220703125,390.95001220703125,384.6499938964844,390.3999938964844,1789135
2011-12-12,294.9881286621094,383.29998779296875,386.5,381.0,386.1499938964844,1926515
2011-12-13,297.1045227050781,386.04998779296875,388.0,381.75,385.0,944694
2011-12-14,295.8731689453125,384.45001220703125,392.45001220703125,382.3999938964844,385.04998779296875,1268518
2011-12-15,304.1465148925781,395.20001220703125,396.75,382.54998779296875,384.0,2848153
2011-12-16,302.29931640625,392.79998779296875,405.0,388.0,395.5,2709272
2011-12-19,304.9159851074219,396.20001220703125,399.20001220703125,388.5,393.5,1861261
2011-12-20,305.3008728027344,396.70001220703125,402.8999938964844,394.5,396.6000061035156,1722756
2011-12-21,308.9949035644531,401.5,404.6499938964844,397.6000061035156,402.0,2958318
2011-12-22,314.3050842285156,408.3999938964844,412.5,399.25,401.0,3480833
2011-12-23,316.8448181152344,411.70001220703125,414.8999938964844,408.5,410.0,2478598
2011-12-26,322.6167907714844,419.20001220703125,420.25,411.79998779296875,411.95001220703125,3210785
2011-12-27,320.7312927246094,416.75,420.04998779296875,415.04998779296875,419.0,1805252
2011-12-28,316.80633544921875,411.6499938964844,418.0,410.70001220703125,416.95001220703125,2100950
2011-12-29,318.84576416015625,414.29998779296875,416.75,407.1000061035156,411.75,3064284
2011-12-30,313.5354919433594,407.3999938964844,414.95001220703125,405.3500061035156,414.8999938964844,1008710
2012-01-02,309.68756103515625,402.3999938964844,410.0,401.5,408.1499938964844,772876
2012-01-03,313.958740234375,407.95001220703125,411.70001220703125,405.25,405.25,1521362
2012-01-04,304.3387756347656,395.45001220703125,407.6000061035156,392.75,407.6000061035156,2571970
2012-01-05,302.7226257324219,393.3500061035156,398.8500061035156,389.25,394.8999938964844,3679775
2012-01-06,305.37774658203125,396.79998779296875,399.6499938964844,388.3500061035156,393.75,1730249
2012-01-09,302.79962158203125,393.45001220703125,395.8500061035156,390.5,394.29998779296875,1662954
2012-01-10,304.3387756347656,395.45001220703125,399.0,391.70001220703125,393.5,1818282
2012-01-11,302.0684814453125,392.5,398.70001220703125,391.3500061035156,396.8500061035156,1313159
2012-01-12,303.2613525390625,394.04998779296875,397.1000061035156,388.5,393.75,2145254
2012-01-13,301.4143371582031,391.6499938964844,394.6000061035156,390.20001220703125,393.8999938964844,2414816
2012-01-16,297.33551025390625,386.3500061035156,391.0,385.0,391.0,2898804
2012-01-17,305.9934997558594,397.6000061035156,399.0,385.70001220703125,387.6000061035156,3985373
2012-01-18,301.8760681152344,392.25,399.5,388.5,399.5,1875310
2012-01-19,301.22186279296875,391.3999938964844,395.29998779296875,388.0,394.0,1924205
2012-01-20,301.0294494628906,391.1499938964844,393.6499938964844,389.3500061035156,392.0,1944382
2012-01-23,304.4927673339844,395.6499938964844,402.6499938964844,388.70001220703125,391.1499938964844,2009356
2012-01-24,302.53021240234375,393.1000061035156,399.45001220703125,392.0,399.3999938964844,1785375
2012-01-25,302.87652587890625,393.54998779296875,399.1000061035156,389.25,393.5,3214760
2012-01-27,300.10601806640625,389.95001220703125,399.95001220703125,384.1000061035156,399.95001220703125,3014531
2012-01-30,294.2569580078125,382.3500061035156,390.8999938964844,380.0,388.0,3357821
2012-01-31,291.6404113769531,378.95001220703125,384.0,374.3500061035156,384.0,5410046
2012-02-01,296.1041259765625,384.75,386.3500061035156,377.1499938964844,379.75,3629907
2012-02-02,300.68316650390625,390.70001220703125,393.45001220703125,385.20001220703125,386.0,3401946
2012-02-03,308.9179382324219,401.3999938964844,403.95001220703125,391.04998779296875,392.25,3661767
2012-02-06,297.8741455078125,387.04998779296875,410.8999938964844,384.6000061035156,405.8999938964844,8152556
2012-02-07,294.10302734375,382.1499938964844,388.0,378.0,388.0,6607892
2012-02-08,299.028564453125,388.54998779296875,389.8999938964844,382.5,383.0,2952882
2012-02-09,302.7226257324219,393.3500061035156,394.70001220703125,385.29998779296875,385.29998779296875,1611262
2012-02-10,298.1435852050781,387.3999938964844,395.0,385.75,393.0,1192722
2012-02-13,301.49127197265625,391.75,393.70001220703125,387.1000061035156,388.3999938964844,1329643
2012-02-14,301.56817626953125,391.8500061035156,393.0,388.5,391.20001220703125,1096306
2012-02-15,298.9899597167969,388.5,393.75,385.0,393.75,2772667
2012-02-16,295.5653381347656,384.04998779296875,389.0,383.1000061035156,389.0,1472742
2012-02-17,296.3734130859375,385.1000061035156,388.0,381.20001220703125,385.54998779296875,3128005
2012-02-21,293.94921875,381.95001220703125,388.3999938964844,381.04998779296875,386.79998779296875,2314496
2012-02-22,291.29412841796875,378.5,383.5,376.1000061035156,381.0,2030557
2012-02-23,298.75909423828125,388.20001220703125,389.45001220703125,377.1499938964844,377.1499938964844,2728135
2012-02-24,296.9891052246094,385.8999938964844,390.3999938964844,383.54998779296875,389.75,1728472
2012-02-27,292.4869689941406,380.04998779296875,390.79998779296875,377.6000061035156,388.8500061035156,2232300
2012-02-28,293.41046142578125,381.25,384.0,380.04998779296875,380.6499938964844,2574086
2012-02-29,292.602294921875,380.20001220703125,386.8500061035156,378.8500061035156,382.1499938964844,4159331
2012-03-01,292.71783447265625,380.3500061035156,382.8999938964844,377.29998779296875,379.5,1603552
2012-03-02,294.6417541503906,382.8500061035156,383.6499938964844,376.5,379.6499938964844,1316617
2012-03-05,294.4109191894531,382.54998779296875,383.25,377.20001220703125,380.0,765991
2012-03-06,292.602294921875,380.20001220703125,386.3999938964844,378.1000061035156,380.1000061035156,1464049
2012-03-07,296.2964782714844,385.0,386.0,378.29998779296875,381.25,1118547
2012-03-09,294.1800537109375,382.25,388.1000061035156,381.0,387.8500061035156,1401098
2012-03-12,292.8717956542969,380.54998779296875,385.0,380.0,383.5,766487
2012-03-13,293.8337097167969,381.79998779296875,385.79998779296875,380.6000061035156,381.0,890947
2012-03-14,293.6414489746094,381.54998779296875,386.0,380.6000061035156,384.79998779296875,1316660
2012-03-15,298.6822204589844,388.1000061035156,390.0,382.1000061035156,383.70001220703125,2310912
2012-03-16,300.2984313964844,390.20001220703125,391.95001220703125,383.1499938964844,389.8999938964844,2672919
2012-03-19,303.1073913574219,393.8500061035156,399.70001220703125,387.75,391.0,2963461
2012-03-20,304.3003234863281,395.3999938964844,398.8999938964844,392.6499938964844,395.1000061035156,2100522
2012-03-21,310.30322265625,403.20001220703125,404.5,395.1000061035156,395.20001220703125,3610315
2012-03-22,304.64666748046875,395.8500061035156,406.3500061035156,392.79998779296875,404.0,2497386
2012-03-23,310.22625732421875,403.1000061035156,407.0,396.5,396.5,3300855
2012-03-26,310.41864013671875,403.3500061035156,405.45001220703125,396.54998779296875,403.0,1925706
2012-03-27,320.19256591796875,416.04998779296875,417.70001220703125,403.0,404.79998779296875,4279621
2012-03-28,317.4604187011719,412.5,418.54998779296875,411.0,415.54998779296875,1830505
2012-03-29,314.2666931152344,408.3500061035156,414.54998779296875,406.20001220703125,411.0,2403473
2012-03-30,315.5749816894531,410.04998779296875,414.45001220703125,406.29998779296875,409.20001220703125,1963767
2012-04-02,312.1887512207031,405.6499938964844,408.95001220703125,404.1000061035156,408.20001220703125,1539502
2012-04-03,310.7265625,403.75,409.6499938964844,402.75,407.79998779296875,1308869
2012-04-04,307.2247314453125,399.20001220703125,404.29998779296875,398.0,404.0,1285156
2012-04-09,311.3037109375,404.5,406.20001220703125,400.0,401.29998779296875,1463760
2012-04-10,319.3460388183594,414.95001220703125,417.5,404.8500061035156,405.0,2726003
2012-04-11,320.6158447265625,416.6000061035156,420.8500061035156,410.1000061035156,413.25,1747310
2012-04-12,324.15606689453125,421.20001220703125,422.0,414.6000061035156,416.25,1678795
2012-04-13,327.1959228515625,425.1499938964844,428.3999938964844,422.8999938964844,424.0,891169
2012-04-16,324.19451904296875,421.25,425.8999938964844,420.3500061035156,424.75,722676
2012-04-17,324.9256286621094,422.20001220703125,425.45001220703125,419.3500061035156,421.0,1470364
2012-04-18,325.4259338378906,422.8500061035156,424.1000061035156,420.25,423.0,1749037
2012-04-19,327.4653625488281,425.5,430.5,420.6000061035156,423.5,2363011
2012-04-20,325.5413513183594,423.0,426.0,416.3999938964844,426.0,1990448
2012-04-23,321.00067138671875,417.1000061035156,424.3500061035156,416.0,422.3500061035156,498101
2012-04-24,323.61737060546875,420.5,423.3500061035156,416.3500061035156,417.8999938964844,1386044
2012-04-25,322.5399475097656,419.1000061035156,422.0,416.3999938964844,419.3500061035156,1021535
2012-04-26,319.1535949707031,414.70001220703125,419.8500061035156,412.25,418.1000061035156,2175667
2012-04-27,319.69232177734375,415.3999938964844,418.29998779296875,412.54998779296875,414.0,2408519
2012-04-30,321.3854675292969,417.6000061035156,421.3999938964844,414.3500061035156,417.6499938964844,2701937
2012-05-02,327.0805358886719,425.0,433.79998779296875,423.6000061035156,430.0,4465721
2012-05-03,334.58416748046875,434.75,435.5,422.5,422.5,6817254
2012-05-04,334.69952392578125,434.8999938964844,437.75,431.1499938964844,432.5,1828561
2012-05-07,330.8900451660156,429.95001220703125,434.0,425.0,429.54998779296875,1165490
2012-05-08,331.5826721191406,430.8500061035156,436.29998779296875,429.6000061035156,430.0,1505249
2012-05-09,332.89093017578125,432.54998779296875,435.70001220703125,426.6000061035156,430.5,1656021
2012-05-10,333.4296875,433.25,440.0,431.1000061035156,431.1000061035156,1652017
2012-05-11,332.5061950683594,432.04998779296875,435.0,431.3999938964844,435.0,1811513
2012-05-14,333.8914794921875,433.8500061035156,435.0,430.45001220703125,433.95001220703125,1208457
2012-05-15,332.8139953613281,432.45001220703125,433.79998779296875,431.54998779296875,432.0,1454395
2012-05-16,329.1969299316406,427.75,433.0,426.75,430.0,2094109
2012-05-17,330.8900451660156,429.95001220703125,435.29998779296875,426.20001220703125,428.70001220703125,2518722
2012-05-18,332.5061950683594,432.04998779296875,437.0,426.1499938964844,426.1499938964844,2121717
2012-05-21,328.00408935546875,426.20001220703125,433.95001220703125,425.0,431.20001220703125,914515
2012-05-22,326.1954650878906,423.8500061035156,429.3999938964844,422.3500061035156,428.3999938964844,1318747
2012-05-23,328.61968994140625,427.0,429.0,419.20001220703125,422.8999938964844,1594562
2012-05-24,326.849609375,424.70001220703125,428.0,420.79998779296875,428.0,1065218
2012-05-25,323.88671875,420.8500061035156,425.8999938964844,419.0,423.0,1174995
2012-05-28,321.26995849609375,417.45001220703125,421.45001220703125,413.20001220703125,420.5,1259996
2012-05-29,320.3465270996094,416.25,419.54998779296875,414.0,418.0,1147219
2012-05-30,325.1180419921875,422.45001220703125,423.3999938964844,414.04998779296875,416.0,1459824
2012-05-31,329.3893127441406,428.0,430.79998779296875,417.6499938964844,418.75,3840908
2012-06-01,322.8476867675781,419.5,433.0,417.8999938964844,428.3999938964844,1198654
2012-06-04,317.3835754394531,412.3999938964844,419.6000061035156,408.79998779296875,417.3999938964844,1053519
2012-06-05,313.4585266113281,407.29998779296875,415.95001220703125,406.1000061035156,414.5,1596568
2012-06-06,323.27099609375,420.04998779296875,425.6000061035156,409.1499938964844,409.1499938964844,5031386
2012-06-07,326.11846923828125,423.75,425.0,421.6499938964844,423.5,2861606
2012-06-08,330.3898010253906,429.29998779296875,431.25,422.29998779296875,422.54998779296875,2762193
2012-06-11,335.66156005859375,436.1499938964844,437.6499938964844,429.29998779296875,430.25,1765844
2012-06-12,332.89093017578125,432.54998779296875,435.5,430.25,434.95001220703125,2128965
2012-06-13,344.43499755859375,447.54998779296875,448.5,432.20001220703125,432.25,3034493
2012-06-14,339.24017333984375,440.79998779296875,449.70001220703125,440.04998779296875,446.0,1950641
2012-06-15,345.89727783203125,449.45001220703125,451.95001220703125,441.54998779296875,443.0,2487629
2012-06-18,343.58843994140625,446.45001220703125,453.79998779296875,443.75,450.0,1868135
2012-06-19,345.704833984375,449.20001220703125,452.95001220703125,445.0,445.0,1865944
2012-06-20,350.63031005859375,455.6000061035156,458.0,448.20001220703125,449.0,2265526
2012-06-21,354.1319580078125,460.1499938964844,464.70001220703125,452.75,453.04998779296875,1908311
2012-06-22,354.2474060058594,460.29998779296875,464.20001220703125,458.20001220703125,458.6000061035156,1112693
2012-06-25,354.054931640625,460.04998779296875,463.79998779296875,459.20001220703125,460.0,1042431
2012-06-26,346.8592834472656,450.70001220703125,458.70001220703125,448.1000061035156,458.25,2391622
2012-06-27,348.2060241699219,452.45001220703125,454.8999938964844,449.04998779296875,451.79998779296875,1547735
2012-06-28,347.5903625488281,451.6499938964844,454.70001220703125,449.54998779296875,452.5,2047672
2012-06-29,349.78375244140625,454.5,463.29998779296875,453.3500061035156,458.70001220703125,4480357
2012-07-02,343.7038879394531,446.6000061035156,456.6000061035156,445.54998779296875,453.25,1476506
2012-07-03,339.6634826660156,441.3500061035156,451.0,438.6000061035156,446.5,2158825
2012-07-04,340.1294250488281,437.95001220703125,441.0,434.70001220703125,439.8500061035156,1243347
2012-07-05,342.3817138671875,440.8500061035156,445.0,438.0,438.0,1228702
2012-07-06,346.4202575683594,446.04998779296875,448.0,441.0,441.0,1942688
2012-07-09,344.7893981933594,443.95001220703125,446.95001220703125,443.1000061035156,446.3999938964844,1006094
2012-07-10,346.692138671875,446.3999938964844,448.5,440.29998779296875,445.6000061035156,2182734
2012-07-11,342.80889892578125,441.3999938964844,446.54998779296875,438.3500061035156,446.0,2486849
2012-07-12,344.0127258300781,442.95001220703125,447.8999938964844,439.3500061035156,440.0,1698747
2012-07-13,342.5758361816406,441.1000061035156,445.29998779296875,440.5,442.6000061035156,823610
2012-07-16,342.6147155761719,441.1499938964844,445.6000061035156,439.3500061035156,442.0,1047284
2012-07-17,344.94464111328125,444.1499938964844,445.70001220703125,441.25,441.25,1194197
2012-07-18,346.6144104003906,446.29998779296875,447.3999938964844,443.04998779296875,445.8500061035156,1934268
2012-07-19,346.88623046875,446.6499938964844,449.0,444.20001220703125,448.79998779296875,1153087
2012-07-20,346.4202575683594,446.04998779296875,449.3999938964844,445.1499938964844,446.70001220703125,1922480
2012-07-23,344.0127258300781,442.95001220703125,446.0,441.45001220703125,445.5,1981053
2012-07-24,369.8360290527344,476.20001220703125,477.75,450.3500061035156,452.79998779296875,12434286
2012-07-25,360.71044921875,464.45001220703125,474.75,463.6000061035156,473.6499938964844,3588427
2012-07-26,358.691162109375,461.8500061035156,466.3999938964844,460.79998779296875,465.0,2844026
2012-07-27,360.82696533203125,464.6000061035156,468.5,463.1000061035156,464.0,3973735
2012-07-30,361.7200927734375,465.75,469.0,461.54998779296875,467.8999938964844,3988589
2012-07-31,362.96270751953125,467.3500061035156,469.70001220703125,464.95001220703125,465.1499938964844,5639186
2012-08-01,365.1373291015625,470.1499938964844,473.79998779296875,465.0,465.95001220703125,1493360
2012-08-02,363.8169860839844,468.45001220703125,473.79998779296875,466.6499938964844,470.3500061035156,1552143
2012-08-03,362.3802185058594,466.6000061035156,469.8500061035156,465.5,466.29998779296875,1784528
2012-08-06,362.96270751953125,467.3500061035156,470.0,465.5,468.25,988874
2012-08-07,364.943115234375,469.8999938964844,472.5,466.3999938964844,468.1000061035156,1946016
2012-08-08,370.57379150390625,477.1499938964844,478.95001220703125,469.29998779296875,470.0,1835156
2012-08-09,379.1944885253906,488.25,489.8500061035156,477.25,477.25,1705222
2012-08-10,386.5336608886719,497.70001220703125,498.5,485.95001220703125,486.04998779296875,1706786
2012-08-13,380.7865295410156,490.29998779296875,499.0,487.3999938964844,494.70001220703125,1442959
2012-08-14,385.1357116699219,495.8999938964844,497.1499938964844,488.6000061035156,492.0,646462
2012-08-16,384.24267578125,494.75,496.45001220703125,490.0,494.25,1459688
2012-08-17,390.96051025390625,503.3999938964844,505.45001220703125,493.54998779296875,494.95001220703125,2565741
2012-08-21,398.88226318359375,513.5999755859375,514.7999877929688,500.70001220703125,502.8999938964844,2584115
2012-08-22,398.2997741699219,512.8499755859375,515.0,510.1000061035156,512.0,1602330
2012-08-23,404.1634521484375,520.4000244140625,524.5,512.0999755859375,512.25,2546219
2012-08-24,402.2606201171875,517.9500122070312,528.0,516.3499755859375,519.9500122070312,3544251
2012-08-27,404.6683044433594,521.0499877929688,525.9500122070312,518.5999755859375,520.0,1680007
2012-08-28,407.03692626953125,524.0999755859375,525.7000122070312,519.2999877929688,521.0,1484882
2012-08-29,405.83319091796875,522.5499877929688,524.7999877929688,518.7999877929688,522.3499755859375,1550960
2012-08-30,410.609619140625,528.7000122070312,550.8499755859375,519.0499877929688,519.0499877929688,3526927
2012-08-31,400.0472717285156,515.0999755859375,529.4500122070312,514.0499877929688,527.9000244140625,3416287
2012-09-03,400.0472717285156,515.0999755859375,518.9000244140625,511.20001220703125,517.9500122070312,1740309
2012-09-04,404.6683044433594,521.0499877929688,522.4500122070312,514.0499877929688,514.0499877929688,1312288
2012-09-05,412.5511169433594,531.2000122070312,532.4500122070312,518.0499877929688,518.0499877929688,2837160
2012-09-06,408.8622741699219,526.4500122070312,533.5,523.5999755859375,531.0999755859375,1744174
2012-09-07,418.5700988769531,538.9500122070312,539.5,526.9000244140625,531.0,2340778
2012-09-10,415.618896484375,535.1500244140625,542.2999877929688,533.4000244140625,542.0,1855860
2012-09-11,413.0559997558594,531.8499755859375,539.0499877929688,530.0999755859375,534.4000244140625,1168093
2012-09-12,420.16229248046875,541.0,542.5,533.0,534.0,1763051
2012-09-13,424.86083984375,547.0499877929688,548.0,539.0499877929688,540.0,1786501
2012-09-14,425.6375732421875,548.0499877929688,554.7000122070312,545.5499877929688,552.0,3526275
2012-09-17,413.0559997558594,531.8499755859375,554.0499877929688,529.1500244140625,554.0,4246948
2012-09-18,413.48321533203125,532.4000244140625,537.9000244140625,528.2000122070312,531.0,3898228
2012-09-20,409.67767333984375,527.5,540.9500122070312,525.5,525.5,3448015
2012-09-21,411.3861389160156,529.7000122070312,536.7999877929688,528.2999877929688,531.2000122070312,3416021
2012-09-24,402.3382873535156,518.0499877929688,531.0499877929688,508.70001220703125,530.0,4620998
2012-09-25,410.3766174316406,528.4000244140625,530.0999755859375,511.3999938964844,518.0,2698327
2012-09-26,409.1727294921875,526.8499755859375,535.9000244140625,524.4000244140625,527.9000244140625,1743114
2012-09-27,417.63812255859375,537.75,540.0,527.6500244140625,529.9000244140625,2452894
2012-09-28,423.9288635253906,545.8499755859375,549.0,536.5499877929688,538.25,2379138
2012-10-01,421.5989990234375,542.8499755859375,546.2000122070312,541.5499877929688,543.0,726130
2012-10-03,431.4234619140625,555.5,557.7000122070312,542.25,542.25,1781389
2012-10-04,431.4234619140625,555.5,561.9000244140625,554.5,556.5,2203993
2012-10-05,439.1122741699219,565.4000244140625,568.7000122070312,444.45001220703125,559.0,3291190
2012-10-08,434.95709228515625,560.0499877929688,564.9000244140625,557.5499877929688,563.0499877929688,1027242
2012-10-09,441.7916564941406,568.8499755859375,570.5999755859375,561.25,561.25,1351313
2012-10-10,437.9473571777344,563.9000244140625,568.75,562.8499755859375,567.0,1058543
2012-10-11,443.73333740234375,571.3499755859375,572.9500122070312,558.75,566.75,1409055
2012-10-12,446.60675048828125,575.0499877929688,576.25,570.25,573.9500122070312,1314242
2012-10-15,449.324951171875,578.5499877929688,579.9000244140625,569.2000122070312,575.0,1092761
2012-10-16,445.98553466796875,574.25,580.4500122070312,568.6500244140625,578.5,1456748
2012-10-17,445.05352783203125,573.0499877929688,575.9000244140625,569.25,575.0499877929688,904193
2012-10-18,447.033935546875,575.5999755859375,580.0,571.0,573.2999877929688,979652
2012-10-19,440.00537109375,566.5499877929688,574.0499877929688,564.6500244140625,574.0,2057309
2012-10-22,442.2577209472656,569.4500122070312,572.0,565.25,566.6500244140625,1019679
2012-10-23,442.95672607421875,570.3499755859375,573.1500244140625,567.0,569.9000244140625,781659
2012-10-25,437.9862365722656,563.9500122070312,570.9500122070312,559.8499755859375,570.9500122070312,3283093
2012-10-29,424.084228515625,546.0499877929688,551.75,541.0499877929688,550.0,2311782
2012-10-30,427.6178894042969,550.5999755859375,554.2000122070312,543.3499755859375,545.7000122070312,1615935
2012-10-31,424.5113830566406,546.5999755859375,551.0499877929688,541.5,550.2000122070312,2000378
2012-11-01,427.174072265625,537.4500122070312,540.5999755859375,531.0,537.4000244140625,1843023
2012-11-02,423.6370544433594,533.0,541.4500122070312,532.2000122070312,541.4500122070312,2005259
2012-11-05,423.6370544433594,533.0,537.25,530.3499755859375,536.4000244140625,1500512
2012-11-06,423.5179138183594,532.8499755859375,535.0,526.5999755859375,530.5,1590975
2012-11-07,424.8691101074219,534.5499877929688,536.2999877929688,527.0999755859375,532.0999755859375,1835616
2012-11-08,423.9152526855469,533.3499755859375,536.9000244140625,530.5999755859375,532.25,1192259
2012-11-09,420.5771484375,529.1500244140625,536.4000244140625,525.7999877929688,532.3499755859375,1541504
2012-11-12,421.0936584472656,529.7999877929688,533.0999755859375,528.0,528.0499877929688,1292637
2012-11-15,424.27294921875,533.7999877929688,535.9500122070312,528.6500244140625,531.5,2065869
2012-11-16,414.0992736816406,521.0,533.9000244140625,516.5999755859375,532.4500122070312,1544605
2012-11-19,410.64190673828125,516.6500244140625,521.0,512.0999755859375,521.0,1503306
2012-11-20,413.4635009765625,520.2000122070312,522.9000244140625,514.5,517.8499755859375,1387806
2012-11-21,416.960693359375,524.5999755859375,526.1500244140625,517.6500244140625,518.5999755859375,1414178
2012-11-22,416.76190185546875,524.3499755859375,528.8499755859375,521.75,524.0999755859375,1068387
2012-11-23,421.4115905761719,530.2000122070312,532.5,524.2000122070312,526.5,1034970
2012-11-26,427.1343078613281,537.4000244140625,540.0,528.0999755859375,530.0,1089441
2012-11-27,430.5122985839844,541.6500244140625,543.9000244140625,537.2000122070312,537.5,1737783
2012-11-29,435.6785583496094,548.1500244140625,550.9000244140625,540.2000122070312,540.2000122070312,2396376
2012-11-30,427.6906433105469,538.0999755859375,549.7000122070312,536.0,548.0,2283393
2012-12-03,426.41900634765625,536.5,542.2999877929688,535.2000122070312,540.7999877929688,1541307
2012-12-04,424.1935729980469,533.7000122070312,538.0999755859375,532.0,536.0499877929688,710732
2012-12-05,422.6435546875,531.75,537.7999877929688,530.3499755859375,534.25,1159578
2012-12-06,425.42547607421875,535.25,537.0,522.3499755859375,533.0,2297890
2012-12-07,421.76922607421875,530.6500244140625,537.3499755859375,527.2999877929688,533.3499755859375,3273673
2012-12-10,425.1075744628906,534.8499755859375,536.5499877929688,531.0,531.0999755859375,1907839
2012-12-11,433.0954895019531,544.9000244140625,554.25,534.0999755859375,534.0999755859375,6021846
2012-12-12,421.0539855957031,529.75,546.5499877929688,528.0,545.5999755859375,6114128
2012-12-13,413.10577392578125,519.75,531.9500122070312,513.8499755859375,528.0,6190043
2012-12-14,410.64190673828125,516.6500244140625,524.2000122070312,513.5999755859375,520.0,2918226
2012-12-17,415.49029541015625,522.75,523.5499877929688,515.0,518.0,1515965
2012-12-18,417.07989501953125,524.75,525.5,517.25,523.7000122070312,1239848
2012-12-19,415.6493225097656,522.9500122070312,527.0,520.6500244140625,525.4500122070312,3281937
2012-12-20,423.3987121582031,532.7000122070312,534.25,520.9500122070312,522.0499877929688,2607533
2012-12-21,418.9874572753906,527.1500244140625,534.5,525.0999755859375,530.7000122070312,1643260
2012-12-24,422.6039123535156,531.7000122070312,536.5499877929688,524.2999877929688,528.0,974860
2012-12-26,416.0068664550781,523.4000244140625,530.75,522.2999877929688,529.2000122070312,1066122
2012-12-27,411.873779296875,518.2000122070312,525.0,515.75,525.0,3096975
2012-12-28,414.9736328125,522.0999755859375,523.0,516.9500122070312,519.7999877929688,1300009
2012-12-31,417.1593933105469,524.8499755859375,526.9000244140625,520.0499877929688,522.0999755859375,807948
2013-01-01,421.72955322265625,530.5999755859375,533.5,525.25,525.5499877929688,538696
2013-01-02,421.65008544921875,530.5,534.0,528.0499877929688,531.0999755859375,1523020
2013-01-03,423.1204528808594,532.3499755859375,533.7000122070312,526.5,532.0,1059032
2013-01-04,424.98828125,534.7000122070312,536.2999877929688,529.0999755859375,534.0,1159517
2013-01-07,417.596435546875,525.4000244140625,534.6500244140625,522.7999877929688,533.6500244140625,2310025
2013-01-08,417.67596435546875,525.5,527.0999755859375,520.0,523.0,1646596
2013-01-09,412.7480773925781,519.2999877929688,529.8499755859375,518.2000122070312,526.0,1566612
2013-01-10,410.6021728515625,516.5999755859375,521.9000244140625,513.7000122070312,520.0,1651086
2013-01-11,395.89801025390625,498.1000061035156,518.0,495.1000061035156,517.0,2134714
2013-01-14,401.62060546875,505.29998779296875,508.3999938964844,492.0,500.0,2522332
2013-01-15,400.3489990234375,503.70001220703125,508.29998779296875,497.6000061035156,504.95001220703125,2537955
2013-01-16,397.52740478515625,500.1499938964844,505.1000061035156,498.0,504.45001220703125,2197579
2013-01-17,397.8453674316406,500.54998779296875,504.54998779296875,496.6000061035156,498.04998779296875,2527307
2013-01-18,389.77789306640625,490.3999938964844,502.79998779296875,488.0,502.0,3953993
2013-01-21,395.2224426269531,497.25,499.8500061035156,482.3500061035156,490.04998779296875,4409836
2013-01-22,382.22723388671875,480.8999938964844,505.5,463.3999938964844,496.3999938964844,13295996
2013-01-23,365.6551818847656,460.04998779296875,463.6000061035156,447.8500061035156,451.20001220703125,18353640
2013-01-24,372.6098937988281,468.79998779296875,470.29998779296875,457.6499938964844,458.79998779296875,2986749
2013-01-25,378.73004150390625,476.5,477.8500061035156,466.45001220703125,468.5,3193879
2013-01-28,373.8419189453125,470.3500061035156,476.95001220703125,466.04998779296875,476.0,2867126
2013-01-29,372.4111633300781,468.54998779296875,471.8500061035156,465.25,468.0,2203760
2013-01-30,379.48504638671875,477.45001220703125,481.79998779296875,469.6000061035156,469.6000061035156,3235887
2013-01-31,376.7032470703125,473.95001220703125,479.1000061035156,470.0,473.1000061035156,2602245
2013-02-01,369.4703674316406,464.8500061035156,472.8500061035156,463.45001220703125,472.8500061035156,1778094
2013-02-04,371.25872802734375,467.1000061035156,469.5,459.6000061035156,466.1000061035156,2333391
2013-02-05,366.80780029296875,461.5,468.0,459.8999938964844,464.70001220703125,1464418
2013-02-06,361.0452880859375,454.25,463.3999938964844,451.1499938964844,462.54998779296875,2398688
2013-02-07,362.43621826171875,456.0,458.29998779296875,452.0,452.0,1306127
2013-02-08,359.81341552734375,452.70001220703125,457.5,449.5,455.04998779296875,2054421
2013-02-11,366.05267333984375,460.54998779296875,463.5,450.1000061035156,455.04998779296875,1687906
2013-02-12,365.61553955078125,460.0,464.25,457.5,457.5,1161048
2013-02-13,362.237548828125,455.75,460.0,453.6499938964844,460.0,1457944
2013-02-14,369.23187255859375,464.54998779296875,467.95001220703125,453.6000061035156,454.1499938964844,2698872
2013-02-15,367.2846374511719,462.1000061035156,467.79998779296875,460.1000061035156,463.6000061035156,1446219
2013-02-18,373.72271728515625,470.20001220703125,471.75,462.0,462.29998779296875,1116507
2013-02-19,378.80950927734375,476.6000061035156,477.8500061035156,469.45001220703125,472.0,1684526
2013-02-20,379.24658203125,477.1499938964844,478.70001220703125,471.95001220703125,477.0,1257057
2013-02-21,372.1726989746094,468.25,478.20001220703125,464.1499938964844,476.0,2049876
2013-02-22,361.9593505859375,455.3999938964844,467.1499938964844,454.0,467.0,2420050
2013-02-25,359.0185241699219,451.70001220703125,457.79998779296875,450.0,456.04998779296875,1483568
2013-02-26,359.33642578125,452.1000061035156,462.0,450.6000061035156,451.5,1591179
2013-02-27,360.25048828125,453.25,459.79998779296875,452.45001220703125,454.5,1530865
2013-02-28,352.14337158203125,443.04998779296875,458.0,435.0,455.3999938964844,3984567
2013-03-01,359.8927917480469,452.79998779296875,456.6499938964844,440.1499938964844,447.0,1620895
2013-03-04,350.4742736816406,440.95001220703125,451.95001220703125,440.0,450.3500061035156,2112775
2013-03-05,357.587890625,449.8999938964844,451.3999938964844,441.0,442.75,2602130
2013-03-06,350.1165771484375,440.5,451.0,439.1000061035156,450.25,3117341
2013-03-07,344.314453125,433.20001220703125,443.0,432.1499938964844,438.75,3510565
2013-03-08,347.9705810546875,437.79998779296875,439.70001220703125,433.20001220703125,434.75,3710974
2013-03-11,348.9641418457031,439.04998779296875,444.3999938964844,437.5,438.0,2172102
2013-03-12,353.2561340332031,444.45001220703125,448.5,439.29998779296875,440.0,3055791
2013-03-13,355.084228515625,446.75,450.0,443.6000061035156,444.0,1964447
2013-03-14,362.4760437011719,456.04998779296875,460.0,446.1000061035156,446.1000061035156,4887406
2013-03-15,364.5027770996094,458.6000061035156,464.0,455.54998779296875,457.95001220703125,5763799
2013-03-18,368.3576965332031,463.45001220703125,466.5,455.0,455.0,2315988
2013-03-19,360.4491271972656,453.5,467.6499938964844,452.5,467.04998779296875,3089196
2013-03-20,372.4906921386719,468.6499938964844,470.3500061035156,450.3999938964844,453.5,2681146
2013-03-21,366.2513732910156,460.79998779296875,472.0,457.29998779296875,468.8500061035156,3649437
2013-03-22,364.9001770019531,459.1000061035156,468.70001220703125,456.70001220703125,461.5,2023676
2013-03-25,366.6488342285156,461.29998779296875,465.0,458.3500061035156,463.1499938964844,1175950
2013-03-26,375.7096862792969,472.70001220703125,475.79998779296875,462.6000061035156,462.6000061035156,2577126
2013-03-28,371.1395263671875,466.95001220703125,472.45001220703125,462.8500061035156,471.0,5842644
2013-04-01,374.6366882324219,471.3500061035156,474.79998779296875,465.1000061035156,466.0,944417
2013-04-02,374.2789611816406,470.8999938964844,474.0,468.79998779296875,471.0,855108
2013-04-03,367.8409423828125,462.79998779296875,470.95001220703125,461.1000061035156,467.3999938964844,1700086
2013-04-04,373.6034851074219,470.04998779296875,471.70001220703125,461.54998779296875,461.54998779296875,1726008
2013-04-05,374.9148254394531,471.70001220703125,474.3999938964844,468.3500061035156,469.95001220703125,1372376
2013-04-08,379.8824462890625,477.95001220703125,479.3500061035156,471.0,471.0,1869019
2013-04-09,375.2725830078125,472.1499938964844,480.5,469.1499938964844,479.04998779296875,3098313
2013-04-10,371.93426513671875,467.95001220703125,477.0,465.20001220703125,477.0,2033464
2013-04-11,374.87506103515625,471.6499938964844,474.0,465.0,472.79998779296875,2194005
2013-04-12,380.75677490234375,479.04998779296875,480.0,468.1000061035156,468.1000061035156,1502206
2013-04-15,377.5377502441406,475.0,479.70001220703125,470.6000061035156,479.1000061035156,1378046
2013-04-16,386.12176513671875,485.79998779296875,487.0,471.5,473.0,1451228
2013-04-17,383.9360046386719,483.04998779296875,487.95001220703125,482.04998779296875,484.0,2711366
2013-04-18,384.0552978515625,483.20001220703125,487.5,481.25,482.3500061035156,2197874
2013-04-22,383.8167419433594,482.8999938964844,487.0,481.1499938964844,482.6000061035156,2283739
2013-04-23,380.9952087402344,479.3500061035156,489.5,477.6499938964844,482.0,1320840
2013-04-25,380.43890380859375,478.6499938964844,486.3500061035156,469.1000061035156,480.25,2833099
2013-04-26,369.6293640136719,465.04998779296875,477.3500061035156,462.70001220703125,477.3500061035156,2239631
2013-04-29,395.30194091796875,497.3500061035156,499.6499938964844,457.6000061035156,465.0,11096404
2013-04-30,464.0137634277344,583.7999877929688,597.0,547.0499877929688,547.0499877929688,19185543
2013-05-02,454.5157165527344,571.8499755859375,582.8499755859375,570.3499755859375,582.8499755859375,7162821
2013-05-03,454.9529113769531,572.4000244140625,577.5,570.5,570.5,2935748
2013-05-06,455.5489807128906,573.1500244140625,576.1500244140625,571.0999755859375,572.2000122070312,1541686
2013-05-07,460.4768371582031,579.3499755859375,581.4000244140625,572.5,573.0,1953522
2013-05-08,466.55718994140625,587.0,588.4000244140625,578.25,578.25,2665710
2013-05-09,464.8483581542969,584.8499755859375,588.0999755859375,584.0,588.0,1192515
2013-05-10,464.9676208496094,585.0,587.75,583.5499877929688,587.7000122070312,962470
2013-05-13,462.7420959472656,582.2000122070312,587.0,581.25,585.8499755859375,1858762
2013-05-14,464.0534973144531,583.8499755859375,585.0,581.5499877929688,582.4500122070312,762210
2013-05-15,465.364990234375,585.5,587.5999755859375,583.5499877929688,585.7000122070312,1871906
2013-05-16,463.1792907714844,582.75,585.8499755859375,582.0499877929688,583.0999755859375,3247546
2013-05-17,465.7624206542969,586.0,586.75,582.5,582.5,1493246
2013-05-20,466.08038330078125,586.4000244140625,587.8499755859375,585.0499877929688,586.0,1476948
2013-05-21,465.6034240722656,585.7999877929688,590.0,585.25,586.0,1565233
2013-05-22,465.0470886230469,585.0999755859375,585.5499877929688,584.0999755859375,584.0999755859375,1053010
2013-05-23,465.1661071777344,585.25,585.9000244140625,584.25,584.25,2498040
2013-05-24,465.88153076171875,586.1500244140625,587.0,585.1500244140625,586.0,1290939
2013-05-27,470.2133483886719,591.5999755859375,592.6500244140625,585.2000122070312,586.2000122070312,1185438
2013-05-28,470.0145568847656,591.3499755859375,592.2999877929688,589.0499877929688,592.0,826579
2013-05-29,472.2400817871094,594.1500244140625,594.9500122070312,590.0,591.5999755859375,898094
2013-05-30,473.3527526855469,595.5499877929688,596.5,591.0999755859375,591.0999755859375,2469202
2013-05-31,470.92877197265625,592.5,597.8499755859375,591.0999755859375,593.0499877929688,1683995
2013-06-03,470.6106262207031,592.0999755859375,593.8499755859375,588.25,588.25,1389907
2013-06-04,469.49810791015625,590.7000122070312,592.9500122070312,590.4000244140625,591.0,1301781
2013-06-05,469.18011474609375,590.2999877929688,591.75,589.5999755859375,590.75,1881857
2013-06-06,469.6172180175781,590.8499755859375,591.3499755859375,589.1500244140625,590.2999877929688,2907337
2013-06-07,469.85565185546875,591.1500244140625,592.2999877929688,590.5499877929688,590.5499877929688,982944
2013-06-10,471.08770751953125,592.7000122070312,594.0,591.0999755859375,591.0999755859375,824294
2013-06-11,471.7234191894531,593.5,594.75,592.0,592.2000122070312,1117140
2013-06-12,471.8427734375,593.6500244140625,594.7999877929688,593.0999755859375,594.7999877929688,733188
2013-06-13,472.6771545410156,594.7000122070312,595.0,592.0499877929688,594.0,1071002
2013-06-14,471.802978515625,593.5999755859375,595.0,592.6500244140625,595.0,1029944
2013-06-17,473.6311340332031,595.9000244140625,597.3499755859375,593.6500244140625,594.1500244140625,787063
2013-06-18,473.4323425292969,595.6500244140625,598.0499877929688,593.3499755859375,595.7000122070312,1831701
2013-06-19,472.717041015625,594.75,595.0,593.5,595.0,2962206
2013-06-20,471.5645751953125,593.2999877929688,595.0,592.5499877929688,594.5499877929688,2592060
2013-06-21,469.45831298828125,590.6500244140625,594.3499755859375,589.0499877929688,593.5,6623347
2013-06-24,464.1330261230469,583.9500122070312,591.75,581.5499877929688,590.0499877929688,8830754
2013-06-25,467.1533203125,587.75,588.9000244140625,581.0999755859375,581.0999755859375,4177811
2013-06-26,467.63018798828125,588.3499755859375,589.5,585.0999755859375,586.4000244140625,4619598
2013-06-27,468.1070861816406,588.9500122070312,590.5999755859375,587.0,588.5999755859375,15851546
2013-06-28,465.0867919921875,585.1500244140625,589.4500122070312,584.0,589.4500122070312,9787702
2013-07-01,466.8751220703125,587.4000244140625,588.5,583.2000122070312,584.2999877929688,7069503
2013-07-02,467.2327575683594,587.8499755859375,591.0999755859375,585.0999755859375,586.5,3265981
2013-07-03,467.2327575683594,587.8499755859375,596.5,582.5999755859375,585.0,2285572
2013-07-04,478.00262451171875,601.4000244140625,605.4000244140625,583.4000244140625,586.5499877929688,4840129
2013-07-05,484.3212585449219,609.3499755859375,632.0,605.0999755859375,624.0,4817710
2013-07-08,484.5995178222656,609.7000122070312,612.7999877929688,599.0,608.0,1783428
2013-07-09,480.8241882324219,604.9500122070312,611.8499755859375,604.0,610.4500122070312,1082343
2013-07-10,477.6130676269531,594.9500122070312,602.6500244140625,591.1500244140625,601.4500122070312,2245187
2013-07-11,482.5098571777344,601.0499877929688,603.0,593.75,597.9000244140625,1530058
2013-07-12,482.9513854980469,601.5999755859375,603.0,590.4500122070312,601.0,1379218
2013-07-15,493.06658935546875,614.2000122070312,618.0,598.75,600.0,2644608
2013-07-16,500.21124267578125,623.0999755859375,628.9000244140625,606.0,612.7000122070312,2228512
2013-07-17,549.9432983398438,685.0499877929688,699.3499755859375,618.6500244140625,623.0499877929688,18748031
2013-07-18,552.3515625,688.0499877929688,719.0999755859375,669.4000244140625,685.7999877929688,10021074
2013-07-19,550.7862548828125,686.0999755859375,708.7999877929688,678.2999877929688,694.7000122070312,8816903
2013-07-22,559.656982421875,697.1500244140625,701.0,680.4000244140625,684.7000122070312,1801410
2013-07-23,577.037109375,718.7999877929688,722.0,696.8499755859375,700.0,3299142
2013-07-24,569.5311279296875,709.4500122070312,725.0,705.25,718.0,3485015
2013-07-25,552.2713623046875,687.9500122070312,713.9000244140625,675.0999755859375,706.0,5550291
2013-07-26,532.8040161132812,663.7000122070312,681.1500244140625,648.4000244140625,679.5,8739293
2013-07-29,512.6141967773438,638.5499877929688,660.9500122070312,625.0999755859375,660.0999755859375,4161171
2013-07-30,503.342041015625,627.0,635.4000244140625,622.5999755859375,633.0,1857276
2013-07-31,491.7419738769531,612.5499877929688,625.0499877929688,605.25,621.25,4105005
2013-08-01,509.9248046875,635.2000122070312,641.4000244140625,608.3499755859375,609.0999755859375,2143419
2013-08-02,494.47149658203125,615.9500122070312,640.2000122070312,608.3499755859375,638.0,2783404
2013-08-05,496.75921630859375,618.7999877929688,627.8499755859375,615.1500244140625,620.0,1410809
2013-08-06,488.37017822265625,608.3499755859375,625.1500244140625,605.4500122070312,618.0,1203007
2013-08-07,484.23602294921875,603.2000122070312,611.9500122070312,595.9500122070312,606.5499877929688,2424701
2013-08-08,481.66717529296875,600.0,607.0999755859375,596.0999755859375,603.1500244140625,1718456
2013-08-12,494.2304382324219,615.6500244140625,620.2999877929688,600.0,600.0,1366927
2013-08-13,499.0069885253906,621.5999755859375,624.9000244140625,606.4000244140625,611.0,881909
2013-08-14,494.99310302734375,616.5999755859375,621.9500122070312,612.2999877929688,619.0,946392
2013-08-16,480.86431884765625,599.0,618.0,595.0,615.3499755859375,3009323
2013-08-19,473.0772705078125,589.2999877929688,602.5,583.3499755859375,597.0,1650465
2013-08-20,474.12078857421875,590.5999755859375,598.0,579.3499755859375,585.0,2575130
2013-08-21,473.1576232910156,589.4000244140625,606.8499755859375,583.25,595.0,2540740
2013-08-22,475.7666015625,592.6500244140625,599.3499755859375,578.9500122070312,587.0,1814279
2013-08-23,482.7509460449219,601.3499755859375,604.3499755859375,587.0999755859375,597.5,2360748
2013-08-26,488.4906921386719,608.5,616.5,600.0999755859375,606.0,1064662
2013-08-27,478.0946350097656,595.5499877929688,606.0,586.0999755859375,605.0,2297372
2013-08-28,477.2919616699219,594.5499877929688,602.7000122070312,579.5499877929688,589.0,2582899
2013-08-29,487.2865295410156,607.0,611.3499755859375,587.7000122070312,594.0,2485894
2013-08-30,506.9144592285156,631.4500122070312,638.75,600.2999877929688,602.0,2478561
2013-09-02,514.8218383789062,641.2999877929688,647.4000244140625,632.0,632.0,1133123
2013-09-03,492.38421630859375,613.3499755859375,644.0,608.0999755859375,641.0,1157960
2013-09-04,494.912841796875,616.5,624.7000122070312,604.0,611.0,959682
2013-09-05,504.1449279785156,628.0,631.7000122070312,616.2000122070312,618.9500122070312,725423
2013-09-06,495.7958679199219,617.5999755859375,635.2999877929688,610.0,629.7000122070312,1284157
2013-09-10,524.61572265625,653.5,659.4000244140625,623.0,623.0,2086680
2013-09-11,516.668212890625,643.5999755859375,652.5,635.1500244140625,648.25,1180964
2013-09-12,502.7801208496094,626.2999877929688,644.9500122070312,623.25,642.0,1123281
2013-09-13,499.12744140625,621.75,634.9500122070312,620.0,629.7000122070312,763618
2013-09-16,497.8028564453125,620.0999755859375,638.0999755859375,613.25,628.0499877929688,974416
2013-09-17,504.6665954589844,628.6500244140625,631.0,615.0,619.0,737567
2013-09-18,515.544189453125,642.2000122070312,644.7999877929688,624.5,626.0999755859375,927405
2013-09-19,543.962646484375,677.5999755859375,685.0,650.9500122070312,654.0,2061482
2013-09-20,522.64892578125,651.0499877929688,677.5999755859375,639.5,674.9000244140625,1951942
2013-09-23,515.8653564453125,642.5999755859375,664.75,634.0,644.5,1045119
2013-09-24,516.2667236328125,643.0999755859375,656.2000122070312,636.25,642.0,1425200
2013-09-25,508.6402893066406,633.5999755859375,649.7000122070312,622.6500244140625,642.0,1684929
2013-09-26,504.867431640625,628.9000244140625,636.0499877929688,621.1500244140625,636.0,2064365
2013-09-27,498.5254821777344,621.0,632.0,616.25,632.0,1214348
2013-09-30,503.7032775878906,627.4500122070312,631.8499755859375,619.0,621.0,1205277
2013-10-01,497.08026123046875,619.2000122070312,631.0,606.9500122070312,630.0,1766671
2013-10-03,489.4140319824219,609.6500244140625,620.0,603.25,620.0,4104263
2013-10-04,487.0859069824219,606.75,613.8499755859375,600.0,611.0,3274613
2013-10-07,490.577880859375,611.0999755859375,614.5499877929688,606.0,606.8499755859375,1100167
2013-10-08,489.4140319824219,609.6500244140625,614.7999877929688,606.25,612.9000244140625,1201322
2013-10-09,489.8553161621094,610.2000122070312,611.5,605.3499755859375,605.3499755859375,1564012
2013-10-10,482.7509460449219,601.3499755859375,614.9500122070312,598.2999877929688,611.0,1280329
2013-10-11,484.7978210449219,603.9000244140625,605.7000122070312,596.2999877929688,600.0,784119
2013-10-14,478.7770690917969,596.4000244140625,609.2999877929688,595.0,605.0,1010949
2013-10-15,483.8346252441406,602.7000122070312,604.75,592.25,597.0,1026466
2013-10-17,485.6809997558594,605.0,617.2999877929688,602.2000122070312,606.4000244140625,2169271
2013-10-18,486.56378173828125,606.0999755859375,610.0,602.5999755859375,609.8499755859375,1538435
2013-10-21,488.8921203613281,609.0,610.5,605.0499877929688,606.0,598633
2013-10-22,488.85198974609375,608.9500122070312,613.9000244140625,605.0,605.0,901297
2013-10-23,493.4277648925781,614.6500244140625,643.9000244140625,599.2000122070312,606.25,5484307
2013-10-24,489.2934875488281,609.5,621.4000244140625,607.0,615.0,1471598
2013-10-25,476.810302734375,593.9500122070312,607.7000122070312,592.0,605.0,1885723
2013-10-28,473.0372009277344,589.25,618.6500244140625,586.0999755859375,604.0,2756152
2013-10-29,485.4000549316406,604.6500244140625,607.0,589.5999755859375,589.5999755859375,1111250
2013-10-30,492.62506103515625,613.6500244140625,614.7999877929688,602.25,605.7000122070312,776963
2013-10-31,494.00189208984375,609.8499755859375,614.75,604.0999755859375,610.1500244140625,1568688
2013-11-01,493.23248291015625,608.9000244140625,615.0,605.25,605.25,636680
2013-11-05,482.74261474609375,595.9500122070312,607.0,595.0,602.5,754610
2013-11-06,476.38360595703125,588.0999755859375,595.2000122070312,586.0999755859375,592.0,895583
2013-11-07,477.88232421875,589.9500122070312,599.0,585.9000244140625,590.9500122070312,703382
2013-11-08,473.9941101074219,585.1500244140625,593.75,583.0,591.9500122070312,1157678
2013-11-11,465.8127746582031,575.0499877929688,587.2000122070312,572.7000122070312,587.2000122070312,1231490
2013-11-12,465.3266906738281,574.4500122070312,579.4000244140625,573.0,576.0,1193468
2013-11-13,472.0500183105469,582.75,590.8499755859375,572.3499755859375,576.9500122070312,1279188
2013-11-14,470.02496337890625,580.25,590.4500122070312,578.5999755859375,586.0,697871
2013-11-18,483.3094787597656,596.6500244140625,599.0,581.0,583.0,1229930
2013-11-19,479.7453308105469,592.25,597.0,590.0,595.0,416740
2013-11-20,471.0375061035156,581.5,595.0,580.0999755859375,591.0,688203
2013-11-21,465.1241455078125,574.2000122070312,583.5,572.5,579.9000244140625,1006746
2013-11-22,463.0179748535156,571.5999755859375,580.0,568.7999877929688,574.3499755859375,696111
2013-11-25,470.6324768066406,581.0,583.7999877929688,571.0,576.9000244140625,560878
2013-11-26,476.86981201171875,588.7000122070312,595.0,577.7000122070312,578.3499755859375,1913588
2013-11-27,472.85992431640625,583.75,590.0,581.3499755859375,587.9500122070312,1210047
2013-11-28,477.7202453613281,589.75,592.5,581.9000244140625,585.0,1302121
2013-11-29,481.77056884765625,594.75,598.0499877929688,590.0,590.0,749207
2013-12-02,471.5234375,582.0999755859375,597.8499755859375,580.5999755859375,597.8499755859375,1222387
2013-12-03,469.01239013671875,579.0,583.6500244140625,577.6500244140625,582.0,904361
2013-12-04,463.3421325683594,572.0,578.9000244140625,570.7999877929688,578.0,1511053
2013-12-05,457.9552917480469,565.3499755859375,576.9000244140625,564.0,574.3499755859375,1685322
2013-12-06,453.3381042480469,559.6500244140625,571.4000244140625,558.5,565.7000122070312,1930183
2013-12-09,453.4190979003906,559.75,570.4500122070312,554.5499877929688,570.0,2328730
2013-12-10,456.2137145996094,563.2000122070312,569.0,554.6500244140625,560.0,4237317
2013-12-11,458.0362243652344,565.4500122070312,569.75,561.2999877929688,565.0,1073885
2013-12-12,455.8492126464844,562.75,568.0999755859375,560.6500244140625,565.0,807089
2013-12-13,454.3100891113281,560.8499755859375,563.0,558.0,560.9500122070312,803775
2013-12-16,451.353515625,557.2000122070312,564.0,552.3499755859375,562.25,1176141
2013-12-17,451.0699768066406,556.8499755859375,559.7999877929688,554.3499755859375,557.5,1130610
2013-12-18,452.0419616699219,558.0499877929688,561.0,552.5,555.25,1029818
2013-12-19,449.531005859375,554.9500122070312,562.9000244140625,551.7999877929688,560.0,870189
2013-12-20,460.6690368652344,568.7000122070312,569.75,551.7999877929688,554.0,1130685
2013-12-23,457.8338623046875,565.2000122070312,571.0499877929688,564.0499877929688,567.0,497585
2013-12-24,457.7527770996094,565.0999755859375,570.0,563.9000244140625,566.0,534468
2013-12-26,456.53778076171875,563.5999755859375,569.5,561.9000244140625,564.0,2061908
2013-12-27,460.70941162109375,568.75,572.9000244140625,562.0,563.5499877929688,741157
2013-12-30,464.43560791015625,573.3499755859375,576.9000244140625,568.7000122070312,571.25,758816
2013-12-31,462.24859619140625,570.6500244140625,576.8499755859375,568.3499755859375,576.8499755859375,382527
2014-01-01,463.6255187988281,572.3499755859375,574.4000244140625,569.2999877929688,570.6500244140625,251204
2014-01-02,455.5657653808594,562.4000244140625,575.75,558.5999755859375,571.0,531660
2014-01-03,457.67181396484375,565.0,567.4000244140625,558.0499877929688,560.0,1018173
2014-01-06,456.456787109375,563.5,567.7999877929688,560.2000122070312,567.0,603727
2014-01-07,452.77105712890625,558.9500122070312,565.9000244140625,556.0,563.0,605461
2014-01-08,452.93304443359375,559.1500244140625,562.1500244140625,557.0,558.0,564149
2014-01-09,448.8829345703125,554.1500244140625,560.0,553.7999877929688,560.0,854783
2014-01-10,445.3592529296875,549.7999877929688,556.9500122070312,548.4000244140625,555.3499755859375,985783
2014-01-13,442.0381164550781,545.7000122070312,552.0,543.5,550.0,1488598
2014-01-14,436.124755859375,538.4000244140625,548.9000244140625,537.2000122070312,545.0999755859375,925057
2014-01-15,441.6329650878906,545.2000122070312,546.2000122070312,538.0999755859375,538.5,2060042
2014-01-16,447.2222595214844,552.0999755859375,552.6500244140625,544.25,545.0,1221864
2014-01-17,452.7306213378906,558.9000244140625,563.0,552.5,553.0,1475015
2014-01-20,449.6524658203125,555.0999755859375,562.2999877929688,548.2999877929688,559.9000244140625,1549558
2014-01-21,453.4596252441406,559.7999877929688,561.0,548.7999877929688,555.7999877929688,1927455
2014-01-22,458.8463439941406,566.4500122070312,567.8499755859375,552.9000244140625,561.9500122070312,1892894
2014-01-23,459.3728332519531,567.0999755859375,570.0,560.1500244140625,567.0,856175
2014-01-24,458.3197937011719,565.7999877929688,568.8499755859375,556.5999755859375,563.0,2366263
2014-01-27,465.9747619628906,575.25,584.9000244140625,555.0999755859375,563.4000244140625,3220246
2014-01-28,461.47900390625,569.7000122070312,581.6500244140625,554.5,581.0,4204432
2014-01-29,461.3979187011719,569.5999755859375,574.7999877929688,563.5499877929688,569.0,1073771
2014-01-30,462.0458984375,570.4000244140625,572.7999877929688,559.7000122070312,563.5499877929688,1287033
2014-01-31,461.8030090332031,570.0999755859375,573.7999877929688,565.0,569.0,1059275
2014-02-03,461.51947021484375,569.75,574.25,564.7999877929688,569.0999755859375,747170
2014-02-04,461.9244689941406,570.25,573.2000122070312,565.2999877929688,568.0999755859375,1891501
2014-02-05,461.7220153808594,570.0,571.2000122070312,561.5999755859375,570.0499877929688,2423902
2014-02-06,475.1282043457031,586.5499877929688,588.2000122070312,568.2999877929688,570.0,1720369
2014-02-07,467.9188537597656,577.6500244140625,589.6500244140625,574.9500122070312,587.4000244140625,927008
2014-02-10,456.8616943359375,564.0,579.75,562.6500244140625,575.6500244140625,1255220
2014-02-11,455.606201171875,562.4500122070312,569.3499755859375,561.7999877929688,565.0,1580976
2014-02-12,461.27642822265625,569.4500122070312,570.3499755859375,563.4000244140625,564.8499755859375,1646508
2014-02-13,451.3938903808594,557.25,572.0,555.5499877929688,572.0,486480
2014-02-14,453.8241882324219,560.25,563.4500122070312,553.2999877929688,557.0,749383
2014-02-17,453.8241882324219,560.25,566.0,558.0,558.0,380480
2014-02-18,455.4442443847656,562.25,566.0,559.9500122070312,560.0,237065
2014-02-19,452.5687255859375,558.7000122070312,562.8499755859375,557.1500244140625,562.5,456096
2014-02-20,448.8018493652344,554.0499877929688,558.9000244140625,553.0999755859375,558.0999755859375,651988
2014-02-21,449.85491943359375,555.3499755859375,557.4000244140625,551.8499755859375,557.4000244140625,669715
2014-02-24,449.4905700683594,554.9000244140625,557.7000122070312,553.2000122070312,555.25,540669
2014-02-25,449.12579345703125,554.4500122070312,556.9000244140625,553.0,555.5,541460
2014-02-26,449.36895751953125,554.75,559.5,553.2000122070312,554.0,1012749
2014-02-28,444.9136962890625,549.25,556.0,542.3499755859375,554.0,1797780
2014-03-03,440.0130310058594,543.2000122070312,550.9500122070312,542.0,550.0,608894
2014-03-04,449.4905700683594,554.9000244140625,556.0,544.0,544.0,734703
2014-03-05,446.4932556152344,551.2000122070312,559.0,549.75,555.5999755859375,621406
2014-03-06,444.7516784667969,549.0499877929688,554.5499877929688,547.4000244140625,552.5999755859375,1020063
2014-03-07,445.8453369140625,550.4000244140625,554.4500122070312,547.2000122070312,550.5,1001114
2014-03-10,451.353515625,557.2000122070312,559.7999877929688,548.75,552.0,1663986
2014-03-11,453.9050598144531,560.3499755859375,564.9000244140625,552.6500244140625,558.7999877929688,1920661
2014-03-12,453.8241882324219,560.25,565.5999755859375,558.0,564.0,971639
2014-03-13,455.1201171875,561.8499755859375,567.2000122070312,559.25,561.0,1055369
2014-03-14,448.477783203125,553.6500244140625,562.0,551.5499877929688,561.8499755859375,1243425
2014-03-18,450.4219665527344,556.0499877929688,560.0,550.5999755859375,554.0,1464949
2014-03-19,454.9176025390625,561.5999755859375,562.0999755859375,554.6500244140625,558.0999755859375,1164209
2014-03-20,463.78753662109375,572.5499877929688,574.2999877929688,561.5499877929688,561.5999755859375,1434348
2014-03-21,463.09912109375,571.7000122070312,580.7000122070312,570.0999755859375,577.7000122070312,2669144
2014-03-24,471.72589111328125,582.3499755859375,584.0,574.1500244140625,575.0,944114
2014-03-25,480.1504211425781,592.75,594.4000244140625,577.5,583.0,1319832
2014-03-26,479.1783447265625,591.5499877929688,599.4000244140625,588.3499755859375,593.0,1208051
2014-03-27,485.8611755371094,599.7999877929688,603.0,590.0499877929688,592.0,2475382
2014-03-28,485.8611755371094,599.7999877929688,604.0,590.2999877929688,600.0999755859375,949077
2014-03-31,490.51885986328125,605.5499877929688,608.8499755859375,595.0,600.0,1090563
2014-04-01,487.4407653808594,601.75,607.9500122070312,595.3499755859375,605.0,716986
2014-04-02,481.64898681640625,594.5999755859375,605.9000244140625,588.0,604.0,2765610
2014-04-03,491.1263122558594,606.2999877929688,612.0,590.3499755859375,590.3499755859375,736770
2014-04-04,490.31634521484375,605.2999877929688,613.5,602.5,611.0,877772
2014-04-07,489.9114074707031,604.7999877929688,609.0499877929688,596.0499877929688,605.2999877929688,1601644
2014-04-09,493.3946228027344,609.0999755859375,611.5,599.5499877929688,604.0,774135
2014-04-10,500.5227966308594,617.9000244140625,619.7999877929688,604.4500122070312,607.9000244140625,1164071
2014-04-11,493.6374816894531,609.4000244140625,619.5,606.25,613.0,713696
2014-04-15,495.86517333984375,612.1500244140625,614.7000122070312,594.1500244140625,609.0,938013
2014-04-16,492.1389465332031,607.5499877929688,619.2000122070312,606.0,610.0,1340297
2014-04-17,493.6779479980469,609.4500122070312,613.8499755859375,601.5499877929688,607.1500244140625,1052882
2014-04-21,485.2940673828125,599.0999755859375,610.9000244140625,596.5,606.3499755859375,1190995
2014-04-22,483.1474304199219,596.4500122070312,604.0,593.5499877929688,599.0,871928
2014-04-23,482.37799072265625,595.5,599.0999755859375,593.0,596.4500122070312,1408755
2014-04-24,482.37799072265625,595.5,595.5,595.5,595.5,0
2014-04-25,470.5514221191406,580.9000244140625,598.9500122070312,577.5999755859375,592.3499755859375,973004
2014-04-28,470.6324768066406,581.0,592.0,567.5,580.9000244140625,2948014
2014-04-29,455.606201171875,562.4500122070312,582.0999755859375,560.5999755859375,581.0,1464745
2014-04-30,459.6970520019531,567.5,572.1500244140625,556.0,560.2999877929688,1680382
2014-05-02,455.3632507324219,562.1500244140625,575.5999755859375,561.2000122070312,569.75,665237
2014-05-05,451.3130187988281,557.1500244140625,562.3499755859375,556.5,560.3499755859375,683052
2014-05-06,448.5184020996094,553.7000122070312,561.7999877929688,552.7999877929688,559.0,550299
2014-05-07,448.0727844238281,553.1500244140625,558.4500122070312,551.4500122070312,553.0,1299628
2014-05-08,447.3842468261719,552.2999877929688,558.9000244140625,551.0,552.0,885656
2014-05-09,450.62445068359375,556.2999877929688,560.0,550.25,552.0,1133925
2014-05-12,462.9368896484375,571.5,573.0,555.5499877929688,555.5499877929688,852578
2014-05-13,467.8782653808594,577.5999755859375,579.9000244140625,569.0,574.0,1328341
2014-05-14,467.7972717285156,577.5,581.9000244140625,575.0,579.5,660415
2014-05-15,477.0721740722656,588.9500122070312,590.2000122070312,577.5,577.5,1239775
2014-05-16,470.389404296875,580.7000122070312,608.0,574.0999755859375,599.8499755859375,2603086
2014-05-19,450.2193603515625,555.7999877929688,594.0,551.5499877929688,594.0,2026178
2014-05-20,455.72760009765625,562.5999755859375,569.9500122070312,555.0499877929688,556.0,1281049
2014-05-21,454.7152099609375,561.3499755859375,565.4000244140625,557.7000122070312,565.4000244140625,923443
2014-05-22,455.9707336425781,562.9000244140625,566.0,560.0,566.0,963817
2014-05-23,454.8367004394531,561.5,570.3499755859375,559.0,564.0,1759792
2014-05-26,453.5001525878906,559.8499755859375,564.8499755859375,556.0,562.0999755859375,1826156
2014-05-27,453.7431335449219,560.1500244140625,562.75,557.3499755859375,557.3499755859375,1168048
2014-05-28,455.1607666015625,561.9000244140625,564.5,558.0,560.5,1122941
2014-05-29,450.7460021972656,556.4500122070312,564.5,555.0,561.0,2153741
2014-05-30,488.7366943359375,603.3499755859375,615.0,553.3499755859375,555.5499877929688,10941938
2014-06-02,486.8332214355469,601.0,612.0,588.3499755859375,612.0,1608573
2014-06-03,480.71734619140625,593.4500122070312,605.4500122070312,590.0999755859375,602.9500122070312,909772
2014-06-04,490.03289794921875,604.9500122070312,609.5,591.0999755859375,594.9500122070312,1968687
2014-06-05,510.4051818847656,630.0999755859375,637.9000244140625,605.9500122070312,606.0,3424990
2014-06-06,518.38427734375,639.9500122070312,645.9500122070312,620.2000122070312,637.0,2497145
2014-06-09,512.5115356445312,632.7000122070312,644.0,629.3499755859375,637.0,962350
2014-06-10,518.6272583007812,640.25,643.9000244140625,627.0,631.0,1302795
2014-06-11,512.9716186523438,625.8499755859375,640.9000244140625,619.3499755859375,640.0,1343543
2014-06-12,516.4551391601562,630.0999755859375,632.0999755859375,619.0,627.7999877929688,786932
2014-06-13,520.4302978515625,634.9500122070312,640.8499755859375,623.5999755859375,631.75,992552
2014-06-16,520.2665405273438,634.75,641.0,631.0499877929688,640.0,1144913
2014-06-17,516.6600341796875,630.3499755859375,634.4000244140625,626.4500122070312,632.1500244140625,742699
2014-06-18,507.2342224121094,618.8499755859375,632.5499877929688,617.2999877929688,630.5,804157
2014-06-19,512.8896484375,625.75,629.2999877929688,619.0,622.0,848937
2014-06-20,511.70123291015625,624.2999877929688,629.9500122070312,620.0499877929688,622.0,1093696
2014-06-23,506.25067138671875,617.6500244140625,626.0,610.7999877929688,625.0499877929688,796813
2014-06-24,505.10321044921875,616.25,624.0,613.4500122070312,617.2000122070312,634721
2014-06-25,512.5208129882812,625.2999877929688,626.9000244140625,612.3499755859375,616.0,584342
2014-06-26,507.0703430175781,618.6500244140625,629.0,612.5,627.0,1605621
2014-06-27,505.22607421875,616.4000244140625,621.7000122070312,612.0,617.0999755859375,805135
2014-06-30,508.4635925292969,620.3499755859375,623.9000244140625,617.0999755859375,618.0,732790
2014-07-01,515.4307250976562,628.8499755859375,634.4000244140625,616.5499877929688,622.0,650958
2014-07-02,517.3157958984375,631.1500244140625,633.7999877929688,626.0499877929688,633.7999877929688,777572
2014-07-03,511.53729248046875,624.0999755859375,631.7000122070312,621.0999755859375,631.1500244140625,607875
2014-07-04,512.39794921875,625.1500244140625,629.9000244140625,618.3499755859375,624.0999755859375,687234
2014-07-07,514.4061279296875,627.5999755859375,630.0,618.4000244140625,626.0,1083261
2014-07-08,514.2012329101562,627.3499755859375,633.5,622.0,627.0,1082625
2014-07-09,516.2501831054688,629.8499755859375,634.7000122070312,625.0,629.9500122070312,942571
2014-07-10,517.889404296875,631.8499755859375,638.0,615.0499877929688,628.0499877929688,1090386
2014-07-11,526.0859375,641.8499755859375,646.8499755859375,625.0,627.0,1918406
2014-07-14,510.5945739746094,622.9500122070312,644.5999755859375,620.4000244140625,644.0,672948
2014-07-15,507.2752380371094,618.9000244140625,628.7999877929688,616.4000244140625,623.25,649427
2014-07-16,509.2422790527344,621.2999877929688,627.8499755859375,617.5,623.7000122070312,878909
2014-07-17,513.791259765625,626.8499755859375,627.9000244140625,620.2000122070312,622.9500122070312,418199
2014-07-18,510.225830078125,622.5,625.5,621.0,625.5,352617
2014-07-21,514.3650512695312,627.5499877929688,630.0,620.0499877929688,623.4000244140625,385658
2014-07-22,519.3238525390625,633.5999755859375,636.9500122070312,626.1500244140625,626.1500244140625,636191
2014-07-23,519.7335205078125,634.0999755859375,637.4000244140625,631.0999755859375,636.9000244140625,494833
2014-07-24,526.9466552734375,642.9000244140625,644.75,631.0999755859375,635.0,731990
2014-07-25,544.0359497070312,663.75,667.0,640.0,642.9000244140625,1747468
2014-07-28,562.9288330078125,686.7999877929688,691.7000122070312,654.3499755859375,663.9500122070312,3856792
2014-07-30,569.3629150390625,694.6500244140625,701.2999877929688,671.8499755859375,689.9000244140625,3684780
2014-07-31,562.7648315429688,686.5999755859375,697.5499877929688,680.0,690.0499877929688,2494692
2014-08-01,568.4613037109375,693.5499877929688,702.0,678.0,678.0,1905650
2014-08-04,573.4611206054688,699.6500244140625,705.9000244140625,693.25,697.0,1290311
2014-08-05,577.7232055664062,704.8499755859375,709.5999755859375,697.7999877929688,699.0,863275
2014-08-06,580.1821899414062,707.8499755859375,732.0,703.0499877929688,703.0499877929688,2052184
2014-08-07,575.3463745117188,701.9500122070312,708.2000122070312,699.2999877929688,707.0,634909
2014-08-08,575.4282836914062,702.0499877929688,703.5,695.9500122070312,699.0499877929688,747151
2014-08-11,572.0678100585938,697.9500122070312,706.0,694.2999877929688,702.0999755859375,872217
2014-08-12,574.4857177734375,700.9000244140625,702.9000244140625,692.5,702.9000244140625,811743
2014-08-13,589.0751342773438,718.7000122070312,721.7000122070312,700.0,700.9500122070312,1673439
2014-08-14,585.673828125,714.5499877929688,725.9500122070312,709.3499755859375,722.0,845235
2014-08-18,594.0751342773438,724.7999877929688,736.7999877929688,716.0999755859375,721.0,959536
2014-08-19,589.77197265625,719.5499877929688,731.0,715.0999755859375,719.0999755859375,735686
2014-08-20,583.4608154296875,711.8499755859375,721.0,709.5,719.5,765917
2014-08-21,582.2310791015625,710.3499755859375,718.5999755859375,709.0499877929688,709.7999877929688,553719
2014-08-22,577.1904907226562,704.2000122070312,712.7999877929688,701.3499755859375,711.9500122070312,455143
2014-08-25,587.4361572265625,716.7000122070312,721.4500122070312,704.2000122070312,708.2000122070312,641018
2014-08-26,596.1650390625,727.3499755859375,730.8499755859375,717.6500244140625,718.9500122070312,1238950
2014-08-27,602.3123779296875,734.8499755859375,739.5499877929688,723.4000244140625,727.0,1153834
2014-08-28,608.541748046875,742.4500122070312,744.9000244140625,734.0499877929688,736.0,1937220
2014-09-01,606.861328125,740.4000244140625,747.25,736.0,743.9000244140625,515912
2014-09-02,600.5503540039062,732.7000122070312,740.1500244140625,730.0,740.0,598031
2014-09-03,600.6322021484375,732.7999877929688,738.9000244140625,730.25,733.5,814185
2014-09-04,604.1565551757812,737.0999755859375,742.8499755859375,730.5,733.0,1005897
2014-09-05,601.4108276367188,733.75,742.2000122070312,732.8499755859375,736.4000244140625,692424
2014-09-08,611.2874145507812,745.7999877929688,748.9500122070312,733.75,736.0,978707
2014-09-09,616.2872314453125,751.9000244140625,756.0999755859375,744.0499877929688,745.7999877929688,726165
2014-09-10,613.9921875,749.0999755859375,753.0,746.0,749.4000244140625,437341
2014-09-11,619.3199462890625,755.5999755859375,764.4500122070312,748.0,748.0,1149885
2014-09-12,620.8771362304688,757.5,762.9000244140625,752.9000244140625,752.9000244140625,479493
2014-09-15,618.7052612304688,754.8499755859375,757.5,748.5,757.5,473333
2014-09-16,619.647705078125,756.0,759.7999877929688,748.75,750.5999755859375,563960
2014-09-17,618.5413818359375,754.6500244140625,760.8499755859375,752.75,759.0,1071944
2014-09-18,614.443115234375,749.6500244140625,754.4000244140625,739.4500122070312,753.0,1837614
2014-09-19,604.279541015625,737.25,751.4000244140625,730.0499877929688,750.7999877929688,1576310
2014-09-22,607.9270629882812,741.7000122070312,746.0499877929688,721.8499755859375,737.0,1225660
2014-09-23,608.2138061523438,742.0499877929688,755.0,736.1500244140625,741.0,934119
2014-09-24,626.2869262695312,764.0999755859375,766.7999877929688,743.0,743.0,1117480
2014-09-25,622.3936157226562,759.3499755859375,771.9000244140625,756.1500244140625,767.9500122070312,1192497
2014-09-26,615.91845703125,751.4500122070312,759.9000244140625,745.25,758.1500244140625,759343
2014-09-29,611.8612060546875,746.5,753.0,735.5,750.0,733781
2014-09-30,611.451416015625,746.0,751.7999877929688,740.0,746.0,1063690
2014-10-01,603.3779296875,736.1500244140625,748.75,733.5499877929688,745.0,478021
2014-10-07,603.0911865234375,735.7999877929688,744.6500244140625,725.0,733.4000244140625,801424
2014-10-08,602.23046875,734.75,744.0,728.4000244140625,732.0499877929688,951087
2014-10-09,605.7958374023438,739.0999755859375,743.9500122070312,729.5,735.0,622940
2014-10-10,590.4275512695312,720.3499755859375,736.7999877929688,718.6500244140625,734.3499755859375,503359
2014-10-13,590.4686279296875,720.4000244140625,724.7999877929688,714.2000122070312,718.0,495344
2014-10-14,599.361572265625,731.25,736.0,716.5999755859375,720.5499877929688,553144
2014-10-15,599.361572265625,731.25,731.25,731.25,731.25,0
2014-10-16,598.8290405273438,730.5999755859375,745.5999755859375,725.0,726.0499877929688,1241581
2014-10-17,595.3045043945312,726.2999877929688,740.9500122070312,723.0,732.0,680260
2014-10-20,603.7057495117188,736.5499877929688,739.4000244140625,728.0499877929688,732.0,453075
2014-10-21,614.525146484375,749.75,754.0,730.8499755859375,738.5,554039
2014-10-22,620.7952880859375,757.4000244140625,760.0,748.0499877929688,753.9000244140625,436776
2014-10-27,590.5095825195312,720.4500122070312,766.0499877929688,715.5,765.0,2949098
2014-10-28,587.7228393554688,717.0499877929688,719.2999877929688,707.1500244140625,716.0,1254748
2014-10-29,593.3782958984375,723.9500122070312,726.9500122070312,712.7999877929688,722.0,962919
2014-10-30,599.6485595703125,731.5999755859375,734.8499755859375,717.6500244140625,722.0,1249596
2014-10-31,610.1854858398438,738.3499755859375,742.0,722.0999755859375,728.7000122070312,1083674
2014-11-03,611.4251098632812,739.8499755859375,743.0,728.75,735.0499877929688,733227
2014-11-05,617.9537353515625,747.75,750.0,738.0999755859375,739.0,746808
2014-11-07,629.3170776367188,761.5,763.4500122070312,747.25,750.0,881926
2014-11-10,637.1680297851562,771.0,774.0,759.9500122070312,760.0,768076
2014-11-11,638.2422485351562,772.2999877929688,776.75,764.7999877929688,773.0,713634
2014-11-12,636.341552734375,770.0,772.9000244140625,763.5,772.0,750579
2014-11-13,631.6723022460938,764.3499755859375,773.8499755859375,761.25,768.0,1157538
2014-11-14,624.895751953125,756.1500244140625,763.9500122070312,753.5499877929688,763.0,409119
2014-11-17,625.763427734375,757.2000122070312,765.2999877929688,750.0,756.1500244140625,586703
2014-11-18,621.3419189453125,751.8499755859375,758.9500122070312,750.0,755.2000122070312,448206
2014-11-19,628.2425537109375,760.2000122070312,766.7999877929688,752.2000122070312,754.4000244140625,941820
2014-11-20,629.1102905273438,761.25,765.0,755.0999755859375,761.4000244140625,853211
2014-11-21,622.2924194335938,753.0,762.7000122070312,751.8499755859375,759.0,687247
2014-11-24,619.895751953125,750.0999755859375,756.5,746.0,755.5,540115
2014-11-25,632.7880859375,765.7000122070312,774.9000244140625,747.0999755859375,750.0999755859375,1503248
2014-11-26,636.135009765625,769.75,771.75,762.5,765.0,685238
2014-11-27,652.9111938476562,790.0499877929688,792.7000122070312,766.7999877929688,771.0,1180496
2014-11-28,649.6468505859375,786.0999755859375,798.8499755859375,783.0999755859375,794.0,811909
2014-12-01,668.2825927734375,808.6500244140625,814.8499755859375,783.9500122070312,786.0,1200960
2014-12-02,665.9273681640625,805.7999877929688,817.1500244140625,804.25,811.5,573874
2014-12-03,676.8360595703125,819.0,822.2999877929688,802.3499755859375,807.4000244140625,937567
2014-12-04,681.50537109375,824.6500244140625,829.75,814.3499755859375,816.5,1121315
2014-12-05,678.1995849609375,820.6500244140625,827.5,812.7000122070312,820.0,688493
2014-12-08,677.662353515625,820.0,828.4500122070312,814.25,820.0,1016796
2014-12-09,671.8362426757812,812.9500122070312,819.5,810.0499877929688,819.0,945417
2014-12-10,659.3161010742188,797.7999877929688,815.4000244140625,795.0999755859375,811.1500244140625,1152293
2014-12-11,657.8697509765625,796.0499877929688,803.0,790.3499755859375,799.3499755859375,1573622
2014-12-12,659.2745971679688,797.75,804.2999877929688,794.0,798.4000244140625,767757
2014-12-15,652.9524536132812,790.0999755859375,808.8499755859375,784.6500244140625,795.0,704516
2014-12-16,633.5730590820312,766.6500244140625,792.4000244140625,763.0,792.4000244140625,1179886
2014-12-17,633.3250732421875,766.3499755859375,773.0499877929688,760.25,760.25,1984735
2014-12-18,632.99462890625,765.9500122070312,770.0,753.0499877929688,767.2000122070312,1165188
2014-12-19,624.0692749023438,755.1500244140625,771.0,750.0,771.0,1147950
2014-12-22,634.5646362304688,767.8499755859375,769.9000244140625,752.2999877929688,758.7999877929688,958306
2014-12-23,633.118408203125,766.0999755859375,770.7999877929688,761.1500244140625,769.0,1277960
2014-12-24,625.5983276367188,757.0,767.0999755859375,752.0,763.2000122070312,2527523
2014-12-26,620.1024169921875,750.3499755859375,756.0,744.5,752.5999755859375,625243
2014-12-29,627.1270751953125,758.8499755859375,763.25,752.1500244140625,753.4000244140625,616322
2014-12-30,627.6640625,759.5,767.25,758.0,761.9000244140625,397534
2014-12-31,628.159912109375,760.0999755859375,763.4000244140625,753.2999877929688,760.9000244140625,1044950
2015-01-01,626.7963256835938,758.4500122070312,761.9000244140625,754.1500244140625,759.2999877929688,372132
2015-01-02,624.7302856445312,755.9500122070312,766.0,752.6500244140625,757.0,1207322
2015-01-05,628.3252563476562,760.2999877929688,761.9000244140625,755.0999755859375,759.75,849252
2015-01-06,640.2257690429688,774.7000122070312,779.9000244140625,755.4000244140625,767.0,2738679
2015-01-07,662.7042236328125,801.9000244140625,806.7999877929688,779.0,779.0,3744143
2015-01-08,675.2244873046875,817.0499877929688,825.0,803.1500244140625,803.9000244140625,3076833
2015-01-09,714.5206909179688,864.5999755859375,868.4000244140625,817.0499877929688,818.5,3825060
2015-01-12,740.9660034179688,896.5999755859375,899.7999877929688,864.25,867.5,4338065
2015-01-13,731.0076293945312,884.5499877929688,908.6500244140625,876.4000244140625,899.9500122070312,3371700
2015-01-14,763.6511840820312,924.0499877929688,934.5,886.0,888.7999877929688,4578199
2015-01-15,761.5850219726562,921.5499877929688,937.4000244140625,909.7000122070312,934.9500122070312,3534537
2015-01-16,777.7001953125,941.0499877929688,947.0,925.0,928.0,2021113
2015-01-19,737.618896484375,892.5499877929688,947.4000244140625,886.0499877929688,946.2999877929688,7705398
2015-01-20,740.0155639648438,895.4500122070312,903.0,877.75,889.9000244140625,4355821
2015-01-21,778.4441528320312,941.9500122070312,948.4000244140625,888.5,897.0,4103989
2015-01-22,780.6754760742188,944.6500244140625,961.2999877929688,931.2999877929688,944.0,3585572
2015-01-23,797.7410278320312,965.2999877929688,968.8499755859375,944.6500244140625,947.0,2450001
2015-01-27,778.4441528320312,941.9500122070312,967.9000244140625,936.5999755859375,962.0999755859375,3274894
2015-01-28,771.7500610351562,933.8499755859375,940.7999877929688,928.1500244140625,938.0,2246526
2015-01-29,778.15478515625,941.5999755859375,948.0,926.4000244140625,931.0,3421454
2015-01-30,770.6756591796875,932.5499877929688,941.0,927.7999877929688,941.0,1562161
2015-02-02,750.3870239257812,908.0,929.9500122070312,904.7999877929688,926.3499755859375,1822825
2015-02-03,752.7423706054688,910.8499755859375,930.8499755859375,908.0,910.2000122070312,1544881
2015-02-04,743.6931762695312,899.9000244140625,919.7999877929688,895.0999755859375,910.9000244140625,1181845
2015-02-05,751.2548217773438,909.0499877929688,919.7999877929688,901.2000122070312,907.2999877929688,1711139
2015-02-06,748.52783203125,905.75,915.8499755859375,899.4000244140625,906.0,717674
2015-02-09,743.8997802734375,900.1500244140625,914.5999755859375,895.9000244140625,905.75,860239
2015-02-10,733.6522216796875,887.75,907.5,885.4000244140625,895.0,1058750
2015-02-11,744.0236206054688,900.2999877929688,902.9500122070312,884.5999755859375,890.3499755859375,897359
2015-02-12,733.6934814453125,887.7999877929688,910.7999877929688,885.2999877929688,905.0,1121008
2015-02-13,737.825439453125,892.7999877929688,898.7999877929688,885.2000122070312,892.4000244140625,1344229
2015-02-16,749.5608520507812,907.0,920.0,886.3499755859375,886.3499755859375,1635273
2015-02-18,754.4366455078125,912.9000244140625,923.3499755859375,902.0,902.0,2178775
2015-02-19,750.5111694335938,908.1500244140625,922.7999877929688,895.0,919.9500122070312,1034454
2015-02-20,743.9822998046875,900.25,909.7000122070312,899.0,905.5,623253
2015-02-23,732.3299560546875,886.1500244140625,913.8499755859375,883.0499877929688,903.0,1054383
2015-02-24,755.0977172851562,913.7000122070312,915.5999755859375,887.0,889.0,2100402
2015-02-25,745.3460693359375,901.9000244140625,917.5,894.0,916.5,1141174
2015-02-26,732.5365600585938,886.4000244140625,905.7000122070312,883.7999877929688,905.7000122070312,1194401
2015-02-27,733.15625,887.1500244140625,893.0,880.4000244140625,889.7999877929688,1906598
2015-03-02,773.2377319335938,935.6500244140625,939.9500122070312,906.0999755859375,914.0,2792110
2015-03-03,768.3204345703125,929.7000122070312,939.9000244140625,923.25,939.9000244140625,1510436
2015-03-04,757.0811157226562,916.0999755859375,945.2999877929688,913.0,931.0999755859375,1202376
2015-03-05,776.5846557617188,939.7000122070312,946.3499755859375,913.4500122070312,913.4500122070312,2301603
2015-03-09,806.5835571289062,976.0,981.0,931.0,936.0,3529726
2015-03-10,791.0055541992188,957.1500244140625,978.6500244140625,951.0499877929688,978.2999877929688,1323330
2015-03-11,800.716064453125,968.9000244140625,978.9000244140625,949.4500122070312,957.1500244140625,1742798
2015-03-12,793.8153686523438,960.5499877929688,972.7999877929688,955.5999755859375,968.0,1358419
2015-03-13,778.2376098632812,941.7000122070312,964.9000244140625,938.9500122070312,963.7000122070312,1466001
2015-03-16,770.0145263671875,931.75,957.25,902.5,939.4500122070312,1244490
2015-03-17,770.055908203125,931.7999877929688,946.7999877929688,921.4000244140625,934.9500122070312,1239535
2015-03-18,762.0396728515625,922.0999755859375,937.25,911.5,932.4000244140625,1436285
2015-03-19,762.4942626953125,922.6500244140625,940.7999877929688,916.6500244140625,931.0,1249067
2015-03-20,740.2635498046875,895.75,922.0,892.0,922.0,1854369
2015-03-23,745.75927734375,902.4000244140625,910.0,892.3499755859375,899.7000122070312,989354
2015-03-24,733.1976318359375,887.2000122070312,901.1500244140625,885.3499755859375,896.2000122070312,1288989
2015-03-25,732.5365600585938,886.4000244140625,897.5999755859375,883.0,889.75,2848966
2015-03-26,715.5950927734375,865.9000244140625,885.0,858.2000122070312,884.8499755859375,2570353
2015-03-27,703.5291748046875,851.2999877929688,870.9000244140625,848.9500122070312,870.5,2023538
2015-03-30,712.4133911132812,862.0499877929688,871.0,852.0,857.9500122070312,1415143
2015-03-31,721.9171142578125,873.5499877929688,884.0,858.0,862.9500122070312,1503993
2015-04-01,730.1400756835938,883.5,885.7999877929688,871.5,873.5,865861
2015-04-06,750.3458251953125,907.9500122070312,910.7999877929688,882.5,883.6500244140625,1482378
2015-04-07,754.89111328125,913.4500122070312,919.0499877929688,897.5999755859375,911.3499755859375,1212932
2015-04-08,754.1474609375,912.5499877929688,921.6500244140625,909.4000244140625,914.9000244140625,1296825
2015-04-09,765.6344604492188,926.4500122070312,932.0,913.5999755859375,913.9000244140625,1237632
2015-04-10,771.708740234375,933.7999877929688,935.7999877929688,916.3499755859375,929.9000244140625,1161659
2015-04-13,784.394287109375,949.1500244140625,950.9500122070312,928.0,931.3499755859375,1374251
2015-04-15,772.45263671875,934.7000122070312,948.9500122070312,933.0,942.9000244140625,924855
2015-04-16,771.1302490234375,933.0999755859375,937.7999877929688,918.0999755859375,932.5,1071747
2015-04-17,774.8904418945312,937.6500244140625,944.2000122070312,928.8499755859375,936.7000122070312,764984
2015-04-20,754.89111328125,913.4500122070312,940.75,905.5999755859375,938.4000244140625,879556
2015-04-21,721.5452270507812,873.0999755859375,919.8499755859375,870.3499755859375,914.0499877929688,2535704
2015-04-22,749.6846313476562,907.1500244140625,913.0,875.0,887.4500122070312,2106687
2015-04-23,745.9658203125,902.6500244140625,922.0,892.7999877929688,911.0,1027886
2015-04-24,735.098388671875,889.5,903.9500122070312,873.75,903.9500122070312,1122637
2015-04-27,716.21484375,866.6500244140625,901.7999877929688,860.25,885.0,945769
2015-04-28,711.2149047851562,860.5999755859375,873.9000244140625,851.5,863.3499755859375,1844291
2015-04-29,708.8184814453125,857.7000122070312,875.0,852.1500244140625,860.4000244140625,1323821
2015-04-30,702.7442016601562,850.3499755859375,859.4500122070312,832.2000122070312,857.25,3001302
2015-05-04,712.1654052734375,861.75,865.7000122070312,844.1500244140625,860.0,558193
2015-05-05,726.4623413085938,879.0499877929688,883.4000244140625,854.0,858.0,1663346
2015-05-06,709.2316284179688,858.2000122070312,879.0,850.0999755859375,879.0,1989322
2015-05-07,715.8841552734375,866.25,871.75,853.7000122070312,860.0,982642
2015-05-08,739.8090209960938,895.2000122070312,907.0499877929688,854.5,875.7000122070312,5244650
2015-05-11,714.603271484375,864.7000122070312,901.0,862.2000122070312,899.7999877929688,2712131
2015-05-12,697.4551391601562,843.9500122070312,873.5499877929688,841.6500244140625,867.0,1837756
2015-05-13,695.0584716796875,841.0499877929688,855.6500244140625,827.0999755859375,850.0999755859375,1842567
2015-05-14,699.5211791992188,846.4500122070312,850.8499755859375,831.0,842.7999877929688,1458520
2015-05-15,698.1576538085938,844.7999877929688,852.2999877929688,840.0999755859375,848.0,861417
2015-05-18,704.6861572265625,852.7000122070312,854.9000244140625,837.5,848.0,794940
2015-05-19,698.1162109375,844.75,855.8499755859375,841.25,852.4000244140625,1115144
2015-05-20,707.0830078125,855.5999755859375,858.1500244140625,846.0,847.2000122070312,1051609
2015-05-21,714.31396484375,864.3499755859375,865.9000244140625,848.0499877929688,856.4000244140625,998351
2015-05-22,713.818115234375,863.75,868.8499755859375,853.9500122070312,867.4500122070312,1369038
2015-05-25,704.4795532226562,852.4500122070312,864.9500122070312,847.5499877929688,864.9500122070312,642231
2015-05-26,706.8761596679688,855.3499755859375,858.1500244140625,845.9500122070312,855.0,732655
2015-05-27,708.8184814453125,857.7000122070312,860.0,845.7000122070312,855.5,530542
2015-05-28,699.3145141601562,846.2000122070312,860.0,842.3499755859375,858.7000122070312,2062630
2015-05-29,710.3473510742188,859.5499877929688,860.7000122070312,843.0999755859375,847.5,3787109
2015-06-01,727.9085693359375,880.7999877929688,883.5,852.4500122070312,859.5499877929688,950336
2015-06-02,704.7276000976562,852.75,884.6500244140625,850.9000244140625,884.0,928603
2015-06-03,687.1249389648438,831.4500122070312,854.7000122070312,828.5999755859375,853.0,1074518
2015-06-04,679.8524169921875,822.6500244140625,835.0,820.0499877929688,833.5,1273078
2015-06-05,685.182861328125,829.0999755859375,847.2999877929688,816.3499755859375,821.5999755859375,1564172
2015-06-08,671.2576904296875,812.25,829.0,809.0,828.0,1108643
2015-06-09,677.4559936523438,819.75,828.5499877929688,806.0999755859375,807.0,769058
2015-06-10,678.0343017578125,820.4500122070312,825.0,814.0,818.25,959272
2015-06-11,674.935302734375,816.7000122070312,836.5,816.0,820.0,1263695
2015-06-12,673.1173095703125,814.5,821.5,810.8499755859375,813.3499755859375,833644
2015-06-15,679.108642578125,821.75,827.4500122070312,808.4500122070312,814.0,626620
2015-06-16,690.017578125,834.9500122070312,839.3499755859375,817.2999877929688,818.0999755859375,864766
2015-06-17,712.4133911132812,862.0499877929688,868.8499755859375,840.0,840.0,2574818
2015-06-18,712.8678588867188,862.5999755859375,868.0,857.0999755859375,862.0,1234051
2015-06-19,716.2919311523438,857.7000122070312,864.9000244140625,844.8499755859375,851.0999755859375,1376406
2015-06-22,729.445068359375,873.4500122070312,876.0,858.4500122070312,863.9000244140625,1039509
2015-06-23,731.3241577148438,875.7000122070312,879.7999877929688,871.3499755859375,878.0,741773
2015-06-24,748.7366333007812,896.5499877929688,908.9000244140625,877.0,877.5,1812148
2015-06-25,737.6293334960938,883.25,897.9000244140625,879.0999755859375,888.5499877929688,1257404
2015-06-26,741.5546264648438,887.9500122070312,891.4000244140625,875.0,884.0,758668
2015-06-29,751.9520263671875,900.4000244140625,905.0,868.3499755859375,872.0,1221747
2015-06-30,765.564697265625,916.7000122070312,923.0999755859375,906.0,907.0,2318253
2015-07-01,766.9007568359375,918.2999877929688,926.0,912.0,916.7000122070312,1456248
2015-07-02,771.2017822265625,923.4500122070312,929.2000122070312,912.0,919.7999877929688,962649
2015-07-03,772.0787353515625,924.5,929.5,917.0499877929688,922.0,512931
2015-07-06,774.5424194335938,927.4500122070312,930.0,914.6500244140625,917.0,595187
2015-07-07,771.9533081054688,924.3499755859375,927.4000244140625,915.5999755859375,921.5999755859375,715696
2015-07-08,774.7092895507812,927.6500244140625,944.0,918.0999755859375,920.0,1791894
2015-07-09,769.6148681640625,921.5499877929688,934.7999877929688,912.4000244140625,927.6500244140625,1153644
2015-07-10,751.8265380859375,900.25,924.5,891.2999877929688,924.5,2198242
2015-07-13,760.5537719726562,910.7000122070312,914.5,890.5,900.7999877929688,1103160
2015-07-14,774.4171142578125,927.2999877929688,929.0999755859375,902.7999877929688,910.5,662369
2015-07-15,775.836669921875,929.0,935.0,920.3499755859375,927.0,980533
2015-07-16,782.3923950195312,936.8499755859375,939.5,923.25,930.0,667588
2015-07-17,771.9116821289062,924.2999877929688,941.9500122070312,922.25,937.0499877929688,848156
2015-07-20,762.5580444335938,913.0999755859375,931.5,909.0499877929688,924.0,738505
2015-07-21,744.3522338867188,891.2999877929688,916.8499755859375,871.0999755859375,915.0,4915170
2015-07-22,768.7379760742188,920.5,923.0,891.1500244140625,894.0,1433553
2015-07-23,755.167236328125,904.25,919.0,895.2000122070312,919.0,1049783
2015-07-24,757.2968139648438,906.7999877929688,911.4500122070312,897.5999755859375,905.0,624104
2015-07-27,751.701416015625,900.0999755859375,910.1500244140625,895.0,906.0,1305606
2015-07-28,755.5847778320312,904.75,916.0,891.5,893.25,1648693
2015-07-29,750.9496459960938,899.2000122070312,919.0499877929688,897.0,906.1500244140625,1332413
2015-07-30,768.9049072265625,920.7000122070312,934.4500122070312,899.2000122070312,905.0,1997547
2015-07-31,769.698486328125,921.6500244140625,928.2000122070312,913.2000122070312,920.2999877929688,1616033
2015-08-03,759.7186889648438,909.7000122070312,924.7999877929688,906.5,921.0,1813626
2015-08-04,758.3824462890625,908.0999755859375,914.4500122070312,900.0499877929688,910.5,2728548
2015-08-05,758.7999877929688,908.5999755859375,912.8499755859375,905.0,910.7000122070312,2869226
2015-08-06,758.0902099609375,907.75,910.4000244140625,902.5499877929688,910.0,1105175
2015-08-07,755.668212890625,904.8499755859375,909.0499877929688,900.9000244140625,907.75,849340
2015-08-10,756.7539672851562,906.1500244140625,909.0,901.0,905.0,1089645
2015-08-11,741.7633666992188,888.2000122070312,905.8499755859375,885.0,903.0,1430428
2015-08-12,723.5156860351562,866.3499755859375,889.0,859.5999755859375,889.0,1406250
2015-08-13,723.6827392578125,866.5499877929688,879.0,850.0,866.0,976700
2015-08-14,727.0232543945312,870.5499877929688,879.0,857.5,871.0,742844
2015-08-17,728.7769775390625,872.6500244140625,879.0,860.0,874.4500122070312,373170
2015-08-18,728.9440307617188,872.8499755859375,877.8499755859375,868.0499877929688,872.0,606035
2015-08-19,731.7418212890625,876.2000122070312,885.25,861.4000244140625,869.3499755859375,548163
2015-08-20,728.27587890625,872.0499877929688,901.8499755859375,867.0,870.0,1086427
2015-08-21,738.3811645507812,884.1500244140625,888.0,860.9500122070312,867.0,1428246
2015-08-24,710.82177734375,851.1500244140625,880.0,844.9500122070312,865.3499755859375,2392818
2015-08-25,723.181640625,865.9500122070312,878.0,855.0999755859375,861.0,2303018
2015-08-26,714.0369262695312,855.0,868.5499877929688,850.0,866.25,1894521
2015-08-27,716.3754272460938,857.7999877929688,864.4500122070312,851.0,860.6500244140625,2087603
2015-08-28,713.619384765625,854.5,870.5,852.0,870.0,1427528
2015-08-31,718.96435546875,860.9000244140625,870.0,848.7999877929688,862.9000244140625,1990625
2015-09-01,712.9931030273438,853.75,861.3499755859375,848.3499755859375,855.0,1483369
2015-09-02,693.6597900390625,830.5999755859375,862.4000244140625,824.2000122070312,857.0,1463479
2015-09-03,696.29052734375,833.75,841.75,815.0999755859375,830.5,1228866
2015-09-04,693.1587524414062,830.0,840.75,823.2000122070312,831.3499755859375,1332041
2015-09-07,684.6821899414062,819.8499755859375,834.0,817.4000244140625,831.0,868619
2015-09-08,669.0233764648438,801.0999755859375,827.7999877929688,785.0,827.7999877929688,2511604
2015-09-09,670.6520385742188,803.0499877929688,812.4500122070312,790.9000244140625,806.0,1519952
2015-09-10,659.8787231445312,790.1500244140625,801.0,777.5999755859375,801.0,2651147
2015-09-11,664.137939453125,795.25,799.7000122070312,784.0499877929688,792.0,1368043
2015-09-14,663.7203979492188,794.75,800.9000244140625,788.0999755859375,800.9000244140625,1115042
2015-09-15,671.9462890625,804.5999755859375,808.6500244140625,791.1500244140625,794.75,1239118
2015-09-16,673.8253784179688,806.8499755859375,811.7999877929688,796.75,811.0,1000450
2015-09-18,666.3092041015625,797.8499755859375,816.7999877929688,793.0,807.0,3196079
2015-09-21,660.3379516601562,790.7000122070312,799.9000244140625,788.4000244140625,795.0,1097798
2015-09-22,656.3294677734375,785.9000244140625,796.8499755859375,783.2000122070312,792.0,1900127
2015-09-23,655.5780029296875,785.0,789.4000244140625,780.1500244140625,788.7999877929688,1108731
2015-09-24,652.8218994140625,781.7000122070312,789.0,776.25,789.0,2627897
2015-09-28,660.29638671875,790.6500244140625,802.5,780.7999877929688,785.0,1121534
2015-09-29,655.034912109375,784.3499755859375,801.0,781.3499755859375,782.5999755859375,2377821
2015-09-30,680.4228515625,814.75,818.0,787.0,799.7999877929688,2321962
2015-10-01,681.8009033203125,816.4000244140625,827.25,811.2000122070312,817.7999877929688,903859
2015-10-05,676.2890625,809.7999877929688,824.0,801.0,820.5499877929688,1344972
2015-10-06,692.5740966796875,829.2999877929688,832.0,811.9000244140625,816.9500122070312,1470601
2015-10-07,687.772216796875,823.5499877929688,828.0,816.0,818.0,1126929
2015-10-08,686.3941650390625,821.9000244140625,831.9500122070312,817.5,827.0,673062
2015-10-09,683.1370239257812,818.0,830.4000244140625,810.0,826.0,740404
2015-10-12,680.5064086914062,814.8499755859375,822.5,807.3499755859375,819.0,760378
2015-10-13,678.8779296875,812.9000244140625,819.0,805.7999877929688,817.0,860797
2015-10-14,665.7664184570312,797.2000122070312,815.0,787.0,814.0499877929688,3479601
2015-10-15,661.0479736328125,791.5499877929688,801.0,769.0,783.0,4110634
2015-10-16,655.5780029296875,785.0,790.9000244140625,782.0,788.0,2121262
2015-10-19,668.5462036132812,793.9000244140625,796.9500122070312,778.0,784.9000244140625,1733760
2015-10-20,662.8198852539062,787.0999755859375,797.4500122070312,783.0,797.4500122070312,1428531
2015-10-21,665.5567626953125,790.3499755859375,794.4500122070312,787.0,788.0,879891
2015-10-23,673.8515014648438,800.2000122070312,805.5999755859375,791.25,795.0,1956438
2015-10-26,680.9251098632812,808.5999755859375,810.0,800.6500244140625,802.7999877929688,754383
2015-10-27,683.9144897460938,812.1500244140625,814.8499755859375,799.2000122070312,806.75,876427
2015-10-28,689.261962890625,818.5,820.5,807.9000244140625,811.5999755859375,1123867
2015-10-29,674.9041748046875,801.4500122070312,818.0,799.2000122070312,811.0,1558590
2015-10-30,674.23046875,800.6500244140625,810.9500122070312,795.0,802.0,1209468
2015-11-02,675.998779296875,802.75,804.8499755859375,791.5499877929688,799.25,553599
2015-11-03,677.4303588867188,804.4500122070312,808.5,801.2000122070312,805.0,349296
2015-11-04,674.5250854492188,801.0,818.0999755859375,799.2000122070312,806.7999877929688,945881
2015-11-05,675.9147338867188,802.6500244140625,811.5999755859375,797.75,801.0,462520
2015-11-06,672.8829956054688,799.0499877929688,806.9500122070312,796.2999877929688,806.7000122070312,726024
2015-11-09,675.87255859375,802.5999755859375,807.0,784.0,794.0,1247468
2015-11-10,676.6725463867188,803.5499877929688,809.5999755859375,793.4000244140625,802.0,880293
2015-11-13,670.9041137695312,796.7000122070312,799.5,792.3499755859375,792.3499755859375,1029232
2015-11-16,660.2936401367188,784.0999755859375,802.0999755859375,780.0999755859375,794.0,1186659
2015-11-17,672.2514038085938,798.2999877929688,800.0,782.0,785.9000244140625,792593
2015-11-18,668.2093505859375,793.5,806.8499755859375,790.4500122070312,798.0,721764
2015-11-19,669.1356811523438,794.5999755859375,801.8499755859375,792.2999877929688,797.5,861404
2015-11-20,672.1253051757812,798.1500244140625,803.4500122070312,794.2999877929688,799.8499755859375,845026
2015-11-23,666.2725219726562,791.2000122070312,800.7000122070312,787.0,795.0499877929688,692990
2015-11-24,683.7462768554688,811.9500122070312,813.5,790.75,794.0,1188716
2015-11-26,684.1671752929688,812.4500122070312,821.5,808.1500244140625,814.7000122070312,1282221
2015-11-27,687.3251953125,816.2000122070312,820.75,808.0,812.5,897445
2015-11-30,683.7883911132812,812.0,826.0,804.0999755859375,813.5,2959644
2015-12-01,701.809326171875,833.4000244140625,836.7999877929688,811.8499755859375,811.8499755859375,1404347
2015-12-02,698.8619384765625,829.9000244140625,835.7000122070312,823.4000244140625,832.9000244140625,983626
2015-12-03,687.6620483398438,816.5999755859375,827.9000244140625,814.0,827.8499755859375,680102
2015-12-04,686.2724609375,814.9500122070312,824.4500122070312,805.0,813.3499755859375,1445988
2015-12-07,701.8934936523438,833.5,835.5,815.0,815.0,1273142
2015-12-08,695.3671264648438,825.75,839.7999877929688,822.5999755859375,831.9000244140625,1136199
2015-12-09,690.6513061523438,820.1500244140625,835.0,816.1500244140625,827.0,1028736
2015-12-10,687.0725708007812,815.9000244140625,830.8499755859375,812.25,823.0,1144862
2015-12-11,692.2935180664062,822.0999755859375,831.9500122070312,816.6500244140625,818.2999877929688,1214169
2015-12-14,706.5250854492188,839.0,842.5,813.4500122070312,825.0,1307321
2015-12-15,723.0302734375,858.5999755859375,862.5,839.2000122070312,839.2000122070312,2303845
2015-12-16,720.3355712890625,855.4000244140625,868.4000244140625,852.7000122070312,865.0,1101128
2015-12-17,727.7881469726562,864.25,865.7000122070312,840.0,840.0,1214526
2015-12-18,721.7251586914062,857.0499877929688,875.5999755859375,852.1500244140625,865.5999755859375,2114632
2015-12-21,717.1356811523438,851.5999755859375,861.9500122070312,849.75,861.9500122070312,1112136
2015-12-22,717.00927734375,851.4500122070312,857.9000244140625,843.2000122070312,852.9500122070312,913032
2015-12-23,726.9461059570312,863.25,870.5,856.0499877929688,859.4500122070312,770192
2015-12-24,727.7881469726562,864.25,869.2999877929688,862.0,868.0,538736
2015-12-28,729.1355590820312,865.8499755859375,873.0,862.5,865.0,976331
2015-12-29,722.4408569335938,857.9000244140625,867.0,855.0,867.0,754046
2015-12-30,722.0619506835938,857.4500122070312,862.9000244140625,854.7000122070312,858.0,677471
2015-12-31,726.5250244140625,862.75,866.4500122070312,851.5,857.4500122070312,743363
2016-01-01,721.3041381835938,856.5499877929688,862.0,853.5,860.0,230366
2016-01-04,723.3672485351562,859.0,868.7000122070312,851.1500244140625,856.5499877929688,828876
2016-01-05,714.0619506835938,847.9500122070312,859.0499877929688,845.5,857.2999877929688,1118709
2016-01-06,709.9356079101562,843.0499877929688,850.0,840.9500122070312,850.0,2135092
2016-01-07,690.7356567382812,820.25,840.9500122070312,817.5,840.0,1353969
2016-01-08,681.9776611328125,809.8499755859375,831.5,807.7000122070312,819.0,1324046
2016-01-11,683.5777587890625,811.75,819.7000122070312,801.3499755859375,806.0,1514504
2016-01-12,690.2725830078125,819.7000122070312,822.1500244140625,804.5499877929688,808.5,1110037
2016-01-13,701.2618408203125,832.75,836.2000122070312,813.75,821.7999877929688,1338356
2016-01-14,696.6304321289062,827.25,837.9000244140625,818.5499877929688,829.5,1531002
2016-01-15,677.2620849609375,804.25,828.9500122070312,776.6500244140625,827.25,3249884
2016-01-18,682.0620727539062,809.9500122070312,816.6500244140625,795.0,796.2999877929688,1525578
2016-01-19,682.4830322265625,810.4500122070312,821.75,807.6500244140625,813.0,867289
2016-01-20,669.5144653320312,795.0499877929688,815.0,785.0,805.0,1543575
2016-01-21,653.1356201171875,775.5999755859375,799.0,774.2000122070312,797.2000122070312,1679165
2016-01-22,649.68310546875,771.5,783.5,770.0,780.5,1465143
2016-01-25,659.6198120117188,783.2999877929688,784.75,769.7000122070312,772.0,1036869
2016-01-27,646.6514892578125,767.9000244140625,783.8499755859375,766.4000244140625,781.0,1291178
2016-01-28,666.7356567382812,791.75,797.0,766.5,769.7999877929688,1967418
2016-01-29,687.9148559570312,816.9000244140625,820.0,791.0999755859375,791.0999755859375,1733695
2016-02-01,674.4830932617188,800.9500122070312,817.4000244140625,799.0,816.0,1025869
2016-02-02,673.7672729492188,800.0999755859375,809.9500122070312,796.9500122070312,809.5,960236
2016-02-03,691.8724365234375,821.5999755859375,828.5,795.5,795.5,1843081
2016-02-04,702.9883422851562,834.7999877929688,838.4000244140625,816.5499877929688,824.5,1698770
2016-02-05,711.5357055664062,844.9500122070312,855.5,830.0,830.0,2043434
2016-02-08,698.0199584960938,828.9000244140625,848.2000122070312,826.4500122070312,844.0,490426
2016-02-09,695.87255859375,826.3499755859375,842.1500244140625,824.7000122070312,826.3499755859375,964658
2016-02-10,694.3566284179688,824.5499877929688,832.0999755859375,820.0999755859375,826.0,781041
2016-02-11,675.87255859375,802.5999755859375,828.0,791.2000122070312,823.9000244140625,1010277
2016-02-12,684.2936401367188,812.5999755859375,816.7000122070312,795.0,800.5,1318480
2016-02-15,677.640869140625,804.7000122070312,821.9500122070312,798.0,817.0,1206980
2016-02-16,676.3777465820312,803.2000122070312,811.8499755859375,799.4500122070312,810.0,926079
2016-02-17,684.25146484375,812.5499877929688,814.0,789.75,800.5,783633
2016-02-18,696.7567138671875,827.4000244140625,830.5,812.5,814.0499877929688,1179011
2016-02-19,696.9251708984375,827.5999755859375,831.8499755859375,813.4500122070312,831.8499755859375,620200
2016-02-22,725.5988159179688,861.6500244140625,866.0,826.3499755859375,827.0,1883688
2016-02-23,704.714599609375,836.8499755859375,858.4500122070312,834.2000122070312,858.4500122070312,590731
2016-02-24,704.6304321289062,836.75,844.9000244140625,828.2000122070312,836.9000244140625,1062120
2016-02-25,709.7250366210938,842.7999877929688,846.2000122070312,832.4000244140625,837.7000122070312,859877
2016-02-26,715.7040405273438,849.9000244140625,852.6500244140625,841.0999755859375,848.0,1191495
2016-02-29,699.2830200195312,830.4000244140625,851.7000122070312,823.5,851.0,1974971
2016-03-01,694.0198974609375,824.1500244140625,829.8499755859375,818.0999755859375,829.8499755859375,1777318
2016-03-02,715.1565551757812,849.25,855.0,830.0,830.0,1221727
2016-03-03,714.8619995117188,848.9000244140625,856.0999755859375,845.75,855.5,746384
2016-03-04,714.7357177734375,848.75,855.9000244140625,841.4500122070312,848.5,1331537
2016-03-08,695.7882080078125,826.25,848.0,824.0,848.0,1342346
2016-03-09,707.0725708007812,839.6500244140625,843.9000244140625,826.5499877929688,826.5499877929688,1929618
2016-03-10,705.3040161132812,837.5499877929688,841.0,829.0,837.0,1140147
2016-03-11,717.1356811523438,851.5999755859375,857.9500122070312,831.5,842.0,1527676
2016-03-14,721.809326171875,857.1500244140625,860.0,845.0,855.0499877929688,825367
2016-03-15,708.0409545898438,840.7999877929688,856.7999877929688,835.5499877929688,852.0999755859375,1330602
2016-03-16,710.862060546875,844.1500244140625,845.8499755859375,831.0,844.9000244140625,1511400
2016-03-17,715.4935913085938,849.6500244140625,855.0,843.0,848.0999755859375,1970969
2016-03-18,714.3988037109375,848.3499755859375,852.0,838.0,850.0,1848223
2016-03-21,740.756591796875,879.6500244140625,883.0,847.0999755859375,847.0999755859375,1587554
2016-03-22,732.756591796875,870.1500244140625,880.6500244140625,862.4000244140625,876.0499877929688,2024654
2016-03-23,735.6619873046875,873.5999755859375,877.3499755859375,860.5499877929688,870.0,1373555
2016-03-28,727.2830200195312,863.6500244140625,876.0999755859375,860.2000122070312,876.0,2033190
2016-03-29,725.1776733398438,861.1500244140625,871.3499755859375,858.5999755859375,860.2999877929688,1389839
2016-03-30,725.5988159179688,861.6500244140625,878.9500122070312,858.9000244140625,862.0,1453623
2016-03-31,732.2093505859375,869.5,875.7000122070312,855.5,855.5,2635929
2016-04-01,730.7776489257812,867.7999877929688,874.9000244140625,856.0,867.0999755859375,1096484
2016-04-04,734.4829711914062,872.2000122070312,874.9500122070312,861.2999877929688,863.0999755859375,960124
2016-04-05,731.3672485351562,868.5,882.8499755859375,862.2999877929688,870.2000122070312,1096886
2016-04-06,734.0618286132812,871.7000122070312,872.9000244140625,863.0,869.0,1041648
2016-04-07,724.2092895507812,860.0,874.8499755859375,855.0499877929688,870.0,848064
2016-04-08,716.1251220703125,850.4000244140625,863.0,845.7999877929688,861.0,712487
2016-04-11,727.8303833007812,864.2999877929688,867.8499755859375,845.0999755859375,853.0,943737
2016-04-12,734.7355346679688,872.5,874.4000244140625,860.2000122070312,866.9000244140625,867406
2016-04-13,755.9566040039062,897.7000122070312,899.5999755859375,873.5,875.0,1897529
2016-04-18,757.177734375,899.1500244140625,904.9500122070312,886.5,900.2000122070312,1091523
2016-04-20,761.345947265625,904.0999755859375,906.0,893.1500244140625,899.0999755859375,1424850
2016-04-21,761.303955078125,904.0499877929688,906.9000244140625,896.0,905.0,1162870
2016-04-22,744.588134765625,884.2000122070312,904.2999877929688,883.0,897.7999877929688,1078366
2016-04-25,744.546142578125,884.1500244140625,889.0,875.5,880.5,828061
2016-04-26,745.8934326171875,885.75,896.0,880.7000122070312,881.5999755859375,1214609
2016-04-27,751.3250732421875,892.2000122070312,894.0,880.9000244140625,884.4000244140625,778693
2016-04-28,737.8934326171875,876.25,896.7999877929688,871.0,893.2000122070312,2715410
2016-04-29,730.8619384765625,867.9000244140625,879.3499755859375,859.2000122070312,876.0,1581281
2016-05-02,727.53564453125,863.9500122070312,867.0,855.0,867.0,787156
2016-05-03,716.6305541992188,851.0,869.0,848.0,863.9500122070312,1305303
2016-05-04,718.6514282226562,853.4000244140625,855.9000244140625,844.0,850.0,568460
2016-05-05,715.9146728515625,850.1500244140625,861.9000244140625,846.7999877929688,859.0,760873
2016-05-06,718.6514282226562,853.4000244140625,856.5,846.75,848.0,411253
2016-05-09,711.998779296875,845.5,869.7000122070312,839.2000122070312,851.0,3215773
2016-05-10,726.2723999023438,862.4500122070312,867.9000244140625,845.5999755859375,848.7999877929688,1523285
2016-05-11,726.3566284179688,862.5499877929688,866.7999877929688,851.0999755859375,855.0,697299
2016-05-12,718.3145141601562,853.0,862.0,849.3499755859375,858.4000244140625,730642
2016-05-13,700.4619140625,831.7999877929688,852.9500122070312,821.9500122070312,852.9500122070312,2369627
2016-05-16,712.6303100585938,846.25,848.5,817.0,833.0,1940183
2016-05-17,702.3567504882812,834.0499877929688,850.3499755859375,831.0,850.0,1434067
2016-05-18,695.1567993164062,825.5,834.5499877929688,823.0,833.7000122070312,1428456
2016-05-19,686.3988037109375,815.0999755859375,829.8499755859375,810.3499755859375,826.0999755859375,1866764
2016-05-20,684.1250610351562,812.4000244140625,821.0,806.1500244140625,820.0,1624617
2016-05-23,690.1882934570312,819.5999755859375,825.75,813.0499877929688,817.0,1118741
2016-05-24,693.1355590820312,823.0999755859375,824.4500122070312,815.4500122070312,819.0,946784
2016-05-25,707.4512329101562,840.0999755859375,841.4500122070312,827.0499877929688,828.0,1127694
2016-05-26,716.0829467773438,850.3499755859375,854.0,832.0,840.2000122070312,2479387
2016-05-27,725.2199096679688,861.2000122070312,865.9500122070312,850.5,851.3499755859375,1531278
2016-05-30,719.4515991210938,854.3499755859375,867.2000122070312,849.75,864.0,776274
2016-05-31,714.2725830078125,848.2000122070312,859.9000244140625,845.0,857.7999877929688,12132028
2016-06-01,720.125244140625,855.1500244140625,863.4000244140625,846.0499877929688,852.1500244140625,1223721
2016-06-02,731.1145629882812,868.2000122070312,873.9500122070312,835.0,855.0,3409326
2016-06-03,745.1355590820312,884.8499755859375,888.0,869.4000244140625,872.0,1752265
2016-06-06,740.50390625,879.3499755859375,892.0,875.0499877929688,887.5999755859375,1941227
2016-06-07,755.4092407226562,897.0499877929688,898.7999877929688,880.4000244140625,884.0,2185954
2016-06-08,755.5355834960938,897.2000122070312,908.0,891.5999755859375,895.0,1470489
2016-06-09,738.06201171875,876.4500122070312,899.0,874.4500122070312,899.0,1376923
2016-06-10,736.5463256835938,874.6500244140625,884.7999877929688,871.1500244140625,876.0,793113
2016-06-13,736.1671752929688,874.2000122070312,880.9500122070312,867.3499755859375,867.3499755859375,1071858
2016-06-14,729.0093383789062,865.7000122070312,875.2000122070312,860.2999877929688,872.0999755859375,826228
2016-06-15,736.5463256835938,874.6500244140625,876.5999755859375,863.0,868.0,863255
2016-06-16,740.5881958007812,879.4500122070312,880.8499755859375,859.1500244140625,871.8499755859375,803719
2016-06-17,742.188232421875,881.3499755859375,884.7000122070312,872.5,883.9500122070312,849716
2016-06-20,740.546142578125,879.4000244140625,882.3499755859375,870.5499877929688,875.0,526386
2016-06-21,732.8408813476562,870.25,879.0,866.1500244140625,876.5,1214022
2016-06-22,731.563720703125,859.25,867.75,857.0,862.9500122070312,723156
2016-06-23,740.1627197265625,869.3499755859375,873.0,854.2999877929688,860.0,574726
2016-06-24,731.43603515625,859.0999755859375,862.2000122070312,847.0999755859375,858.5499877929688,1157925
2016-06-27,731.2233276367188,858.8499755859375,873.8499755859375,855.25,858.0,815766
2016-06-28,755.8286743164062,887.75,889.9500122070312,859.0,861.0,1607560
2016-06-29,752.465576171875,883.7999877929688,894.1500244140625,877.0,889.9000244140625,857945
2016-06-30,765.023681640625,898.5499877929688,902.9000244140625,890.5499877929688,891.0,2029009
2016-07-01,764.2147827148438,897.5999755859375,904.5499877929688,886.0999755859375,898.5999755859375,1099564
2016-07-04,760.341064453125,893.0499877929688,902.75,888.0,900.0,674938
2016-07-05,757.9146118164062,890.2000122070312,896.2000122070312,886.8499755859375,895.2000122070312,631452
2016-07-07,781.8389282226562,918.2999877929688,920.0,888.5999755859375,890.0,1689043
2016-07-08,783.8821411132812,920.7000122070312,926.2999877929688,913.4500122070312,919.0,1579861
2016-07-11,791.2894287109375,929.4000244140625,934.9000244140625,921.3499755859375,927.0,746028
2016-07-12,787.7987060546875,925.2999877929688,933.9000244140625,913.6500244140625,933.9000244140625,813346
2016-07-13,789.6292114257812,927.4500122070312,929.75,917.4500122070312,923.0999755859375,598072
2016-07-14,794.3118286132812,932.9500122070312,935.0,922.0499877929688,927.0,757072
2016-07-15,801.5912475585938,941.5,951.4500122070312,932.0499877929688,935.0,1284879
2016-07-18,784.9464111328125,921.9500122070312,946.5999755859375,910.0,944.0,3013256
2016-07-19,762.1289672851562,895.1500244140625,906.9000244140625,888.0,904.0999755859375,2602482
2016-07-20,772.1328735351562,906.9000244140625,910.2999877929688,897.2000122070312,899.4500122070312,897886
2016-07-21,774.8147583007812,910.0499877929688,913.6500244140625,900.5,907.0,876194
2016-07-22,768.9827270507812,903.2000122070312,915.0,897.0,911.2000122070312,967993
2016-07-25,772.1754150390625,906.9500122070312,909.2999877929688,895.7000122070312,900.5,1297630
2016-07-26,768.5570068359375,902.7000122070312,911.9000244140625,899.0,911.9000244140625,1094799
2016-07-27,769.5359497070312,903.8499755859375,909.4500122070312,898.25,900.0,1168069
2016-07-28,774.2614135742188,909.4000244140625,913.0,895.0999755859375,904.9000244140625,1760367
2016-07-29,785.4571533203125,922.5499877929688,925.0,902.5499877929688,905.4000244140625,1284438
2016-08-01,787.543212890625,925.0,930.0499877929688,916.1500244140625,930.0,1270582
2016-08-02,789.5864868164062,927.4000244140625,940.8499755859375,924.2000122070312,928.9000244140625,1442265
2016-08-03,778.007568359375,913.7999877929688,926.7999877929688,909.5499877929688,926.7999877929688,1067729
2016-08-04,781.6260375976562,918.0499877929688,922.25,908.8499755859375,922.0,685515
2016-08-05,787.9688110351562,925.5,928.6500244140625,916.4000244140625,921.1500244140625,936293
2016-08-08,791.3745727539062,929.5,934.3499755859375,922.4000244140625,926.5499877929688,640018
2016-08-09,795.4185791015625,934.25,935.9000244140625,924.1500244140625,929.5,912239
2016-08-10,787.500732421875,924.9500122070312,935.3499755859375,922.7999877929688,935.0,675289
2016-08-11,796.610595703125,935.6500244140625,938.0999755859375,922.5499877929688,924.9000244140625,859803
2016-08-12,796.0573120117188,935.0,947.0,926.0,934.7999877929688,664203
2016-08-16,788.5648803710938,926.2000122070312,943.9000244140625,921.3499755859375,931.25,847402
2016-08-17,777.49658203125,913.2000122070312,925.7000122070312,910.2999877929688,924.9000244140625,685242
2016-08-18,772.1328735351562,906.9000244140625,916.7000122070312,905.25,913.0,1047855
2016-08-19,775.3256225585938,910.6500244140625,915.7000122070312,901.25,909.0,1232642
2016-08-22,791.8428344726562,930.0499877929688,933.9000244140625,911.9000244140625,911.9000244140625,1405730
2016-08-23,784.7335815429688,921.7000122070312,931.6500244140625,919.0499877929688,931.0,923109
2016-08-24,782.7753295898438,919.4000244140625,924.9500122070312,908.25,921.0,929753
2016-08-25,775.4533081054688,910.7999877929688,922.0,907.2000122070312,921.0,1760911
2016-08-26,770.0896606445312,904.5,914.7999877929688,900.0,914.7999877929688,753284
2016-08-29,770.6854858398438,905.2000122070312,908.0,901.0,906.0,488018
2016-08-30,787.373046875,924.7999877929688,926.2999877929688,907.5999755859375,908.0,921470
2016-08-31,780.774658203125,917.0499877929688,926.5,911.8499755859375,925.0,2185015
2016-09-01,788.2241821289062,925.7999877929688,929.5,913.3499755859375,917.0999755859375,654587
2016-09-02,783.9248046875,920.75,926.5499877929688,917.5499877929688,923.5,968873
2016-09-06,798.4837036132812,937.8499755859375,939.75,922.2999877929688,924.25,811241
2016-09-07,794.3541870117188,933.0,938.9000244140625,927.4000244140625,937.0,728867
2016-09-08,810.147705078125,951.5499877929688,953.5999755859375,931.5,933.0,1528195
2016-09-09,791.7578125,929.9500122070312,954.0,927.4000244140625,950.0,888951
2016-09-12,781.9664916992188,918.4500122070312,924.8499755859375,912.4500122070312,924.8499755859375,677577
2016-09-14,773.4525146484375,908.4500122070312,924.5,905.0,917.0,1349809
2016-09-15,778.1779174804688,914.0,920.8499755859375,906.0,910.2000122070312,964711
2016-09-16,776.219482421875,911.7000122070312,928.5999755859375,909.4000244140625,916.25,1542460
2016-09-19,776.4324340820312,911.9500122070312,922.5,909.0999755859375,915.4500122070312,793036
2016-09-20,768.7273559570312,902.9000244140625,916.7999877929688,900.9000244140625,912.1500244140625,1133099
2016-09-21,777.3690185546875,913.0499877929688,914.5499877929688,900.5499877929688,902.0,1102665
2016-09-22,774.89990234375,910.1500244140625,917.9500122070312,903.25,913.0,1250220
2016-09-23,775.240478515625,910.5499877929688,912.5,901.0,911.0,1498875
2016-09-26,759.9578857421875,892.5999755859375,913.9000244140625,886.5,909.0,1153660
2016-09-27,763.9595336914062,897.2999877929688,900.9500122070312,889.4000244140625,895.0,849724
2016-09-28,755.3178100585938,887.1500244140625,900.8499755859375,881.25,900.0,1877866
2016-09-29,747.7828979492188,878.2999877929688,892.7999877929688,873.5,891.0,3307074
2016-09-30,738.8856811523438,867.8499755859375,879.8499755859375,865.0,877.0999755859375,3104818
2016-10-03,739.6520385742188,868.75,878.0,860.2000122070312,878.0,2066037
2016-10-04,732.54296875,860.4000244140625,872.0,858.7999877929688,872.0,1465854
2016-10-05,741.5250854492188,870.9500122070312,873.7000122070312,862.4000244140625,865.0,1781339
2016-10-06,753.0189819335938,884.4500122070312,886.8499755859375,874.0,874.0,1360160
2016-10-07,746.8890380859375,877.25,889.7000122070312,868.1500244140625,889.7000122070312,1088191
2016-10-10,745.952392578125,876.1500244140625,885.5499877929688,874.4500122070312,879.7000122070312,734544
2016-10-13,733.9478149414062,862.0499877929688,874.75,852.5,869.5,2130773
2016-10-14,717.090087890625,842.25,855.5499877929688,837.0,854.75,2077909
2016-10-17,723.0497436523438,849.25,851.0,839.0,844.0,1136539
2016-10-18,728.4561767578125,855.5999755859375,857.0,849.0,850.2999877929688,1146943
2016-10-19,720.2827758789062,846.0,855.9500122070312,844.0499877929688,855.0,1171167
2016-10-20,715.429931640625,840.2999877929688,849.4500122070312,838.5999755859375,848.5499877929688,818580
2016-10-21,724.7100219726562,851.2000122070312,852.25,837.0499877929688,840.0,1247395
2016-10-24,722.2835083007812,848.3499755859375,855.0,844.25,851.7999877929688,1639740
2016-10-25,708.6611938476562,832.3499755859375,849.7999877929688,829.5499877929688,847.0999755859375,1925999
2016-10-26,717.6007690429688,842.8499755859375,846.7999877929688,826.5499877929688,831.0999755859375,1928005
2016-10-27,715.429931640625,840.2999877929688,850.0,818.4000244140625,850.0,3193498
2016-10-28,712.1945190429688,836.5,846.9500122070312,833.7999877929688,841.0,1396899
2016-11-01,717.1312866210938,835.25,842.7000122070312,831.6500244140625,835.0,891827
2016-11-02,722.1539916992188,841.0999755859375,848.4500122070312,832.0499877929688,835.0,1085441
2016-11-03,720.6944580078125,839.4000244140625,848.5,834.7000122070312,838.1500244140625,1975240
2016-11-04,728.0781860351562,848.0,866.4000244140625,842.5,849.0,2273336
2016-11-07,719.1920166015625,837.6500244140625,851.75,834.5499877929688,850.0,803129
2016-11-08,725.1591186523438,844.5999755859375,846.75,836.0999755859375,838.4500122070312,797363
2016-11-09,711.1641235351562,828.2999877929688,835.3499755859375,799.0,820.0,2122893
2016-11-10,702.7930297851562,818.5499877929688,841.9000244140625,813.7999877929688,840.0,1017007
2016-11-11,688.3687133789062,801.75,815.0,798.0999755859375,815.0,1758762
2016-11-15,691.5455932617188,805.4500122070312,809.7999877929688,783.25,804.0,2007604
2016-11-16,694.3787841796875,808.75,813.5,798.0,809.0,2677282
2016-11-17,696.8687744140625,811.6500244140625,816.0,803.0,808.75,665671
2016-11-18,689.3132934570312,802.8499755859375,814.7999877929688,795.5499877929688,813.0,1462211
2016-11-21,684.9344482421875,797.75,805.7999877929688,792.6500244140625,802.8499755859375,993597
2016-11-22,703.9519653320312,819.9000244140625,822.5,802.7999877929688,806.2999877929688,1226008
2016-11-23,714.0833129882812,831.7000122070312,834.0,815.0999755859375,820.3499755859375,1254013
2016-11-24,708.5884399414062,825.2999877929688,834.5,820.5499877929688,828.7999877929688,1588843
2016-11-25,715.7147216796875,833.5999755859375,838.0,825.6500244140625,830.0,788448
2016-11-28,719.363525390625,837.8499755859375,841.9500122070312,829.0,830.4500122070312,930063
2016-11-29,714.9420776367188,832.7000122070312,841.0,830.25,837.0,1157881
2016-11-30,724.6439208984375,844.0,850.2999877929688,831.0499877929688,835.25,2734453
2016-12-01,728.1640625,848.0999755859375,855.7000122070312,840.9000244140625,844.0,951938
2016-12-02,713.86865234375,831.4500122070312,848.4000244140625,828.1500244140625,845.0,623704
2016-12-05,725.4166259765625,844.9000244140625,851.4000244140625,832.0,832.9000244140625,760110
2016-12-06,717.7753295898438,836.0,849.7999877929688,833.2000122070312,845.4000244140625,611314
2016-12-07,715.8005981445312,833.7000122070312,844.0,832.0499877929688,839.8499755859375,394177
2016-12-08,723.7852783203125,843.0,846.7999877929688,836.0,836.0,609858
2016-12-09,725.54541015625,845.0499877929688,847.0,836.3499755859375,839.9000244140625,463868
2016-12-12,714.8561401367188,832.5999755859375,845.8499755859375,830.3499755859375,845.0,317031
2016-12-13,713.6112060546875,831.1500244140625,836.4000244140625,824.9000244140625,834.0,716723
2016-12-14,705.583251953125,821.7999877929688,832.8499755859375,818.7999877929688,831.0,418711
2016-12-15,700.646484375,816.0499877929688,823.7000122070312,813.6500244140625,818.0,552176
2016-12-16,701.4190673828125,816.9500122070312,827.0,813.5999755859375,817.5,907271
2016-12-19,695.2373657226562,809.75,817.7999877929688,808.0,817.0,709550
2016-12-20,688.0682983398438,801.4000244140625,812.75,798.4500122070312,808.75,1057366
2016-12-21,684.1188354492188,796.7999877929688,805.0,795.9000244140625,802.0,1024157
2016-12-22,675.7476196289062,787.0499877929688,802.5,783.8499755859375,796.0,1147406
2016-12-23,677.85107421875,789.5,799.4000244140625,781.9500122070312,786.5,893290
2016-12-26,688.4116821289062,801.7999877929688,804.9000244140625,785.0499877929688,788.0,686679
2016-12-27,692.6617431640625,806.75,808.5,796.5999755859375,801.9000244140625,552306
2016-12-28,695.709716796875,810.2999877929688,821.2000122070312,806.0,808.0,811567
2016-12-29,702.75,818.5,821.9500122070312,806.5499877929688,811.25,1295881
2016-12-30,709.489990234375,826.3499755859375,829.4500122070312,818.5,819.4500122070312,709395
2017-01-02,708.6312866210938,825.3499755859375,828.0,819.0999755859375,828.0,439748
2017-01-03,712.4951171875,829.8499755859375,832.7999877929688,819.5,826.4500122070312,617599
2017-01-04,705.4117431640625,821.5999755859375,837.4000244140625,816.5499877929688,829.8499755859375,1298675
2017-01-05,715.328369140625,833.1500244140625,835.75,822.0,824.9000244140625,800848
2017-01-06,715.843505859375,833.75,874.7999877929688,831.7000122070312,832.9000244140625,545826
2017-01-09,713.5252685546875,831.0499877929688,838.5499877929688,828.3499755859375,838.0,323290
2017-01-10,713.0960083007812,830.5499877929688,835.9500122070312,829.0,833.7999877929688,337793
2017-01-11,722.4974975585938,841.5,845.0,830.0999755859375,832.0999755859375,867646
2017-01-12,709.103515625,825.9000244140625,843.7000122070312,824.7000122070312,843.7000122070312,985100
2017-01-13,710.8638305664062,827.9500122070312,835.5999755859375,825.0999755859375,830.0,567779
2017-01-16,710.4774780273438,827.5,831.3499755859375,822.4500122070312,828.0,472383
2017-01-17,721.7677001953125,840.6500244140625,843.0,826.75,826.75,1081184
2017-01-18,742.6312255859375,864.9500122070312,867.75,837.5999755859375,840.7000122070312,2032995
2017-01-19,738.6388549804688,860.2999877929688,875.9500122070312,858.5499877929688,865.4000244140625,1350359
2017-01-20,738.767578125,860.4500122070312,872.0,854.5,855.2000122070312,1032081
2017-01-23,740.4418334960938,862.4000244140625,866.7999877929688,851.5499877929688,854.5999755859375,1615902
2017-01-24,738.6815795898438,860.3499755859375,862.4000244140625,842.0999755859375,856.0,1843785
2017-01-25,746.2802124023438,869.2000122070312,869.9500122070312,855.9500122070312,857.0,1360342
2017-01-27,734.9039306640625,855.9500122070312,875.7000122070312,853.7999877929688,869.0,1272497
2017-01-30,732.8433227539062,853.5499877929688,863.2000122070312,851.1500244140625,856.9500122070312,600766
2017-01-31,734.4318237304688,855.4000244140625,862.9000244140625,851.25,856.0,1210100
2017-02-01,733.2725830078125,854.0499877929688,867.5499877929688,849.2000122070312,857.0,1750447
2017-02-02,725.7601928710938,845.2999877929688,858.7999877929688,841.7999877929688,857.5,1617828
2017-02-03,729.580810546875,849.75,852.4500122070312,838.5999755859375,845.0,999913
2017-02-06,738.8534545898438,860.5499877929688,862.0,850.0,850.0499877929688,1007603
2017-02-07,734.302978515625,855.25,863.2999877929688,851.0,863.0,866921
2017-02-08,732.3281860351562,852.9500122070312,859.9000244140625,847.3499755859375,859.9000244140625,995337
2017-02-09,730.4393920898438,850.75,856.0999755859375,843.5,856.0,884351
2017-02-10,730.5679931640625,850.9000244140625,858.4000244140625,847.6500244140625,848.25,648644
2017-02-13,740.3560180664062,862.2999877929688,864.75,852.4500122070312,854.9500122070312,688095
2017-02-14,728.2071533203125,848.1500244140625,868.0499877929688,845.0,863.0,1294385
2017-02-15,729.83837890625,850.0499877929688,852.5,843.4000244140625,848.5499877929688,863541
2017-02-16,726.4468994140625,846.0999755859375,852.5,844.0499877929688,852.0,529692
2017-02-17,722.2827758789062,841.25,847.9500122070312,837.5,847.0,917969
2017-02-20,733.6160888671875,854.4500122070312,858.0,847.5,850.7000122070312,1511663
2017-02-21,740.7423706054688,862.75,866.5999755859375,852.0499877929688,853.5,1061217
2017-02-22,741.9443359375,864.1500244140625,869.0,852.0,866.0,1996095
2017-02-23,736.8787231445312,858.25,872.0,856.25,870.9000244140625,1313518
2017-02-27,743.9191284179688,866.4500122070312,870.5499877929688,854.25,859.0499877929688,1194357
2017-02-28,743.4468383789062,865.9000244140625,868.4500122070312,858.1500244140625,865.5,1409380
2017-03-01,751.6892700195312,875.5,880.9000244140625,862.9500122070312,868.4000244140625,1199589
2017-03-02,753.4064331054688,877.5,883.0,873.3499755859375,878.0,1116347
2017-03-03,753.10595703125,877.1500244140625,879.75,870.9000244140625,878.0,909059
2017-03-06,749.6286010742188,873.0999755859375,883.1500244140625,866.25,877.0,620823
2017-03-07,748.7271728515625,872.0499877929688,874.9500122070312,868.1500244140625,874.0999755859375,581168
2017-03-08,748.083251953125,871.2999877929688,876.1500244140625,863.25,870.0,689050
2017-03-09,747.2247314453125,870.2999877929688,872.0,862.2000122070312,868.9000244140625,649123
2017-03-10,751.431640625,875.2000122070312,877.75,867.4000244140625,871.0,1533750
2017-03-14,784.5301513671875,913.75,915.0,879.0499877929688,881.2000122070312,2763421
2017-03-15,773.15380859375,900.5,917.2000122070312,899.0,910.0,1247829
2017-03-16,778.0478515625,906.2000122070312,912.4000244140625,895.3499755859375,908.0,1052674
2017-03-17,774.9138793945312,902.5499877929688,911.0,900.0,907.5499877929688,2071209
2017-03-20,771.393798828125,898.4500122070312,915.25,896.0,900.5499877929688,849554
2017-03-21,775.6867065429688,903.4500122070312,907.0999755859375,888.2999877929688,898.7999877929688,1016256
2017-03-22,776.974609375,904.9500122070312,908.0,894.0499877929688,894.0499877929688,928431
2017-03-23,774.441650390625,902.0,909.0,898.1500244140625,905.0,737393
2017-03-24,772.8963012695312,900.2000122070312,905.2000122070312,897.0,901.0,809976
2017-03-27,771.6943359375,898.7999877929688,913.3499755859375,895.0999755859375,899.8499755859375,2830764
2017-03-28,775.385986328125,903.0999755859375,905.0,897.5,900.0,565803
2017-03-29,783.499755859375,912.5499877929688,914.9000244140625,900.3499755859375,904.2000122070312,1067420
2017-03-30,789.2094116210938,919.2000122070312,923.7999877929688,909.2000122070312,911.0999755859375,2105056
2017-03-31,782.81298828125,911.75,920.25,905.2000122070312,919.2000122070312,1454650
2017-04-03,790.454345703125,920.6500244140625,924.3499755859375,904.4000244140625,914.0,832000
2017-04-05,803.0755615234375,935.3499755859375,937.4500122070312,918.1500244140625,918.1500244140625,2246395
2017-04-06,802.474365234375,934.6500244140625,936.25,921.0,930.8499755859375,1588953
2017-04-07,793.759765625,924.5,932.7000122070312,921.2000122070312,925.7000122070312,770117
2017-04-10,795.0046997070312,925.9500122070312,929.7000122070312,916.0,922.7999877929688,460843
2017-04-11,793.072998046875,923.7000122070312,925.7999877929688,917.25,922.9500122070312,715100
2017-04-12,793.115966796875,923.75,925.7000122070312,918.4500122070312,920.2000122070312,2006885
2017-04-13,793.2018432617188,923.8499755859375,929.2000122070312,918.5,921.8499755859375,1200252
2017-04-17,784.7876586914062,914.0499877929688,923.7999877929688,912.0999755859375,923.0,449115
2017-04-18,783.6714477539062,912.75,920.9500122070312,911.0499877929688,915.0,605252
2017-04-19,780.0654907226562,908.5499877929688,918.4500122070312,906.0,914.5999755859375,1245002
2017-04-20,786.204345703125,915.7000122070312,917.5999755859375,906.25,912.0,1955164
2017-04-21,778.219482421875,906.4000244140625,923.9000244140625,903.5,919.5,761841
2017-04-24,776.6309814453125,904.5499877929688,909.9000244140625,898.5499877929688,909.9000244140625,789135
2017-04-25,793.3305053710938,924.0,927.0,903.0499877929688,907.0,1105317
2017-04-26,808.2269287109375,941.3499755859375,945.0,920.2999877929688,924.0,1296199
2017-04-27,813.3355102539062,947.2999877929688,951.0,936.2000122070312,941.0999755859375,1096343
2017-04-28,802.7320556640625,934.9500122070312,945.5,932.1500244140625,944.0,3585324
2017-05-02,796.8507080078125,928.0999755859375,937.25,924.0,930.2000122070312,1615426
2017-05-03,801.9163818359375,934.0,936.9500122070312,922.5999755859375,933.0,977037
2017-05-04,821.40625,956.7000122070312,960.0,933.7999877929688,934.25,1234682
2017-05-05,819.002197265625,953.9000244140625,959.4500122070312,949.2999877929688,953.5,571239
2017-05-08,819.8177490234375,954.8499755859375,960.0,946.0499877929688,955.0,672197
2017-05-09,817.4137573242188,952.0499877929688,958.0,947.5,957.0,1292861
2017-05-10,855.4490356445312,996.3499755859375,999.0,954.0999755859375,954.0999755859375,2928370
2017-05-11,840.3379516601562,978.75,996.0,975.9500122070312,994.4000244140625,1354465
2017-05-12,841.5828247070312,980.2000122070312,988.0,970.25,978.2999877929688,890243
2017-05-15,844.20166015625,983.25,988.8499755859375,974.5499877929688,981.2999877929688,734446
2017-05-16,858.92626953125,1000.4000244140625,1002.5,982.0499877929688,983.0,1503815
2017-05-17,866.6533813476562,1009.4000244140625,1012.0,991.0999755859375,1004.0,1999387
2017-05-18,850.2116088867188,990.25,1009.0,983.0,1008.0,2690943
2017-05-19,865.4514770507812,1008.0,1022.75,1000.0,1000.0,3059815
2017-05-22,874.5525512695312,1018.5999755859375,1028.199951171875,1009.0,1011.3499755859375,1788720
2017-05-23,879.8757934570312,1024.800048828125,1032.0,1014.0,1018.7999877929688,2640069
2017-05-24,891.2518920898438,1038.050048828125,1040.0,1023.5,1026.550048828125,1992083
2017-05-25,895.8883056640625,1043.449951171875,1050.0,1030.300048828125,1037.9000244140625,1918721
2017-05-26,893.74169921875,1040.949951171875,1046.949951171875,1032.4000244140625,1042.050048828125,716421
2017-05-29,920.6154174804688,1072.25,1077.0,1038.75,1041.0,1771026
2017-05-30,920.9158325195312,1072.5999755859375,1074.949951171875,1053.300048828125,1071.0999755859375,890684
2017-05-31,916.1077880859375,1067.0,1074.449951171875,1061.050048828125,1065.800048828125,2226704
2017-06-01,940.4486694335938,1095.3499755859375,1099.449951171875,1061.199951171875,1067.0,1782269
2017-06-02,932.7643432617188,1086.4000244140625,1103.0,1046.0999755859375,1100.050048828125,2216247
2017-06-05,942.50927734375,1097.75,1101.300048828125,1088.0,1092.0,612171
2017-06-06,937.18603515625,1091.550048828125,1101.800048828125,1087.0,1097.949951171875,1203091
2017-06-07,949.8932495117188,1106.3499755859375,1114.25,1091.5,1105.199951171875,2392047
2017-06-08,938.8602294921875,1093.5,1115.0,1088.550048828125,1106.699951171875,935574
2017-06-09,940.4486694335938,1095.3499755859375,1105.4000244140625,1090.0,1091.0,691085
2017-06-12,944.1408081054688,1099.6500244140625,1105.0,1083.0,1096.0,1059705
2017-06-13,946.8023681640625,1102.75,1109.3499755859375,1095.050048828125,1096.0,1040661
2017-06-14,956.20361328125,1113.699951171875,1119.5999755859375,1094.199951171875,1105.0,1139136
2017-06-15,947.875244140625,1104.0,1121.5,1101.5999755859375,1117.5,1051935
2017-06-16,937.4007568359375,1091.800048828125,1110.8499755859375,1088.449951171875,1104.0,1550451
2017-06-19,940.7062377929688,1095.6500244140625,1101.0,1090.300048828125,1094.4000244140625,859068
2017-06-20,938.47412109375,1093.050048828125,1101.0,1091.0999755859375,1098.8499755859375,1272735
2017-06-21,964.5748901367188,1123.449951171875,1129.0,1093.949951171875,1094.25,1411671
2017-06-22,947.7688598632812,1094.050048828125,1117.4000244140625,1092.050048828125,1117.0,1000211
2017-06-23,951.10400390625,1097.9000244140625,1102.75,1075.0,1093.9000244140625,1600881
2017-06-27,946.0796508789062,1092.0999755859375,1114.949951171875,1087.0,1096.5,1809437
2017-06-28,944.2603759765625,1090.0,1104.949951171875,1084.25,1095.0,1084236
2017-06-29,942.6145629882812,1088.0999755859375,1094.6500244140625,1084.25,1094.6500244140625,1771369
2017-06-30,935.2506713867188,1079.5999755859375,1092.699951171875,1064.0,1085.0,1501780
2017-07-03,950.9740600585938,1097.75,1100.0999755859375,1081.0999755859375,1093.0,823810
2017-07-04,942.6145629882812,1088.0999755859375,1112.0,1083.8499755859375,1104.4000244140625,938993
2017-07-05,950.0645751953125,1096.699951171875,1098.0,1082.050048828125,1087.0,364842
2017-07-06,946.426025390625,1092.5,1096.699951171875,1086.4000244140625,1096.699951171875,653440
2017-07-07,950.9306030273438,1097.699951171875,1109.9000244140625,1089.800048828125,1091.0,780216
2017-07-10,949.674560546875,1096.25,1104.949951171875,1090.0,1102.5,123910
2017-07-11,958.5107421875,1106.449951171875,1112.949951171875,1097.0,1102.0,1088867
2017-07-12,980.3412475585938,1131.6500244140625,1138.4000244140625,1105.0,1110.0,1749266
2017-07-13,982.9835815429688,1134.699951171875,1139.9000244140625,1131.0,1134.699951171875,1390586
2017-07-14,986.9686279296875,1139.300048828125,1144.949951171875,1125.300048828125,1135.0,1430776
2017-07-17,998.79345703125,1152.949951171875,1156.0,1130.050048828125,1140.0,1177146
2017-07-18,1003.0382080078125,1157.8499755859375,1169.800048828125,1147.300048828125,1153.25,3322231
2017-07-19,1000.0062255859375,1154.3499755859375,1195.050048828125,1135.5,1190.0,4799441
2017-07-20,998.750244140625,1152.9000244140625,1161.050048828125,1145.0,1155.449951171875,1295206
2017-07-21,1003.7314453125,1158.6500244140625,1164.199951171875,1145.0,1158.9000244140625,1690899
2017-07-24,1004.3379516601562,1159.3499755859375,1164.300048828125,1154.050048828125,1162.0,1102676
2017-07-25,995.8912963867188,1149.5999755859375,1161.0,1143.0,1155.550048828125,1686360
2017-07-26,1008.8425903320312,1164.550048828125,1167.0,1141.3499755859375,1154.0,1563285
2017-07-27,1015.2100219726562,1171.9000244140625,1192.449951171875,1162.1500244140625,1163.800048828125,2090566
2017-07-28,999.5731201171875,1153.8499755859375,1168.5999755859375,1141.5999755859375,1168.5999755859375,860381
2017-07-31,1001.2191772460938,1155.75,1162.5999755859375,1142.0999755859375,1159.949951171875,955459
2017-08-01,1016.985595703125,1173.949951171875,1176.9000244140625,1154.0,1154.0,1359063
2017-08-02,1012.4810791015625,1168.75,1175.0,1159.699951171875,1174.0,587711
2017-08-03,1013.4772338867188,1169.9000244140625,1179.5999755859375,1158.0,1165.5,597333
2017-08-04,1032.708984375,1192.0999755859375,1196.300048828125,1162.0,1162.0,1116836
2017-08-07,1027.6845703125,1186.300048828125,1193.0999755859375,1171.3499755859375,1173.0,868190
2017-08-08,1031.7559814453125,1191.0,1209.0,1181.0,1181.699951171875,1329938
2017-08-09,1026.8612060546875,1185.3499755859375,1195.5,1176.3499755859375,1189.5,833002
2017-08-10,1014.1703491210938,1170.699951171875,1183.5999755859375,1166.199951171875,1174.8499755859375,699787
2017-08-11,998.6638793945312,1152.800048828125,1174.800048828125,1143.550048828125,1160.050048828125,861457
2017-08-14,1001.1759033203125,1155.699951171875,1169.9000244140625,1147.199951171875,1154.5,526828
2017-08-16,1027.727783203125,1186.3499755859375,1190.5999755859375,1151.0,1151.0,1366648
2017-08-17,1019.8878173828125,1177.300048828125,1185.0,1165.0,1185.0,961319
2017-08-18,1041.4586181640625,1202.199951171875,1206.300048828125,1169.449951171875,1170.0,1407292
2017-08-21,1032.145751953125,1191.449951171875,1208.0,1182.3499755859375,1202.300048828125,965962
2017-08-22,1039.2061767578125,1199.5999755859375,1207.3499755859375,1188.050048828125,1206.300048828125,916218
2017-08-23,1029.2872314453125,1188.1500244140625,1195.449951171875,1183.0,1195.0999755859375,831796
2017-08-24,1021.9666748046875,1179.699951171875,1189.699951171875,1175.300048828125,1188.0,780599
2017-08-28,1039.2926025390625,1199.699951171875,1202.8499755859375,1178.75,1181.3499755859375,630713
2017-08-29,1031.279541015625,1190.449951171875,1198.550048828125,1183.0,1195.1500244140625,1002082
2017-08-30,1043.278076171875,1204.300048828125,1209.5999755859375,1187.25,1197.5,666156
2017-08-31,1056.661865234375,1219.75,1222.800048828125,1194.300048828125,1201.8499755859375,1425125
2017-09-01,1053.5433349609375,1216.1500244140625,1222.0,1207.1500244140625,1216.25,622867
2017-09-04,1037.08349609375,1197.1500244140625,1214.8499755859375,1193.75,1214.8499755859375,586791
2017-09-05,1044.0574951171875,1205.199951171875,1211.5,1192.300048828125,1196.4000244140625,699191
2017-09-06,1045.0968017578125,1206.4000244140625,1212.0,1200.300048828125,1202.0,670064
2017-09-07,1047.1329345703125,1208.75,1221.75,1203.699951171875,1209.0,781792
2017-09-08,1046.093505859375,1207.550048828125,1218.3499755859375,1202.0999755859375,1210.25,663219
2017-09-11,1056.7921142578125,1219.9000244140625,1232.0,1206.0,1206.0,794869
2017-09-12,1082.69384765625,1249.800048828125,1255.0,1223.0,1224.0,1164498
2017-09-13,1083.6903076171875,1250.949951171875,1259.0,1245.199951171875,1250.0,848136
2017-09-14,1081.0050048828125,1247.8499755859375,1262.0999755859375,1230.0999755859375,1262.0999755859375,1239363
2017-09-15,1079.4022216796875,1246.0,1256.800048828125,1235.5999755859375,1242.0999755859375,1333125
2017-09-18,1108.8992919921875,1280.050048828125,1285.949951171875,1246.0,1250.0,781532
2017-09-19,1108.25,1279.300048828125,1287.5999755859375,1273.550048828125,1287.5999755859375,563558
2017-09-20,1090.9671630859375,1259.3499755859375,1281.3499755859375,1255.0999755859375,1280.0,1179496
2017-09-21,1088.671630859375,1256.699951171875,1261.9000244140625,1248.0,1261.0,913615
2017-09-22,1073.5113525390625,1239.199951171875,1252.25,1234.0999755859375,1252.199951171875,1208698
2017-09-25,1080.3988037109375,1247.1500244140625,1259.0,1237.5,1239.9000244140625,1271436
2017-09-26,1054.5828857421875,1217.3499755859375,1261.0999755859375,1201.050048828125,1261.0999755859375,1751337
2017-09-27,1044.663818359375,1205.9000244140625,1217.5,1188.0,1217.0,2299025
2017-09-28,1041.9783935546875,1202.800048828125,1212.949951171875,1192.1500244140625,1205.800048828125,3007522
2017-09-29,1016.9427490234375,1173.9000244140625,1209.800048828125,1169.0,1209.800048828125,2274339
2017-10-03,1027.727783203125,1186.3499755859375,1191.8499755859375,1171.0,1176.5,1970990
2017-10-04,1037.3870849609375,1197.5,1204.5,1178.699951171875,1191.0999755859375,2448425
2017-10-05,1028.8541259765625,1187.6500244140625,1204.5,1183.199951171875,1204.3499755859375,2305862
2017-10-06,1045.876708984375,1207.300048828125,1211.5999755859375,1192.1500244140625,1193.0,508700
2017-10-09,1057.094970703125,1220.25,1223.3499755859375,1205.050048828125,1217.5,720819
2017-10-10,1047.5225830078125,1209.199951171875,1230.3499755859375,1205.0,1224.0999755859375,802675
2017-10-11,1055.189453125,1218.050048828125,1220.5,1198.5999755859375,1215.0,1096016
2017-10-12,1075.07080078125,1241.0,1245.0,1216.25,1220.050048828125,982442
2017-10-13,1081.654541015625,1248.5999755859375,1253.0,1231.199951171875,1238.0,840717
2017-10-16,1109.9822998046875,1281.300048828125,1287.5,1249.949951171875,1250.0,1276141
2017-10-17,1110.7186279296875,1282.1500244140625,1288.6500244140625,1271.0,1285.0,654497
2017-10-18,1094.9521484375,1263.949951171875,1282.5999755859375,1260.0,1277.0,697765
2017-10-19,1089.5377197265625,1257.699951171875,1270.0,1253.699951171875,1265.0,67835
2017-10-23,1082.82421875,1249.949951171875,1277.5999755859375,1238.5999755859375,1266.0,791883
2017-10-24,1100.236572265625,1270.050048828125,1274.0,1254.0,1254.9000244140625,1055569
2017-10-25,1102.315673828125,1272.449951171875,1283.4000244140625,1265.0999755859375,1281.0,1332232
2017-10-26,1103.3985595703125,1273.699951171875,1285.0,1253.5,1285.0,2321903
2017-10-27,1091.6602783203125,1260.1500244140625,1273.699951171875,1246.0,1273.699951171875,875032
2017-10-30,1069.1796875,1234.199951171875,1269.449951171875,1230.0,1260.0,1063165
2017-10-31,1071.995361328125,1237.449951171875,1249.9000244140625,1230.449951171875,1241.0,722440
2017-11-01,1096.888916015625,1258.0,1263.0,1238.0,1238.699951171875,1243886
2017-11-02,1082.5020751953125,1241.5,1261.050048828125,1238.050048828125,1261.0,762274
2017-11-03,1080.758056640625,1239.5,1245.0,1232.0,1245.0,656886
2017-11-06,1081.71728515625,1240.5999755859375,1249.5,1234.949951171875,1239.0,532305
2017-11-07,1076.1368408203125,1234.199951171875,1252.199951171875,1226.3499755859375,1235.0999755859375,949224
2017-11-08,1077.09619140625,1235.300048828125,1247.9000244140625,1228.5999755859375,1240.3499755859375,872203
2017-11-09,1092.4422607421875,1252.9000244140625,1286.050048828125,1241.199951171875,1249.5,1417669
2017-11-10,1125.3575439453125,1290.6500244140625,1299.25,1244.300048828125,1254.6500244140625,1933002
2017-11-13,1115.6357421875,1279.5,1315.0,1269.25,1295.0,1413270
2017-11-14,1119.471923828125,1283.9000244140625,1289.0,1279.25,1286.0999755859375,1131348
2017-11-15,1102.9925537109375,1265.0,1285.0,1258.550048828125,1283.9000244140625,1195740
2017-11-16,1113.01953125,1276.5,1287.0,1246.1500244140625,1270.0,911479
2017-11-17,1114.458251953125,1278.1500244140625,1297.4000244140625,1271.300048828125,1282.0,1134503
2017-11-20,1111.2760009765625,1274.5,1281.1500244140625,1266.1500244140625,1280.0,707096
2017-11-21,1113.7607421875,1277.3499755859375,1285.0,1272.0,1275.0,828746
2017-11-22,1107.744384765625,1270.449951171875,1277.0,1263.6500244140625,1275.0,646368
2017-11-23,1105.17236328125,1267.5,1276.0,1262.0,1275.0,891839
2017-11-24,1103.820556640625,1265.949951171875,1270.0,1253.0,1269.4000244140625,971523
2017-11-27,1098.8946533203125,1260.300048828125,1266.9000244140625,1250.550048828125,1261.0,763155
2017-11-28,1105.4774169921875,1267.8499755859375,1272.949951171875,1262.4000244140625,1263.0,975006
2017-11-29,1112.7144775390625,1276.1500244140625,1281.0999755859375,1263.5,1267.8499755859375,819468
2017-11-30,1109.4884033203125,1272.449951171875,1276.1500244140625,1258.0,1273.0,2308732
2017-12-01,1090.349609375,1250.5,1278.75,1245.25,1272.449951171875,470360
2017-12-04,1106.1314697265625,1268.5999755859375,1274.0,1241.199951171875,1256.6500244140625,833814
2017-12-05,1099.5047607421875,1261.0,1274.0,1255.0,1274.0,862459
2017-12-06,1112.2349853515625,1275.5999755859375,1282.300048828125,1255.5999755859375,1258.25,1516859
2017-12-07,1126.4910888671875,1291.949951171875,1298.8499755859375,1272.050048828125,1277.199951171875,1407824
2017-12-08,1156.7470703125,1326.6500244140625,1331.0,1291.300048828125,1296.4000244140625,1267860
2017-12-11,1154.4801025390625,1324.050048828125,1329.0,1311.6500244140625,1329.0,597953
2017-12-12,1146.2838134765625,1314.6500244140625,1324.0,1308.6500244140625,1319.0999755859375,873443
2017-12-13,1146.6324462890625,1315.050048828125,1337.0,1306.199951171875,1319.4000244140625,917877
2017-12-14,1152.3438720703125,1321.5999755859375,1326.8499755859375,1304.25,1314.0,834383
2017-12-15,1154.916015625,1324.550048828125,1335.0,1310.5999755859375,1328.300048828125,1420357
2017-12-18,1161.19384765625,1331.75,1345.0,1300.949951171875,1320.0,918171
2017-12-19,1176.844970703125,1349.699951171875,1352.0,1326.5,1333.0999755859375,1227087
2017-12-20,1188.136474609375,1362.6500244140625,1367.949951171875,1333.5,1346.199951171875,1198943
2017-12-21,1175.7550048828125,1348.449951171875,1365.1500244140625,1345.0999755859375,1365.0,557871
2017-12-22,1182.7742919921875,1356.5,1359.5,1341.300048828125,1341.300048828125,561400
2017-12-26,1175.44970703125,1348.0999755859375,1353.9000244140625,1340.0,1350.4000244140625,913529
2017-12-27,1179.2427978515625,1352.449951171875,1364.0,1342.6500244140625,1350.800048828125,569851
2017-12-28,1181.0303955078125,1354.5,1382.800048828125,1348.800048828125,1358.0,2608574
2017-12-29,1192.67041015625,1367.8499755859375,1374.9000244140625,1350.0,1359.0,799006
2018-01-01,1172.31103515625,1344.5,1367.0,1340.050048828125,1367.0,746852
2018-01-02,1167.1663818359375,1338.5999755859375,1349.800048828125,1328.550048828125,1345.0,695988
2018-01-03,1177.41162109375,1350.3499755859375,1356.800048828125,1335.0,1344.699951171875,832810
2018-01-04,1179.068359375,1352.25,1356.1500244140625,1341.449951171875,1350.0999755859375,640189
2018-01-05,1182.8179931640625,1356.550048828125,1362.949951171875,1348.25,1351.0,568451
2018-01-08,1193.1500244140625,1368.4000244140625,1371.0,1348.5999755859375,1348.5999755859375,801796
2018-01-09,1186.9595947265625,1361.300048828125,1375.9000244140625,1356.0,1374.0,708386
2018-01-10,1190.883056640625,1365.800048828125,1370.0,1355.0,1361.3499755859375,939525
2018-01-11,1202.087646484375,1378.6500244140625,1382.9000244140625,1357.0,1357.0,629248
2018-01-12,1198.0328369140625,1374.0,1384.4000244140625,1357.0,1380.800048828125,872539
2018-01-15,1192.10400390625,1367.199951171875,1375.5999755859375,1364.0,1375.5999755859375,1324592
2018-01-16,1205.00830078125,1382.0,1389.5,1363.75,1369.300048828125,896453
2018-01-17,1195.591552734375,1371.199951171875,1391.0,1366.25,1389.0,1409691
2018-01-18,1183.1663818359375,1356.949951171875,1406.9000244140625,1350.5999755859375,1400.0,2465412
2018-01-19,1187.9620361328125,1362.449951171875,1372.8499755859375,1350.050048828125,1370.4000244140625,1491194
2018-01-22,1181.553466796875,1355.0999755859375,1365.0,1346.449951171875,1363.0,1014403
2018-01-23,1193.1065673828125,1368.3499755859375,1372.3499755859375,1350.050048828125,1360.699951171875,1284895
2018-01-24,1190.97021484375,1365.9000244140625,1372.0,1335.050048828125,1368.0,1819330
2018-01-25,1196.9429931640625,1372.75,1378.0,1359.550048828125,1368.9000244140625,2125894
2018-01-29,1218.348876953125,1397.300048828125,1400.0,1367.199951171875,1370.0,1406390
2018-01-30,1220.921142578125,1400.25,1410.0,1390.0999755859375,1397.300048828125,1310365
2018-01-31,1193.978515625,1369.3499755859375,1400.0,1362.5999755859375,1400.0,1491912
2018-02-01,1195.6351318359375,1371.25,1384.800048828125,1351.0,1373.0,1563429
2018-02-02,1196.4632568359375,1372.199951171875,1377.9000244140625,1352.0,1352.0,1699619
2018-02-05,1182.1202392578125,1355.75,1361.449951171875,1341.25,1352.0999755859375,1585136
2018-02-06,1155.6136474609375,1325.3499755859375,1348.5,1299.0,1300.0,1540401
2018-02-07,1144.5401611328125,1312.6500244140625,1330.0,1307.050048828125,1322.0,1561287
2018-02-08,1159.2757568359375,1329.550048828125,1337.550048828125,1305.25,1325.699951171875,1146084
2018-02-09,1162.32763671875,1333.050048828125,1340.0,1311.800048828125,1319.0,810004
2018-02-12,1172.267333984375,1344.449951171875,1349.9000244140625,1333.1500244140625,1340.0,1166428
2018-02-14,1176.58349609375,1349.4000244140625,1353.199951171875,1332.0,1349.800048828125,857401
2018-02-15,1184.212890625,1358.1500244140625,1364.449951171875,1338.75,1353.0,844856
2018-02-16,1178.9376220703125,1352.0999755859375,1364.0,1348.0,1364.0,1091144
2018-02-19,1164.812255859375,1335.9000244140625,1359.0,1328.800048828125,1359.0,495950
2018-02-20,1161.2374267578125,1331.800048828125,1343.3499755859375,1327.8499755859375,1332.1500244140625,688130
2018-02-21,1160.1910400390625,1330.5999755859375,1339.0,1323.0,1339.0,1406451
2018-02-22,1156.572509765625,1326.449951171875,1333.800048828125,1313.25,1330.0999755859375,2173259
2018-02-23,1153.6953125,1323.1500244140625,1331.5999755859375,1320.199951171875,1326.5,896708
2018-02-26,1162.54541015625,1333.300048828125,1338.4000244140625,1316.25,1316.25,1109668
2018-02-27,1173.92431640625,1346.3499755859375,1352.5,1334.0999755859375,1340.0,1316559
2018-02-28,1148.987060546875,1317.75,1338.5,1311.0,1338.4000244140625,1862621
2018-03-01,1154.6544189453125,1324.25,1329.0,1314.25,1320.0,961945
2018-03-05,1133.2921142578125,1299.75,1320.949951171875,1293.75,1320.0,842790
2018-03-06,1127.580810546875,1293.199951171875,1307.9000244140625,1289.199951171875,1300.0,738512
2018-03-07,1128.147705078125,1293.8499755859375,1307.5999755859375,1291.0999755859375,1293.050048828125,917890
2018-03-08,1127.5374755859375,1293.1500244140625,1305.550048828125,1284.199951171875,1300.0,739272
2018-03-09,1134.1640625,1300.75,1303.0,1286.0999755859375,1295.0,852176
2018-03-12,1154.611083984375,1324.199951171875,1327.949951171875,1294.050048828125,1305.0,874857
2018-03-13,1151.428466796875,1320.550048828125,1331.449951171875,1313.699951171875,1324.9000244140625,1067772
2018-03-14,1148.2457275390625,1316.9000244140625,1325.0,1311.1500244140625,1317.4000244140625,760665
2018-03-15,1133.4661865234375,1299.949951171875,1320.0,1294.25,1313.9000244140625,536838
2018-03-16,1132.7689208984375,1299.1500244140625,1310.699951171875,1281.0999755859375,1303.0,3646692
2018-03-19,1141.70654296875,1309.4000244140625,1318.199951171875,1303.25,1308.0,1244199
2018-03-20,1145.063232421875,1313.25,1320.5,1306.0,1306.0,1249242
2018-03-21,1147.1119384765625,1315.5999755859375,1323.0999755859375,1305.0,1313.25,1698614
2018-03-22,1143.842529296875,1311.8499755859375,1320.5,1309.050048828125,1312.5,950972
2018-03-23,1134.948974609375,1301.6500244140625,1314.0,1283.800048828125,1290.0,1301609
2018-03-26,1154.697998046875,1324.300048828125,1329.9000244140625,1298.0,1303.0,1032138
2018-03-27,1162.109375,1332.800048828125,1340.0,1321.1500244140625,1339.0,1040328
2018-03-28,1162.5889892578125,1333.3499755859375,1339.4000244140625,1322.199951171875,1326.050048828125,1337677
2018-04-02,1178.2403564453125,1351.300048828125,1360.550048828125,1315.0,1315.0,708747
2018-04-03,1175.7115478515625,1348.4000244140625,1355.5,1338.6500244140625,1347.0999755859375,979726
2018-04-04,1183.6025390625,1357.449951171875,1360.0,1339.550048828125,1348.0,912607
2018-04-05,1205.1826171875,1382.199951171875,1383.800048828125,1362.699951171875,1380.0,588716
2018-04-06,1198.730712890625,1374.800048828125,1381.949951171875,1362.449951171875,1381.949951171875,633937
2018-04-09,1213.3790283203125,1391.5999755859375,1396.4000244140625,1367.5,1367.949951171875,923543
2018-04-10,1213.2919921875,1391.5,1402.800048828125,1387.0,1398.800048828125,969036
2018-04-11,1228.681396484375,1409.1500244140625,1420.5,1385.550048828125,1393.0,1015714
2018-04-12,1231.8201904296875,1412.75,1416.0,1397.0999755859375,1408.0,510556
2018-04-13,1229.9019775390625,1410.550048828125,1413.8499755859375,1399.199951171875,1412.0,534981
2018-04-16,1237.705810546875,1419.5,1423.199951171875,1404.8499755859375,1408.9000244140625,325041
2018-04-17,1260.419677734375,1445.550048828125,1450.5,1419.800048828125,1420.5,1176082
2018-04-18,1264.73583984375,1450.5,1456.1500244140625,1440.0,1450.5,765225
2018-04-19,1267.9620361328125,1454.199951171875,1467.9000244140625,1448.3499755859375,1451.4000244140625,682820
2018-04-20,1279.8201904296875,1467.800048828125,1472.1500244140625,1441.199951171875,1442.0,674146
2018-04-23,1266.6973876953125,1452.75,1471.0,1450.0,1471.0,395622
2018-04-24,1272.7138671875,1459.6500244140625,1469.75,1445.699951171875,1464.0,1218174
2018-04-25,1272.3212890625,1459.199951171875,1463.0,1449.050048828125,1459.0,504777
2018-04-26,1300.2666015625,1491.25,1498.5999755859375,1459.8499755859375,1463.0,1321586
2018-04-27,1285.182373046875,1473.949951171875,1497.5,1469.9000244140625,1491.25,818770
2018-04-30,1315.6563720703125,1508.9000244140625,1513.550048828125,1474.550048828125,1475.0,612159
2018-05-02,1283.4385986328125,1471.949951171875,1514.0,1464.6500244140625,1512.0,1047583
2018-05-03,1266.218017578125,1452.199951171875,1468.949951171875,1441.5999755859375,1465.5999755859375,1243694
2018-05-04,1276.6810302734375,1464.199951171875,1471.0,1447.6500244140625,1455.0,586841
2018-05-07,1306.065185546875,1497.9000244140625,1502.0,1465.0,1472.4000244140625,887065
2018-05-08,1304.4521484375,1496.050048828125,1504.800048828125,1478.5,1494.0,906975
2018-05-09,1304.408447265625,1496.0,1511.0,1486.25,1496.9000244140625,759263
2018-05-10,1296.1251220703125,1486.5,1506.8499755859375,1480.0,1494.0,932116
2018-05-11,1311.471435546875,1504.0999755859375,1506.0,1485.0999755859375,1489.0,591179
2018-05-14,1310.99169921875,1503.550048828125,1521.199951171875,1494.050048828125,1515.0,1479249
2018-05-15,1321.4112548828125,1515.5,1542.4000244140625,1510.5,1530.0,3239290
2018-05-16,1372.5064697265625,1574.0999755859375,1582.4000244140625,1506.5999755859375,1509.0,2420630
2018-05-17,1368.75732421875,1569.800048828125,1596.4000244140625,1560.25,1574.0999755859375,2082393
2018-05-18,1400.146484375,1605.800048828125,1612.5,1563.300048828125,1563.300048828125,2041908
2018-05-21,1376.4736328125,1578.6500244140625,1619.4000244140625,1573.050048828125,1613.0,1510806
2018-05-22,1372.6806640625,1574.300048828125,1588.949951171875,1558.199951171875,1565.75,1137466
2018-05-23,1367.274658203125,1568.0999755859375,1586.300048828125,1561.0,1567.0,891664
2018-05-24,1361.1712646484375,1561.0999755859375,1571.6500244140625,1550.050048828125,1570.0999755859375,915840
2018-05-25,1373.945068359375,1575.75,1591.25,1557.300048828125,1566.0,968884
2018-05-28,1380.1357421875,1582.8499755859375,1585.699951171875,1576.0,1585.0,563972
2018-05-29,1371.285400390625,1572.699951171875,1597.800048828125,1563.699951171875,1575.550048828125,944652
2018-05-30,1382.7080078125,1585.800048828125,1594.800048828125,1557.0,1569.5,1089156
2018-05-31,1405.07275390625,1611.449951171875,1617.6500244140625,1579.699951171875,1595.0,3315162
2018-06-01,1385.3675537109375,1588.8499755859375,1624.4000244140625,1581.0999755859375,1613.0,1444570
2018-06-04,1363.0020751953125,1563.199951171875,1590.0,1558.0,1590.0,857157
2018-06-05,1362.6534423828125,1562.800048828125,1573.0,1547.050048828125,1564.0,1531015
2018-06-06,1369.9339599609375,1571.1500244140625,1579.0,1557.449951171875,1561.0999755859375,1085135
2018-06-07,1397.748779296875,1603.050048828125,1606.699951171875,1575.0,1575.0,1479204
2018-06-08,1391.253173828125,1595.5999755859375,1601.25,1581.5,1599.9000244140625,760059
2018-06-11,1396.309814453125,1601.4000244140625,1617.0,1584.4000244140625,1596.0,905198
2018-06-12,1428.614990234375,1638.449951171875,1645.0,1590.4000244140625,1604.800048828125,1707972
2018-06-13,1413.57421875,1621.199951171875,1644.75,1619.5,1644.0,845842
2018-06-14,1403.459716796875,1609.5999755859375,1644.0,1598.300048828125,1617.800048828125,1348038
2018-06-15,1413.661376953125,1621.300048828125,1628.9000244140625,1590.0,1590.0,2101892
2018-06-18,1402.5443115234375,1608.550048828125,1639.0,1603.5,1629.949951171875,846403
2018-06-19,1395.961181640625,1601.0,1612.0,1589.699951171875,1603.5999755859375,1118708
2018-06-20,1397.18212890625,1602.4000244140625,1617.5999755859375,1597.0,1597.0,1535703
2018-06-21,1399.8614501953125,1593.449951171875,1610.5,1588.0,1594.0,1185462
2018-06-22,1412.7318115234375,1608.0999755859375,1610.699951171875,1581.0,1592.0,1098709
2018-06-25,1418.9251708984375,1615.1500244140625,1629.0,1607.4000244140625,1616.0,1082199
2018-06-26,1424.7230224609375,1621.75,1630.800048828125,1614.25,1615.0,759142
2018-06-27,1413.78564453125,1609.300048828125,1656.6500244140625,1598.3499755859375,1629.0,2251405
2018-06-28,1408.0313720703125,1602.75,1620.5,1596.0,1610.0,1177218
2018-06-29,1441.7664794921875,1641.1500244140625,1645.0,1605.449951171875,1605.449951171875,1722592
2018-07-02,1443.7869873046875,1643.449951171875,1647.75,1625.050048828125,1640.9000244140625,1099574
2018-07-03,1443.8306884765625,1643.5,1661.0999755859375,1635.0,1645.0,1381265
2018-07-04,1472.382568359375,1676.0,1682.4000244140625,1639.6500244140625,1642.0,1244751
2018-07-05,1482.924560546875,1688.0,1692.3499755859375,1668.4000244140625,1679.0,1449303
2018-07-06,1474.4029541015625,1678.300048828125,1697.6500244140625,1672.4000244140625,1689.0,1458899
2018-07-09,1486.3505859375,1691.9000244140625,1696.0,1674.0,1682.0,773248
2018-07-10,1482.0460205078125,1687.0,1698.8499755859375,1678.0999755859375,1693.25,1093651
2018-07-11,1509.4117431640625,1718.1500244140625,1721.0,1679.050048828125,1685.0,1158397
2018-07-12,1530.6712646484375,1742.3499755859375,1749.4000244140625,1718.25,1720.0,1471465
2018-07-13,1530.934814453125,1742.6500244140625,1750.050048828125,1724.0,1742.0,976456
2018-07-16,1538.490234375,1751.25,1779.0,1743.8499755859375,1749.800048828125,2218046
2018-07-17,1477.389892578125,1681.699951171875,1780.0,1678.199951171875,1767.0,6188478
2018-07-18,1444.05029296875,1643.75,1699.699951171875,1627.0,1693.0,2372869
2018-07-19,1447.301025390625,1647.449951171875,1670.0,1643.6500244140625,1651.9000244140625,1457149
2018-07-20,1454.68017578125,1655.8499755859375,1671.449951171875,1628.800048828125,1655.9000244140625,1734748
2018-07-23,1484.3740234375,1689.6500244140625,1702.949951171875,1660.550048828125,1668.949951171875,1382893
2018-07-24,1465.2666015625,1667.9000244140625,1709.699951171875,1662.449951171875,1700.0,1084438
2018-07-25,1452.132568359375,1652.949951171875,1679.449951171875,1638.25,1671.0,1526620
2018-07-26,1467.0673828125,1669.949951171875,1679.6500244140625,1645.050048828125,1655.0,2088548
2018-07-27,1457.4476318359375,1659.0,1674.800048828125,1641.449951171875,1670.0,1030665
2018-07-30,1483.53955078125,1688.699951171875,1692.0,1651.0,1666.25,1237254
2018-07-31,1521.2716064453125,1731.6500244140625,1737.449951171875,1681.699951171875,1690.0,1877744
2018-08-01,1523.599609375,1734.300048828125,1743.0,1718.5999755859375,1732.949951171875,1191134
2018-08-02,1536.0743408203125,1748.5,1759.75,1739.0,1742.25,1127209
2018-08-03,1548.81298828125,1763.0,1767.3499755859375,1746.9000244140625,1754.0,758933
2018-08-06,1520.085693359375,1730.300048828125,1760.0,1715.050048828125,1760.0,1629015
2018-08-07,1519.865966796875,1730.050048828125,1742.0,1724.0,1730.800048828125,863577
2018-08-08,1543.67333984375,1757.1500244140625,1763.0,1721.3499755859375,1728.0,1423256
2018-08-09,1541.0819091796875,1754.199951171875,1765.0,1738.199951171875,1761.5,939345
2018-08-10,1539.7640380859375,1752.699951171875,1763.5999755859375,1741.5,1750.0,730724
2018-08-13,1518.8114013671875,1728.8499755859375,1756.5,1725.75,1739.0,691024
2018-08-14,1532.3406982421875,1744.25,1759.300048828125,1729.0,1729.0,850399
2018-08-16,1526.322998046875,1737.4000244140625,1751.949951171875,1730.5999755859375,1741.0,638454
2018-08-17,1567.92041015625,1784.75,1788.5999755859375,1731.75,1741.0999755859375,1420289
2018-08-20,1561.112060546875,1777.0,1808.6500244140625,1773.199951171875,1790.0,924623
2018-08-21,1539.58837890625,1752.5,1777.0,1750.0,1777.0,1169476
2018-08-23,1557.422119140625,1772.800048828125,1783.5,1757.5,1764.949951171875,1375102
2018-08-24,1564.58203125,1780.949951171875,1789.0,1762.25,1773.25,866648
2018-08-27,1574.55322265625,1792.300048828125,1798.0,1778.699951171875,1791.0,627163
2018-08-28,1556.016357421875,1771.199951171875,1790.949951171875,1767.8499755859375,1789.0,991764
2018-08-29,1542.5313720703125,1755.8499755859375,1779.4000244140625,1751.25,1775.0,777922
2018-08-30,1557.4658203125,1772.8499755859375,1779.800048828125,1755.0,1755.0,1586926
2018-08-31,1563.835205078125,1780.0999755859375,1789.949951171875,1765.0,1777.0,1335542
2018-09-03,1492.6756591796875,1699.0999755859375,1791.5,1695.8499755859375,1791.5,1744229
2018-09-04,1450.59521484375,1651.199951171875,1697.949951171875,1623.8499755859375,1697.0,3852609
2018-09-05,1415.89453125,1611.699951171875,1647.550048828125,1596.0,1643.0,2693195
2018-09-06,1413.170654296875,1608.5999755859375,1636.5,1598.6500244140625,1623.449951171875,2008264
2018-09-07,1439.657958984375,1638.75,1644.699951171875,1601.0,1611.9000244140625,1571003
2018-09-10,1414.664306640625,1610.300048828125,1640.4000244140625,1604.0,1632.699951171875,1423511
2018-09-11,1397.4017333984375,1590.6500244140625,1624.0,1576.050048828125,1613.0,2381214
2018-09-12,1429.2034912109375,1626.8499755859375,1636.9000244140625,1587.5,1599.949951171875,1789295
2018-09-14,1431.3563232421875,1629.300048828125,1649.0,1612.5,1637.9000244140625,1920969
2018-09-17,1410.4031982421875,1605.449951171875,1626.0,1595.0,1620.0,904395
2018-09-18,1462.6746826171875,1664.949951171875,1670.949951171875,1618.0,1622.0,2932792
2018-09-19,1446.993408203125,1647.0999755859375,1678.5,1637.1500244140625,1671.0,1589108
2018-09-21,1424.327880859375,1621.300048828125,1656.9000244140625,1606.300048828125,1651.0,3032792
2018-09-24,1397.225830078125,1590.449951171875,1639.5,1564.0999755859375,1622.050048828125,1817390
2018-09-25,1432.7177734375,1630.8499755859375,1640.0,1577.050048828125,1600.0,1229970
2018-09-26,1415.0599365234375,1610.75,1649.0,1598.0,1644.4000244140625,980726
2018-09-27,1423.2734375,1620.0999755859375,1625.0,1603.199951171875,1610.0,1572603
2018-09-28,1412.995361328125,1608.4000244140625,1627.300048828125,1600.050048828125,1620.0999755859375,1735076
2018-10-01,1442.7764892578125,1642.300048828125,1652.4000244140625,1601.5999755859375,1606.5,1721675
2018-10-03,1422.17529296875,1618.8499755859375,1642.050048828125,1606.6500244140625,1642.0,1213562
2018-10-04,1382.73046875,1573.949951171875,1602.800048828125,1562.0999755859375,1600.0,1544573
2018-10-05,1369.2015380859375,1558.550048828125,1574.8499755859375,1528.5999755859375,1559.5,1638027
2018-10-08,1369.904052734375,1559.3499755859375,1570.4000244140625,1537.0999755859375,1551.0,1998863
2018-10-09,1328.7021484375,1512.449951171875,1570.0,1492.5,1563.0,1562134
2018-10-10,1342.0555419921875,1527.6500244140625,1543.199951171875,1490.550048828125,1512.5,2294071
2018-10-11,1340.6939697265625,1526.0999755859375,1540.0,1477.199951171875,1490.0,1823960
2018-10-12,1378.9090576171875,1569.5999755859375,1577.5,1540.0999755859375,1555.5,1728063
2018-10-15,1340.86962890625,1526.300048828125,1592.949951171875,1500.0,1549.699951171875,3913322
2018-10-16,1358.351806640625,1546.199951171875,1557.550048828125,1526.5,1535.699951171875,1374834
2018-10-17,1372.2322998046875,1562.0,1577.800048828125,1546.050048828125,1558.0999755859375,1223188
2018-10-19,1386.639892578125,1578.4000244140625,1585.75,1543.050048828125,1551.199951171875,932433
2018-10-22,1392.35009765625,1584.9000244140625,1590.0,1566.5999755859375,1588.0,614209
2018-10-23,1363.4910888671875,1552.050048828125,1582.0,1547.5,1575.550048828125,989355
2018-10-24,1393.2725830078125,1585.949951171875,1591.0,1552.4000244140625,1562.0,690618
2018-10-25,1388.501708984375,1571.550048828125,1591.75,1552.6500244140625,1574.0,2397242
2018-10-26,1376.7508544921875,1558.25,1579.5,1549.949951171875,1567.0999755859375,1049382
2018-10-29,1372.0240478515625,1552.9000244140625,1559.449951171875,1522.0,1559.449951171875,1478828
2018-10-30,1407.4976806640625,1593.050048828125,1603.5999755859375,1542.449951171875,1553.9000244140625,1366068
2018-10-31,1432.810302734375,1621.699951171875,1624.0,1561.949951171875,1593.0,1478902
2018-11-01,1420.39697265625,1607.6500244140625,1624.5,1583.550048828125,1624.5,1037308
2018-11-02,1447.6092529296875,1638.449951171875,1648.199951171875,1608.25,1610.699951171875,1332970
2018-11-05,1449.023193359375,1640.050048828125,1647.0,1610.0,1635.0,764645
2018-11-06,1441.8663330078125,1631.949951171875,1654.0,1620.0999755859375,1650.0,656676
2018-11-07,1452.3804931640625,1643.8499755859375,1646.949951171875,1634.4000244140625,1640.0,114827
2018-11-09,1477.7816162109375,1672.5999755859375,1680.0,1638.300048828125,1650.0,1125863
2018-11-12,1461.6131591796875,1654.300048828125,1681.949951171875,1649.199951171875,1672.0,805817
2018-11-13,1476.4564208984375,1671.0999755859375,1678.5999755859375,1636.550048828125,1644.0999755859375,673435
2018-11-14,1515.6845703125,1715.5,1739.5,1668.050048828125,1672.0,1780843
2018-11-15,1507.335693359375,1706.050048828125,1728.4000244140625,1696.6500244140625,1717.75,997169
2018-11-16,1492.359619140625,1689.0999755859375,1718.0,1683.300048828125,1704.9000244140625,1071547
2018-11-19,1503.22705078125,1701.4000244140625,1707.0,1677.0,1693.300048828125,910054
2018-11-20,1496.6890869140625,1694.0,1709.9000244140625,1685.050048828125,1701.0,740827
2018-11-21,1493.1107177734375,1689.949951171875,1706.0,1678.699951171875,1690.050048828125,932133
2018-11-22,1479.9906005859375,1675.0999755859375,1703.699951171875,1663.0,1692.9000244140625,808599
2018-11-26,1540.865234375,1744.0,1750.0,1678.0999755859375,1678.0999755859375,2314140
2018-11-27,1531.4117431640625,1733.300048828125,1741.5,1709.25,1738.9000244140625,1592918
2018-11-28,1530.439697265625,1732.199951171875,1748.0,1716.75,1731.0,1205956
2018-11-29,1562.511474609375,1768.5,1780.0,1737.5,1745.9000244140625,1936534
2018-11-30,1549.7005615234375,1754.0,1798.300048828125,1742.25,1770.949951171875,2373749
2018-12-03,1612.9608154296875,1825.5999755859375,1838.300048828125,1748.050048828125,1769.5,4310053
2018-12-04,1597.101318359375,1807.6500244140625,1848.949951171875,1801.0,1835.0,3155914
2018-12-05,1632.840087890625,1848.0999755859375,1854.800048828125,1788.0,1803.0,2847336
2018-12-06,1591.66796875,1801.5,1847.0,1797.6500244140625,1840.0,2399579
2018-12-07,1611.812255859375,1824.300048828125,1832.75,1792.0999755859375,1801.300048828125,1774240
2018-12-10,1586.6318359375,1795.800048828125,1815.0,1790.0,1796.800048828125,1216028
2018-12-11,1585.836669921875,1794.9000244140625,1819.9000244140625,1770.0999755859375,1781.0,2237806
2018-12-12,1624.8883056640625,1839.0999755859375,1845.050048828125,1795.949951171875,1796.0,1449484
2018-12-13,1639.4222412109375,1855.550048828125,1867.449951171875,1837.050048828125,1848.0,1586900
2018-12-14,1643.83984375,1860.550048828125,1865.8499755859375,1832.75,1837.0,1573884
2018-12-17,1635.136962890625,1850.699951171875,1869.5,1845.050048828125,1865.0,1179613
2018-12-18,1626.346435546875,1840.75,1848.9000244140625,1833.0,1848.9000244140625,1521255
2018-12-19,1629.9246826171875,1844.800048828125,1858.0,1842.0,1849.949951171875,1687085
2018-12-20,1620.603271484375,1834.25,1854.9000244140625,1821.0,1839.0,1500656
2018-12-21,1593.4351806640625,1803.5,1842.5999755859375,1800.0,1833.0,1439522
2018-12-24,1576.7806396484375,1784.6500244140625,1814.0,1777.550048828125,1814.0,1023418
2018-12-26,1582.9210205078125,1791.5999755859375,1798.6500244140625,1741.25,1760.0,2212019
2018-12-27,1603.5069580078125,1814.9000244140625,1823.0,1793.1500244140625,1802.699951171875,1516851
2018-12-28,1609.824462890625,1822.050048828125,1834.9000244140625,1815.699951171875,1817.9000244140625,963189
2018-12-31,1607.7037353515625,1819.6500244140625,1836.9000244140625,1811.25,1830.0,757071
2019-01-01,1591.314453125,1801.0999755859375,1824.800048828125,1798.3499755859375,1824.800048828125,807345
2019-01-02,1576.7362060546875,1784.5999755859375,1808.8499755859375,1771.300048828125,1792.4000244140625,1598707
2019-01-03,1580.09375,1788.4000244140625,1803.449951171875,1782.5999755859375,1782.5999755859375,1182624
2019-01-04,1574.1739501953125,1781.699951171875,1802.0,1772.1500244140625,1798.9000244140625,1454134
2019-01-07,1577.045166015625,1784.949951171875,1804.0,1782.449951171875,1791.5,909032
2019-01-08,1564.587890625,1770.8499755859375,1793.5,1761.0999755859375,1792.0,1262707
2019-01-09,1577.0899658203125,1785.0,1797.0,1773.4000244140625,1777.5,1324628
2019-01-10,1578.1500244140625,1786.199951171875,1799.0999755859375,1779.0,1785.0,1313981
2019-01-11,1563.306884765625,1769.4000244140625,1795.4000244140625,1758.550048828125,1795.0,1113837
2019-01-14,1558.447265625,1763.9000244140625,1780.75,1760.0999755859375,1771.0,1018068
2019-01-15,1581.3748779296875,1789.8499755859375,1793.4000244140625,1767.4000244140625,1767.4000244140625,1614600
2019-01-16,1566.0899658203125,1772.550048828125,1794.800048828125,1766.800048828125,1790.0,2054033
2019-01-17,1547.4915771484375,1751.5,1779.25,1742.5,1776.9000244140625,1941204
2019-01-18,1540.9537353515625,1744.0999755859375,1768.8499755859375,1727.300048828125,1750.0,3234056
2019-01-21,1543.4273681640625,1746.9000244140625,1758.0,1736.050048828125,1749.0,1628067
2019-01-22,1546.343017578125,1750.199951171875,1755.0,1741.25,1746.0,1776472
2019-01-23,1561.3631591796875,1767.199951171875,1784.050048828125,1749.4000244140625,1752.0,2321782
2019-01-24,1554.5601806640625,1759.5,1784.050048828125,1756.699951171875,1766.800048828125,1350870
2019-01-25,1552.1744384765625,1756.800048828125,1778.75,1750.0,1762.0,1131790
2019-01-28,1539.9818115234375,1743.0,1771.550048828125,1740.1500244140625,1758.9000244140625,1289774
2019-01-29,1552.0858154296875,1756.699951171875,1763.8499755859375,1726.0999755859375,1745.0,1319822
2019-01-30,1531.455810546875,1733.3499755859375,1760.75,1728.0999755859375,1760.0,1259978
2019-01-31,1557.8729248046875,1763.25,1774.9000244140625,1735.25,1735.9000244140625,1880257
2019-02-01,1589.7237548828125,1799.300048828125,1832.5,1761.449951171875,1763.25,2342251
2019-02-04,1592.6396484375,1802.5999755859375,1823.0,1794.699951171875,1799.9000244140625,1116390
2019-02-05,1609.2940673828125,1821.449951171875,1834.949951171875,1804.949951171875,1805.0,1278708
2019-02-06,1616.8040771484375,1829.949951171875,1836.449951171875,1820.0,1828.4000244140625,859789
2019-02-07,1624.8443603515625,1839.050048828125,1845.0,1828.3499755859375,1834.0,927434
2019-02-08,1605.6278076171875,1817.300048828125,1847.0,1811.0,1839.0999755859375,1222765
2019-02-11,1594.583740234375,1804.800048828125,1815.4000244140625,1795.75,1811.050048828125,797453
2019-02-12,1585.483154296875,1794.5,1812.0,1789.0,1810.0,990035
2019-02-14,1577.134033203125,1785.050048828125,1798.5,1777.0,1796.0,1341658
2019-02-15,1566.310791015625,1772.800048828125,1790.0,1747.5,1790.0,1177218
2019-02-18,1547.8450927734375,1751.9000244140625,1775.0999755859375,1735.0,1775.0999755859375,1513430
2019-02-19,1535.52001953125,1737.949951171875,1759.5999755859375,1730.449951171875,1750.0,1598381
2019-02-20,1531.588134765625,1733.5,1745.949951171875,1722.0,1742.699951171875,1430235
2019-02-21,1550.3187255859375,1754.699951171875,1758.0,1736.3499755859375,1737.0,1225418
2019-02-22,1562.5555419921875,1768.550048828125,1773.0,1751.949951171875,1760.0,1360163
2019-02-25,1563.9693603515625,1770.1500244140625,1775.800048828125,1759.0,1772.0,1490746
2019-02-26,1565.8248291015625,1772.25,1785.9000244140625,1762.0,1763.4000244140625,2190515
2019-02-27,1534.23876953125,1736.5,1779.0,1728.550048828125,1779.0,1491740
2019-02-28,1530.8372802734375,1732.6500244140625,1756.6500244140625,1727.5999755859375,1749.0,1895136
2019-03-01,1532.604248046875,1734.6500244140625,1749.0,1731.050048828125,1735.0,761115
2019-03-05,1523.7247314453125,1724.5999755859375,1739.800048828125,1717.5,1739.800048828125,1406843
2019-03-06,1501.8134765625,1699.800048828125,1730.0,1697.949951171875,1726.0999755859375,2193045
2019-03-07,1506.7611083984375,1705.4000244140625,1720.0,1699.800048828125,1706.3499755859375,1566441
2019-03-08,1503.4036865234375,1701.5999755859375,1718.0,1695.0999755859375,1706.0,1419614
2019-03-11,1515.1986083984375,1714.949951171875,1726.0,1703.0,1708.75,1427771
2019-03-12,1532.737060546875,1734.800048828125,1739.0,1718.800048828125,1718.9000244140625,1861116
2019-03-13,1544.0458984375,1747.5999755859375,1755.5,1741.0999755859375,1749.0,1744331
2019-03-14,1534.9459228515625,1737.300048828125,1751.699951171875,1730.199951171875,1750.75,867427
2019-03-15,1500.57666015625,1698.4000244140625,1746.5,1694.449951171875,1745.0,3571762
2019-03-18,1499.825439453125,1697.550048828125,1710.949951171875,1686.9000244140625,1710.0,1621113
2019-03-19,1501.6807861328125,1699.6500244140625,1709.4000244140625,1688.199951171875,1697.5999755859375,1456211
2019-03-20,1490.990478515625,1687.550048828125,1716.5,1683.449951171875,1705.0,2312268
2019-03-22,1482.5966796875,1678.050048828125,1703.8499755859375,1673.699951171875,1687.550048828125,1636228
2019-03-25,1478.885986328125,1673.8499755859375,1687.5,1660.0,1674.0,2039945
2019-03-26,1487.6771240234375,1683.800048828125,1691.550048828125,1674.0,1679.9000244140625,1452899
2019-03-27,1485.0264892578125,1680.800048828125,1707.800048828125,1675.0,1684.0,1520533
2019-03-28,1487.765380859375,1683.9000244140625,1692.0,1673.4000244140625,1685.0,1852958
2019-04-01,1493.155029296875,1690.0,1721.3499755859375,1686.0,1710.0,1283162
2019-04-02,1490.6370849609375,1687.1500244140625,1697.0,1680.0999755859375,1693.1500244140625,1227869
2019-04-03,1476.191162109375,1670.800048828125,1686.5999755859375,1668.6500244140625,1682.0,1233102
2019-04-04,1472.436279296875,1666.550048828125,1686.5999755859375,1658.0,1668.0,1212398
2019-04-05,1465.85400390625,1659.0999755859375,1671.5,1650.0,1670.0,1468074
2019-04-08,1470.978271484375,1664.9000244140625,1679.75,1656.9000244140625,1664.9000244140625,1647502
2019-04-09,1484.761474609375,1680.5,1683.9000244140625,1662.25,1668.800048828125,1232434
2019-04-10,1496.8214111328125,1694.1500244140625,1704.6500244140625,1675.0,1684.699951171875,1720236
2019-04-11,1511.1787109375,1710.4000244140625,1716.5,1698.050048828125,1703.0,2026954
2019-04-12,1521.1185302734375,1721.6500244140625,1724.699951171875,1710.199951171875,1716.4000244140625,1437818
2019-04-15,1521.471923828125,1722.050048828125,1731.199951171875,1713.0999755859375,1725.0,1035378
2019-04-16,1536.0499267578125,1738.550048828125,1742.0,1716.1500244140625,1726.0,1625738
2019-04-18,1537.242919921875,1739.9000244140625,1744.0999755859375,1729.25,1738.550048828125,1475552
2019-04-22,1537.19873046875,1739.8499755859375,1745.0,1730.0999755859375,1740.0,717781
2019-04-23,1541.0418701171875,1744.199951171875,1748.0,1733.0999755859375,1742.0,802947
2019-04-24,1548.46337890625,1752.5999755859375,1755.0,1735.0,1744.5999755859375,1169461
2019-04-25,1532.2069091796875,1734.199951171875,1762.5999755859375,1727.199951171875,1756.0,1704890
2019-04-26,1543.82470703125,1747.3499755859375,1750.800048828125,1726.1500244140625,1738.0,772993
2019-04-30,1552.96923828125,1757.699951171875,1762.0,1744.949951171875,1750.0,1171594
2019-05-02,1522.7972412109375,1723.550048828125,1762.5,1720.25,1756.5,793819
2019-05-03,1496.29150390625,1693.550048828125,1727.0,1682.0,1720.0,1442888
2019-05-06,1474.5126953125,1668.9000244140625,1687.0,1656.0,1687.0,2373878
2019-05-07,1499.7813720703125,1697.5,1710.9000244140625,1672.5,1678.800048828125,2212617
2019-05-08,1492.0064697265625,1688.699951171875,1697.5,1675.0,1697.5,1243338
2019-05-09,1505.3035888671875,1703.75,1713.0,1677.0,1680.0999755859375,1204995
2019-05-10,1490.9017333984375,1687.449951171875,1709.0,1678.5,1708.949951171875,1000696
2019-05-13,1503.75732421875,1702.0,1717.0,1688.699951171875,1692.0,1160287
2019-05-14,1500.664794921875,1698.5,1710.0,1680.199951171875,1700.0,1442817
2019-05-15,1476.412353515625,1671.050048828125,1703.0,1666.949951171875,1700.0,1235429
2019-05-16,1491.564697265625,1688.199951171875,1700.0,1672.199951171875,1674.699951171875,714690
2019-05-17,1534.50390625,1736.800048828125,1742.199951171875,1685.199951171875,1690.0999755859375,1502484
2019-05-20,1566.0457763671875,1772.5,1776.6500244140625,1734.8499755859375,1760.0,1279236
2019-05-21,1577.310546875,1785.25,1797.449951171875,1772.9000244140625,1772.9000244140625,1337466
2019-05-22,1562.3348388671875,1768.300048828125,1785.0,1747.3499755859375,1785.0,1162653
2019-05-23,1549.568115234375,1753.8499755859375,1804.9000244140625,1745.0,1785.949951171875,1551172
2019-05-24,1545.8131103515625,1749.5999755859375,1759.800048828125,1727.0999755859375,1754.0,1603085
2019-05-27,1565.5595703125,1771.949951171875,1775.949951171875,1736.0,1749.0,1373845
2019-05-28,1569.933349609375,1776.9000244140625,1786.0,1754.5,1775.0,2863139
2019-05-29,1573.4232177734375,1780.8499755859375,1789.3499755859375,1770.4000244140625,1775.0,899619
2019-05-30,1576.4271240234375,1784.25,1792.0,1781.0,1788.0,1038433
2019-05-31,1580.181884765625,1788.5,1802.6500244140625,1764.0,1786.699951171875,1329926
2019-06-03,1625.4185791015625,1839.699951171875,1845.0,1792.0,1794.0,1415582
2019-06-04,1604.125732421875,1815.5999755859375,1845.5,1807.0999755859375,1831.0,842283
2019-06-06,1623.6953125,1837.75,1849.9000244140625,1812.0999755859375,1822.1500244140625,1626007
2019-06-07,1617.5108642578125,1830.75,1844.75,1815.0,1833.0,698970
2019-06-10,1636.7275390625,1852.5,1864.949951171875,1835.0,1839.800048828125,814577
2019-06-11,1625.5067138671875,1839.800048828125,1856.800048828125,1832.0999755859375,1855.0999755859375,591026
2019-06-12,1631.956298828125,1847.0999755859375,1853.25,1822.050048828125,1838.0,709916
2019-06-13,1630.542724609375,1845.5,1848.699951171875,1823.050048828125,1847.050048828125,697830
2019-06-14,1610.619384765625,1822.949951171875,1853.25,1816.3499755859375,1843.0,632971
2019-06-17,1606.2901611328125,1818.050048828125,1831.9000244140625,1804.5999755859375,1831.9000244140625,669276
2019-06-18,1598.82421875,1809.5999755859375,1818.1500244140625,1793.0,1810.5,995083
2019-06-19,1600.6796875,1811.699951171875,1824.949951171875,1802.0,1816.800048828125,600455
2019-06-20,1606.3306884765625,1805.050048828125,1809.449951171875,1791.5,1799.0,603514
2019-06-21,1572.1583251953125,1766.6500244140625,1812.0,1760.300048828125,1810.0,2512357
2019-06-24,1570.200439453125,1764.449951171875,1777.5999755859375,1756.699951171875,1769.0,762144
2019-06-25,1563.0810546875,1756.449951171875,1769.699951171875,1745.0,1769.699951171875,941132
2019-06-26,1567.1302490234375,1761.0,1765.0,1746.4000244140625,1753.0,1075017
2019-06-27,1579.0548095703125,1774.4000244140625,1787.550048828125,1760.25,1768.0,1235049
2019-06-28,1590.801513671875,1787.5999755859375,1790.6500244140625,1762.75,1777.25,1008229
2019-07-01,1584.21630859375,1780.199951171875,1798.9000244140625,1772.6500244140625,1798.9000244140625,553283
2019-07-02,1592.2257080078125,1789.199951171875,1798.0,1770.0,1784.0,763979
2019-07-03,1588.220703125,1784.699951171875,1796.8499755859375,1776.9000244140625,1793.0,815571
2019-07-04,1596.1412353515625,1793.5999755859375,1798.699951171875,1780.550048828125,1780.550048828125,646633
2019-07-05,1594.18359375,1791.4000244140625,1816.0,1786.0,1800.0,1098940
2019-07-08,1560.50048828125,1753.550048828125,1784.75,1748.699951171875,1784.75,776755
2019-07-09,1548.6646728515625,1740.25,1756.0,1724.0999755859375,1752.0,1462668
2019-07-10,1529.3980712890625,1718.5999755859375,1754.9000244140625,1703.0999755859375,1739.0,648476
2019-07-11,1540.3441162109375,1730.9000244140625,1742.6500244140625,1708.0,1708.0,813618
2019-07-12,1524.5924072265625,1713.199951171875,1738.25,1708.25,1726.800048828125,1107445
2019-07-15,1527.929443359375,1716.949951171875,1724.699951171875,1702.0,1715.0,725180
2019-07-16,1549.5989990234375,1741.300048828125,1750.5999755859375,1712.75,1723.5,1259786
2019-07-17,1566.8631591796875,1760.699951171875,1765.550048828125,1725.8499755859375,1740.0,1278232
2019-07-18,1547.6856689453125,1739.1500244140625,1766.0,1709.0,1766.0,1006299
2019-07-19,1531.0,1720.4000244140625,1761.949951171875,1709.1500244140625,1748.0,983217
2019-07-22,1495.6702880859375,1680.699951171875,1724.699951171875,1659.050048828125,1722.300048828125,1729722
2019-07-23,1506.9278564453125,1693.3499755859375,1701.550048828125,1667.300048828125,1683.0,1556691
2019-07-24,1538.3416748046875,1728.6500244140625,1732.0,1678.5999755859375,1685.0,2621818
2019-07-25,1545.4608154296875,1736.6500244140625,1749.9000244140625,1728.0,1730.0,1297267
2019-07-26,1540.121337890625,1730.6500244140625,1742.0,1719.300048828125,1731.0999755859375,771408
2019-07-29,1524.6815185546875,1713.300048828125,1739.800048828125,1700.0,1729.0,688427
2019-07-30,1530.554931640625,1719.9000244140625,1734.3499755859375,1705.0,1715.0,747251
2019-07-31,1536.5618896484375,1726.6500244140625,1753.050048828125,1701.050048828125,1719.0,1371879
2019-08-01,1540.6998291015625,1731.300048828125,1744.699951171875,1710.0,1721.0,1072498
2019-08-02,1546.1727294921875,1737.449951171875,1742.0,1706.0,1722.199951171875,1051529
2019-08-05,1549.510009765625,1741.199951171875,1753.449951171875,1707.699951171875,1727.9000244140625,1539739
2019-08-06,1552.0908203125,1744.0999755859375,1760.0,1727.550048828125,1731.5,1409075
2019-08-07,1581.59130859375,1777.25,1786.9000244140625,1740.0,1744.0999755859375,2507314
2019-08-08,1604.59521484375,1803.0999755859375,1807.0,1780.5,1780.5,1761732
2019-08-09,1638.6343994140625,1841.3499755859375,1846.6500244140625,1800.9000244140625,1805.0,1730596
2019-08-13,1623.8616943359375,1824.75,1838.0,1802.1500244140625,1838.0,1907934
2019-08-14,1636.5877685546875,1839.050048828125,1854.1500244140625,1808.699951171875,1826.0,1910376
2019-08-16,1627.3326416015625,1828.6500244140625,1847.550048828125,1816.050048828125,1838.0,1468390
2019-08-19,1620.4356689453125,1820.9000244140625,1845.0,1811.0,1830.1500244140625,905742
2019-08-20,1640.4588623046875,1843.4000244140625,1849.699951171875,1813.0,1822.0,1231835
2019-08-21,1646.3319091796875,1850.0,1855.75,1836.0,1842.9000244140625,1933855
2019-08-22,1665.999267578125,1872.0999755859375,1880.0,1841.9000244140625,1850.449951171875,2543055
2019-08-23,1655.2314453125,1860.0,1877.3499755859375,1850.6500244140625,1874.75,1278546
2019-08-26,1669.959228515625,1876.550048828125,1883.699951171875,1850.0,1867.5,855849
2019-08-27,1656.4771728515625,1861.4000244140625,1889.0,1841.949951171875,1884.0,2510386
2019-08-28,1626.8431396484375,1828.0999755859375,1848.4000244140625,1812.5,1835.0,2519453
2019-08-29,1631.1590576171875,1832.949951171875,1843.6500244140625,1814.0999755859375,1817.0,2837369
2019-08-30,1674.7203369140625,1881.9000244140625,1886.4000244140625,1827.1500244140625,1834.199951171875,1766858
2019-09-03,1639.079345703125,1841.8499755859375,1875.800048828125,1835.0,1863.0,1195923
2019-09-04,1643.3065185546875,1846.5999755859375,1859.050048828125,1817.300048828125,1847.0,1147464
2019-09-05,1628.3116455078125,1829.75,1843.949951171875,1818.1500244140625,1842.0,1059065
2019-09-06,1618.8782958984375,1819.1500244140625,1843.3499755859375,1814.199951171875,1831.0,631575
2019-09-09,1632.13818359375,1834.050048828125,1858.0,1815.4000244140625,1819.0,1175372
2019-09-11,1623.4615478515625,1824.300048828125,1847.550048828125,1817.300048828125,1831.0,1055039
2019-09-12,1606.642333984375,1805.4000244140625,1833.5999755859375,1798.5,1826.0,862635
2019-09-13,1606.7757568359375,1805.550048828125,1825.0,1793.5999755859375,1806.0,1299932
2019-09-16,1616.3421630859375,1816.300048828125,1824.75,1800.0,1801.0,945889
2019-09-17,1629.601806640625,1831.199951171875,1842.0,1812.0,1814.75,1424258
2019-09-18,1627.822265625,1829.199951171875,1843.949951171875,1818.6500244140625,1839.5,751391
2019-09-19,1613.1826171875,1812.75,1843.5999755859375,1808.25,1830.0,644684
2019-09-20,1752.898681640625,1969.75,1992.0,1810.25,1823.0,4539742
2019-09-23,1815.1923828125,2039.75,2100.64990234375,1984.0,1984.0,3783357
2019-09-24,1824.71435546875,2050.449951171875,2067.89990234375,2009.0999755859375,2045.0,1784798
2019-09-25,1825.6488037109375,2051.5,2062.449951171875,2011.8499755859375,2041.0,1874109
2019-09-26,1810.4315185546875,2034.4000244140625,2075.0,2016.949951171875,2055.0,3907951
2019-09-27,1789.5185546875,2010.9000244140625,2044.6500244140625,2005.5,2026.0,1458672
2019-09-30,1763.75537109375,1981.949951171875,2017.9000244140625,1971.4000244140625,2007.9000244140625,2169407
2019-10-01,1771.1865234375,1990.300048828125,2019.9000244140625,1983.0,1989.0,1080409
2019-10-03,1746.0462646484375,1962.050048828125,1985.300048828125,1958.3499755859375,1984.75,1423468
2019-10-04,1730.16162109375,1944.199951171875,1977.300048828125,1939.0999755859375,1966.0,1723988
2019-10-07,1726.4686279296875,1940.050048828125,1962.949951171875,1927.6500244140625,1943.949951171875,880275
2019-10-09,1733.543212890625,1948.0,1962.699951171875,1941.25,1950.0,1066739
2019-10-10,1752.0086669921875,1968.75,1982.5,1935.5999755859375,1948.0,1492290
2019-10-11,1783.956787109375,2004.6500244140625,2016.9000244140625,1975.5,1985.8499755859375,1934337
2019-10-14,1792.499755859375,2014.25,2031.449951171875,2006.25,2022.4000244140625,2135148
2019-10-15,1837.1287841796875,2064.39990234375,2077.300048828125,2025.800048828125,2050.0,5761733
2019-10-16,1843.002197265625,2071.0,2080.0,2052.60009765625,2065.300048828125,1661705
2019-10-17,1872.2357177734375,2103.85009765625,2108.0,2061.949951171875,2067.5,2001245
2019-10-18,1874.9056396484375,2106.85009765625,2116.0,2090.699951171875,2100.0,2202270
2019-10-22,1893.148193359375,2127.35009765625,2149.0,2112.0,2120.0,1737401
2019-10-23,1908.2662353515625,2133.25,2137.449951171875,2098.0,2119.449951171875,1535786
2019-10-24,1908.3558349609375,2133.35009765625,2150.0,2118.050048828125,2141.0,973453
2019-10-25,1918.8663330078125,2145.10009765625,2156.5,2129.300048828125,2147.550048828125,1612038
2019-10-27,1914.080810546875,2139.75,2148.0,2134.5,2148.0,85187
2019-10-29,1932.3736572265625,2160.199951171875,2163.949951171875,2111.39990234375,2135.0,1229516
2019-10-30,1940.6036376953125,2169.39990234375,2180.0,2142.0,2180.0,1195298
2019-10-31,1945.9259033203125,2175.35009765625,2187.25,2159.300048828125,2165.0,1752830
2019-11-01,1949.50439453125,2179.35009765625,2184.300048828125,2146.39990234375,2165.10009765625,1609685
2019-11-04,1930.5399169921875,2158.14990234375,2186.85009765625,2149.800048828125,2179.35009765625,1523698
2019-11-05,1943.063232421875,2172.14990234375,2175.75,2143.14990234375,2153.5,2167085
2019-11-06,1949.5936279296875,2179.449951171875,2184.0,2155.0,2166.0,1093243
2019-11-07,1912.7388916015625,2138.25,2190.0,2128.0,2190.0,1970785
2019-11-08,1866.3570556640625,2086.39990234375,2145.14990234375,2083.0,2135.0,1537851
2019-11-11,1861.83984375,2081.35009765625,2100.050048828125,2068.050048828125,2081.300048828125,1050170
2019-11-13,1870.4720458984375,2091.0,2094.89990234375,2072.449951171875,2084.0,868433
2019-11-14,1850.8370361328125,2069.050048828125,2090.60009765625,2061.449951171875,2090.60009765625,1291198
2019-11-15,1840.683837890625,2057.699951171875,2099.0,2050.550048828125,2062.25,958290
2019-11-18,1839.3421630859375,2056.199951171875,2075.35009765625,2038.0,2059.800048828125,1200573
2019-11-19,1822.8380126953125,2037.75,2060.050048828125,2030.0,2060.050048828125,1413218
2019-11-20,1812.774658203125,2026.5,2052.85009765625,2017.050048828125,2044.0,989673
2019-11-21,1832.5885009765625,2048.64990234375,2059.949951171875,2017.0,2027.0,1397175
2019-11-22,1814.429443359375,2028.3499755859375,2053.199951171875,2008.0,2050.0,835864
2019-11-25,1844.8880615234375,2062.39990234375,2066.949951171875,2022.0999755859375,2022.0999755859375,862520
2019-11-26,1841.265625,2058.35009765625,2080.75,2032.300048828125,2059.0,3188224
2019-11-27,1872.4844970703125,2093.25,2099.89990234375,2055.85009765625,2062.550048828125,1259986
2019-11-28,1867.028076171875,2087.14990234375,2098.35009765625,2067.0,2097.949951171875,1026831
2019-11-29,1820.646484375,2035.300048828125,2084.5,2031.0,2084.0,1298616
2019-12-02,1827.7130126953125,2043.199951171875,2062.0,2029.25,2038.0,1600494
2019-12-03,1814.5189208984375,2028.449951171875,2053.10009765625,2020.1500244140625,2041.0,1199012
2019-12-04,1832.007080078125,2048.0,2052.0,2022.0,2027.0,1046309
2019-12-05,1822.5697021484375,2037.449951171875,2047.800048828125,2027.300048828125,2047.800048828125,961085
2019-12-06,1812.3720703125,2026.050048828125,2049.0,2022.0,2044.0,657658
2019-12-09,1796.3599853515625,2008.1500244140625,2032.050048828125,1991.199951171875,2030.0,964222
2019-12-10,1811.745849609375,2025.3499755859375,2041.5999755859375,2011.0,2014.9000244140625,1610623
2019-12-11,1798.417236328125,2010.449951171875,2030.0,1998.0,2027.9000244140625,967708
2019-12-12,1795.6441650390625,2007.3499755859375,2034.5,2002.0,2010.0,955318
2019-12-13,1794.615234375,2006.199951171875,2024.0,2000.0,2018.449951171875,1212988
2019-12-16,1766.4822998046875,1974.75,2011.0,1968.1500244140625,2000.0,1683941
2019-12-17,1754.49560546875,1961.3499755859375,1994.949951171875,1950.0,1979.0,2189167
2019-12-18,1725.155029296875,1928.550048828125,1966.5999755859375,1907.3499755859375,1960.0,3986106
2019-12-19,1745.32666015625,1951.0999755859375,1966.4000244140625,1930.050048828125,1931.9000244140625,2035095
2019-12-20,1738.1700439453125,1943.0999755859375,1959.9000244140625,1931.449951171875,1950.0,2169685
2019-12-23,1744.7003173828125,1950.4000244140625,1962.0,1944.4000244140625,1949.25,807062
2019-12-24,1741.1224365234375,1946.4000244140625,1964.800048828125,1940.4000244140625,1952.0,790621
2019-12-26,1739.8250732421875,1944.949951171875,1954.25,1938.5,1950.800048828125,862164
2019-12-27,1744.2529296875,1949.9000244140625,1954.449951171875,1934.0,1946.9000244140625,937907
2019-12-30,1732.9373779296875,1937.25,1954.25,1927.5,1949.9000244140625,1117498
2019-12-31,1720.1903076171875,1923.0,1946.5999755859375,1920.0999755859375,1940.0,706593
2020-01-01,1732.3111572265625,1936.550048828125,1939.9000244140625,1918.0,1930.0,543035
2020-01-02,1733.6529541015625,1938.050048828125,1952.5999755859375,1930.0,1940.0,663275
2020-01-03,1724.1707763671875,1927.449951171875,1940.0,1918.75,1937.9000244140625,1598825
2020-01-06,1713.436279296875,1915.449951171875,1929.4000244140625,1911.25,1927.3499755859375,683129
2020-01-07,1718.1326904296875,1920.699951171875,1931.0,1918.0,1919.25,808935
2020-01-08,1725.8704833984375,1929.3499755859375,1936.050048828125,1906.449951171875,1910.0,1889685
2020-01-09,1730.9693603515625,1935.050048828125,1947.300048828125,1931.0,1941.550048828125,1544334
2020-01-10,1747.920654296875,1954.0,1957.5,1931.6500244140625,1940.9000244140625,1003336
2020-01-13,1784.4625244140625,1994.8499755859375,1997.8499755859375,1957.0,1961.0,2040089
2020-01-14,1796.9410400390625,2008.800048828125,2014.949951171875,1982.4000244140625,1995.5,1610737
2020-01-15,1808.43603515625,2021.6500244140625,2027.0,1997.3499755859375,2011.1500244140625,1559491
2020-01-16,1833.125,2049.25,2054.699951171875,2016.0999755859375,2022.0,2468958
2020-01-17,1843.009765625,2060.300048828125,2063.89990234375,2040.050048828125,2055.0,994719
2020-01-20,1845.2908935546875,2062.85009765625,2075.89990234375,2050.0,2060.5,829399
2020-01-21,1838.62646484375,2055.39990234375,2075.0,2052.14990234375,2059.75,750000
2020-01-22,1835.3167724609375,2051.699951171875,2063.5,2027.199951171875,2063.0,983169
2020-01-23,1839.96826171875,2056.89990234375,2060.85009765625,2035.0,2051.75,708017
2020-01-24,1854.9964599609375,2073.699951171875,2079.0,2050.050048828125,2057.0,914993
2020-01-27,1843.94921875,2061.35009765625,2068.75,2056.75,2066.0,429312
2020-01-28,1843.2781982421875,2060.60009765625,2065.0,2042.699951171875,2062.0,777052
2020-01-29,1855.44384765625,2074.199951171875,2085.800048828125,2062.050048828125,2062.050048828125,873433
2020-01-30,1841.0419921875,2058.10009765625,2078.0,2049.449951171875,2074.89990234375,952768
2020-01-31,1819.70703125,2034.25,2068.25,2020.050048828125,2064.0,1930834
2020-02-03,1949.1463623046875,2178.949951171875,2195.550048828125,2074.89990234375,2074.89990234375,4012542
2020-02-04,1928.259033203125,2155.60009765625,2204.199951171875,2140.0,2177.0,1932121
2020-02-05,1932.463134765625,2160.300048828125,2184.0,2153.89990234375,2167.39990234375,1514368
2020-02-06,1928.9742431640625,2156.39990234375,2196.25,2134.050048828125,2166.0,1302116
2020-02-07,1932.1500244140625,2159.949951171875,2172.0,2141.60009765625,2165.0,908152
2020-02-10,1931.5684814453125,2159.300048828125,2189.550048828125,2151.699951171875,2160.10009765625,1389847
2020-02-11,1925.6201171875,2152.64990234375,2179.64990234375,2147.699951171875,2169.0,777506
2020-02-12,2021.96142578125,2260.35009765625,2272.0,2155.0,2157.10009765625,4753325
2020-02-13,2042.58056640625,2283.39990234375,2288.949951171875,2233.050048828125,2256.0,2950407
2020-02-14,2017.2205810546875,2255.050048828125,2297.60009765625,2246.25,2273.0,1728651
2020-02-17,2015.0286865234375,2252.60009765625,2289.0,2243.199951171875,2248.0,1420851
2020-02-18,1998.7479248046875,2234.39990234375,2262.949951171875,2222.10009765625,2252.60009765625,1194605
2020-02-19,2050.407470703125,2292.14990234375,2308.199951171875,2241.25,2250.199951171875,1299800
2020-02-20,2011.137939453125,2248.25,2289.949951171875,2242.5,2282.199951171875,1555224
2020-02-24,1981.5281982421875,2215.14990234375,2262.0,2210.10009765625,2236.800048828125,1409245
2020-02-25,1998.032958984375,2233.60009765625,2279.699951171875,2225.75,2239.89990234375,2237493
2020-02-26,2000.3585205078125,2236.199951171875,2255.699951171875,2202.35009765625,2238.800048828125,2896154
2020-02-27,2017.1309814453125,2254.949951171875,2259.699951171875,2200.0,2241.949951171875,2446802
2020-02-28,1945.3892822265625,2174.75,2229.39990234375,2155.0,2191.10009765625,3837330
2020-03-02,1931.702880859375,2159.449951171875,2241.949951171875,2141.85009765625,2190.0,1707337
2020-03-03,1938.1435546875,2166.64990234375,2189.60009765625,2141.699951171875,2171.89990234375,1753148
2020-03-04,1946.373291015625,2175.85009765625,2185.050048828125,2152.0,2179.0,1515878
2020-03-05,1984.078369140625,2218.0,2258.64990234375,2181.85009765625,2185.0,2272645
2020-03-06,1958.046875,2188.89990234375,2250.0,2159.25,2185.0,2479414
2020-03-09,1897.7554931640625,2121.5,2169.60009765625,2112.0,2140.0,2485118
2020-03-11,1927.7222900390625,2155.0,2169.449951171875,2066.0,2066.0,2861629
2020-03-12,1839.1185302734375,2055.949951171875,2123.0,2031.6500244140625,2102.39990234375,3655780
2020-03-13,1818.7679443359375,2033.199951171875,2120.0,1888.0999755859375,1970.0,3667035
2020-03-16,1737.0968017578125,1941.9000244140625,2039.199951171875,1933.9000244140625,2000.0,2948679
2020-03-17,1792.6922607421875,2004.050048828125,2088.0,1951.949951171875,1955.550048828125,3732382
2020-03-18,1720.90576171875,1923.800048828125,2063.800048828125,1909.3499755859375,2034.050048828125,3910994
2020-03-19,1644.42333984375,1838.300048828125,1899.0,1757.300048828125,1894.300048828125,5095006
2020-03-20,1835.3167724609375,2051.699951171875,2078.89990234375,1850.0,1850.0,4252245
2020-03-23,1672.511474609375,1869.699951171875,1985.050048828125,1850.0,1950.0,3574673
2020-03-24,1813.9820556640625,2027.8499755859375,2070.949951171875,1930.0,1975.0,5788124
2020-03-25,1867.9222412109375,2088.14990234375,2138.949951171875,2001.6500244140625,2010.050048828125,3959038
2020-03-26,1963.4139404296875,2194.89990234375,2250.0,2060.0,2089.0,3201540
2020-03-27,1914.7960205078125,2140.550048828125,2267.64990234375,2120.5,2239.0,2918646
2020-03-30,1953.9769287109375,2184.35009765625,2213.0,2102.85009765625,2123.0,2809606
2020-03-31,2056.088134765625,2298.5,2313.0,2185.0,2234.800048828125,2809269
2020-04-01,1949.7725830078125,2179.64990234375,2324.89990234375,2158.050048828125,2293.199951171875,2774626
2020-04-03,1926.917236328125,2154.10009765625,2254.10009765625,2127.949951171875,2234.0,4121436
2020-04-07,2187.047607421875,2444.89990234375,2460.0,2220.0,2220.0,8510114
2020-04-08,2201.316162109375,2460.85009765625,2614.300048828125,2417.39990234375,2432.0,9791862
2020-04-09,2122.06005859375,2372.25,2500.0,2345.0,2499.949951171875,4770068
2020-04-13,2098.98095703125,2346.449951171875,2423.0,2315.0,2381.0,3249551
2020-04-15,2225.199462890625,2487.550048828125,2516.60009765625,2381.5,2425.949951171875,29485531
2020-04-16,2179.176025390625,2436.10009765625,2526.14990234375,2421.10009765625,2466.0,5388243
2020-04-17,2133.465576171875,2385.0,2498.800048828125,2354.050048828125,2498.800048828125,4540936
2020-04-20,2090.124755859375,2336.550048828125,2420.0,2321.0,2420.0,2985268
2020-04-21,2072.994873046875,2317.39990234375,2378.0,2282.0,2283.0,3227335
2020-04-22,2134.494140625,2386.14990234375,2399.949951171875,2275.64990234375,2317.949951171875,2837815
2020-04-23,2073.083740234375,2317.5,2413.0,2308.050048828125,2389.0,4095570
2020-04-24,2042.311767578125,2283.10009765625,2338.0,2280.0,2311.0,2169013
2020-04-27,2075.722900390625,2320.449951171875,2329.39990234375,2283.25,2305.0,2013715
2020-04-28,2048.439453125,2289.949951171875,2338.64990234375,2267.0,2338.64990234375,2164023
2020-04-29,1996.3778076171875,2231.75,2291.699951171875,2221.0,2290.0,3642151
2020-04-30,1963.503662109375,2195.0,2272.0,2160.0,2272.0,8448047
2020-05-04,1863.00244140625,2082.64990234375,2160.0,2066.0,2130.0,8474573
2020-05-05,1826.1925048828125,2041.5,2121.0,2033.0999755859375,2101.199951171875,4304136
2020-05-06,1798.193603515625,2010.199951171875,2073.0,2000.0,2049.949951171875,5127656
2020-05-07,1781.9578857421875,1992.050048828125,2007.0,1902.0,1950.0999755859375,185669922
2020-05-08,1869.0855712890625,2089.449951171875,2098.0,2036.0,2074.949951171875,16100226
2020-05-11,1832.007080078125,2048.0,2116.550048828125,2035.949951171875,2083.0,11158755
2020-05-12,1799.401123046875,2011.550048828125,2027.8499755859375,1985.0,2020.0,14881008
2020-05-13,1785.2677001953125,1995.75,2075.0,1975.4000244140625,2075.0,8432979
2020-05-14,1794.4813232421875,2006.050048828125,2026.550048828125,1980.6500244140625,1988.0,8510002
2020-05-15,1817.783935546875,2032.0999755859375,2037.6500244140625,2006.0,2015.0,5491136
2020-05-18,1793.7657470703125,2005.25,2047.8499755859375,1988.5999755859375,2041.5,7675561
2020-05-19,1767.197998046875,1975.550048828125,2024.800048828125,1968.0999755859375,2018.0,5963193
2020-05-20,1780.88427734375,1990.8499755859375,2010.0,1975.0,1975.550048828125,3926496
2020-05-21,1763.038330078125,1970.9000244140625,2003.4000244140625,1955.199951171875,1999.0,4261625
2020-05-22,1778.245361328125,1987.9000244140625,1995.050048828125,1958.0,1975.0,5339946
2020-05-26,1769.2108154296875,1977.800048828125,2020.0,1975.0,2004.949951171875,4628932
2020-05-27,1787.36962890625,1998.0999755859375,2005.0999755859375,1961.0,1990.0,4261645
2020-05-28,1797.9698486328125,2009.949951171875,2015.0,1990.0,2000.0,5500796
2020-05-29,1840.37109375,2057.35009765625,2068.0,2000.0,2009.0,8778345
2020-06-01,1886.1712646484375,2108.550048828125,2143.0,2071.199951171875,2075.0,6592547
2020-06-02,1885.1422119140625,2107.39990234375,2125.0,2090.0,2122.0,3268728
2020-06-03,1896.8607177734375,2120.5,2149.0,2085.0,2115.0,4895117
2020-06-04,1896.9501953125,2120.60009765625,2132.39990234375,2105.25,2115.0,3264730
2020-06-05,1867.4305419921875,2087.60009765625,2128.0,2085.0,2124.0,2981853
2020-06-08,1888.989013671875,2111.699951171875,2124.5,2078.10009765625,2107.0,4298456
2020-06-09,1884.33740234375,2106.5,2144.800048828125,2095.050048828125,2100.0,3127904
2020-06-10,1896.0555419921875,2119.60009765625,2130.0,2096.0,2115.89990234375,2421659
2020-06-11,1884.6953125,2106.89990234375,2138.199951171875,2095.64990234375,2115.0,2566927
2020-06-12,1885.008056640625,2107.25,2119.0,2065.0,2065.25,2338438
2020-06-15,1864.4788818359375,2084.300048828125,2131.699951171875,2056.800048828125,2114.85009765625,2830788
2020-06-16,1857.367431640625,2076.35009765625,2120.0,2057.0,2109.800048828125,2806772
2020-06-17,1859.0667724609375,2078.25,2099.0,2062.300048828125,2076.0,2293301
2020-06-18,1847.527099609375,2065.35009765625,2084.85009765625,2054.050048828125,2070.25,2326907
2020-06-19,1884.813720703125,2092.75,2100.0,2057.0,2079.0,4673528
2020-06-22,1892.0638427734375,2100.800048828125,2118.89990234375,2087.0,2110.0,2487234
2020-06-23,1941.7344970703125,2155.949951171875,2172.0,2101.60009765625,2115.0,4308814
2020-06-24,1918.6329345703125,2130.300048828125,2176.89990234375,2125.0,2172.0,3023015
2020-06-25,1957.225341796875,2173.14990234375,2189.89990234375,2112.0,2114.300048828125,8208033
2020-06-26,1940.1578369140625,2154.199951171875,2179.949951171875,2138.10009765625,2179.949951171875,3176048
2020-06-29,1966.0509033203125,2182.949951171875,2195.89990234375,2140.0,2151.35009765625,3295039
2020-06-30,1963.3946533203125,2180.0,2199.949951171875,2170.0,2193.800048828125,2373109
2020-07-01,1954.748291015625,2170.39990234375,2191.800048828125,2160.10009765625,2183.0,1532931
2020-07-02,1937.9515380859375,2151.75,2177.64990234375,2145.0,2167.75,2588838
2020-07-03,1957.720703125,2173.699951171875,2188.0,2156.35009765625,2165.5,1946252
2020-07-06,1946.822998046875,2161.60009765625,2180.0,2153.0,2180.0,2375516
2020-07-07,1940.1131591796875,2154.14990234375,2175.5,2151.64990234375,2175.5,2014667
2020-07-08,1968.8436279296875,2186.050048828125,2194.0,2125.0,2153.60009765625,3349938
2020-07-09,1959.6568603515625,2175.85009765625,2219.949951171875,2171.050048828125,2183.0,3039571
2020-07-10,2002.84326171875,2223.800048828125,2232.0,2167.449951171875,2170.0,3179516
2020-07-13,2040.1741943359375,2265.25,2275.0,2235.0,2239.0,4556662
2020-07-14,2012.7041015625,2234.75,2269.949951171875,2226.60009765625,2264.800048828125,2403256
2020-07-15,2049.09033203125,2275.14990234375,2291.0,2235.050048828125,2237.25,2474512
2020-07-16,2060.528564453125,2287.85009765625,2291.300048828125,2238.0,2275.25,2495150
2020-07-17,2102.588623046875,2334.550048828125,2340.0,2281.0,2285.0,3088712
2020-07-20,2099.345947265625,2330.949951171875,2343.300048828125,2300.60009765625,2334.550048828125,2816219
2020-07-21,2087.6826171875,2318.0,2350.0,2308.0,2348.0,3037810
2020-07-22,2025.0887451171875,2248.5,2330.0,2241.25,2330.0,6950011
2020-07-23,1991.6298828125,2211.35009765625,2267.14990234375,2205.550048828125,2260.0,3936886
2020-07-24,1989.7835693359375,2209.300048828125,2220.0,2168.050048828125,2200.0,4203314
2020-07-27,2000.7708740234375,2221.5,2235.949951171875,2184.75,2217.75,2209409
2020-07-28,2019.7293701171875,2242.550048828125,2244.89990234375,2211.050048828125,2230.949951171875,1567837
2020-07-29,2009.5977783203125,2231.300048828125,2262.199951171875,2215.0,2235.0,2404978
2020-07-30,1985.899658203125,2195.60009765625,2238.050048828125,2190.10009765625,2231.300048828125,2044966
2020-07-31,1998.8338623046875,2209.89990234375,2221.949951171875,2178.0,2197.5,1715659
2020-08-03,1993.949462890625,2204.5,2223.050048828125,2188.550048828125,2209.800048828125,1683773
2020-08-04,1987.889892578125,2197.800048828125,2218.89990234375,2175.10009765625,2209.89990234375,1981720
2020-08-05,1984.950439453125,2194.550048828125,2209.89990234375,2181.050048828125,2202.0,1715477
2020-08-06,2008.376220703125,2220.449951171875,2229.0,2192.050048828125,2200.0,1824483
2020-08-07,1999.422119140625,2210.550048828125,2234.800048828125,2205.0,2223.0,1777905
2020-08-10,1995.984619140625,2206.75,2226.75,2198.800048828125,2218.0,1476289
2020-08-11,1999.5120849609375,2210.64990234375,2233.0,2206.0,2209.050048828125,1665204
2020-08-12,1985.4476318359375,2195.10009765625,2209.050048828125,2190.0,2200.050048828125,1170430
2020-08-13,1988.6583251953125,2198.64990234375,2217.0,2190.949951171875,2200.0,1453227
2020-08-14,1966.2723388671875,2173.89990234375,2216.0,2165.050048828125,2204.0,1341664
2020-08-17,1986.30712890625,2196.050048828125,2203.64990234375,2168.39990234375,2181.0,1559579
2020-08-18,2002.8590087890625,2214.35009765625,2216.800048828125,2189.0,2204.0,1339001
2020-08-19,1984.091064453125,2193.60009765625,2221.5,2190.0,2206.0,1585107
2020-08-20,1976.945068359375,2185.699951171875,2197.800048828125,2176.14990234375,2186.0,1768939
2020-08-21,1991.7337646484375,2202.050048828125,2208.699951171875,2187.449951171875,2199.0,1374411
2020-08-24,1984.814208984375,2194.39990234375,2211.64990234375,2191.199951171875,2206.0,1665474
2020-08-25,1970.9754638671875,2179.10009765625,2197.89990234375,2175.0,2194.39990234375,1774886
2020-08-26,1974.3221435546875,2182.800048828125,2186.0,2160.0,2182.10009765625,2148146
2020-08-27,1963.875244140625,2171.25,2188.0,2165.0,2182.10009765625,2172203
2020-08-28,1946.4189453125,2151.949951171875,2182.39990234375,2145.0,2179.0,1939520
2020-08-31,1915.12353515625,2117.35009765625,2167.5,2100.64990234375,2152.0,3534275
2020-09-01,1955.1920166015625,2161.64990234375,2174.89990234375,2111.75,2149.949951171875,1738003
2020-09-02,1937.102783203125,2141.64990234375,2185.0,2136.550048828125,2171.0,1667810
2020-09-03,1934.841064453125,2139.14990234375,2154.449951171875,2128.050048828125,2153.0,1590711
2020-09-04,1921.7261962890625,2124.64990234375,2140.89990234375,2114.0,2115.0,1590491
2020-09-07,1956.0516357421875,2162.60009765625,2174.0,2103.75,2126.0,2362992
2020-09-08,1937.6451416015625,2142.25,2171.35009765625,2131.14990234375,2154.0,1804209
2020-09-09,1928.60009765625,2132.25,2144.199951171875,2110.0,2122.0,2009898
2020-09-10,1930.092529296875,2133.89990234375,2143.60009765625,2118.199951171875,2142.0,2137794
2020-09-11,1953.021240234375,2159.25,2169.0,2124.5,2125.0,1934110
2020-09-14,1920.6856689453125,2123.5,2169.699951171875,2115.0,2167.0,2096908
2020-09-15,1921.544921875,2124.449951171875,2137.0,2109.0,2136.89990234375,1224058
2020-09-16,1938.7757568359375,2143.5,2158.949951171875,2112.699951171875,2125.0,2087841
2020-09-17,1924.9368896484375,2128.199951171875,2145.050048828125,2122.25,2135.0,1741644
2020-09-18,1898.2545166015625,2098.699951171875,2127.550048828125,2090.0,2120.0,4475166
2020-09-21,1843.171142578125,2037.800048828125,2099.0,2022.0999755859375,2098.699951171875,3483963
2020-09-22,1833.2218017578125,2026.800048828125,2054.75,2000.050048828125,2040.550048828125,2345687
2020-09-23,1856.5123291015625,2052.550048828125,2060.0,2025.8499755859375,2035.0,2410295
2020-09-24,1864.0648193359375,2060.89990234375,2081.0,2035.050048828125,2044.0,3798089
2020-09-25,1880.481201171875,2079.050048828125,2111.0,2070.85009765625,2082.0,2528873
2020-09-28,1866.235595703125,2063.300048828125,2092.35009765625,2060.0,2083.0,1523704
2020-09-29,1839.0103759765625,2033.199951171875,2069.25,2024.75,2065.0,2298844
2020-09-30,1870.712890625,2068.25,2097.0,2034.0,2038.949951171875,2417367
2020-10-01,1894.9078369140625,2095.0,2108.89990234375,2070.0,2090.0,2131531
2020-10-05,1909.425048828125,2111.050048828125,2123.300048828125,2082.199951171875,2100.0,1646110
2020-10-06,1913.8114013671875,2115.89990234375,2140.0,2108.050048828125,2119.0,1679499
2020-10-07,1935.022216796875,2139.35009765625,2150.0,2113.0,2123.0,2428544
2020-10-08,1954.423583984375,2160.800048828125,2165.0,2146.25,2147.0,1617365
2020-10-09,1935.29345703125,2139.64990234375,2166.949951171875,2121.10009765625,2150.0,2001026
2020-10-12,1934.162841796875,2138.39990234375,2147.60009765625,2123.300048828125,2145.199951171875,1741166
2020-10-13,1933.981689453125,2138.199951171875,2153.25,2128.0,2137.949951171875,1679160
2020-10-14,1952.0264892578125,2158.14990234375,2165.0,2131.0,2132.60009765625,2123033
2020-10-15,1946.96142578125,2152.550048828125,2179.699951171875,2141.050048828125,2160.0,2344437
2020-10-16,1945.152099609375,2150.550048828125,2171.89990234375,2144.050048828125,2171.89990234375,1640399
2020-10-19,1969.7998046875,2177.800048828125,2185.0,2152.10009765625,2153.550048828125,1605969
2020-10-20,1965.5487060546875,2173.10009765625,2208.5,2132.550048828125,2182.10009765625,5855290
2020-10-21,1956.5487060546875,2163.14990234375,2196.75,2136.0,2190.0,3954242
2020-10-22,1971.2017822265625,2179.35009765625,2187.25,2153.199951171875,2160.0,2632958
2020-10-23,1939.09228515625,2143.85009765625,2188.89990234375,2140.0,2188.89990234375,2805684
2020-10-26,1959.80517578125,2166.75,2172.0,2142.300048828125,2150.0,1646050
2020-10-27,1968.8046875,2176.699951171875,2189.0,2152.449951171875,2157.0,2334808
2020-10-28,1970.3070068359375,2164.35009765625,2183.949951171875,2144.10009765625,2183.949951171875,1555483
2020-10-29,1931.844970703125,2122.10009765625,2160.0,2116.0,2142.0,1934367
2020-10-30,1885.59912109375,2071.300048828125,2120.0,2068.0,2118.199951171875,2414313
2020-11-02,1886.236328125,2072.0,2087.64990234375,2056.0,2072.0,1486077
2020-11-03,1871.39794921875,2055.699951171875,2091.800048828125,2043.0,2091.800048828125,2227402
2020-11-04,1875.3577880859375,2060.050048828125,2085.0,2049.949951171875,2050.0,1479878
2020-11-05,1913.86572265625,2102.35009765625,2112.0,2061.300048828125,2087.0,2083827
2020-11-06,1906.4005126953125,2094.14990234375,2123.949951171875,2086.0,2105.0,2127821
2020-11-09,1941.35791015625,2132.550048828125,2137.64990234375,2108.050048828125,2120.0,2194404
2020-11-10,1945.044921875,2136.60009765625,2144.199951171875,2092.5,2140.0,2471703
2020-11-11,1940.0833740234375,2131.14990234375,2138.60009765625,2104.60009765625,2136.60009765625,2759942
2020-11-12,1995.5694580078125,2192.10009765625,2204.0,2123.25,2129.0,3010512
2020-11-13,1989.4239501953125,2185.35009765625,2218.39990234375,2178.25,2205.0,2799165
2020-11-14,1991.5634765625,2187.699951171875,2197.0,2182.0,2197.0,258276
2020-11-17,1982.3692626953125,2177.60009765625,2220.35009765625,2172.0,2220.35009765625,2733542
2020-11-18,1940.9481201171875,2132.10009765625,2170.0,2125.89990234375,2170.0,3315051
2020-11-19,1939.7193603515625,2130.75,2147.39990234375,2114.5,2125.800048828125,2704650
2020-11-20,1930.1607666015625,2120.25,2142.0,2100.5,2135.0,2827038
2020-11-23,1938.490234375,2129.39990234375,2140.0,2095.0,2140.0,3244576
2020-11-24,1963.9344482421875,2157.35009765625,2161.0,2122.39990234375,2132.0,1989749
2020-11-25,1944.36181640625,2135.85009765625,2171.0,2128.0,2162.0,1786536
2020-11-26,1961.0667724609375,2154.199951171875,2162.0,2122.550048828125,2140.0,1630887
2020-11-27,1946.501220703125,2138.199951171875,2167.5,2126.0,2167.0,5687861
2020-12-01,1941.813232421875,2133.050048828125,2159.0,2129.60009765625,2159.0,2226742
2020-12-02,1947.5028076171875,2139.300048828125,2149.89990234375,2122.10009765625,2145.0,1634682
2020-12-03,1936.98828125,2127.75,2156.39990234375,2120.10009765625,2153.0,3469163
2020-12-04,1988.3773193359375,2184.199951171875,2195.39990234375,2133.60009765625,2141.0,3712143
2020-12-07,2053.87646484375,2256.14990234375,2259.60009765625,2187.0,2189.25,4147649
2020-12-08,2057.381591796875,2260.0,2278.199951171875,2240.14990234375,2259.5,2768211
2020-12-09,2086.694580078125,2292.199951171875,2296.0,2243.25,2260.0,2123890
2020-12-10,2139.72216796875,2350.449951171875,2357.89990234375,2275.050048828125,2290.0,3041370
2020-12-11,2161.843505859375,2374.75,2385.0,2333.0,2366.25,2611218
2020-12-14,2158.202392578125,2370.75,2391.39990234375,2356.14990234375,2380.949951171875,1575632
2020-12-15,2112.047607421875,2320.050048828125,2363.949951171875,2307.300048828125,2361.0,2207176
2020-12-16,2133.804931640625,2343.949951171875,2354.89990234375,2303.0,2317.10009765625,1748634
2020-12-17,2107.723388671875,2315.300048828125,2342.0,2310.0,2342.0,1912868
2020-12-18,2124.24658203125,2333.449951171875,2343.89990234375,2312.0,2322.0,2229891
2020-12-21,2099.212158203125,2305.949951171875,2350.0,2265.10009765625,2343.0,2003069
2020-12-22,2103.80908203125,2311.0,2333.300048828125,2281.0,2310.0,1764488
2020-12-23,2157.83837890625,2370.35009765625,2377.300048828125,2303.25,2320.0,1559556
2020-12-24,2186.87841796875,2402.25,2410.0,2360.050048828125,2382.5,2489444
2020-12-28,2174.72509765625,2388.89990234375,2417.39990234375,2376.050048828125,2405.0,1532477
2020-12-29,2170.53759765625,2384.300048828125,2403.0,2354.199951171875,2395.0,1749013
2020-12-30,2190.837890625,2406.60009765625,2414.64990234375,2376.0,2390.0,1924886
2020-12-31,2180.642333984375,2395.39990234375,2417.0,2387.0,2396.0,1709836
2021-01-01,2173.495849609375,2387.550048828125,2404.0,2382.0,2395.39990234375,830096
2021-01-04,2208.954345703125,2426.5,2430.0,2400.699951171875,2405.0,1614486
2021-01-05,2230.847900390625,2450.550048828125,2456.949951171875,2405.0,2405.0,2356303
2021-01-06,2200.5791015625,2417.300048828125,2450.0,2401.60009765625,2445.800048828125,1641627
2021-01-07,2156.47314453125,2368.85009765625,2432.699951171875,2365.0,2432.0,2403881
2021-01-08,2176.818603515625,2391.199951171875,2400.0,2360.800048828125,2390.0,2797948
2021-01-11,2211.3212890625,2429.10009765625,2441.949951171875,2402.10009765625,2425.0,2787672
2021-01-12,2162.89013671875,2375.89990234375,2433.10009765625,2372.0,2429.800048828125,2036708
2021-01-13,2159.658935546875,2372.35009765625,2398.0,2364.60009765625,2381.89990234375,1702740
2021-01-14,2183.510009765625,2398.550048828125,2406.0,2351.14990234375,2366.0,2120413
2021-01-15,2140.359619140625,2351.14990234375,2407.0,2342.800048828125,2392.5,2042957
2021-01-18,2123.47265625,2332.60009765625,2374.5,2320.64990234375,2374.5,1733797
2021-01-19,2151.283935546875,2363.14990234375,2382.10009765625,2323.25,2342.0,1495269
2021-01-20,2144.729248046875,2355.949951171875,2373.949951171875,2346.300048828125,2357.0,1380562
2021-01-21,2155.3798828125,2367.64990234375,2399.89990234375,2350.0,2376.0,1521133
2021-01-22,2193.341552734375,2409.35009765625,2422.0,2357.0,2359.0,2548089
2021-01-25,2184.4658203125,2399.60009765625,2432.35009765625,2385.0,2420.0,2124424
2021-01-27,2176.91015625,2391.300048828125,2425.0,2335.0,2425.0,2460297
2021-01-28,2094.159423828125,2300.39990234375,2411.550048828125,2290.0,2367.89990234375,3867335
2021-01-29,2060.931884765625,2263.89990234375,2322.300048828125,2251.0,2315.10009765625,4472694
2021-02-01,2047.003662109375,2248.60009765625,2285.0,2226.199951171875,2276.64990234375,2717591
2021-02-02,2030.480712890625,2230.449951171875,2275.0,2205.0,2271.050048828125,4215607
2021-02-03,2032.665771484375,2232.85009765625,2257.0,2217.60009765625,2231.5,2353429
2021-02-04,2044.2724609375,2245.60009765625,2259.0,2226.199951171875,2239.0,2908003
2021-02-05,2066.075439453125,2269.550048828125,2285.0,2241.0,2245.60009765625,4036942
2021-02-08,2036.1248779296875,2236.64990234375,2288.699951171875,2230.300048828125,2288.0,2780672
2021-02-09,2017.553955078125,2216.25,2254.699951171875,2210.5,2247.0,3131481
2021-02-10,2035.0780029296875,2235.5,2241.0,2212.75,2220.0,2055520
2021-02-11,2060.112548828125,2263.0,2268.0,2234.050048828125,2242.0,1824480
2021-02-12,2040.5859375,2241.550048828125,2272.25,2232.0,2268.0,1222094
2021-02-15,2016.597900390625,2215.199951171875,2261.75,2213.0,2251.0,2449407
2021-02-16,1999.210693359375,2196.10009765625,2229.050048828125,2190.050048828125,2227.0,2396356
2021-02-17,1969.8973388671875,2163.89990234375,2201.550048828125,2160.0,2196.0,2447956
2021-02-18,1954.3758544921875,2146.85009765625,2168.550048828125,2143.199951171875,2164.0,3205806
2021-02-19,1985.5552978515625,2181.10009765625,2194.0,2150.0,2152.89990234375,3364030
2021-02-22,1973.265869140625,2167.60009765625,2205.0,2161.60009765625,2205.0,2678023
2021-02-23,1983.87109375,2179.25,2192.35009765625,2170.199951171875,2185.0,2062144
2021-02-24,1983.5069580078125,2178.85009765625,2188.5,2155.550048828125,2188.5,924143
2021-02-25,1969.3511962890625,2163.300048828125,2185.0,2160.0,2177.0,2099460
2021-02-26,1940.9027099609375,2132.050048828125,2182.39990234375,2120.0,2158.0,3413194
2021-03-01,1951.2349853515625,2143.39990234375,2154.0,2128.0,2135.199951171875,1229276
2021-03-02,1982.6876220703125,2177.949951171875,2183.89990234375,2140.550048828125,2162.0,2095135
2021-03-03,1996.84326171875,2193.5,2205.0,2173.5,2205.0,2031893
2021-03-04,1999.938720703125,2196.89990234375,2203.5,2174.0,2185.0,2290915
2021-03-05,2003.7620849609375,2201.10009765625,2209.949951171875,2175.25,2184.60009765625,2129837
2021-03-08,1979.5924072265625,2174.550048828125,2216.10009765625,2169.0,2210.0,1440724
2021-03-09,2001.3951416015625,2198.5,2205.0,2162.050048828125,2176.0,1711842
2021-03-10,2028.11376953125,2227.85009765625,2236.89990234375,2193.199951171875,2210.5,2696085
2021-03-12,2007.085205078125,2204.75,2239.89990234375,2200.0,2236.0,2038930
2021-03-15,2012.6380615234375,2210.85009765625,2217.449951171875,2183.300048828125,2206.10009765625,1632022
2021-03-16,2042.861328125,2244.050048828125,2247.5,2214.300048828125,2221.35009765625,2633605
2021-03-17,2026.7027587890625,2226.300048828125,2262.0,2219.25,2254.0,3703365
2021-03-18,2016.597900390625,2215.199951171875,2249.89990234375,2205.0,2238.0,2597091
2021-03-19,2104.7646484375,2312.050048828125,2325.25,2191.5,2204.10009765625,5382214
2021-03-22,2142.2255859375,2353.199951171875,2356.5,2302.0,2310.10009765625,2471516
2021-03-23,2127.75146484375,2337.300048828125,2372.949951171875,2333.39990234375,2363.0,1970612
2021-03-24,2110.727294921875,2318.60009765625,2350.89990234375,2315.550048828125,2337.300048828125,1762743
2021-03-25,2036.4893798828125,2237.050048828125,2322.0,2231.050048828125,2318.60009765625,2495833
2021-03-26,2110.090087890625,2317.89990234375,2325.0,2248.800048828125,2255.0,1929236
2021-03-30,2183.691650390625,2398.75,2406.0,2325.0,2325.0,3327203
2021-03-31,2213.50537109375,2431.5,2438.60009765625,2381.64990234375,2386.0,2709756
2021-04-01,2184.01123046875,2399.10009765625,2446.800048828125,2392.050048828125,2446.800048828125,1532653
2021-04-05,2160.432373046875,2373.199951171875,2417.199951171875,2346.5,2400.0,2545447
2021-04-06,2192.38525390625,2408.300048828125,2411.0,2377.35009765625,2382.300048828125,3683538
2021-04-07,2189.609130859375,2405.25,2435.0,2387.35009765625,2417.0,1713970
2021-04-08,2193.842041015625,2409.89990234375,2439.0,2395.60009765625,2406.0,1814515
2021-04-09,2254.01611328125,2476.0,2483.0,2424.0,2424.0,2604858
2021-04-12,2241.271240234375,2462.0,2488.25,2437.60009765625,2441.5,2261945
2021-04-13,2234.3525390625,2454.39990234375,2505.89990234375,2448.800048828125,2470.0,1811781
2021-04-15,2240.042724609375,2460.64990234375,2497.0,2421.10009765625,2497.0,3352379
2021-04-16,2238.448974609375,2458.89990234375,2478.949951171875,2440.0,2469.89990234375,1225517
2021-04-19,2218.193603515625,2436.64990234375,2459.699951171875,2414.050048828125,2440.0,1746316
2021-04-20,2182.50830078125,2397.449951171875,2456.0,2383.800048828125,2456.0,1589508
2021-04-22,2138.766357421875,2349.39990234375,2390.0,2332.0,2390.0,1721265
2021-04-23,2100.8505859375,2307.75,2350.0,2300.0,2340.0,1949756
2021-04-26,2149.0078125,2360.64990234375,2369.800048828125,2311.0,2324.0,1946867
2021-04-27,2166.486083984375,2379.85009765625,2386.449951171875,2352.949951171875,2363.0,1668456
2021-04-28,2190.79296875,2406.550048828125,2445.0,2366.300048828125,2380.0,1951215
2021-04-29,2191.748779296875,2407.60009765625,2448.949951171875,2384.14990234375,2433.0,3151150
2021-04-30,2142.726806640625,2353.75,2442.89990234375,2330.25,2410.0,4010778
2021-05-03,2192.11279296875,2408.0,2415.0,2340.0,2343.0,1692239
2021-05-04,2191.793701171875,2407.64990234375,2418.199951171875,2372.199951171875,2409.199951171875,1453111
2021-05-05,2179.9599609375,2394.64990234375,2434.0,2368.64990234375,2434.0,1256857
2021-05-06,2175.7265625,2390.0,2416.550048828125,2377.050048828125,2400.0,1377740
2021-05-07,2195.02587890625,2411.199951171875,2424.0,2397.14990234375,2408.800048828125,1169518
2021-05-10,2214.780517578125,2432.89990234375,2446.949951171875,2416.0,2423.0,988495
2021-05-11,2186.74169921875,2402.10009765625,2426.0,2394.25,2425.0,1019077
2021-05-12,2120.149658203125,2328.949951171875,2389.0,2325.050048828125,2389.0,2053932
2021-05-14,2163.75537109375,2376.85009765625,2382.39990234375,2326.0,2328.89990234375,1388970
2021-05-17,2163.209228515625,2376.25,2395.0,2366.5,2385.0,811243
2021-05-18,2161.388671875,2374.25,2408.35009765625,2366.949951171875,2402.10009765625,1153722
2021-05-19,2148.1884765625,2359.75,2380.0,2344.0,2360.0,1323590
2021-05-20,2133.98681640625,2344.14990234375,2362.0,2340.0,2360.0,856235
2021-05-21,2150.464599609375,2362.25,2366.14990234375,2340.0,2340.0,771492
2021-05-24,2127.068115234375,2336.550048828125,2359.949951171875,2325.25,2355.0,1194864
2021-05-25,2133.896240234375,2344.050048828125,2369.800048828125,2338.0,2355.0,1098457
2021-05-26,2142.953857421875,2354.0,2370.199951171875,2345.25,2355.75,811095
2021-05-27,2117.828125,2326.39990234375,2353.0,2322.89990234375,2353.0,3755182
2021-05-28,2113.550048828125,2321.699951171875,2350.0,2319.35009765625,2333.35009765625,1215325
2021-05-31,2130.2548828125,2340.050048828125,2345.0,2320.14990234375,2325.0,1178704
2021-06-01,2146.86865234375,2358.300048828125,2363.0,2330.60009765625,2347.0,1141451
2021-06-02,2147.323486328125,2358.800048828125,2373.64990234375,2350.0,2356.0,1113091
2021-06-03,2151.37451171875,2363.25,2371.050048828125,2345.0,2369.0,868532
2021-06-04,2132.074951171875,2342.050048828125,2370.0,2333.949951171875,2370.0,1283795
2021-06-07,2129.572021484375,2339.300048828125,2354.0,2331.0,2354.0,1128300
2021-06-08,2147.505615234375,2359.0,2362.0,2335.14990234375,2339.300048828125,1106664
2021-06-09,2144.7744140625,2356.0,2371.949951171875,2345.60009765625,2362.0,1072858
2021-06-10,2165.530517578125,2378.800048828125,2399.949951171875,2355.25,2364.0,1944339
2021-06-11,2154.3330078125,2366.5,2388.550048828125,2360.0,2381.0,1128097
2021-06-14,2168.17919921875,2364.60009765625,2375.10009765625,2336.60009765625,2358.39990234375,1761632
2021-06-15,2193.257080078125,2391.949951171875,2395.0,2360.0,2360.0,1215463
2021-06-16,2207.882568359375,2407.89990234375,2418.85009765625,2383.64990234375,2385.0,2153668
2021-06-17,2216.867919921875,2417.699951171875,2425.89990234375,2386.39990234375,2398.0,1555777
2021-06-18,2276.65234375,2482.89990234375,2496.699951171875,2405.0,2420.0,3937751
2021-06-21,2305.489990234375,2514.35009765625,2529.0,2467.0,2473.949951171875,2506277
2021-06-22,2283.39111328125,2490.25,2533.949951171875,2481.64990234375,2518.10009765625,1945883
2021-06-23,2274.45166015625,2480.5,2514.0,2458.199951171875,2495.0,1035668
2021-06-24,2283.2998046875,2490.14990234375,2504.800048828125,2474.10009765625,2490.0,759681
2021-06-25,2245.2470703125,2448.64990234375,2489.949951171875,2445.0,2488.0,1112942
2021-06-28,2255.837646484375,2460.199951171875,2465.0,2437.300048828125,2450.10009765625,694906
2021-06-29,2285.5009765625,2492.550048828125,2497.5,2445.0,2455.0,1354397
2021-06-30,2266.015625,2471.300048828125,2505.0,2463.0,2492.550048828125,1447245
2021-07-01,2272.1591796875,2478.0,2484.0,2463.0,2484.0,735043
2021-07-02,2280.686767578125,2487.300048828125,2492.699951171875,2452.0,2478.0,860231
2021-07-05,2291.460693359375,2499.050048828125,2513.39990234375,2485.050048828125,2499.0,761700
2021-07-06,2267.1162109375,2472.5,2497.949951171875,2469.0,2490.0,461782
2021-07-07,2275.505859375,2481.64990234375,2490.800048828125,2445.85009765625,2458.0,623145
2021-07-08,2244.239013671875,2447.550048828125,2469.75,2438.449951171875,2462.199951171875,1114426
2021-07-09,2247.814453125,2451.449951171875,2464.5,2438.449951171875,2440.0,538094
2021-07-12,2241.120849609375,2444.14990234375,2459.89990234375,2430.0,2453.0,543898
2021-07-13,2234.289794921875,2436.699951171875,2455.550048828125,2430.0,2455.0,994396
2021-07-14,2214.2548828125,2414.85009765625,2441.35009765625,2409.0,2439.800048828125,1377829
2021-07-15,2211.962890625,2412.35009765625,2425.0,2401.0,2425.0,693792
2021-07-16,2216.593017578125,2417.39990234375,2430.0,2406.0,2420.0,545405
2021-07-19,2208.56982421875,2408.64990234375,2417.0,2398.5,2400.050048828125,463873
2021-07-20,2232.639404296875,2434.89990234375,2460.0,2403.0,2403.0,1061476
2021-07-22,2180.603271484375,2378.14990234375,2508.0,2375.5,2450.0,3546044
2021-07-23,2162.218994140625,2358.10009765625,2391.75,2354.699951171875,2382.0,1517589
2021-07-26,2153.599853515625,2348.699951171875,2360.0,2338.0,2357.25,1311535
2021-07-27,2147.823486328125,2342.39990234375,2359.449951171875,2332.0,2348.699951171875,1656945
2021-07-28,2165.24462890625,2361.39990234375,2368.449951171875,2343.10009765625,2350.0,912373
2021-07-29,2140.808349609375,2334.75,2371.39990234375,2330.0,2361.39990234375,1012663
2021-07-30,2139.4794921875,2333.300048828125,2356.550048828125,2318.0,2340.0,1708251
2021-08-02,2139.0205078125,2332.800048828125,2353.39990234375,2324.60009765625,2342.0,1229936
2021-08-03,2188.581298828125,2386.85009765625,2393.0,2326.10009765625,2330.0,1733476
2021-08-04,2179.640380859375,2377.10009765625,2394.75,2367.550048828125,2386.85009765625,1588974
2021-08-05,2161.85205078125,2357.699951171875,2391.0,2354.0,2391.0,921757
2021-08-06,2174.50537109375,2371.5,2380.75,2357.5,2357.699951171875,1432661
2021-08-09,2186.42626953125,2384.5,2395.0,2374.85009765625,2379.449951171875,921476
2021-08-10,2183.9501953125,2381.800048828125,2394.0,2359.10009765625,2394.0,1061370
2021-08-11,2191.881591796875,2390.449951171875,2395.0,2362.199951171875,2390.0,1300594
2021-08-12,2193.578125,2392.300048828125,2413.5,2377.449951171875,2395.0,1226064
2021-08-13,2204.7646484375,2404.5,2409.64990234375,2388.0,2401.0,1033159
2021-08-16,2224.845703125,2426.39990234375,2436.85009765625,2392.64990234375,2404.0,1146309
2021-08-17,2277.477783203125,2483.800048828125,2487.449951171875,2431.050048828125,2433.0,1921902
2021-08-18,2279.54052734375,2486.050048828125,2500.0,2454.0,2485.0,1545643
2021-08-20,2401.81298828125,2619.39990234375,2630.0,2476.0,2490.0,5779927
2021-08-23,2415.33837890625,2634.14990234375,2672.85009765625,2594.5,2625.0,2163220
2021-08-24,2414.28369140625,2633.0,2658.0,2610.0,2634.0,1482854
2021-08-25,2425.286865234375,2645.0,2666.449951171875,2620.64990234375,2632.0,1746570
2021-08-26,2444.9091796875,2666.39990234375,2697.800048828125,2631.0,2631.0,2117291
2021-08-27,2455.49951171875,2677.949951171875,2690.0,2651.10009765625,2669.0,1176229
2021-08-30,2464.439697265625,2687.699951171875,2705.75,2671.60009765625,2691.60009765625,1168190
2021-08-31,2497.81640625,2724.10009765625,2737.449951171875,2675.64990234375,2687.89990234375,2535891
2021-09-01,2505.885009765625,2732.89990234375,2775.0,2715.0,2745.0,1775792
2021-09-02,2568.37451171875,2801.050048828125,2810.0,2730.14990234375,2748.0,1946183
2021-09-03,2536.877685546875,2766.699951171875,2808.75,2756.0,2802.199951171875,1561823
2021-09-06,2549.623046875,2780.60009765625,2825.0,2775.300048828125,2790.0,1444978
2021-09-07,2546.964111328125,2777.699951171875,2808.699951171875,2770.0,2788.60009765625,1219915
2021-09-08,2568.236572265625,2800.89990234375,2810.0,2765.10009765625,2788.89990234375,946711
2021-09-09,2577.1767578125,2810.64990234375,2823.64990234375,2782.0,2782.0,879454
2021-09-13,2554.8955078125,2786.35009765625,2822.449951171875,2775.0,2797.5,1341412
2021-09-14,2533.072265625,2762.550048828125,2804.0,2751.050048828125,2802.0,1755061
2021-09-15,2544.90087890625,2775.449951171875,2785.0,2749.050048828125,2774.0,1362350
2021-09-16,2538.298828125,2768.25,2797.300048828125,2752.0,2752.0,1259196
2021-09-17,2496.119873046875,2722.25,2783.0,2699.0,2770.10009765625,3095032
2021-09-20,2567.732177734375,2800.35009765625,2809.0,2710.050048828125,2720.0,2671330
2021-09-21,2578.8271484375,2812.449951171875,2859.300048828125,2796.64990234375,2810.0,2277437
2021-09-22,2553.198974609375,2784.5,2839.89990234375,2774.0,2827.89990234375,1580594
2021-09-23,2551.181884765625,2782.300048828125,2817.699951171875,2772.85009765625,2799.0,1054473
2021-09-24,2518.4931640625,2746.64990234375,2780.0,2731.39990234375,2770.10009765625,1635284
2021-09-27,2484.42919921875,2709.5,2765.0,2704.5,2765.0,1465932
2021-09-28,2497.587158203125,2723.85009765625,2754.449951171875,2709.89990234375,2725.0,1078052
2021-09-29,2462.23974609375,2685.300048828125,2744.449951171875,2677.0,2714.949951171875,1503894
2021-09-30,2477.36865234375,2701.800048828125,2705.300048828125,2681.949951171875,2685.300048828125,1620199
2021-10-01,2479.431640625,2704.050048828125,2712.0,2680.10009765625,2706.0,956111
2021-10-04,2463.064697265625,2686.199951171875,2724.0,2679.699951171875,2700.0,1025005
2021-10-05,2483.649658203125,2708.64990234375,2714.949951171875,2686.0,2686.199951171875,562784
2021-10-06,2462.927490234375,2686.050048828125,2734.0,2676.0,2694.050048828125,862471
2021-10-07,2447.659912109375,2669.39990234375,2704.25,2666.0,2698.0,1082816
2021-10-08,2420.748046875,2640.050048828125,2678.550048828125,2625.39990234375,2670.5,1579941
2021-10-11,2425.37841796875,2645.10009765625,2665.5,2635.5,2642.199951171875,1086252
2021-10-12,2453.849365234375,2676.14990234375,2688.050048828125,2625.0,2625.0,1174337
2021-10-13,2426.8916015625,2646.75,2693.60009765625,2642.60009765625,2688.10009765625,1660007
2021-10-14,2429.458740234375,2649.550048828125,2676.75,2620.0,2646.75,2158809
2021-10-18,2433.539306640625,2654.0,2678.89990234375,2643.050048828125,2672.800048828125,1758177
2021-10-19,2335.244384765625,2546.800048828125,2732.0,2520.5,2669.89990234375,5431133
2021-10-20,2272.755126953125,2478.64990234375,2584.0,2470.0,2569.0,4864654
2021-10-21,2242.588134765625,2445.75,2505.0,2428.0,2503.39990234375,3254632
2021-10-22,2250.24462890625,2454.10009765625,2498.25,2430.0,2459.0,1845622
2021-10-25,2251.849609375,2455.85009765625,2463.550048828125,2410.0,2454.10009765625,1560381
2021-10-26,2248.158935546875,2436.85009765625,2468.89990234375,2417.050048828125,2468.89990234375,1595060
2021-10-27,2211.025634765625,2396.60009765625,2455.199951171875,2391.14990234375,2455.0,3083879
2021-10-28,2204.61376953125,2389.64990234375,2416.0,2368.0,2400.0,2015791
2021-10-29,2207.84228515625,2393.14990234375,2402.0,2373.0,2400.0,2453400
2021-11-01,2220.71240234375,2407.10009765625,2410.89990234375,2368.25,2393.0,1941114
2021-11-02,2231.598876953125,2418.89990234375,2428.0,2402.0,2415.0,1350154
2021-11-03,2224.633544921875,2411.35009765625,2434.0,2386.199951171875,2434.0,1591607
2021-11-04,2235.242919921875,2422.85009765625,2430.0,2420.0,2429.0,245719
2021-11-08,2243.591796875,2431.89990234375,2449.0,2400.10009765625,2449.0,2555533
2021-11-09,2242.900146484375,2431.14990234375,2446.199951171875,2416.449951171875,2439.800048828125,1696949
2021-11-10,2214.30029296875,2400.14990234375,2420.0,2396.0,2411.050048828125,1794509
2021-11-11,2192.205078125,2376.199951171875,2406.949951171875,2366.199951171875,2402.699951171875,1282647
2021-11-12,2218.72900390625,2404.949951171875,2413.60009765625,2376.199951171875,2388.0,1651974
2021-11-15,2236.995849609375,2424.75,2430.0,2404.10009765625,2404.10009765625,1007999
2021-11-16,2220.29736328125,2406.64990234375,2434.64990234375,2400.10009765625,2434.64990234375,1245209
2021-11-17,2205.99755859375,2391.14990234375,2410.050048828125,2387.199951171875,2404.0,956809
2021-11-18,2213.609130859375,2399.39990234375,2406.35009765625,2370.0,2390.0,1236943
2021-11-22,2203.5986328125,2388.550048828125,2409.89990234375,2377.14990234375,2409.39990234375,1629290
2021-11-23,2208.811279296875,2394.199951171875,2400.0,2336.5,2387.800048828125,1932539
2021-11-24,2190.86767578125,2374.75,2406.0,2367.0,2406.0,999070
2021-11-25,2167.157470703125,2349.050048828125,2387.0,2341.0,2387.0,1363272
2021-11-26,2154.287841796875,2335.10009765625,2365.0,2325.199951171875,2344.0,2450902
2021-11-29,2149.029296875,2329.39990234375,2342.25,2284.699951171875,2334.39990234375,1724612
2021-11-30,2138.096435546875,2317.550048828125,2361.0,2302.0,2322.0,3931035
2021-12-01,2163.28271484375,2344.85009765625,2356.75,2323.25,2340.0,1263139
2021-12-02,2198.755615234375,2383.300048828125,2388.0,2345.0,2357.0,1673117
2021-12-03,2162.17529296875,2343.64990234375,2389.89990234375,2337.89990234375,2383.300048828125,1890178
2021-12-06,2127.90234375,2306.5,2363.949951171875,2301.0,2344.0,1079171
2021-12-07,2141.8330078125,2321.60009765625,2341.64990234375,2312.0,2327.89990234375,895313
2021-12-08,2159.36181640625,2340.60009765625,2344.449951171875,2318.25,2318.25,839769
2021-12-09,2158.577392578125,2339.75,2348.60009765625,2321.550048828125,2341.0,716666
2021-12-10,2152.165771484375,2332.800048828125,2347.0,2320.0,2347.0,724539
2021-12-13,2125.918701171875,2304.35009765625,2352.0,2301.0,2352.0,1804894
2021-12-14,2138.788818359375,2318.300048828125,2324.949951171875,2304.0,2305.0,1219031
2021-12-15,2141.2333984375,2320.949951171875,2324.800048828125,2300.5,2316.0,755122
2021-12-16,2130.670166015625,2309.5,2325.300048828125,2303.949951171875,2320.949951171875,926493
2021-12-17,2057.556396484375,2230.25,2308.949951171875,2226.0,2303.0,2439222
2021-12-20,2093.3984375,2269.10009765625,2274.35009765625,2201.14990234375,2226.0,2175705
2021-12-21,2096.85791015625,2272.85009765625,2302.699951171875,2252.75,2290.0,1591415
2021-12-22,2101.285888671875,2277.64990234375,2317.39990234375,2269.0,2300.0,1661605
2021-12-23,2122.505126953125,2300.64990234375,2305.0,2274.60009765625,2298.949951171875,1423081
2021-12-24,2119.09130859375,2296.949951171875,2313.0,2283.300048828125,2310.0,895503
2021-12-27,2123.19677734375,2301.39990234375,2308.10009765625,2278.25,2296.949951171875,584302
2021-12-28,2130.301025390625,2309.10009765625,2318.39990234375,2297.75,2310.0,783710
2021-12-29,2128.224853515625,2306.85009765625,2321.85009765625,2299.050048828125,2314.89990234375,1410236
2021-12-30,2145.523193359375,2325.60009765625,2330.0,2296.64990234375,2308.0,963711
2021-12-31,2177.397705078125,2360.14990234375,2370.35009765625,2330.0,2340.0,1123597
2022-01-03,2178.45947265625,2361.300048828125,2378.0,2353.0,2378.0,879278
2022-01-04,2215.315185546875,2401.25,2408.10009765625,2355.35009765625,2368.949951171875,1484275
2022-01-05,2228.73876953125,2415.800048828125,2420.0,2392.0,2403.800048828125,1202512
2022-01-06,2206.228271484375,2391.39990234375,2412.0,2367.699951171875,2398.0,1198901
2022-01-07,2229.061279296875,2416.14990234375,2421.89990234375,2388.0,2388.0,1026186
2022-01-10,2220.66650390625,2407.050048828125,2425.0,2402.0,2425.0,919447
2022-01-11,2217.529296875,2403.64990234375,2418.300048828125,2392.0,2417.14990234375,1321335
2022-01-12,2226.2939453125,2413.14990234375,2416.0,2398.5,2407.199951171875,1487554
2022-01-13,2227.262939453125,2414.199951171875,2421.89990234375,2403.25,2418.0,1586299
2022-01-14,2180.673095703125,2363.699951171875,2421.0,2360.800048828125,2420.0,1596037
2022-01-17,2204.52197265625,2389.550048828125,2394.199951171875,2345.0,2364.0,912205
2022-01-18,2186.02392578125,2369.5,2408.699951171875,2357.39990234375,2408.699951171875,1667579
2022-01-19,2131.038818359375,2309.89990234375,2368.60009765625,2305.050048828125,2364.0,2145255
2022-01-20,2086.663330078125,2261.800048828125,2325.550048828125,2243.0,2325.0,2829711
2022-01-21,2145.338623046875,2325.39990234375,2334.35009765625,2250.0,2264.800048828125,4596050
2022-01-24,2107.6982421875,2284.60009765625,2344.949951171875,2266.699951171875,2338.89990234375,2231103
2022-01-25,2147.045166015625,2327.25,2333.699951171875,2240.89990234375,2283.5,1843543
2022-01-27,2117.615234375,2295.35009765625,2325.60009765625,2275.0,2310.0,2620474
2022-01-28,2106.729248046875,2283.550048828125,2318.699951171875,2278.050048828125,2294.60009765625,1967721
2022-01-31,2097.68798828125,2273.75,2311.85009765625,2271.0,2290.0,1639875
2022-02-01,2127.1181640625,2305.64990234375,2320.0,2278.39990234375,2303.300048828125,1270508
2022-02-02,2147.644775390625,2327.89990234375,2333.0,2296.550048828125,2324.10009765625,1246111
2022-02-03,2120.19873046875,2298.14990234375,2331.949951171875,2290.0,2329.0,1448039
2022-02-04,2127.994873046875,2306.60009765625,2312.75,2283.0,2306.0,1014561
2022-02-07,2082.788818359375,2257.60009765625,2316.699951171875,2237.0,2295.25,1207402
2022-02-08,2089.01611328125,2264.35009765625,2268.0,2246.550048828125,2268.0,1190660
2022-02-09,2101.285888671875,2277.64990234375,2280.35009765625,2255.60009765625,2267.550048828125,1049611
2022-02-10,2106.360107421875,2283.14990234375,2285.0,2255.85009765625,2280.0,1195100
2022-02-11,2083.15771484375,2258.0,2279.0,2249.0,2279.0,2100036
2022-02-14,2055.98828125,2228.550048828125,2236.25,2207.0,2220.0,1661501
2022-02-15,2112.77197265625,2290.10009765625,2304.14990234375,2222.550048828125,2247.949951171875,1533070
2022-02-16,2109.450927734375,2286.5,2303.75,2275.0,2290.10009765625,995668
2022-02-17,2128.87109375,2307.550048828125,2313.0,2276.0,2282.0,869374
2022-02-18,2133.48388671875,2312.550048828125,2327.800048828125,2294.0,2294.0,890713
2022-02-21,2117.108154296875,2294.800048828125,2304.050048828125,2284.75,2298.0,737919
2022-02-22,2094.182373046875,2269.949951171875,2280.0,2250.10009765625,2280.0,902667
2022-02-23,2085.37158203125,2260.39990234375,2273.949951171875,2252.25,2270.0,1324411
2022-02-24,2003.2630615234375,2171.39990234375,2242.0,2160.300048828125,2200.0,2997629
2022-02-25,2002.617431640625,2170.699951171875,2196.0,2162.14990234375,2195.0,2193728
2022-02-28,2003.9093017578125,2172.10009765625,2179.89990234375,2120.0,2164.0,2334036
2022-03-02,1982.6900634765625,2149.10009765625,2154.800048828125,2123.050048828125,2128.949951171875,2034688
2022-03-03,1929.0889892578125,2091.0,2167.949951171875,2086.60009765625,2157.89990234375,2372998
2022-03-04,1863.125244140625,2019.5,2077.949951171875,1975.25,2075.0,6320118
2022-03-07,1793.425048828125,1943.949951171875,1980.1500244140625,1927.0,1979.5,2976453
2022-03-08,1798.0843505859375,1949.0,1958.0,1901.550048828125,1924.550048828125,3211938
2022-03-09,1843.19775390625,1997.9000244140625,2007.050048828125,1951.0,1964.0,2879079
2022-03-10,1939.1907958984375,2101.949951171875,2114.0,2049.0,2051.89990234375,4879791
2022-03-11,1932.2257080078125,2094.39990234375,2110.199951171875,2070.0,2100.0,2481643
2022-03-14,1899.8436279296875,2059.300048828125,2095.0,2046.0999755859375,2095.0,1730325
2022-03-15,1880.377197265625,2038.199951171875,2080.800048828125,2025.0,2045.0,2391023
2022-03-16,1911.6983642578125,2072.14990234375,2080.0,2032.050048828125,2060.0,2808685
2022-03-17,1939.283447265625,2102.050048828125,2116.699951171875,2082.35009765625,2098.10009765625,2995889
2022-03-21,1892.37060546875,2051.199951171875,2110.89990234375,2046.0,2106.5,1674982
2022-03-22,1839.1385498046875,1993.5,2053.75,1969.0,2053.75,5356303
2022-03-23,1825.34619140625,1978.550048828125,2016.550048828125,1975.25,2012.0,3212162
2022-03-24,1813.67578125,1965.9000244140625,1991.3499755859375,1951.3499755859375,1970.0,3054664
2022-03-25,1801.7744140625,1953.0,1977.0,1945.0,1974.9000244140625,2233647
2022-03-28,1822.1632080078125,1975.0999755859375,1980.800048828125,1931.300048828125,1959.949951171875,1794533
2022-03-29,1833.1881103515625,1987.050048828125,1994.8499755859375,1974.050048828125,1980.0,1249125
2022-03-30,1859.8040771484375,2015.9000244140625,2019.0,1995.050048828125,2000.0,1476829
2022-03-31,1890.018310546875,2048.64990234375,2054.0,2018.0,2019.4000244140625,2540524
2022-04-01,1917.2337646484375,2078.14990234375,2085.85009765625,2038.4000244140625,2054.89990234375,1714996
2022-04-04,1963.6390380859375,2128.449951171875,2132.449951171875,2070.199951171875,2078.0,1693019
2022-04-05,1974.1102294921875,2139.800048828125,2158.0,2127.0,2144.5,1277652
2022-04-06,1976.185791015625,2142.050048828125,2164.39990234375,2121.300048828125,2135.0,1736115
2022-04-07,1997.17431640625,2164.800048828125,2175.0,2135.10009765625,2139.949951171875,1824732
2022-04-08,2014.01123046875,2183.050048828125,2193.5,2163.5,2177.699951171875,1693462
2022-04-11,1995.5599365234375,2163.050048828125,2194.10009765625,2138.89990234375,2188.0,1380107
2022-04-12,1967.1448974609375,2132.25,2165.0,2125.0,2140.89990234375,1370233
2022-04-13,1985.503662109375,2152.14990234375,2165.0,2130.699951171875,2137.699951171875,1071601
2022-04-18,2009.029052734375,2177.64990234375,2182.89990234375,2135.050048828125,2148.0,1828131
2022-04-19,1949.431396484375,2113.050048828125,2206.85009765625,2101.050048828125,2185.699951171875,1775996
2022-04-20,1997.3125,2164.949951171875,2168.64990234375,2092.699951171875,2114.39990234375,1511804
2022-04-21,2027.75732421875,2197.949951171875,2203.75,2168.0,2185.0,2244813
2022-04-22,1962.2550048828125,2126.949951171875,2189.0,2120.0,2182.0,3520828
2022-04-25,1938.083740234375,2100.75,2162.0,2047.0,2100.0,2437310
2022-04-26,1981.9981689453125,2148.35009765625,2157.949951171875,2121.0,2142.199951171875,1447088
2022-04-27,1978.999755859375,2145.10009765625,2152.39990234375,2103.5,2147.800048828125,2214481
2022-04-28,2068.25830078125,2241.85009765625,2250.0,2165.0,2230.0,5865359
2022-04-29,2061.800048828125,2234.85009765625,2290.0,2222.550048828125,2244.39990234375,2678692
2022-05-02,2057.787109375,2230.5,2252.0,2205.89990234375,2220.0,1543544
2022-05-04,2003.4017333984375,2171.550048828125,2250.85009765625,2148.64990234375,2241.949951171875,1608395
2022-05-05,1998.8349609375,2166.60009765625,2201.949951171875,2153.60009765625,2178.0,1101451
2022-05-06,1982.7823486328125,2149.199951171875,2170.0,2106.199951171875,2125.0,1585602
2022-05-09,1952.7525634765625,2116.64990234375,2139.39990234375,2110.14990234375,2121.5,1341414
2022-05-10,2011.5665283203125,2180.39990234375,2197.89990234375,2119.0,2134.0,2162232
2022-05-11,1995.97509765625,2163.5,2189.699951171875,2116.0,2185.0,1858636
2022-05-12,1973.1878662109375,2138.800048828125,2164.85009765625,2109.199951171875,2164.85009765625,1531515
2022-05-13,2024.2056884765625,2194.10009765625,2218.0,2154.14990234375,2170.0,2057239
2022-05-16,2045.5633544921875,2217.25,2221.949951171875,2172.300048828125,2200.0,1396818
2022-05-17,2071.164306640625,2245.0,2277.0,2221.300048828125,2237.89990234375,2055096
2022-05-18,2113.97119140625,2291.39990234375,2302.0,2236.10009765625,2236.10009765625,2137455
2022-05-19,2089.200439453125,2264.550048828125,2283.800048828125,2245.449951171875,2245.60009765625,1734602
2022-05-20,2145.845947265625,2325.949951171875,2348.0,2282.699951171875,2290.0,2599505
2022-05-23,2195.526611328125,2379.800048828125,2388.0,2306.35009765625,2309.0,2363306
2022-05-24,2130.80810546875,2309.64990234375,2380.0,2302.050048828125,2380.0,3078655
2022-05-25,2120.7060546875,2298.699951171875,2329.949951171875,2286.5,2329.949951171875,1884260
2022-05-26,2103.638916015625,2280.199951171875,2296.0,2258.0,2290.14990234375,2299127
2022-05-27,2150.13623046875,2330.60009765625,2334.89990234375,2280.5,2297.0,1011303
2022-05-30,2167.06494140625,2348.949951171875,2365.0,2331.0,2342.199951171875,939562
2022-05-31,2171.031982421875,2353.25,2367.89990234375,2303.89990234375,2360.0,3123979
2022-06-01,2129.701171875,2308.449951171875,2413.800048828125,2302.0,2370.0,2197599
2022-06-02,2107.88232421875,2284.800048828125,2306.949951171875,2257.14990234375,2295.0,1460335
2022-06-03,2114.478759765625,2291.949951171875,2324.949951171875,2265.14990234375,2284.0,1845303
2022-06-06,2103.91552734375,2280.5,2301.949951171875,2247.60009765625,2272.199951171875,2131405
2022-06-07,2040.3507080078125,2211.60009765625,2259.85009765625,2207.050048828125,2250.0,2034730
2022-06-08,2026.9273681640625,2197.050048828125,2218.949951171875,2186.0,2215.0,1506843
2022-06-09,2027.526611328125,2197.699951171875,2208.35009765625,2170.75,2197.0,1497867
2022-06-10,2029.5565185546875,2199.89990234375,2208.85009765625,2162.800048828125,2163.0,1641981
2022-06-13,2026.78857421875,2196.89990234375,2217.0,2156.0,2168.0,1519441
2022-06-14,2002.89453125,2171.0,2213.949951171875,2160.0,2190.85009765625,1592475
2022-06-15,1997.8221435546875,2146.550048828125,2158.89990234375,2131.0,2158.699951171875,1432377
2022-06-16,1997.9613037109375,2146.699951171875,2164.0,2135.050048828125,2145.0,1353485
2022-06-17,1964.223388671875,2110.449951171875,2160.39990234375,2100.0,2160.0,3252189
2022-06-20,2043.752197265625,2195.89990234375,2202.89990234375,2108.14990234375,2111.0,2022000
2022-06-21,2052.222412109375,2205.0,2232.0,2172.14990234375,2195.0,1606187
2022-06-22,2050.22119140625,2202.85009765625,2224.89990234375,2186.050048828125,2189.199951171875,1741378
2022-06-23,2096.524169921875,2252.60009765625,2257.35009765625,2192.10009765625,2208.0,1585753
2022-06-24,2144.27001953125,2303.89990234375,2318.800048828125,2260.050048828125,2265.0,1930048
2022-06-27,2159.859130859375,2320.64990234375,2331.85009765625,2298.050048828125,2315.85009765625,1450391
2022-06-28,2157.06640625,2317.64990234375,2324.0,2277.85009765625,2320.64990234375,1404108
2022-06-29,2078.700927734375,2233.449951171875,2299.89990234375,2225.0,2296.199951171875,1682914
2022-06-30,2076.048583984375,2230.60009765625,2249.0,2213.39990234375,2224.89990234375,2387212
2022-07-01,2124.212890625,2282.35009765625,2293.0,2203.60009765625,2226.0,1235612
2022-07-04,2210.629150390625,2375.199951171875,2378.300048828125,2276.0,2276.0,2410245
2022-07-05,2235.10693359375,2401.5,2412.0,2371.60009765625,2384.5,2463079
2022-07-06,2325.29296875,2498.39990234375,2509.10009765625,2400.0,2400.0,4770394
2022-07-07,2301.606689453125,2472.949951171875,2531.0,2465.5,2505.0,3333262
2022-07-08,2323.8505859375,2496.85009765625,2503.800048828125,2452.800048828125,2476.449951171875,1346970
2022-07-11,2318.0341796875,2490.60009765625,2525.0,2480.0,2487.0,1587197
2022-07-12,2279.827880859375,2449.550048828125,2490.60009765625,2444.449951171875,2475.0,1116476
2022-07-13,2324.6884765625,2497.75,2519.35009765625,2461.39990234375,2464.0,2528792
2022-07-14,2324.734375,2497.800048828125,2522.89990234375,2468.199951171875,2502.75,1663307
2022-07-15,2390.535888671875,2568.5,2573.89990234375,2502.050048828125,2530.0,2996964
2022-07-18,2376.57568359375,2553.5,2605.0,2533.050048828125,2581.0,1566888
2022-07-19,2390.024169921875,2567.949951171875,2575.0,2522.75,2549.949951171875,1473121
2022-07-20,2424.042236328125,2604.5,2618.0,2535.60009765625,2575.0,4012897
2022-07-21,2426.78759765625,2607.449951171875,2629.89990234375,2591.699951171875,2617.0,1990695
2022-07-22,2457.640869140625,2640.60009765625,2643.199951171875,2611.050048828125,2617.0,1905780
2022-07-25,2441.818359375,2623.60009765625,2654.0,2612.0,2645.5,1253821
2022-07-26,2370.619140625,2547.10009765625,2625.0,2538.10009765625,2625.0,1685576
2022-07-27,2403.054443359375,2581.949951171875,2590.5,2525.0,2535.35009765625,1404133
2022-07-28,2438.561279296875,2620.10009765625,2625.0,2585.0,2625.0,1442054
2022-07-29,2454.661865234375,2637.39990234375,2645.0,2596.0,2640.0,1463059
2022-08-01,2413.338623046875,2593.0,2638.0,2580.0,2637.5,1559918
2022-08-02,2452.6611328125,2635.25,2639.10009765625,2599.0,2600.0,1359934
2022-08-03,2444.37841796875,2626.35009765625,2664.0,2597.89990234375,2615.25,1767904
2022-08-04,2445.8671875,2627.949951171875,2643.449951171875,2615.0,2634.0,1189384
2022-08-05,2462.10791015625,2645.39990234375,2657.64990234375,2627.550048828125,2638.0,1176666
2022-08-08,2466.71533203125,2650.35009765625,2658.0,2626.050048828125,2645.39990234375,1024511
2022-08-10,2459.6884765625,2642.800048828125,2676.699951171875,2631.199951171875,2650.35009765625,1098949
2022-08-11,2432.604248046875,2613.699951171875,2667.75,2606.60009765625,2656.050048828125,810674
2022-08-12,2415.153076171875,2594.949951171875,2626.10009765625,2585.10009765625,2624.89990234375,1473527
2022-08-16,2461.270751953125,2644.5,2648.35009765625,2590.550048828125,2607.949951171875,1584117
2022-08-17,2498.638916015625,2684.64990234375,2694.0,2644.5,2651.0,1711381
2022-08-18,2496.21875,2682.050048828125,2715.0,2664.64990234375,2685.0,1465489
2022-08-19,2452.009765625,2634.550048828125,2698.949951171875,2626.5,2689.0,1324508
2022-08-22,2444.703857421875,2626.699951171875,2666.800048828125,2620.10009765625,2648.0,1410895
2022-08-23,2413.106201171875,2592.75,2629.699951171875,2585.25,2602.050048828125,1305045
2022-08-24,2408.917724609375,2588.25,2610.0,2561.300048828125,2576.0,1242489
2022-08-25,2395.841064453125,2574.199951171875,2628.39990234375,2565.449951171875,2601.199951171875,1106593
2022-08-26,2393.375244140625,2571.550048828125,2614.699951171875,2562.0,2599.89990234375,1048791
2022-08-29,2397.33056640625,2575.800048828125,2607.89990234375,2550.0,2550.0,1450034
2022-08-30,2475.556884765625,2659.85009765625,2667.0,2585.60009765625,2588.699951171875,2227943
2022-09-01,2425.43798828125,2606.0,2655.0,2594.0,2650.0,1702269
2022-09-02,2423.204345703125,2603.60009765625,2623.0,2585.0,2615.0,937600
2022-09-05,2420.411865234375,2600.60009765625,2622.39990234375,2586.10009765625,2597.0,1274074
2022-09-06,2394.817626953125,2573.10009765625,2620.0,2563.0,2591.199951171875,1250776
2022-09-07,2386.90673828125,2564.60009765625,2596.89990234375,2560.800048828125,2571.800048828125,1344964
2022-09-08,2398.586669921875,2577.14990234375,2596.0,2563.0,2580.0,1004533
2022-09-09,2409.336669921875,2588.699951171875,2647.0,2583.449951171875,2598.0,1785443
2022-09-12,2401.611328125,2580.39990234375,2605.0,2574.0,2591.0,1595709
2022-09-13,2407.38232421875,2586.60009765625,2609.0,2579.0,2598.0,1342130
2022-09-14,2393.235107421875,2571.39990234375,2606.0,2546.699951171875,2550.0,1610054
2022-09-15,2382.997314453125,2560.39990234375,2598.800048828125,2551.0,2580.0,1199906
2022-09-16,2352.98193359375,2528.14990234375,2563.85009765625,2518.64990234375,2555.0,2516820
2022-09-19,2400.54150390625,2579.25,2588.0,2508.050048828125,2531.0,1166725
2022-09-20,2404.543212890625,2583.550048828125,2621.5,2579.60009765625,2598.60009765625,1253333
2022-09-21,2441.818359375,2623.60009765625,2646.75,2580.0,2582.0,1960049
2022-09-22,2506.17724609375,2692.75,2701.25,2620.050048828125,2623.10009765625,2620240
2022-09-23,2496.21875,2682.050048828125,2723.75,2674.0,2697.89990234375,1789791
2022-09-26,2476.20849609375,2660.550048828125,2729.0,2643.050048828125,2668.5,2678551
2022-09-27,2493.612548828125,2679.25,2713.75,2653.39990234375,2676.0,1898501
2022-09-28,2514.879150390625,2702.10009765625,2708.75,2652.050048828125,2669.949951171875,1526197
2022-09-29,2513.43701171875,2700.550048828125,2727.0,2691.10009765625,2711.10009765625,2019666
2022-09-30,2509.620849609375,2696.449951171875,2714.89990234375,2667.89990234375,2707.0,1340054
2022-10-03,2440.794677734375,2622.5,2734.0,2617.550048828125,2723.0,1683197
2022-10-04,2483.095703125,2667.949951171875,2676.5,2634.14990234375,2650.0,1327939
2022-10-06,2432.8837890625,2614.0,2692.300048828125,2605.050048828125,2681.300048828125,1752351
2022-10-07,2419.574462890625,2599.699951171875,2613.0,2575.0,2611.89990234375,1025923
2022-10-10,2425.066162109375,2605.60009765625,2610.699951171875,2542.0,2570.0,1043728
2022-10-11,2373.923095703125,2550.64990234375,2610.550048828125,2545.0,2610.0,1129783
2022-10-12,2411.803466796875,2591.35009765625,2604.60009765625,2554.199951171875,2563.449951171875,882873
2022-10-13,2388.581787109375,2566.39990234375,2607.14990234375,2562.89990234375,2583.0,753331
2022-10-14,2397.33056640625,2575.800048828125,2624.89990234375,2570.199951171875,2590.0,1001536
2022-10-17,2411.05859375,2590.550048828125,2609.949951171875,2568.0,2573.60009765625,778918
2022-10-18,2421.94775390625,2602.25,2642.0,2597.0,2620.0,1123374
2022-10-19,2404.03173828125,2583.0,2617.5,2578.39990234375,2615.300048828125,1241979
2022-10-20,2420.69140625,2600.89990234375,2610.0,2568.14990234375,2568.14990234375,1428125
2022-10-21,2470.01904296875,2653.89990234375,2666.75,2606.0,2606.0,2458302
2022-10-24,2394.817626953125,2573.10009765625,2640.0,2550.0,2610.10009765625,719908
2022-10-25,2331.80810546875,2505.39990234375,2586.0,2500.0,2586.0,2923789
2022-10-27,2344.46630859375,2519.0,2530.0,2488.0,2494.0,1846329
2022-10-28,2349.352294921875,2524.25,2550.89990234375,2512.0,2526.10009765625,1164951
2022-10-31,2373.969482421875,2550.699951171875,2572.0,2542.050048828125,2545.0,1324443
2022-11-01,2390.9287109375,2551.800048828125,2575.85009765625,2547.60009765625,2569.0,1280132
2022-11-02,2359.540283203125,2518.300048828125,2564.0,2501.39990234375,2564.0,1338284
2022-11-03,2385.822265625,2546.35009765625,2549.0,2508.300048828125,2515.699951171875,730444
2022-11-04,2361.461181640625,2520.35009765625,2546.0,2515.25,2544.949951171875,889055
2022-11-07,2373.12646484375,2532.800048828125,2552.0,2517.0,2531.10009765625,1283685
2022-11-09,2350.63916015625,2508.800048828125,2544.89990234375,2492.64990234375,2510.0,1436444
2022-11-10,2355.136962890625,2513.60009765625,2538.0,2501.050048828125,2504.0,1459152
2022-11-11,2345.251953125,2503.050048828125,2546.800048828125,2495.0,2545.0,1162847
2022-11-14,2302.8544921875,2457.800048828125,2513.75,2455.14990234375,2506.800048828125,2137131
2022-11-15,2302.5732421875,2457.5,2469.0,2444.14990234375,2457.800048828125,1558333
2022-11-16,2321.640625,2477.85009765625,2483.0,2428.10009765625,2463.550048828125,1330395
2022-11-17,2304.916015625,2460.0,2498.0,2454.25,2479.949951171875,960476
2022-11-18,2327.121826171875,2483.699951171875,2488.550048828125,2448.85009765625,2470.0,1075675
2022-11-21,2343.7060546875,2501.39990234375,2512.0,2470.050048828125,2483.699951171875,1354881
2022-11-22,2357.104248046875,2515.699951171875,2524.0,2497.0,2505.89990234375,921265
2022-11-23,2349.280517578125,2507.35009765625,2525.0,2502.0,2521.0,734152
2022-11-24,2388.445556640625,2549.14990234375,2560.0,2511.14990234375,2517.0,999929
2022-11-25,2377.48291015625,2537.449951171875,2555.39990234375,2518.199951171875,2555.0,783480
2022-11-28,2366.005615234375,2525.199951171875,2542.5,2521.800048828125,2527.0,830905
2022-11-29,2468.1337890625,2634.199951171875,2639.949951171875,2527.199951171875,2527.199951171875,2542932
2022-11-30,2515.122314453125,2684.35009765625,2698.0,2623.0,2634.0,3698270
2022-12-01,2494.977783203125,2662.85009765625,2683.0,2646.85009765625,2680.0,1675569
2022-12-02,2450.23828125,2615.10009765625,2660.0,2607.14990234375,2660.0,2101890
2022-12-05,2454.688232421875,2619.85009765625,2625.0,2585.14990234375,2600.0,1640511
2022-12-06,2487.200927734375,2654.550048828125,2659.949951171875,2603.85009765625,2606.800048828125,1484562
2022-12-07,2536.672119140625,2707.35009765625,2719.800048828125,2656.25,2660.050048828125,2368561
2022-12-08,2534.89208984375,2705.449951171875,2711.050048828125,2685.75,2695.050048828125,1314703
2022-12-09,2550.6328125,2722.25,2741.60009765625,2711.25,2724.699951171875,1883397
2022-12-12,2545.947998046875,2717.25,2724.0,2688.64990234375,2702.199951171875,1163204
2022-12-13,2539.4365234375,2710.300048828125,2720.0,2697.800048828125,2717.0,1265839
2022-12-14,2515.4033203125,2684.64990234375,2720.0,2671.35009765625,2720.0,886858
2022-12-15,2495.352294921875,2663.25,2683.25,2648.449951171875,2668.35009765625,990722
2022-12-16,2502.89501953125,2671.300048828125,2687.699951171875,2653.300048828125,2668.0,1793864
2022-12-19,2546.744873046875,2718.10009765625,2720.0,2671.300048828125,2671.300048828125,1546941
2022-12-20,2505.93994140625,2674.550048828125,2706.050048828125,2653.25,2706.0,827567
2022-12-21,2498.116455078125,2666.199951171875,2695.14990234375,2650.10009765625,2687.949951171875,779092
2022-12-22,2478.5810546875,2645.35009765625,2688.5,2642.0,2676.5,852567
2022-12-23,2455.859375,2621.10009765625,2649.550048828125,2608.050048828125,2632.0,1189702
2022-12-26,2452.439697265625,2617.449951171875,2637.85009765625,2606.75,2620.949951171875,605144
2022-12-27,2429.765380859375,2593.25,2634.89990234375,2575.25,2625.0,870960
2022-12-28,2420.723388671875,2583.60009765625,2603.10009765625,2578.10009765625,2593.0,822651
2022-12-29,2406.154296875,2568.050048828125,2583.300048828125,2539.39990234375,2580.25,1345863
2022-12-30,2399.59521484375,2561.050048828125,2586.449951171875,2555.199951171875,2579.949951171875,696432
2023-01-02,2397.112060546875,2558.39990234375,2580.050048828125,2538.050048828125,2573.89990234375,681703
2023-01-03,2381.793212890625,2542.050048828125,2562.0,2535.0,2550.050048828125,821843
2023-01-04,2376.21826171875,2536.10009765625,2558.39990234375,2527.050048828125,2550.5,1672649
2023-01-05,2420.8173828125,2583.699951171875,2591.949951171875,2537.5,2537.550048828125,2008493
2023-01-06,2414.0244140625,2576.449951171875,2611.89990234375,2574.89990234375,2580.0,991782
2023-01-09,2458.623779296875,2624.050048828125,2629.449951171875,2570.0,2589.35009765625,1267078
2023-01-10,2477.175537109375,2643.85009765625,2653.35009765625,2615.10009765625,2624.050048828125,1413088
2023-01-11,2429.765380859375,2593.25,2647.85009765625,2588.10009765625,2644.0,1471687
2023-01-12,2426.76708984375,2590.050048828125,2602.60009765625,2572.75,2586.10009765625,1703829
2023-01-13,2458.57666015625,2624.0,2639.25,2566.64990234375,2590.199951171875,1348015
2023-01-16,2433.372802734375,2597.10009765625,2627.949951171875,2584.0,2627.949951171875,930068
2023-01-17,2499.381103515625,2667.550048828125,2675.0,2601.800048828125,2605.449951171875,1892865
2023-01-18,2516.85546875,2686.199951171875,2693.5,2660.0,2668.0,2038075
2023-01-19,2482.703369140625,2649.75,2679.300048828125,2611.89990234375,2670.10009765625,1649842
2023-01-20,2388.07080078125,2548.75,2605.0,2536.050048828125,2550.0,4569549
2023-01-23,2432.716796875,2596.39990234375,2604.0,2552.0,2560.0,1388360
2023-01-24,2436.55810546875,2600.5,2610.0,2580.800048828125,2604.0,1462462
2023-01-25,2457.031005859375,2622.35009765625,2642.0,2594.0,2600.5,1591810
2023-01-27,2447.473876953125,2612.14990234375,2646.550048828125,2578.199951171875,2635.5,1581382
2023-01-30,2406.24755859375,2568.14990234375,2610.0,2530.199951171875,2610.0,2744039
2023-01-31,2414.3056640625,2576.75,2590.199951171875,2541.199951171875,2568.0,2366794
2023-02-01,2411.962890625,2574.25,2603.0,2546.85009765625,2600.199951171875,2014615
2023-02-02,2468.74267578125,2634.85009765625,2639.75,2563.0,2569.5,1980667
2023-02-03,2481.766357421875,2648.75,2657.449951171875,2631.14990234375,2640.0,1638238
2023-02-06,2471.319580078125,2637.60009765625,2645.0,2599.75,2631.0,1697446
2023-02-07,2437.214111328125,2601.199951171875,2645.550048828125,2595.300048828125,2645.0,1495745
2023-02-08,2419.974365234375,2582.800048828125,2607.5,2578.35009765625,2592.699951171875,1061956
2023-02-09,2423.628173828125,2586.699951171875,2599.89990234375,2566.0,2587.0,1102484
2023-02-10,2415.0078125,2577.5,2586.64990234375,2555.35009765625,2585.0,1523011
2023-02-13,2418.287353515625,2581.0,2590.75,2550.0,2560.0,1146525
2023-02-14,2416.97607421875,2579.60009765625,2602.0,2570.199951171875,2585.0,1944364
2023-02-15,2387.789306640625,2548.449951171875,2571.800048828125,2537.0,2550.0,2009134
2023-02-16,2367.785888671875,2527.10009765625,2561.89990234375,2522.85009765625,2560.0,1982857
2023-02-17,2356.917236328125,2515.5,2546.25,2506.89990234375,2525.0,1395341
2023-02-20,2353.122314453125,2511.449951171875,2543.0,2508.199951171875,2518.0,632091
2023-02-21,2357.525634765625,2516.14990234375,2543.949951171875,2512.300048828125,2528.0,862797
2023-02-22,2336.8193359375,2494.050048828125,2523.550048828125,2482.75,2516.14990234375,885515
2023-02-23,2333.63330078125,2490.64990234375,2515.89990234375,2480.10009765625,2492.0,757215
2023-02-24,2327.58984375,2484.199951171875,2511.25,2471.949951171875,2492.199951171875,732783
2023-02-27,2312.5517578125,2468.14990234375,2487.0,2456.0,2487.0,853991
2023-02-28,2305.52490234375,2460.64990234375,2474.35009765625,2435.64990234375,2469.75,1780454
2023-03-01,2310.77197265625,2466.25,2470.0,2448.0,2458.0,967339
2023-03-02,2300.559326171875,2455.35009765625,2470.0,2444.0,2466.25,827174
2023-03-03,2315.222412109375,2471.0,2489.89990234375,2455.64990234375,2466.0,1176008
2023-03-06,2328.198974609375,2484.85009765625,2498.85009765625,2475.60009765625,2481.949951171875,1214503
2023-03-08,2328.433349609375,2485.10009765625,2501.39990234375,2467.199951171875,2487.0,1448340
2023-03-09,2306.227294921875,2461.39990234375,2491.949951171875,2456.89990234375,2484.85009765625,1038910
2023-03-10,2310.022216796875,2465.449951171875,2470.5,2445.10009765625,2450.0,772024
2023-03-13,2300.32470703125,2455.10009765625,2488.5,2445.0,2466.0,1314549
2023-03-14,2288.472412109375,2442.449951171875,2472.0,2439.75,2462.0,1250763
2023-03-15,2254.41357421875,2406.10009765625,2459.5,2393.0,2451.89990234375,1738040
2023-03-16,2304.306640625,2459.35009765625,2469.300048828125,2407.75,2424.949951171875,1628035
2023-03-17,2293.109619140625,2447.39990234375,2483.199951171875,2439.800048828125,2471.64990234375,2127178
2023-03-20,2352.887451171875,2511.199951171875,2516.64990234375,2425.0,2447.39990234375,1561128
2023-03-21,2307.35205078125,2462.60009765625,2523.25,2458.75,2515.0,1595161
2023-03-22,2320.2353515625,2476.35009765625,2481.39990234375,2454.39990234375,2472.60009765625,1063244
2023-03-23,2328.433349609375,2485.10009765625,2500.050048828125,2466.0,2475.0,1578627
2023-03-24,2324.404296875,2480.800048828125,2497.89990234375,2470.0,2472.199951171875,1449326
2023-03-27,2341.45703125,2499.0,2505.0,2464.0,2485.0,1387736
2023-03-28,2326.2783203125,2482.800048828125,2513.5,2471.89990234375,2509.800048828125,1412387
2023-03-29,2371.298828125,2530.85009765625,2539.800048828125,2480.050048828125,2485.0,2613254
2023-03-31,2398.939697265625,2560.35009765625,2568.449951171875,2516.550048828125,2558.800048828125,2146167
2023-04-03,2376.21826171875,2536.10009765625,2570.0,2515.050048828125,2570.0,918048
2023-04-05,2419.927490234375,2582.75,2588.550048828125,2502.0,2512.5,1489612
2023-04-06,2403.530517578125,2565.25,2585.0,2553.0,2575.0,797414
2023-04-10,2372.51708984375,2532.14990234375,2568.949951171875,2525.0,2565.25,853322
2023-04-11,2387.134033203125,2547.75,2555.0,2533.0,2540.0,913184
2023-04-12,2369.51904296875,2528.949951171875,2556.0,2518.64990234375,2556.0,1109809
2023-04-13,2376.311767578125,2536.199951171875,2562.35009765625,2525.0,2525.0,1261711
2023-04-17,2390.9755859375,2551.85009765625,2579.0,2541.39990234375,2573.0,1566977
2023-04-18,2380.85595703125,2541.050048828125,2560.0,2530.0,2560.0,1474786
2023-04-19,2372.002197265625,2531.60009765625,2548.0,2510.25,2548.0,1320243
2023-04-20,2335.460693359375,2492.60009765625,2532.39990234375,2480.0,2517.800048828125,1401364
2023-04-21,2340.473388671875,2497.949951171875,2509.5,2485.64990234375,2492.0,1206288
2023-04-24,2342.159423828125,2499.75,2504.89990234375,2475.10009765625,2502.0,1735797
2023-04-25,2333.44580078125,2490.449951171875,2499.75,2478.050048828125,2490.85009765625,1701098
2023-04-26,2352.51318359375,2510.800048828125,2518.0,2482.199951171875,2490.0,1245903
2023-04-27,2313.301513671875,2468.949951171875,2522.0,2457.0,2513.949951171875,2743893
2023-04-28,2302.385986328125,2457.300048828125,2467.800048828125,2419.0,2436.050048828125,3761927
2023-05-02,2297.138916015625,2451.699951171875,2478.0,2450.0,2471.800048828125,1760370
2023-05-03,2329.2763671875,2486.0,2490.0,2452.64990234375,2456.949951171875,1258140
2023-05-04,2348.71826171875,2506.75,2509.35009765625,2480.14990234375,2486.949951171875,1150227
2023-05-05,2343.0966796875,2500.75,2520.0,2494.699951171875,2500.0,1354871
2023-05-08,2357.66650390625,2516.300048828125,2526.85009765625,2497.14990234375,2505.75,972810
2023-05-09,2357.197998046875,2515.800048828125,2525.0,2500.050048828125,2525.0,1651327
2023-05-10,2363.6630859375,2522.699951171875,2535.0,2505.85009765625,2521.0,2025658
2023-05-11,2428.96875,2592.39990234375,2599.0,2523.60009765625,2536.949951171875,1749356
2023-05-12,2458.0146484375,2623.39990234375,2640.0,2586.39990234375,2594.0,2170011
2023-05-15,2494.415283203125,2662.25,2670.75,2623.050048828125,2637.949951171875,1561055
2023-05-16,2507.20458984375,2675.89990234375,2678.39990234375,2650.60009765625,2670.0,1477905
2023-05-17,2493.947021484375,2661.75,2674.0,2647.050048828125,2672.0,839404
2023-05-18,2461.9033203125,2627.550048828125,2669.199951171875,2621.85009765625,2665.5,1434067
2023-05-19,2474.927001953125,2641.449951171875,2649.0,2600.64990234375,2628.64990234375,1174757
2023-05-22,2471.788330078125,2638.10009765625,2655.449951171875,2623.050048828125,2635.0,768232
2023-05-23,2462.60546875,2628.300048828125,2649.800048828125,2625.0,2632.0,703864
2023-05-24,2450.09716796875,2614.949951171875,2638.0,2608.0,2620.0,628872
2023-05-25,2433.512939453125,2597.25,2626.14990234375,2580.550048828125,2610.0,1072231
2023-05-26,2485.139404296875,2652.35009765625,2656.699951171875,2603.10009765625,2603.75,947073
2023-05-29,2483.21875,2650.300048828125,2679.550048828125,2645.050048828125,2670.0,698267
2023-05-30,2489.07470703125,2656.550048828125,2665.0,2650.85009765625,2655.5,948051
2023-05-31,2499.381103515625,2667.550048828125,2680.0,2638.0,2656.550048828125,3388305
2023-06-01,2527.817626953125,2697.89990234375,2731.25,2654.5,2667.0,1541080
2023-06-02,2545.4326171875,2716.699951171875,2738.199951171875,2691.64990234375,2710.0,1509260
2023-06-05,2525.850341796875,2695.800048828125,2722.0,2684.14990234375,2716.449951171875,1000190
2023-06-06,2521.4931640625,2691.14990234375,2707.89990234375,2670.14990234375,2700.0,655372
2023-06-07,2544.964111328125,2716.199951171875,2727.0,2679.35009765625,2690.0,1428490
2023-06-08,2510.95263671875,2679.89990234375,2721.550048828125,2674.89990234375,2707.0,923536
2023-06-09,2470.007568359375,2636.199951171875,2688.949951171875,2620.10009765625,2688.949951171875,1413808
2023-06-12,2476.80078125,2643.449951171875,2657.0,2633.0,2645.0,775484
2023-06-13,2507.20458984375,2675.89990234375,2697.0,2627.5,2629.60009765625,1787924
2023-06-14,2528.614013671875,2698.75,2702.10009765625,2652.0,2671.0,1536248
2023-06-15,2520.134521484375,2689.699951171875,2717.5,2678.14990234375,2713.949951171875,1830192
2023-06-16,2544.44873046875,2715.64990234375,2724.0,2683.199951171875,2689.699951171875,1748145
2023-06-19,2534.625,2683.25,2711.39990234375,2675.0,2702.0,1068263
2023-06-20,2527.87109375,2676.10009765625,2680.39990234375,2648.10009765625,2670.0,1129279
2023-06-21,2528.343017578125,2676.60009765625,2706.85009765625,2668.449951171875,2685.949951171875,1201840
2023-06-22,2507.325439453125,2654.35009765625,2678.0,2648.699951171875,2668.64990234375,830052
2023-06-23,2495.281982421875,2641.60009765625,2660.550048828125,2627.449951171875,2651.300048828125,991214
2023-06-26,2505.20068359375,2652.10009765625,2674.199951171875,2642.14990234375,2642.14990234375,758700
2023-06-27,2504.491943359375,2651.35009765625,2661.60009765625,2636.0,2652.10009765625,687747
2023-06-28,2513.843505859375,2661.25,2687.60009765625,2642.0,2652.949951171875,1397573
2023-06-30,2529.807373046875,2678.14990234375,2685.89990234375,2651.35009765625,2665.949951171875,1160181
2023-07-03,2551.43896484375,2701.050048828125,2705.85009765625,2659.449951171875,2687.0,980665
2023-07-04,2550.447265625,2700.0,2706.699951171875,2675.0,2701.050048828125,721907
2023-07-05,2603.203857421875,2755.85009765625,2759.39990234375,2696.10009765625,2699.949951171875,1717547
2023-07-06,2604.38427734375,2757.10009765625,2765.0,2735.64990234375,2759.89990234375,1265020
2023-07-07,2548.65234375,2698.10009765625,2769.64990234375,2691.0,2753.10009765625,1178930
2023-07-10,2509.404052734375,2656.550048828125,2711.35009765625,2651.0,2709.89990234375,1518183
2023-07-11,2535.805908203125,2684.5,2716.75,2646.0,2657.10009765625,2476367
2023-07-12,2525.556640625,2673.64990234375,2704.949951171875,2642.5,2704.949951171875,2395826
2023-07-13,2507.656005859375,2654.699951171875,2687.449951171875,2651.199951171875,2684.949951171875,1495067
2023-07-14,2528.626708984375,2676.89990234375,2686.5,2651.050048828125,2655.0,1419016
2023-07-17,2533.16064453125,2681.699951171875,2703.199951171875,2670.0,2670.0,912701
2023-07-18,2534.199951171875,2682.800048828125,2701.10009765625,2677.300048828125,2685.550048828125,1215904
2023-07-19,2523.620361328125,2671.60009765625,2696.89990234375,2660.89990234375,2682.75,1166542
2023-07-20,2553.517333984375,2703.25,2716.300048828125,2658.199951171875,2669.050048828125,1430764
2023-07-21,2459.7646484375,2604.0,2676.35009765625,2592.0,2650.0,5198952
2023-07-24,2437.330078125,2580.25,2605.949951171875,2575.0,2604.0,1777469
2023-07-25,2425.900390625,2568.14990234375,2586.60009765625,2562.300048828125,2580.199951171875,1653775
2023-07-26,2440.2109375,2583.300048828125,2598.800048828125,2572.300048828125,2579.5,1300033
2023-07-27,2427.506591796875,2569.85009765625,2583.0,2553.0,2561.0,2276136
2023-07-28,2441.439453125,2584.60009765625,2593.75,2565.199951171875,2570.0,966450
2023-07-31,2418.95751953125,2560.800048828125,2582.89990234375,2554.0,2575.050048828125,2003252
2023-08-01,2409.794921875,2551.10009765625,2573.800048828125,2545.0,2570.0,1758897
2023-08-02,2426.65576171875,2568.949951171875,2573.449951171875,2536.0,2538.0,2082908
2023-08-03,2409.98388671875,2551.300048828125,2561.050048828125,2537.199951171875,2557.949951171875,1475310
2023-08-04,2404.97705078125,2546.0,2558.949951171875,2535.050048828125,2551.300048828125,1359318
2023-08-07,2426.891845703125,2569.199951171875,2574.0,2538.75,2540.0,803823
2023-08-08,2423.727783203125,2565.85009765625,2585.199951171875,2555.550048828125,2569.199951171875,1002061
2023-08-09,2410.833740234375,2552.199951171875,2568.949951171875,2541.0,2565.85009765625,1212549
2023-08-10,2396.1923828125,2536.699951171875,2551.39990234375,2527.60009765625,2549.050048828125,1313334
2023-08-11,2363.2255859375,2501.800048828125,2536.64990234375,2499.0,2535.0,1472199
2023-08-14,2392.7919921875,2533.10009765625,2540.0,2488.10009765625,2501.800048828125,1060479
2023-08-16,2411.211669921875,2552.60009765625,2555.050048828125,2524.39990234375,2534.0,1155882
2023-08-17,2402.37939453125,2543.25,2560.64990234375,2533.0,2552.60009765625,1532873
2023-08-18,2413.242431640625,2554.75,2567.75,2532.10009765625,2532.10009765625,1970819
2023-08-21,2420.79931640625,2562.75,2574.89990234375,2539.050048828125,2554.75,977004
2023-08-22,2423.6806640625,2565.800048828125,2575.0,2553.0,2573.60009765625,960025
2023-08-23,2431.4736328125,2574.050048828125,2583.5,2562.5,2575.0,1136112
2023-08-24,2438.274658203125,2581.25,2591.75,2566.949951171875,2585.0,1143934
2023-08-25,2421.555419921875,2563.550048828125,2580.699951171875,2551.5,2567.0,802955
2023-08-28,2414.139892578125,2555.699951171875,2568.0,2539.0,2565.0,619841
2023-08-29,2386.226318359375,2526.14990234375,2558.89990234375,2522.10009765625,2558.89990234375,958564
2023-08-30,2391.705322265625,2531.949951171875,2536.0,2520.0,2526.14990234375,1227377
2023-08-31,2366.295654296875,2505.050048828125,2539.800048828125,2491.10009765625,2532.050048828125,3235414
2023-09-01,2366.05908203125,2504.800048828125,2514.5,2500.0,2505.050048828125,813413
2023-09-04,2362.84765625,2501.39990234375,2514.0,2492.0,2514.0,1143301
2023-09-05,2368.1845703125,2507.050048828125,2523.449951171875,2502.10009765625,2510.0,844088
2023-09-06,2383.723388671875,2523.5,2526.10009765625,2507.449951171875,2513.449951171875,1094146
2023-09-07,2368.562255859375,2507.449951171875,2521.85009765625,2500.0,2510.0,1894798
2023-09-08,2374.560546875,2513.800048828125,2521.050048828125,2501.550048828125,2504.0,1018234
2023-09-11,2395.767333984375,2536.25,2538.89990234375,2509.050048828125,2513.800048828125,1121083
2023-09-12,2360.439208984375,2498.85009765625,2549.0,2488.0,2549.0,3946716
2023-09-13,2367.71240234375,2506.550048828125,2509.0,2492.0,2494.0,1231305
2023-09-14,2362.28125,2500.800048828125,2514.0,2493.10009765625,2511.0,2081195
2023-09-15,2332.903564453125,2469.699951171875,2490.0,2466.0,2474.800048828125,3750697
2023-09-18,2350.8037109375,2488.64990234375,2492.949951171875,2462.0,2471.35009765625,1499641
2023-09-20,2330.21142578125,2466.85009765625,2480.0,2445.0,2449.64990234375,1795159
2023-09-21,2336.351318359375,2473.35009765625,2483.0,2442.89990234375,2466.0,2223720
2023-09-22,2344.947265625,2482.449951171875,2490.0,2458.0,2468.0,1176741
2023-09-25,2338.713134765625,2475.85009765625,2499.699951171875,2460.0,2482.449951171875,1122778
2023-09-26,2341.64111328125,2478.949951171875,2489.0,2461.25,2474.0,1263548
2023-09-27,2363.17822265625,2501.75,2504.800048828125,2469.0,2476.0,1086791
2023-09-28,2324.0712890625,2460.35009765625,2501.0,2453.199951171875,2500.0,1612346
2023-09-29,2329.030517578125,2465.60009765625,2472.800048828125,2450.5,2465.550048828125,1249567
2023-10-03,2332.147705078125,2468.89990234375,2499.0,2461.800048828125,2490.0,1585626
2023-10-04,2368.940673828125,2507.85009765625,2511.050048828125,2465.14990234375,2467.050048828125,1587335
2023-10-05,2379.9921875,2519.550048828125,2524.800048828125,2495.35009765625,2518.0,1909928
2023-10-06,2360.95849609375,2499.39990234375,2520.0,2494.0,2519.949951171875,1083342
2023-10-09,2372.199462890625,2511.300048828125,2516.5,2481.0,2485.0,1468771
2023-10-10,2376.82763671875,2516.199951171875,2520.85009765625,2503.35009765625,2512.199951171875,1092373
2023-10-11,2414.801025390625,2556.39990234375,2563.949951171875,2516.25,2518.35009765625,1697398
2023-10-12,2415.36767578125,2557.0,2567.550048828125,2539.199951171875,2555.0,1625010
2023-10-13,2427.128173828125,2569.449951171875,2576.699951171875,2542.699951171875,2553.050048828125,1531977
2023-10-16,2416.595703125,2558.300048828125,2582.0,2552.60009765625,2560.0,954899
2023-10-17,2414.56494140625,2556.14990234375,2570.0,2546.449951171875,2558.300048828125,1253538
2023-10-18,2407.1025390625,2548.25,2571.25,2539.550048828125,2570.050048828125,1084689
2023-10-19,2406.961181640625,2548.10009765625,2554.39990234375,2525.0,2525.0,1272343
2023-10-20,2356.943603515625,2495.14990234375,2543.550048828125,2485.050048828125,2520.0,3608160
2023-10-23,2345.939208984375,2483.5,2509.949951171875,2480.35009765625,2494.0,922707
2023-10-25,2340.08251953125,2477.300048828125,2490.0,2465.0,2475.050048828125,1435836
2023-10-26,2339.232177734375,2476.39990234375,2490.0,2455.64990234375,2461.0,2650560
2023-10-27,2344.569580078125,2482.050048828125,2495.0,2463.85009765625,2467.300048828125,1784812
2023-10-30,2341.59375,2478.89990234375,2492.0,2462.39990234375,2471.0,875135
2023-10-31,2346.411376953125,2484.0,2492.0,2467.800048828125,2470.199951171875,920414
2023-11-01,2335.312255859375,2472.25,2493.949951171875,2466.800048828125,2485.0,1267131
2023-11-02,2366.28466796875,2486.800048828125,2496.0,2463.300048828125,2475.0,1595123
2023-11-03,2387.646728515625,2509.25,2512.5,2485.800048828125,2497.0,1125583
2023-11-06,2376.370849609375,2497.39990234375,2517.75,2491.10009765625,2515.0,1338677
2023-11-07,2375.467041015625,2496.449951171875,2505.199951171875,2485.25,2496.0,1473411
2023-11-08,2397.257568359375,2519.35009765625,2525.0,2497.699951171875,2498.0,745022
2023-11-09,2356.67431640625,2476.699951171875,2522.0,2473.050048828125,2520.050048828125,1823094
2023-11-10,2366.046875,2486.550048828125,2488.60009765625,2465.35009765625,2477.0,771062
2023-11-13,2358.053955078125,2478.14990234375,2487.199951171875,2471.0,2477.199951171875,760809
2023-11-15,2365.904052734375,2486.39990234375,2503.050048828125,2476.0,2501.89990234375,1457029
2023-11-16,2370.471435546875,2491.199951171875,2505.800048828125,2475.35009765625,2480.199951171875,1420578
2023-11-17,2406.24951171875,2528.800048828125,2533.5,2465.0,2465.0,1756043
2023-11-20,2384.982421875,2506.449951171875,2534.5,2500.0,2534.449951171875,944231
2023-11-21,2383.841064453125,2505.25,2517.0,2498.0,2505.0,1088806
2023-11-22,2399.683837890625,2521.89990234375,2524.25,2504.0,2507.75,816610
2023-11-23,2397.78076171875,2519.89990234375,2527.75,2506.199951171875,2506.199951171875,1023670
2023-11-24,2393.308349609375,2515.199951171875,2519.800048828125,2507.449951171875,2515.10009765625,735137
2023-11-28,2388.884033203125,2510.550048828125,2531.75,2500.0,2531.75,1880641
2023-11-29,2402.68115234375,2525.050048828125,2528.64990234375,2508.10009765625,2512.0,1265214
2023-11-30,2422.18798828125,2545.550048828125,2554.5,2516.14990234375,2516.14990234375,3095684
2023-12-01,2439.410400390625,2563.64990234375,2581.949951171875,2542.0,2547.5,1345599
2023-12-04,2476.1875,2602.300048828125,2608.39990234375,2575.0,2577.0,2188039
2023-12-05,2439.02978515625,2563.25,2637.0,2556.300048828125,2637.0,3108717
2023-12-06,2443.216552734375,2567.64990234375,2583.699951171875,2563.0,2570.0,1573754
2023-12-07,2396.21044921875,2518.25,2559.800048828125,2498.60009765625,2551.10009765625,3925967
2023-12-08,2400.064453125,2522.300048828125,2533.949951171875,2508.300048828125,2519.0,1605805
2023-12-11,2382.318115234375,2503.64990234375,2529.949951171875,2499.0,2522.300048828125,2012243
2023-12-12,2381.461669921875,2502.75,2518.0,2497.0,2500.0,1677929
2023-12-13,2390.168212890625,2511.89990234375,2516.699951171875,2498.050048828125,2507.85009765625,1513205
2023-12-14,2394.403076171875,2516.35009765625,2524.800048828125,2501.199951171875,2521.35009765625,2166569
2023-12-15,2400.635009765625,2522.89990234375,2532.0,2507.0,2520.0,2543337
2023-12-18,2412.624755859375,2535.5,2544.5,2515.0,2520.14990234375,1969036
2023-12-19,2436.603515625,2560.699951171875,2566.949951171875,2535.0,2535.050048828125,1656220
2023-12-20,2433.55859375,2557.5,2572.949951171875,2547.0,2572.949951171875,1468642
2023-12-21,2429.467041015625,2553.199951171875,2580.0,2536.0,2542.25,1945695
2023-12-22,2450.781494140625,2575.60009765625,2579.75,2546.800048828125,2559.199951171875,1174984
2023-12-26,2459.488037109375,2584.75,2591.64990234375,2567.050048828125,2575.60009765625,893776
2023-12-27,2481.896728515625,2608.300048828125,2612.0,2580.89990234375,2586.0,1073278
2023-12-28,2506.1611328125,2633.800048828125,2640.0,2606.85009765625,2613.85009765625,1635216
2023-12-29,2534.849853515625,2663.949951171875,2667.10009765625,2621.25,2633.800048828125,1305681
2024-01-01,2526.095703125,2654.75,2669.39990234375,2638.0,2663.85009765625,526353
2024-01-02,2487.13037109375,2613.800048828125,2653.949951171875,2607.0,2648.0,1310629
2024-01-03,2480.231689453125,2606.550048828125,2628.60009765625,2595.550048828125,2599.0,1008270
2024-01-04,2466.909912109375,2592.550048828125,2623.0,2588.050048828125,2606.550048828125,1376844
2024-01-05,2493.07763671875,2620.050048828125,2629.89990234375,2595.0,2595.0,1150738
2024-01-08,2453.30322265625,2578.25,2626.0,2566.5,2624.949951171875,1189828
2024-01-09,2454.730224609375,2579.75,2589.0,2571.550048828125,2582.550048828125,1017205
2024-01-10,2452.493896484375,2577.39990234375,2594.300048828125,2565.0,2580.0,881278
2024-01-11,2413.290771484375,2536.199951171875,2589.0,2531.85009765625,2580.0,2399600
2024-01-12,2420.712890625,2544.0,2555.0,2511.85009765625,2533.5,2979841
2024-01-15,2448.49755859375,2573.199951171875,2578.75,2531.0,2546.0,1391204
2024-01-16,2444.5966796875,2569.10009765625,2584.60009765625,2556.35009765625,2573.199951171875,1599406
2024-01-17,2438.69677734375,2562.89990234375,2571.35009765625,2539.75,2549.0,3047652
2024-01-18,2424.518798828125,2548.0,2570.0,2537.550048828125,2570.0,1273095
2024-01-19,2441.075439453125,2565.39990234375,2573.949951171875,2532.0,2565.0,1323064
2024-01-23,2260.426025390625,2375.550048828125,2480.5,2365.449951171875,2451.0,4369332
2024-01-24,2323.322509765625,2441.64990234375,2445.89990234375,2367.14990234375,2388.0,1551469
2024-01-25,2310.619873046875,2428.300048828125,2468.0,2420.199951171875,2454.800048828125,2364765
2024-01-29,2325.939208984375,2444.39990234375,2449.0,2410.0,2410.0,1587091
2024-01-30,2339.498779296875,2458.64990234375,2494.550048828125,2447.300048828125,2454.0,1793711
2024-01-31,2361.2890625,2481.550048828125,2485.89990234375,2441.75,2450.0,1445004
2024-02-01,2353.724609375,2473.60009765625,2511.550048828125,2468.35009765625,2475.10009765625,1727534
2024-02-02,2333.742431640625,2452.60009765625,2486.89990234375,2442.0,2477.0,1956115
2024-02-05,2302.246337890625,2419.5,2464.75,2412.75,2464.0,1315445
2024-02-06,2308.764404296875,2426.35009765625,2441.35009765625,2418.050048828125,2424.949951171875,1557511
2024-02-07,2307.90771484375,2425.449951171875,2439.89990234375,2411.550048828125,2439.89990234375,1149076
2024-02-08,2299.914794921875,2417.050048828125,2441.800048828125,2399.0,2441.800048828125,1758661
2024-02-09,2306.6708984375,2424.14990234375,2428.449951171875,2406.10009765625,2417.050048828125,886474
2024-02-12,2270.03662109375,2385.64990234375,2429.85009765625,2382.0,2424.10009765625,1292460
2024-02-13,2277.98193359375,2394.0,2400.949951171875,2380.10009765625,2390.0,957865
2024-02-14,2272.22509765625,2387.949951171875,2394.0,2370.0,2385.0,1397975
2024-02-15,2236.923583984375,2350.85009765625,2384.699951171875,2346.75,2368.35009765625,2553695
2024-02-16,2260.140625,2375.25,2382.0,2357.60009765625,2369.949951171875,2363302
2024-02-19,2271.4638671875,2387.14990234375,2394.949951171875,2373.800048828125,2389.5,576683
2024-02-20,2287.5927734375,2404.10009765625,2408.449951171875,2368.199951171875,2370.10009765625,1032995
2024-02-21,2290.447509765625,2407.10009765625,2422.800048828125,2394.10009765625,2404.10009765625,1127778
2024-02-22,2272.367919921875,2388.10009765625,2420.300048828125,2365.75,2420.300048828125,2258516
2024-02-23,2278.0771484375,2394.10009765625,2405.5,2383.949951171875,2388.550048828125,1210775
2024-02-26,2287.7353515625,2404.25,2406.550048828125,2380.0,2391.10009765625,831596
2024-02-27,2288.734619140625,2405.300048828125,2408.949951171875,2389.14990234375,2404.050048828125,1120424
2024-02-28,2304.197021484375,2421.550048828125,2425.0,2401.0,2411.10009765625,629152
2024-02-29,2295.3955078125,2412.300048828125,2428.800048828125,2397.25,2425.0,2848084
2024-03-01,2292.92138671875,2409.699951171875,2438.800048828125,2404.0,2416.949951171875,2326244
2024-03-04,2304.625244140625,2422.0,2427.89990234375,2404.39990234375,2416.199951171875,1501261
2024-03-05,2283.548583984375,2399.85009765625,2420.0,2391.10009765625,2405.0,1587199
2024-03-06,2284.45263671875,2400.800048828125,2408.85009765625,2375.300048828125,2404.0,1354111
2024-03-07,2302.2939453125,2419.550048828125,2426.0,2403.0,2404.949951171875,1820704
2024-03-11,2274.033203125,2389.85009765625,2413.0,2383.550048828125,2409.0,2040761
2024-03-12,2262.900146484375,2378.14990234375,2385.0,2360.800048828125,2380.0,1012157
2024-03-13,2200.52685546875,2312.60009765625,2375.0,2303.85009765625,2375.0,2322669
2024-03-14,2221.460693359375,2334.60009765625,2341.699951171875,2301.85009765625,2304.85009765625,2292515
2024-03-15,2214.89501953125,2327.699951171875,2336.949951171875,2315.89990234375,2330.050048828125,2751403
2024-03-18,2188.489990234375,2299.949951171875,2325.0,2297.0,2320.800048828125,2487402
2024-03-19,2157.089111328125,2266.949951171875,2303.89990234375,2246.85009765625,2283.25,4220638
2024-03-20,2133.300537109375,2241.949951171875,2265.449951171875,2240.0,2250.0,2995013
2024-03-21,2133.681396484375,2242.35009765625,2259.14990234375,2234.0,2234.0,3504486
2024-03-22,2147.19287109375,2256.550048828125,2266.0,2232.050048828125,2239.050048828125,3507809
2024-03-26,2131.4453125,2240.0,2259.14990234375,2232.0,2232.10009765625,3027027
2024-03-27,2131.15966796875,2239.699951171875,2263.0,2236.0,2250.0,2168861
2024-03-28,2154.615478515625,2264.35009765625,2287.89990234375,2240.10009765625,2245.0,3186360
2024-04-01,2175.120849609375,2285.89990234375,2295.0,2262.0,2270.0,1427873
2024-04-02,2175.88232421875,2286.699951171875,2298.0,2277.050048828125,2298.0,1221495
2024-04-03,2155.424072265625,2265.199951171875,2281.85009765625,2261.050048828125,2281.85009765625,1175309
2024-04-04,2155.18603515625,2264.949951171875,2282.0,2249.25,2270.0,1890255
2024-04-05,2157.089111328125,2266.949951171875,2280.5,2258.10009765625,2264.949951171875,1153449
2024-04-08,2158.9921875,2268.949951171875,2288.949951171875,2267.199951171875,2277.0,1127294
2024-04-09,2154.4248046875,2264.14990234375,2274.60009765625,2255.75,2271.0,1189343
2024-04-10,2151.33251953125,2260.89990234375,2276.89990234375,2257.699951171875,2276.89990234375,2308993
2024-04-12,2124.11865234375,2232.300048828125,2264.85009765625,2228.60009765625,2260.89990234375,3388551
2024-04-15,2087.721923828125,2194.050048828125,2227.75,2190.0,2227.699951171875,4909564
2024-04-16,2113.17578125,2220.800048828125,2231.25,2172.050048828125,2183.0,2821129
2024-04-18,2107.46630859375,2214.800048828125,2237.699951171875,2209.050048828125,2215.050048828125,3392171
2024-04-19,2123.4521484375,2231.60009765625,2243.75,2196.0,2220.0,2337694
2024-04-22,2132.87255859375,2241.5,2253.550048828125,2229.050048828125,2250.0,1804108
2024-04-23,2153.092529296875,2262.75,2273.5,2248.699951171875,2253.0,1991778
2024-04-24,2150.713623046875,2260.25,2268.35009765625,2245.64990234375,2266.050048828125,1404398
2024-04-25,2122.73876953125,2230.85009765625,2239.85009765625,2215.10009765625,2238.050048828125,4951866
2024-04-26,2114.935791015625,2222.64990234375,2255.0,2218.60009765625,2245.0,2307512
2024-04-29,2118.218994140625,2226.10009765625,2234.0,2220.0,2234.0,1395292
2024-04-30,2122.358154296875,2230.449951171875,2240.25,2225.0,2232.050048828125,2119102
2024-05-02,2118.4091796875,2226.300048828125,2243.199951171875,2205.050048828125,2205.050048828125,2140383
2024-05-03,2109.607421875,2217.050048828125,2235.64990234375,2204.0,2232.0,2595307
2024-05-06,2146.860107421875,2256.199951171875,2261.5,2212.0,2225.0,1619256
2024-05-07,2264.089599609375,2379.39990234375,2389.60009765625,2259.0,2266.0,8277810
2024-05-08,2227.59814453125,2341.050048828125,2372.25,2325.0,2366.39990234375,1813439
2024-05-09,2212.9443359375,2325.64990234375,2362.10009765625,2319.449951171875,2340.60009765625,1558987
2024-05-10,2248.056396484375,2362.550048828125,2371.0,2321.0,2321.0,2610266
2024-05-13,2246.248046875,2360.64990234375,2381.64990234375,2347.89990234375,2374.0,1170617
2024-05-14,2235.733642578125,2349.60009765625,2372.300048828125,2346.75,2360.60009765625,689430
2024-05-15,2210.70849609375,2323.300048828125,2355.800048828125,2317.64990234375,2349.550048828125,812282
2024-05-16,2229.59619140625,2343.14990234375,2348.10009765625,2301.35009765625,2337.0,1880021
2024-05-17,2207.9013671875,2320.35009765625,2351.89990234375,2315.10009765625,2351.89990234375,1264582
2024-05-21,2198.71875,2310.699951171875,2324.800048828125,2301.75,2307.0,1663959
2024-05-22,2252.1953125,2366.89990234375,2374.0,2310.699951171875,2311.0,1914851
2024-05-23,2267.039306640625,2382.5,2386.800048828125,2355.0,2366.89990234375,1614718
2024-05-24,2254.240966796875,2369.050048828125,2383.25,2364.699951171875,2378.5,974100
2024-05-27,2268.9423828125,2384.5,2399.949951171875,2362.5,2369.050048828125,1116934
2024-05-28,2279.837646484375,2395.949951171875,2409.0,2378.550048828125,2390.0,1631747
2024-05-29,2258.380126953125,2373.39990234375,2395.0,2369.39990234375,2381.199951171875,1592495
2024-05-30,2237.446533203125,2351.39990234375,2372.449951171875,2334.050048828125,2368.0,1837380
2024-05-31,2216.179931640625,2329.050048828125,2377.449951171875,2317.60009765625,2353.0,5529186
2024-06-03,2241.728515625,2355.89990234375,2387.449951171875,2344.300048828125,2381.0,1207445
2024-06-04,2375.324462890625,2496.300048828125,2510.050048828125,2342.10009765625,2374.0,7826048
2024-06-05,2476.61572265625,2602.75,2723.949951171875,2525.0,2533.550048828125,11061076
2024-06-06,2426.041748046875,2549.60009765625,2600.0,2518.0,2600.0,4102547
2024-06-07,2452.874755859375,2577.800048828125,2596.5,2525.0,2555.300048828125,3974253
2024-06-10,2441.02783203125,2565.35009765625,2593.64990234375,2546.0,2579.0,1449122
2024-06-11,2432.46435546875,2556.35009765625,2576.699951171875,2551.300048828125,2566.0,1402423
2024-06-12,2406.154052734375,2528.699951171875,2568.0,2517.0,2568.0,1754677
2024-06-13,2366.85546875,2487.39990234375,2505.800048828125,2446.449951171875,2487.949951171875,3123098
2024-06-14,2382.56494140625,2479.75,2510.39990234375,2470.39990234375,2473.0,1729552
2024-06-18,2388.810302734375,2486.25,2498.0,2473.14990234375,2479.89990234375,1820933
2024-06-19,2360.706787109375,2457.0,2495.0,2451.5,2495.0,986976
2024-06-20,2384.9189453125,2482.199951171875,2490.0,2446.64990234375,2457.0,2163310
2024-06-21,2345.6220703125,2441.300048828125,2478.0,2426.550048828125,2475.0,3646215
2024-06-24,2346.486572265625,2442.199951171875,2467.85009765625,2427.050048828125,2435.0,1945519
2024-06-25,2336.87841796875,2432.199951171875,2446.699951171875,2427.89990234375,2439.35009765625,833789
2024-06-26,2349.75341796875,2445.60009765625,2467.0,2432.39990234375,2437.0,1738656
2024-06-27,2365.654541015625,2462.14990234375,2483.199951171875,2436.0,2449.949951171875,3402726
2024-06-28,2376.12744140625,2473.050048828125,2490.5,2462.85009765625,2463.0,2129791
2024-07-01,2406.921630859375,2505.10009765625,2523.0,2450.10009765625,2461.050048828125,3312865
2024-07-02,2387.753173828125,2485.14990234375,2515.0,2479.35009765625,2515.0,1305210
2024-07-03,2411.9658203125,2510.35009765625,2519.85009765625,2474.300048828125,2486.64990234375,1406405
2024-07-04,2398.130126953125,2495.949951171875,2536.85009765625,2492.89990234375,2515.050048828125,1977010
2024-07-05,2447.17919921875,2547.0,2554.0,2495.949951171875,2495.949951171875,1754286
2024-07-08,2485.755615234375,2587.14990234375,2595.0,2536.25,2560.0,2818809
2024-07-09,2488.637939453125,2590.14990234375,2614.0,2568.0,2587.14990234375,1479529
2024-07-10,2508.142578125,2610.449951171875,2626.0,2573.0,2581.0,1764036
2024-07-11,2506.60546875,2608.85009765625,2617.050048828125,2590.050048828125,2617.0,1432671
2024-07-12,2519.480224609375,2622.25,2639.5,2601.0,2601.0,1912642
2024-07-15,2517.606689453125,2620.300048828125,2629.25,2613.64990234375,2628.0,920101
2024-07-16,2583.085693359375,2688.449951171875,2725.0,2624.550048828125,2625.949951171875,3298003
2024-07-18,2631.077880859375,2738.39990234375,2751.199951171875,2655.0,2700.0,5569762
2024-07-19,2620.125,2727.0,2743.0,2715.949951171875,2739.0,1668862
2024-07-22,2628.099609375,2735.300048828125,2749.949951171875,2705.64990234375,2705.699951171875,1911629
2024-07-23,2657.9326171875,2766.35009765625,2811.300048828125,2732.0,2746.0,3906259
2024-07-24,2610.564697265625,2717.050048828125,2757.449951171875,2675.10009765625,2748.0,3611927
2024-07-25,2601.100830078125,2707.199951171875,2724.85009765625,2670.0,2717.050048828125,2166670
2024-07-26,2604.800048828125,2711.050048828125,2727.0,2687.25,2724.0,2135309
2024-07-29,2605.328369140625,2711.60009765625,2720.0,2692.800048828125,2711.199951171875,957011
2024-07-30,2585.919921875,2691.39990234375,2754.35009765625,2685.39990234375,2715.60009765625,1560399
2024-07-31,2599.611572265625,2705.64990234375,2709.64990234375,2675.050048828125,2705.0,1751085
2024-08-01,2609.123779296875,2715.550048828125,2724.949951171875,2695.199951171875,2714.0,1886392
2024-08-02,2587.025390625,2692.550048828125,2759.5,2681.14990234375,2712.0,1738872
2024-08-05,2609.459716796875,2715.89990234375,2742.0,2666.199951171875,2675.949951171875,3118731
2024-08-06,2642.271728515625,2750.050048828125,2771.75,2708.64990234375,2720.10009765625,2296031
2024-08-07,2636.506591796875,2744.050048828125,2781.85009765625,2735.5,2781.699951171875,1713875
2024-08-08,2626.08154296875,2733.199951171875,2759.25,2720.39990234375,2754.0,1464161
2024-08-09,2639.533203125,2747.199951171875,2758.0,2718.60009765625,2756.0,1284031
2024-08-12,2640.974365234375,2748.699951171875,2763.39990234375,2722.39990234375,2738.0,1297178
2024-08-13,2633.96044921875,2741.39990234375,2757.64990234375,2730.10009765625,2742.0,1051237
2024-08-14,2615.368896484375,2722.050048828125,2742.550048828125,2706.60009765625,2741.0,946995
2024-08-16,2640.5419921875,2748.25,2753.60009765625,2710.699951171875,2737.89990234375,1727926
2024-08-19,2635.0654296875,2742.550048828125,2759.75,2737.050048828125,2750.050048828125,1130327
2024-08-20,2643.232421875,2751.050048828125,2756.25,2735.050048828125,2742.550048828125,1097889
2024-08-21,2681.80859375,2791.199951171875,2795.10009765625,2742.949951171875,2749.5,1417729
2024-08-22,2683.34619140625,2792.800048828125,2810.0,2782.10009765625,2802.949951171875,1552947
2024-08-23,2705.252685546875,2815.60009765625,2821.0,2771.35009765625,2799.199951171875,2111401
2024-08-26,2710.5849609375,2821.14990234375,2834.949951171875,2803.60009765625,2815.60009765625,1152244
2024-08-27,2658.460693359375,2766.89990234375,2824.10009765625,2759.550048828125,2809.0,1357212
2024-08-28,2656.010986328125,2764.35009765625,2781.75,2745.75,2760.0,1723549
2024-08-29,2676.092041015625,2785.25,2810.0,2745.0,2769.949951171875,2129934
2024-08-30,2669.126220703125,2778.0,2816.300048828125,2760.10009765625,2795.699951171875,4029712
2024-09-02,2679.7431640625,2789.050048828125,2808.89990234375,2779.0,2794.0,957950
2024-09-03,2684.787353515625,2794.300048828125,2827.949951171875,2775.0,2780.0,2022116
2024-09-04,2729.897216796875,2841.25,2843.85009765625,2771.64990234375,2780.0,1640986
2024-09-05,2727.20703125,2838.449951171875,2855.0,2823.64990234375,2840.050048828125,1945173
2024-09-06,2727.687255859375,2838.949951171875,2866.449951171875,2828.10009765625,2828.10009765625,1672730
2024-09-09,2807.29052734375,2921.800048828125,2938.199951171875,2843.199951171875,2853.10009765625,3342754
2024-09-10,2784.99951171875,2898.60009765625,2937.60009765625,2887.5,2934.0,1536584
2024-09-11,2790.33203125,2904.14990234375,2950.0,2898.10009765625,2911.60009765625,1913665
2024-09-12,2840.5341796875,2956.39990234375,2963.39990234375,2894.199951171875,2911.0,2454564
2024-09-13,2818.003173828125,2932.949951171875,2956.39990234375,2918.5,2956.39990234375,1902001
2024-09-16,2754.73388671875,2867.10009765625,2910.0,2807.39990234375,2910.0,1489057
2024-09-17,2760.88330078125,2873.5,2913.89990234375,2860.10009765625,2867.10009765625,1098661
2024-09-18,2763.141357421875,2875.85009765625,2893.550048828125,2861.699951171875,2874.0,464796
2024-09-19,2797.63427734375,2911.75,2934.300048828125,2873.35009765625,2876.25,1713010
2024-09-20,2860.903564453125,2977.60009765625,2989.35009765625,2895.39990234375,2924.800048828125,3641632
2024-09-23,2909.856689453125,3028.550048828125,3035.0,2969.949951171875,2980.0,1300470
2024-09-24,2834.91357421875,2950.550048828125,3020.0,2946.10009765625,3020.0,1929308
2024-09-25,2833.376220703125,2948.949951171875,2960.35009765625,2905.10009765625,2950.550048828125,1055354
2024-09-26,2869.070556640625,2986.10009765625,2992.85009765625,2941.199951171875,2951.10009765625,1902889
2024-09-27,2849.998291015625,2966.25,3030.0,2952.75,2986.10009765625,2977081
2024-09-30,2842.360107421875,2958.300048828125,2997.89990234375,2942.60009765625,2964.199951171875,1627702
2024-10-01,2809.163818359375,2923.75,2962.699951171875,2891.39990234375,2962.699951171875,1184642
2024-10-03,2779.95556640625,2893.35009765625,2923.10009765625,2861.10009765625,2908.75,1233447
2024-10-04,2737.103271484375,2848.75,2914.0,2817.050048828125,2891.0,2456486
2024-10-07,2722.354736328125,2833.39990234375,2866.449951171875,2825.050048828125,2845.0,1280975
2024-10-08,2708.3271484375,2818.800048828125,2886.0,2798.699951171875,2844.0,1761488
2024-10-09,2660.4306640625,2768.949951171875,2825.85009765625,2760.699951171875,2823.39990234375,1476282
2024-10-10,2646.7392578125,2754.699951171875,2787.39990234375,2733.199951171875,2770.0,2065078
2024-10-11,2674.122314453125,2783.199951171875,2790.0,2737.050048828125,2764.800048828125,679307
2024-10-14,2679.791015625,2789.10009765625,2804.699951171875,2765.0,2791.60009765625,874010
2024-10-15,2672.44091796875,2781.449951171875,2799.300048828125,2765.25,2793.10009765625,1082666
2024-10-16,2672.248779296875,2781.25,2797.550048828125,2755.60009765625,2789.14990234375,1170797
2024-10-17,2631.318115234375,2738.64990234375,2782.0,2723.449951171875,2779.449951171875,1368242
2024-10-18,2610.61279296875,2717.10009765625,2740.0,2693.449951171875,2738.64990234375,1137277
2024-10-21,2587.98583984375,2693.550048828125,2738.0,2680.449951171875,2715.0,792345
2024-10-22,2576.60009765625,2681.699951171875,2710.0,2673.75,2685.10009765625,1272253
2024-10-23,2555.078369140625,2659.300048828125,2693.050048828125,2621.0,2621.0,1431962
2024-10-24,2406.921630859375,2505.10009765625,2647.0,2452.60009765625,2647.0,9216267
2024-10-25,2428.97216796875,2528.050048828125,2540.0,2500.10009765625,2502.300048828125,2761166
2024-10-28,2474.8505859375,2575.800048828125,2589.60009765625,2520.10009765625,2544.0,852829
2024-10-29,2447.8037109375,2547.64990234375,2585.699951171875,2536.0,2585.699951171875,1695654
2024-10-30,2454.81787109375,2554.949951171875,2563.300048828125,2533.39990234375,2557.0,1200637
2024-10-31,2429.164306640625,2528.25,2563.5,2524.10009765625,2554.949951171875,1901355
2024-11-01,2438.051513671875,2537.5,2545.949951171875,2511.35009765625,2543.949951171875,118532
2024-11-04,2425.849365234375,2524.800048828125,2547.0,2503.5,2547.0,1097260
2024-11-05,2422.53466796875,2521.35009765625,2530.25,2507.0,2520.0,702046
2024-11-06,2430.65087890625,2500.699951171875,2522.10009765625,2495.0,2515.199951171875,1219166
2024-11-07,2406.156494140625,2475.5,2509.89990234375,2466.10009765625,2500.699951171875,1322446
2024-11-08,2437.45458984375,2507.699951171875,2515.25,2467.300048828125,2483.949951171875,1700877
2024-11-11,2421.27099609375,2491.050048828125,2514.89990234375,2475.050048828125,2509.0,1175577
2024-11-12,2392.548828125,2461.5,2496.949951171875,2456.0,2495.0,1624222
2024-11-13,2395.902099609375,2464.949951171875,2472.800048828125,2450.39990234375,2462.10009765625,1262017
2024-11-14,2322.27392578125,2389.199951171875,2464.699951171875,2383.699951171875,2460.39990234375,2443393
2024-11-18,2355.02978515625,2422.89990234375,2425.0,2375.75,2401.14990234375,1374215
2024-11-19,2342.83154296875,2410.35009765625,2440.199951171875,2405.10009765625,2431.89990234375,1133370
2024-11-21,2316.05322265625,2382.800048828125,2424.75,2376.10009765625,2424.75,1291829
2024-11-22,2376.75390625,2445.25,2452.10009765625,2377.85009765625,2390.949951171875,1696471
2024-11-25,2402.219970703125,2471.449951171875,2505.699951171875,2457.60009765625,2470.0,4368045
2024-11-26,2409.7529296875,2479.199951171875,2494.949951171875,2460.39990234375,2486.25,982442
2024-11-27,2417.237060546875,2486.89990234375,2492.949951171875,2458.0,2475.14990234375,948232
2024-11-28,2393.229248046875,2462.199951171875,2539.14990234375,2453.199951171875,2486.0,2540530
2024-11-29,2426.22802734375,2496.14990234375,2507.5,2455.10009765625,2455.10009765625,1795164
2024-12-02,2409.7041015625,2479.14990234375,2490.5,2460.550048828125,2485.0,1006993
2024-12-03,2413.30078125,2482.85009765625,2491.449951171875,2466.0,2480.0,1641588
2024-12-04,2395.46484375,2464.5,2493.0,2456.550048828125,2481.10009765625,1321495
2024-12-05,2424.721923828125,2494.60009765625,2515.0,2450.050048828125,2465.60009765625,2071795
2024-12-06,2414.22412109375,2483.800048828125,2495.800048828125,2475.0,2495.0,1308086
2024-12-09,2333.50048828125,2400.75,2476.949951171875,2383.300048828125,2465.0,3385021
2024-12-10,2330.196044921875,2397.35009765625,2413.0,2388.300048828125,2408.699951171875,2063838
2024-12-11,2334.083740234375,2401.35009765625,2409.35009765625,2385.0,2405.0,1718225
2024-12-12,2279.263671875,2344.949951171875,2399.949951171875,2338.0,2385.050048828125,3231056
2024-12-13,2323.148681640625,2390.10009765625,2394.550048828125,2333.449951171875,2344.949951171875,2260902
2024-12-16,2299.869384765625,2366.14990234375,2393.0,2363.0,2390.300048828125,1247552
2024-12-17,2297.051025390625,2363.25,2380.0,2353.35009765625,2353.35009765625,2131569
2024-12-18,2293.1142578125,2359.199951171875,2383.0,2350.050048828125,2350.050048828125,988403
2024-12-19,2293.746337890625,2359.85009765625,2386.949951171875,2336.0,2347.0,1655915
2024-12-20,2268.52294921875,2333.89990234375,2373.5,2324.64990234375,2352.10009765625,2069691
2024-12-23,2273.383056640625,2338.89990234375,2351.75,2315.25,2337.0,1066199
2024-12-24,2270.126708984375,2335.550048828125,2356.949951171875,2331.10009765625,2331.10009765625,683646
2024-12-26,2267.4052734375,2332.75,2341.85009765625,2324.699951171875,2332.25,1033769
2024-12-27,2275.667236328125,2341.25,2345.64990234375,2328.25,2343.0,556816
2024-12-30,2277.854248046875,2343.5,2359.14990234375,2325.0,2341.5,924180
2024-12-31,2261.670654296875,2326.85009765625,2352.64990234375,2323.25,2340.0,1878762
2025-01-01,2257.0537109375,2322.10009765625,2337.14990234375,2320.25,2325.0,559893
2025-01-02,2303.611572265625,2370.0,2379.64990234375,2315.5,2330.0,1650744
2025-01-03,2338.84619140625,2406.25,2414.60009765625,2364.800048828125,2381.85009765625,1274239
2025-01-06,2309.637939453125,2376.199951171875,2418.949951171875,2361.64990234375,2418.0,900419
2025-01-07,2323.829345703125,2390.800048828125,2402.25,2375.25,2377.14990234375,922768
2025-01-08,2333.743408203125,2401.0,2409.0,2368.0,2391.0,953351
2025-01-09,2367.1796875,2435.39990234375,2473.64990234375,2386.39990234375,2405.050048828125,2425267
2025-01-10,2373.643798828125,2442.050048828125,2456.0,2413.800048828125,2435.39990234375,1651911
2025-01-13,2382.343017578125,2451.0,2460.5,2409.050048828125,2417.050048828125,2595013
2025-01-14,2301.619140625,2367.949951171875,2468.0,2364.10009765625,2465.0,2052741
2025-01-15,2306.528076171875,2373.0,2384.89990234375,2350.10009765625,2373.89990234375,1215150
2025-01-16,2279.312255859375,2345.0,2380.0,2326.050048828125,2376.949951171875,2762596
2025-01-17,2288.06005859375,2354.0,2379.300048828125,2343.0,2350.0,1333005
2025-01-20,2279.506591796875,2345.199951171875,2368.0,2335.64990234375,2356.449951171875,1382273
2025-01-21,2274.938232421875,2340.5,2377.300048828125,2332.449951171875,2353.5,1842885
2025-01-22,2277.319580078125,2342.949951171875,2362.0,2332.199951171875,2342.550048828125,2658047
2025-01-23,2256.66455078125,2321.699951171875,2341.300048828125,2253.85009765625,2315.0,3408925
2025-01-24,2301.76513671875,2368.10009765625,2380.800048828125,2323.0,2332.85009765625,1688664
2025-01-27,2325.82177734375,2392.85009765625,2409.699951171875,2361.14990234375,2365.0,2477358
2025-01-28,2321.933837890625,2388.85009765625,2407.0,2379.449951171875,2401.0,1892156
2025-01-29,2317.1708984375,2383.949951171875,2396.0,2364.0,2385.14990234375,699576
2025-01-30,2341.2763671875,2408.75,2425.0,2384.0,2384.0,1419960
2025-01-31,2399.644287109375,2468.800048828125,2479.0,2401.5,2401.5,2116148
2025-02-01,2435.850830078125,2506.050048828125,2602.0,2435.14990234375,2475.0,2970999
2025-02-03,2373.54638671875,2441.949951171875,2520.0,2416.5,2505.0,2528480
2025-02-04,2369.755615234375,2438.050048828125,2450.0,2402.85009765625,2450.0,1992474
2025-02-05,2324.072265625,2391.050048828125,2453.0,2387.0,2453.0,1357416
2025-02-06,2306.236083984375,2372.699951171875,2408.949951171875,2360.300048828125,2400.0,1132113
2025-02-07,2297.634033203125,2363.85009765625,2381.949951171875,2336.10009765625,2380.0,855602
2025-02-10,2295.301513671875,2361.449951171875,2398.0,2352.050048828125,2370.89990234375,1326354
2025-02-11,2250.395751953125,2315.25,2377.949951171875,2296.550048828125,2371.0,1389260
2025-02-12,2267.162109375,2332.5,2339.89990234375,2305.10009765625,2325.699951171875,1341909
2025-02-13,2256.470458984375,2321.5,2345.60009765625,2313.35009765625,2330.10009765625,1334967
2025-02-14,2253.40869140625,2318.35009765625,2366.0,2313.39990234375,2322.0,1135380
2025-02-17,2264.149169921875,2329.39990234375,2336.0,2300.0,2318.35009765625,1409168
2025-02-18,2231.684814453125,2296.0,2338.550048828125,2288.0,2329.39990234375,1035705
2025-02-19,2187.362060546875,2250.39990234375,2305.699951171875,2248.0,2298.75,1521343
2025-02-20,2185.077880859375,2248.050048828125,2254.449951171875,2226.5,2250.39990234375,2206196
2025-02-21,2178.857177734375,2241.64990234375,2253.550048828125,2226.39990234375,2248.050048828125,1781509
2025-02-24,2178.66259765625,2241.449951171875,2251.0,2218.800048828125,2230.0,1627949
2025-02-25,2196.0126953125,2259.300048828125,2269.60009765625,2237.949951171875,2243.0,1988040
2025-02-27,2182.064453125,2244.949951171875,2269.64990234375,2233.10009765625,2269.64990234375,1699658
2025-02-28,2128.89697265625,2190.25,2249.60009765625,2185.85009765625,2245.050048828125,3683249
2025-03-03,2115.872314453125,2176.85009765625,2199.0,2158.5,2199.0,1306470
2025-03-04,2096.918701171875,2157.35009765625,2180.0,2136.0,2179.949951171875,1800330
2025-03-05,2109.651611328125,2170.449951171875,2191.89990234375,2150.0,2152.0,1145673
2025-03-06,2156.79296875,2218.949951171875,2229.800048828125,2163.75,2175.0,1856868
2025-03-07,2142.79638671875,2204.550048828125,2226.699951171875,2189.199951171875,2226.699951171875,1738356
2025-03-10,2184.786376953125,2247.75,2267.14990234375,2194.64990234375,2208.0,1242387
2025-03-11,2154.848876953125,2216.949951171875,2262.449951171875,2211.25,2240.0,1325891
2025-03-12,2131.47265625,2192.89990234375,2229.949951171875,2185.0,2217.35009765625,1526212
2025-03-13,2113.8798828125,2174.800048828125,2209.949951171875,2164.449951171875,2185.0,1845629
2025-03-17,2110.42919921875,2171.25,2195.449951171875,2156.5,2161.0,1111886
2025-03-18,2110.42919921875,2171.25,2171.25,2171.25,2171.25,0
2025-03-19,2138.422607421875,2200.050048828125,2212.85009765625,2193.449951171875,2207.0,1341405
2025-03-20,2179.586181640625,2242.39990234375,2248.89990234375,2188.449951171875,2203.89990234375,1426689
2025-03-21,2183.27978515625,2246.199951171875,2255.199951171875,2225.800048828125,2245.0,2152415
2025-03-24,2192.99951171875,2256.199951171875,2266.0,2241.0,2250.25,1454404
2025-03-25,2207.6767578125,2271.300048828125,2292.0,2243.35009765625,2250.75,2229340
2025-03-26,2183.03662109375,2245.949951171875,2279.89990234375,2237.800048828125,2272.0,1416907
2025-03-27,2181.773193359375,2244.64990234375,2260.89990234375,2200.0,2244.199951171875,3752627
2025-03-28,2195.5751953125,2258.85009765625,2296.0,2240.300048828125,2247.0,2280152
2025-04-01,2171.27587890625,2233.85009765625,2284.64990234375,2220.0,2259.0,2495962
2025-04-02,2175.212158203125,2237.89990234375,2243.699951171875,2190.050048828125,2243.699951171875,1351493
2025-04-03,2181.676025390625,2244.550048828125,2252.89990234375,2220.60009765625,2225.449951171875,1310088
2025-04-04,2181.676025390625,2244.550048828125,2267.050048828125,2222.0,2230.0,1120226
2025-04-07,2186.389892578125,2249.39990234375,2261.60009765625,2150.0,2150.0,3435185
2025-04-08,2225.123779296875,2289.25,2306.199951171875,2252.35009765625,2268.300048828125,2774874
2025-04-09,2284.171875,2350.0,2354.14990234375,2289.5,2293.949951171875,2989089
2025-04-11,2299.869384765625,2366.14990234375,2394.85009765625,2344.35009765625,2394.60009765625,3836083
2025-04-15,2295.35009765625,2361.5,2400.0,2345.199951171875,2400.0,3042779
2025-04-16,2300.30712890625,2366.60009765625,2376.0,2351.0,2351.0,1131979
2025-04-17,2308.471923828125,2375.0,2379.89990234375,2343.10009765625,2357.10009765625,1962402
2025-04-21,2285.14404296875,2351.0,2372.39990234375,2348.800048828125,2368.10009765625,1478430
2025-04-22,2331.508056640625,2398.699951171875,2406.0,2355.10009765625,2370.0,2352346
2025-04-23,2355.905029296875,2423.800048828125,2438.0,2393.39990234375,2410.0,2226066
2025-04-24,2260.1640625,2325.300048828125,2487.39990234375,2317.10009765625,2423.800048828125,7065430
2025-04-25,2266.87060546875,2332.199951171875,2341.89990234375,2294.39990234375,2331.89990234375,2859858
2025-04-28,2253.65185546875,2318.60009765625,2349.0,2315.0,2345.0,1555660
2025-04-29,2256.66455078125,2321.699951171875,2332.5,2312.60009765625,2328.0,1896387
2025-04-30,2276.493408203125,2342.10009765625,2352.5,2316.0,2320.0,2083807
2025-05-02,2253.65185546875,2318.60009765625,2345.0,2310.0,2334.10009765625,1424284
2025-05-05,2282.811279296875,2348.60009765625,2354.89990234375,2319.10009765625,2324.10009765625,2074103
2025-05-06,2315.081298828125,2381.800048828125,2390.10009765625,2340.199951171875,2340.199951171875,1888125
2025-05-07,2304.3896484375,2370.800048828125,2386.89990234375,2355.300048828125,2369.0,1610400
2025-05-08,2288.934814453125,2354.89990234375,2371.89990234375,2341.0,2361.699951171875,2323073
2025-05-09,2267.551025390625,2332.89990234375,2342.699951171875,2302.300048828125,2330.0,1805685
2025-05-12,2315.76171875,2382.5,2387.0,2346.10009765625,2360.0,1274873
2025-05-13,2293.891845703125,2360.0,2398.0,2352.800048828125,2375.60009765625,1929665
2025-05-14,2284.657958984375,2350.5,2370.0,2338.5,2370.0,1568111
2025-05-15,2289.226318359375,2355.199951171875,2369.89990234375,2340.0,2351.60009765625,3236681
2025-05-16,2314.6923828125,2381.39990234375,2387.0,2349.0,2360.0,1473000
2025-05-19,2315.9560546875,2382.699951171875,2405.0,2375.0,2375.0,936655
2025-05-20,2275.521728515625,2341.10009765625,2394.60009765625,2338.5,2394.60009765625,1617408
2025-05-21,2297.682373046875,2363.89990234375,2375.699951171875,2345.0,2346.0,1570754
2025-05-22,2265.412841796875,2330.699951171875,2363.10009765625,2313.10009765625,2355.0,2423653
2025-05-23,2293.1142578125,2359.199951171875,2364.5,2329.60009765625,2336.89990234375,844118
2025-05-26,2327.03662109375,2394.10009765625,2397.300048828125,2364.10009765625,2368.0,892618
2025-05-27,2313.526123046875,2380.199951171875,2409.5,2360.300048828125,2394.10009765625,1865258
2025-05-28,2295.8359375,2362.0,2388.0,2352.0,2388.0,897517
2025-05-29,2300.404296875,2366.699951171875,2376.0,2355.5,2369.0,1111275
2025-05-30,2282.519775390625,2348.300048828125,2374.89990234375,2343.5,2360.0,3288892
2025-06-02,2305.167236328125,2371.60009765625,2384.0,2343.60009765625,2347.89990234375,1178205
2025-06-03,2286.40771484375,2352.300048828125,2379.5,2342.60009765625,2365.10009765625,1643913
2025-06-04,2298.265869140625,2364.5,2367.60009765625,2342.10009765625,2359.5,3287896
2025-06-05,2309.83251953125,2376.39990234375,2380.0,2348.89990234375,2364.5,1787978
2025-06-06,2322.857421875,2389.800048828125,2396.5,2370.10009765625,2373.300048828125,997488
2025-06-09,2326.161865234375,2393.199951171875,2399.0,2378.300048828125,2394.0,1293622
2025-06-10,2328.10595703125,2395.199951171875,2400.199951171875,2378.39990234375,2393.39990234375,1778782
2025-06-11,2309.83251953125,2376.39990234375,2402.89990234375,2371.300048828125,2395.199951171875,1977707
2025-06-12,2267.356689453125,2332.699951171875,2388.0,2324.10009765625,2386.89990234375,3339584
2025-06-13,2254.04052734375,2319.0,2324.89990234375,2302.0,2305.0,1740682
2025-06-16,2262.204833984375,2327.39990234375,2336.60009765625,2313.10009765625,2320.0,1105297
2025-06-17,2263.37158203125,2328.60009765625,2333.10009765625,2313.10009765625,2320.0,1119284
2025-06-18,2232.9482421875,2297.300048828125,2331.39990234375,2285.5,2327.699951171875,2056563
2025-06-19,2229.93505859375,2294.199951171875,2307.800048828125,2290.300048828125,2300.10009765625,1214549
2025-06-20,2241.59912109375,2306.199951171875,2313.0,2292.39990234375,2295.0,2685864
2025-06-23,2234.62548828125,2275.10009765625,2286.0,2258.699951171875,2283.39990234375,842856
2025-06-24,2222.839111328125,2263.10009765625,2301.0,2260.300048828125,2295.0,2440747
2025-06-25,2238.1611328125,2278.699951171875,2290.5,2271.39990234375,2279.0,1047270
2025-06-26,2240.223876953125,2280.800048828125,2291.0,2271.60009765625,2288.89990234375,1874722
2025-06-27,2265.859375,2306.89990234375,2310.5,2279.300048828125,2280.800048828125,1050745
2025-06-30,2253.778564453125,2294.60009765625,2317.0,2288.0,2309.89990234375,1403754
2025-07-01,2254.662353515625,2295.5,2302.60009765625,2286.60009765625,2300.0,759914
2025-07-02,2266.05615234375,2307.10009765625,2309.0,2287.60009765625,2295.0,1128034
2025-07-03,2272.243896484375,2313.39990234375,2326.89990234375,2304.0,2310.0,1060039
2025-07-04,2297.68310546875,2339.300048828125,2341.39990234375,2310.300048828125,2318.0,1242346
2025-07-07,2367.518310546875,2410.39990234375,2415.699951171875,2341.0,2341.0,2701583
2025-07-08,2350.133056640625,2392.699951171875,2418.5,2386.0,2405.39990234375,1471046
2025-07-09,2380.286865234375,2423.39990234375,2439.699951171875,2397.10009765625,2399.0,1741690
2025-07-10,2365.553955078125,2408.39990234375,2434.0,2397.60009765625,2423.39990234375,1053695
2025-07-11,2474.775634765625,2519.60009765625,2530.0,2461.0,2500.0,7242235
2025-07-14,2471.8291015625,2516.60009765625,2532.5,2490.0,2500.0,2427712
2025-07-15,2481.94580078125,2526.89990234375,2529.89990234375,2510.0,2520.699951171875,1700294
2025-07-16,2472.811279296875,2517.60009765625,2532.89990234375,2507.5,2526.300048828125,1284379
2025-07-17,2465.14990234375,2509.800048828125,2525.39990234375,2506.199951171875,2513.0,807474
2025-07-18,2445.309326171875,2489.60009765625,2514.89990234375,2481.5,2514.89990234375,771112
2025-07-21,2421.048828125,2464.89990234375,2493.60009765625,2455.39990234375,2490.89990234375,1169960
2025-07-22,2435.58544921875,2479.699951171875,2485.0,2452.60009765625,2470.0,861632
2025-07-23,2406.806640625,2450.39990234375,2487.0,2442.0,2481.0,1320795
2025-07-24,2394.430908203125,2437.800048828125,2466.0,2421.0,2455.89990234375,693984
2025-07-25,2372.42919921875,2415.39990234375,2428.60009765625,2405.39990234375,2426.10009765625,769388
2025-07-28,2398.163330078125,2441.60009765625,2448.300048828125,2412.300048828125,2415.39990234375,987995
2025-07-29,2409.949951171875,2453.60009765625,2457.5,2429.699951171875,2444.800048828125,732282
2025-07-30,2394.037841796875,2437.39990234375,2452.89990234375,2398.5,2442.0,1224146
2025-07-31,2476.34716796875,2521.199951171875,2549.0,2420.10009765625,2420.10009765625,5505507
2025-08-01,2508.26904296875,2553.699951171875,2727.5,2536.89990234375,2550.0,4259653
2025-08-04,2498.44677734375,2543.699951171875,2583.199951171875,2535.10009765625,2547.0,1293028
2025-08-05,2489.60693359375,2534.699951171875,2553.0,2517.300048828125,2537.5,756361
2025-08-06,2490.490966796875,2535.60009765625,2563.10009765625,2526.60009765625,2538.699951171875,885487
2025-08-07,2472.712890625,2517.5,2544.0,2495.0,2535.699951171875,847151
2025-08-08,2454.1494140625,2498.60009765625,2529.89990234375,2486.60009765625,2516.0,839794
2025-08-11,2473.5966796875,2518.39990234375,2524.5,2478.5,2490.10009765625,992436
2025-08-12,2439.612548828125,2483.800048828125,2536.60009765625,2480.10009765625,2518.0,1406211
2025-08-13,2450.711669921875,2495.10009765625,2501.5,2473.39990234375,2485.0,969803
2025-08-14,2436.469482421875,2480.60009765625,2509.0,2473.199951171875,2498.89990234375,1104362
2025-08-18,2522.4130859375,2568.10009765625,2597.0,2521.300048828125,2539.0,3089136
2025-08-19,2558.4599609375,2604.800048828125,2615.0,2558.39990234375,2572.199951171875,1400717
2025-08-20,2622.3037109375,2669.800048828125,2680.0,2588.5,2599.0,3156954
2025-08-21,2600.891357421875,2648.0,2667.10009765625,2627.300048828125,2667.10009765625,2235686
2025-08-22,2583.11328125,2629.89990234375,2658.5,2619.0,2647.0,1223445
2025-08-25,2584.783203125,2631.60009765625,2643.0,2615.199951171875,2643.0,667598
2025-08-26,2644.697998046875,2692.60009765625,2705.0,2624.60009765625,2624.60009765625,4348648
2025-08-28,2607.177490234375,2654.39990234375,2748.0,2646.800048828125,2748.0,3198743
2025-08-29,2612.4814453125,2659.800048828125,2723.0,2641.39990234375,2664.800048828125,1972773
2025-09-01,2602.36474609375,2649.5,2673.300048828125,2639.300048828125,2659.800048828125,1096729
2025-09-02,2629.37548828125,2677.0,2692.39990234375,2645.10009765625,2649.0,1525106
2025-09-03,2617.294189453125,2664.699951171875,2686.89990234375,2658.300048828125,2681.0,1010692
2025-09-04,2619.16064453125,2666.60009765625,2750.0,2655.5,2750.0,2494678
2025-09-05,2586.55078125,2633.39990234375,2672.89990234375,2623.800048828125,2667.60009765625,944879
2025-09-08,2577.219970703125,2623.89990234375,2644.60009765625,2618.800048828125,2630.0,903410
2025-09-09,2594.998046875,2642.0,2646.199951171875,2611.300048828125,2637.0,1610956
2025-09-10,2596.471435546875,2643.5,2652.89990234375,2619.0,2642.0,1031486
2025-09-11,2575.35400390625,2622.0,2657.699951171875,2614.0,2643.800048828125,1212707
2025-09-12,2534.592041015625,2580.5,2628.89990234375,2569.0,2625.0,1368380
2025-09-15,2535.083251953125,2581.0,2593.39990234375,2568.39990234375,2580.5,752745
2025-09-16,2534.985107421875,2580.89990234375,2590.0,2572.60009765625,2588.199951171875,1040928
2025-09-17,2523.984130859375,2569.699951171875,2591.10009765625,2566.5,2587.0,970247
2025-09-18,2540.780029296875,2586.800048828125,2609.89990234375,2570.89990234375,2570.89990234375,1550153
2025-09-19,2514.06396484375,2559.60009765625,2604.699951171875,2554.800048828125,2600.0,2214708
2025-09-22,2526.43994140625,2572.199951171875,2587.199951171875,2560.199951171875,2569.0,1174161
2025-09-23,2477.329345703125,2522.199951171875,2575.300048828125,2518.199951171875,2568.89990234375,1430474
2025-09-24,2504.143798828125,2549.5,2576.0,2510.0,2522.199951171875,1882881
2025-09-25,2493.14306640625,2538.300048828125,2567.5,2531.800048828125,2546.0,1624258
2025-09-26,2467.1142578125,2511.800048828125,2545.39990234375,2499.39990234375,2535.0,885612
2025-09-29,2453.46142578125,2497.89990234375,2517.39990234375,2443.0,2495.0,2403556
2025-09-30,2469.66796875,2514.39990234375,2526.300048828125,2491.60009765625,2497.89990234375,1678088
2025-10-01,2491.080322265625,2536.199951171875,2550.0,2497.89990234375,2515.39990234375,1483899
2025-10-03,2499.62548828125,2544.89990234375,2548.60009765625,2508.300048828125,2536.199951171875,1242611
2025-10-06,2496.580810546875,2541.800048828125,2549.60009765625,2520.199951171875,2535.199951171875,818923
2025-10-07,2472.418212890625,2517.199951171875,2559.39990234375,2508.300048828125,2540.0,1291750
2025-10-08,2455.62255859375,2500.10009765625,2525.0,2486.10009765625,2511.0,1225128
2025-10-09,2472.811279296875,2517.60009765625,2523.0,2498.300048828125,2501.0,1259173
2025-10-10,2483.91015625,2528.89990234375,2534.89990234375,2506.5,2510.0,1018875
2025-10-13,2448.452392578125,2492.800048828125,2531.60009765625,2485.39990234375,2519.199951171875,1114750
2025-10-14,2457.783447265625,2502.300048828125,2509.199951171875,2482.300048828125,2493.0,1461017
2025-10-15,2474.186279296875,2519.0,2531.800048828125,2502.60009765625,2502.60009765625,881070
2025-10-16,2515.93017578125,2561.5,2568.5,2507.10009765625,2517.800048828125,1446646
2025-10-17,2557.37939453125,2603.699951171875,2615.0,2560.0,2565.5,2050690
2025-10-20,2548.24462890625,2594.39990234375,2624.699951171875,2585.60009765625,2609.0,1011485
2025-10-21,2545.593017578125,2591.699951171875,2606.699951171875,2585.10009765625,2594.0,82020
2025-10-23,2555.31689453125,2601.60009765625,2667.199951171875,2596.10009765625,2601.0,3386744
2025-10-24,2471.63232421875,2516.39990234375,2584.0,2474.5,2584.0,3110800
2025-10-27,2467.1142578125,2511.800048828125,2525.0,2506.0,2516.39990234375,2127832
2025-10-28,2452.676025390625,2497.10009765625,2526.0,2481.89990234375,2519.0,2294976
2025-10-29,2443.8359375,2488.10009765625,2513.60009765625,2484.0,2512.60009765625,1870143
2025-10-30,2425.6650390625,2469.60009765625,2497.0,2454.89990234375,2491.0,1195631
2025-10-31,2421.637939453125,2465.5,2479.5,2452.89990234375,2469.0,1401937
2025-11-03,2416.23583984375,2460.0,2474.89990234375,2440.300048828125,2456.10009765625,1049185
2025-11-04,2402.190185546875,2445.699951171875,2463.300048828125,2441.300048828125,2460.0,1251588
2025-11-06,2392.662841796875,2436.0,2463.89990234375,2432.60009765625,2463.89990234375,1329256
2025-11-07,2389.693115234375,2414.0,2425.0,2400.60009765625,2417.0,817896
2025-11-10,2384.54541015625,2408.800048828125,2429.300048828125,2404.0,2405.0,780558
2025-11-11,2403.05712890625,2427.5,2433.699951171875,2403.10009765625,2422.199951171875,1422399
2025-11-12,2400.08740234375,2424.5,2434.800048828125,2416.199951171875,2430.60009765625,1680827
2025-11-13,2383.357666015625,2407.60009765625,2431.0,2405.0,2429.0,1256059
2025-11-14,2403.255126953125,2427.699951171875,2430.199951171875,2392.0,2405.10009765625,975973
2025-11-17,2400.582275390625,2425.0,2438.39990234375,2416.0,2431.39990234375,920038
2025-11-18,2379.793701171875,2404.0,2422.89990234375,2401.89990234375,2415.800048828125,1229034
2025-11-19,2417.015380859375,2441.60009765625,2450.699951171875,2411.0,2412.0,1465143
2025-11-20,2403.947998046875,2428.39990234375,2459.0,2425.0,2445.10009765625,1396929
2025-11-21,2409.19482421875,2433.699951171875,2443.199951171875,2413.0,2436.199951171875,1840712
2025-11-24,2399.790283203125,2424.199951171875,2444.89990234375,2413.0,2441.89990234375,4092327
2025-11-25,2389.792236328125,2414.10009765625,2424.199951171875,2406.0,2422.0,1240672
2025-11-26,2400.7802734375,2425.199951171875,2427.699951171875,2409.0,2412.0,1242683
2025-11-27,2427.013427734375,2451.699951171875,2459.699951171875,2425.0,2426.10009765625,1872248
2025-11-28,2441.763671875,2466.60009765625,2470.0,2447.199951171875,2450.0,973225
2025-12-01,2439.6845703125,2464.5,2488.0,2458.800048828125,2466.60009765625,1924828
2025-12-02,2452.850830078125,2477.800048828125,2484.39990234375,2460.0,2471.0,2179406
2025-12-03,2423.350830078125,2448.0,2484.89990234375,2403.10009765625,2478.199951171875,3535932
2025-12-04,2437.40771484375,2462.199951171875,2483.0,2423.199951171875,2440.0,2587753
2025-12-05,2315.052490234375,2338.60009765625,2422.0,2286.699951171875,2422.0,4008271
2025-12-08,2290.699951171875,2314.0,2355.10009765625,2302.0,2350.10009765625,1898154
2025-12-09,2283.275634765625,2306.5,2330.39990234375,2298.10009765625,2318.0,1471488
2025-12-10,2278.52392578125,2301.699951171875,2316.89990234375,2295.0,2306.5,2857290
2025-12-11,2282.384765625,2305.60009765625,2313.0,2292.0,2296.300048828125,1108032
2025-12-12,2237.837890625,2260.60009765625,2309.0,2244.699951171875,2306.89990234375,3203114
2025-12-15,2270.406494140625,2293.5,2299.0,2252.0,2260.60009765625,1274115
2025-12-16,2258.13134765625,2281.10009765625,2302.699951171875,2276.0,2293.39990234375,1256042
2025-12-17,2252.686767578125,2275.60009765625,2286.199951171875,2268.300048828125,2281.199951171875,808100
2025-12-18,2242.6884765625,2265.5,2278.300048828125,2255.300048828125,2270.0,1057295
2025-12-19,2257.04248046875,2280.0,2284.800048828125,2263.699951171875,2263.699951171875,1237214
2025-12-22,2266.44677734375,2289.5,2295.0,2280.0,2280.0,790773
2025-12-23,2279.414794921875,2302.60009765625,2310.0,2280.699951171875,2289.300048828125,1128801
2025-12-24,2259.22021484375,2282.199951171875,2305.0,2278.10009765625,2302.60009765625,519380
2025-12-26,2262.387939453125,2285.39990234375,2290.0,2275.0,2282.300048828125,533626
2025-12-29,2270.20849609375,2293.300048828125,2298.699951171875,2280.0,2288.89990234375,1086695
2025-12-30,2267.1396484375,2290.199951171875,2298.0,2283.0,2293.300048828125,1556717
2025-12-31,2292.580810546875,2315.89990234375,2325.5,2286.800048828125,2290.0,1324220
2026-01-01,2299.609375,2323.0,2326.0,2300.0,2322.0,758866
2026-01-02,2324.357666015625,2348.0,2357.699951171875,2322.0,2326.0,973413
2026-01-05,2360.09423828125,2384.10009765625,2394.0,2336.39990234375,2341.5,1344113
2026-01-06,2400.285400390625,2424.699951171875,2428.10009765625,2367.800048828125,2398.800048828125,1584720
2026-01-07,2375.239990234375,2399.39990234375,2421.89990234375,2382.0,2416.0,892690
2026-01-08,2362.66796875,2386.699951171875,2418.10009765625,2368.10009765625,2389.0,1163828
2026-01-09,2348.7099609375,2372.60009765625,2386.0,2361.0,2382.0,1189464
2026-01-12,2381.9716796875,2406.199951171875,2413.89990234375,2361.0,2362.0,1057665
2026-01-13,2365.439697265625,2389.5,2422.199951171875,2365.0,2415.10009765625,1519683
2026-01-14,2329.80224609375,2353.5,2398.89990234375,2341.0,2398.89990234375,1027639
2026-01-15,2329.80224609375,2353.5,2353.5,2353.5,2353.5,0
2026-01-16,2336.6328125,2360.39990234375,2372.89990234375,2348.89990234375,2370.0,1367606
2026-01-19,2389.593994140625,2413.89990234375,2425.39990234375,2353.0,2353.0,1505238
2026-01-20,2355.14453125,2379.10009765625,2439.0,2368.5,2423.0,1460806
2026-01-21,2344.15625,2368.0,2400.5,2360.0,2379.10009765625,1020245
2026-01-22,2366.52880859375,2390.60009765625,2402.0,2365.699951171875,2368.89990234375,1745964
2026-01-23,2385.238525390625,2409.5,2434.300048828125,2376.800048828125,2400.0,1378097
2026-01-27,2376.724853515625,2400.89990234375,2421.60009765625,2380.5,2412.0,2060117
2026-01-28,2354.451416015625,2378.39990234375,2420.199951171875,2340.60009765625,2403.10009765625,1797593
2026-01-29,2328.911376953125,2352.60009765625,2374.699951171875,2312.0,2370.5,1478536
2026-01-30,2349.10595703125,2373.0,2385.0,2340.0,2341.0,2090462
2026-02-02,2333.56396484375,2357.300048828125,2360.0,2303.0,2356.10009765625,1375089
2026-02-03,2344.750244140625,2368.60009765625,2399.89990234375,2343.300048828125,2390.0,1553270
2026-02-04,2347.1259765625,2371.0,2393.5,2356.800048828125,2360.60009765625,1232755
2026-02-05,2330.693115234375,2354.39990234375,2423.0,2351.60009765625,2362.5,1962066
2026-02-06,2399.790283203125,2424.199951171875,2429.0,2337.5,2354.39990234375,1421995
2026-02-09,2410.481689453125,2435.0,2439.0,2402.0,2425.0,958484
2026-02-10,2428.89453125,2453.60009765625,2458.10009765625,2430.10009765625,2435.0,792532
2026-02-11,2438.1005859375,2462.89990234375,2470.60009765625,2447.0,2460.0,1137856
2026-02-12,2385.436279296875,2409.699951171875,2479.60009765625,2350.10009765625,2475.0,4656164
2026-02-13,2281.988525390625,2305.199951171875,2400.0,2300.300048828125,2400.0,2791519
2026-02-16,2295.649658203125,2319.0,2327.0,2288.10009765625,2308.10009765625,2036833
2026-02-17,2289.01708984375,2312.300048828125,2326.0,2303.39990234375,2309.300048828125,1233244
2026-02-18,2300.1044921875,2323.5,2328.89990234375,2306.0,2312.60009765625,830787
2026-02-19,2256.349365234375,2279.300048828125,2337.39990234375,2275.60009765625,2336.0,940180
2026-02-20,2291.195068359375,2314.5,2331.199951171875,2278.300048828125,2285.0,1716316
2026-02-23,2321.78369140625,2345.39990234375,2350.0,2320.800048828125,2325.0,1300035
2026-02-24,2334.85107421875,2358.60009765625,2372.0,2330.300048828125,2331.10009765625,1544803
2026-02-25,2350.98681640625,2374.89990234375,2380.0,2349.0,2368.89990234375,1158620
2026-02-26,2359.30224609375,2383.300048828125,2387.300048828125,2355.199951171875,2378.0,1470677
2026-02-27,2314.557373046875,2338.10009765625,2378.89990234375,2330.60009765625,2369.300048828125,3053227
2026-03-02,2297.233642578125,2320.60009765625,2354.0,2290.199951171875,2303.0,2273224
2026-03-04,2238.53076171875,2261.300048828125,2311.60009765625,2252.10009765625,2292.89990234375,2648737
2026-03-05,2232.294189453125,2255.0,2277.800048828125,2228.39990234375,2275.5,1751288
2026-03-06,2203.2890625,2225.699951171875,2250.0,2219.5,2245.10009765625,1674258
2026-03-09,2172.50244140625,2194.60009765625,2200.0,2170.39990234375,2199.0,1512817
2026-03-10,2168.146484375,2190.199951171875,2224.0,2175.0,2224.0,1084986
2026-03-11,2139.636474609375,2161.39990234375,2195.0,2156.0,2190.199951171875,1313256
2026-03-12,2115.383056640625,2136.89990234375,2165.10009765625,2109.300048828125,2165.10009765625,1791973
2026-03-13,2138.250732421875,2160.0,2191.89990234375,2120.300048828125,2136.0,2298875
2026-03-16,2153.79248046875,2175.699951171875,2186.699951171875,2154.0,2169.60009765625,1981511
2026-03-17,2136.46875,2158.199951171875,2184.800048828125,2145.5,2172.800048828125,1705956
2026-03-18,2113.79931640625,2135.300048828125,2175.0,2129.699951171875,2165.0,2441148
2026-03-19,2056.383544921875,2077.300048828125,2133.60009765625,2070.10009765625,2112.0,2098905
2026-03-20,2061.72900390625,2082.699951171875,2099.800048828125,2069.0,2099.699951171875,2429744
2026-03-23,2031.5361328125,2052.199951171875,2097.0,2033.300048828125,2062.300048828125,2599535
2026-03-24,2064.005859375,2085.0,2115.0,2066.0,2070.0,1702418
2026-03-25,2113.304443359375,2134.800048828125,2154.699951171875,2086.0,2098.0,2069217
2026-03-27,2053.512451171875,2074.39990234375,2127.0,2069.5,2123.300048828125,2789151
2026-03-30,2034.505859375,2055.199951171875,2082.39990234375,2046.199951171875,2064.0,2482193
2026-04-01,2043.91015625,2064.699951171875,2119.89990234375,2052.0,2119.89990234375,2028470
2026-04-02,2044.5042724609375,2065.300048828125,2069.89990234375,2022.5,2055.0,1431905
2026-04-06,2063.807861328125,2084.800048828125,2092.800048828125,2041.9000244140625,2065.300048828125,1661298
2026-04-07,2089.34814453125,2110.60009765625,2119.5,2050.800048828125,2064.699951171875,2709707
2026-04-08,2123.995849609375,2145.60009765625,2192.800048828125,2130.0,2130.0,3794437
2026-04-09,2111.720458984375,2133.199951171875,2162.89990234375,2115.0,2145.5,2506245
2026-04-10,2133.59814453125,2155.300048828125,2170.0,2121.39990234375,2133.199951171875,2144484
2026-04-13,2105.781005859375,2127.199951171875,2140.699951171875,2113.5,2131.0,1994541
2026-04-15,2135.875,2157.60009765625,2168.0,2140.89990234375,2140.89990234375,1552971
2026-04-16,2117.561279296875,2139.10009765625,2163.699951171875,2129.10009765625,2158.0,1845734
2026-04-17,2218.237060546875,2240.800048828125,2245.0,2133.0,2142.0,4882697
2026-04-20,2209.03076171875,2231.5,2253.39990234375,2223.199951171875,2240.800048828125,1460822
2026-04-21,2287.43310546875,2310.699951171875,2335.699951171875,2227.199951171875,2238.699951171875,3217281
2026-04-22,2344.9482421875,2368.800048828125,2408.0,2310.39990234375,2310.39990234375,5558325
2026-04-23,2342.572265625,2366.39990234375,2400.0,2336.0,2336.0,2063531
2026-04-24,2303.8662109375,2327.300048828125,2388.60009765625,2299.0,2388.60009765625,1676706
2026-04-27,2304.856201171875,2328.300048828125,2362.800048828125,2325.0,2334.89990234375,1099681
2026-04-28,2266.44677734375,2289.5,2334.39990234375,2281.10009765625,2321.0,1629120
2026-04-29,2291.095947265625,2314.39990234375,2349.699951171875,2291.0,2305.0,1778765
2026-04-30,2228.2353515625,2250.89990234375,2368.800048828125,2211.60009765625,2312.0,4434979
2026-05-01,2228.2353515625,2250.89990234375,2250.89990234375,2250.89990234375,2250.89990234375,0
2026-05-04,2286.04736328125,2309.300048828125,2365.800048828125,2268.800048828125,2268.800048828125,2554255
2026-05-05,2303.965087890625,2327.39990234375,2335.39990234375,2288.10009765625,2301.5,1741424
2026-05-06,2293.768798828125,2317.10009765625,2339.39990234375,2288.300048828125,2330.0,1196175
2026-05-07,2249.32080078125,2272.199951171875,2327.89990234375,2268.10009765625,2310.0,1859012
2026-05-08,2264.664794921875,2287.699951171875,2297.300048828125,2256.0,2272.199951171875,1104526
2026-05-11,2283.968505859375,2307.199951171875,2317.10009765625,2259.199951171875,2277.10009765625,1903862
2026-05-12,2239.2236328125,2262.0,2307.0,2256.0,2285.300048828125,983506
2026-05-13,2244.47021484375,2267.300048828125,2295.800048828125,2250.0,2265.0,1308559
2026-05-14,2226.057373046875,2248.699951171875,2285.89990234375,2245.0,2268.0,1380764
2026-05-15,2249.32080078125,2272.199951171875,2298.89990234375,2246.199951171875,2248.699951171875,1038522
2026-05-18,2231.502197265625,2254.199951171875,2265.0,2224.699951171875,2263.10009765625,1118204
2026-05-19,2210.41650390625,2232.89990234375,2282.0,2229.5,2242.0,1145022
2026-05-20,2187.05419921875,2209.300048828125,2226.89990234375,2201.0,2224.89990234375,1071994
2026-05-21,2157.059326171875,2179.0,2229.0,2176.0,2224.0,1581812
2026-05-22,2181.411865234375,2203.60009765625,2224.5,2175.39990234375,2180.0,1382889
2026-05-25,2174.383056640625,2196.5,2238.10009765625,2192.89990234375,2215.0,780722
2026-05-26,2187.153076171875,2209.39990234375,2220.0,2190.0,2199.60009765625,2302703
2026-05-27,2176.263916015625,2198.39990234375,2214.60009765625,2187.0,2205.10009765625,616538
2026-05-28,2176.263916015625,2198.39990234375,2198.39990234375,2198.39990234375,2198.39990234375,0
2026-05-29,2131.816162109375,2153.5,2207.800048828125,2118.10009765625,2133.5,17701621
2026-06-01,2063.31298828125,2084.300048828125,2167.5,2080.300048828125,2158.5,1470488
2026-06-02,2072.6181640625,2093.699951171875,2097.0,2065.699951171875,2079.0,2148903
2026-06-03,2069.549560546875,2090.60009765625,2099.60009765625,2072.199951171875,2092.0,1544973
2026-06-04,2058.462158203125,2079.39990234375,2110.89990234375,2073.5,2089.0,2142735
2026-06-05,2100.138427734375,2121.5,2127.5,2077.199951171875,2086.699951171875,1822999
2026-06-08,2088.853271484375,2110.10009765625,2125.0,2091.5,2105.300048828125,1601497
2026-06-09,2111.32470703125,2132.800048828125,2138.60009765625,2110.10009765625,2119.699951171875,1460636
2026-06-10,2147.655029296875,2169.5,2204.89990234375,2133.5,2134.89990234375,2325534
2026-06-11,2118.254150390625,2139.800048828125,2165.0,2135.300048828125,2164.0,1178896
2026-06-12,2146.962158203125,2168.800048828125,2179.39990234375,2145.0,2151.199951171875,1156153
2026-06-15,2134.39013671875,2156.10009765625,2211.0,2150.0,2200.0,1439449
2026-06-16,2177.748779296875,2199.89990234375,2209.0,2160.10009765625,2161.0,1337309
2026-06-17,2175.47216796875,2197.60009765625,2224.60009765625,2183.0,2201.10009765625,1511401
2026-06-18,2196.16162109375,2218.5,2221.60009765625,2196.800048828125,2208.699951171875,1120482
2026-06-19,2172.50244140625,2194.60009765625,2210.60009765625,2179.89990234375,2209.60009765625,1508994
2026-06-22,2162.89990234375,2184.89990234375,2208.199951171875,2182.5,2203.699951171875,765860
2026-06-23,2160.10009765625,2160.10009765625,2179.699951171875,2156.0,2160.10009765625,710082
2026-06-24,2157.800048828125,2157.800048828125,2166.0,2140.0,2160.0,942271
2026-06-25,2174.199951171875,2174.199951171875,2200.89990234375,2161.0,2161.0,1898262
2026-06-26,2174.199951171875,2174.199951171875,2174.199951171875,2174.199951171875,2174.199951171875,0
2026-06-29,2151.300048828125,2151.300048828125,2189.89990234375,2143.0,2172.0,1423514
2026-06-30,2118.199951171875,2118.199951171875,2151.300048828125,2114.199951171875,2151.0,2364422
2026-07-01,2182.0,2182.0,2190.0,2120.199951171875,2133.5,2497576
2026-07-02,2210.60009765625,2210.60009765625,2216.0,2179.199951171875,2186.0,2585362
2026-07-03,2201.199951171875,2201.199951171875,2239.300048828125,2190.0,2224.89990234375,1536616
2026-07-06,2202.0,2202.0,2221.39990234375,2190.300048828125,2202.10009765625,2131061
2026-07-07,2208.800048828125,2208.800048828125,2219.39990234375,2193.699951171875,2200.0,2552492
2026-07-08,2135.800048828125,2135.800048828125,2199.0,2130.0,2199.0,1326689
2026-07-09,2144.5,2144.5,2166.800048828125,2137.10009765625,2139.0,2201039
2026-07-10,2150.60009765625,2150.60009765625,2178.0,2145.0,2151.5,1665179
2026-07-13,2130.60009765625,2130.60009765625,2143.0,2120.0,2143.0,1833988
2026-07-14,2120.199951171875,2120.199951171875,2145.0,2116.10009765625,2125.0,2681897
2026-07-15,2102.60009765625,2102.60009765625,2128.5,2091.0,2121.0,2029614
2026-07-16,2098.39990234375,2098.39990234375,2123.0,2096.0,2104.89990234375,2143092
2026-07-17,2143.800048828125,2143.800048828125,2154.5,2092.10009765625,2100.0,1059832
2026-07-20,2139.699951171875,2139.699951171875,2153.800048828125,2128.39990234375,2153.800048828125,689849
2026-07-21,2142.5,2142.5,2147.699951171875,2127.5,2139.699951171875,1032417
2026-07-22,2154.60009765625,2154.60009765625,2159.89990234375,2130.0,2139.699951171875,819175
2026-07-23,2161.800048828125,2161.800048828125,2166.0,2139.89990234375,2150.0,833281
2026-07-24,2145.0,2145.0,2163.0,2139.0,2148.0,1603494
2026-07-27,2174.60009765625,2174.60009765625,2181.300048828125,2152.39990234375,2155.0,698681
2026-07-28,2022.699951171875,2022.699951171875,2213.0,2016.0,2174.60009765625,9947304
2026-07-29,2117.800048828125,2117.800048828125,2123.0,2047.0,2050.5,5183374
2026-07-30,2107.89990234375,2107.89990234375,2132.60009765625,2088.0,2120.0,2602039
2026-07-31,2101.300048828125,2101.300048828125,2119.60009765625,2091.10009765625,2119.60009765625,1759019
2026-08-03,2138.0,2138.0,2138.0,2105.300048828125,2107.0,740649
2026-08-04,2096.5,2096.5,2119.10009765625,2070.199951171875,2119.10009765625,1657094
2026-08-05,2085.300048828125,2085.300048828125,2097.800048828125,2074.199951171875,2085.300048828125,1150148
2026-08-06,2079.5,2079.5,2094.0,2075.199951171875,2081.0,1160270
2026-08-07,2096.0,2096.0,2099.39990234375,2077.199951171875,2083.10009765625,1054665
2026-08-10,2087.199951171875,2087.199951171875,2097.0,2076.0,2096.0,1118008
2026-08-11,2064.89990234375,2064.89990234375,2086.5,2063.800048828125,2086.0,956661
2026-08-12,2063.0,2063.0,2072.10009765625,2050.10009765625,2065.0,995523
2026-08-13,2092.0,2092.0,2092.0,2052.89990234375,2063.0,1186057
2026-08-14,2077.0,2077.0,2090.89990234375,2066.39990234375,2089.0,1148419
2026-08-17,2055.0,2055.0,2076.0,2055.0,2070.89990234375,1024288
2026-08-18,2035.0,2035.0,2060.0,2034.9000244140625,2055.0,1234596
2026-08-19,2020.699951171875,2020.699951171875,2041.699951171875,2008.300048828125,2035.0,1449442
2026-08-20,2028.0,2028.0,2043.5999755859375,2018.199951171875,2022.9000244140625,1401471
2026-08-21,2015.0,2015.0,2034.699951171875,2012.0,2028.0,857550
2026-08-24,2030.0,2030.0,2030.0,2006.199951171875,2019.9000244140625,891171
2026-08-25,2024.199951171875,2024.199951171875,2029.199951171875,2012.0,2024.0,1019583
2026-08-26,2021.0,2021.0,2051.89990234375,2021.0,2030.300048828125,765343
