Price,Adj Close,Close,High,Low,Open,Volume
Ticker,ICICIBANK.NS,ICICIBANK.NS,ICICIBANK.NS,ICICIBANK.NS,ICICIBANK.NS,ICICIBANK.NS
Date,,,,,,
2010-01-04,132.23829650878906,159.94544982910156,160.90908813476562,159.09091186523438,159.4545440673828,9162186
2010-01-05,133.4934844970703,161.46363830566406,163.59091186523438,160.27272033691406,161.4545440673828,14659997
2010-01-06,134.51568603515625,162.6999969482422,164.9727325439453,161.83636474609375,162.72726440429688,20410054
2010-01-07,133.24545288085938,161.16363525390625,163.0454559326172,159.36363220214844,163.0454559326172,10852286
2010-01-08,131.37396240234375,158.89999389648438,161.81817626953125,158.36363220214844,161.654541015625,20580934
2010-01-11,130.6899871826172,158.07272338867188,160.3272705078125,157.44544982910156,159.63636779785156,18184672
2010-01-12,126.68386840820312,153.22726440429688,158.5454559326172,152.72726440429688,158.07272338867188,22781935
2010-01-13,126.3681869506836,152.845458984375,153.49090576171875,149.3909149169922,149.3909149169922,31684856
2010-01-14,125.56403350830078,151.8727264404297,156.5454559326172,151.1272735595703,154.0,33858143
2010-01-15,126.6388168334961,153.1727294921875,154.29090881347656,150.99090576171875,152.77272033691406,19521925
2010-01-18,129.78053283691406,156.9727325439453,157.96363830566406,150.96363830566406,151.63636779785156,22909535
2010-01-19,130.103759765625,157.36363220214844,159.27272033691406,156.18182373046875,157.09091186523438,20804140
2010-01-20,131.97523498535156,159.6272735595703,160.83636474609375,157.99090576171875,158.14544677734375,27480893
2010-01-21,128.17959594726562,155.03636169433594,158.72726440429688,153.14544677734375,158.154541015625,33727122
2010-01-22,126.3757553100586,152.8545379638672,154.0,149.24545288085938,150.72726440429688,32621154
2010-01-25,124.8875503540039,151.05455017089844,152.57272338867188,150.0454559326172,151.1999969482422,15865157
2010-01-27,118.3485336303711,143.14544677734375,150.4363555908203,141.81817626953125,149.09091186523438,38013514
2010-01-28,118.46128845214844,143.2818145751953,146.8727264404297,141.68182373046875,145.4545440673828,56519067
2010-01-29,124.81988525390625,150.97271728515625,152.5454559326172,140.90908813476562,140.90908813476562,59256560
2010-02-01,125.6391372680664,151.96363830566406,154.25454711914062,148.18182373046875,149.1090850830078,28587542
2010-02-02,123.11373901367188,148.90908813476562,153.1727294921875,148.3272705078125,152.90908813476562,29159537
2010-02-03,126.18783569335938,152.6272735595703,153.63636779785156,149.68182373046875,150.0181884765625,18166148
2010-02-04,124.58690643310547,150.69090270996094,154.36363220214844,150.09091186523438,151.7818145751953,18276049
2010-02-05,119.97953033447266,145.11817932128906,147.23635864257812,143.63636779785156,147.23635864257812,27352501
2010-02-08,121.0618667602539,146.42727661132812,154.5454559326172,142.90908813476562,154.5454559326172,22972361
2010-02-09,122.12162780761719,147.70909118652344,148.72726440429688,143.8909149169922,146.5454559326172,20874557
2010-02-10,120.22756958007812,145.41818237304688,149.3727264404297,144.88182067871094,148.72726440429688,19253811
2010-02-11,124.17352294921875,150.19090270996094,150.8727264404297,143.654541015625,143.654541015625,19596379
2010-02-15,122.86569213867188,148.6090850830078,151.27272033691406,147.72726440429688,151.27272033691406,10649243
2010-02-16,125.13558959960938,151.3545379638672,152.3272705078125,148.5454559326172,148.5454559326172,11282936
2010-02-17,126.41332244873047,152.89999389648438,154.1272735595703,151.0181884765625,152.72726440429688,28238435
2010-02-18,126.27803802490234,152.73635864257812,155.09091186523438,151.6999969482422,152.72726440429688,25365791
2010-02-19,125.30094909667969,151.55455017089844,152.18182373046875,148.56362915039062,151.27272033691406,18276038
2010-02-22,125.00780487060547,151.1999969482422,154.5454559326172,150.68182373046875,153.66363525390625,12621301
2010-02-23,127.43553161621094,154.13636779785156,154.90908813476562,150.1090850830078,150.8909149169922,20701076
2010-02-24,126.44339752197266,152.9363555908203,153.8000030517578,151.4545440673828,152.74545288085938,17102217
2010-02-25,128.0142364501953,154.83636474609375,155.96363830566406,151.39999389648438,152.9545440673828,23944123
2010-02-26,131.10336303710938,158.57272338867188,161.27272033691406,153.09091186523438,153.69090270996094,35508192
2010-03-02,134.86143493652344,163.11817932128906,164.18182373046875,160.92727661132812,160.92727661132812,28273393
2010-03-03,136.54502868652344,165.154541015625,165.90908813476562,162.79090881347656,163.61817932128906,25091231
2010-03-04,135.04933166503906,163.345458984375,166.2818145751953,161.6727294921875,164.72726440429688,17625426
2010-03-05,135.55287170410156,163.9545440673828,165.27272033691406,162.11817932128906,163.29090881347656,14922803
2010-03-08,138.85997009277344,167.9545440673828,168.50909423828125,165.4545440673828,165.4545440673828,32294977
2010-03-09,139.0704345703125,168.20909118652344,169.92727661132812,165.2818145751953,167.63636779785156,34059690
2010-03-10,137.965576171875,166.8727264404297,169.0,165.16363525390625,168.18182373046875,22191510
2010-03-11,139.92726135253906,169.24545288085938,170.30909729003906,166.0181884765625,166.36363220214844,21146158
2010-03-12,140.79913330078125,170.3000030517578,171.25454711914062,169.30909729003906,170.00909423828125,20491075
2010-03-15,138.85997009277344,167.9545440673828,170.0,155.63636779785156,169.09091186523438,16240301
2010-03-16,139.87466430664062,169.18182373046875,169.9818115234375,165.8545379638672,167.4545440673828,14485526
2010-03-17,142.58799743652344,172.46363830566406,173.38182067871094,169.4545440673828,170.0,23114982
2010-03-18,144.85784912109375,175.20909118652344,176.27272033691406,172.5454559326172,172.73635864257812,25947581
2010-03-19,143.79058837890625,173.91818237304688,176.16363525390625,172.44544982910156,175.09091186523438,17969248
2010-03-22,140.58868408203125,170.0454559326172,172.5454559326172,167.4545440673828,172.5454559326172,20087584
2010-03-23,139.12301635742188,168.27272033691406,172.0,167.63636779785156,170.72726440429688,20200125
2010-03-25,140.37823486328125,169.79090881347656,170.90908813476562,165.92727661132812,167.27272033691406,26513751
2010-03-26,142.43011474609375,172.27272033691406,173.07272338867188,170.0454559326172,170.72726440429688,21544611
2010-03-29,143.19676208496094,173.1999969482422,174.36363220214844,170.81817626953125,171.81817626953125,21909514
2010-03-30,144.2790985107422,174.50909423828125,176.07272338867188,173.6090850830078,173.83636474609375,18572757
2010-03-31,143.18177795410156,173.18182373046875,176.50909423828125,172.49090576171875,175.41818237304688,28237176
2010-04-01,143.20431518554688,173.20909118652344,174.8909149169922,171.69090270996094,174.0,19839534
2010-04-05,148.11981201171875,179.154541015625,180.1272735595703,173.63636779785156,173.63636779785156,28263136
2010-04-06,149.9913330078125,181.41818237304688,183.58181762695312,179.154541015625,180.345458984375,30864163
2010-04-07,148.4204559326172,179.5181884765625,183.4545440673828,178.1999969482422,182.30909729003906,19863459
2010-04-08,144.4745330810547,174.74545288085938,179.63636779785156,174.1272735595703,178.58181762695312,23439388
2010-04-09,147.06005859375,177.8727264404297,178.53636169433594,174.90908813476562,174.96363830566406,12637042
2010-04-12,145.00816345214844,175.3909149169922,179.07272338867188,174.77272033691406,178.18182373046875,20644701
2010-04-13,141.63343811035156,171.30909729003906,175.72726440429688,170.97271728515625,175.3909149169922,21935727
2010-04-15,137.9956512451172,166.90908813476562,174.16363525390625,166.41818237304688,172.3272705078125,29869411
2010-04-16,138.66461181640625,167.7181854248047,170.345458984375,166.41818237304688,166.72726440429688,24517465
2010-04-19,138.26622009277344,167.23635864257812,168.46363830566406,164.10000610351562,166.14544677734375,23085573
2010-04-20,140.25047302246094,169.63636779785156,171.81817626953125,167.27272033691406,167.63636779785156,24374751
2010-04-21,143.09153747558594,173.07272338867188,173.5454559326172,170.72726440429688,170.89999389648438,20722333
2010-04-22,141.88145446777344,171.6090850830078,175.3909149169922,170.0272674560547,171.90908813476562,23026162
2010-04-23,146.96987915039062,177.76364135742188,178.14544677734375,171.81817626953125,172.5454559326172,26901132
2010-04-26,144.33172607421875,174.57272338867188,181.4818115234375,174.25454711914062,178.1999969482422,31212868
2010-04-27,142.3474578857422,172.1727294921875,174.5454559326172,170.0272674560547,174.18182373046875,15461006
2010-04-28,138.213623046875,167.1727294921875,171.08181762695312,166.07272338867188,169.3272705078125,21680010
2010-04-29,142.3624725341797,172.19090270996094,172.90908813476562,167.81817626953125,167.81817626953125,25572305
2010-04-30,143.09909057617188,173.08181762695312,175.345458984375,172.20909118652344,173.25454711914062,18736987
2010-05-03,140.83673095703125,170.345458984375,174.1727294921875,169.63636779785156,172.0181884765625,16415217
2010-05-04,137.57472229003906,166.39999389648438,172.1090850830078,165.27272033691406,171.25454711914062,19283099
2010-05-05,135.8385009765625,164.3000030517578,165.4545440673828,161.31817626953125,165.4545440673828,29067978
2010-05-06,135.71826171875,164.154541015625,165.91818237304688,162.0,163.35455322265625,17990027
2010-05-07,131.77232360839844,159.38182067871094,162.18182373046875,158.0,160.8909149169922,28132593
2010-05-10,138.6119384765625,167.654541015625,168.72726440429688,161.56362915039062,161.8000030517578,24365786
2010-05-11,137.78517150878906,166.654541015625,169.81817626953125,165.09091186523438,167.63636779785156,22917191
2010-05-12,137.507080078125,166.31817626953125,167.8909149169922,164.74545288085938,167.63636779785156,19398219
2010-05-13,139.3485565185547,168.5454559326172,169.81817626953125,167.46363830566406,167.63636779785156,16082291
2010-05-14,136.95089721679688,165.64544677734375,168.19090270996094,164.5454559326172,168.19090270996094,14222945
2010-05-17,135.4552001953125,163.83636474609375,164.5272674560547,160.55455017089844,163.27272033691406,18725272
2010-05-18,133.66636657714844,161.6727294921875,164.0454559326172,160.4545440673828,164.0454559326172,20063351
2010-05-19,123.93303680419922,149.89999389648438,160.72726440429688,148.72726440429688,160.0,67251569
2010-05-20,125.01535034179688,151.20909118652344,154.0,148.27272033691406,151.09091186523438,35100450
2010-05-21,125.48883056640625,151.7818145751953,152.55455017089844,146.7818145751953,147.80909729003906,24783665
2010-05-24,125.08299255371094,151.29090881347656,172.654541015625,150.0,152.63636779785156,23350662
2010-05-25,121.66314697265625,147.154541015625,149.29090881347656,145.88182067871094,149.29090881347656,24955590
2010-05-26,127.43553161621094,154.13636779785156,154.68182373046875,149.30909729003906,150.00909423828125,23904468
2010-05-27,128.7959442138672,155.7818145751953,157.27272033691406,151.5,153.63636779785156,32111810
2010-05-28,129.990966796875,157.22726440429688,159.4545440673828,154.3000030517578,156.74545288085938,22395593
2010-05-31,130.5246124267578,157.8727264404297,158.99090576171875,155.8909149169922,157.22726440429688,20342899
2010-06-01,125.96235656738281,152.35455322265625,157.23635864257812,151.4727325439453,154.845458984375,21329060
2010-06-02,126.61627197265625,153.14544677734375,154.5272674560547,149.63636779785156,153.58181762695312,18265478
2010-06-03,128.3900604248047,155.29090881347656,156.19090270996094,154.2181854248047,154.8000030517578,13719871
2010-06-04,130.15635681152344,157.42727661132812,157.92727661132812,155.29090881347656,155.29090881347656,16301560
2010-06-07,126.56368255615234,153.08181762695312,154.5454559326172,129.4545440673828,129.4545440673828,19093156
2010-06-08,122.88827514648438,148.63636779785156,153.58181762695312,147.83636474609375,152.5454559326172,25602786
2010-06-09,123.9480209350586,149.91818237304688,152.70909118652344,148.5454559326172,148.5454559326172,19901849
2010-06-10,126.46498107910156,150.73635864257812,151.6727294921875,148.0,149.60000610351562,19786860
2010-06-11,129.05055236816406,153.81817626953125,154.5454559326172,151.23635864257812,153.63636779785156,20875123
2010-06-14,130.21749877929688,155.20909118652344,156.18182373046875,153.345458984375,155.4545440673828,15172569
2010-06-15,131.201416015625,156.38182067871094,157.24545288085938,152.60000610351562,155.20909118652344,14494936
2010-06-16,133.7412567138672,159.40908813476562,159.9818115234375,156.3727264404297,158.0,20689289
2010-06-17,134.82427978515625,160.6999969482422,162.16363525390625,153.81817626953125,159.63636779785156,64208595
2010-06-18,132.6048126220703,158.05455017089844,160.90908813476562,157.10000610351562,159.29090881347656,17517863
2010-06-21,137.25732421875,163.60000610351562,165.4545440673828,159.1999969482422,159.8000030517578,28587960
2010-06-22,136.00648498535156,162.1090850830078,164.69090270996094,161.5272674560547,163.09091186523438,18128176
2010-06-23,137.34886169433594,163.70909118652344,164.49090576171875,160.2818145751953,161.1090850830078,17704599
2010-06-24,135.10647583007812,161.03636169433594,164.0,159.66363525390625,163.30909729003906,19182339
2010-06-25,130.6598663330078,155.73635864257812,160.3545379638672,154.8272705078125,160.0,20190291
2010-06-28,132.73446655273438,158.20909118652344,158.53636169433594,154.90908813476562,154.90908813476562,13951817
2010-06-29,129.40142822265625,154.23635864257812,158.20909118652344,153.02728271484375,158.20909118652344,18167385
2010-06-30,131.4454803466797,156.6727294921875,157.154541015625,151.68182373046875,152.0181884765625,22055880
2010-07-01,128.35653686523438,152.99090576171875,155.81817626953125,152.10000610351562,155.35455322265625,18383568
2010-07-02,128.14295959472656,152.73635864257812,154.13636779785156,151.49090576171875,153.18182373046875,17940307
2010-07-05,128.22683715820312,152.83636474609375,153.76364135742188,151.63636779785156,152.36363220214844,8028047
2010-07-06,131.00308227539062,156.14544677734375,156.6727294921875,152.44544982910156,152.63636779785156,12755105
2010-07-07,129.08111572265625,153.8545379638672,156.0181884765625,153.5,155.81817626953125,11463655
2010-07-08,131.5370330810547,156.7818145751953,157.41818237304688,155.46363830566406,156.0,9200433
2010-07-09,133.61158752441406,159.25454711914062,159.81817626953125,157.4545440673828,157.5454559326172,17697773
2010-07-12,136.2886962890625,162.44544982910156,162.72726440429688,159.2818145751953,160.8909149169922,22222106
2010-07-13,137.2039794921875,163.53636169433594,163.81817626953125,156.40908813476562,156.40908813476562,13894930
2010-07-14,135.9530792236328,162.0454559326172,166.26364135742188,161.11817932128906,164.18182373046875,14287663
2010-07-15,134.51919555664062,160.33636474609375,163.79090881347656,159.69090270996094,161.64544677734375,15469250
2010-07-16,137.65394592285156,164.07272338867188,164.5454559326172,161.09091186523438,161.09091186523438,16519811
2010-07-19,137.29544067382812,163.64544677734375,164.42727661132812,161.27272033691406,162.74545288085938,17190327
2010-07-20,135.2819061279297,161.24545288085938,164.74545288085938,160.5454559326172,163.64544677734375,8007180
2010-07-21,137.6844482421875,164.1090850830078,164.5272674560547,161.9363555908203,162.5454559326172,16133474
2010-07-22,138.61495971679688,165.2181854248047,165.4545440673828,161.1272735595703,163.4545440673828,15511622
2010-07-23,139.24801635742188,165.9727325439453,167.41818237304688,164.61817932128906,166.36363220214844,26262956
2010-07-26,139.8352813720703,166.6727294921875,168.4363555908203,165.6727294921875,167.05455017089844,11298100
2010-07-27,140.97933959960938,168.03636169433594,168.63636779785156,163.31817626953125,166.41818237304688,22837809
2010-07-28,138.63784790039062,165.24545288085938,168.27272033691406,164.09091186523438,168.18182373046875,11353760
2010-07-29,141.66580200195312,168.8545379638672,169.4545440673828,163.69090270996094,164.0,27850388
2010-07-30,138.03529357910156,164.5272674560547,169.36363220214844,163.63636779785156,168.5454559326172,13123495
2010-08-02,143.3208770751953,170.8272705078125,171.25454711914062,165.63636779785156,165.81817626953125,35178759
2010-08-03,146.74546813964844,174.90908813476562,175.63636779785156,171.4545440673828,171.70909118652344,36030291
2010-08-04,147.85137939453125,176.22726440429688,176.90908813476562,174.00909423828125,175.10000610351562,24579956
2010-08-05,145.7386932373047,173.70909118652344,176.90908813476562,173.20909118652344,176.90908813476562,16833531
2010-08-06,144.88442993164062,172.69090270996094,175.09091186523438,171.3727264404297,173.63636779785156,19349913
2010-08-09,149.50645446777344,178.1999969482422,178.5454559326172,172.5454559326172,172.5454559326172,26036059
2010-08-10,150.84881591796875,179.8000030517578,180.90908813476562,175.75454711914062,177.66363525390625,32136478
2010-08-11,148.24798583984375,176.6999969482422,181.63636779785156,175.03636169433594,178.1999969482422,24126129
2010-08-12,146.94374084472656,175.14544677734375,179.63636779785156,174.0,175.27272033691406,27957517
2010-08-13,148.9420623779297,177.5272674560547,179.05455017089844,175.14544677734375,176.345458984375,18807717
2010-08-16,145.9980010986328,174.0181884765625,178.36363220214844,173.29090881347656,177.63636779785156,17307295
2010-08-17,146.27255249023438,174.345458984375,176.3272705078125,173.18182373046875,174.09091186523438,17407340
2010-08-18,147.6454315185547,175.9818115234375,177.63636779785156,172.92727661132812,174.90908813476562,18024050
2010-08-19,154.52511596679688,184.18182373046875,184.70909118652344,176.73635864257812,176.73635864257812,31322681
2010-08-20,151.6267852783203,180.72726440429688,183.6272735595703,180.29090881347656,182.8272705078125,13829926
2010-08-23,154.29629516601562,183.90908813476562,184.8545379638672,179.09091186523438,180.63636779785156,21478556
2010-08-24,152.8013916015625,182.1272735595703,186.18182373046875,181.4545440673828,182.90908813476562,20445177
2010-08-25,150.14712524414062,178.96363830566406,182.5181884765625,178.4818115234375,180.59091186523438,21110166
2010-08-26,150.03271484375,178.8272705078125,180.90908813476562,177.4727325439453,179.09091186523438,23825681
2010-08-27,146.05137634277344,174.08181762695312,180.0,173.31817626953125,180.0,15228587
2010-08-30,147.6454315185547,175.9818115234375,178.3545379638672,174.20909118652344,175.8000030517578,9860900
2010-08-31,149.14035034179688,177.76364135742188,178.4545440673828,174.5454559326172,174.90908813476562,16651382
2010-09-01,151.7793426513672,180.90908813476562,182.30909729003906,178.24545288085938,178.24545288085938,23069332
2010-09-02,153.13697814941406,182.5272674560547,183.3272705078125,181.0,182.39999389648438,13626541
2010-09-03,152.69456481933594,182.0,183.6272735595703,180.76364135742188,182.5454559326172,10505940
2010-09-06,158.55982971191406,188.99090576171875,190.5454559326172,182.0,182.0,26211993
2010-09-07,158.43017578125,188.83636474609375,190.75454711914062,187.845458984375,189.09091186523438,20394539
2010-09-08,156.75221252441406,186.83636474609375,189.31817626953125,186.14544677734375,187.2818145751953,14453131
2010-09-09,160.1996612548828,190.94544982910156,191.63636779785156,187.654541015625,188.19090270996094,19452207
2010-09-13,167.4911346435547,199.63636779785156,200.66363525390625,191.83636474609375,192.5454559326172,27495979
2010-09-14,167.819091796875,200.0272674560547,203.0454559326172,198.5454559326172,200.36363220214844,21616595
2010-09-15,168.3911590576172,200.70909118652344,201.8000030517578,199.11817932128906,200.09091186523438,18293869
2010-09-16,168.33775329589844,200.64544677734375,204.36363220214844,199.4545440673828,200.0,24753080
2010-09-17,169.9623565673828,202.58181762695312,204.0,200.90908813476562,200.90908813476562,17280802
2010-09-20,172.029296875,205.0454559326172,206.13636779785156,200.90908813476562,202.72726440429688,17251201
2010-09-21,171.93775939941406,204.9363555908203,205.96363830566406,200.91818237304688,205.09091186523438,26808430
2010-09-22,171.77760314941406,204.74545288085938,206.70909118652344,202.5454559326172,204.44544982910156,24402427
2010-09-23,167.83436584472656,200.0454559326172,208.72726440429688,196.42727661132812,204.36363220214844,11279944
2010-09-24,169.9470672607422,202.56362915039062,203.36363220214844,197.89999389648438,200.0,16652922
2010-09-27,170.099609375,202.74545288085938,205.6090850830078,201.81817626953125,203.19090270996094,16681098
2010-09-28,169.42843627929688,201.94544982910156,202.74545288085938,199.63636779785156,202.18182373046875,19714788
2010-09-29,168.0937042236328,200.3545379638672,203.09091186523438,199.20909118652344,202.74545288085938,13729534
2010-09-30,169.77166748046875,202.3545379638672,203.81817626953125,199.50909423828125,200.0,21504956
2010-10-01,173.1656951904297,206.39999389648438,206.88182067871094,202.90908813476562,203.10000610351562,17485077
2010-10-04,176.36148071289062,210.20909118652344,212.72726440429688,207.4545440673828,207.4545440673828,17268410
2010-10-05,175.072509765625,208.6727294921875,210.69090270996094,207.59091186523438,208.73635864257812,13780156
2010-10-06,175.293701171875,208.9363555908203,211.49090576171875,207.0,211.09091186523438,13735144
2010-10-07,173.5318603515625,206.83636474609375,209.27272033691406,205.8000030517578,208.90908813476562,12894359
2010-10-08,171.79287719726562,204.76364135742188,207.61817932128906,203.31817626953125,207.4545440673828,15274957
2010-10-11,172.76913452148438,205.92727661132812,208.3545379638672,204.3000030517578,205.4545440673828,12662463
2010-10-12,173.6996307373047,207.03636169433594,208.1272735595703,205.345458984375,206.5454559326172,13894050
2010-10-13,176.75047302246094,210.6727294921875,211.7818145751953,206.58181762695312,207.03636169433594,23386759
2010-10-14,173.85215759277344,207.2181854248047,212.58181762695312,204.40908813476562,211.80909729003906,15209738
2010-10-15,171.55636596679688,204.4818115234375,207.81817626953125,203.29090881347656,207.4545440673828,12092877
2010-10-18,170.25979614257812,202.9363555908203,204.36363220214844,198.91818237304688,203.63636779785156,31960313
2010-10-19,170.7784423828125,203.55455017089844,209.8909149169922,202.4545440673828,204.5454559326172,21956495
2010-10-20,169.9165496826172,202.5272674560547,205.10000610351562,201.40908813476562,202.5454559326172,12450344
2010-10-21,172.31150817871094,205.38182067871094,205.79090881347656,200.56362915039062,203.81817626953125,20931966
2010-10-22,172.65472412109375,205.79090881347656,207.09091186523438,203.1090850830078,206.36363220214844,11809754
2010-10-25,174.21824645996094,207.654541015625,210.5272674560547,206.36363220214844,206.90908813476562,13466711
2010-10-26,172.5479278564453,205.66363525390625,207.81817626953125,204.90908813476562,207.63636779785156,12090254
2010-10-27,168.82591247558594,201.22726440429688,205.3272705078125,197.92727661132812,204.9727325439453,19789264
2010-10-28,166.12594604492188,198.00909423828125,203.29090881347656,196.00909423828125,202.63636779785156,50115582
2010-10-29,177.40640258789062,211.4545440673828,214.0,195.27272033691406,199.69090270996094,53175655
2010-11-01,187.93177795410156,224.0,226.18182373046875,215.63636779785156,215.68182373046875,52388754
2010-11-02,187.8326416015625,223.88182067871094,226.6727294921875,219.86363220214844,223.27272033691406,25181574
2010-11-03,188.9462127685547,225.20909118652344,228.14544677734375,224.18182373046875,226.36363220214844,17747581
2010-11-04,193.12582397460938,230.19090270996094,231.00909423828125,225.63636779785156,227.07272338867188,16242809
2010-11-08,191.4860076904297,228.23635864257812,232.36363220214844,226.1727294921875,231.4545440673828,29505399
2010-11-09,193.5987548828125,230.75454711914062,232.3272705078125,226.9363555908203,227.4545440673828,19700472
2010-11-10,191.4707489013672,228.2181854248047,229.9818115234375,227.0272674560547,229.09091186523438,12210517
2010-11-11,188.70977783203125,224.92727661132812,229.9818115234375,224.0181884765625,228.72726440429688,12496528
2010-11-12,183.11911010742188,218.26364135742188,224.5272674560547,217.06362915039062,224.18182373046875,15188365
2010-11-15,186.58941650390625,222.39999389648438,224.8909149169922,217.6999969482422,218.26364135742188,23387001
2010-11-16,183.4012908935547,218.60000610351562,225.5454559326172,217.0181884765625,224.0,21744272
2010-11-18,177.61996459960938,211.70909118652344,219.53636169433594,207.05455017089844,219.4545440673828,39112364
2010-11-19,175.2250518798828,208.8545379638672,212.72726440429688,207.3727264404297,212.16363525390625,17577142
2010-11-22,180.00726318359375,214.55455017089844,216.9363555908203,208.20909118652344,209.61817932128906,17846708
2010-11-23,176.4835205078125,210.3545379638672,213.70909118652344,205.09091186523438,213.09091186523438,20635851
2010-11-24,171.6250457763672,204.56362915039062,213.61817932128906,202.59091186523438,210.90908813476562,27031867
2010-11-25,170.27505493164062,202.9545440673828,210.42727661132812,200.4727325439453,206.5454559326172,41819998
2010-11-26,171.4801483154297,204.3909149169922,209.56362915039062,198.40908813476562,205.27272033691406,30729622
2010-11-29,176.0792999267578,209.8727264404297,211.5,206.06362915039062,206.5454559326172,20550194
2010-11-30,174.21824645996094,207.654541015625,210.30909729003906,205.0272674560547,209.1090850830078,32235126
2010-12-01,178.08518981933594,212.26364135742188,214.18182373046875,208.14544677734375,209.09091186523438,23061665
2010-12-02,181.70046997070312,216.57272338867188,218.5454559326172,214.5454559326172,214.90908813476562,21933323
2010-12-03,180.22079467773438,214.80909729003906,216.49090576171875,212.18182373046875,215.63636779785156,14783175
2010-12-06,175.6063995361328,209.30909729003906,217.30909729003906,207.8545379638672,216.27272033691406,21383741
2010-12-07,169.39793395996094,201.90908813476562,208.8545379638672,200.0,208.8545379638672,34666654
2010-12-08,168.46743774414062,200.8000030517578,202.4545440673828,197.31817626953125,200.90908813476562,23239832
2010-12-09,161.4352264404297,192.41818237304688,203.76364135742188,190.0181884765625,200.73635864257812,46268178
2010-12-10,170.4047393798828,203.1090850830078,204.5454559326172,189.29090881347656,192.18182373046875,37551387
2010-12-13,170.90809631347656,203.70909118652344,204.8272705078125,197.4818115234375,204.72726440429688,20001096
2010-12-14,170.77084350585938,203.5454559326172,206.0,200.6090850830078,204.5272674560547,15565874
2010-12-15,164.5470733642578,196.1272735595703,201.58181762695312,194.74545288085938,200.36363220214844,26295830
2010-12-16,168.6733856201172,201.0454559326172,202.20909118652344,194.1999969482422,197.09091186523438,22559251
2010-12-20,167.8038787841797,200.00909423828125,203.4363555908203,197.8272705078125,199.94544982910156,17667639
2010-12-21,173.64625549316406,206.9727325439453,207.81817626953125,200.36363220214844,200.49090576171875,22757977
2010-12-22,172.6394500732422,205.77272033691406,208.18182373046875,203.654541015625,208.18182373046875,14806913
2010-12-23,172.31912231445312,205.3909149169922,207.27272033691406,204.14544677734375,207.09091186523438,10596553
2010-12-24,170.5648956298828,203.3000030517578,205.07272338867188,202.18182373046875,203.09091186523438,11189920
2010-12-27,171.6936798095703,204.64544677734375,206.5454559326172,203.31817626953125,203.31817626953125,8825591
2010-12-28,169.60385131835938,202.154541015625,204.72726440429688,201.58181762695312,204.72726440429688,8497280
2010-12-29,172.28860473632812,205.3545379638672,205.81817626953125,201.654541015625,202.72726440429688,12598855
2010-12-30,173.41741943359375,206.6999969482422,207.92727661132812,204.1999969482422,204.1999969482422,20579317
2010-12-31,174.67588806152344,208.1999969482422,208.76364135742188,206.36363220214844,206.66363525390625,10779400
2011-01-03,174.63775634765625,208.154541015625,210.61817932128906,207.08181762695312,209.81817626953125,7588053
2011-01-04,168.41403198242188,200.73635864257812,208.94544982910156,199.654541015625,208.30909729003906,22965195
2011-01-05,163.12081909179688,194.42727661132812,199.81817626953125,193.63636779785156,199.49090576171875,29191800
2011-01-06,160.69544982910156,191.53636169433594,196.08181762695312,190.40908813476562,195.31817626953125,26233795
2011-01-07,160.04713439941406,190.76364135742188,195.9818115234375,189.27272033691406,190.0,33983851
2011-01-10,154.67764282226562,184.36363220214844,192.5181884765625,182.74545288085938,189.86363220214844,35807255
2011-01-11,156.04287719726562,185.99090576171875,189.57272338867188,182.31817626953125,184.72726440429688,34005752
2011-01-12,163.1361083984375,194.44544982910156,195.31817626953125,186.24545288085938,187.41818237304688,37752814
2011-01-13,156.50814819335938,186.5454559326172,194.18182373046875,184.72726440429688,194.18182373046875,28324004
2011-01-14,153.9454345703125,183.49090576171875,191.60000610351562,182.72726440429688,187.27272033691406,24588250
2011-01-17,152.7174835205078,182.0272674560547,185.4363555908203,180.5454559326172,183.654541015625,18208866
2011-01-18,154.2886505126953,183.89999389648438,186.18182373046875,181.83636474609375,183.63636779785156,19144675
2011-01-19,156.0886688232422,186.0454559326172,188.18182373046875,184.70909118652344,184.70909118652344,18071174
2011-01-20,160.2530517578125,191.00909423828125,193.90908813476562,182.99090576171875,185.2181854248047,19835882
2011-01-21,162.54119873046875,193.73635864257812,194.38182067871094,188.08181762695312,189.66363525390625,23706760
2011-01-24,165.34033203125,197.07272338867188,198.5272674560547,192.72726440429688,193.63636779785156,47351716
2011-01-25,158.32339477539062,188.70909118652344,198.36363220214844,187.81817626953125,197.81817626953125,38448415
2011-01-27,154.73101806640625,184.42727661132812,190.90908813476562,183.0,190.36363220214844,33297764
2011-01-28,155.35647583007812,185.1727294921875,187.30909729003906,180.59091186523438,185.09091186523438,26788206
2011-01-31,155.83692932128906,185.74545288085938,187.27272033691406,180.2818145751953,181.61817932128906,21694667
2011-02-01,151.7488250732422,180.8727264404297,185.4545440673828,180.0,185.29090881347656,25132965
2011-02-02,154.28103637695312,183.8909149169922,186.154541015625,182.20909118652344,184.5454559326172,17083781
2011-02-03,156.66067504882812,186.72726440429688,188.6727294921875,182.40908813476562,183.63636779785156,16068459
2011-02-04,151.931884765625,181.09091186523438,188.13636779785156,180.03636169433594,185.4545440673828,19283671
2011-02-07,149.30050659179688,177.9545440673828,180.90908813476562,177.154541015625,179.09091186523438,18498540
2011-02-08,145.15142822265625,173.00909423828125,179.27272033691406,172.14544677734375,179.25454711914062,38561842
2011-02-09,145.9903564453125,174.00909423828125,179.25454711914062,170.8727264404297,172.90908813476562,36993066
2011-02-10,146.41749572753906,174.5181884765625,177.22726440429688,173.63636779785156,174.05455017089844,18715125
2011-02-11,152.62591552734375,181.91818237304688,183.27272033691406,174.75454711914062,174.75454711914062,22211942
2011-02-14,157.76661682128906,188.0454559326172,188.79090881347656,183.654541015625,183.654541015625,19183411
2011-02-15,160.80984497070312,191.6727294921875,193.845458984375,188.0,188.0,26982532
2011-02-16,160.26068115234375,191.0181884765625,192.654541015625,189.86363220214844,190.27272033691406,9236227
2011-02-17,161.23695373535156,192.18182373046875,194.5454559326172,188.3909149169922,190.5181884765625,21857841
2011-02-18,156.53868103027344,186.58181762695312,195.09091186523438,185.92727661132812,193.09091186523438,35232444
2011-02-21,158.28529357910156,188.66363525390625,189.41818237304688,182.92727661132812,186.58181762695312,15063350
2011-02-22,156.6759490966797,186.74545288085938,187.81817626953125,184.57272338867188,186.6727294921875,14653699
2011-02-23,153.47256469726562,182.92727661132812,187.23635864257812,182.38182067871094,185.27272033691406,14496949
2011-02-24,145.12088012695312,172.9727325439453,182.5454559326172,171.58181762695312,182.39999389648438,43431096
2011-02-25,150.44461059570312,179.31817626953125,181.19090270996094,175.6727294921875,176.25454711914062,26761487
2011-02-28,148.09544372558594,176.5181884765625,182.99090576171875,174.92727661132812,181.41818237304688,36869228
2011-03-01,156.53868103027344,186.58181762695312,187.27272033691406,177.8727264404297,178.8909149169922,26361698
2011-03-03,155.5242462158203,185.3727264404297,188.30909729003906,181.10000610351562,183.4545440673828,34432750
2011-03-04,155.03610229492188,184.79090881347656,190.26364135742188,183.8909149169922,187.27272033691406,18568319
2011-03-07,154.09033203125,183.66363525390625,184.36363220214844,180.36363220214844,183.22726440429688,17101144
2011-03-08,155.6843719482422,185.56362915039062,186.2818145751953,182.74545288085938,184.5454559326172,15472270
2011-03-09,157.91915893554688,188.22726440429688,189.09091186523438,185.69090270996094,187.2181854248047,17054807
2011-03-10,154.7615203857422,184.46363830566406,186.90908813476562,183.29090881347656,186.90908813476562,10533066
2011-03-11,153.5946044921875,183.07272338867188,186.36363220214844,181.845458984375,183.09091186523438,14535279
2011-03-14,155.45559692382812,185.29090881347656,185.74545288085938,182.89999389648438,183.07272338867188,10378098
2011-03-15,152.02342224121094,181.1999969482422,182.44544982910156,179.22726440429688,180.0,21340874
2011-03-16,156.7293243408203,186.80909729003906,187.9818115234375,182.18182373046875,182.18182373046875,22552920
2011-03-17,154.34963989257812,183.9727325439453,186.8000030517578,182.58181762695312,185.4545440673828,31400270
2011-03-18,152.9310302734375,182.2818145751953,185.81817626953125,181.8272705078125,184.2818145751953,11674993
2011-03-21,153.09124755859375,182.4727325439453,184.154541015625,181.27272033691406,183.61817932128906,10459223
2011-03-22,153.17507934570312,182.57272338867188,184.25454711914062,181.3272705078125,183.26364135742188,18005289
2011-03-23,158.781005859375,189.25454711914062,189.75454711914062,181.68182373046875,182.1272735595703,28313109
2011-03-24,160.6420440673828,191.4727325439453,193.6272735595703,190.26364135742188,190.26364135742188,16644864
2011-03-25,166.43861389160156,198.38182067871094,199.4545440673828,192.57272338867188,194.69090270996094,21900758
2011-03-28,167.9182891845703,200.14544677734375,202.81817626953125,196.00909423828125,196.18182373046875,31802133
2011-03-29,167.71998596191406,199.90908813476562,201.81817626953125,198.72726440429688,200.0,19421473
2011-03-30,169.1843719482422,201.654541015625,202.80909729003906,200.10000610351562,200.90908813476562,14285155
2011-03-31,170.26744079589844,202.94544982910156,205.09091186523438,199.56362915039062,202.2181854248047,39723216
2011-04-01,168.2386474609375,200.5272674560547,203.4545440673828,199.09091186523438,202.69090270996094,17402236
2011-04-04,170.7250518798828,203.49090576171875,204.89999389648438,200.9545440673828,200.9545440673828,16912005
2011-04-05,169.51234436035156,202.0454559326172,205.07272338867188,200.74545288085938,204.5,14686804
2011-04-06,167.87252807617188,200.09091186523438,203.5454559326172,199.27272033691406,201.60000610351562,17832133
2011-04-07,168.4064178466797,200.72726440429688,202.61817932128906,198.8545379638672,200.0,15195235
2011-04-08,167.53692626953125,199.69090270996094,203.4363555908203,198.42727661132812,200.81817626953125,18281763
2011-04-11,167.88778686523438,200.1090850830078,201.5272674560547,197.27272033691406,197.27272033691406,17869494
2011-04-13,171.8920135498047,204.88182067871094,205.4545440673828,197.49090576171875,198.8727264404297,27268070
2011-04-15,168.05557250976562,200.30909729003906,207.09091186523438,199.68182373046875,203.6272735595703,32808215
2011-04-18,165.37083435058594,197.1090850830078,203.154541015625,196.64544677734375,200.38182067871094,32784537
2011-04-19,166.27845764160156,198.19090270996094,198.81817626953125,194.90908813476562,197.09091186523438,19193520
2011-04-20,169.68014526367188,202.24545288085938,202.5272674560547,199.09091186523438,200.6727294921875,13743636
2011-04-21,170.6182861328125,203.36363220214844,204.3545379638672,202.09091186523438,203.94544982910156,13116108
2011-04-25,169.72592163085938,202.3000030517578,204.79090881347656,201.654541015625,202.63636779785156,15140691
2011-04-26,171.0682830810547,203.89999389648438,204.61817932128906,199.66363525390625,203.36363220214844,22127270
2011-04-27,168.84117126464844,201.24545288085938,205.18182373046875,200.36363220214844,205.08181762695312,24888902
2011-04-28,170.46575927734375,203.18182373046875,205.08181762695312,197.27272033691406,203.27272033691406,63212490
2011-04-29,170.00050354003906,202.6272735595703,205.09091186523438,200.56362915039062,202.90908813476562,26534112
2011-05-02,167.53692626953125,199.69090270996094,203.3272705078125,198.9818115234375,202.50909423828125,12139336
2011-05-03,162.88438415527344,194.14544677734375,201.44544982910156,192.07272338867188,199.27272033691406,34744754
2011-05-04,161.3361053466797,192.3000030517578,194.90908813476562,189.60000610351562,192.68182373046875,23253048
2011-05-05,157.11831665039062,187.27272033691406,194.05455017089844,185.63636779785156,192.18182373046875,26183866
2011-05-06,165.3250732421875,197.05455017089844,197.94544982910156,187.73635864257812,187.81817626953125,31367308
2011-05-09,165.20303344726562,196.90908813476562,198.8000030517578,193.86363220214844,198.8000030517578,11077110
2011-05-10,164.16574096679688,195.6727294921875,197.27272033691406,193.86363220214844,196.5454559326172,11888525
2011-05-11,164.2419891357422,195.76364135742188,196.6727294921875,192.90908813476562,196.0,11803324
2011-05-12,160.49708557128906,191.3000030517578,196.1727294921875,190.90908813476562,194.5454559326172,12828887
2011-05-13,163.68527221679688,195.10000610351562,199.345458984375,190.05455017089844,191.81817626953125,23128644
2011-05-16,161.35134887695312,192.31817626953125,193.96363830566406,191.81817626953125,193.36363220214844,10263132
2011-05-17,158.6055908203125,189.0454559326172,193.22726440429688,186.0,192.36363220214844,19981456
2011-05-18,157.4615478515625,187.68182373046875,191.22726440429688,186.3727264404297,190.0,17008519
2011-05-19,157.13357543945312,187.29090881347656,189.81817626953125,186.13636779785156,189.81817626953125,9594981
2011-05-20,159.13186645507812,189.6727294921875,191.654541015625,186.36363220214844,188.72726440429688,14523778
2011-05-23,153.5946044921875,183.07272338867188,188.5272674560547,182.36363220214844,188.5272674560547,20182530
2011-05-24,155.40985107421875,185.23635864257812,187.44544982910156,183.29090881347656,183.29090881347656,14121596
2011-05-25,153.87681579589844,183.40908813476562,185.63636779785156,182.4363555908203,185.63636779785156,22213400
2011-05-26,156.5462646484375,186.59091186523438,187.63636779785156,184.345458984375,185.1999969482422,24824552
2011-05-27,162.9377899169922,194.20909118652344,195.2181854248047,187.30909729003906,187.31817626953125,21147302
2011-05-30,164.39453125,195.94544982910156,196.9727325439453,194.56362915039062,194.90908813476562,12552633
2011-05-31,165.67593383789062,197.4727325439453,199.05455017089844,195.1090850830078,196.50909423828125,12853775
2011-06-01,165.46237182617188,197.2181854248047,197.90908813476562,194.3727264404297,197.05455017089844,14988578
2011-06-02,162.0934600830078,190.70909118652344,193.09091186523438,189.5272674560547,193.03636169433594,16240906
2011-06-03,161.86163330078125,190.4363555908203,194.18182373046875,189.29090881347656,191.81817626953125,12010872
2011-06-06,163.50746154785156,192.3727264404297,193.4545440673828,188.27272033691406,189.09091186523438,8044250
2011-06-07,163.21383666992188,192.0272674560547,193.40908813476562,190.91818237304688,190.96363830566406,7526590
2011-06-08,162.11663818359375,190.73635864257812,193.16363525390625,189.09091186523438,190.9363555908203,7484163
2011-06-09,161.95437622070312,190.5454559326172,192.16363525390625,189.5454559326172,190.0,11750871
2011-06-10,160.08448791503906,188.345458984375,190.90908813476562,186.654541015625,190.90908813476562,11831715
2011-06-13,160.6562957763672,189.0181884765625,190.18182373046875,186.89999389648438,187.30909729003906,10309585
2011-06-14,163.12112426757812,191.91818237304688,192.26364135742188,189.27272033691406,189.27272033691406,13611840
2011-06-15,159.35043334960938,187.4818115234375,191.60000610351562,186.76364135742188,191.09091186523438,10068916
2011-06-16,158.94091796875,187.0,189.8000030517578,185.1090850830078,185.4545440673828,17063546
2011-06-17,159.51271057128906,187.6727294921875,189.07272338867188,186.19090270996094,189.07272338867188,8868018
2011-06-20,158.3768310546875,186.33636474609375,189.41818237304688,183.63636779785156,187.4363555908203,17278728
2011-06-21,156.7001190185547,184.36363220214844,188.72726440429688,182.4363555908203,186.6727294921875,25492472
2011-06-22,157.4573211669922,185.25454711914062,186.8000030517578,183.63636779785156,186.24545288085938,15268286
2011-06-23,159.20362854003906,187.30909729003906,188.3545379638672,184.42727661132812,184.72726440429688,16378895
2011-06-24,164.44241333007812,193.4727325439453,194.345458984375,188.18182373046875,188.1999969482422,30416006
2011-06-27,166.8068389892578,196.25454711914062,197.22726440429688,190.39999389648438,191.70909118652344,31891365
2011-06-28,167.40951538085938,196.96363830566406,198.5454559326172,195.154541015625,196.36363220214844,18590737
2011-06-29,168.01992797851562,197.68182373046875,199.03636169433594,197.0,198.16363525390625,23534104
2011-06-30,169.16351318359375,199.0272674560547,199.90908813476562,195.81817626953125,198.36363220214844,30256534
2011-07-01,169.1944122314453,199.06362915039062,202.06362915039062,197.83636474609375,202.06362915039062,15351198
2011-07-04,169.95167541503906,199.9545440673828,202.14544677734375,199.13636779785156,201.81817626953125,9907144
2011-07-05,169.5730438232422,199.50909423828125,200.33636474609375,197.8272705078125,200.33636474609375,11382959
2011-07-06,166.1964111328125,195.53636169433594,200.0,194.83636474609375,198.60000610351562,13279783
2011-07-07,168.4217529296875,198.154541015625,198.94544982910156,193.3000030517578,196.25454711914062,21552668
2011-07-08,163.83973693847656,192.76364135742188,199.06362915039062,192.13636779785156,198.3909149169922,22574838
2011-07-11,162.88160705566406,191.63636779785156,192.72726440429688,190.26364135742188,192.72726440429688,11887007
2011-07-12,161.74574279785156,190.3000030517578,193.7181854248047,188.56362915039062,189.4545440673828,14191237
2011-07-13,162.88160705566406,191.63636779785156,192.7818145751953,190.24545288085938,190.90908813476562,7449898
2011-07-14,165.20738220214844,194.3727264404297,197.09091186523438,190.2181854248047,190.8909149169922,13062016
2011-07-15,163.90928649902344,192.845458984375,195.27272033691406,192.27272033691406,193.63636779785156,8569632
2011-07-18,161.89256286621094,190.4727325439453,192.63636779785156,189.4363555908203,192.18182373046875,8912761
2011-07-19,164.08700561523438,193.05455017089844,194.5272674560547,189.29090881347656,190.1727294921875,9965032
2011-07-20,161.54486083984375,190.06362915039062,194.36363220214844,189.50909423828125,193.81817626953125,9530686
2011-07-21,160.87265014648438,189.27272033691406,191.66363525390625,188.59091186523438,189.4545440673828,7679364
2011-07-22,165.05284118652344,194.19090270996094,194.5454559326172,190.26364135742188,190.5454559326172,14966286
2011-07-25,166.1037139892578,195.42727661132812,197.09091186523438,192.09091186523438,194.16363525390625,11831814
2011-07-26,160.64852905273438,189.00909423828125,196.30909729003906,187.77272033691406,195.6272735595703,23305628
2011-07-27,158.38455200195312,186.345458984375,190.2181854248047,185.20909118652344,189.3545379638672,14696011
2011-07-28,157.23330688476562,184.99090576171875,188.27272033691406,183.63636779785156,184.0181884765625,21029090
2011-07-29,160.21585083007812,188.5,191.09091186523438,182.4727325439453,183.81817626953125,35954077
2011-08-01,161.54486083984375,190.06362915039062,192.6727294921875,188.8545379638672,191.41818237304688,11485974
2011-08-02,157.8900604248047,185.76364135742188,189.33636474609375,185.1090850830078,189.07272338867188,16090563
2011-08-03,154.83798217773438,182.1727294921875,184.08181762695312,180.06362915039062,184.08181762695312,21226898
2011-08-04,153.47802734375,180.57272338867188,184.5454559326172,180.0,183.36363220214844,14940392
2011-08-05,149.35963439941406,175.72726440429688,178.1272735595703,172.72726440429688,176.36363220214844,25544739
2011-08-08,146.9488983154297,172.8909149169922,177.27272033691406,169.70909118652344,170.91818237304688,18978404
2011-08-09,145.28758239746094,170.9363555908203,175.92727661132812,165.53636169433594,166.36363220214844,29403467
2011-08-10,148.92694091796875,175.2181854248047,176.58181762695312,174.1272735595703,175.26364135742188,18588124
2011-08-11,145.65850830078125,171.3727264404297,176.33636474609375,170.90908813476562,174.27272033691406,21163912
2011-08-12,145.2566680908203,170.89999389648438,175.4545440673828,169.46363830566406,174.41818237304688,26148012
2011-08-16,144.58445739746094,170.1090850830078,175.58181762695312,169.57272338867188,174.92727661132812,16205882
2011-08-17,140.597412109375,165.41818237304688,171.27272033691406,164.845458984375,169.63636779785156,32595326
2011-08-18,133.4887237548828,157.05455017089844,166.36363220214844,156.60000610351562,166.36363220214844,43620357
2011-08-19,128.59764099121094,151.3000030517578,155.1727294921875,149.6999969482422,153.63636779785156,47374162
2011-08-22,131.51065063476562,154.72726440429688,155.91818237304688,150.08181762695312,151.81817626953125,20057889
2011-08-23,131.6883544921875,154.9363555908203,156.96363830566406,151.2181854248047,155.81817626953125,25564489
2011-08-24,130.15072631835938,153.1272735595703,156.1727294921875,151.61817932128906,153.63636779785156,16749628
2011-08-25,128.8603515625,151.6090850830078,155.27272033691406,150.4545440673828,154.5272674560547,31804679
2011-08-26,126.75865936279297,149.13636779785156,152.14544677734375,147.9818115234375,151.3727264404297,19450365
2011-08-29,132.60015869140625,156.00909423828125,157.03636169433594,151.81817626953125,151.81817626953125,16352996
2011-08-30,134.94908142089844,158.77272033691406,161.23635864257812,156.36363220214844,158.18182373046875,19674077
2011-09-02,137.09719848632812,161.3000030517578,163.58181762695312,159.3000030517578,162.09091186523438,38295103
2011-09-05,136.4867706298828,160.58181762695312,161.6727294921875,157.345458984375,159.4545440673828,18440438
2011-09-06,137.4216766357422,161.68182373046875,162.9545440673828,155.50909423828125,159.09091186523438,28641646
2011-09-07,138.67344665527344,163.154541015625,164.8272705078125,161.83636474609375,162.5454559326172,18460090
2011-09-08,142.0114288330078,167.08181762695312,168.72726440429688,160.72726440429688,163.9818115234375,23734656
2011-09-09,138.5884246826172,163.05455017089844,168.31817626953125,162.49090576171875,168.31817626953125,17818630
2011-09-12,133.26461791992188,156.79090881347656,160.72726440429688,155.154541015625,160.05455017089844,20189950
2011-09-13,131.72698974609375,154.9818115234375,160.06362915039062,153.09091186523438,158.63636779785156,14670975
2011-09-14,133.52737426757812,157.10000610351562,157.93637084960938,152.73635864257812,155.79090881347656,22201311
2011-09-15,135.4049835205078,159.30909729003906,160.4363555908203,154.70909118652344,159.09091186523438,15777349
2011-09-16,136.5948944091797,160.70909118652344,162.7181854248047,158.36363220214844,162.0,34330356
2011-09-19,132.82421875,156.27272033691406,159.58181762695312,155.63636779785156,159.58181762695312,11492277
2011-09-20,136.35537719726562,160.42727661132812,161.41818237304688,156.38182067871094,156.77272033691406,14962002
2011-09-21,139.26840209960938,163.8545379638672,164.50909423828125,159.4727325439453,161.25454711914062,17767211
2011-09-22,133.26461791992188,156.79090881347656,160.654541015625,155.22726440429688,160.0181884765625,16171727
2011-09-23,130.39027404785156,153.40908813476562,157.4363555908203,152.42727661132812,154.23635864257812,16569982
2011-09-26,132.60015869140625,156.00909423828125,159.00909423828125,151.4545440673828,153.4545440673828,22269373
2011-09-27,136.92718505859375,161.10000610351562,163.154541015625,158.845458984375,159.0,16565763
2011-09-28,134.2537078857422,157.9545440673828,162.18182373046875,155.92727661132812,161.90908813476562,17561780
2011-09-29,137.64578247070312,161.94544982910156,162.8545379638672,156.0181884765625,156.75454711914062,25041192
2011-09-30,135.28135681152344,159.16363525390625,161.6727294921875,157.4545440673828,161.6727294921875,20190109
2011-10-03,129.67166137695312,152.56362915039062,156.36363220214844,152.00909423828125,156.36363220214844,14760988
2011-10-04,123.776123046875,145.6272735595703,153.5454559326172,143.845458984375,151.63636779785156,32054121
2011-10-05,120.42268371582031,141.68182373046875,146.18182373046875,138.4363555908203,145.63636779785156,46823914
2011-10-07,127.40771484375,149.89999389648438,151.1999969482422,148.18182373046875,148.56362915039062,34183363
2011-10-10,130.2202911376953,153.20909118652344,154.14544677734375,148.3909149169922,149.9818115234375,17562314
2011-10-11,128.65174865722656,151.36363220214844,156.5454559326172,150.74545288085938,154.90908813476562,16706844
2011-10-12,132.85511779785156,156.30909729003906,156.9727325439453,151.59091186523438,152.72726440429688,22795839
2011-10-13,135.9690399169922,159.9727325439453,161.60000610351562,157.4545440673828,159.18182373046875,32000985
2011-10-14,137.59942626953125,161.8909149169922,163.63636779785156,158.56362915039062,159.4545440673828,18327496
2011-10-17,138.90528869628906,163.42727661132812,164.1999969482422,161.29090881347656,162.72726440429688,14377132
2011-10-18,135.4513702392578,159.36363220214844,161.46363830566406,157.46363830566406,161.4545440673828,14456079
2011-10-19,139.7242889404297,164.3909149169922,165.07272338867188,161.4545440673828,161.4545440673828,14040647
2011-10-20,135.69085693359375,159.64544677734375,161.26364135742188,158.20909118652344,160.97271728515625,14801732
2011-10-21,134.5318603515625,158.2818145751953,160.60000610351562,157.55455017089844,160.0,10742424
2011-10-24,134.20730590820312,157.89999389648438,163.18182373046875,156.55455017089844,160.8727264404297,17946791
2011-10-25,135.74493408203125,159.70909118652344,162.16363525390625,155.0272674560547,159.81817626953125,41863701
2011-10-28,144.23675537109375,169.6999969482422,170.0,165.72726440429688,165.75454711914062,37484238
2011-10-31,143.89675903320312,169.3000030517578,173.3909149169922,167.55455017089844,170.0,29742339
2011-11-01,138.3102569580078,162.72726440429688,167.90908813476562,162.27272033691406,166.89999389648438,29988117
2011-11-02,136.764892578125,160.90908813476562,164.3545379638672,156.2181854248047,161.03636169433594,24366930
2011-11-03,135.69085693359375,159.64544677734375,162.1090850830078,158.00909423828125,160.0,26032380
2011-11-04,136.65672302246094,160.7818145751953,162.18182373046875,159.86363220214844,161.74545288085938,17798830
2011-11-08,136.193115234375,160.23635864257812,161.27272033691406,158.3000030517578,160.81817626953125,14542528
2011-11-09,133.23373413085938,156.75454711914062,161.6999969482422,155.8727264404297,161.22726440429688,30353092
2011-11-11,126.87455749511719,149.27272033691406,155.81817626953125,148.49090576171875,155.68182373046875,45793786
2011-11-14,126.87455749511719,149.27272033691406,152.6272735595703,147.9545440673828,152.345458984375,29633483
2011-11-15,122.06074523925781,143.6090850830078,149.6272735595703,142.31817626953125,148.90908813476562,24873563
2011-11-16,121.90621948242188,143.42727661132812,145.63636779785156,140.654541015625,143.09091186523438,28535793
2011-11-17,120.26041412353516,141.49090576171875,145.24545288085938,140.76364135742188,143.72726440429688,23036904
2011-11-18,119.00868225097656,140.0181884765625,140.59091186523438,136.0,140.0,28100193
2011-11-21,113.05899810791016,133.0181884765625,139.27272033691406,131.9818115234375,138.70909118652344,26758259
2011-11-22,115.19930267333984,135.53636169433594,136.72726440429688,133.49090576171875,134.55455017089844,38140432
2011-11-23,112.30176544189453,132.1272735595703,134.5454559326172,129.09091186523438,134.53636169433594,35767616
2011-11-24,112.82717895507812,132.74545288085938,133.81817626953125,130.72726440429688,132.0,29724508
2011-11-25,110.98820495605469,130.58181762695312,133.57272338867188,129.57272338867188,131.8727264404297,27487955
2011-11-28,115.87928009033203,136.33636474609375,137.0454559326172,132.3727264404297,132.72726440429688,31005744
2011-11-29,113.4221420288086,133.44544982910156,137.4545440673828,131.3909149169922,136.4545440673828,47558362
2011-11-30,110.09960174560547,129.53636169433594,133.5,128.16363525390625,131.63636779785156,175381222
2011-12-01,117.78008270263672,138.57272338867188,141.09091186523438,136.92727661132812,137.09091186523438,56778700
2011-12-02,121.72850799560547,143.2181854248047,144.0,137.83636474609375,139.14544677734375,38640305
2011-12-05,120.46903228759766,141.73635864257812,143.69090270996094,140.30909729003906,142.90908813476562,25876042
2011-12-07,118.66094207763672,139.6090850830078,142.8909149169922,139.0181884765625,142.5454559326172,35551543
2011-12-08,115.02159881591797,135.3272705078125,139.20909118652344,134.3727264404297,137.90908813476562,39494048
2011-12-09,112.98946380615234,132.9363555908203,134.89999389648438,131.29090881347656,132.90908813476562,41202469
2011-12-12,109.27284240722656,128.56362915039062,135.27272033691406,128.0181884765625,135.27272033691406,31186853
2011-12-13,109.17239379882812,128.44544982910156,129.5454559326172,125.48181915283203,127.2727279663086,32788915
2011-12-14,108.8555908203125,128.07272338867188,130.36363220214844,126.07272338867188,127.2727279663086,45207921
2011-12-15,107.95928192138672,127.01818084716797,128.345458984375,125.28181457519531,126.90908813476562,27702009
2011-12-16,104.46675109863281,122.90908813476562,130.0,120.88182067871094,127.12727355957031,42420169
2011-12-19,101.56147003173828,119.49090576171875,122.18181610107422,116.54545593261719,122.18181610107422,34087234
2011-12-20,100.97422790527344,118.80000305175781,122.0,117.84545135498047,120.36363220214844,25864234
2011-12-21,108.53878784179688,127.69999694824219,128.90908813476562,122.11817932128906,122.89090728759766,43980706
2011-12-22,112.52584075927734,132.3909149169922,134.72726440429688,124.29090881347656,125.45454406738281,48452464
2011-12-23,111.53679656982422,131.22726440429688,133.5272674560547,129.8727264404297,132.4363555908203,30488474
2011-12-26,112.74990844726562,132.654541015625,133.58181762695312,130.73635864257812,131.09091186523438,14152754
2011-12-27,112.20903778076172,132.0181884765625,133.4545440673828,131.154541015625,132.1999969482422,18044147
2011-12-28,107.76611328125,126.79090881347656,131.05455017089844,126.24545288085938,131.03636169433594,20522848
2011-12-29,106.00437927246094,124.71817779541016,127.45454406738281,123.12727355957031,125.70909118652344,26730649
2011-12-30,105.80349731445312,124.48181915283203,127.23636627197266,123.74545288085938,125.51818084716797,14003913
2012-01-02,107.64249420166016,126.64545440673828,127.18181610107422,124.56363677978516,125.48181915283203,14927627
2012-01-03,112.16268157958984,131.96363830566406,132.5454559326172,128.18182373046875,128.18182373046875,18500311
2012-01-04,114.83613586425781,135.1090850830078,136.18182373046875,132.8000030517578,133.345458984375,32952243
2012-01-05,115.60885620117188,136.0181884765625,137.60000610351562,134.36363220214844,135.4545440673828,23203350
2012-01-06,116.1651840209961,136.6727294921875,138.72726440429688,132.36363220214844,134.90908813476562,22273933
2012-01-09,115.56248474121094,135.96363830566406,137.27272033691406,132.90908813476562,135.63636779785156,18357806
2012-01-10,119.68860626220703,140.81817626953125,141.63636779785156,136.3727264404297,136.49090576171875,22240036
2012-01-11,120.5617446899414,141.845458984375,143.63636779785156,140.57272338867188,141.4727325439453,27287084
2012-01-12,120.7549057006836,142.07272338867188,144.8727264404297,140.74545288085938,141.8000030517578,27573436
2012-01-13,121.99893188476562,143.53636169433594,147.2181854248047,141.96363830566406,143.23635864257812,32983258
2012-01-16,122.33119201660156,143.92727661132812,144.8000030517578,141.3272705078125,142.18182373046875,27942612
2012-01-17,121.39623260498047,142.8272705078125,146.25454711914062,142.4363555908203,145.4545440673828,23766616
2012-01-18,118.9391098022461,139.9363555908203,142.1727294921875,138.5454559326172,141.7818145751953,24342285
2012-01-19,123.19659423828125,144.94544982910156,145.8000030517578,141.90908813476562,141.90908813476562,24162462
2012-01-20,130.18939208984375,153.1727294921875,154.83636474609375,148.0,148.0,53063989
2012-01-23,132.39926147460938,155.77272033691406,158.4727325439453,153.27272033691406,153.27272033691406,25234418
2012-01-24,137.23626708984375,161.46363830566406,162.72726440429688,154.00909423828125,156.36363220214844,46604728
2012-01-25,135.99993896484375,160.00909423828125,162.72726440429688,158.05455017089844,162.14544677734375,31109006
2012-01-27,137.2207794189453,161.44544982910156,161.90908813476562,157.11817932128906,161.4545440673828,25271570
2012-01-30,131.6960906982422,154.94544982910156,160.22726440429688,154.18182373046875,159.4545440673828,24137976
2012-01-31,139.4152069091797,164.0272674560547,164.88182067871094,156.1727294921875,156.31817626953125,56490241
2012-02-01,137.52215576171875,161.8000030517578,165.5181884765625,159.63636779785156,165.09091186523438,43818566
2012-02-02,139.44610595703125,164.06362915039062,165.7818145751953,159.86363220214844,163.4545440673828,46734902
2012-02-03,141.60189819335938,166.60000610351562,167.0454559326172,162.1999969482422,164.36363220214844,27169367
2012-02-06,143.41769409179688,168.73635864257812,170.33636474609375,167.14544677734375,168.18182373046875,32126297
2012-02-07,144.91671752929688,170.5,172.03636169433594,168.36363220214844,170.8545379638672,21908854
2012-02-08,142.2432403564453,167.3545379638672,169.06362915039062,165.654541015625,168.70909118652344,123255759
2012-02-09,145.23350524902344,170.8727264404297,171.77272033691406,166.0272674560547,166.56362915039062,31702544
2012-02-10,143.78860473632812,169.1727294921875,170.72726440429688,166.60000610351562,169.63636779785156,21887888
2012-02-13,144.43763732910156,169.9363555908203,171.96363830566406,167.09091186523438,168.90908813476562,26742848
2012-02-14,145.83619689941406,171.58181762695312,172.72726440429688,168.49090576171875,168.5454559326172,21797572
2012-02-15,151.62362670898438,178.3909149169922,179.44544982910156,173.1090850830078,173.1090850830078,30846134
2012-02-16,149.71507263183594,176.14544677734375,178.5272674560547,174.72726440429688,178.36363220214844,17470497
2012-02-17,151.6931610107422,178.4727325439453,181.3272705078125,177.36363220214844,179.05455017089844,23888958
2012-02-21,153.19212341308594,180.23635864257812,181.60000610351562,177.4545440673828,177.63636779785156,17884201
2012-02-22,147.9997100830078,174.1272735595703,180.0,172.9545440673828,180.0,26260360
2012-02-23,145.8748321533203,171.6272735595703,174.38182067871094,169.4727325439453,173.09091186523438,31112955
2012-02-24,143.9740447998047,169.3909149169922,171.61817932128906,166.92727661132812,171.1272735595703,24143553
2012-02-27,137.1435089111328,161.3545379638672,169.5272674560547,160.30909729003906,169.5272674560547,27078117
2012-02-28,140.75196838378906,165.60000610351562,167.23635864257812,162.76364135742188,162.90908813476562,27126286
2012-02-29,140.05654907226562,164.7818145751953,167.6272735595703,163.154541015625,166.36363220214844,27450786
2012-03-01,136.53309631347656,160.63636779785156,164.09091186523438,158.1999969482422,164.09091186523438,22889075
2012-03-02,139.50022888183594,164.1272735595703,166.31817626953125,159.09091186523438,162.0,23122115
2012-03-05,134.50096130371094,158.24545288085938,163.05455017089844,157.91818237304688,163.05455017089844,22522533
2012-03-06,131.8583984375,155.13636779785156,162.0,154.5454559326172,158.18182373046875,43440551
2012-03-07,132.92466735839844,156.3909149169922,157.8000030517578,153.3545379638672,154.72726440429688,33588164
2012-03-09,141.27735900878906,166.2181854248047,166.74545288085938,159.26364135742188,159.44544982910156,33285477
2012-03-12,143.5567626953125,168.89999389648438,171.63636779785156,167.10000610351562,171.63636779785156,30684005
2012-03-13,143.6958770751953,169.06362915039062,171.49090576171875,168.654541015625,170.05455017089844,15392685
2012-03-14,147.41249084472656,173.4363555908203,174.1090850830078,171.75454711914062,172.14544677734375,28866101
2012-03-15,143.74998474121094,169.1272735595703,173.92727661132812,167.92727661132812,173.63636779785156,17542272
2012-03-16,141.81822204589844,166.8545379638672,173.4363555908203,165.53636169433594,170.18182373046875,26255856
2012-03-19,140.30380249023438,165.07272338867188,169.19090270996094,162.74545288085938,168.5454559326172,17366497
2012-03-20,140.41197204589844,165.1999969482422,167.63636779785156,163.64544677734375,165.40908813476562,15039469
2012-03-21,144.34494018554688,169.8272705078125,170.8727264404297,163.13636779785156,164.0181884765625,19473910
2012-03-22,139.0288543701172,163.57272338867188,170.8727264404297,162.38182067871094,170.19090270996094,20007922
2012-03-23,140.7133331298828,165.55455017089844,167.8909149169922,163.1090850830078,164.8727264404297,18745826
2012-03-26,134.8332061767578,158.63636779785156,164.5454559326172,157.4727325439453,164.30909729003906,21647994
2012-03-27,135.6676788330078,159.61817932128906,161.5181884765625,154.90908813476562,161.27272033691406,45526915
2012-03-28,132.80104064941406,156.24545288085938,159.0454559326172,155.03636169433594,159.0454559326172,37140526
2012-03-29,132.24472045898438,155.59091186523438,158.24545288085938,154.0272674560547,154.72726440429688,46255594
2012-03-30,137.56849670410156,161.8545379638672,162.58181762695312,156.91818237304688,157.09091186523438,32431927
2012-04-02,137.60714721679688,161.89999389648438,162.40908813476562,160.19090270996094,161.41818237304688,11001446
2012-04-03,140.3501739501953,165.1272735595703,167.05455017089844,163.27272033691406,163.81817626953125,17691256
2012-04-04,137.5762176513672,161.86363220214844,163.79090881347656,160.07272338867188,163.4545440673828,14909625
2012-04-09,133.99095153808594,157.64544677734375,159.69090270996094,157.0454559326172,159.51817321777344,11466477
2012-04-10,133.4887237548828,157.05455017089844,159.0181884765625,155.46363830566406,158.33636474609375,20557586
2012-04-11,133.6278076171875,157.2181854248047,159.09091186523438,154.72726440429688,155.4727325439453,32322361
2012-04-12,135.89178466796875,159.88182067871094,160.8909149169922,158.1999969482422,158.3909149169922,17417158
2012-04-13,133.67416381835938,157.27272033691406,163.7818145751953,154.63636779785156,160.90908813476562,24283341
2012-04-16,135.00320434570312,158.83636474609375,159.35455322265625,156.02728271484375,156.02728271484375,20013075
2012-04-17,136.83447265625,160.99090576171875,162.3545379638672,155.0,160.18182373046875,39678342
2012-04-18,136.1853790283203,160.22726440429688,163.4363555908203,159.41818237304688,162.3727264404297,19053287
2012-04-19,135.6599884033203,159.6090850830078,160.66363525390625,157.49090576171875,160.36363220214844,16033732
2012-04-20,133.06375122070312,156.55455017089844,159.81817626953125,155.5454559326172,158.72726440429688,16000858
2012-04-23,130.4134521484375,153.4363555908203,157.90908813476562,152.0181884765625,154.5454559326172,17939993
2012-04-24,131.0161590576172,154.14544677734375,155.1727294921875,152.41818237304688,154.5454559326172,17862146
2012-04-25,129.5634765625,152.4363555908203,155.5454559326172,150.40908813476562,153.64544677734375,29238880
2012-04-26,130.03485107421875,152.99090576171875,153.75454711914062,151.90908813476562,152.75454711914062,24080837
2012-04-27,133.03282165527344,156.5181884765625,159.09091186523438,152.91818237304688,153.72726440429688,80624329
2012-04-30,136.35537719726562,160.42727661132812,161.63636779785156,158.27272033691406,158.27272033691406,28953732
2012-05-02,136.3090057373047,160.3727264404297,162.72726440429688,159.41818237304688,161.05455017089844,21254607
2012-05-03,132.5228729248047,155.91818237304688,159.94544982910156,154.73635864257812,159.1090850830078,25787019
2012-05-04,128.78311157226562,151.5181884765625,155.11817932128906,148.22726440429688,154.59091186523438,30391718
2012-05-07,131.08567810058594,154.22726440429688,155.27272033691406,144.90908813476562,149.0454559326172,36282735
2012-05-08,128.28857421875,150.9363555908203,155.27272033691406,150.18182373046875,154.81817626953125,21579195
2012-05-09,127.02136993408203,149.44544982910156,150.5454559326172,147.2818145751953,149.4545440673828,28400064
2012-05-10,125.81599426269531,148.0272674560547,152.09091186523438,146.64544677734375,149.81817626953125,20493286
2012-05-11,125.66915893554688,147.8545379638672,149.63636779785156,146.1090850830078,147.09091186523438,15680747
2012-05-14,123.73745727539062,145.58181762695312,150.8909149169922,144.74545288085938,148.18182373046875,25823094
2012-05-15,126.23326873779297,148.5181884765625,149.36363220214844,143.81817626953125,144.39999389648438,19189131
2012-05-16,122.76388549804688,144.4363555908203,145.845458984375,141.81817626953125,145.27272033691406,25680253
2012-05-17,121.68987274169922,143.1727294921875,146.69090270996094,141.92727661132812,145.07272338867188,17934966
2012-05-18,124.4328842163086,146.39999389648438,147.27272033691406,139.6999969482422,140.02728271484375,24381560
2012-05-21,125.3446273803711,147.4727325439453,148.8727264404297,144.92727661132812,144.92727661132812,17162794
2012-05-22,123.75293731689453,145.60000610351562,149.9727325439453,145.16363525390625,149.10000610351562,22998915
2012-05-23,122.59390258789062,144.23635864257812,146.33636474609375,143.6727294921875,144.18182373046875,14613428
2012-05-24,126.81275939941406,149.1999969482422,150.18182373046875,143.96363830566406,145.63636779785156,16923032
2012-05-25,125.8855209350586,148.1090850830078,149.8909149169922,146.40908813476562,148.72726440429688,19192052
2012-05-28,128.94532775878906,151.70909118652344,152.1090850830078,148.5454559326172,148.57272338867188,15097219
2012-05-29,129.60987854003906,152.49090576171875,153.44544982910156,151.63636779785156,152.27272033691406,14274419
2012-05-30,126.29505157470703,148.59091186523438,152.26364135742188,147.83636474609375,151.61817932128906,18202316
2012-05-31,123.5349349975586,142.40908813476562,145.22726440429688,142.0,145.22726440429688,39922690
2012-06-01,123.29046630859375,142.1272735595703,144.69090270996094,141.61817932128906,142.5454559326172,22170296
2012-06-04,124.41818237304688,143.42727661132812,144.5272674560547,139.5272674560547,139.99090576171875,19790419
2012-06-05,124.9228744506836,144.00909423828125,146.09091186523438,143.1272735595703,144.8545379638672,20350445
2012-06-06,127.50162506103516,146.9818115234375,147.40908813476562,144.8000030517578,144.90908813476562,28167216
2012-06-07,130.91627502441406,150.91818237304688,152.27272033691406,148.18182373046875,148.72726440429688,25033805
2012-06-08,130.77432250976562,150.75454711914062,151.94544982910156,147.81817626953125,151.94544982910156,18841009
2012-06-11,130.39581298828125,150.31817626953125,154.27272033691406,149.63636779785156,152.4727325439453,18055312
2012-06-12,132.33578491210938,152.55455017089844,153.0,148.19090270996094,148.5,17886242
2012-06-13,133.96029663085938,154.42727661132812,155.94544982910156,151.845458984375,152.49090576171875,25697248
2012-06-14,129.14981079101562,148.88182067871094,154.36363220214844,148.36363220214844,154.0,19523289
2012-06-15,133.38458251953125,153.76364135742188,155.55455017089844,149.66363525390625,149.74545288085938,21824440
2012-06-18,128.78704833984375,148.46363830566406,157.1272735595703,147.30909729003906,156.0,26764353
2012-06-19,130.40367126464844,150.3272705078125,150.7818145751953,146.90908813476562,147.81817626953125,16859507
2012-06-20,131.3815460205078,151.4545440673828,152.61817932128906,150.3272705078125,150.77272033691406,12698994
2012-06-21,134.00758361816406,154.4818115234375,155.27272033691406,150.50909423828125,151.27272033691406,19538656
2012-06-22,134.33091735839844,154.8545379638672,155.27272033691406,151.4545440673828,152.53636169433594,16548279
2012-06-25,133.5738525390625,153.9818115234375,158.30909729003906,153.27272033691406,155.61817932128906,17258890
2012-06-26,133.13226318359375,153.4727325439453,154.6727294921875,152.42727661132812,153.18182373046875,12241757
2012-06-27,134.45709228515625,155.0,156.79090881347656,154.41818237304688,154.55455017089844,16390385
2012-06-28,135.15896606445312,155.80909729003906,158.18182373046875,155.0,156.38182067871094,21821090
2012-06-29,141.8699951171875,163.5454559326172,164.53636169433594,158.18182373046875,158.18182373046875,26272482
2012-07-02,141.06561279296875,162.61817932128906,164.36363220214844,160.74545288085938,163.81817626953125,25763358
2012-07-03,142.20120239257812,163.92727661132812,165.6090850830078,163.27272033691406,163.61817932128906,17527620
2012-07-04,142.39047241210938,164.14544677734375,165.8727264404297,162.99090576171875,165.27272033691406,19609062
2012-07-05,145.2373046875,167.42727661132812,167.9818115234375,162.5454559326172,163.97271728515625,20610463
2012-07-06,147.48483276367188,170.0181884765625,170.5454559326172,165.70909118652344,167.42727661132812,27997271
2012-07-09,146.6804962158203,169.09091186523438,171.41818237304688,168.0181884765625,169.0,26408041
2012-07-10,148.71507263183594,171.4363555908203,171.81817626953125,169.345458984375,170.0,25745714
2012-07-11,147.7135772705078,170.2818145751953,170.90908813476562,169.18182373046875,170.18182373046875,20032639
2012-07-12,146.34136962890625,168.6999969482422,170.0,167.654541015625,168.81817626953125,17641354
2012-07-13,146.0574493408203,168.3727264404297,170.27272033691406,167.86363220214844,169.07272338867188,11895856
2012-07-16,145.11904907226562,167.29090881347656,170.0,166.7181854248047,169.09091186523438,11950724
2012-07-17,145.5606689453125,167.8000030517578,169.4545440673828,166.9818115234375,168.8727264404297,12351042
2012-07-18,148.13150024414062,170.76364135742188,171.27272033691406,167.845458984375,167.845458984375,19347801
2012-07-19,149.96897888183594,172.88182067871094,173.9818115234375,171.91818237304688,172.18182373046875,17223024
2012-07-20,147.4927520751953,170.0272674560547,174.0,169.49090576171875,173.72726440429688,19528844
2012-07-23,143.99920654296875,166.0,169.03636169433594,165.38182067871094,168.90908813476562,17632895
2012-07-24,144.52760314941406,166.6090850830078,167.59091186523438,165.4545440673828,166.18182373046875,11203478
2012-07-25,144.77996826171875,166.89999389648438,167.70909118652344,164.9727325439453,166.5272674560547,11564822
2012-07-26,143.01348876953125,164.86363220214844,168.18182373046875,163.81817626953125,167.99090576171875,34698053
2012-07-27,146.4044647216797,168.77272033691406,172.5272674560547,167.64544677734375,169.4545440673828,38883861
2012-07-30,152.1218719482422,175.36363220214844,176.29090881347656,171.4545440673828,171.4545440673828,40639208
2012-07-31,151.6329345703125,174.8000030517578,176.9545440673828,172.81817626953125,176.63636779785156,32326305
2012-08-01,151.34902954101562,174.4727325439453,175.4545440673828,173.09091186523438,173.09091186523438,16975645
2012-08-02,151.23863220214844,174.345458984375,175.18182373046875,173.46363830566406,174.16363525390625,13503539
2012-08-03,148.2498321533203,170.89999389648438,173.09091186523438,169.5454559326172,172.72726440429688,20106465
2012-08-06,150.46578979492188,173.4545440673828,174.5454559326172,172.76364135742188,173.1727294921875,18837725
2012-08-07,153.66751098632812,177.14544677734375,177.6272735595703,173.55455017089844,174.5454559326172,21468397
2012-08-08,151.1361083984375,174.22726440429688,178.18182373046875,173.8272705078125,177.81817626953125,18885493
2012-08-09,150.25286865234375,173.20909118652344,177.09091186523438,172.5181884765625,175.29090881347656,20166140
2012-08-10,150.5840606689453,173.59091186523438,174.8545379638672,170.0,174.0,24225063
2012-08-13,149.66929626464844,172.53636169433594,173.5454559326172,170.2181854248047,172.90908813476562,19828479
2012-08-14,152.95777893066406,176.3272705078125,176.99090576171875,172.74545288085938,173.1272735595703,12958462
2012-08-16,150.84432983398438,173.8909149169922,177.41818237304688,173.2818145751953,176.61817932128906,14593001
2012-08-17,151.75119018554688,174.9363555908203,176.18182373046875,173.13636779785156,174.1272735595703,16247143
2012-08-21,153.80947875976562,177.30909729003906,178.0,174.3000030517578,175.63636779785156,11457798
2012-08-22,153.59654235839844,177.06362915039062,178.6727294921875,175.7818145751953,176.03636169433594,11877387
2012-08-23,153.59654235839844,177.06362915039062,179.8000030517578,176.19090270996094,177.6999969482422,22625014
2012-08-24,150.52099609375,173.5181884765625,176.63636779785156,173.1272735595703,176.16363525390625,14489772
2012-08-27,147.50848388671875,170.0454559326172,174.14544677734375,169.5454559326172,174.14544677734375,13891509
2012-08-28,145.4739227294922,167.6999969482422,170.8545379638672,167.0181884765625,170.36363220214844,19070854
2012-08-29,144.5354461669922,166.61817932128906,169.42727661132812,166.23635864257812,168.22726440429688,13951624
2012-08-30,145.09539794921875,167.26364135742188,171.40908813476562,164.5454559326172,165.94544982910156,30491835
2012-08-31,142.2879638671875,164.0272674560547,167.74545288085938,162.73635864257812,166.46363830566406,19478376
2012-09-03,142.39047241210938,164.14544677734375,166.50909423828125,162.845458984375,164.58181762695312,13718111
2012-09-04,143.9440155029297,165.9363555908203,166.3272705078125,162.27272033691406,164.14544677734375,14125210
2012-09-05,138.7391815185547,159.9363555908203,165.3272705078125,159.3909149169922,164.83636474609375,33446655
2012-09-06,141.3889617919922,162.99090576171875,164.07272338867188,161.10000610351562,162.0,15364459
2012-09-07,147.9185791015625,170.51817321777344,171.09091186523438,166.72726440429688,166.88182067871094,25978452
2012-09-10,147.3586883544922,169.8727264404297,171.9818115234375,168.26364135742188,171.3909149169922,13318657
2012-09-11,149.17247009277344,171.96363830566406,172.70909118652344,168.72726440429688,169.1999969482422,13007412
2012-09-12,149.6929168701172,172.56362915039062,174.50909423828125,171.18182373046875,172.8909149169922,17858472
2012-09-13,151.3253631591797,174.44544982910156,175.4545440673828,173.63636779785156,173.7818145751953,20175160
2012-09-14,158.9827117919922,183.27272033691406,191.8909149169922,179.1090850830078,179.59091186523438,45380571
2012-09-17,167.28672790527344,192.845458984375,194.49090576171875,187.27272033691406,187.27272033691406,42722014
2012-09-18,165.45716857910156,190.73635864257812,192.0,189.33636474609375,190.89999389648438,15733366
2012-09-20,161.27755737304688,185.91818237304688,189.4363555908203,185.33636474609375,187.4545440673828,16886831
2012-09-21,168.0516815185547,193.72726440429688,197.5,187.1999969482422,187.27272033691406,32631197
2012-09-24,168.9112548828125,194.7181854248047,197.61817932128906,192.46363830566406,193.72726440429688,26437147
2012-09-25,168.27247619628906,193.9818115234375,196.59091186523438,193.42727661132812,195.39999389648438,20529877
2012-09-26,168.0516815185547,193.72726440429688,194.74545288085938,191.58181762695312,193.20909118652344,16583418
2012-09-27,166.4508056640625,191.88182067871094,194.90908813476562,191.20909118652344,194.36363220214844,25812880
2012-09-28,166.99496459960938,192.50909423828125,195.1999969482422,191.6090850830078,193.27272033691406,22840686
2012-10-01,165.7095184326172,191.0272674560547,192.8909149169922,190.18182373046875,192.72726440429688,11890164
2012-10-03,166.08013916015625,191.4545440673828,193.27272033691406,190.22726440429688,191.30909729003906,14719534
2012-10-04,170.87486267089844,196.9818115234375,198.8909149169922,192.22726440429688,192.22726440429688,26381146
2012-10-05,168.24095153808594,193.94544982910156,200.0,157.59091186523438,200.0,24384492
2012-10-08,165.95399475097656,191.30909729003906,194.5454559326172,190.77272033691406,194.5454559326172,12172028
2012-10-09,167.8387451171875,193.4818115234375,195.20909118652344,192.3727264404297,192.72726440429688,11088011
2012-10-10,166.2694091796875,191.6727294921875,192.6727294921875,190.66363525390625,192.0454559326172,10838525
2012-10-11,166.8608856201172,192.3545379638672,194.14544677734375,190.58181762695312,192.72726440429688,23597805
2012-10-12,164.77896118164062,189.9545440673828,193.25454711914062,189.654541015625,192.8909149169922,11267652
2012-10-15,166.14321899414062,191.5272674560547,191.92727661132812,187.63636779785156,190.0181884765625,9156532
2012-10-16,164.5423583984375,189.68182373046875,193.26364135742188,189.1090850830078,192.90908813476562,10115490
2012-10-17,165.53602600097656,190.8272705078125,191.76364135742188,189.4727325439453,191.5,8096214
2012-10-18,167.9649200439453,193.6272735595703,193.96363830566406,191.29090881347656,191.86363220214844,24908741
2012-10-19,166.7583465576172,192.23635864257812,195.63636779785156,190.92727661132812,192.90908813476562,14180017
2012-10-22,169.6446533203125,195.56362915039062,196.53636169433594,190.90908813476562,191.41818237304688,25355198
2012-10-23,170.25189208984375,196.26364135742188,197.79090881347656,194.8727264404297,196.14544677734375,12511774
2012-10-25,171.46630859375,197.66363525390625,198.5272674560547,194.56362915039062,194.56362915039062,22144919
2012-10-29,168.51695251464844,194.26364135742188,197.16363525390625,193.3272705078125,195.81817626953125,12828508
2012-10-30,164.84207153320312,190.0272674560547,197.69090270996094,187.75454711914062,194.90908813476562,22333806
2012-10-31,165.63853454589844,190.94544982910156,191.8000030517578,188.31817626953125,190.18182373046875,11476465
2012-11-01,166.76626586914062,192.24545288085938,192.90908813476562,190.05455017089844,191.27272033691406,7583587
2012-11-02,170.28343200683594,196.3000030517578,196.79090881347656,193.74545288085938,194.90908813476562,11431942
2012-11-05,169.9679718017578,195.9363555908203,196.5272674560547,194.08181762695312,195.63636779785156,6995868
2012-11-06,170.44903564453125,196.49090576171875,197.72726440429688,194.2181854248047,194.81817626953125,9482401
2012-11-07,172.38108825683594,198.7181854248047,199.9545440673828,196.3727264404297,197.4727325439453,14058995
2012-11-08,169.70774841308594,195.63636779785156,196.8909149169922,194.76364135742188,196.36363220214844,8693828
2012-11-09,167.05801391601562,192.58181762695312,196.0,191.72726440429688,195.69090270996094,8468267
2012-11-12,166.93185424804688,192.4363555908203,194.70909118652344,191.4818115234375,193.0,11718536
2012-11-15,166.34039306640625,191.75454711914062,192.24545288085938,189.7181854248047,191.7818145751953,9099585
2012-11-16,162.02671813964844,186.7818145751953,191.2818145751953,185.81817626953125,190.4727325439453,13092530
2012-11-19,161.05674743652344,185.66363525390625,187.8909149169922,184.76364135742188,186.92727661132812,9793987
2012-11-20,161.5220489501953,186.1999969482422,188.0272674560547,184.5454559326172,187.41818237304688,8967777
2012-11-21,164.73162841796875,189.89999389648438,190.36363220214844,186.64544677734375,187.27272033691406,9800725
2012-11-22,162.8626708984375,187.74545288085938,191.63636779785156,187.27272033691406,190.09091186523438,15855147
2012-11-23,161.6797637939453,186.38182067871094,188.89999389648438,185.49090576171875,188.654541015625,12372706
2012-11-26,160.6072235107422,185.14544677734375,188.18182373046875,184.5454559326172,188.18182373046875,11108696
2012-11-27,163.0992431640625,188.0181884765625,188.59091186523438,186.40908813476562,187.345458984375,30901959
2012-11-29,170.6146240234375,196.68182373046875,197.4545440673828,190.11817932128906,190.90908813476562,50446946
2012-11-30,173.4693603515625,199.9727325439453,200.89999389648438,198.30909729003906,200.0,22979440
2012-12-03,173.85577392578125,200.41818237304688,202.4818115234375,198.76364135742188,199.09091186523438,17887342
2012-12-04,176.54490661621094,203.5181884765625,204.1090850830078,199.19090270996094,200.36363220214844,16095821
2012-12-05,176.61593627929688,203.60000610351562,205.09091186523438,201.4818115234375,203.9818115234375,11804232
2012-12-06,179.12368774414062,206.49090576171875,207.81817626953125,200.36363220214844,205.81817626953125,15910317
2012-12-07,178.49281311035156,205.76364135742188,208.08181762695312,204.0272674560547,207.3272705078125,16483456
2012-12-10,176.8761749267578,203.89999389648438,207.33636474609375,203.30909729003906,207.27272033691406,11639776
2012-12-11,177.06539916992188,204.11817932128906,209.0,201.5272674560547,204.53636169433594,19806627
2012-12-12,175.57496643066406,202.39999389648438,205.96363830566406,201.154541015625,205.154541015625,16439901
2012-12-13,176.8446044921875,203.86363220214844,206.08181762695312,202.81817626953125,203.63636779785156,15190774
2012-12-14,179.1789093017578,206.55455017089844,207.1727294921875,202.4363555908203,202.90908813476562,15357897
2012-12-17,180.44854736328125,208.0181884765625,208.90908813476562,205.5,205.5,9314893
2012-12-18,181.2134552001953,208.89999389648438,209.70909118652344,203.41818237304688,208.5454559326172,15076039
2012-12-19,179.604736328125,207.0454559326172,210.66363525390625,206.00909423828125,210.0181884765625,9690604
2012-12-20,179.74668884277344,207.20909118652344,208.18182373046875,205.4727325439453,208.14544677734375,12803494
2012-12-21,177.26255798339844,204.345458984375,207.09091186523438,203.1272735595703,206.16363525390625,11991144
2012-12-24,176.88404846191406,203.90908813476562,205.4545440673828,202.58181762695312,205.39999389648438,7691233
2012-12-26,181.16616821289062,208.845458984375,209.09091186523438,203.81817626953125,204.72726440429688,7557676
2012-12-27,179.24195861816406,206.6272735595703,209.7818145751953,205.90908813476562,209.5,16870650
2012-12-28,180.04637145996094,207.55455017089844,208.4545440673828,205.41818237304688,207.74545288085938,7501631
2012-12-31,179.52586364746094,206.9545440673828,207.9818115234375,206.2181854248047,207.5454559326172,5533500
2013-01-01,182.71185302734375,210.6272735595703,211.26364135742188,207.83636474609375,208.4363555908203,7229216
2013-01-02,185.1643829345703,213.4545440673828,214.0,211.81817626953125,212.72726440429688,10345197
2013-01-03,184.85684204101562,213.10000610351562,214.18182373046875,211.8727264404297,214.00909423828125,9034338
2013-01-04,186.48927307128906,214.9818115234375,215.4363555908203,211.8272705078125,213.25454711914062,12765126
2013-01-07,186.44981384277344,214.9363555908203,216.0,214.0,216.0,9683993
2013-01-08,186.03976440429688,214.46363830566406,214.90908813476562,212.77272033691406,214.3909149169922,8639152
2013-01-09,186.18170166015625,214.6272735595703,215.9818115234375,213.39999389648438,214.22726440429688,19800115
2013-01-10,186.0318603515625,214.4545440673828,216.0,211.13636779785156,215.68182373046875,12068754
2013-01-11,183.51620483398438,211.55455017089844,215.345458984375,210.74545288085938,215.27272033691406,9227372
2013-01-14,186.92298889160156,215.4818115234375,216.72726440429688,211.81817626953125,211.81817626953125,14894011
2013-01-15,189.9512481689453,218.9727325439453,220.20909118652344,213.4727325439453,215.1272735595703,17996797
2013-01-16,186.08705139160156,214.5181884765625,219.4545440673828,213.8909149169922,218.9727325439453,18080590
2013-01-17,183.35060119628906,211.36363220214844,215.8545379638672,210.58181762695312,214.0454559326172,13615173
2013-01-18,185.51136779785156,213.8545379638672,215.6727294921875,211.90908813476562,211.90908813476562,18630606
2013-01-21,185.7242889404297,214.10000610351562,214.99090576171875,211.81817626953125,214.5454559326172,9208034
2013-01-22,184.5571746826172,212.75454711914062,217.24545288085938,211.63636779785156,213.8545379638672,10433076
2013-01-23,186.2684326171875,214.72726440429688,216.72726440429688,211.1999969482422,213.63636779785156,7832247
2013-01-24,183.666015625,211.72726440429688,215.75454711914062,210.4727325439453,214.5181884765625,12884718
2013-01-25,184.99879455566406,213.26364135742188,214.5454559326172,211.56362915039062,212.76364135742188,8369614
2013-01-28,187.72735595703125,216.40908813476562,217.16363525390625,213.11817932128906,213.38182067871094,15775364
2013-01-29,189.45443725585938,218.39999389648438,223.27272033691406,214.90908813476562,217.42727661132812,27676544
2013-01-30,191.26817321777344,220.49090576171875,222.2818145751953,218.88182067871094,219.09091186523438,16929517
2013-01-31,187.86927795410156,216.57272338867188,224.0,215.69090270996094,219.4545440673828,38534611
2013-02-01,184.71487426757812,212.9363555908203,218.7818145751953,212.3000030517578,217.09091186523438,13833055
2013-02-04,186.38671875,214.86363220214844,218.69090270996094,214.18182373046875,215.27272033691406,21575075
2013-02-05,183.91050720214844,212.00909423828125,214.41818237304688,211.2818145751953,212.0,12408572
2013-02-06,182.2071533203125,210.0454559326172,213.27272033691406,209.23635864257812,213.27272033691406,10558658
2013-02-07,180.5668487548828,208.154541015625,212.1727294921875,206.64544677734375,209.5181884765625,16021500
2013-02-08,178.24832153320312,205.4818115234375,209.0454559326172,204.50909423828125,208.3727264404297,13064034
2013-02-11,177.0733184814453,204.1272735595703,206.24545288085938,203.10000610351562,205.8727264404297,12921150
2013-02-12,178.0432891845703,205.24545288085938,206.18182373046875,202.56362915039062,203.90908813476562,14740935
2013-02-13,180.21192932128906,207.74545288085938,208.4363555908203,205.70909118652344,206.72726440429688,18682229
2013-02-14,177.62535095214844,204.76364135742188,209.05455017089844,203.74545288085938,208.72726440429688,11742126
2013-02-15,176.9392547607422,203.9727325439453,205.63636779785156,202.0181884765625,204.72726440429688,10179257
2013-02-18,176.96292114257812,204.0,205.4545440673828,203.5454559326172,204.4363555908203,8438243
2013-02-19,178.44549560546875,205.70909118652344,206.18182373046875,202.654541015625,204.22726440429688,9649772
2013-02-20,176.89190673828125,203.91818237304688,206.88182067871094,203.39999389648438,206.5454559326172,8424042
2013-02-21,170.2755126953125,196.29090881347656,202.6090850830078,195.63636779785156,202.22726440429688,18339766
2013-02-22,172.31800842285156,198.64544677734375,199.81817626953125,195.8272705078125,195.8272705078125,12275747
2013-02-25,172.53094482421875,198.8909149169922,200.33636474609375,196.58181762695312,199.81817626953125,13709701
2013-02-26,167.81509399414062,193.4545440673828,197.9727325439453,191.3727264404297,197.81817626953125,11043499
2013-02-27,170.83543395996094,196.9363555908203,197.99090576171875,194.36363220214844,194.46363830566406,14729671
2013-02-28,164.09286499023438,189.16363525390625,199.05455017089844,187.27272033691406,198.5454559326172,37422676
2013-03-01,166.60850524902344,192.06362915039062,194.00909423828125,190.46363830566406,191.90908813476562,19070529
2013-03-04,166.97128295898438,192.4818115234375,194.5181884765625,190.30909729003906,191.72726440429688,16475178
2013-03-05,172.48365783691406,198.83636474609375,199.74545288085938,193.88182067871094,194.5454559326172,21050260
2013-03-06,174.80999755859375,201.5181884765625,201.81817626953125,199.27272033691406,201.59091186523438,19993539
2013-03-07,176.19796752929688,203.11817932128906,204.03636169433594,199.63636779785156,200.38182067871094,13692519
2013-03-08,179.6914825439453,207.14544677734375,207.7818145751953,203.49090576171875,203.49090576171875,15786001
2013-03-11,178.53224182128906,205.80909729003906,209.345458984375,204.90908813476562,208.30909729003906,16292661
2013-03-12,177.1363983154297,204.1999969482422,206.8727264404297,202.72726440429688,205.4545440673828,13388914
2013-03-13,171.2376251220703,197.39999389648438,202.6727294921875,196.8545379638672,202.5272674560547,14724347
2013-03-14,175.1727752685547,201.9363555908203,202.90908813476562,192.72726440429688,197.63636779785156,32873681
2013-03-15,168.36712646484375,194.09091186523438,200.5272674560547,192.0,200.1999969482422,39011340
2013-03-18,165.82777404785156,191.16363525390625,191.94544982910156,188.26364135742188,191.09091186523438,23564761
2013-03-19,162.8626708984375,187.74545288085938,194.8909149169922,185.654541015625,193.81817626953125,34783644
2013-03-20,157.96542358398438,182.10000610351562,188.13636779785156,181.19090270996094,187.4545440673828,18850507
2013-03-21,163.29635620117188,188.24545288085938,192.59091186523438,183.845458984375,184.29090881347656,36062972
2013-03-22,162.1923828125,186.9727325439453,190.72726440429688,185.0,189.63636779785156,20358745
2013-03-25,159.70822143554688,184.1090850830078,190.66363525390625,183.42727661132812,189.154541015625,15002658
2013-03-26,161.01730346679688,185.61817932128906,186.72726440429688,182.20909118652344,182.42727661132812,14911814
2013-03-28,164.84991455078125,190.03636169433594,192.06362915039062,182.92727661132812,186.3727264404297,30690621
2013-04-01,165.8514404296875,191.19090270996094,192.72726440429688,188.81817626953125,192.18182373046875,11418841
2013-04-02,165.1180877685547,190.345458984375,191.64544677734375,188.9363555908203,191.39999389648438,8498853
2013-04-03,162.67340087890625,187.5272674560547,193.22726440429688,186.41818237304688,190.73635864257812,14162923
2013-04-04,159.10888671875,183.41818237304688,186.0,182.29090881347656,185.22726440429688,18866171
2013-04-05,157.42918395996094,181.4818115234375,183.41818237304688,179.09091186523438,183.41818237304688,28818724
2013-04-08,156.0017852783203,179.83636474609375,182.74545288085938,179.50909423828125,180.8545379638672,12105428
2013-04-09,156.151611328125,180.00909423828125,185.40908813476562,178.76364135742188,181.19090270996094,20901188
2013-04-10,158.39913940429688,182.60000610351562,183.14544677734375,178.49090576171875,181.3727264404297,22694012
2013-04-11,164.0613250732422,189.1272735595703,190.72726440429688,186.22726440429688,186.345458984375,30178714
2013-04-12,164.87356567382812,190.06362915039062,191.07272338867188,186.60000610351562,187.4727325439453,11153571
2013-04-15,165.1496124267578,190.38182067871094,194.345458984375,187.5454559326172,188.63636779785156,20935975
2013-04-16,170.16514587402344,196.16363525390625,197.27272033691406,189.8909149169922,190.0,31681606
2013-04-17,173.1223907470703,199.57272338867188,202.10000610351562,196.56362915039062,196.56362915039062,26780105
2013-04-18,177.06539916992188,204.11817932128906,204.94544982910156,196.72726440429688,196.72726440429688,20986465
2013-04-22,181.13461303710938,208.80909729003906,210.8545379638672,202.99090576171875,204.58181762695312,19837163
2013-04-23,183.16131591796875,211.14544677734375,211.8000030517578,204.4818115234375,209.09091186523438,22457715
2013-04-25,185.6927490234375,214.06362915039062,216.0,211.27272033691406,212.74545288085938,34175350
2013-04-26,180.51162719726562,208.09091186523438,216.14544677734375,204.5454559326172,213.18182373046875,38868885
2013-04-29,181.88380432128906,209.6727294921875,210.90908813476562,206.09091186523438,209.1090850830078,12108723
2013-04-30,183.53195190429688,211.57272338867188,213.09091186523438,207.654541015625,210.4545440673828,16337541
2013-05-02,184.80162048339844,213.03636169433594,215.81817626953125,210.90908813476562,210.94544982910156,15253199
2013-05-03,178.216796875,205.44544982910156,212.72726440429688,203.9818115234375,212.3000030517578,21828449
2013-05-06,180.21983337402344,207.75454711914062,208.90908813476562,201.68182373046875,205.0,13608061
2013-05-07,183.5792999267578,211.6272735595703,213.09091186523438,207.63636779785156,207.81817626953125,16100205
2013-05-08,182.63294982910156,210.53636169433594,213.7818145751953,208.29090881347656,212.72726440429688,13112506
2013-05-09,181.7970428466797,209.57272338867188,211.845458984375,207.96363830566406,210.90908813476562,8672928
2013-05-10,183.80014038085938,211.88182067871094,212.70909118652344,209.154541015625,209.63636779785156,10691846
2013-05-13,181.1898193359375,208.8727264404297,213.90908813476562,208.22726440429688,211.09091186523438,10484056
2013-05-14,180.9768829345703,208.6272735595703,212.10000610351562,207.61817932128906,209.63636779785156,11398414
2013-05-15,187.8850860595703,216.59091186523438,217.96363830566406,209.4545440673828,209.6272735595703,19773429
2013-05-16,190.44805908203125,219.5454559326172,221.63636779785156,215.41818237304688,215.4545440673828,16552888
2013-05-17,194.0677490234375,223.7181854248047,224.8909149169922,218.73635864257812,219.1090850830078,15429496
2013-05-20,190.810791015625,219.96363830566406,224.4363555908203,218.83636474609375,223.44544982910156,15072865
2013-05-21,191.00009155273438,220.18182373046875,224.76364135742188,218.58181762695312,219.96363830566406,13731074
2013-05-22,190.85812377929688,220.0181884765625,223.09091186523438,218.99090576171875,220.90908813476562,14560749
2013-05-23,184.8962860107422,213.14544677734375,219.345458984375,211.31817626953125,218.18182373046875,18462532
2013-05-24,189.919677734375,218.9363555908203,220.1272735595703,214.1272735595703,215.70909118652344,14106999
2013-05-27,192.3249053955078,221.70909118652344,222.72726440429688,217.23635864257812,218.90908813476562,13687630
2013-05-28,194.30430603027344,223.99090576171875,225.16363525390625,221.8000030517578,222.4545440673828,14966160
2013-05-29,191.61517333984375,220.8909149169922,224.09091186523438,219.654541015625,223.63636779785156,11424242
2013-05-30,189.67481994628906,215.05455017089844,217.7181854248047,213.13636779785156,217.27272033691406,23897703
2013-05-31,185.12857055664062,209.89999389648438,216.14544677734375,208.72726440429688,214.72726440429688,18191398
2013-06-03,183.63723754882812,208.20909118652344,210.5454559326172,206.3000030517578,209.09091186523438,13596192
2013-06-04,182.52273559570312,206.94544982910156,212.0272674560547,206.30909729003906,209.09091186523438,12805567
2013-06-05,181.91334533691406,206.25454711914062,208.13636779785156,203.63636779785156,207.25454711914062,14967551
2013-06-06,185.1526336669922,209.92727661132812,211.41818237304688,204.19090270996094,205.09091186523438,10282987
2013-06-07,183.08399963378906,207.58181762695312,210.50909423828125,207.03636169433594,208.5454559326172,13126982
2013-06-10,179.2513427734375,203.23635864257812,210.50909423828125,201.654541015625,208.36363220214844,16822921
2013-06-11,172.6284637451172,195.72726440429688,202.3545379638672,195.14544677734375,201.27272033691406,31926708
2013-06-12,173.39019775390625,196.59091186523438,198.0,194.3272705078125,194.59091186523438,17971541
2013-06-13,171.40167236328125,194.33636474609375,196.9818115234375,193.81817626953125,194.5454559326172,14672218
2013-06-14,176.7417449951172,200.3909149169922,200.80909729003906,195.4545440673828,197.61817932128906,19640098
2013-06-17,176.6294708251953,200.26364135742188,201.06362915039062,196.38182067871094,200.0,14558142
2013-06-18,174.94564819335938,198.3545379638672,199.89999389648438,197.2818145751953,199.4363555908203,10463062
2013-06-19,174.26416015625,197.58181762695312,198.36363220214844,196.0,197.60000610351562,7688026
2013-06-20,167.7615509033203,190.20909118652344,194.18182373046875,188.49090576171875,194.18182373046875,26143441
2013-06-21,167.55303955078125,189.9727325439453,190.90908813476562,186.57272338867188,188.39999389648438,22564300
2013-06-24,168.24256896972656,190.75454711914062,191.63636779785156,187.13636779785156,188.4545440673828,22071538
2013-06-25,165.62872314453125,187.79090881347656,192.09091186523438,186.9363555908203,191.81817626953125,28836703
2013-06-26,164.5542755126953,186.57272338867188,190.3272705078125,185.69090270996094,189.05455017089844,22165990
2013-06-27,165.25990295410156,187.3727264404297,189.81817626953125,186.39999389648438,189.27272033691406,34649395
2013-06-28,171.70639038085938,194.68182373046875,195.66363525390625,189.81817626953125,190.5454559326172,26626495
2013-07-01,171.2493438720703,194.16363525390625,195.24545288085938,192.5454559326172,193.20909118652344,11799568
2013-07-02,173.04541015625,196.1999969482422,197.09091186523438,194.3000030517578,194.654541015625,15842376
2013-07-03,170.62393188476562,193.4545440673828,194.8545379638672,192.03636169433594,193.0181884765625,18527223
2013-07-04,170.57582092285156,193.39999389648438,194.50909423828125,190.2181854248047,193.4545440673828,16176704
2013-07-05,168.62745666503906,191.19090270996094,195.81817626953125,190.73635864257812,195.27272033691406,15904383
2013-07-08,164.8429412841797,186.89999389648438,188.8909149169922,185.654541015625,188.09091186523438,19362282
2013-07-09,165.86923217773438,188.06362915039062,189.4545440673828,186.4727325439453,188.90908813476562,21259342
2013-07-10,166.54275512695312,188.8272705078125,190.90908813476562,188.18182373046875,188.53636169433594,11910833
2013-07-11,169.6537628173828,192.3545379638672,195.20909118652344,190.89999389648438,192.22726440429688,11951973
2013-07-12,170.04666137695312,192.8000030517578,194.27272033691406,191.18182373046875,194.1999969482422,10987867
2013-07-15,170.15087890625,192.91818237304688,193.5272674560547,191.0181884765625,192.0,10010192
2013-07-16,160.91409301757812,182.44544982910156,188.36363220214844,181.29090881347656,188.18182373046875,35235590
2013-07-17,157.1937255859375,178.22726440429688,183.9363555908203,176.0272674560547,183.4363555908203,33010593
2013-07-18,157.8672637939453,178.99090576171875,180.2818145751953,173.345458984375,178.18182373046875,40802025
2013-07-19,153.8341827392578,174.41818237304688,179.76364135742188,173.50909423828125,178.90908813476562,29801794
2013-07-22,156.26365661621094,177.1727294921875,177.7181854248047,173.8909149169922,174.5454559326172,14668846
2013-07-23,158.70111083984375,179.9363555908203,180.75454711914062,178.68182373046875,180.0,19862078
2013-07-24,152.6314697265625,173.05455017089844,176.72726440429688,171.40908813476562,176.72726440429688,25522145
2013-07-25,149.913330078125,169.9727325439453,173.08181762695312,168.6999969482422,171.09091186523438,29546368
2013-07-26,149.38412475585938,169.3727264404297,173.03636169433594,167.154541015625,171.64544677734375,24788945
2013-07-29,148.91107177734375,168.83636474609375,171.07272338867188,167.83636474609375,169.2181854248047,17053421
2013-07-30,148.50216674804688,168.3727264404297,171.6999969482422,167.81817626953125,169.31817626953125,23377365
2013-07-31,145.77603149414062,165.2818145751953,168.18182373046875,162.1999969482422,168.18182373046875,42761911
2013-08-01,146.6018829345703,166.2181854248047,168.5454559326172,162.18182373046875,168.5454559326172,29563572
2013-08-02,142.25611877441406,161.29090881347656,167.24545288085938,160.76364135742188,166.90908813476562,32469283
2013-08-05,144.7176513671875,164.08181762695312,165.36363220214844,157.79090881347656,161.99090576171875,13765306
2013-08-06,138.92860412597656,157.5181884765625,162.90908813476562,156.83636474609375,162.90908813476562,24008127
2013-08-07,139.23329162597656,157.86363220214844,159.94544982910156,156.4545440673828,157.81817626953125,24653909
2013-08-08,140.32376098632812,159.10000610351562,160.77272033691406,156.77272033691406,158.18182373046875,23881990
2013-08-12,139.04086303710938,157.64544677734375,162.06362915039062,156.654541015625,160.81817626953125,31439567
2013-08-13,143.1300811767578,162.2818145751953,163.20909118652344,154.74545288085938,156.0181884765625,22996369
2013-08-14,145.2789306640625,164.7181854248047,166.1727294921875,161.19090270996094,162.72726440429688,24325284
2013-08-16,137.68582153320312,156.1090850830078,162.9818115234375,155.63636779785156,162.5454559326172,34698262
2013-08-19,130.75022888183594,148.24545288085938,156.654541015625,147.27272033691406,156.654541015625,32644062
2013-08-20,133.1636505126953,150.9818115234375,151.79090881347656,143.4363555908203,144.89999389648438,36937593
2013-08-21,133.02734375,150.8272705078125,160.00909423828125,146.13636779785156,157.8727264404297,63672988
2013-08-22,133.27590942382812,151.1090850830078,151.91818237304688,145.81817626953125,150.36363220214844,41854169
2013-08-23,136.79583740234375,155.10000610351562,157.4545440673828,149.345458984375,152.0,43210046
2013-08-26,133.17164611816406,150.99090576171875,156.0454559326172,149.29090881347656,155.00909423828125,36175271
2013-08-27,128.7056121826172,145.92727661132812,149.81817626953125,145.4545440673828,148.8909149169922,39921134
2013-08-28,127.70336151123047,144.79090881347656,147.0272674560547,137.61817932128906,144.0,43588979
2013-08-29,129.44329833984375,146.76364135742188,148.72726440429688,144.1090850830078,148.07272338867188,30345694
2013-08-30,128.89002990722656,146.13636779785156,150.4363555908203,144.81817626953125,147.42727661132812,81385683
2013-09-02,132.55429077148438,150.29090881347656,151.39999389648438,147.1090850830078,148.0181884765625,25276520
2013-09-03,125.6507339477539,142.46363830566406,151.63636779785156,141.19090270996094,151.63636779785156,31504698
2013-09-04,131.13507080078125,148.68182373046875,149.5181884765625,141.81817626953125,142.4727325439453,31392993
2013-09-05,143.31451416015625,162.49090576171875,165.00909423828125,157.16363525390625,157.63636779785156,48903976
2013-09-06,153.68983459472656,174.25454711914062,175.23635864257812,163.94544982910156,163.94544982910156,57729875
2013-09-10,155.48590087890625,176.29090881347656,178.5454559326172,174.73635864257812,175.09091186523438,38762086
2013-09-11,155.5099639892578,176.31817626953125,177.8000030517578,172.39999389648438,175.4545440673828,20022057
2013-09-12,152.53526306152344,172.94544982910156,174.36363220214844,170.9545440673828,174.345458984375,25472507
2013-09-13,151.0519256591797,171.26364135742188,174.5272674560547,169.50909423828125,170.90908813476562,21111519
2013-09-16,155.5419921875,176.3545379638672,179.81817626953125,172.90908813476562,176.36363220214844,28962010
2013-09-17,154.33929443359375,174.99090576171875,177.23635864257812,173.50909423828125,175.4545440673828,17370347
2013-09-18,156.0471649169922,176.92727661132812,177.41818237304688,174.9727325439453,175.9818115234375,16914892
2013-09-19,166.1739501953125,188.40908813476562,193.5181884765625,186.5454559326172,186.5454559326172,49554114
2013-09-20,158.31625366210938,179.5,188.36363220214844,174.58181762695312,187.72726440429688,30961557
2013-09-23,151.26841735839844,171.50909423828125,177.1727294921875,169.56362915039062,174.72726440429688,21412435
2013-09-24,151.51693725585938,171.79090881347656,174.29090881347656,169.49090576171875,169.49090576171875,13807678
2013-09-25,149.969482421875,170.03636169433594,173.63636779785156,166.92727661132812,172.18182373046875,16844844
2013-09-26,151.7174072265625,172.0181884765625,173.96363830566406,169.845458984375,170.345458984375,17722391
2013-09-27,148.06114196777344,167.8727264404297,172.4545440673828,166.42727661132812,172.4363555908203,16665368
2013-09-30,141.70286560058594,160.66363525390625,166.63636779785156,159.8545379638672,164.8727264404297,18900326
2013-10-01,146.04864501953125,165.59091186523438,166.36363220214844,160.72726440429688,161.80909729003906,21525163
2013-10-03,150.39442443847656,170.5181884765625,170.9545440673828,164.58181762695312,167.09091186523438,23232891
2013-10-04,149.2318115234375,169.1999969482422,171.6727294921875,167.29090881347656,169.4545440673828,13725492
2013-10-07,146.92262268066406,166.58181762695312,167.27272033691406,162.36363220214844,167.14544677734375,17777111
2013-10-08,150.274169921875,170.38182067871094,173.16363525390625,169.5181884765625,172.1999969482422,16082632
2013-10-09,152.40695190429688,172.8000030517578,173.63636779785156,165.09091186523438,167.4545440673828,24777016
2013-10-10,152.0301055908203,172.3727264404297,174.00909423828125,169.86363220214844,171.63636779785156,15558823
2013-10-11,159.88778686523438,181.2818145751953,182.14544677734375,172.90908813476562,174.72726440429688,28277942
2013-10-14,159.90380859375,181.3000030517578,182.70909118652344,179.3727264404297,180.38182067871094,15013905
2013-10-15,156.27967834472656,177.19090270996094,182.7181854248047,176.56362915039062,182.2181854248047,10947931
2013-10-17,154.732177734375,175.4363555908203,179.20909118652344,174.16363525390625,177.40908813476562,23994982
2013-10-18,161.78004455566406,183.42727661132812,184.25454711914062,176.72726440429688,176.72726440429688,24448578
2013-10-21,162.0045623779297,183.68182373046875,186.4818115234375,182.4545440673828,183.63636779785156,14406821
2013-10-22,161.988525390625,183.66363525390625,186.72726440429688,181.4545440673828,181.4545440673828,17948997
2013-10-23,164.4901885986328,186.5,186.90908813476562,182.77272033691406,184.0,16787435
2013-10-24,163.71237182617188,185.61817932128906,190.50909423828125,184.06362915039062,185.63636779785156,17110005
2013-10-25,163.9208526611328,185.8545379638672,188.72726440429688,182.94544982910156,186.4363555908203,35171977
2013-10-28,162.76626586914062,184.5454559326172,189.25454711914062,183.4545440673828,186.18182373046875,18652799
2013-10-29,172.33181762695312,195.3909149169922,196.25454711914062,182.3909149169922,185.6272735595703,29328299
2013-10-30,176.236572265625,199.81817626953125,201.25454711914062,196.25454711914062,196.72726440429688,28588340
2013-10-31,179.75648498535156,203.80909729003906,205.4545440673828,197.75454711914062,198.74545288085938,31071430
2013-11-01,181.760986328125,206.08181762695312,207.27272033691406,201.3000030517578,203.60000610351562,18527624
2013-11-05,175.7554931640625,199.27272033691406,206.50909423828125,198.53636169433594,202.9727325439453,21797308
2013-11-06,173.25387573242188,196.4363555908203,200.0,195.73635864257812,200.0,15238751
2013-11-07,168.6114501953125,191.1727294921875,198.5454559326172,190.72726440429688,197.36363220214844,20711839
2013-11-08,168.3628692626953,190.8909149169922,192.29090881347656,189.27272033691406,190.5272674560547,14738262
2013-11-11,166.3262939453125,188.58181762695312,191.41818237304688,186.41818237304688,188.73635864257812,14205246
2013-11-12,162.4054412841797,184.13636779785156,189.63636779785156,183.29090881347656,188.72726440429688,17580420
2013-11-13,162.75022888183594,184.5272674560547,185.9818115234375,181.03636169433594,181.70909118652344,19424333
2013-11-14,168.7156524658203,191.29090881347656,194.154541015625,186.7181854248047,186.7181854248047,18201832
2013-11-18,172.1714324951172,195.20909118652344,197.7818145751953,192.56362915039062,193.27272033691406,18228419
2013-11-19,173.99151611328125,197.27272033691406,198.1272735595703,194.5454559326172,195.94544982910156,17385560
2013-11-20,168.24256896972656,190.75454711914062,195.81817626953125,189.29090881347656,195.81817626953125,12389960
2013-11-21,165.2117462158203,187.31817626953125,189.3000030517578,185.81817626953125,189.07272338867188,13863921
2013-11-22,163.65628051757812,185.55455017089844,189.76364135742188,183.9727325439453,189.09091186523438,17010537
2013-11-25,172.3237762451172,195.38182067871094,196.1727294921875,187.6999969482422,188.27272033691406,20881300
2013-11-26,167.3766326904297,189.77272033691406,197.18182373046875,188.88182067871094,193.81817626953125,20095630
2013-11-27,167.20025634765625,189.57272338867188,192.27272033691406,188.5181884765625,192.18182373046875,14816301
2013-11-28,166.47059631347656,188.74545288085938,193.56362915039062,187.3545379638672,192.23635864257812,21809337
2013-11-29,171.36961364746094,194.3000030517578,195.08181762695312,189.81817626953125,190.0,12891444
2013-12-02,174.5207061767578,197.8727264404297,200.0,194.61817932128906,194.61817932128906,15862258
2013-12-03,174.05567932128906,197.345458984375,199.94544982910156,196.19090270996094,197.42727661132812,13775069
2013-12-04,170.98475646972656,193.86363220214844,196.07272338867188,192.77272033691406,196.07272338867188,16082533
2013-12-05,182.14588928222656,206.5181884765625,207.36363220214844,201.5454559326172,201.5454559326172,43417099
2013-12-06,183.43678283691406,207.9818115234375,208.654541015625,204.16363525390625,206.4363555908203,18361233
2013-12-09,192.7056427001953,218.49090576171875,219.38182067871094,216.56362915039062,218.18182373046875,33902616
2013-12-10,185.7539825439453,210.6090850830078,218.74545288085938,209.7818145751953,218.18182373046875,27365360
2013-12-11,185.7539825439453,210.6090850830078,213.23635864257812,207.46363830566406,208.72726440429688,16227854
2013-12-12,181.6247100830078,205.92727661132812,210.18182373046875,205.14544677734375,210.00909423828125,14555046
2013-12-13,173.99151611328125,197.27272033691406,202.72726440429688,196.36363220214844,202.72726440429688,25356595
2013-12-16,176.0040740966797,199.55455017089844,200.7181854248047,197.27272033691406,198.0,11417488
2013-12-17,176.12428283691406,199.69090270996094,203.90908813476562,198.20909118652344,201.81817626953125,13249758
2013-12-18,175.7234344482422,199.23635864257812,205.94544982910156,196.64544677734375,197.8909149169922,40179903
2013-12-19,170.54379272460938,193.36363220214844,202.16363525390625,192.42727661132812,201.81817626953125,21106184
2013-12-20,174.4244842529297,197.76364135742188,198.29090881347656,193.8000030517578,194.5454559326172,15528089
2013-12-23,176.08421325683594,199.64544677734375,201.25454711914062,197.63636779785156,197.63636779785156,11206459
2013-12-24,176.21253967285156,199.79090881347656,201.8000030517578,197.8727264404297,200.0,9597725
2013-12-26,176.34080505371094,199.9363555908203,201.0454559326172,198.6090850830078,199.09091186523438,14374063
2013-12-27,178.04063415527344,201.86363220214844,202.50909423828125,200.4363555908203,201.4545440673828,7796519
2013-12-30,175.8677520751953,199.39999389648438,204.5272674560547,198.76364135742188,202.72726440429688,7419764
2013-12-31,176.1964874267578,199.77272033691406,201.60000610351562,198.91818237304688,200.1999969482422,4356632
2014-01-01,176.02809143066406,199.58181762695312,201.10000610351562,198.5454559326172,200.16363525390625,3102869
2014-01-02,172.48414611816406,195.56362915039062,203.27272033691406,194.56362915039062,199.3000030517578,11321513
2014-01-03,171.0729522705078,193.96363830566406,195.4545440673828,190.0,194.18182373046875,15567502
2014-01-06,166.90357971191406,189.23635864257812,194.36363220214844,188.19090270996094,193.81817626953125,14802265
2014-01-07,168.37889099121094,190.90908813476562,192.58181762695312,186.154541015625,190.00909423828125,18566515
2014-01-08,169.0684356689453,191.69090270996094,193.42727661132812,189.69090270996094,191.63636779785156,18955475
2014-01-09,168.51519775390625,191.06362915039062,193.74545288085938,189.5,193.60000610351562,19238686
2014-01-10,164.28968811035156,186.27272033691406,191.74545288085938,185.20909118652344,190.42727661132812,21835286
2014-01-13,169.1646728515625,191.8000030517578,192.92727661132812,187.29090881347656,187.29090881347656,17981914
2014-01-14,166.2060089111328,188.44544982910156,192.90908813476562,187.81817626953125,191.27272033691406,16934159
2014-01-15,169.71788024902344,192.42727661132812,194.3272705078125,189.61817932128906,190.0,18898968
2014-01-16,169.8061065673828,192.5272674560547,193.90908813476562,190.73635864257812,193.90908813476562,8986741
2014-01-17,165.9013214111328,188.10000610351562,193.07272338867188,187.46363830566406,191.5272674560547,9672228
2014-01-20,167.41671752929688,189.81817626953125,190.5454559326172,186.90908813476562,188.09091186523438,10617040
2014-01-21,172.87704467773438,196.00909423828125,196.36363220214844,190.69090270996094,191.4545440673828,14897789
2014-01-22,174.46456909179688,197.80909729003906,198.36363220214844,194.39999389648438,196.39999389648438,12788578
2014-01-23,173.10153198242188,196.26364135742188,198.36363220214844,194.92727661132812,198.36363220214844,10274170
2014-01-24,169.69383239746094,192.39999389648438,195.27272033691406,191.38182067871094,193.4727325439453,10283619
2014-01-27,161.93238830566406,183.60000610351562,188.9545440673828,183.13636779785156,188.8727264404297,27904404
2014-01-28,163.35157775878906,185.20909118652344,187.07272338867188,177.9545440673828,183.76364135742188,26612800
2014-01-29,160.5853729248047,182.07272338867188,188.7818145751953,181.0181884765625,187.60000610351562,26522925
2014-01-30,156.27967834472656,177.19090270996094,180.41818237304688,175.18182373046875,179.42727661132812,27447838
2014-01-31,158.38839721679688,179.58181762695312,180.61817932128906,176.6272735595703,179.0,14484481
2014-02-03,154.5076904296875,175.18182373046875,178.5454559326172,173.70909118652344,178.36363220214844,19562653
2014-02-04,155.33355712890625,176.11817932128906,176.90908813476562,171.56362915039062,172.6999969482422,16988900
2014-02-05,154.94869995117188,175.68182373046875,177.9363555908203,173.68182373046875,177.26364135742188,16441700
2014-02-06,153.63369750976562,174.19090270996094,177.16363525390625,172.00909423828125,176.36363220214844,22979121
2014-02-07,154.01858520507812,174.6272735595703,176.72726440429688,172.81817626953125,176.36363220214844,15640619
2014-02-10,154.03463745117188,174.64544677734375,175.96363830566406,173.86363220214844,175.11817932128906,8923442
2014-02-11,155.3656005859375,176.154541015625,177.0,174.90908813476562,175.4363555908203,11240361
2014-02-12,160.2325897216797,181.6727294921875,182.13636779785156,177.68182373046875,177.68182373046875,21465790
2014-02-13,157.73094177246094,178.83636474609375,183.4545440673828,178.18182373046875,181.90908813476562,24636953
2014-02-14,158.50868225097656,179.7181854248047,180.23635864257812,176.39999389648438,179.27272033691406,15133266
2014-02-17,161.8281707763672,183.4818115234375,184.33636474609375,179.81817626953125,180.18182373046875,14271416
2014-02-18,166.42250061035156,188.69090270996094,189.7818145751953,182.60000610351562,184.0,19122130
2014-02-19,165.3159942626953,187.4363555908203,189.59091186523438,186.8272705078125,188.345458984375,11779856
2014-02-20,161.6196746826172,183.24545288085938,185.4545440673828,182.90908813476562,185.07272338867188,10389857
2014-02-21,164.41796875,186.41818237304688,187.79090881347656,183.8272705078125,183.8272705078125,8404451
2014-02-24,166.16590881347656,188.39999389648438,189.5454559326172,185.1272735595703,185.4727325439453,10661106
2014-02-25,165.3480987548828,187.4727325439453,190.5454559326172,186.3727264404297,189.7818145751953,15457821
2014-02-26,166.2060089111328,188.44544982910156,189.06362915039062,186.92727661132812,187.4727325439453,10073030
2014-02-28,167.39266967773438,189.79090881347656,190.6999969482422,187.4545440673828,190.0,15521473
2014-03-03,165.13961791992188,187.23635864257812,191.09091186523438,185.70909118652344,188.58181762695312,18154565
2014-03-04,171.44180297851562,194.38182067871094,194.90908813476562,187.63636779785156,187.63636779785156,15723317
2014-03-05,176.30072021484375,199.8909149169922,200.4545440673828,193.76364135742188,195.4545440673828,21977021
2014-03-06,181.84120178222656,206.1727294921875,207.42727661132812,200.6090850830078,200.8545379638672,23331583
2014-03-07,192.73770141601562,218.5272674560547,223.63636779785156,207.1272735595703,208.19090270996094,45170196
2014-03-10,191.40672302246094,217.0181884765625,220.80909729003906,214.9545440673828,215.27272033691406,42221157
2014-03-11,192.1363525390625,217.845458984375,224.06362915039062,216.4363555908203,217.9545440673828,44639886
2014-03-12,194.30120849609375,220.3000030517578,222.36363220214844,216.0,217.09091186523438,21739498
2014-03-13,195.64022827148438,221.81817626953125,225.72726440429688,220.72726440429688,220.72726440429688,17975842
2014-03-14,194.83840942382812,220.90908813476562,221.73635864257812,216.0,217.50909423828125,24014875
2014-03-18,193.15464782714844,219.0,223.81817626953125,217.9545440673828,220.90908813476562,19604816
2014-03-19,194.02859497070312,219.99090576171875,222.4727325439453,218.72726440429688,220.18182373046875,18888683
2014-03-20,192.5532989501953,218.31817626953125,221.7818145751953,217.66363525390625,219.72726440429688,16807334
2014-03-21,192.36087036132812,218.10000610351562,220.72726440429688,216.60000610351562,220.0,19290540
2014-03-24,199.2002410888672,225.8545379638672,227.07272338867188,218.90908813476562,218.90908813476562,20422748
2014-03-25,200.8599853515625,227.73635864257812,228.89999389648438,224.36363220214844,225.09091186523438,16143154
2014-03-26,201.493408203125,228.4545440673828,230.6727294921875,227.56362915039062,229.69090270996094,13291063
2014-03-27,201.894287109375,228.90908813476562,232.0,226.56362915039062,229.1090850830078,35664090
2014-03-28,201.9263916015625,228.94544982910156,231.09091186523438,226.90908813476562,230.72726440429688,11252411
2014-03-31,199.6573028564453,226.3727264404297,231.4545440673828,225.5454559326172,231.4545440673828,13578647
2014-04-01,196.2736358642578,222.53636169433594,228.77272033691406,221.56362915039062,227.69090270996094,23417124
2014-04-02,199.3365478515625,226.00909423828125,227.69090270996094,223.66363525390625,223.66363525390625,21486437
2014-04-03,197.84521484375,224.31817626953125,226.49090576171875,222.73635864257812,226.3545379638672,27446622
2014-04-04,197.31600952148438,223.7181854248047,226.345458984375,220.9545440673828,223.63636779785156,13921022
2014-04-07,193.90032958984375,219.845458984375,224.66363525390625,218.61817932128906,224.05455017089844,21844784
2014-04-09,202.0225830078125,229.05455017089844,229.72726440429688,220.36363220214844,222.4545440673828,25150895
2014-04-10,200.02613830566406,226.79090881347656,230.88182067871094,224.90908813476562,227.4545440673828,21686857
2014-04-11,198.21400451660156,224.73635864257812,225.7818145751953,223.03636169433594,224.5454559326172,16585882
2014-04-15,195.55201721191406,221.7181854248047,225.6999969482422,220.9818115234375,225.18182373046875,12426375
2014-04-16,196.0491485595703,222.2818145751953,224.90908813476562,220.4727325439453,220.4727325439453,10880776
2014-04-17,202.51168823242188,229.6090850830078,231.5,223.154541015625,223.654541015625,15660562
2014-04-21,205.58262634277344,233.09091186523438,234.8909149169922,228.6090850830078,230.72726440429688,17192499
2014-04-22,206.84945678710938,234.5272674560547,236.1090850830078,230.90908813476562,232.64544677734375,10952617
2014-04-23,208.39694213867188,236.2818145751953,237.27272033691406,232.9818115234375,234.3909149169922,28399723
2014-04-24,208.39694213867188,236.2818145751953,236.2818145751953,236.2818145751953,236.2818145751953,0
2014-04-25,203.7384490966797,231.0,239.72726440429688,228.42727661132812,237.1727294921875,26271410
2014-04-28,204.54026794433594,231.90908813476562,233.4545440673828,227.4818115234375,231.81817626953125,19357426
2014-04-29,202.50372314453125,229.60000610351562,232.63636779785156,227.38182067871094,232.0,12507649
2014-04-30,199.39263916015625,226.07272338867188,232.53636169433594,224.5454559326172,230.63636779785156,19888929
2014-05-02,200.8359375,227.70909118652344,229.8545379638672,226.73635864257812,227.27272033691406,9145994
2014-05-05,200.84396362304688,227.7181854248047,232.18182373046875,225.09091186523438,226.59091186523438,14052241
2014-05-06,204.55628967285156,231.92727661132812,232.72726440429688,229.8545379638672,229.8545379638672,7045379
2014-05-07,203.7624969482422,231.0272674560547,232.18182373046875,228.49090576171875,232.0,28329075
2014-05-08,206.70513916015625,234.36363220214844,235.7818145751953,230.22726440429688,231.8000030517578,16439945
2014-05-09,221.07347106933594,250.654541015625,252.8909149169922,233.09091186523438,233.66363525390625,34424511
2014-05-12,224.29672241210938,254.30909729003906,257.14544677734375,247.3000030517578,251.2818145751953,28438118
2014-05-13,224.6334991455078,254.69090270996094,259.6363525390625,253.36363220214844,257.81817626953125,22394201
2014-05-14,226.01258850097656,256.2545471191406,257.0181884765625,250.39999389648438,252.18182373046875,20961468
2014-05-15,223.7194061279297,253.654541015625,256.345458984375,251.845458984375,256.2545471191406,22401164
2014-05-16,234.97674560546875,266.4181823730469,289.6727294921875,257.7636413574219,263.6363525390625,64509505
2014-05-19,235.47386169433594,266.9818115234375,271.5545349121094,262.7727355957031,269.2727355957031,42620820
2014-05-20,232.5072021484375,263.6181945800781,270.0,261.9090881347656,269.0818176269531,22394427
2014-05-21,231.0078125,261.9181823730469,264.8999938964844,258.3818054199219,264.5454406738281,19602885
2014-05-22,232.76380920410156,263.9090881347656,270.0,262.20001220703125,262.20001220703125,17050280
2014-05-23,234.25509643554688,265.6000061035156,267.2272644042969,262.7272644042969,265.4818115234375,18774596
2014-05-26,233.2528839111328,264.463623046875,272.3818054199219,262.7272644042969,265.0909118652344,22024612
2014-05-27,232.05821228027344,263.1091003417969,264.654541015625,259.5545349121094,262.7272644042969,10500330
2014-05-28,233.51744079589844,264.7636413574219,267.0545349121094,262.0545349121094,263.64544677734375,13082932
2014-05-29,230.43055725097656,261.2636413574219,267.18182373046875,259.4181823730469,265.0909118652344,24559144
2014-05-30,227.39971923828125,257.8272705078125,263.345458984375,255.40908813476562,261.9090881347656,17143027
2014-06-02,234.80038452148438,266.2181701660156,267.2727355957031,256.3818054199219,256.5909118652344,15135730
2014-06-03,233.86224365234375,265.154541015625,268.6727294921875,261.8272705078125,265.85455322265625,19736579
2014-06-04,239.41004943847656,267.16363525390625,270.2818298339844,262.5454406738281,265.4363708496094,12880208
2014-06-05,242.18255615234375,266.02728271484375,267.4545593261719,261.33636474609375,263.0909118652344,21069081
2014-06-06,246.01434326171875,270.2363586425781,273.33636474609375,265.4545593261719,267.7454528808594,21390919
2014-06-09,246.99090576171875,271.30908203125,274.85455322265625,269.7272644042969,270.2090759277344,21202940
2014-06-10,245.1784210205078,269.31817626953125,271.3636474609375,268.0,271.3636474609375,10364431
2014-06-11,243.2998046875,267.2545471191406,273.1091003417969,265.4545593261719,268.7272644042969,12749231
2014-06-12,241.56185913085938,265.345458984375,268.0,263.29998779296875,267.2727355957031,11788678
2014-06-13,236.42239379882812,259.70001220703125,268.9090881347656,258.47271728515625,265.87274169921875,16782672
2014-06-16,234.0388641357422,257.0818176269531,259.81817626953125,254.72726440429688,258.83636474609375,13089175
2014-06-17,239.92312622070312,263.5454406738281,263.97271728515625,255.81817626953125,257.0909118652344,15687243
2014-06-18,235.28857421875,258.4545593261719,265.0454406738281,256.7727355957031,262.8818054199219,13210807
2014-06-19,233.67474365234375,256.68182373046875,261.00909423828125,254.0454559326172,260.4363708496094,16235054
2014-06-20,231.20846557617188,253.9727325439453,259.0909118652344,253.18182373046875,257.2727355957031,16995341
2014-06-23,234.08023071289062,257.12725830078125,258.0909118652344,254.08181762695312,254.5454559326172,11711777
2014-06-24,238.23486328125,261.69091796875,262.8908996582031,257.5818176269531,259.2727355957031,12547546
2014-06-25,235.123046875,258.2727355957031,260.7272644042969,257.69091796875,260.7272644042969,6914721
2014-06-26,232.16847229003906,255.0272674560547,260.20001220703125,254.5454559326172,259.2727355957031,14728395
2014-06-27,229.1891326904297,251.75454711914062,256.3999938964844,250.27272033691406,255.4545440673828,14970114
2014-06-30,234.73406982421875,257.845458984375,260.12725830078125,253.09091186523438,253.09091186523438,13310649
2014-07-01,238.0279083251953,261.463623046875,263.9181823730469,258.2818298339844,258.2818298339844,15801005
2014-07-02,240.3369598388672,264.0,265.6363525390625,263.3636474609375,264.5454406738281,13500459
2014-07-03,240.67630004882812,264.37274169921875,266.3636474609375,263.6363525390625,264.12725830078125,13249676
2014-07-04,242.1328582763672,265.97271728515625,266.7272644042969,260.9090881347656,264.5818176269531,7890861
2014-07-07,240.22938537597656,263.8818054199219,267.0727233886719,262.2272644042969,267.0727233886719,10595145
2014-07-08,233.5836944580078,256.5818176269531,266.5181884765625,254.29090881347656,266.5181884765625,11441408
2014-07-09,232.23472595214844,255.10000610351562,258.9818115234375,253.654541015625,256.5636291503906,15815585
2014-07-10,229.9091033935547,252.5454559326172,264.87274169921875,249.3909149169922,255.49090576171875,21087066
2014-07-11,224.54620361328125,246.654541015625,255.5272674560547,245.63636779785156,252.0,12540753
2014-07-14,222.50204467773438,244.40908813476562,249.9818115234375,242.41818237304688,249.9818115234375,17222782
2014-07-15,230.8360137939453,253.56362915039062,254.8727264404297,246.44544982910156,247.09091186523438,20701505
2014-07-16,241.8018035888672,265.6091003417969,266.963623046875,256.79998779296875,256.845458984375,34666637
2014-07-17,240.10520935058594,263.7454528808594,265.345458984375,262.036376953125,265.345458984375,13358004
2014-07-18,245.0460205078125,269.1727294921875,270.4363708496094,260.9090881347656,260.9090881347656,22105369
2014-07-21,245.4019317626953,269.5636291503906,272.1181945800781,268.37274169921875,270.5454406738281,10873830
2014-07-22,245.50950622558594,269.68182373046875,270.8908996582031,266.68182373046875,270.463623046875,9693398
2014-07-23,249.27513122558594,273.81817626953125,274.9818115234375,271.12725830078125,272.1181945800781,22595353
2014-07-24,249.34127807617188,273.8908996582031,274.3272705078125,270.9181823730469,273.6181945800781,18655884
2014-07-25,244.25152587890625,268.29998779296875,273.70001220703125,267.1727294921875,272.963623046875,11547481
2014-07-28,240.17144775390625,263.81817626953125,269.8908996582031,262.2909240722656,269.81817626953125,7511350
2014-07-30,246.37017822265625,270.62725830078125,272.18182373046875,262.7272644042969,264.52728271484375,16305135
2014-07-31,243.5232391357422,267.5,273.6363525390625,266.5818176269531,271.7727355957031,21827960
2014-08-01,244.25152587890625,268.29998779296875,273.5454406738281,265.1363525390625,265.87274169921875,25283104
2014-08-04,246.85848999023438,271.16363525390625,272.9090881347656,269.20001220703125,271.2909240722656,11518006
2014-08-05,246.05572509765625,270.2818298339844,272.50909423828125,266.5636291503906,270.9272766113281,10886089
2014-08-06,239.5259246826172,263.1091003417969,270.1363525390625,262.2727355957031,269.0727233886719,11961031
2014-08-07,239.15350341796875,262.70001220703125,266.87274169921875,262.0,264.3636474609375,10130070
2014-08-08,237.87893676757812,261.29998779296875,262.0636291503906,256.69091796875,260.0,14898592
2014-08-11,238.49966430664062,261.9818115234375,264.16363525390625,260.7454528808594,262.8999938964844,7812183
2014-08-12,242.20733642578125,266.0545349121094,266.7090759277344,261.83636474609375,264.64544677734375,7573830
2014-08-13,240.37008666992188,264.036376953125,266.3636474609375,262.5454406738281,264.5818176269531,9495711
2014-08-14,244.91363525390625,269.02728271484375,270.83636474609375,265.12725830078125,265.12725830078125,13636485
2014-08-18,253.36346435546875,278.30908203125,279.4545593261719,269.4272766113281,270.2727355957031,21247732
2014-08-19,255.38279724121094,280.52728271484375,283.5,277.5181884765625,280.0,18915512
2014-08-20,255.35801696777344,280.5,281.9181823730469,278.5454406738281,280.9090881347656,9462876
2014-08-21,255.72219848632812,280.8999938964844,284.3272705078125,278.64544677734375,280.0,15249839
2014-08-22,254.8283233642578,279.9181823730469,282.8636474609375,279.3908996582031,280.9272766113281,13225470
2014-08-25,250.6489715576172,275.3272705078125,282.18182373046875,274.2181701660156,280.4545593261719,6260974
2014-08-26,249.61439514160156,274.19091796875,275.8999938964844,269.47271728515625,270.0,9349499
2014-08-27,254.95252990722656,280.0545349121094,281.6363525390625,276.7818298339844,278.7272644042969,12302625
2014-08-28,257.68359375,283.0545349121094,284.3636474609375,280.5454406738281,280.5454406738281,22862356
2014-09-01,264.5527038574219,290.6000061035156,291.4181823730469,283.2727355957031,283.2727355957031,14692249
2014-09-02,263.3609924316406,289.2909240722656,294.33636474609375,288.7272644042969,290.8908996582031,12260539
2014-09-03,261.6560974121094,287.4181823730469,291.154541015625,286.0909118652344,290.7272644042969,9697814
2014-09-04,260.1415710449219,285.7545471191406,288.19091796875,280.4181823730469,287.7636413574219,15945864
2014-09-05,256.0697326660156,281.2818298339844,287.37274169921875,279.4454650878906,285.7545471191406,12019744
2014-09-08,259.50433349609375,285.0545349121094,285.80908203125,281.6181945800781,284.0909118652344,8527112
2014-09-09,255.8545684814453,281.0454406738281,284.14544677734375,279.9090881347656,284.14544677734375,8552346
2014-09-10,259.885009765625,285.47271728515625,286.87274169921875,281.2909240722656,284.3636474609375,14187943
2014-09-11,259.1815490722656,284.70001220703125,288.18182373046875,283.9272766113281,286.7272644042969,9666635
2014-09-12,258.9415588378906,284.4363708496094,286.18182373046875,283.1091003417969,286.18182373046875,6356713
2014-09-15,257.112548828125,282.4272766113281,283.8999938964844,279.7454528808594,283.00909423828125,7465540
2014-09-16,252.54412841796875,277.4090881347656,283.1181945800781,276.66363525390625,282.0,7520914
2014-09-17,253.2062225341797,278.1363525390625,280.6727294921875,277.2727355957031,278.5818176269531,10495633
2014-09-18,259.0408630371094,284.5454406738281,284.9090881347656,276.81817626953125,277.2727355957031,6706084
2014-09-19,260.2326354980469,285.85455322265625,286.6363525390625,283.0,285.4363708496094,10378769
2014-09-22,261.3333435058594,287.0636291503906,289.845458984375,282.97271728515625,283.6363525390625,10506210
2014-09-23,254.65455627441406,279.7272644042969,289.4181823730469,278.81817626953125,287.0909118652344,21190009
2014-09-24,250.99649047851562,275.7090759277344,281.81817626953125,272.3908996582031,279.81817626953125,17279366
2014-09-25,242.53839111328125,266.4181823730469,276.29998779296875,264.0909118652344,274.7272644042969,30332934
2014-09-26,244.6322021484375,268.7181701660156,269.50909423828125,260.9090881347656,266.5454406738281,18873354
2014-09-29,241.41282653808594,265.18182373046875,269.0909118652344,264.1727294921875,268.963623046875,7073148
2014-09-30,237.28306579589844,260.64544677734375,266.8908996582031,259.5454406738281,264.5454406738281,13333391
2014-10-01,236.505126953125,259.7909240722656,262.3636474609375,258.0,262.3636474609375,10776667
2014-10-07,236.6375732421875,259.9363708496094,264.81817626953125,257.2727355957031,257.2727355957031,18449612
2014-10-08,239.76593017578125,263.37274169921875,264.4818115234375,259.4545593261719,259.5636291503906,10532802
2014-10-09,246.36196899414062,270.6181945800781,271.7818298339844,264.5454406738281,264.5454406738281,12238358
2014-10-10,241.48731994628906,265.2636413574219,269.5454406738281,264.2545471191406,267.4545593261719,9018405
2014-10-13,244.62393188476562,268.7090759277344,269.3272705078125,261.2363586425781,263.0909118652344,9459494
2014-10-14,244.6488037109375,268.7363586425781,270.4090881347656,263.87274169921875,269.9818115234375,11288403
2014-10-15,244.6488037109375,268.7363586425781,268.7363586425781,268.7363586425781,268.7363586425781,0
2014-10-16,241.75216674804688,265.5545349121094,271.654541015625,263.9363708496094,267.6363525390625,15670605
2014-10-17,249.1427001953125,273.6727294921875,274.7909240722656,267.2727355957031,267.5909118652344,14839423
2014-10-20,254.38975524902344,279.4363708496094,281.6091003417969,277.4181823730469,281.6091003417969,13952152
2014-10-21,261.8713073730469,287.654541015625,288.4363708496094,280.0,280.0,15513168
2014-10-22,260.03399658203125,285.6363525390625,289.79998779296875,284.0636291503906,289.4545593261719,8615480
2014-10-27,260.373291015625,286.00909423828125,288.7272644042969,285.036376953125,287.70001220703125,11126714
2014-10-28,265.0409851074219,291.1363525390625,292.345458984375,287.2727355957031,287.2727355957031,10254244
2014-10-29,265.8023681640625,291.97271728515625,293.2636413574219,290.12725830078125,293.2636413574219,10474618
2014-10-30,267.1596984863281,293.463623046875,295.6000061035156,288.0,290.9272766113281,26322631
2014-10-31,269.2452392578125,295.7545471191406,296.9454650878906,290.81817626953125,292.963623046875,21065660
2014-11-03,272.39837646484375,299.2181701660156,300.0,293.154541015625,295.6363525390625,13022333
2014-11-05,276.6440734863281,303.8818054199219,305.4545593261719,299.31817626953125,301.0,16438026
2014-11-07,278.853759765625,306.30908203125,307.5909118652344,302.1091003417969,305.18182373046875,9347464
2014-11-10,275.924072265625,303.0909118652344,305.7181701660156,302.4454650878906,305.5818176269531,8030726
2014-11-11,278.9944152832031,306.463623046875,307.4545593261719,301.31817626953125,302.0,11662277
2014-11-12,282.70220947265625,310.536376953125,311.80908203125,307.85455322265625,307.85455322265625,10523271
2014-11-13,280.144775390625,307.7272644042969,312.0,306.6363525390625,310.5818176269531,15610947
2014-11-14,280.1117248535156,307.69091796875,308.9090881347656,306.3999938964844,306.5454406738281,10524866
2014-11-17,277.05792236328125,304.33636474609375,306.7272644042969,302.18182373046875,306.7272644042969,13396053
2014-11-18,278.2744445800781,305.6727294921875,306.81817626953125,303.9272766113281,304.7272644042969,11248880
2014-11-19,278.5558166503906,305.9818115234375,309.81817626953125,304.0,306.1000061035156,14558984
2014-11-20,279.39166259765625,306.8999938964844,307.97271728515625,304.4545593261719,306.4545593261719,8960451
2014-11-21,286.46771240234375,314.6727294921875,316.14544677734375,304.9090881347656,307.4545593261719,17794084
2014-11-24,293.51898193359375,322.4181823730469,323.4545593261719,316.3636474609375,316.3636474609375,13578185
2014-11-25,287.5519714355469,315.8636474609375,321.4454650878906,313.31817626953125,321.2818298339844,17101408
2014-11-26,283.1076354980469,310.9818115234375,315.2909240722656,310.18182373046875,312.6363525390625,15505330
2014-11-27,285.2262878417969,313.30908203125,315.4181823730469,310.0,311.7090759277344,15438511
2014-11-28,290.3905944824219,318.9818115234375,323.0909118652344,313.6363525390625,313.6363525390625,16467154
2014-12-01,291.01129150390625,319.66363525390625,322.87274169921875,318.3636474609375,321.0909118652344,17857713
2014-12-02,293.0555114746094,321.9090881347656,322.7636413574219,315.463623046875,318.85455322265625,14228054
2014-12-03,296.96185302734375,326.20001220703125,326.9363708496094,320.02728271484375,320.9272766113281,12067709
2014-12-04,299.7591552734375,329.2727355957031,332.7727355957031,325.7727355957031,329.5454406738281,13537613
2014-12-05,297.7728576660156,327.0909118652344,331.7727355957031,325.81817626953125,330.7272644042969,8548679
2014-12-08,292.8072509765625,321.6363525390625,329.0909118652344,320.5454406738281,328.0909118652344,6475662
2014-12-09,289.99334716796875,318.5454406738281,325.4090881347656,317.4545593261719,322.7272644042969,8119718
2014-12-10,291.35888671875,320.0454406738281,322.5454406738281,314.18182373046875,314.18182373046875,11679797
2014-12-11,287.9656982421875,316.31817626953125,321.0454406738281,312.9545593261719,319.7272644042969,8902775
2014-12-12,286.60015869140625,314.81817626953125,319.0454406738281,313.2727355957031,315.9090881347656,7508487
2014-12-15,285.73114013671875,313.8636474609375,317.2727355957031,311.0454406738281,311.6363525390625,7925545
2014-12-16,273.68951416015625,300.6363525390625,311.3636474609375,299.31817626953125,310.7727355957031,16369716
2014-12-17,275.0550537109375,302.1363525390625,307.5909118652344,290.18182373046875,299.5454406738281,25141233
2014-12-18,286.1449890136719,314.31817626953125,315.4545593261719,308.5,310.8636474609375,10631579
2014-12-19,294.6279296875,323.6363525390625,325.0,315.2272644042969,317.2727355957031,25004771
2014-12-22,297.2762756347656,326.5454406738281,327.8636474609375,319.1363525390625,323.18182373046875,9977669
2014-12-23,292.14508056640625,320.9090881347656,329.0,319.31817626953125,325.2727355957031,8114147
2014-12-24,292.2279357910156,321.0,324.4545593261719,319.0,320.31817626953125,13035476
2014-12-26,290.448486328125,319.0454406738281,324.2727355957031,316.4545593261719,321.9545593261719,3566406
2014-12-29,288.9588623046875,317.4090881347656,322.4545593261719,316.7272644042969,318.18182373046875,4125797
2014-12-30,289.86920166015625,318.4090881347656,320.0,315.68182373046875,320.0,6246150
2014-12-31,292.2279357910156,321.0,322.5454406738281,318.2727355957031,318.2727355957031,5069990
2015-01-01,291.5657958984375,320.2727355957031,321.31817626953125,318.3636474609375,320.6363525390625,2583280
2015-01-02,299.8418884277344,329.3636474609375,330.4545593261719,320.0,320.0,8272990
2015-01-05,300.4625244140625,330.0454406738281,334.0,328.6363525390625,332.0909118652344,10316090
2015-01-06,287.71734619140625,316.0454406738281,327.18182373046875,314.7272644042969,326.7272644042969,13282427
2015-01-07,279.9378967285156,307.5,314.7727355957031,304.9545593261719,314.18182373046875,21254332
2015-01-08,287.5519714355469,315.8636474609375,316.81817626953125,310.18182373046875,313.6363525390625,12558144
2015-01-09,282.9173278808594,310.7727355957031,318.5454406738281,306.4545593261719,318.1363525390625,15701030
2015-01-12,286.8070373535156,315.0454406738281,316.0,307.9090881347656,311.5909118652344,8304115
2015-01-13,282.131103515625,309.9090881347656,317.2727355957031,308.8636474609375,317.2727355957031,13100848
2015-01-14,278.8206481933594,306.2727355957031,310.7272644042969,302.7272644042969,308.4090881347656,13127934
2015-01-15,292.02099609375,320.7727355957031,323.6363525390625,315.9545593261719,320.1363525390625,16662989
2015-01-16,292.84857177734375,321.68182373046875,322.3636474609375,315.8636474609375,320.7727355957031,14726646
2015-01-19,298.6004943847656,328.0,328.9090881347656,321.3636474609375,323.18182373046875,10277015
2015-01-20,304.35235595703125,334.31817626953125,335.68182373046875,327.0,327.0,11477610
2015-01-21,304.931640625,334.9545593261719,337.2272644042969,331.9545593261719,333.18182373046875,12457852
2015-01-22,306.0489196777344,336.18182373046875,338.4545593261719,331.4545593261719,335.3636474609375,9320935
2015-01-23,306.7937927246094,337.0,341.3636474609375,335.18182373046875,340.81817626953125,13525550
2015-01-27,317.38714599609375,348.6363525390625,349.81817626953125,338.81817626953125,340.4545593261719,13932787
2015-01-28,317.8423156738281,349.1363525390625,357.6363525390625,346.9090881347656,348.1363525390625,14787690
2015-01-29,314.73883056640625,345.7272644042969,348.9090881347656,341.4090881347656,345.5454406738281,22085259
2015-01-30,298.5177001953125,327.9090881347656,347.2727355957031,322.4090881347656,346.7727355957031,31372235
2015-02-02,291.193359375,319.8636474609375,327.9090881347656,318.18182373046875,327.5454406738281,37165959
2015-02-03,286.8484802246094,315.0909118652344,324.3636474609375,313.7272644042969,320.0,25975650
2015-02-04,285.2345886230469,313.31817626953125,315.68182373046875,309.31817626953125,314.5909118652344,15639435
2015-02-05,277.7447509765625,305.0909118652344,313.9090881347656,302.5,309.9090881347656,18771838
2015-02-06,272.5722351074219,299.4090881347656,309.0909118652344,297.9090881347656,305.4545593261719,17811770
2015-02-09,264.87548828125,290.9545593261719,297.7272644042969,289.5454406738281,297.7272644042969,15330887
2015-02-10,273.97918701171875,300.9545593261719,304.5454406738281,287.6363525390625,289.5454406738281,31301276
2015-02-11,276.99993896484375,304.2727355957031,309.0454406738281,303.5909118652344,303.7272644042969,13732188
2015-02-12,280.6827392578125,308.31817626953125,310.31817626953125,300.0,307.4545593261719,14372362
2015-02-13,284.572509765625,312.5909118652344,314.4545593261719,309.2727355957031,312.7272644042969,9926537
2015-02-16,279.77239990234375,307.31817626953125,315.4090881347656,305.81817626953125,315.4090881347656,11084024
2015-02-18,283.37249755859375,311.2727355957031,312.7272644042969,308.81817626953125,308.81817626953125,8830098
2015-02-19,280.18621826171875,307.7727355957031,312.5909118652344,302.0454406738281,309.18182373046875,10326464
2015-02-20,273.8964538574219,300.8636474609375,305.2727355957031,298.6363525390625,304.5454406738281,17197010
2015-02-23,272.2825927734375,299.0909118652344,304.0909118652344,297.2727355957031,302.7272644042969,12236793
2015-02-24,269.84112548828125,296.4090881347656,301.2727355957031,295.0,299.5454406738281,12177664
2015-02-25,266.90313720703125,293.18182373046875,300.9090881347656,292.0454406738281,297.81817626953125,18029910
2015-02-26,265.9100036621094,292.0909118652344,295.8636474609375,291.0454406738281,295.18182373046875,18356309
2015-02-27,277.4550476074219,304.7727355957031,306.4090881347656,293.6363525390625,295.0909118652344,17157486
2015-03-02,288.87603759765625,317.31817626953125,319.9545593261719,309.5909118652344,318.9545593261719,16237130
2015-03-03,288.5450134277344,316.9545593261719,317.7272644042969,312.81817626953125,316.3636474609375,16309976
2015-03-04,289.12432861328125,317.5909118652344,329.0909118652344,314.5909118652344,327.2727355957031,27007377
2015-03-05,287.8001403808594,316.1363525390625,318.0909118652344,309.18182373046875,314.9090881347656,12677758
2015-03-09,275.427490234375,302.5454406738281,311.7727355957031,301.5909118652344,310.9090881347656,13711772
2015-03-10,276.13092041015625,303.31817626953125,307.0909118652344,300.31817626953125,302.4545593261719,15690129
2015-03-11,275.3033142089844,302.4090881347656,306.31817626953125,299.0909118652344,303.2727355957031,11762499
2015-03-12,279.8965759277344,307.4545593261719,308.81817626953125,304.2272644042969,306.8636474609375,12265104
2015-03-13,273.2757263183594,300.18182373046875,314.5454406738281,299.0909118652344,313.6363525390625,14368069
2015-03-16,274.3101501464844,301.31817626953125,302.7272644042969,296.0454406738281,299.5454406738281,12496540
2015-03-17,277.1240234375,304.4090881347656,305.9090881347656,300.1363525390625,301.81817626953125,11214858
2015-03-18,277.0826721191406,304.3636474609375,305.9545593261719,300.9545593261719,302.81817626953125,9603665
2015-03-19,273.2757263183594,300.18182373046875,310.3636474609375,298.5,308.6363525390625,15488184
2015-03-20,263.6754455566406,289.6363525390625,299.31817626953125,287.9090881347656,299.0,23389273
2015-03-23,259.70294189453125,285.2727355957031,293.0909118652344,284.0454406738281,292.7727355957031,11517028
2015-03-24,258.1304931640625,283.5454406738281,287.8636474609375,281.31817626953125,282.2727355957031,18209548
2015-03-25,262.2685241699219,288.0909118652344,290.0,282.81817626953125,283.6363525390625,15109255
2015-03-26,254.86148071289062,279.9545593261719,285.18182373046875,275.0909118652344,282.7272644042969,34971712
2015-03-27,260.3236083984375,285.9545593261719,287.4545593261719,280.2272644042969,284.5454406738281,17383920
2015-03-30,263.7582092285156,289.7272644042969,290.4545593261719,284.8636474609375,287.5454406738281,14140124
2015-03-31,261.10986328125,286.81817626953125,293.4090881347656,285.2727355957031,289.9090881347656,14317689
2015-04-01,267.44110107421875,293.7727355957031,294.9090881347656,285.5,286.3636474609375,9190830
2015-04-06,265.8686218261719,292.0454406738281,295.8636474609375,290.31817626953125,295.8636474609375,10512775
2015-04-07,262.6822814941406,288.5454406738281,294.0454406738281,286.3636474609375,293.5909118652344,9849292
2015-04-08,260.7789001464844,286.4545593261719,290.6363525390625,285.9545593261719,289.9090881347656,9158573
2015-04-09,265.3306884765625,291.4545593261719,292.6363525390625,288.0909118652344,289.0909118652344,13516230
2015-04-10,263.4272155761719,289.3636474609375,292.4090881347656,288.3636474609375,290.4545593261719,9053218
2015-04-13,262.2685241699219,288.0909118652344,290.81817626953125,287.2727355957031,290.81817626953125,8810668
2015-04-15,260.69610595703125,286.3636474609375,293.0,284.5909118652344,289.4090881347656,11297754
2015-04-16,258.6270751953125,284.0909118652344,287.2727355957031,281.9545593261719,287.18182373046875,9682703
2015-04-17,256.6407775878906,281.9090881347656,286.31817626953125,280.2272644042969,285.5,11639567
2015-04-20,257.509765625,282.8636474609375,288.7272644042969,280.2727355957031,284.4545593261719,11663690
2015-04-21,257.2615051269531,282.5909118652344,287.81817626953125,281.7727355957031,282.7272644042969,9953639
2015-04-22,258.9994812011719,284.5,286.3636474609375,275.81817626953125,284.7727355957031,12256206
2015-04-23,258.089111328125,283.5,287.18182373046875,281.5909118652344,285.68182373046875,10352840
2015-04-24,255.1096954345703,280.2272644042969,284.1363525390625,279.18182373046875,284.0454406738281,13482295
2015-04-27,250.1854705810547,274.81817626953125,284.0454406738281,269.7272644042969,282.4545593261719,24819034
2015-04-28,270.5032043457031,297.1363525390625,298.7272644042969,277.81817626953125,277.81817626953125,37447522
2015-04-29,273.23431396484375,300.1363525390625,304.3636474609375,295.5454406738281,298.0,24501414
2015-04-30,274.0619201660156,301.0454406738281,303.2727355957031,295.6363525390625,300.9090881347656,20787994
2015-05-04,272.5308532714844,299.3636474609375,306.2727355957031,296.5454406738281,302.5,11308400
2015-05-05,271.8273620605469,298.5909118652344,300.81817626953125,297.3636474609375,299.3636474609375,10109107
2015-05-06,258.3373718261719,283.7727355957031,307.2727355957031,281.9545593261719,297.18182373046875,19967506
2015-05-07,252.08900451660156,276.9090881347656,284.5454406738281,273.2727355957031,283.81817626953125,16086181
2015-05-08,262.35125732421875,288.18182373046875,289.9090881347656,281.81817626953125,281.81817626953125,15672276
2015-05-11,267.7307434082031,294.0909118652344,296.18182373046875,290.0909118652344,290.9545593261719,9605442
2015-05-12,255.06837463378906,280.18182373046875,294.5454406738281,279.0909118652344,294.1363525390625,13692241
2015-05-13,262.8892517089844,288.7727355957031,290.1363525390625,278.6363525390625,284.68182373046875,15431501
2015-05-14,260.65472412109375,286.31817626953125,289.0454406738281,282.9545593261719,288.81817626953125,11672149
2015-05-15,258.5029602050781,283.9545593261719,287.68182373046875,282.31817626953125,286.6363525390625,12014773
2015-05-18,261.7305908203125,287.5,288.0909118652344,284.4545593261719,286.3636474609375,7629436
2015-05-19,260.9857177734375,286.68182373046875,289.9090881347656,283.6363525390625,285.4090881347656,9064851
2015-05-20,263.79962158203125,289.7727355957031,291.81817626953125,287.5,287.5,7555070
2015-05-21,259.49603271484375,285.0454406738281,291.6363525390625,284.2727355957031,291.0909118652344,11132704
2015-05-22,259.53741455078125,285.0909118652344,289.2272644042969,283.4090881347656,286.3636474609375,8944914
2015-05-25,258.3373718261719,283.7727355957031,285.5454406738281,282.68182373046875,283.6363525390625,5481212
2015-05-26,256.3096923828125,281.5454406738281,284.5454406738281,280.5909118652344,283.6363525390625,5505501
2015-05-27,259.1650085449219,284.68182373046875,286.18182373046875,279.5454406738281,283.4545593261719,12557150
2015-05-28,260.2822265625,285.9090881347656,287.2727355957031,283.18182373046875,285.68182373046875,11520281
2015-05-29,262.55816650390625,288.4090881347656,289.9090881347656,286.18182373046875,288.2727355957031,22664703
2015-06-01,261.8961181640625,287.68182373046875,290.0,287.2727355957031,288.18182373046875,7621775
2015-06-02,252.0062255859375,276.81817626953125,288.6363525390625,275.4545593261719,288.18182373046875,13982208
2015-06-03,244.76466369628906,268.8636474609375,276.5909118652344,264.3636474609375,276.5909118652344,22831293
2015-06-04,244.21746826171875,263.7272644042969,266.18182373046875,259.5,265.2727355957031,20759124
2015-06-05,239.16644287109375,258.2727355957031,265.81817626953125,257.2727355957031,264.7272644042969,23735127
2015-06-08,238.3666534423828,257.4090881347656,259.68182373046875,254.86363220214844,259.68182373046875,21145729
2015-06-09,241.69192504882812,261.0,261.6363525390625,256.4090881347656,257.18182373046875,19411474
2015-06-10,246.2378692626953,265.9090881347656,267.5909118652344,260.6363525390625,260.9090881347656,17487792
2015-06-11,242.8705291748047,262.2727355957031,270.18182373046875,260.4545593261719,269.0909118652344,21760535
2015-06-12,249.14218139648438,269.0454406738281,270.0,261.0454406738281,263.18182373046875,20748570
2015-06-15,251.87814331054688,272.0,273.0454406738281,266.5454406738281,268.18182373046875,17020704
2015-06-16,254.27745056152344,274.5909118652344,275.4545593261719,267.18182373046875,270.0454406738281,15828124
2015-06-17,253.6881866455078,273.9545593261719,276.6363525390625,272.7727355957031,276.5909118652344,16849471
2015-06-18,255.371826171875,275.7727355957031,277.9090881347656,274.8636474609375,276.8636474609375,15455462
2015-06-19,256.3819885253906,276.8636474609375,278.18182373046875,273.0909118652344,273.0909118652344,9060393
2015-06-22,265.2213134765625,286.4090881347656,287.18182373046875,278.2272644042969,278.5454406738281,17123638
2015-06-23,263.9164733886719,285.0,288.0,283.6363525390625,286.31817626953125,13093667
2015-06-24,267.4942626953125,288.8636474609375,291.2727355957031,284.2272644042969,285.18182373046875,14984900
2015-06-25,265.0108337402344,286.18182373046875,290.5909118652344,284.7272644042969,287.5909118652344,18385230
2015-06-26,262.40118408203125,283.3636474609375,286.4090881347656,280.5,286.3636474609375,11342004
2015-06-29,261.98028564453125,282.9090881347656,284.5454406738281,272.8636474609375,274.5454406738281,11605396
2015-06-30,259.286376953125,280.0,285.0909118652344,276.4090881347656,281.8636474609375,15125139
2015-07-01,262.82208251953125,283.81817626953125,285.0,280.6363525390625,280.6363525390625,15481941
2015-07-02,263.49554443359375,284.5454406738281,286.7727355957031,282.81817626953125,285.7272644042969,9252723
2015-07-03,264.8003845214844,285.9545593261719,286.81817626953125,282.6363525390625,283.4090881347656,5716323
2015-07-06,265.3055114746094,286.5,287.9545593261719,277.5,281.0,8562220
2015-07-07,263.1588134765625,284.18182373046875,289.0909118652344,283.2272644042969,285.4545593261719,10617091
2015-07-08,258.9075622558594,279.5909118652344,283.2727355957031,278.4545593261719,280.3636474609375,13252578
2015-07-09,260.5491638183594,281.3636474609375,282.68182373046875,277.9090881347656,279.0909118652344,6959346
2015-07-10,263.621826171875,284.68182373046875,286.2727355957031,282.0454406738281,284.0909118652344,10664155
2015-07-13,266.3577880859375,287.6363525390625,288.3636474609375,284.3636474609375,285.9090881347656,8964077
2015-07-14,263.8744201660156,284.9545593261719,288.2727355957031,283.68182373046875,288.18182373046875,8304877
2015-07-15,264.8845520019531,286.0454406738281,287.2727355957031,284.8636474609375,285.3636474609375,7378092
2015-07-16,266.94708251953125,288.2727355957031,289.31817626953125,285.81817626953125,286.1363525390625,13466904
2015-07-17,267.2417297363281,288.5909118652344,291.81817626953125,287.7727355957031,289.0909118652344,9339699
2015-07-20,265.85272216796875,287.0909118652344,290.7272644042969,283.7272644042969,289.9545593261719,9420104
2015-07-21,262.1907043457031,283.1363525390625,288.6363525390625,282.18182373046875,288.6363525390625,10702263
2015-07-22,266.6945495605469,288.0,288.81817626953125,281.6363525390625,282.5454406738281,11141670
2015-07-23,263.411376953125,284.4545593261719,288.81817626953125,283.8636474609375,288.0454406738281,15214876
2015-07-24,253.05677795410156,273.2727355957031,283.4545593261719,272.0909118652344,283.4545593261719,21177605
2015-07-27,245.0592803955078,264.6363525390625,272.5909118652344,263.7272644042969,272.5909118652344,11212545
2015-07-28,239.924072265625,259.0909118652344,268.5,257.0,265.18182373046875,25395273
2015-07-29,243.50192260742188,262.9545593261719,263.5454406738281,258.2272644042969,261.3636474609375,13165836
2015-07-30,244.97508239746094,264.5454406738281,266.9545593261719,261.3636474609375,263.6363525390625,13705803
2015-07-31,254.5720977783203,274.9090881347656,280.81817626953125,267.3636474609375,267.68182373046875,38967790
2015-08-03,263.411376953125,284.4545593261719,285.4545593261719,276.5454406738281,276.7727355957031,28709585
2015-08-04,264.3794860839844,285.5,286.5909118652344,279.1363525390625,285.0,16797983
2015-08-05,262.1065368652344,283.0454406738281,290.7272644042969,280.9090881347656,286.1363525390625,13798462
2015-08-06,261.85394287109375,282.7727355957031,284.4090881347656,279.5,284.31817626953125,12210084
2015-08-07,261.0963134765625,281.9545593261719,284.1363525390625,280.4090881347656,281.7272644042969,6215341
2015-08-10,260.63330078125,281.4545593261719,285.4545593261719,279.2272644042969,281.81817626953125,7698226
2015-08-11,254.44581604003906,274.7727355957031,281.7272644042969,273.4090881347656,281.7272644042969,10431195
2015-08-12,245.52232360839844,265.1363525390625,272.8636474609375,263.7272644042969,272.7272644042969,10292540
2015-08-13,245.73277282714844,265.3636474609375,271.5454406738281,264.4090881347656,268.4090881347656,13754705
2015-08-14,254.74041748046875,275.0909118652344,276.18182373046875,265.5,267.5,9669851
2015-08-17,254.99302673339844,275.3636474609375,277.0,269.8636474609375,274.5,8331141
2015-08-18,253.4776611328125,273.7272644042969,276.5454406738281,270.6363525390625,275.4545593261719,5936462
2015-08-19,256.3398742675781,276.81817626953125,277.6363525390625,273.18182373046875,273.68182373046875,8754270
2015-08-20,251.0784149169922,271.1363525390625,278.8636474609375,268.9545593261719,272.9545593261719,15936951
2015-08-21,249.60519409179688,269.5454406738281,270.81817626953125,262.3636474609375,267.0454406738281,13769807
2015-08-24,227.25439453125,245.40908813476562,258.9545593261719,243.18182373046875,256.7272644042969,33312582
2015-08-25,238.6613311767578,257.7272644042969,258.5454406738281,242.86363220214844,251.40908813476562,26553623
2015-08-26,234.07327270507812,252.77272033691406,256.5909118652344,250.63636779785156,254.5,16189880
2015-08-27,237.7774200439453,256.7727355957031,258.6363525390625,254.72726440429688,257.0454406738281,27884874
2015-08-28,238.82968139648438,257.9090881347656,263.0,256.0454406738281,259.1363525390625,14365759
2015-08-31,233.94700622558594,252.63636779785156,258.5,251.22726440429688,257.18182373046875,15079961
2015-09-01,228.09625244140625,246.31817626953125,253.13636779785156,243.90908813476562,250.0,17342438
2015-09-02,222.9610137939453,240.77272033691406,251.59091186523438,239.18182373046875,250.90908813476562,18825908
2015-09-03,224.6446990966797,242.59091186523438,245.27272033691406,237.90908813476562,244.22726440429688,16509187
2015-09-04,216.98394775390625,234.31817626953125,241.0,231.5,240.81817626953125,21605844
2015-09-07,209.70205688476562,226.4545440673828,237.5,225.18182373046875,236.40908813476562,21698736
2015-09-08,219.55157470703125,237.09091186523438,238.4545440673828,226.5454559326172,228.90908813476562,18300349
2015-09-09,222.70846557617188,240.5,244.5454559326172,238.77272033691406,243.59091186523438,24478703
2015-09-10,225.10769653320312,243.09091186523438,245.4545440673828,232.9545440673828,236.36363220214844,13718266
2015-09-11,225.2339630126953,243.22726440429688,245.36363220214844,240.36363220214844,243.0454559326172,14872838
2015-09-14,229.31690979003906,247.63636779785156,248.4545440673828,239.18182373046875,242.0454559326172,13300446
2015-09-15,226.0337371826172,244.09091186523438,248.18182373046875,242.5454559326172,248.18182373046875,14825729
2015-09-16,229.69573974609375,248.0454559326172,249.0454559326172,244.59091186523438,247.72726440429688,13377086
2015-09-18,233.90492248535156,252.59091186523438,259.4090881347656,249.81817626953125,252.9545440673828,21286324
2015-09-21,235.12559509277344,253.90908813476562,254.86363220214844,246.36363220214844,247.18182373046875,11510079
2015-09-22,227.75950622558594,245.9545440673828,254.86363220214844,244.63636779785156,252.72726440429688,14741229
2015-09-23,230.1166534423828,248.5,250.0,240.13636779785156,242.68182373046875,12489166
2015-09-24,225.86534118652344,243.90908813476562,248.72726440429688,242.72726440429688,246.72726440429688,10557228
2015-09-28,225.6969757080078,243.72726440429688,247.90908813476562,242.22726440429688,247.27272033691406,8561999
2015-09-29,226.4546661376953,244.5454559326172,247.86363220214844,233.0454559326172,239.72726440429688,29415623
2015-09-30,227.5911407470703,245.77272033691406,247.5454559326172,241.5454559326172,246.63636779785156,13700514
2015-10-01,224.8551483154297,242.81817626953125,248.59091186523438,241.86363220214844,248.59091186523438,7677876
2015-10-05,236.51463317871094,255.40908813476562,256.3636474609375,247.63636779785156,247.63636779785156,13756761
2015-10-06,238.02992248535156,257.0454406738281,258.9545593261719,254.5454559326172,258.18182373046875,10497246
2015-10-07,238.24041748046875,257.2727355957031,258.0,252.0,255.36363220214844,7765703
2015-10-08,234.41001892089844,253.13636779785156,256.7272644042969,251.9545440673828,256.7272644042969,6649535
2015-10-09,240.85011291503906,260.0909118652344,261.7272644042969,255.0454559326172,255.90908813476562,11102562
2015-10-12,242.11285400390625,261.4545593261719,265.0,259.31817626953125,261.5454406738281,7892259
2015-10-13,241.986572265625,261.31817626953125,263.3636474609375,258.6363525390625,259.9090881347656,6102034
2015-10-14,238.15621948242188,257.18182373046875,259.2727355957031,256.31817626953125,257.68182373046875,5325426
2015-10-15,241.060546875,260.31817626953125,260.9090881347656,257.8636474609375,258.18182373046875,6759388
2015-10-16,243.67022705078125,263.1363525390625,266.0909118652344,256.8636474609375,260.4545593261719,8890588
2015-10-19,241.77613830566406,261.0909118652344,263.5454406738281,259.6363525390625,263.0909118652344,5806930
2015-10-20,240.93426513671875,260.18182373046875,263.18182373046875,258.4545593261719,260.4545593261719,8710318
2015-10-21,237.9878387451172,257.0,261.68182373046875,253.4545440673828,259.5909118652344,5616168
2015-10-23,240.97634887695312,260.2272644042969,262.7272644042969,258.7727355957031,259.9545593261719,8208290
2015-10-26,240.21871948242188,259.4090881347656,263.4090881347656,257.9545593261719,261.5909118652344,6085533
2015-10-27,238.82968139648438,257.9090881347656,259.9090881347656,256.4545593261719,258.18182373046875,6090339
2015-10-28,228.3066864013672,246.5454559326172,255.18182373046875,244.63636779785156,254.5454559326172,15503186
2015-10-29,228.5171661376953,246.77272033691406,249.36363220214844,245.77272033691406,247.5454559326172,9035266
2015-10-30,233.18936157226562,251.81817626953125,254.22726440429688,245.90908813476562,247.5,27623495
2015-11-02,235.3360595703125,254.13636779785156,255.72726440429688,250.63636779785156,251.81817626953125,11398428
2015-11-03,235.25186157226562,254.0454559326172,257.0,252.90908813476562,254.90908813476562,9079788
2015-11-04,230.1166534423828,248.5,255.40908813476562,247.72726440429688,255.40908813476562,7389933
2015-11-05,227.338623046875,245.5,248.63636779785156,244.31817626953125,247.27272033691406,11422504
2015-11-06,224.8551483154297,242.81817626953125,245.36363220214844,240.68182373046875,245.36363220214844,12121540
2015-11-09,221.5299072265625,239.22726440429688,240.90908813476562,232.72726440429688,235.72726440429688,13448248
2015-11-10,221.23524475097656,238.90908813476562,242.18182373046875,236.77272033691406,237.72726440429688,8652695
2015-11-13,220.35133361816406,237.9545440673828,239.09091186523438,235.4545440673828,236.68182373046875,10160904
2015-11-16,224.98143005371094,242.9545440673828,243.9545440673828,236.0,237.27272033691406,8992376
2015-11-17,225.4865264892578,243.5,247.59091186523438,240.9545440673828,247.0,17959700
2015-11-18,219.25694274902344,236.77272033691406,243.86363220214844,235.90908813476562,242.72726440429688,9500657
2015-11-19,224.265869140625,242.18182373046875,243.63636779785156,238.72726440429688,239.09091186523438,9618626
2015-11-20,223.04519653320312,240.86363220214844,245.68182373046875,239.5454559326172,240.5454559326172,9819811
2015-11-23,223.8870391845703,241.77272033691406,243.40908813476562,233.90908813476562,241.81817626953125,12735592
2015-11-24,221.6982421875,239.40908813476562,241.27272033691406,236.0454559326172,239.40908813476562,11775700
2015-11-26,222.24546813964844,240.0,243.36363220214844,239.31817626953125,239.31817626953125,13255344
2015-11-27,227.338623046875,245.5,246.36363220214844,240.36363220214844,241.59091186523438,11608418
2015-11-30,230.2850341796875,248.68182373046875,252.27272033691406,243.81817626953125,243.81817626953125,16528998
2015-12-01,230.5796661376953,249.0,251.59091186523438,248.4545440673828,250.0454559326172,6603705
2015-12-02,227.6332244873047,245.81817626953125,250.36363220214844,244.13636779785156,249.59091186523438,7161062
2015-12-03,223.76077270507812,241.63636779785156,245.5,241.0,244.22726440429688,8549273
2015-12-04,220.09877014160156,237.68182373046875,240.0,237.09091186523438,239.13636779785156,9085607
2015-12-07,221.44570922851562,239.13636779785156,240.5,237.81817626953125,240.27272033691406,5522740
2015-12-08,220.09877014160156,237.68182373046875,238.63636779785156,236.0454559326172,237.9545440673828,11624224
2015-12-09,218.4151153564453,235.86363220214844,238.13636779785156,234.90908813476562,237.09091186523438,8129762
2015-12-10,217.9941864013672,235.40908813476562,238.09091186523438,232.72726440429688,237.13636779785156,11053207
2015-12-11,209.8704376220703,226.63636779785156,237.36363220214844,224.68182373046875,236.86363220214844,18851171
2015-12-14,209.6178741455078,226.36363220214844,229.0454559326172,222.72726440429688,224.81817626953125,13279719
2015-12-15,207.42909240722656,224.0,225.36363220214844,220.9545440673828,225.36363220214844,13675557
2015-12-16,212.18548583984375,229.13636779785156,230.4545440673828,221.5,224.77272033691406,18885293
2015-12-17,213.1114959716797,230.13636779785156,232.09091186523438,227.36363220214844,230.86363220214844,17692297
2015-12-18,210.5438995361328,227.36363220214844,230.0,227.13636779785156,229.18182373046875,14450734
2015-12-21,217.36276245117188,234.72726440429688,235.90908813476562,227.27272033691406,227.36363220214844,14307700
2015-12-22,218.49928283691406,235.9545440673828,239.5454559326172,233.13636779785156,233.18182373046875,21342967
2015-12-23,220.43551635742188,238.0454559326172,239.0454559326172,235.5454559326172,236.0,11533960
2015-12-24,217.1522979736328,234.5,239.63636779785156,233.90908813476562,239.09091186523438,6097366
2015-12-28,222.28756713867188,240.0454559326172,240.90908813476562,236.36363220214844,236.40908813476562,12041784
2015-12-29,222.87684631347656,240.68182373046875,242.27272033691406,237.72726440429688,240.0,9054719
2015-12-30,220.85641479492188,238.5,240.40908813476562,237.9545440673828,239.31817626953125,10025565
2015-12-31,220.01458740234375,237.59091186523438,239.86363220214844,236.5,238.27272033691406,8546444
2016-01-01,221.40362548828125,239.09091186523438,239.63636779785156,234.5454559326172,237.5454559326172,5998096
2016-01-04,215.13189697265625,232.31817626953125,237.59091186523438,231.5,237.27272033691406,9435792
2016-01-05,216.10003662109375,233.36363220214844,234.09091186523438,228.81817626953125,232.9545440673828,8966977
2016-01-06,210.5438995361328,227.36363220214844,233.40908813476562,226.5454559326172,232.18182373046875,17416181
2016-01-07,207.7237091064453,224.31817626953125,225.18182373046875,221.0,224.0,18240712
2016-01-08,206.29261779785156,222.77272033691406,225.27272033691406,221.31817626953125,222.27272033691406,14404391
2016-01-11,201.57830810546875,217.68182373046875,221.72726440429688,216.40908813476562,219.90908813476562,14208668
2016-01-12,199.3053436279297,215.22726440429688,219.86363220214844,214.18182373046875,219.09091186523438,11895899
2016-01-13,201.62039184570312,217.72726440429688,220.81817626953125,210.09091186523438,216.18182373046875,18215710
2016-01-14,198.46348571777344,214.31817626953125,218.0,210.72726440429688,212.90908813476562,14600781
2016-01-15,188.95074462890625,204.0454559326172,214.81817626953125,201.59091186523438,214.18182373046875,22333902
2016-01-18,187.81423950195312,202.81817626953125,207.90908813476562,198.0,203.81817626953125,30239009
2016-01-19,192.5706329345703,207.9545440673828,210.22726440429688,204.22726440429688,204.22726440429688,16222439
2016-01-20,188.90863037109375,204.0,207.18182373046875,200.09091186523438,204.4545440673828,14353478
2016-01-21,190.5081329345703,205.72726440429688,212.27272033691406,203.81817626953125,207.72726440429688,15665863
2016-01-22,195.93800354003906,211.59091186523438,213.5454559326172,208.90908813476562,211.4545440673828,15148522
2016-01-25,198.716064453125,214.59091186523438,216.81817626953125,212.90908813476562,214.5,17137268
2016-01-27,199.76834106445312,215.72726440429688,217.5454559326172,213.36363220214844,216.36363220214844,12155561
2016-01-28,196.3168182373047,212.0,217.77272033691406,210.22726440429688,216.86363220214844,24258166
2016-01-29,193.74923706054688,209.22726440429688,213.0,199.09091186523438,199.09091186523438,47755494
2016-02-01,182.847412109375,197.4545440673828,206.68182373046875,196.27272033691406,206.36363220214844,40395715
2016-02-02,177.1228790283203,191.27272033691406,199.72726440429688,190.63636779785156,198.18182373046875,31821419
2016-02-03,171.77720642089844,185.5,189.81817626953125,184.13636779785156,188.18182373046875,23592288
2016-02-04,171.69302368164062,185.40908813476562,187.63636779785156,182.27272033691406,187.63636779785156,30869158
2016-02-05,176.2810516357422,190.36363220214844,191.81817626953125,185.09091186523438,186.81817626953125,36189377
2016-02-08,175.56549072265625,189.59091186523438,195.90908813476562,187.40908813476562,191.81817626953125,19366081
2016-02-09,176.2810516357422,190.36363220214844,192.27272033691406,182.5,185.4545440673828,20906682
2016-02-10,174.47108459472656,188.40908813476562,190.4545440673828,183.63636779785156,184.63636779785156,22742128
2016-02-11,167.7364044189453,181.13636779785156,188.13636779785156,180.0,185.22726440429688,31817116
2016-02-12,162.9379119873047,175.9545440673828,180.36363220214844,173.18182373046875,178.72726440429688,41775526
2016-02-15,171.31419372558594,185.0,188.4545440673828,176.27272033691406,176.27272033691406,34130349
2016-02-16,165.50552368164062,178.72726440429688,188.18182373046875,177.72726440429688,188.18182373046875,20895952
2016-02-17,160.58078002929688,173.40908813476562,179.22726440429688,171.68182373046875,178.63636779785156,28792115
2016-02-18,165.12669372558594,178.31817626953125,180.90908813476562,175.63636779785156,175.90908813476562,32260277
2016-02-19,167.35755920410156,180.72726440429688,183.13636779785156,177.5,178.0,17617480
2016-02-22,167.06292724609375,180.40908813476562,183.0,178.59091186523438,179.5454559326172,17567788
2016-02-23,161.633056640625,174.5454559326172,181.27272033691406,172.9545440673828,181.27272033691406,20001984
2016-02-24,157.42388916015625,170.0,173.81817626953125,168.9545440673828,171.81817626953125,20654961
2016-02-25,154.05650329589844,166.36363220214844,171.81817626953125,165.0454559326172,170.63636779785156,38340699
2016-02-26,155.57179260253906,168.0,169.0454559326172,164.31817626953125,167.5454559326172,24687792
2016-02-29,159.99147033691406,172.77272033691406,178.09091186523438,165.18182373046875,168.0,43510436
2016-03-01,172.5348663330078,186.31817626953125,187.68182373046875,177.5,177.5,27223692
2016-03-02,185.20455932617188,200.0,201.27272033691406,191.90908813476562,192.4545440673828,40766551
2016-03-03,183.5208740234375,198.18182373046875,200.27272033691406,194.72726440429688,198.72726440429688,22903720
2016-03-04,185.62548828125,200.4545440673828,204.0,199.13636779785156,201.59091186523438,24493722
2016-03-08,182.55276489257812,197.13636779785156,199.9545440673828,194.81817626953125,199.9545440673828,18883002
2016-03-09,182.13185119628906,196.68182373046875,198.09091186523438,190.9545440673828,193.4545440673828,17300650
2016-03-10,181.41627502441406,195.90908813476562,198.9545440673828,195.09091186523438,198.18182373046875,13551255
2016-03-11,180.02723693847656,194.40908813476562,198.68182373046875,193.27272033691406,193.9545440673828,14879621
2016-03-14,186.5935821533203,201.5,202.5454559326172,198.77272033691406,199.09091186523438,16726756
2016-03-15,186.34103393554688,201.22726440429688,204.40908813476562,200.4545440673828,202.5454559326172,13475557
2016-03-16,190.59230041503906,205.81817626953125,206.72726440429688,198.68182373046875,199.90908813476562,17144832
2016-03-17,191.7288055419922,207.0454559326172,214.77272033691406,204.5,209.09091186523438,32391146
2016-03-18,193.7913055419922,209.27272033691406,210.40908813476562,205.59091186523438,207.4545440673828,18370981
2016-03-21,197.7058563232422,213.5,214.18182373046875,210.40908813476562,210.5,14818419
2016-03-22,196.65353393554688,212.36363220214844,213.27272033691406,209.63636779785156,213.27272033691406,12269251
2016-03-23,197.15866088867188,212.90908813476562,213.63636779785156,209.81817626953125,210.40908813476562,16987529
2016-03-28,189.7925567626953,204.9545440673828,212.72726440429688,203.5454559326172,212.72726440429688,20214214
2016-03-29,188.0668182373047,203.09091186523438,206.31817626953125,202.18182373046875,203.0,20447782
2016-03-30,199.93673706054688,215.90908813476562,217.27272033691406,206.18182373046875,207.72726440429688,23016348
2016-03-31,199.22116088867188,215.13636779785156,219.40908813476562,212.4545440673828,216.5454559326172,30614104
2016-04-01,200.61021423339844,216.63636779785156,217.68182373046875,211.5454559326172,214.5454559326172,15677352
2016-04-04,200.98902893066406,217.0454559326172,219.13636779785156,213.31817626953125,218.40908813476562,16716587
2016-04-05,189.91883850097656,205.09091186523438,215.90908813476562,204.5454559326172,214.90908813476562,26547328
2016-04-06,187.35122680664062,202.31817626953125,207.27272033691406,200.09091186523438,206.63636779785156,19185947
2016-04-07,185.4571075439453,200.27272033691406,203.86363220214844,199.22726440429688,202.5454559326172,17724531
2016-04-08,186.25685119628906,201.13636779785156,203.4545440673828,199.59091186523438,200.5,9986871
2016-04-11,189.1611785888672,204.27272033691406,204.72726440429688,199.18182373046875,202.0,19813955
2016-04-12,192.5706329345703,207.9545440673828,209.90908813476562,203.4545440673828,203.90908813476562,20594261
2016-04-13,202.58853149414062,218.77272033691406,222.0,211.86363220214844,211.90908813476562,26283492
2016-04-18,199.64208984375,215.59091186523438,221.77272033691406,213.27272033691406,221.36363220214844,17531597
2016-04-20,200.3997344970703,216.40908813476562,217.81817626953125,212.81817626953125,217.36363220214844,18650423
2016-04-21,213.02732849121094,230.0454559326172,234.36363220214844,223.86363220214844,223.86363220214844,36699098
2016-04-22,212.14340209960938,229.09091186523438,233.63636779785156,227.4545440673828,232.9545440673828,25884500
2016-04-25,212.943115234375,229.9545440673828,232.13636779785156,228.31817626953125,230.09091186523438,18121694
2016-04-26,213.86917114257812,230.9545440673828,231.5454559326172,224.09091186523438,228.0454559326172,30185498
2016-04-27,205.91378784179688,222.36363220214844,228.18182373046875,221.13636779785156,228.09091186523438,36932788
2016-04-28,202.12551879882812,218.27272033691406,225.4545440673828,217.27272033691406,223.09091186523438,41386507
2016-04-29,199.4737091064453,215.40908813476562,222.18182373046875,210.27272033691406,218.86363220214844,71191415
2016-05-02,190.886962890625,206.13636779785156,209.5454559326172,204.90908813476562,206.63636779785156,36440547
2016-05-03,186.13058471679688,201.0,209.09091186523438,200.0,205.22726440429688,29305611
2016-05-04,180.53236389160156,194.9545440673828,200.72726440429688,194.0454559326172,198.59091186523438,36781786
2016-05-05,180.70071411132812,195.13636779785156,199.90908813476562,194.31817626953125,194.81817626953125,27512684
2016-05-06,184.02597045898438,198.72726440429688,200.22726440429688,193.81817626953125,194.5454559326172,22266141
2016-05-09,189.66629028320312,204.81817626953125,205.4545440673828,199.18182373046875,199.63636779785156,19006901
2016-05-10,189.8346710205078,205.0,206.81817626953125,202.36363220214844,204.90908813476562,22357177
2016-05-11,188.52981567382812,203.59091186523438,205.9545440673828,198.81817626953125,200.0,32481385
2016-05-12,195.1382293701172,210.72726440429688,211.72726440429688,207.5,207.72726440429688,23932051
2016-05-13,190.676513671875,205.90908813476562,209.5,203.09091186523438,209.5,23963285
2016-05-16,188.36143493652344,203.40908813476562,207.0,197.90908813476562,207.0,21535308
2016-05-17,190.21347045898438,205.40908813476562,206.81817626953125,202.0454559326172,204.86363220214844,18859442
2016-05-18,190.6343994140625,205.86363220214844,206.77272033691406,201.63636779785156,202.72726440429688,17541869
2016-05-19,189.8767547607422,205.0454559326172,207.72726440429688,203.81817626953125,205.86363220214844,16422069
2016-05-20,185.28872680664062,200.09091186523438,205.72726440429688,199.63636779785156,205.0,14666521
2016-05-23,186.13058471679688,201.0,203.5454559326172,200.31817626953125,201.90908813476562,14239474
2016-05-24,189.03492736816406,204.13636779785156,204.72726440429688,201.4545440673828,202.36363220214844,10907585
2016-05-25,197.83213806152344,213.63636779785156,214.18182373046875,206.0,206.31817626953125,20767970
2016-05-26,203.0094451904297,219.22726440429688,220.90908813476562,211.81817626953125,214.4545440673828,33650773
2016-05-27,204.693115234375,221.0454559326172,225.63636779785156,216.4545440673828,217.27272033691406,26582685
2016-05-30,205.82958984375,222.27272033691406,224.18182373046875,217.09091186523438,221.13636779785156,15860236
2016-05-31,205.9558563232422,222.40908813476562,226.36363220214844,219.36363220214844,225.86363220214844,18249239
2016-06-01,202.08340454101562,218.22726440429688,223.13636779785156,217.36363220214844,221.72726440429688,11862710
2016-06-02,203.1778106689453,219.40908813476562,220.36363220214844,216.0,217.36363220214844,15349530
2016-06-03,205.19822692871094,221.59091186523438,224.0,220.0,220.81817626953125,16566716
2016-06-06,204.98776245117188,221.36363220214844,223.63636779785156,220.0,221.27272033691406,11592082
2016-06-07,213.91127014160156,231.0,231.68182373046875,222.4545440673828,223.18182373046875,25311345
2016-06-08,216.89976501464844,234.22726440429688,237.4545440673828,229.81817626953125,232.0,25139392
2016-06-09,214.29010009765625,231.40908813476562,235.68182373046875,230.18182373046875,233.63636779785156,13787240
2016-06-10,212.64849853515625,229.63636779785156,234.22726440429688,228.63636779785156,230.0,13236448
2016-06-13,205.19822692871094,221.59091186523438,225.81817626953125,220.40908813476562,225.81817626953125,14297870
2016-06-14,206.2084197998047,222.68182373046875,224.9545440673828,222.09091186523438,224.5454559326172,11988708
2016-06-15,208.73394775390625,225.40908813476562,226.5454559326172,219.63636779785156,223.18182373046875,15761615
2016-06-16,205.3832244873047,217.31817626953125,221.5454559326172,216.40908813476562,221.5454559326172,17042021
2016-06-17,204.86769104003906,216.77272033691406,220.18182373046875,213.77272033691406,219.5,15150943
2016-06-20,204.56700134277344,216.4545440673828,217.68182373046875,212.40908813476562,212.40908813476562,17780316
2016-06-21,204.3522186279297,216.22726440429688,219.09091186523438,214.77272033691406,218.40908813476562,12191664
2016-06-22,205.34024047851562,217.27272033691406,220.31817626953125,214.36363220214844,215.5454559326172,13478056
2016-06-23,206.97264099121094,219.0,219.5,214.59091186523438,217.31817626953125,7979235
2016-06-24,198.42396545410156,209.9545440673828,211.72726440429688,201.0,208.18182373046875,33755632
2016-06-27,199.9275360107422,211.5454559326172,213.09091186523438,208.4545440673828,208.4545440673828,13172968
2016-06-28,200.3141326904297,211.9545440673828,212.90908813476562,209.09091186523438,209.63636779785156,11302737
2016-06-29,203.32122802734375,215.13636779785156,216.63636779785156,212.9545440673828,214.4545440673828,7959976
2016-06-30,206.6719512939453,218.68182373046875,220.72726440429688,217.5454559326172,217.72726440429688,16851065
2016-07-01,206.50010681152344,218.5,220.59091186523438,217.77272033691406,219.72726440429688,9108853
2016-07-04,213.2015838623047,225.59091186523438,226.31817626953125,219.90908813476562,221.0,10389222
2016-07-05,210.58114624023438,222.81817626953125,228.27272033691406,222.31817626953125,228.0,10375132
2016-07-07,210.36636352539062,222.59091186523438,224.59091186523438,221.81817626953125,222.72726440429688,8365966
2016-07-08,207.87477111816406,219.9545440673828,222.27272033691406,217.77272033691406,222.27272033691406,7658211
2016-07-11,214.6621856689453,227.13636779785156,227.90908813476562,224.18182373046875,224.18182373046875,9682385
2016-07-12,224.84326171875,237.90908813476562,238.36363220214844,227.9545440673828,228.72726440429688,28558549
2016-07-13,224.37075805664062,237.40908813476562,243.36363220214844,235.5454559326172,240.22726440429688,28248930
2016-07-14,230.77149963378906,244.18182373046875,245.09091186523438,236.0454559326172,237.27272033691406,14269365
2016-07-15,228.32290649414062,241.59091186523438,245.31817626953125,239.4545440673828,245.0,11510449
2016-07-18,226.30384826660156,239.4545440673828,246.59091186523438,238.68182373046875,241.63636779785156,14310274
2016-07-19,231.24404907226562,244.68182373046875,245.90908813476562,239.31817626953125,240.90908813476562,14880049
2016-07-20,229.82644653320312,243.18182373046875,243.81817626953125,241.31817626953125,242.72726440429688,7892214
2016-07-21,225.0150909423828,238.09091186523438,244.5454559326172,237.5454559326172,242.63636779785156,12060367
2016-07-22,226.34681701660156,239.5,240.36363220214844,235.31817626953125,238.5,8537587
2016-07-25,230.81446838378906,244.22726440429688,246.31817626953125,237.0454559326172,238.09091186523438,11311554
2016-07-26,224.80030822753906,237.86363220214844,245.0,236.4545440673828,244.0454559326172,11896758
2016-07-27,232.4898223876953,246.0,248.90908813476562,238.90908813476562,238.90908813476562,26003949
2016-07-28,233.69265747070312,247.27272033691406,249.09091186523438,245.86363220214844,246.27272033691406,9781546
2016-07-29,225.87425231933594,239.0,246.68182373046875,238.22726440429688,245.5,21115025
2016-08-01,214.36148071289062,226.81817626953125,237.5454559326172,225.63636779785156,232.63636779785156,42583051
2016-08-02,210.75299072265625,223.0,226.77272033691406,222.72726440429688,226.77272033691406,20758831
2016-08-03,208.003662109375,220.09091186523438,224.77272033691406,218.68182373046875,222.4545440673828,17910406
2016-08-04,206.50010681152344,218.5,222.77272033691406,215.13636779785156,222.59091186523438,29931529
2016-08-05,211.31146240234375,223.59091186523438,226.0454559326172,221.90908813476562,221.90908813476562,16307350
2016-08-08,210.7100372314453,222.9545440673828,225.18182373046875,222.31817626953125,223.72726440429688,11906856
2016-08-09,210.7959442138672,223.0454559326172,225.90908813476562,222.27272033691406,223.09091186523438,12642014
2016-08-10,205.6409454345703,217.59091186523438,224.13636779785156,216.5,223.63636779785156,12527824
2016-08-11,208.5191650390625,220.63636779785156,221.22726440429688,215.9545440673828,218.18182373046875,9477854
2016-08-12,211.31146240234375,223.59091186523438,225.09091186523438,219.27272033691406,221.36363220214844,11727486
2016-08-16,213.5452880859375,225.9545440673828,226.77272033691406,221.68182373046875,223.63636779785156,13111524
2016-08-17,212.72906494140625,225.09091186523438,228.72726440429688,222.90908813476562,225.5454559326172,12875115
2016-08-18,217.28262329101562,229.90908813476562,230.72726440429688,225.22726440429688,225.31817626953125,20725328
2016-08-19,218.14178466796875,230.81817626953125,232.4545440673828,228.68182373046875,230.0,14519513
2016-08-22,216.7241668701172,229.31817626953125,231.77272033691406,226.09091186523438,231.13636779785156,9076842
2016-08-23,214.96287536621094,227.4545440673828,229.09091186523438,226.13636779785156,227.68182373046875,10995821
2016-08-24,213.45933532714844,225.86363220214844,228.81817626953125,225.31817626953125,227.4545440673828,9228359
2016-08-25,212.17059326171875,224.5,227.4545440673828,223.72726440429688,225.40908813476562,14901359
2016-08-26,210.75299072265625,223.0,226.18182373046875,221.09091186523438,225.63636779785156,11490424
2016-08-29,215.22064208984375,227.72726440429688,229.68182373046875,222.36363220214844,222.72726440429688,9206563
2016-08-30,220.16082763671875,232.9545440673828,233.5454559326172,229.09091186523438,229.09091186523438,15251016
2016-08-31,221.6643829345703,234.5454559326172,237.13636779785156,233.63636779785156,233.72726440429688,16906022
2016-09-01,224.19891357421875,237.22726440429688,240.0,235.22726440429688,235.22726440429688,18098850
2016-09-02,224.49961853027344,237.5454559326172,240.27272033691406,236.59091186523438,238.63636779785156,8034006
2016-09-06,234.29409790039062,247.90908813476562,249.0,238.81817626953125,238.81817626953125,23274042
2016-09-07,238.97654724121094,252.86363220214844,257.9545593261719,247.40908813476562,249.09091186523438,35379184
2016-09-08,237.43002319335938,251.22726440429688,255.18182373046875,250.5,253.27272033691406,13116475
2016-09-09,235.49693298339844,249.18182373046875,250.90908813476562,245.5454559326172,249.59091186523438,16649877
2016-09-12,230.42784118652344,243.81817626953125,244.9545440673828,238.81817626953125,242.72726440429688,20617372
2016-09-14,233.2201385498047,246.77272033691406,248.90908813476562,242.13636779785156,242.4545440673828,16807794
2016-09-15,232.4898223876953,246.0,248.86363220214844,243.81817626953125,247.0,12135372
2016-09-16,229.6975555419922,243.0454559326172,250.5454559326172,242.09091186523438,247.0454559326172,32955498
2016-09-19,233.34901428222656,246.90908813476562,247.63636779785156,243.4545440673828,243.63636779785156,15144399
2016-09-20,233.77857971191406,247.36363220214844,249.27272033691406,244.86363220214844,247.18182373046875,11030397
2016-09-21,231.88844299316406,245.36363220214844,248.18182373046875,242.68182373046875,248.0,12736748
2016-09-22,236.69972229003906,250.4545440673828,252.63636779785156,247.5454559326172,250.90908813476562,14886284
2016-09-23,233.04830932617188,246.59091186523438,250.77272033691406,245.36363220214844,250.72726440429688,17977571
2016-09-26,225.5735626220703,238.68182373046875,244.27272033691406,238.0,244.09091186523438,15868805
2016-09-27,223.38267517089844,236.36363220214844,240.27272033691406,235.4545440673828,239.59091186523438,17356843
2016-09-28,224.02706909179688,237.0454559326172,238.59091186523438,235.5,236.72726440429688,17881785
2016-09-29,215.09176635742188,227.59091186523438,239.5454559326172,221.18182373046875,239.09091186523438,48140661
2016-09-30,216.6382598876953,229.22726440429688,230.27272033691406,224.5,225.5,15104920
2016-10-03,220.074951171875,232.86363220214844,233.5454559326172,227.36363220214844,228.18182373046875,18062317
2016-10-04,221.836181640625,234.72726440429688,236.31817626953125,231.72726440429688,233.5,16201324
2016-10-05,219.47352600097656,232.22726440429688,236.90908813476562,231.4545440673828,236.31817626953125,16039581
2016-10-06,215.864990234375,228.40908813476562,233.68182373046875,226.5454559326172,233.63636779785156,13854468
2016-10-07,215.3065643310547,227.81817626953125,230.81817626953125,225.63636779785156,228.09091186523438,10506728
2016-10-10,214.876953125,227.36363220214844,230.18182373046875,226.5,229.0,6611211
2016-10-13,207.18743896484375,219.22726440429688,225.81817626953125,217.36363220214844,225.27272033691406,20736801
2016-10-14,207.7029571533203,219.77272033691406,220.90908813476562,217.90908813476562,219.27272033691406,10761830
2016-10-17,222.30873107910156,235.22726440429688,236.27272033691406,223.22726440429688,223.63636779785156,69082439
2016-10-18,232.27503967285156,245.77272033691406,246.72726440429688,235.90908813476562,235.9545440673828,41861705
2016-10-19,227.72146606445312,240.9545440673828,247.0,239.31817626953125,246.68182373046875,19968759
2016-10-20,238.5039825439453,252.36363220214844,253.5454559326172,242.86363220214844,242.86363220214844,36280178
2016-10-21,238.3321533203125,252.18182373046875,254.59091186523438,249.18182373046875,251.13636779785156,26362877
2016-10-24,244.4751739501953,258.68182373046875,260.4090881347656,253.77272033691406,253.77272033691406,22219428
2016-10-25,248.51324462890625,262.9545593261719,265.0909118652344,258.7272644042969,262.9090881347656,25090671
2016-10-26,239.19134521484375,253.09091186523438,258.5909118652344,251.81817626953125,258.5909118652344,30017739
2016-10-27,244.26039123535156,258.4545593261719,259.0909118652344,250.0,252.18182373046875,19868027
2016-10-28,237.85963439941406,251.68182373046875,256.81817626953125,250.5,256.3636474609375,18314125
2016-11-01,236.5708770751953,250.31817626953125,254.31817626953125,249.5454559326172,254.0454559326172,11675305
2016-11-02,233.60671997070312,247.18182373046875,248.40908813476562,244.31817626953125,245.4545440673828,15140657
2016-11-03,231.759521484375,245.22726440429688,251.27272033691406,244.0,247.27272033691406,12484687
2016-11-04,231.80250549316406,245.27272033691406,247.72726440429688,241.22726440429688,247.18182373046875,16361493
2016-11-07,239.44906616210938,253.36363220214844,255.63636779785156,247.72726440429688,250.72726440429688,18741014
2016-11-08,243.31532287597656,257.4545593261719,261.31817626953125,252.9545440673828,259.81817626953125,35153751
2016-11-09,241.81178283691406,255.86363220214844,258.8636474609375,222.72726440429688,231.72726440429688,51055067
2016-11-10,251.39141845703125,266.0,271.2727355957031,260.6363525390625,262.2727355957031,29137485
2016-11-11,237.4729766845703,251.27272033691406,267.5,249.5454559326172,261.1363525390625,33036653
2016-11-15,231.759521484375,245.22726440429688,255.27272033691406,241.9545440673828,251.81817626953125,37961485
2016-11-16,228.70950317382812,242.0,252.90908813476562,240.18182373046875,251.4545440673828,26473183
2016-11-17,229.95530700683594,243.31817626953125,246.0454559326172,240.0,243.59091186523438,14654093
2016-11-18,227.33485412597656,240.5454559326172,244.5454559326172,238.4545440673828,244.0454559326172,9983933
2016-11-21,224.4136962890625,237.4545440673828,242.72726440429688,231.68182373046875,242.0,21625818
2016-11-22,225.70245361328125,238.81817626953125,242.36363220214844,235.72726440429688,240.90908813476562,23906788
2016-11-23,227.6355743408203,240.86363220214844,241.68182373046875,236.81817626953125,240.09091186523438,17154845
2016-11-24,222.78128051757812,235.72726440429688,239.81817626953125,234.5454559326172,239.81817626953125,22563160
2016-11-25,223.4686279296875,236.4545440673828,238.5454559326172,233.68182373046875,238.5454559326172,16611698
2016-11-28,219.34461975097656,232.09091186523438,233.31817626953125,230.4545440673828,233.31817626953125,32939718
2016-11-29,219.47352600097656,232.22726440429688,235.81817626953125,231.18182373046875,232.27272033691406,32329662
2016-11-30,228.15106201171875,241.40908813476562,242.27272033691406,232.68182373046875,234.0454559326172,20731093
2016-12-01,222.6524200439453,235.59091186523438,243.63636779785156,234.31817626953125,242.0454559326172,15792045
2016-12-02,222.95310974121094,235.90908813476562,240.5454559326172,232.59091186523438,234.5454559326172,12275345
2016-12-05,224.1129913330078,237.13636779785156,237.63636779785156,234.36363220214844,236.0,8305074
2016-12-06,224.24185180664062,237.27272033691406,238.77272033691406,235.9545440673828,238.40908813476562,8335181
2016-12-07,222.2657928466797,235.18182373046875,240.36363220214844,228.18182373046875,238.90908813476562,13635680
2016-12-08,225.74537658691406,238.86363220214844,239.4545440673828,234.90908813476562,236.86363220214844,11336250
2016-12-09,230.64263916015625,244.0454559326172,245.27272033691406,239.09091186523438,239.9545440673828,17533272
2016-12-12,227.54965209960938,240.77272033691406,243.90908813476562,239.86363220214844,243.18182373046875,7515935
2016-12-13,227.16302490234375,240.36363220214844,241.22726440429688,238.63636779785156,239.4545440673828,10265621
2016-12-14,223.85525512695312,236.86363220214844,240.63636779785156,236.36363220214844,240.4545440673828,14369017
2016-12-15,223.6404571533203,236.63636779785156,237.90908813476562,234.31817626953125,235.18182373046875,24089601
2016-12-16,219.6023712158203,232.36363220214844,236.36363220214844,231.68182373046875,236.36363220214844,24984316
2016-12-19,220.89111328125,233.72726440429688,235.40908813476562,231.59091186523438,232.18182373046875,7417692
2016-12-20,216.1656951904297,228.72726440429688,233.36363220214844,227.5,233.36363220214844,11590031
2016-12-21,217.5833282470703,230.22726440429688,232.13636779785156,228.36363220214844,230.0,7685724
2016-12-22,217.32559204101562,229.9545440673828,231.63636779785156,227.86363220214844,229.72726440429688,8951470
2016-12-23,216.38052368164062,228.9545440673828,231.59091186523438,227.40908813476562,229.9545440673828,6932571
2016-12-26,213.2015838623047,225.59091186523438,229.5,224.63636779785156,229.31817626953125,6767153
2016-12-27,217.84112548828125,230.5,231.22726440429688,224.27272033691406,226.36363220214844,9094498
2016-12-28,216.29458618164062,228.86363220214844,231.63636779785156,228.22726440429688,230.90908813476562,9176829
2016-12-29,215.7361297607422,228.27272033691406,230.0,227.31817626953125,229.18182373046875,6379633
2016-12-30,219.34461975097656,232.09091186523438,234.09091186523438,228.5,229.09091186523438,11565801
2017-01-02,216.4664306640625,229.0454559326172,233.0,225.5454559326172,233.0,10404350
2017-01-03,218.5713653564453,231.27272033691406,232.18182373046875,226.63636779785156,229.18182373046875,10236706
2017-01-04,215.7361297607422,228.27272033691406,232.5,227.63636779785156,231.13636779785156,6901181
2017-01-05,221.02000427246094,233.86363220214844,235.0,229.27272033691406,230.18182373046875,13830668
2017-01-06,221.7932586669922,234.68182373046875,237.63636779785156,233.81817626953125,234.77272033691406,9055143
2017-01-09,222.2657928466797,235.18182373046875,236.22726440429688,232.72726440429688,234.4545440673828,7875294
2017-01-10,223.5545196533203,236.5454559326172,238.09091186523438,234.81817626953125,236.36363220214844,14784040
2017-01-11,227.4207763671875,240.63636779785156,243.72726440429688,237.81817626953125,238.63636779785156,19565679
2017-01-12,230.5567169189453,243.9545440673828,245.0,241.31817626953125,242.36363220214844,11711279
2017-01-13,230.29898071289062,243.68182373046875,245.4545440673828,240.72726440429688,245.4545440673828,7810375
2017-01-16,231.37290954589844,244.81817626953125,246.22726440429688,240.72726440429688,243.09091186523438,8863676
2017-01-17,230.59970092773438,244.0,246.81817626953125,241.36363220214844,245.0,6968061
2017-01-18,230.64263916015625,244.0454559326172,247.36363220214844,242.5,243.09091186523438,10085606
2017-01-19,231.7166290283203,245.18182373046875,246.09091186523438,242.0,244.36363220214844,8605687
2017-01-20,226.34681701660156,239.5,243.59091186523438,238.68182373046875,242.72726440429688,12207059
2017-01-23,221.27774047851562,234.13636779785156,238.0,231.9545440673828,238.0,43793368
2017-01-24,220.93408203125,233.77272033691406,235.0454559326172,232.40908813476562,235.0454559326172,26520047
2017-01-25,223.33973693847656,236.31817626953125,237.09091186523438,232.36363220214844,235.4545440673828,41078083
2017-01-27,233.69265747070312,247.27272033691406,249.09091186523438,237.0,239.13636779785156,89433645
2017-01-30,232.6616973876953,246.18182373046875,250.5454559326172,245.18182373046875,248.18182373046875,17037472
2017-01-31,231.07220458984375,244.5,249.09091186523438,242.22726440429688,244.36363220214844,20535165
2017-02-01,241.42515563964844,255.4545440673828,257.7272644042969,238.90908813476562,241.68182373046875,44647342
2017-02-02,245.54913330078125,259.81817626953125,261.3636474609375,255.0454559326172,256.3636474609375,28910922
2017-02-03,241.89768981933594,255.9545440673828,259.0454406738281,253.4545440673828,259.0454406738281,20058936
2017-02-06,249.41539001464844,263.9090881347656,265.68182373046875,257.7727355957031,257.7727355957031,22521926
2017-02-07,247.5252227783203,261.9090881347656,266.0909118652344,259.3636474609375,261.81817626953125,12829302
2017-02-08,245.54913330078125,259.81817626953125,262.2727355957031,257.0,261.81817626953125,16662978
2017-02-09,244.86181640625,259.0909118652344,262.5,253.27272033691406,260.5454406738281,16631183
2017-02-10,241.940673828125,256.0,260.1363525390625,254.63636779785156,259.6363525390625,16771421
2017-02-13,241.98358154296875,256.0454406738281,258.2727355957031,254.13636779785156,256.81817626953125,13144434
2017-02-14,244.56109619140625,258.7727355957031,259.9090881347656,255.72726440429688,257.2727355957031,12889195
2017-02-15,241.2103271484375,255.22726440429688,260.3636474609375,253.27272033691406,259.2727355957031,14420745
2017-02-16,239.53497314453125,253.4545440673828,255.86363220214844,248.0454559326172,255.72726440429688,20257845
2017-02-17,243.14349365234375,257.2727355957031,260.0909118652344,250.77272033691406,254.27272033691406,28496342
2017-02-20,242.58502197265625,256.68182373046875,260.1363525390625,255.5454559326172,257.31817626953125,9947581
2017-02-21,244.68994140625,258.9090881347656,259.81817626953125,255.63636779785156,257.2727355957031,11288626
2017-02-22,245.84983825683594,260.1363525390625,261.7272644042969,255.59091186523438,261.7272644042969,30787289
2017-02-23,244.43223571777344,258.6363525390625,262.5,256.4090881347656,258.81817626953125,25499159
2017-02-27,239.5779571533203,253.5,259.5909118652344,251.90908813476562,259.0909118652344,15037984
2017-02-28,237.43002319335938,251.22726440429688,254.63636779785156,250.63636779785156,253.59091186523438,18179839
2017-03-01,239.792724609375,253.72726440429688,255.40908813476562,252.0454559326172,252.36363220214844,19983162
2017-03-02,239.4061279296875,253.31817626953125,258.6363525390625,251.81817626953125,256.4090881347656,20040929
2017-03-03,237.0863494873047,250.86363220214844,253.5454559326172,250.0454559326172,253.27272033691406,9256168
2017-03-06,237.77371215820312,251.59091186523438,253.9545440673828,250.4545440673828,250.86363220214844,12565060
2017-03-07,237.12933349609375,250.90908813476562,253.86363220214844,250.0,251.81817626953125,9116307
2017-03-08,235.75466918945312,249.4545440673828,251.40908813476562,247.36363220214844,251.09091186523438,12969749
2017-03-09,234.98141479492188,248.63636779785156,250.86363220214844,247.81817626953125,249.09091186523438,11647809
2017-03-10,232.4468994140625,245.9545440673828,251.36363220214844,244.90908813476562,250.13636779785156,15749231
2017-03-14,246.794921875,261.1363525390625,262.0,255.5454559326172,255.5454559326172,43486006
2017-03-15,244.99066162109375,259.2272644042969,260.9090881347656,258.2727355957031,259.9090881347656,13414846
2017-03-16,244.43223571777344,258.6363525390625,261.31817626953125,256.7727355957031,260.5,10712223
2017-03-17,241.08148193359375,255.09091186523438,260.6363525390625,254.22726440429688,260.0909118652344,25016303
2017-03-20,236.3131103515625,250.0454559326172,254.27272033691406,249.09091186523438,254.27272033691406,12153226
2017-03-21,233.73562622070312,247.31817626953125,251.63636779785156,246.4545440673828,250.90908813476562,16304076
2017-03-22,227.67852783203125,240.90908813476562,244.31817626953125,240.4545440673828,243.5454559326172,24534011
2017-03-23,229.35389709472656,242.68182373046875,243.86363220214844,240.72726440429688,242.27272033691406,13209523
2017-03-24,236.05535888671875,249.77272033691406,251.68182373046875,245.13636779785156,245.13636779785156,19227304
2017-03-27,234.68072509765625,248.31817626953125,254.5454559326172,247.4545440673828,254.5454559326172,12341637
2017-03-28,237.98849487304688,251.81817626953125,252.31817626953125,250.09091186523438,251.81817626953125,13884032
2017-03-29,242.45611572265625,256.5454406738281,257.0909118652344,251.5,253.59091186523438,18910842
2017-03-30,241.72584533691406,255.77272033691406,257.5,254.31817626953125,255.68182373046875,16543030
2017-03-31,237.85963439941406,251.68182373046875,257.18182373046875,250.63636779785156,254.86363220214844,19741901
2017-04-03,246.32237243652344,260.6363525390625,261.2727355957031,251.68182373046875,253.4545440673828,20449617
2017-04-05,244.7329864501953,258.9545593261719,260.4545593261719,257.18182373046875,260.4545593261719,10569529
2017-04-06,241.29624938964844,255.31817626953125,257.9090881347656,253.86363220214844,256.2727355957031,17014957
2017-04-07,238.28919982910156,252.13636779785156,257.2727355957031,250.68182373046875,254.63636779785156,18994042
2017-04-10,238.54693603515625,252.40908813476562,253.63636779785156,251.0,253.09091186523438,10395338
2017-04-11,243.70193481445312,257.8636474609375,258.4090881347656,251.59091186523438,253.0,13734771
2017-04-12,241.25331115722656,255.27272033691406,259.9545593261719,252.86363220214844,258.0,18252914
2017-04-13,242.97166442871094,257.0909118652344,259.81817626953125,254.0,254.81817626953125,15178825
2017-04-17,242.6279296875,256.7272644042969,259.7272644042969,255.0,257.2727355957031,8250861
2017-04-18,243.4871368408203,257.6363525390625,265.0909118652344,256.8636474609375,257.6363525390625,19072022
2017-04-19,241.03854370117188,255.0454559326172,259.0909118652344,253.5,257.6363525390625,15189575
2017-04-20,234.33705139160156,247.9545440673828,251.13636779785156,247.09091186523438,249.9545440673828,31912290
2017-04-21,231.24404907226562,244.68182373046875,248.90908813476562,242.72726440429688,247.86363220214844,18165879
2017-04-24,230.81446838378906,244.22726440429688,246.68182373046875,241.09091186523438,245.27272033691406,24418208
2017-04-25,234.12225341796875,247.72726440429688,248.4545440673828,245.4545440673828,247.27272033691406,13685114
2017-04-26,237.90257263183594,251.72726440429688,252.68182373046875,248.18182373046875,249.09091186523438,15205419
2017-04-27,235.53985595703125,249.22726440429688,251.86363220214844,248.5,251.77272033691406,14909618
2017-04-28,239.2772674560547,253.18182373046875,254.0,248.09091186523438,248.63636779785156,9367499
2017-05-02,236.78565979003906,250.5454559326172,255.31817626953125,250.0,254.72726440429688,16780204
2017-05-03,234.33705139160156,247.9545440673828,251.86363220214844,246.59091186523438,250.81817626953125,24205196
2017-05-04,255.85903930664062,270.7272644042969,272.5,258.0454406738281,265.0909118652344,122120948
2017-05-05,256.50347900390625,271.4090881347656,274.31817626953125,267.68182373046875,272.7272644042969,48189321
2017-05-08,260.2838439941406,275.4090881347656,280.1363525390625,272.7272644042969,272.7272644042969,30347849
2017-05-09,258.2647705078125,273.2727355957031,277.5909118652344,271.2727355957031,276.6363525390625,15194182
2017-05-10,256.5894470214844,271.5,275.1363525390625,270.31817626953125,273.7272644042969,15054831
2017-05-11,257.9211120605469,272.9090881347656,275.0,272.31817626953125,274.2727355957031,10261128
2017-05-12,254.7852020263672,269.5909118652344,273.2272644042969,266.6363525390625,272.7272644042969,16605029
2017-05-15,259.2958068847656,274.3636474609375,275.9090881347656,271.0909118652344,272.2727355957031,17095696
2017-05-16,260.02606201171875,275.1363525390625,278.0909118652344,273.68182373046875,275.31817626953125,19569431
2017-05-17,266.12615966796875,281.5909118652344,282.0,276.81817626953125,277.81817626953125,23363685
2017-05-18,264.5796813964844,279.9545593261719,284.4090881347656,277.0,277.0,27753950
2017-05-19,263.8063659667969,279.1363525390625,284.0,276.0909118652344,279.9090881347656,16728969
2017-05-22,261.0570373535156,276.2272644042969,283.2272644042969,274.7272644042969,281.4090881347656,14850717
2017-05-23,262.94720458984375,278.2272644042969,281.5909118652344,275.2727355957031,275.5909118652344,29771017
2017-05-24,263.5056457519531,278.81817626953125,281.5,275.7272644042969,278.9090881347656,20506719
2017-05-25,272.95648193359375,288.81817626953125,290.7727355957031,278.18182373046875,278.5,41775676
2017-05-26,276.2641906738281,292.31817626953125,293.6363525390625,286.8636474609375,288.18182373046875,21336089
2017-05-29,270.55084228515625,286.2727355957031,291.2727355957031,285.2727355957031,290.2272644042969,11266657
2017-05-30,276.1353454589844,292.18182373046875,295.0,285.8636474609375,286.2272644042969,15573191
2017-05-31,280.47418212890625,296.7727355957031,297.6363525390625,289.68182373046875,293.6363525390625,128437479
2017-06-01,275.01849365234375,291.0,296.0454406738281,287.9545593261719,295.9090881347656,19883562
2017-06-02,273.3431091308594,289.2272644042969,293.5909118652344,286.9545593261719,292.7272644042969,13469524
2017-06-05,274.7177734375,290.68182373046875,292.4090881347656,289.2272644042969,289.5454406738281,9831353
2017-06-06,274.0304260253906,289.9545593261719,291.8636474609375,288.81817626953125,291.4090881347656,10757211
2017-06-07,278.97064208984375,295.18182373046875,296.31817626953125,291.5909118652344,291.8636474609375,15076040
2017-06-08,275.1043701171875,291.0909118652344,297.2727355957031,290.4545593261719,296.2727355957031,20130322
2017-06-09,276.7797546386719,292.8636474609375,293.7272644042969,287.3636474609375,289.9545593261719,10190305
2017-06-12,271.2810974121094,287.0454406738281,291.5454406738281,286.2272644042969,290.9090881347656,10376913
2017-06-13,270.50787353515625,286.2272644042969,289.7272644042969,285.3636474609375,286.4090881347656,9305516
2017-06-14,274.1163024902344,290.0454406738281,293.0909118652344,286.7272644042969,290.0909118652344,22264301
2017-06-15,272.1402282714844,287.9545593261719,290.3636474609375,287.0,290.0,11206355
2017-06-16,271.9255065917969,287.7272644042969,290.2272644042969,286.9545593261719,289.5,23228635
2017-06-19,275.44805908203125,291.4545593261719,292.4545593261719,288.2272644042969,289.0909118652344,10719809
2017-06-20,278.5610656738281,292.45001220703125,295.3999938964844,288.0,290.75,16849368
2017-06-21,277.2751159667969,291.1000061035156,292.6499938964844,289.54998779296875,292.0,7142413
2017-06-22,275.8464050292969,289.6000061035156,293.3500061035156,288.25,291.5,9180870
2017-06-23,277.9895324707031,291.8500061035156,293.54998779296875,284.6000061035156,289.54998779296875,14937649
2017-06-27,274.2271423339844,287.8999938964844,293.1000061035156,283.45001220703125,293.0,18053262
2017-06-28,276.560791015625,290.3500061035156,293.29998779296875,288.75,288.75,17157094
2017-06-29,279.322998046875,293.25,296.8999938964844,290.1000061035156,291.5,34774280
2017-06-30,276.3702392578125,290.1499938964844,292.0,287.5,292.0,12435467
2017-07-03,276.2749938964844,290.04998779296875,292.25,288.75,291.3999938964844,6106230
2017-07-04,275.7510986328125,289.5,292.79998779296875,288.6000061035156,292.3999938964844,8335899
2017-07-05,278.9420471191406,292.8500061035156,293.75,288.5,290.0,6958589
2017-07-06,279.7992858886719,293.75,295.1000061035156,292.3500061035156,294.0,9967582
2017-07-07,275.9416198730469,289.70001220703125,293.5,289.20001220703125,293.5,8477468
2017-07-10,277.6085205078125,291.45001220703125,293.25,290.0,291.0,1114874
2017-07-11,275.8939514160156,289.6499938964844,292.95001220703125,288.70001220703125,292.54998779296875,10893055
2017-07-12,278.4657897949219,292.3500061035156,294.6000061035156,288.6000061035156,289.70001220703125,8091465
2017-07-13,283.7521667480469,297.8999938964844,299.5,295.04998779296875,295.6000061035156,13747313
2017-07-14,284.0855407714844,298.25,299.3999938964844,294.5,299.3999938964844,6196683
2017-07-17,289.0862121582031,303.5,304.54998779296875,298.79998779296875,300.0,12506474
2017-07-18,289.4672546386719,303.8999938964844,306.0,301.5,301.75,11772154
2017-07-19,287.8955993652344,302.25,304.8999938964844,301.3999938964844,303.0,10780451
2017-07-20,286.3239440917969,300.6000061035156,303.8500061035156,299.75,302.0,8458004
2017-07-21,287.705078125,302.04998779296875,303.8999938964844,296.20001220703125,299.5,9705981
2017-07-24,288.6575927734375,303.04998779296875,306.6000061035156,301.6000061035156,302.20001220703125,15604131
2017-07-25,289.705322265625,304.1499938964844,306.79998779296875,301.79998779296875,306.79998779296875,18129742
2017-07-26,295.6109619140625,310.3500061035156,311.0,304.54998779296875,306.79998779296875,26050717
2017-07-27,292.6105651855469,307.20001220703125,314.45001220703125,305.3500061035156,314.45001220703125,28535869
2017-07-28,282.0852966308594,296.1499938964844,304.0,293.8500061035156,304.0,30571846
2017-07-31,288.22894287109375,302.6000061035156,306.45001220703125,296.25,298.8500061035156,21526493
2017-08-01,288.22894287109375,302.6000061035156,305.20001220703125,301.3999938964844,303.8999938964844,10722862
2017-08-02,287.5146179199219,301.8500061035156,304.45001220703125,299.70001220703125,302.20001220703125,8348096
2017-08-03,281.65673828125,295.70001220703125,301.5,294.54998779296875,301.3500061035156,14389817
2017-08-04,282.1805419921875,296.25,297.5,293.8999938964844,295.0,10099985
2017-08-07,285.89532470703125,300.1499938964844,303.0,296.70001220703125,297.25,11870705
2017-08-08,281.4662170410156,295.5,301.54998779296875,293.8500061035156,299.79998779296875,10288608
2017-08-09,276.7989196777344,290.6000061035156,294.3999938964844,289.8500061035156,294.3999938964844,12959158
2017-08-10,275.0367431640625,288.75,293.3999938964844,261.54998779296875,289.0,17225844
2017-08-11,273.3222961425781,286.95001220703125,289.6499938964844,280.29998779296875,283.95001220703125,17211539
2017-08-14,277.9419250488281,291.79998779296875,292.8500061035156,287.54998779296875,287.54998779296875,8428420
2017-08-16,280.94232177734375,294.95001220703125,295.79998779296875,287.29998779296875,291.70001220703125,8605873
2017-08-17,279.227783203125,293.1499938964844,297.8500061035156,291.29998779296875,297.8500061035156,8168684
2017-08-18,279.227783203125,293.1499938964844,294.3500061035156,290.79998779296875,292.0,6700778
2017-08-21,279.5611877441406,293.5,299.75,292.25,295.25,10623264
2017-08-22,279.98980712890625,293.95001220703125,297.3500061035156,292.1499938964844,297.0,7549155
2017-08-23,284.4189758300781,298.6000061035156,299.20001220703125,295.29998779296875,296.0,9142592
2017-08-24,283.56170654296875,297.70001220703125,300.1499938964844,296.6499938964844,300.0,12766567
2017-08-28,286.60968017578125,300.8999938964844,302.25,298.1000061035156,299.70001220703125,8827300
2017-08-29,285.27618408203125,299.5,302.79998779296875,298.1000061035156,300.0,12737088
2017-08-30,286.0381774902344,300.29998779296875,302.29998779296875,299.3999938964844,301.79998779296875,8552010
2017-08-31,283.89508056640625,298.04998779296875,300.8999938964844,297.0,300.8999938964844,14865124
2017-09-01,284.1331787109375,298.29998779296875,299.70001220703125,297.1499938964844,299.70001220703125,7472688
2017-09-04,282.9902038574219,297.1000061035156,300.0,294.5,299.8999938964844,6244661
2017-09-05,283.4664611816406,297.6000061035156,299.0,296.70001220703125,296.70001220703125,7683590
2017-09-06,281.32330322265625,295.3500061035156,296.0,294.29998779296875,294.8999938964844,4854030
2017-09-07,278.7514953613281,292.6499938964844,298.5,292.1000061035156,295.54998779296875,15630577
2017-09-08,278.13238525390625,292.0,294.79998779296875,290.04998779296875,294.79998779296875,8077662
2017-09-11,276.9893798828125,290.79998779296875,293.70001220703125,289.04998779296875,293.0,7639794
2017-09-12,277.370361328125,291.20001220703125,293.3999938964844,290.5,292.6499938964844,8497603
2017-09-13,278.13238525390625,292.0,293.25,291.20001220703125,292.1000061035156,8297426
2017-09-14,279.75164794921875,293.70001220703125,295.6000061035156,291.70001220703125,291.70001220703125,12267908
2017-09-15,277.7513732910156,291.6000061035156,295.54998779296875,290.95001220703125,294.45001220703125,22632513
2017-09-18,279.0849304199219,293.0,294.3999938964844,292.1499938964844,293.8999938964844,11181986
2017-09-19,280.6565246582031,294.6499938964844,295.5,289.6000061035156,291.8999938964844,7558625
2017-09-20,276.7512512207031,290.54998779296875,292.8500061035156,289.6000061035156,292.0,14617079
2017-09-21,271.4172058105469,284.95001220703125,290.3999938964844,283.6499938964844,289.45001220703125,14496834
2017-09-22,263.9400329589844,277.1000061035156,283.95001220703125,275.75,283.6000061035156,23451953
2017-09-25,266.22607421875,279.5,280.70001220703125,275.54998779296875,278.95001220703125,13358067
2017-09-26,269.32171630859375,282.75,284.0,276.75,279.5,11325047
2017-09-27,263.2732849121094,276.3999938964844,284.75,275.3999938964844,284.75,17853590
2017-09-28,262.8446350097656,275.95001220703125,277.79998779296875,269.1499938964844,275.95001220703125,32223724
2017-09-29,263.4637451171875,276.6000061035156,281.6499938964844,275.75,277.45001220703125,9980756
2017-10-03,265.17828369140625,278.3999938964844,280.70001220703125,275.1499938964844,279.5,6752832
2017-10-04,262.9875183105469,276.1000061035156,279.3999938964844,275.1000061035156,279.25,7417758
2017-10-05,258.8917541503906,271.79998779296875,277.3999938964844,271.1000061035156,276.0,10975305
2017-10-06,259.0346374511719,271.95001220703125,274.45001220703125,270.54998779296875,272.1499938964844,25447787
2017-10-09,258.8440856933594,271.75,276.29998779296875,271.25,273.3500061035156,20478222
2017-10-10,256.9867248535156,269.79998779296875,273.0,269.1499938964844,271.8500061035156,18594444
2017-10-11,254.8911895751953,267.6000061035156,272.0,266.20001220703125,271.1000061035156,12687990
2017-10-12,254.84356689453125,267.54998779296875,267.95001220703125,264.04998779296875,267.6000061035156,11831125
2017-10-13,258.4154968261719,271.29998779296875,274.6499938964844,267.6000061035156,267.6000061035156,14402254
2017-10-16,261.2253723144531,274.25,276.0,270.3500061035156,274.6000061035156,12848154
2017-10-17,260.8919982910156,273.8999938964844,276.54998779296875,273.20001220703125,274.75,9183764
2017-10-18,250.6525115966797,263.1499938964844,268.3999938964844,262.25,268.3999938964844,30669948
2017-10-19,245.604248046875,257.8500061035156,261.0,256.6000061035156,259.6000061035156,3822821
2017-10-23,250.0810546875,262.54998779296875,264.45001220703125,256.5,258.3500061035156,22939775
2017-10-24,253.89109802246094,266.54998779296875,268.1499938964844,255.0,263.25,15126641
2017-10-25,291.1817626953125,305.70001220703125,310.79998779296875,284.3500061035156,293.20001220703125,123615362
2017-10-26,285.03814697265625,299.25,314.6499938964844,295.0,299.79998779296875,43256025
2017-10-27,286.8478698730469,301.1499938964844,305.45001220703125,285.5,291.8999938964844,36889009
2017-10-30,286.2763366699219,300.54998779296875,308.45001220703125,295.25,298.6000061035156,38047961
2017-10-31,285.84771728515625,300.1000061035156,303.25,298.29998779296875,300.25,19050731
2017-11-01,298.5160827636719,313.3999938964844,318.95001220703125,302.3999938964844,303.0,38829935
2017-11-02,301.6116943359375,316.6499938964844,320.3999938964844,311.3999938964844,313.45001220703125,27736221
2017-11-03,300.8973693847656,315.8999938964844,318.6499938964844,314.04998779296875,317.79998779296875,14258432
2017-11-06,301.0878601074219,316.1000061035156,320.25,311.6499938964844,314.79998779296875,16349376
2017-11-07,297.6112060546875,312.45001220703125,317.95001220703125,309.3500061035156,317.1000061035156,12752869
2017-11-08,290.9913024902344,305.5,314.0,303.8999938964844,312.0,11942186
2017-11-09,296.5157775878906,311.29998779296875,314.79998779296875,306.79998779296875,306.79998779296875,12716330
2017-11-10,303.3738708496094,318.5,324.20001220703125,311.04998779296875,312.5,21000915
2017-11-13,299.32568359375,314.25,321.79998779296875,313.0,317.0,13679015
2017-11-14,299.182861328125,314.1000061035156,317.1000061035156,309.79998779296875,313.29998779296875,12362405
2017-11-15,300.51629638671875,315.5,319.6000061035156,312.6499938964844,312.95001220703125,14408468
2017-11-16,303.8024597167969,318.95001220703125,320.0,316.0,316.1499938964844,8983382
2017-11-17,309.660400390625,325.1000061035156,332.3500061035156,323.79998779296875,324.0,20440466
2017-11-20,303.4214782714844,318.54998779296875,323.8999938964844,317.20001220703125,323.3500061035156,13606336
2017-11-21,304.7073974609375,319.8999938964844,322.20001220703125,317.54998779296875,318.75,13102056
2017-11-22,303.7548522949219,318.8999938964844,322.1000061035156,318.04998779296875,319.3999938964844,9342622
2017-11-23,304.2787170410156,319.45001220703125,320.5,315.20001220703125,319.75,9998609
2017-11-24,302.1356201171875,317.20001220703125,321.04998779296875,315.95001220703125,319.8999938964844,7867381
2017-11-27,301.94512939453125,317.0,318.6000061035156,313.5,315.04998779296875,9334428
2017-11-28,298.3255615234375,313.20001220703125,315.3500061035156,311.75,313.1000061035156,13929413
2017-11-29,299.897216796875,314.8500061035156,316.29998779296875,312.29998779296875,312.6000061035156,12384876
2017-11-30,292.9438781738281,307.54998779296875,315.79998779296875,306.25,314.95001220703125,23832543
2017-12-01,290.7531433105469,305.25,309.95001220703125,304.3999938964844,309.70001220703125,6602231
2017-12-04,289.8006591796875,304.25,307.5,302.29998779296875,307.25,8763567
2017-12-05,290.7531433105469,305.25,307.6000061035156,303.70001220703125,304.79998779296875,8219441
2017-12-06,285.27618408203125,299.5,305.0,298.1499938964844,303.79998779296875,6751957
2017-12-07,291.27703857421875,305.79998779296875,306.75,300.20001220703125,301.5,7414305
2017-12-08,295.9919738769531,310.75,311.8999938964844,307.0,307.25,10732806
2017-12-11,296.65869140625,311.45001220703125,312.25,308.25,311.0,6829121
2017-12-12,292.9915466308594,307.6000061035156,312.3500061035156,306.29998779296875,312.04998779296875,11995276
2017-12-13,288.5623474121094,302.95001220703125,308.3999938964844,300.20001220703125,308.0,14805881
2017-12-14,289.8958740234375,304.3500061035156,306.0,301.3500061035156,303.8500061035156,11140346
2017-12-15,288.7528991699219,303.1499938964844,310.70001220703125,302.54998779296875,310.3999938964844,23227021
2017-12-18,294.2298278808594,308.8999938964844,312.29998779296875,287.0,298.0,16300443
2017-12-19,298.80181884765625,313.70001220703125,314.79998779296875,308.5,309.20001220703125,13135113
2017-12-20,300.80206298828125,315.79998779296875,317.8500061035156,311.5,314.1000061035156,14003657
2017-12-21,300.46875,315.45001220703125,316.54998779296875,312.1000061035156,315.3999938964844,9705688
2017-12-22,301.5641174316406,316.6000061035156,319.20001220703125,313.79998779296875,315.0,7628532
2017-12-26,303.0404968261719,318.1499938964844,319.0,313.20001220703125,316.25,7632721
2017-12-27,297.94451904296875,312.79998779296875,317.8999938964844,312.1000061035156,315.95001220703125,6354635
2017-12-28,300.3258056640625,315.29998779296875,319.20001220703125,310.5,312.79998779296875,22689602
2017-12-29,299.0876159667969,314.0,315.75,312.5,313.8999938964844,9637881
2018-01-01,295.5632629394531,310.29998779296875,314.0,309.1000061035156,314.0,7739502
2018-01-02,294.9918212890625,309.70001220703125,311.70001220703125,307.5,310.95001220703125,7046560
2018-01-03,300.0400695800781,315.0,316.3500061035156,312.5,312.5,8898342
2018-01-04,299.7543640136719,314.70001220703125,315.6499938964844,311.5,314.95001220703125,6385367
2018-01-05,298.039794921875,312.8999938964844,315.1499938964844,311.6000061035156,314.45001220703125,6366054
2018-01-08,299.2304382324219,314.1499938964844,318.20001220703125,312.6000061035156,313.5,7329648
2018-01-09,297.75408935546875,312.6000061035156,315.79998779296875,310.75,314.79998779296875,9190909
2018-01-10,297.18255615234375,312.0,312.95001220703125,310.54998779296875,312.54998779296875,6736971
2018-01-11,294.8013000488281,309.5,312.5,308.54998779296875,312.5,8366713
2018-01-12,302.61187744140625,317.70001220703125,318.79998779296875,309.6000061035156,309.6000061035156,11699345
2018-01-15,313.66094970703125,329.29998779296875,330.70001220703125,320.25,320.79998779296875,30242005
2018-01-16,318.23297119140625,334.1000061035156,340.75,326.54998779296875,329.75,26707100
2018-01-17,326.94842529296875,343.25,344.20001220703125,334.04998779296875,334.04998779296875,43305353
2018-01-18,329.71075439453125,346.1499938964844,353.20001220703125,343.0,350.0,31504669
2018-01-19,336.8069152832031,353.6000061035156,355.0,340.79998779296875,347.45001220703125,18812611
2018-01-22,334.806640625,351.5,352.8999938964844,344.79998779296875,352.3999938964844,15269782
2018-01-23,345.09368896484375,362.29998779296875,364.45001220703125,350.45001220703125,350.45001220703125,22485663
2018-01-24,335.99725341796875,352.75,359.20001220703125,351.79998779296875,357.75,12815095
2018-01-25,343.66497802734375,360.79998779296875,364.79998779296875,350.70001220703125,352.5,30183655
2018-01-29,340.6645812988281,357.6499938964844,365.70001220703125,355.6000061035156,360.0,17855095
2018-01-30,336.4735107421875,353.25,356.79998779296875,350.5,356.79998779296875,13358981
2018-01-31,336.18780517578125,352.95001220703125,353.95001220703125,343.6000061035156,348.8500061035156,22638319
2018-02-01,329.7583312988281,346.20001220703125,355.8999938964844,343.79998779296875,347.54998779296875,29472295
2018-02-02,319.18548583984375,335.1000061035156,343.70001220703125,333.70001220703125,342.54998779296875,16957983
2018-02-05,314.0419616699219,329.70001220703125,334.25,327.04998779296875,327.6000061035156,17339547
2018-02-06,314.9945068359375,330.70001220703125,337.95001220703125,313.0,315.25,18491736
2018-02-07,316.7566223144531,332.54998779296875,336.3999938964844,329.8999938964844,335.3500061035156,11819190
2018-02-08,317.994873046875,333.8500061035156,338.3999938964844,329.5,332.54998779296875,10294899
2018-02-09,311.2320251464844,326.75,328.6499938964844,322.6499938964844,325.0,9493398
2018-02-12,310.75579833984375,326.25,329.20001220703125,323.25,328.8500061035156,8356351
2018-02-14,303.8024597167969,318.95001220703125,327.0,316.54998779296875,327.0,15189066
2018-02-15,313.04180908203125,328.6499938964844,331.79998779296875,322.1499938964844,322.1499938964844,23779772
2018-02-16,305.8027648925781,321.04998779296875,334.0,318.79998779296875,330.3500061035156,17585994
2018-02-19,304.5645446777344,319.75,329.6000061035156,315.20001220703125,329.5,19044107
2018-02-20,302.1832275390625,317.25,324.20001220703125,316.29998779296875,320.5,16030558
2018-02-21,304.0406494140625,319.20001220703125,320.70001220703125,315.70001220703125,319.0,9974873
2018-02-22,303.2309875488281,318.3500061035156,319.29998779296875,313.95001220703125,317.0,25530698
2018-02-23,307.42205810546875,322.75,324.04998779296875,318.3500061035156,319.04998779296875,7949765
2018-02-26,311.5177917480469,327.04998779296875,327.79998779296875,323.1499938964844,325.0,7133735
2018-02-27,306.85052490234375,322.1499938964844,327.04998779296875,319.6499938964844,327.0,9623651
2018-02-28,298.3731994628906,313.25,317.0,311.1000061035156,315.1499938964844,17481687
2018-03-01,290.4673767089844,304.95001220703125,314.0,304.25,312.6499938964844,18986889
2018-03-05,288.943359375,303.3500061035156,306.5,299.29998779296875,304.45001220703125,14456193
2018-03-06,281.0375671386719,295.04998779296875,307.70001220703125,294.20001220703125,307.3999938964844,18951451
2018-03-07,273.0841369628906,286.70001220703125,293.79998779296875,285.3500061035156,293.29998779296875,31472773
2018-03-08,282.8473205566406,296.95001220703125,298.0,289.25,290.25,21413552
2018-03-09,278.7991638183594,292.70001220703125,299.5,290.70001220703125,299.0,12489587
2018-03-12,286.3716125488281,300.6499938964844,301.8999938964844,293.75,295.6000061035156,12163952
2018-03-13,289.8958740234375,304.3500061035156,307.0,299.6000061035156,300.1000061035156,15966647
2018-03-14,291.51513671875,306.04998779296875,307.45001220703125,297.79998779296875,303.1499938964844,12964285
2018-03-15,287.13360595703125,301.45001220703125,305.75,300.3999938964844,305.75,13282019
2018-03-16,283.94268798828125,298.1000061035156,301.8500061035156,297.3999938964844,301.25,28835112
2018-03-19,280.56134033203125,294.54998779296875,300.0,291.25,298.1000061035156,13601784
2018-03-20,278.13238525390625,292.0,297.20001220703125,290.25,293.0,10880002
2018-03-21,275.46539306640625,289.20001220703125,295.04998779296875,287.3500061035156,295.0,13618228
2018-03-22,269.79791259765625,283.25,289.6499938964844,280.8999938964844,289.5,24593489
2018-03-23,262.463623046875,275.54998779296875,277.8500061035156,273.54998779296875,277.1000061035156,31922568
2018-03-26,268.2739562988281,281.6499938964844,283.1499938964844,275.95001220703125,276.1000061035156,24618534
2018-03-27,270.41705322265625,283.8999938964844,287.29998779296875,281.3999938964844,284.5,22377328
2018-03-28,265.1306457519531,278.3500061035156,283.29998779296875,277.1000061035156,283.0,27172599
2018-04-02,249.41427612304688,261.8500061035156,273.8500061035156,258.79998779296875,273.0,73359584
2018-04-03,257.2248229980469,270.04998779296875,271.5,261.3999938964844,261.3999938964844,40773239
2018-04-04,255.891357421875,268.6499938964844,273.29998779296875,265.5,267.25,33486876
2018-04-05,265.4164123535156,278.6499938964844,280.0,267.70001220703125,267.79998779296875,26759108
2018-04-06,267.3213806152344,280.6499938964844,282.95001220703125,277.0,278.3999938964844,31577015
2018-04-09,267.5119934082031,280.8500061035156,283.45001220703125,274.3500061035156,277.75,31712527
2018-04-10,275.08441162109375,288.79998779296875,294.45001220703125,279.04998779296875,279.45001220703125,44741783
2018-04-11,271.0362243652344,284.54998779296875,287.8999938964844,282.3500061035156,287.75,16811454
2018-04-12,273.1317138671875,286.75,289.8999938964844,283.54998779296875,285.29998779296875,22954325
2018-04-13,274.56048583984375,288.25,291.1000061035156,285.79998779296875,288.0,17497198
2018-04-16,273.94134521484375,287.6000061035156,288.95001220703125,284.1000061035156,285.0,16874313
2018-04-17,277.894287109375,291.75,293.25,286.79998779296875,287.6000061035156,15406113
2018-04-18,276.2749938964844,290.04998779296875,294.8999938964844,289.0,293.70001220703125,20755245
2018-04-19,275.8464050292969,289.6000061035156,291.0,287.29998779296875,291.0,17282341
2018-04-20,268.7501525878906,282.1499938964844,290.1499938964844,279.70001220703125,289.25,19745690
2018-04-23,266.13079833984375,279.3999938964844,282.79998779296875,275.25,280.0,11620499
2018-04-24,270.6075744628906,284.1000061035156,286.6000061035156,279.3500061035156,279.3500061035156,15412234
2018-04-25,265.6545715332031,278.8999938964844,285.6499938964844,276.8500061035156,284.04998779296875,7961352
2018-04-26,265.6069030761719,278.8500061035156,280.3999938964844,275.3500061035156,279.79998779296875,14112673
2018-04-27,274.2271423339844,287.8999938964844,291.70001220703125,276.0,277.3999938964844,16488361
2018-04-30,270.702880859375,284.20001220703125,291.0,282.29998779296875,288.95001220703125,9737559
2018-05-02,263.7495422363281,276.8999938964844,283.75,275.54998779296875,283.6499938964844,14211445
2018-05-03,268.51202392578125,281.8999938964844,283.6499938964844,277.29998779296875,277.29998779296875,14724116
2018-05-04,269.41693115234375,282.8500061035156,285.6000061035156,278.3500061035156,280.45001220703125,11861951
2018-05-07,276.036865234375,289.79998779296875,293.0,282.8500061035156,284.0,19673100
2018-05-08,294.61077880859375,309.29998779296875,314.5,300.0,302.0,87176185
2018-05-09,292.2295227050781,306.79998779296875,309.79998779296875,304.25,305.0,20140490
2018-05-10,292.27716064453125,306.8500061035156,312.8999938964844,305.70001220703125,308.45001220703125,16239386
2018-05-11,296.1824645996094,310.95001220703125,311.8500061035156,307.54998779296875,307.95001220703125,16671145
2018-05-14,295.372802734375,310.1000061035156,311.0,305.1499938964844,310.0,10425585
2018-05-15,293.61065673828125,308.25,317.5,305.04998779296875,310.70001220703125,16400700
2018-05-16,283.133056640625,297.25,304.8999938964844,295.29998779296875,303.8999938964844,25515791
2018-05-17,281.94244384765625,296.0,299.95001220703125,294.04998779296875,299.0,10668400
2018-05-18,272.5126037597656,286.1000061035156,295.29998779296875,284.6000061035156,294.1499938964844,17469524
2018-05-21,275.5606384277344,289.29998779296875,293.0,287.75,289.5,23155638
2018-05-22,276.51312255859375,290.29998779296875,293.8500061035156,286.8500061035156,289.5,11284988
2018-05-23,278.1800231933594,292.04998779296875,298.3999938964844,288.79998779296875,288.8500061035156,15887229
2018-05-24,283.56170654296875,297.70001220703125,299.0,291.20001220703125,293.70001220703125,11489424
2018-05-25,281.60906982421875,295.6499938964844,300.95001220703125,294.6000061035156,298.3999938964844,13541580
2018-05-28,285.03814697265625,299.25,302.29998779296875,293.3500061035156,293.75,19063427
2018-05-29,276.13214111328125,289.8999938964844,298.75,288.29998779296875,298.75,12969969
2018-05-30,271.3695983886719,284.8999938964844,288.1499938964844,282.75,285.8999938964844,25142319
2018-05-31,272.2268371582031,285.79998779296875,288.95001220703125,279.29998779296875,285.0,23698686
2018-06-01,275.5606384277344,289.29998779296875,299.95001220703125,286.8500061035156,295.0,29675949
2018-06-04,273.1317138671875,286.75,293.29998779296875,285.54998779296875,293.29998779296875,17188567
2018-06-05,270.6075744628906,284.1000061035156,288.0,283.1000061035156,288.0,12376050
2018-06-06,270.41705322265625,283.8999938964844,286.8999938964844,281.1000061035156,285.70001220703125,16873633
2018-06-07,277.0846252441406,290.8999938964844,293.04998779296875,287.1499938964844,287.5,20297969
2018-06-08,274.56048583984375,288.25,290.8999938964844,285.5,290.1000061035156,11340014
2018-06-11,272.79833984375,286.3999938964844,290.3500061035156,283.20001220703125,285.3999938964844,16876061
2018-06-12,273.7508544921875,287.3999938964844,289.1499938964844,285.25,288.54998779296875,14257648
2018-06-13,276.9417724609375,290.75,292.8999938964844,286.3999938964844,289.0,10927770
2018-06-14,271.2267150878906,284.75,290.8500061035156,284.1000061035156,290.8500061035156,11400592
2018-06-15,269.0836181640625,282.5,288.5,280.0,287.20001220703125,47186222
2018-06-18,279.0849304199219,293.0,294.20001220703125,283.3999938964844,284.0,27792317
2018-06-19,278.8943786621094,292.79998779296875,295.5,288.3500061035156,295.5,27176748
2018-06-20,279.275390625,293.20001220703125,294.6000061035156,291.0,292.6000061035156,20364143
2018-06-21,283.7998046875,297.95001220703125,300.3500061035156,294.54998779296875,294.79998779296875,30192796
2018-06-22,286.3716125488281,300.6499938964844,302.70001220703125,295.6499938964844,298.20001220703125,17490606
2018-06-25,275.9416198730469,289.70001220703125,300.5,288.79998779296875,299.79998779296875,15461874
2018-06-26,274.4176025390625,288.1000061035156,289.1000061035156,284.70001220703125,287.54998779296875,11614686
2018-06-27,265.79742431640625,279.04998779296875,287.8999938964844,274.0,287.8999938964844,25318055
2018-06-28,258.5107421875,271.3999938964844,278.3999938964844,269.79998779296875,278.0,34197884
2018-06-29,262.32080078125,275.3999938964844,276.0,269.6000061035156,272.0,20930477
2018-07-02,264.2257995605469,277.3999938964844,279.8999938964844,271.0,274.0,69733139
2018-07-03,259.939453125,272.8999938964844,276.79998779296875,272.20001220703125,275.8999938964844,14020388
2018-07-04,260.27294921875,273.25,274.8500061035156,271.0,274.20001220703125,8233522
2018-07-05,258.65362548828125,271.54998779296875,275.5,270.75,273.0,7505990
2018-07-06,257.2248229980469,270.04998779296875,271.95001220703125,267.04998779296875,271.1000061035156,26025797
2018-07-09,258.3202819824219,271.20001220703125,274.70001220703125,270.0,273.8999938964844,18374471
2018-07-10,260.4157409667969,273.3999938964844,275.95001220703125,271.8999938964844,272.0,14450561
2018-07-11,255.986572265625,268.75,274.8999938964844,267.5,274.54998779296875,12717543
2018-07-12,259.3680114746094,272.29998779296875,273.70001220703125,269.04998779296875,270.3999938964844,15837704
2018-07-13,255.03404235839844,267.75,273.29998779296875,266.04998779296875,273.0,19159840
2018-07-16,246.93777465820312,259.25,266.6000061035156,256.5,265.29998779296875,29794402
2018-07-17,253.7958221435547,266.45001220703125,267.5,260.0,260.25,15128995
2018-07-18,250.2239227294922,262.70001220703125,267.3500061035156,261.0,266.0,22908592
2018-07-19,248.795166015625,261.20001220703125,264.3500061035156,259.3999938964844,263.95001220703125,15145144
2018-07-20,253.17665100097656,265.79998779296875,267.70001220703125,261.79998779296875,261.79998779296875,13794388
2018-07-23,262.463623046875,275.54998779296875,276.29998779296875,265.3500061035156,265.3500061035156,16917863
2018-07-24,261.3206481933594,274.3500061035156,277.8999938964844,273.3500061035156,273.6499938964844,12012225
2018-07-25,261.6063232421875,274.6499938964844,276.6000061035156,272.25,273.0,17947377
2018-07-26,272.0839538574219,285.6499938964844,286.5,273.25,275.0,36630780
2018-07-27,279.275390625,293.20001220703125,295.1499938964844,282.20001220703125,284.8999938964844,30926969
2018-07-30,292.75341796875,307.3500061035156,308.45001220703125,294.25,300.0,56119080
2018-07-31,289.8006591796875,304.25,308.5,302.20001220703125,304.29998779296875,20824059
2018-08-01,285.085693359375,299.29998779296875,305.6499938964844,296.79998779296875,302.6000061035156,15581508
2018-08-02,284.371337890625,298.54998779296875,300.75,294.1000061035156,295.0,14089168
2018-08-03,290.5150451660156,305.0,306.75,297.54998779296875,300.0,14478297
2018-08-06,300.1353454589844,315.1000061035156,318.0,306.79998779296875,306.95001220703125,25849864
2018-08-07,298.2779235839844,313.1499938964844,318.1499938964844,310.3999938964844,313.95001220703125,20751115
2018-08-08,303.5644226074219,318.70001220703125,320.0,308.25,313.0,17916047
2018-08-09,317.1852111816406,333.0,345.8500061035156,320.25,320.25,76423347
2018-08-10,312.9941711425781,328.6000061035156,340.29998779296875,325.3500061035156,334.04998779296875,36321097
2018-08-13,309.46990966796875,324.8999938964844,327.45001220703125,322.0,324.0,15332907
2018-08-14,316.6613464355469,332.45001220703125,333.5,324.70001220703125,324.70001220703125,15314006
2018-08-16,318.4234924316406,334.29998779296875,339.20001220703125,328.75,329.54998779296875,37463597
2018-08-17,323.8528137207031,340.0,342.20001220703125,335.8500061035156,336.79998779296875,24090696
2018-08-20,322.3764343261719,338.45001220703125,342.45001220703125,336.70001220703125,340.0,13032778
2018-08-21,322.7574157714844,338.8500061035156,341.8500061035156,334.04998779296875,338.29998779296875,16009673
2018-08-23,321.1857604980469,337.20001220703125,338.70001220703125,334.75,336.54998779296875,18867868
2018-08-24,315.8757019042969,330.1499938964844,335.5,327.29998779296875,334.3999938964844,17805968
2018-08-27,325.2041931152344,339.8999938964844,342.29998779296875,330.95001220703125,331.0,28083933
2018-08-28,324.2474060058594,338.8999938964844,343.5,336.29998779296875,342.0,16427306
2018-08-29,325.9217224121094,340.6499938964844,342.6499938964844,335.79998779296875,336.3500061035156,18868248
2018-08-30,329.4617614746094,344.3500061035156,345.45001220703125,337.70001220703125,339.20001220703125,22349447
2018-08-31,327.7874450683594,342.6000061035156,346.79998779296875,338.5,343.0,19809916
2018-09-03,319.7027587890625,334.1499938964844,344.0,332.54998779296875,343.6000061035156,12859450
2018-09-04,314.297119140625,328.5,336.45001220703125,327.25,334.79998779296875,15470215
2018-09-05,315.3973388671875,329.6499938964844,331.3500061035156,324.6000061035156,327.0,14548867
2018-09-06,314.4405822753906,328.6499938964844,331.25,325.5,330.0,11322771
2018-09-07,320.6116943359375,335.1000061035156,336.3999938964844,322.45001220703125,327.45001220703125,16435004
2018-09-10,318.5068054199219,332.8999938964844,335.75,330.3999938964844,331.79998779296875,16673909
2018-09-11,312.4313659667969,326.54998779296875,336.70001220703125,325.1000061035156,333.70001220703125,13005562
2018-09-12,308.9391784667969,322.8999938964844,327.04998779296875,318.5,327.0,15263406
2018-09-14,314.1535339355469,328.3500061035156,332.0,324.1499938964844,327.20001220703125,10736693
2018-09-17,311.6181335449219,325.70001220703125,327.5,321.3500061035156,327.29998779296875,7227361
2018-09-18,305.0643310546875,318.8500061035156,328.04998779296875,317.70001220703125,324.25,14825218
2018-09-19,307.0735168457031,320.95001220703125,324.70001220703125,317.0,320.0,15942065
2018-09-21,303.3899230957031,317.1000061035156,333.70001220703125,308.3500061035156,323.45001220703125,34169460
2018-09-24,295.4009704589844,308.75,316.79998779296875,305.54998779296875,316.79998779296875,24382310
2018-09-25,297.6493835449219,311.1000061035156,313.5,300.04998779296875,307.0,30472132
2018-09-26,299.5629577636719,313.1000061035156,315.29998779296875,305.1000061035156,315.0,23224979
2018-09-27,293.3917236328125,306.6499938964844,316.0,305.29998779296875,315.6499938964844,24888615
2018-09-28,292.33929443359375,305.54998779296875,311.6000061035156,301.79998779296875,309.1000061035156,26289107
2018-10-01,300.42401123046875,314.0,315.04998779296875,300.54998779296875,306.29998779296875,21104376
2018-10-03,290.5693359375,303.70001220703125,314.5,302.45001220703125,311.1000061035156,19105555
2018-10-04,302.8158874511719,316.5,321.25,294.79998779296875,299.0,56268976
2018-10-05,294.013671875,307.29998779296875,321.8500061035156,299.3500061035156,314.6499938964844,36131946
2018-10-08,297.4101257324219,310.8500061035156,314.04998779296875,298.6000061035156,307.29998779296875,20488368
2018-10-09,293.0090637207031,306.25,311.8999938964844,303.0,311.45001220703125,14852835
2018-10-10,306.02105712890625,319.8500061035156,322.95001220703125,304.5,307.1000061035156,23972064
2018-10-11,298.2234191894531,311.70001220703125,315.45001220703125,304.0,310.0,21691068
2018-10-12,305.59051513671875,319.3999938964844,324.25,313.6000061035156,313.8500061035156,25930022
2018-10-15,299.80206298828125,313.3500061035156,317.8999938964844,309.54998779296875,316.8999938964844,23756416
2018-10-16,306.78643798828125,320.6499938964844,322.95001220703125,313.75,313.75,18042549
2018-10-17,301.1894226074219,314.79998779296875,328.1499938964844,311.6499938964844,325.1000061035156,20203287
2018-10-19,301.81134033203125,315.45001220703125,321.5,310.20001220703125,312.8500061035156,18322589
2018-10-22,312.9576416015625,327.1000061035156,329.8500061035156,316.1000061035156,320.20001220703125,33593953
2018-10-23,308.891357421875,322.8500061035156,328.6000061035156,318.3500061035156,323.0,21509920
2018-10-24,308.078125,322.0,330.0,316.25,328.75,33104174
2018-10-25,306.1167297363281,319.95001220703125,322.04998779296875,311.79998779296875,318.5,26920180
2018-10-26,302.00262451171875,315.6499938964844,323.3999938964844,313.0,319.79998779296875,22952163
2018-10-29,334.29345703125,349.3999938964844,352.95001220703125,328.29998779296875,329.0,80069836
2018-10-30,330.75341796875,345.70001220703125,353.8500061035156,342.8999938964844,347.45001220703125,34460428
2018-10-31,339.6513366699219,355.0,356.54998779296875,342.29998779296875,345.5,31233009
2018-11-01,338.4075622558594,353.70001220703125,358.45001220703125,351.1000061035156,357.0,22157128
2018-11-02,339.1250915527344,354.45001220703125,357.79998779296875,351.70001220703125,354.0,26714413
2018-11-05,334.5325927734375,349.6499938964844,351.8500061035156,348.0,351.0,22873951
2018-11-06,337.8334655761719,353.1000061035156,358.29998779296875,347.6499938964844,348.70001220703125,21349153
2018-11-07,340.51239013671875,355.8999938964844,357.0,354.54998779296875,356.75,2074764
2018-11-09,341.42132568359375,356.8500061035156,358.1000061035156,352.3999938964844,356.8999938964844,15130936
2018-11-12,337.1159362792969,352.3500061035156,358.20001220703125,351.5,356.0,10642857
2018-11-13,345.2962646484375,360.8999938964844,361.95001220703125,347.79998779296875,347.79998779296875,17684864
2018-11-14,350.7497863769531,366.6000061035156,369.8999938964844,361.29998779296875,365.0,31774158
2018-11-15,354.0028076171875,370.0,374.8999938964844,362.1000061035156,366.1000061035156,21967798
2018-11-16,351.65869140625,367.54998779296875,375.29998779296875,365.54998779296875,370.1000061035156,29972926
2018-11-19,346.7313537597656,362.3999938964844,370.70001220703125,360.75,368.29998779296875,16002154
2018-11-20,342.4259033203125,357.8999938964844,365.45001220703125,354.6000061035156,362.0,19591217
2018-11-21,341.3256530761719,356.75,360.29998779296875,353.04998779296875,356.3500061035156,29323882
2018-11-22,336.8288879394531,352.04998779296875,358.5,351.0,357.6499938964844,12547369
2018-11-26,340.9429931640625,356.3500061035156,357.8500061035156,350.70001220703125,354.75,20673027
2018-11-27,339.3164367675781,354.6499938964844,356.1000061035156,351.6000061035156,355.75,17933339
2018-11-28,343.4783630371094,359.0,361.54998779296875,353.25,356.95001220703125,18163000
2018-11-29,346.5400085449219,362.20001220703125,366.3999938964844,360.20001220703125,363.0,38692771
2018-11-30,339.7948303222656,355.1499938964844,365.0,353.79998779296875,365.0,21893877
2018-12-03,340.1297302246094,355.5,358.8999938964844,352.1000061035156,358.8999938964844,23427270
2018-12-04,342.47381591796875,357.95001220703125,359.1000061035156,353.29998779296875,353.29998779296875,18651442
2018-12-05,336.20697021484375,351.3999938964844,356.3500061035156,350.45001220703125,355.29998779296875,12068267
2018-12-06,332.6191101074219,347.6499938964844,349.95001220703125,343.3500061035156,348.20001220703125,17784829
2018-12-07,336.972412109375,352.20001220703125,353.0,345.29998779296875,349.6000061035156,14979672
2018-12-10,331.37530517578125,346.3500061035156,349.45001220703125,344.25,346.5,14107881
2018-12-11,327.978759765625,342.79998779296875,345.0,336.0,337.3999938964844,36885929
2018-12-12,334.8196716308594,349.95001220703125,351.70001220703125,339.3999938964844,342.79998779296875,24740214
2018-12-13,334.4369812011719,349.54998779296875,354.20001220703125,347.6000061035156,352.8999938964844,19129928
2018-12-14,336.6853942871094,351.8999938964844,354.04998779296875,349.1499938964844,349.20001220703125,12104234
2018-12-17,342.95220947265625,358.45001220703125,360.5,352.29998779296875,352.29998779296875,18378122
2018-12-18,346.5878601074219,362.25,362.8999938964844,354.6000061035156,356.75,15405953
2018-12-19,350.6540832519531,366.5,369.25,361.0,363.0,19442031
2018-12-20,346.4922180175781,362.1499938964844,365.5,361.1499938964844,363.04998779296875,12109613
2018-12-21,338.88592529296875,354.20001220703125,363.5,352.0,361.0,13555416
2018-12-24,337.49859619140625,352.75,357.1000061035156,351.5,353.3999938964844,9025217
2018-12-26,340.464599609375,355.8500061035156,356.8999938964844,348.1499938964844,350.6499938964844,8695108
2018-12-27,340.2732238769531,355.6499938964844,360.75,354.8999938964844,359.5,10122458
2018-12-28,345.1527099609375,360.75,362.79998779296875,358.29998779296875,358.29998779296875,13004606
2018-12-31,344.57867431640625,360.1499938964844,363.5,359.5,362.79998779296875,7314108
2019-01-01,348.02301025390625,363.75,364.79998779296875,356.3999938964844,361.5,7759872
2019-01-02,348.8362731933594,364.6000061035156,367.8999938964844,360.29998779296875,361.5,18243156
2019-01-03,347.54461669921875,363.25,367.29998779296875,362.04998779296875,365.0,12884409
2019-01-04,349.4103698730469,365.20001220703125,368.79998779296875,358.04998779296875,361.8500061035156,22896026
2019-01-07,351.80224609375,367.70001220703125,371.0,366.54998779296875,367.5,12719847
2019-01-08,363.71392822265625,380.1499938964844,381.79998779296875,366.6000061035156,367.79998779296875,21501136
2019-01-09,365.72320556640625,382.25,383.54998779296875,375.6000061035156,381.6499938964844,21730142
2019-01-10,363.0920715332031,379.5,382.1499938964844,376.04998779296875,380.95001220703125,14497154
2019-01-11,362.18310546875,378.54998779296875,381.20001220703125,375.25,380.6000061035156,12537973
2019-01-14,357.2079772949219,373.3500061035156,378.70001220703125,372.70001220703125,378.70001220703125,14844029
2019-01-15,356.63385009765625,372.75,375.3999938964844,370.6000061035156,373.54998779296875,12960779
2019-01-16,359.0736389160156,375.29998779296875,379.75,372.04998779296875,372.04998779296875,15106484
2019-01-17,358.4039306640625,374.6000061035156,377.95001220703125,372.79998779296875,376.0,13171721
2019-01-18,355.91632080078125,372.0,376.3999938964844,370.3500061035156,374.6000061035156,12212121
2019-01-21,355.6293029785156,371.70001220703125,376.1499938964844,370.6000061035156,373.0,8908581
2019-01-22,353.0938415527344,369.04998779296875,372.5,366.1000061035156,370.54998779296875,14756076
2019-01-23,351.5151672363281,367.3999938964844,373.70001220703125,366.45001220703125,368.79998779296875,9726450
2019-01-24,349.027587890625,364.79998779296875,368.5,361.75,366.6000061035156,17521254
2019-01-25,341.7561950683594,357.20001220703125,364.6499938964844,354.54998779296875,362.3500061035156,22978238
2019-01-28,328.6963195800781,343.54998779296875,354.8999938964844,336.6499938964844,353.20001220703125,34362360
2019-01-29,331.8536682128906,346.8500061035156,350.1000061035156,341.3500061035156,342.95001220703125,20738442
2019-01-30,350.080078125,365.8999938964844,368.6000061035156,351.0,351.0,39400056
2019-01-31,348.6927185058594,364.45001220703125,376.6499938964844,354.1000061035156,372.70001220703125,85917249
2019-02-01,339.3164367675781,354.6499938964844,364.8999938964844,348.75,364.5,25605469
2019-02-04,339.2207946777344,354.54998779296875,356.8999938964844,346.0,351.0,17039321
2019-02-05,337.4029235839844,352.6499938964844,356.1000061035156,348.8500061035156,354.6000061035156,12197271
2019-02-06,343.765380859375,359.29998779296875,361.8999938964844,353.20001220703125,353.6000061035156,15396216
2019-02-07,343.1434631347656,358.6499938964844,361.79998779296875,356.5,359.1000061035156,10247434
2019-02-08,339.74700927734375,355.1000061035156,358.3999938964844,350.75,356.8999938964844,9308651
2019-02-11,334.9153137207031,350.04998779296875,354.70001220703125,349.04998779296875,354.6000061035156,9419635
2019-02-12,329.4139404296875,344.29998779296875,352.0,343.25,349.0,14924394
2019-02-14,329.0791320800781,343.95001220703125,346.8500061035156,336.1499938964844,339.8500061035156,15172596
2019-02-15,327.3569030761719,342.1499938964844,347.75,340.6000061035156,344.04998779296875,20316848
2019-02-18,324.1039123535156,338.75,343.0,337.54998779296875,342.20001220703125,10601490
2019-02-19,328.4093322753906,343.25,350.3999938964844,339.1000061035156,339.1000061035156,14384763
2019-02-20,330.2750244140625,345.20001220703125,347.6000061035156,342.3500061035156,345.0,9474758
2019-02-21,336.11126708984375,351.29998779296875,354.95001220703125,346.25,346.79998779296875,18631331
2019-02-22,336.8288879394531,352.04998779296875,354.1000061035156,351.29998779296875,351.3999938964844,10997730
2019-02-25,340.2253723144531,355.6000061035156,357.45001220703125,353.04998779296875,353.04998779296875,10344411
2019-02-26,333.14532470703125,348.20001220703125,352.70001220703125,346.6000061035156,350.0,18096382
2019-02-27,330.60992431640625,345.54998779296875,354.70001220703125,343.29998779296875,351.0,17325417
2019-02-28,335.0110168457031,350.1499938964844,351.75,345.0,348.45001220703125,18347113
2019-03-01,338.93377685546875,354.25,355.0,350.6499938964844,352.04998779296875,14190221
2019-03-05,347.54461669921875,363.25,364.1499938964844,352.79998779296875,355.0,17638277
2019-03-06,355.86846923828125,371.95001220703125,372.8500061035156,365.25,365.25,31436190
2019-03-07,354.7681884765625,370.79998779296875,374.0,368.5,371.5,15355303
2019-03-08,354.57684326171875,370.6000061035156,373.3999938964844,367.6499938964844,369.79998779296875,16143455
2019-03-11,359.599853515625,375.8500061035156,378.3999938964844,370.0,371.79998779296875,11449587
2019-03-12,371.4158935546875,388.20001220703125,389.0,377.3500061035156,378.0,37108265
2019-03-13,374.9559631347656,391.8999938964844,393.25,384.29998779296875,387.8999938964844,19574619
2019-03-14,371.12884521484375,387.8999938964844,393.0,386.79998779296875,392.0,13182462
2019-03-15,378.20892333984375,395.29998779296875,398.25,388.1000061035156,388.8500061035156,31466545
2019-03-18,380.84002685546875,398.04998779296875,399.8999938964844,393.5,396.25,21220626
2019-03-19,381.17486572265625,398.3999938964844,400.95001220703125,393.8999938964844,398.3999938964844,11670392
2019-03-20,375.91265869140625,392.8999938964844,398.1499938964844,392.20001220703125,397.6000061035156,14181408
2019-03-22,374.8602600097656,391.79998779296875,396.29998779296875,390.0,394.45001220703125,17409249
2019-03-25,366.9190979003906,383.5,387.95001220703125,382.5,387.95001220703125,12345034
2019-03-26,377.0608215332031,394.1000061035156,395.5,383.3999938964844,384.95001220703125,14063632
2019-03-27,376.1997375488281,393.20001220703125,398.45001220703125,390.1499938964844,395.3999938964844,17950017
2019-03-28,383.23193359375,400.54998779296875,401.8999938964844,392.75,392.75,23117485
2019-04-01,381.0313720703125,398.25,409.54998779296875,395.75,401.45001220703125,16106604
2019-04-02,379.9789123535156,397.1499938964844,400.0,393.45001220703125,400.0,13010810
2019-04-03,375.1473083496094,392.1000061035156,402.79998779296875,390.6499938964844,399.0,12317200
2019-04-04,371.9421081542969,388.75,395.70001220703125,387.29998779296875,394.3999938964844,14521564
2019-04-05,373.664306640625,390.54998779296875,392.5,385.6000061035156,389.25,10853927
2019-04-08,370.36346435546875,387.1000061035156,391.45001220703125,385.0,391.45001220703125,6305407
2019-04-09,379.9789123535156,397.1499938964844,398.3500061035156,387.1499938964844,387.3999938964844,13206348
2019-04-10,377.1564636230469,394.20001220703125,398.79998779296875,392.70001220703125,395.54998779296875,14000018
2019-04-11,373.1858825683594,390.04998779296875,394.5,387.54998779296875,394.5,8704774
2019-04-12,377.5392150878906,394.6000061035156,395.54998779296875,388.25,390.6000061035156,7035256
2019-04-15,375.7691650390625,392.75,396.95001220703125,391.79998779296875,394.20001220703125,9770752
2019-04-16,389.403076171875,407.0,408.3999938964844,397.5,397.5,24487788
2019-04-18,386.91546630859375,404.3999938964844,411.0,402.6000061035156,411.0,18660434
2019-04-22,377.44354248046875,394.5,404.6000061035156,393.70001220703125,404.25,10493872
2019-04-23,379.35699462890625,396.5,399.95001220703125,393.6000061035156,396.1000061035156,10203957
2019-04-24,383.7581787109375,401.1000061035156,402.6499938964844,393.45001220703125,397.1000061035156,11397163
2019-04-25,378.3045959472656,395.3999938964844,402.3999938964844,394.29998779296875,400.8999938964844,16524091
2019-04-26,389.5944519042969,407.20001220703125,408.0,394.25,400.0,14286163
2019-04-30,389.8814697265625,407.5,409.79998779296875,403.29998779296875,407.75,19375553
2019-05-02,378.4481506347656,395.54998779296875,405.0,394.3999938964844,403.70001220703125,16572948
2019-05-03,384.4278564453125,401.79998779296875,405.20001220703125,394.70001220703125,397.1499938964844,24431248
2019-05-06,383.94952392578125,401.29998779296875,404.8999938964844,394.6499938964844,396.5,20751521
2019-05-07,369.7893981933594,386.5,407.3500061035156,384.29998779296875,398.0,41519416
2019-05-08,365.6753234863281,382.20001220703125,390.0,380.1000061035156,386.29998779296875,22509400
2019-05-09,364.90985107421875,381.3999938964844,385.70001220703125,377.54998779296875,380.95001220703125,19739885
2019-05-10,368.449951171875,385.1000061035156,389.20001220703125,382.25,383.5,18361701
2019-05-13,360.0303649902344,376.29998779296875,385.75,375.25,385.0,13828080
2019-05-14,363.9531555175781,380.3999938964844,386.75,376.5,378.1000061035156,21481226
2019-05-15,360.7479248046875,377.04998779296875,384.5,375.79998779296875,382.3500061035156,16183425
2019-05-16,365.9622802734375,382.5,385.0,377.54998779296875,379.0,13430281
2019-05-17,372.8510437011719,389.70001220703125,392.0,380.75,381.20001220703125,19096980
2019-05-20,390.0727844238281,407.70001220703125,414.0,402.0,405.25,33350816
2019-05-21,382.8492431640625,400.1499938964844,410.79998779296875,397.6000061035156,408.6000061035156,18286421
2019-05-22,387.8244323730469,405.3500061035156,408.3999938964844,401.54998779296875,403.0,15370847
2019-05-23,393.08660888671875,410.8500061035156,427.95001220703125,407.3999938964844,414.0,43279956
2019-05-24,413.0830383300781,431.75,433.54998779296875,412.6499938964844,415.5,37708344
2019-05-27,416.6708679199219,435.5,438.79998779296875,429.6499938964844,432.25,23397222
2019-05-28,415.522705078125,434.29998779296875,439.20001220703125,428.1000061035156,435.04998779296875,23389724
2019-05-29,404.9983215332031,423.29998779296875,430.45001220703125,422.1000061035156,428.6000061035156,22132254
2019-05-30,407.7729797363281,426.20001220703125,428.0,419.6000061035156,420.8500061035156,18281037
2019-05-31,405.3810729980469,423.70001220703125,430.20001220703125,414.29998779296875,427.0,24644955
2019-06-03,404.6156311035156,422.8999938964844,426.3999938964844,419.6000061035156,426.0,17125380
2019-06-04,400.97991943359375,419.1000061035156,422.75,417.5,417.70001220703125,14514451
2019-06-06,393.75634765625,411.54998779296875,417.8500061035156,410.3500061035156,417.3999938964844,17762399
2019-06-07,398.5879821777344,416.6000061035156,418.95001220703125,407.8999938964844,413.5,14107696
2019-06-10,398.1096496582031,416.1000061035156,422.75,413.0,418.8999938964844,13074522
2019-06-11,403.1326599121094,421.3500061035156,423.70001220703125,413.04998779296875,418.45001220703125,10939138
2019-06-12,399.9274597167969,418.0,422.0,414.79998779296875,422.0,11136959
2019-06-13,401.45831298828125,419.6000061035156,422.29998779296875,415.29998779296875,416.70001220703125,12164077
2019-06-14,399.68829345703125,417.75,422.0,416.1000061035156,420.29998779296875,8601256
2019-06-17,396.291748046875,414.20001220703125,419.70001220703125,413.1499938964844,418.95001220703125,9539802
2019-06-18,403.8980407714844,422.1499938964844,426.04998779296875,415.1000061035156,415.45001220703125,17761348
2019-06-19,401.649658203125,419.79998779296875,426.0,417.3500061035156,423.75,17010384
2019-06-20,414.6616516113281,433.3999938964844,434.6499938964844,419.0,419.75,24315929
2019-06-21,412.17401123046875,430.79998779296875,435.20001220703125,428.8500061035156,434.20001220703125,13909654
2019-06-24,410.8824462890625,429.45001220703125,433.79998779296875,428.20001220703125,431.45001220703125,8545999
2019-06-25,414.90081787109375,433.6499938964844,434.79998779296875,424.6000061035156,427.8999938964844,12964387
2019-06-26,419.6846618652344,438.6499938964844,440.0,432.5,432.5,12261068
2019-06-27,421.8852844238281,440.95001220703125,443.8999938964844,437.6000061035156,438.0,18787957
2019-06-28,418.20166015625,437.1000061035156,440.5,433.6000061035156,439.5,13459208
2019-07-01,420.01953125,439.0,442.0,437.70001220703125,439.5,6871979
2019-07-02,417.8668212890625,436.75,440.0,433.6000061035156,439.0,7787303
2019-07-03,417.1014404296875,435.95001220703125,440.0,434.20001220703125,437.8999938964844,10415896
2019-07-04,417.340576171875,436.20001220703125,441.3999938964844,434.1000061035156,438.0,11810688
2019-07-05,417.484130859375,436.3500061035156,439.8999938964844,433.20001220703125,436.45001220703125,12154330
2019-07-08,407.48590087890625,425.8999938964844,435.3500061035156,422.0,434.0,12184946
2019-07-09,409.9734802246094,428.5,429.79998779296875,424.6499938964844,426.0,11679067
2019-07-10,412.2697448730469,430.8999938964844,432.70001220703125,427.20001220703125,430.0,16494282
2019-07-11,408.1077880859375,426.54998779296875,432.8999938964844,424.79998779296875,432.6499938964844,16535185
2019-07-12,408.586181640625,427.04998779296875,433.0,424.0,427.29998779296875,8824728
2019-07-15,404.04156494140625,422.29998779296875,428.3999938964844,421.6000061035156,428.3999938964844,7825336
2019-07-16,406.24212646484375,424.6000061035156,430.54998779296875,421.54998779296875,421.54998779296875,12149205
2019-07-17,406.3377990722656,424.70001220703125,427.04998779296875,422.5,424.6000061035156,10961022
2019-07-18,400.54931640625,418.6499938964844,425.5,417.5,425.0,10651654
2019-07-19,392.5603942871094,410.29998779296875,420.3500061035156,408.5,419.8999938964844,12260757
2019-07-22,394.6704406738281,411.5,412.95001220703125,404.25,409.75,17937246
2019-07-23,395.1020202636719,411.95001220703125,416.0,409.75,412.79998779296875,14207080
2019-07-24,391.7930908203125,408.5,411.8500061035156,401.70001220703125,411.8500061035156,16505930
2019-07-25,392.27264404296875,409.0,413.8500061035156,405.29998779296875,409.20001220703125,16852479
2019-07-26,398.7466125488281,415.75,419.3999938964844,408.54998779296875,410.25,17493739
2019-07-29,411.7903747558594,429.3500061035156,435.3500061035156,425.29998779296875,433.0,46754670
2019-07-30,407.9539794921875,425.3500061035156,438.70001220703125,422.75,433.0,23617273
2019-07-31,407.2346496582031,424.6000061035156,430.20001220703125,421.20001220703125,423.8999938964844,22329888
2019-08-01,399.993408203125,417.04998779296875,426.3500061035156,410.6499938964844,423.25,18269866
2019-08-02,393.8072509765625,410.6000061035156,417.8500061035156,405.5,413.8999938964844,30939803
2019-08-05,386.182373046875,402.6499938964844,406.6499938964844,395.75,403.6499938964844,25033370
2019-08-06,393.4715576171875,410.25,411.5,400.8999938964844,401.0,30665326
2019-08-07,391.6971740722656,408.3999938964844,415.0,406.29998779296875,409.29998779296875,20977349
2019-08-08,397.4518127441406,414.3999938964844,416.6000061035156,404.1499938964844,411.0,19046657
2019-08-09,402.9666442871094,420.1499938964844,422.3999938964844,414.5,416.5,17664017
2019-08-13,393.4715576171875,410.25,421.70001220703125,409.1499938964844,417.0,18389104
2019-08-14,400.23321533203125,417.29998779296875,422.20001220703125,411.25,411.8999938964844,13307755
2019-08-16,401.8157043457031,418.95001220703125,420.0,412.1000061035156,417.79998779296875,15154141
2019-08-19,406.083740234375,423.3999938964844,427.8999938964844,420.1000061035156,420.1000061035156,12304262
2019-08-20,399.84954833984375,416.8999938964844,423.20001220703125,412.5,420.79998779296875,16181488
2019-08-21,395.1979064941406,412.04998779296875,418.70001220703125,410.54998779296875,416.0,12868183
2019-08-22,382.7775573730469,399.1000061035156,412.5,398.0,411.0,18182520
2019-08-23,379.2288818359375,395.3999938964844,403.5,385.79998779296875,389.0,26883695
2019-08-26,394.81427001953125,411.6499938964844,414.0,392.8500061035156,407.0,26701988
2019-08-27,401.48004150390625,418.6000061035156,420.5,411.25,412.79998779296875,28793372
2019-08-28,396.0611267089844,412.95001220703125,418.25,409.70001220703125,418.0,12154347
2019-08-29,387.86077880859375,404.3999938964844,410.79998779296875,399.3500061035156,409.8999938964844,30331105
2019-08-30,392.89605712890625,409.6499938964844,412.8500061035156,402.6499938964844,406.5,18314194
2019-09-03,376.1117858886719,392.1499938964844,406.3999938964844,391.04998779296875,405.04998779296875,20194305
2019-09-04,381.24298095703125,397.5,399.6499938964844,389.8999938964844,391.0,18614965
2019-09-05,373.0906066894531,389.0,394.0,388.0,389.54998779296875,25022673
2019-09-06,375.344482421875,391.3500061035156,394.5,389.20001220703125,391.0,17564286
2019-09-09,379.2768249511719,395.45001220703125,400.3999938964844,389.1000061035156,393.0,18651819
2019-09-11,378.46160888671875,394.6000061035156,399.0,393.3500061035156,394.8999938964844,17463978
2019-09-12,386.2303466796875,402.70001220703125,407.20001220703125,399.6499938964844,399.6499938964844,19577114
2019-09-13,396.4927062988281,413.3999938964844,414.8999938964844,400.6499938964844,406.79998779296875,17775449
2019-09-16,395.2938232421875,412.1499938964844,415.6499938964844,406.75,408.5,17629622
2019-09-17,384.26416015625,400.6499938964844,411.8999938964844,398.29998779296875,405.8500061035156,20793363
2019-09-18,383.017333984375,399.3500061035156,405.45001220703125,396.5,405.45001220703125,18477377
2019-09-19,370.7887878417969,386.6000061035156,395.70001220703125,384.3500061035156,395.70001220703125,22647508
2019-09-20,400.42498779296875,417.5,424.0,386.6499938964844,389.0,75217723
2019-09-23,428.04718017578125,446.29998779296875,450.0,428.45001220703125,435.79998779296875,57490445
2019-09-24,422.8680114746094,440.8999938964844,448.6499938964844,433.3500061035156,441.5,26639931
2019-09-25,416.4420471191406,434.20001220703125,440.95001220703125,429.6000061035156,439.1000061035156,19987241
2019-09-26,433.4660949707031,451.95001220703125,458.6499938964844,438.54998779296875,439.0,40909369
2019-09-27,430.8285827636719,449.20001220703125,451.8500061035156,443.29998779296875,449.5,19432963
2019-09-30,415.9624938964844,433.70001220703125,445.1499938964844,431.0,443.29998779296875,27524660
2019-10-01,407.2346496582031,424.6000061035156,443.20001220703125,416.70001220703125,436.95001220703125,30623906
2019-10-03,409.82421875,427.29998779296875,434.6000061035156,422.29998779296875,424.0,23275379
2019-10-04,396.9722595214844,413.8999938964844,429.29998779296875,412.04998779296875,428.5,17952697
2019-10-07,399.0823059082031,416.1000061035156,423.5,411.5,415.1000061035156,21933703
2019-10-09,418.83978271484375,436.70001220703125,438.3999938964844,417.1000061035156,420.25,34533981
2019-10-10,406.3714904785156,423.70001220703125,431.5,420.5,430.0,19074005
2019-10-11,411.0230712890625,428.54998779296875,433.25,422.1000061035156,427.95001220703125,18004922
2019-10-14,411.3108215332031,428.8500061035156,436.3999938964844,426.0,430.0,17211042
2019-10-15,414.1881408691406,431.8500061035156,435.45001220703125,428.20001220703125,430.0,14971985
2019-10-16,417.4969787597656,435.29998779296875,439.5,431.1499938964844,434.5,17833051
2019-10-17,422.58026123046875,440.6000061035156,443.3500061035156,433.70001220703125,436.0,12452421
2019-10-18,419.894775390625,437.79998779296875,443.70001220703125,435.25,437.70001220703125,15988455
2019-10-22,432.69879150390625,451.1499938964844,458.70001220703125,437.54998779296875,440.5,34966169
2019-10-23,436.48724365234375,455.1000061035156,459.0,448.20001220703125,452.0,25196183
2019-10-24,436.1515808105469,454.75,459.0,451.0,457.3999938964844,23542540
2019-10-25,449.9146423339844,469.1000061035156,470.6499938964844,454.3999938964844,457.70001220703125,34397573
2019-10-27,450.3462829589844,469.54998779296875,473.5,465.0,471.0,8206762
2019-10-29,457.8752136230469,477.3999938964844,482.0,466.8500061035156,470.20001220703125,33686172
2019-10-30,451.880859375,471.1499938964844,479.0,470.0,479.0,22396012
2019-10-31,444.11212158203125,463.04998779296875,476.75,461.29998779296875,475.0,21198377
2019-11-01,443.3448181152344,462.25,466.95001220703125,460.5,466.6499938964844,13522994
2019-11-04,451.25738525390625,470.5,472.29998779296875,463.0,463.0,16254715
2019-11-05,449.19537353515625,468.3500061035156,474.0,466.8999938964844,472.1000061035156,14952189
2019-11-06,461.040283203125,480.70001220703125,483.8999938964844,464.75,467.1499938964844,24922680
2019-11-07,458.97821044921875,478.54998779296875,483.0,475.6499938964844,483.0,18312032
2019-11-08,469.4324035644531,489.45001220703125,496.0,480.29998779296875,480.75,52207121
2019-11-11,476.4817810058594,496.79998779296875,499.0,484.6000061035156,488.0,24766065
2019-11-13,465.88372802734375,485.75,497.5,483.29998779296875,496.79998779296875,24272664
2019-11-14,478.2561340332031,498.6499938964844,499.8500061035156,483.75,489.75,35396276
2019-11-15,479.4070739746094,499.8500061035156,509.70001220703125,496.0,497.8500061035156,42074833
2019-11-18,477.9683837890625,498.3500061035156,504.45001220703125,496.6499938964844,498.75,22910109
2019-11-19,473.3167419433594,493.5,502.0,489.8500061035156,497.95001220703125,27939336
2019-11-20,474.7554016113281,495.0,498.0,492.5,495.20001220703125,22606112
2019-11-21,477.8725280761719,498.25,503.79998779296875,491.25,498.1000061035156,25745594
2019-11-22,476.4817810058594,496.79998779296875,501.75,492.1499938964844,501.1000061035156,18462401
2019-11-25,477.44091796875,497.79998779296875,500.0,491.54998779296875,492.0,25692878
2019-11-26,489.8133544921875,510.70001220703125,517.5499877929688,501.0,501.79998779296875,286857658
2019-11-27,484.82598876953125,505.5,515.8499755859375,504.29998779296875,513.9000244140625,29866539
2019-11-28,497.91778564453125,519.1500244140625,520.0,508.0,509.54998779296875,35706498
2019-11-29,491.6355895996094,512.5999755859375,516.5,510.29998779296875,516.0,13324549
2019-12-02,490.005126953125,510.8999938964844,514.0,507.25,513.4500122070312,10130049
2019-12-03,488.5185241699219,509.3500061035156,511.25,504.6499938964844,509.75,12795657
2019-12-04,507.60467529296875,529.25,531.3499755859375,509.29998779296875,510.0,30992538
2019-12-05,506.501708984375,528.0999755859375,537.5,526.0499877929688,532.5499877929688,32354118
2019-12-06,503.3366394042969,524.7999877929688,533.5,521.6500244140625,530.0499877929688,24868376
2019-12-09,504.9671630859375,526.5,529.2999877929688,522.2000122070312,524.0499877929688,12980877
2019-12-10,507.07720947265625,528.7000122070312,530.25,524.7000122070312,526.0499877929688,12021443
2019-12-11,511.7287902832031,533.5499877929688,535.2000122070312,527.2000122070312,530.5999755859375,13768156
2019-12-12,513.4552001953125,535.3499755859375,537.0999755859375,529.7999877929688,534.8499755859375,12385216
2019-12-13,515.085693359375,537.0499877929688,542.7999877929688,535.7000122070312,537.9000244140625,17884861
2019-12-16,517.1956787109375,539.25,541.4000244140625,536.7000122070312,539.5,13070575
2019-12-17,519.0179443359375,541.1500244140625,543.0,538.75,540.9500122070312,11516163
2019-12-18,519.2577514648438,541.4000244140625,542.9000244140625,535.9500122070312,542.0499877929688,12906168
2019-12-19,518.1068115234375,540.2000122070312,541.2000122070312,533.7000122070312,537.2000122070312,12082790
2019-12-20,523.7654418945312,546.0999755859375,549.5,539.25,540.9500122070312,27691592
2019-12-23,519.1618041992188,541.2999877929688,548.8499755859375,537.5999755859375,547.0,11521942
2019-12-24,518.969970703125,541.0999755859375,543.9500122070312,539.2999877929688,542.0,6715007
2019-12-26,516.7161254882812,538.75,542.4000244140625,537.6500244140625,541.0999755859375,7831074
2019-12-27,526.9305419921875,549.4000244140625,550.5,538.3499755859375,541.0,11247684
2019-12-30,521.7034912109375,543.9500122070312,552.2000122070312,542.5999755859375,549.5999755859375,13180302
2019-12-31,516.8599853515625,538.9000244140625,543.7999877929688,538.0,543.7999877929688,12491978
2020-01-01,514.7978515625,536.75,542.5,535.7000122070312,539.9000244140625,7642793
2020-01-02,518.490478515625,540.5999755859375,541.9000244140625,535.8499755859375,536.0,10264223
2020-01-03,516.81201171875,538.8499755859375,540.7999877929688,536.25,538.0,9594690
2020-01-06,504.1997985839844,525.7000122070312,537.25,523.7999877929688,537.25,12534334
2020-01-07,501.5143737792969,522.9000244140625,535.5999755859375,521.6500244140625,531.2999877929688,16101835
2020-01-08,504.4396057128906,525.9500122070312,527.3499755859375,515.0,516.0,16094310
2020-01-09,523.957275390625,546.2999877929688,547.4000244140625,530.2999877929688,530.7000122070312,18934019
2020-01-10,518.15478515625,540.25,546.5,538.5,544.9000244140625,12335407
2020-01-13,516.5722045898438,538.5999755859375,546.0499877929688,538.0,539.4000244140625,7901800
2020-01-14,515.6131591796875,537.5999755859375,538.9500122070312,534.1500244140625,536.2000122070312,13939440
2020-01-15,513.6949462890625,535.5999755859375,536.9500122070312,530.6500244140625,535.0999755859375,12353176
2020-01-16,515.1815795898438,537.1500244140625,540.0,533.2000122070312,533.9000244140625,11249232
2020-01-17,510.2901306152344,532.0499877929688,538.0,530.5999755859375,534.5,18312609
2020-01-20,512.9755859375,534.8499755859375,544.0,531.0,533.0,19159996
2020-01-21,509.3310852050781,531.0499877929688,540.25,530.2000122070312,532.9500122070312,13477994
2020-01-22,501.4664306640625,522.8499755859375,534.9500122070312,520.75,531.5,17527408
2020-01-23,506.1180419921875,527.7000122070312,530.25,517.0499877929688,521.4000244140625,17061293
2020-01-24,512.0164794921875,533.8499755859375,537.4000244140625,527.0,529.25,17851868
2020-01-27,515.2774658203125,537.25,545.0,531.5,538.5,38149166
2020-01-28,506.5976257324219,528.2000122070312,540.5999755859375,524.4500122070312,538.0999755859375,24009224
2020-01-29,505.0630187988281,526.5999755859375,534.7999877929688,525.2999877929688,531.5499877929688,16400827
2020-01-30,510.43402099609375,532.2000122070312,533.9500122070312,524.1500244140625,527.6500244140625,14319317
2020-01-31,504.1518249511719,525.6500244140625,532.75,522.4000244140625,530.0,16292578
2020-02-03,494.4649963378906,515.5499877929688,519.1500244140625,502.0,504.0,22531888
2020-02-04,509.09124755859375,530.7999877929688,534.6500244140625,516.6500244140625,520.0,17781475
2020-02-05,517.0516967773438,539.0999755859375,540.4000244140625,525.7000122070312,529.0499877929688,18782476
2020-02-06,519.4495239257812,541.5999755859375,547.0,536.25,540.3499755859375,15296851
2020-02-07,514.5101928710938,536.4500122070312,541.75,535.1500244140625,540.9500122070312,8297149
2020-02-10,512.1124877929688,533.9500122070312,542.25,530.5,538.6500244140625,12536053
2020-02-11,517.6752319335938,539.75,544.7999877929688,537.5,537.7000122070312,11243552
2020-02-12,526.8345947265625,549.2999877929688,550.7000122070312,542.7000122070312,545.7999877929688,14026335
2020-02-13,518.8741455078125,541.0,549.0,538.0,549.0,9227235
2020-02-14,523.4777221679688,545.7999877929688,548.6500244140625,536.5499877929688,541.25,14458649
2020-02-17,519.4495239257812,541.5999755859375,545.3499755859375,537.75,543.0,7793293
2020-02-18,519.06591796875,541.2000122070312,544.4000244140625,536.0,541.0,15918303
2020-02-19,522.5186157226562,544.7999877929688,546.5,540.5,543.5,8704234
2020-02-20,524.6287231445312,547.0,549.3499755859375,541.7999877929688,545.5,13588526
2020-02-24,508.18011474609375,529.8499755859375,541.8499755859375,527.5499877929688,539.5,16940750
2020-02-25,509.2350769042969,530.9500122070312,538.7999877929688,525.2999877929688,532.4500122070312,14942960
2020-02-26,502.2816467285156,523.7000122070312,529.3499755859375,522.2000122070312,526.8499755859375,15743918
2020-02-27,494.2730712890625,515.3499755859375,523.2999877929688,512.6500244140625,522.7999877929688,26315054
2020-02-28,476.9134216308594,497.25,506.8500061035156,492.20001220703125,501.6000061035156,32737933
2020-03-02,485.40142822265625,506.1000061035156,520.5499877929688,498.45001220703125,508.25,28642076
2020-03-03,493.6977233886719,514.75,519.5,508.5,509.8500061035156,19661945
2020-03-04,487.5594482421875,508.3500061035156,517.5,497.04998779296875,517.5,21883404
2020-03-05,483.8669128417969,504.5,511.1499938964844,500.0,509.75,16671516
2020-03-06,466.4591979980469,486.3500061035156,496.79998779296875,477.29998779296875,485.0,31024353
2020-03-09,439.02886962890625,457.75,475.0,442.95001220703125,475.0,42027175
2020-03-11,446.6057434082031,465.6499938964844,471.75,449.6000061035156,450.0,31018779
2020-03-12,408.24169921875,425.6499938964844,445.95001220703125,416.0,438.0,50757033
2020-03-13,428.9103698730469,447.20001220703125,464.75,395.20001220703125,401.0,67104335
2020-03-16,386.4221496582031,402.8999938964844,424.20001220703125,397.45001220703125,424.20001220703125,34833637
2020-03-17,352.2301330566406,367.25,408.45001220703125,364.0,407.0,47232699
2020-03-18,340.5290832519531,355.04998779296875,375.5,342.29998779296875,369.1000061035156,61202289
2020-03-19,324.7038879394531,338.54998779296875,369.6000061035156,323.0,336.1000061035156,57985870
2020-03-20,331.5615234375,345.70001220703125,359.79998779296875,323.0,328.0,88640642
2020-03-23,272.38494873046875,284.0,313.70001220703125,280.0,311.1499938964844,56867949
2020-03-24,284.37371826171875,296.5,305.0,268.29998779296875,295.29998779296875,67895418
2020-03-25,303.9393615722656,316.8999938964844,334.1499938964844,281.6000061035156,284.0,66544138
2020-03-26,316.743408203125,330.25,364.3999938964844,314.25,322.0,76173940
2020-03-27,325.95074462890625,339.8500061035156,359.54998779296875,326.0,355.79998779296875,72889985
2020-03-30,300.5825500488281,313.3999938964844,333.8999938964844,311.1000061035156,330.1000061035156,36559880
2020-03-31,310.5091857910156,323.75,334.8500061035156,316.0,324.70001220703125,46279768
2020-04-01,298.4245300292969,311.1499938964844,323.75,308.1000061035156,319.0,33141186
2020-04-03,274.92657470703125,286.6499938964844,309.5,281.5,309.5,57326314
2020-04-07,312.7630920410156,326.1000061035156,329.6000061035156,296.8500061035156,308.29998779296875,57661076
2020-04-08,305.905517578125,318.95001220703125,352.75,315.1000061035156,322.8500061035156,73931321
2020-04-09,328.6842041015625,342.70001220703125,345.0,322.6499938964844,332.3999938964844,52431174
2020-04-13,317.1269836425781,330.6499938964844,345.79998779296875,329.25,341.04998779296875,30994190
2020-04-15,313.96197509765625,327.3500061035156,351.8999938964844,325.0,342.70001220703125,49132329
2020-04-16,328.0128173828125,342.0,347.79998779296875,319.3500061035156,325.29998779296875,56494027
2020-04-17,360.1907043457031,375.54998779296875,385.5,349.04998779296875,362.0,69006835
2020-04-20,346.5234375,361.29998779296875,378.8999938964844,357.0,376.0,55810736
2020-04-21,318.2779541015625,331.8500061035156,346.20001220703125,328.0,341.0,50118175
2020-04-22,322.2102355957031,335.95001220703125,338.0,323.04998779296875,326.0,49115085
2020-04-23,338.5150451660156,352.95001220703125,354.79998779296875,338.0,340.25,45953398
2020-04-24,321.1552734375,334.8500061035156,343.25,331.5,337.8999938964844,38513206
2020-04-27,333.6715393066406,347.8999938964844,352.8999938964844,338.0,339.29998779296875,38980019
2020-04-28,345.1328125,359.8500061035156,362.8500061035156,350.25,353.75,32933194
2020-04-29,355.29925537109375,370.45001220703125,376.5,351.6499938964844,353.0,39341745
2020-04-30,364.6025390625,380.1499938964844,392.95001220703125,374.1499938964844,382.0,45734705
2020-05-04,324.2243957519531,338.04998779296875,359.0,336.0,359.0,38837299
2020-05-05,317.31884765625,330.8500061035156,348.0,329.54998779296875,348.0,45069968
2020-05-06,327.43731689453125,341.3999938964844,345.54998779296875,325.25,331.5,49952812
2020-05-07,322.9775390625,336.75,342.8999938964844,333.70001220703125,337.0,27656346
2020-05-08,323.88873291015625,337.70001220703125,352.5,333.70001220703125,344.0,42968091
2020-05-11,307.0564880371094,320.1499938964844,343.54998779296875,318.20001220703125,341.0,83665601
2020-05-12,308.06353759765625,321.20001220703125,324.3999938964844,308.0,318.29998779296875,69072308
2020-05-13,324.2243957519531,338.04998779296875,348.3999938964844,332.29998779296875,343.5,72816461
2020-05-14,314.00994873046875,327.3999938964844,334.5,325.6499938964844,330.0,33999095
2020-05-15,309.5021667480469,322.70001220703125,330.54998779296875,318.79998779296875,329.29998779296875,31828868
2020-05-18,286.2918701171875,298.5,320.5,293.25,320.0,74034133
2020-05-19,288.01824951171875,300.29998779296875,311.5,297.1000061035156,307.04998779296875,61827491
2020-05-20,293.1495056152344,305.6499938964844,308.25,297.5,299.0,42238419
2020-05-21,291.9505920410156,304.3999938964844,312.79998779296875,302.0,306.0,43075357
2020-05-22,279.1465759277344,291.04998779296875,307.70001220703125,285.54998779296875,301.0,80358245
2020-05-26,280.7291259765625,292.70001220703125,297.8999938964844,290.0,296.04998779296875,46681705
2020-05-27,305.8096618652344,318.8500061035156,321.95001220703125,294.8500061035156,296.1000061035156,80541990
2020-05-28,313.4824523925781,326.8500061035156,329.75,320.75,322.25,66136408
2020-05-29,318.3739013671875,331.95001220703125,334.29998779296875,320.0,322.8999938964844,60487477
2020-06-01,325.37530517578125,339.25,348.0,336.20001220703125,339.0,44024770
2020-06-02,334.1510925292969,348.3999938964844,350.0,332.5,337.0,47558213
2020-06-03,342.2554931640625,356.8500061035156,373.0,353.79998779296875,357.8999938964844,69689299
2020-06-04,333.62359619140625,347.8500061035156,363.0,345.5,357.0,57061575
2020-06-05,342.5911865234375,357.20001220703125,360.0,347.0,350.0,37251097
2020-06-08,345.0848388671875,359.79998779296875,373.75,353.1499938964844,366.54998779296875,46827341
2020-06-09,334.294921875,348.54998779296875,369.3500061035156,345.25,360.04998779296875,47621969
2020-06-10,338.56298828125,353.0,356.8500061035156,345.29998779296875,348.54998779296875,36292403
2020-06-11,327.2934875488281,341.25,354.20001220703125,340.1000061035156,352.45001220703125,36999490
2020-06-12,330.12286376953125,344.20001220703125,346.1499938964844,324.1000061035156,324.20001220703125,47509067
2020-06-15,317.55859375,331.1000061035156,342.25,325.5,341.20001220703125,43500660
2020-06-16,328.9239807128906,342.95001220703125,347.8999938964844,326.04998779296875,342.25,57511237
2020-06-17,327.96490478515625,341.95001220703125,351.0,336.1000061035156,338.6000061035156,37107002
2020-06-18,337.60382080078125,352.0,354.70001220703125,337.20001220703125,340.0,39285919
2020-06-19,348.9212341308594,363.79998779296875,365.45001220703125,349.20001220703125,351.0,51367236
2020-06-22,352.51788330078125,367.54998779296875,375.25,365.1499938964844,367.0,40133602
2020-06-23,360.76617431640625,376.1499938964844,378.29998779296875,364.20001220703125,369.0,32493320
2020-06-24,333.8633117675781,348.1000061035156,380.0,345.0,380.0,57955780
2020-06-25,336.644775390625,351.0,355.6000061035156,338.5,345.8999938964844,69902888
2020-06-26,334.8224792480469,349.1000061035156,358.5,346.1000061035156,355.6000061035156,34596104
2020-06-29,329.0678405761719,343.1000061035156,345.6000061035156,338.5,345.25,27384244
2020-06-30,337.07635498046875,351.45001220703125,354.45001220703125,346.29998779296875,347.0,47526095
2020-07-01,349.1610412597656,364.04998779296875,365.75,351.6000061035156,354.25,36922617
2020-07-02,348.01007080078125,362.8500061035156,370.8999938964844,361.3500061035156,366.0,50964311
2020-07-03,346.2357482910156,361.0,367.1499938964844,359.79998779296875,364.6499938964844,28779044
2020-07-06,347.0509948730469,361.8500061035156,367.8500061035156,360.5,367.8500061035156,33334074
2020-07-07,360.67022705078125,376.04998779296875,378.0,362.1000061035156,363.0,46030825
2020-07-08,353.8606262207031,368.95001220703125,379.0,367.54998779296875,377.8999938964844,46315597
2020-07-09,355.203369140625,370.3500061035156,376.0,365.29998779296875,373.45001220703125,35144463
2020-07-10,345.6123352050781,360.3500061035156,368.20001220703125,359.0,364.8999938964844,27864858
2020-07-13,339.138427734375,353.6000061035156,367.0,352.5,364.1000061035156,32379935
2020-07-14,331.41766357421875,345.54998779296875,352.45001220703125,340.6000061035156,351.5,34031256
2020-07-15,331.6574401855469,345.79998779296875,356.79998779296875,343.75,349.5,30442553
2020-07-16,330.554443359375,344.6499938964844,348.6000061035156,341.0,347.95001220703125,35535437
2020-07-17,339.3302307128906,353.79998779296875,356.0,345.45001220703125,346.0,27511781
2020-07-20,348.1539611816406,363.0,366.3500061035156,355.25,358.0,36312529
2020-07-21,363.3077697753906,378.79998779296875,379.8999938964844,370.04998779296875,371.0,45559912
2020-07-22,365.5137023925781,381.1000061035156,389.5,375.29998779296875,386.8999938964844,45500191
2020-07-23,376.20770263671875,392.25,395.6499938964844,378.8500061035156,382.54998779296875,37838027
2020-07-24,366.18505859375,381.79998779296875,388.70001220703125,372.1499938964844,388.29998779296875,52980980
2020-07-27,343.8380126953125,358.5,385.79998779296875,356.6000061035156,385.0,73275058
2020-07-28,337.6997375488281,352.1000061035156,362.75,343.20001220703125,361.1000061035156,125939354
2020-07-29,336.6926574707031,351.04998779296875,357.6499938964844,348.20001220703125,353.20001220703125,50194622
2020-07-30,330.8421630859375,344.95001220703125,354.6000061035156,340.3999938964844,353.3999938964844,40820253
2020-07-31,332.61651611328125,346.79998779296875,353.0,342.04998779296875,346.45001220703125,37345191
2020-08-03,329.2117004394531,343.25,349.3500061035156,340.5,346.79998779296875,32119883
2020-08-04,336.644775390625,351.0,353.20001220703125,344.20001220703125,347.0,30811518
2020-08-05,337.79571533203125,352.20001220703125,360.0,350.75,353.3999938964844,37057881
2020-08-06,344.07781982421875,358.75,363.75,348.6000061035156,353.45001220703125,48021824
2020-08-07,343.310546875,357.95001220703125,359.6499938964844,353.1499938964844,359.45001220703125,28510964
2020-08-10,348.6814880371094,363.54998779296875,364.95001220703125,357.3500061035156,359.5,22856010
2020-08-11,352.3260803222656,367.3500061035156,374.29998779296875,364.04998779296875,370.0,45446107
2020-08-12,351.8465270996094,366.8500061035156,368.75,363.75,365.75,25706005
2020-08-13,352.9974365234375,368.04998779296875,372.3500061035156,366.25,368.95001220703125,26257336
2020-08-14,346.6194152832031,361.3999938964844,371.79998779296875,354.20001220703125,371.79998779296875,28893259
2020-08-17,345.4684753417969,360.20001220703125,366.3500061035156,354.3500061035156,366.0,24232497
2020-08-18,354.4360656738281,369.54998779296875,370.0,361.6000061035156,361.8999938964844,26517363
2020-08-19,359.1357116699219,374.45001220703125,375.8500061035156,370.3999938964844,374.0,35790233
2020-08-20,352.709716796875,367.75,369.6499938964844,362.6000061035156,367.0,68444775
2020-08-21,355.97064208984375,371.1499938964844,373.0,367.04998779296875,370.0,34109928
2020-08-24,364.7943420410156,380.3500061035156,381.20001220703125,373.8500061035156,374.8500061035156,32907235
2020-08-25,370.54901123046875,386.3500061035156,389.79998779296875,381.3999938964844,382.5,53072303
2020-08-26,373.4263000488281,389.3500061035156,391.6499938964844,384.20001220703125,388.20001220703125,37163882
2020-08-27,376.1597595214844,392.20001220703125,397.45001220703125,387.6000061035156,389.95001220703125,36910405
2020-08-28,392.9440612792969,409.70001220703125,411.8999938964844,392.8999938964844,393.8999938964844,83472297
2020-08-31,378.46160888671875,394.6000061035156,422.0,387.5,414.8500061035156,72744175
2020-09-01,374.96087646484375,390.95001220703125,399.6499938964844,385.29998779296875,394.70001220703125,34872793
2020-09-02,376.3515319824219,392.3999938964844,394.0,381.1000061035156,387.25,31295799
2020-09-03,367.09625244140625,382.75,392.54998779296875,381.04998779296875,392.3999938964844,26135555
2020-09-04,357.3133850097656,372.54998779296875,379.95001220703125,368.3500061035156,375.0,33118984
2020-09-07,358.1286315917969,373.3999938964844,376.8500061035156,369.0,374.1000061035156,22323904
2020-09-08,360.3345642089844,375.70001220703125,381.29998779296875,369.1499938964844,372.3999938964844,32052920
2020-09-09,352.5658874511719,367.6000061035156,372.3999938964844,361.8999938964844,370.79998779296875,25285238
2020-09-10,355.5390625,370.70001220703125,375.0,365.45001220703125,371.70001220703125,24852274
2020-09-11,355.34722900390625,370.5,373.6499938964844,365.1000061035156,373.0,22678353
2020-09-14,348.8254089355469,363.70001220703125,373.8500061035156,359.3500061035156,373.5,27140598
2020-09-15,356.3542785644531,371.54998779296875,372.25,363.70001220703125,364.04998779296875,24967618
2020-09-16,359.3754577636719,374.70001220703125,376.70001220703125,365.0,371.3500061035156,22068622
2020-09-17,353.9085998535156,369.0,371.75,367.3999938964844,370.0,24084936
2020-09-18,354.4360656738281,369.54998779296875,374.6499938964844,364.54998779296875,370.0,78166508
2020-09-21,336.3570251464844,350.70001220703125,367.3999938964844,348.5,366.6499938964844,28932482
2020-09-22,339.90570068359375,354.3999938964844,356.1499938964844,349.5,354.0,28593292
2020-09-23,337.4599609375,351.8500061035156,357.1000061035156,342.45001220703125,356.6000061035156,22740143
2020-09-24,321.9705505371094,335.70001220703125,346.95001220703125,333.75,344.95001220703125,25840472
2020-09-25,334.390869140625,348.6499938964844,350.5,336.6000061035156,339.04998779296875,23231600
2020-09-28,348.1539611816406,363.0,363.95001220703125,349.1000061035156,351.5,18495592
2020-09-29,342.44732666015625,357.04998779296875,363.75,354.25,363.75,17080848
2020-09-30,340.2413635253906,354.75,357.5,349.3500061035156,356.95001220703125,19565058
2020-10-01,354.1004333496094,369.20001220703125,371.20001220703125,358.25,358.25,23237122
2020-10-05,357.8409118652344,373.1000061035156,382.6499938964844,370.75,370.75,26530105
2020-10-06,365.0341796875,380.6000061035156,381.79998779296875,375.1000061035156,377.1000061035156,18093629
2020-10-07,367.0002746582031,382.6499938964844,384.3500061035156,374.1000061035156,379.29998779296875,21845743
2020-10-08,371.6519470214844,387.5,389.70001220703125,382.6499938964844,385.0,21085500
2020-10-09,385.07940673828125,401.5,403.5,386.8999938964844,390.70001220703125,41641237
2020-10-12,387.5251159667969,404.04998779296875,410.0,400.70001220703125,403.45001220703125,25742564
2020-10-13,380.04412841796875,396.25,401.0,393.5,401.0,19922778
2020-10-14,390.1626281738281,406.79998779296875,409.25,389.0,394.3500061035156,23368177
2020-10-15,375.00885009765625,391.0,409.8999938964844,389.1499938964844,406.8999938964844,34234586
2020-10-16,379.9002990722656,396.1000061035156,401.29998779296875,390.5,394.0,25339096
2020-10-19,400.0413513183594,417.1000061035156,418.75,401.1499938964844,402.04998779296875,41072871
2020-10-20,397.64361572265625,414.6000061035156,416.8999938964844,411.0,413.5,26158669
2020-10-21,403.1105041503906,420.29998779296875,428.5,410.29998779296875,416.0,43124966
2020-10-22,396.01318359375,412.8999938964844,419.6499938964844,407.6499938964844,416.3999938964844,33088074
2020-10-23,399.89752197265625,416.95001220703125,420.5,411.75,417.0,22151463
2020-10-26,387.90875244140625,404.45001220703125,419.1499938964844,401.45001220703125,418.04998779296875,21712057
2020-10-27,393.183837890625,409.95001220703125,412.3999938964844,393.25,406.3500061035156,33571163
2020-10-28,379.8522644042969,396.04998779296875,409.8999938964844,394.79998779296875,409.8999938964844,28145103
2020-10-29,383.5448303222656,399.8999938964844,402.8999938964844,389.6499938964844,392.25,32615425
2020-10-30,376.5433654785156,392.6000061035156,402.70001220703125,388.04998779296875,399.3999938964844,27225165
2020-11-02,400.3771057128906,417.45001220703125,422.79998779296875,407.0,417.0,72698777
2020-11-03,425.69732666015625,443.8500061035156,446.8999938964844,424.20001220703125,425.0,61813071
2020-11-04,419.17547607421875,437.04998779296875,442.0,425.29998779296875,437.29998779296875,43426662
2020-11-05,420.566162109375,438.5,446.25,435.6000061035156,445.0,30129938
2020-11-06,424.6903076171875,442.79998779296875,444.8999938964844,436.20001220703125,439.8500061035156,27831424
2020-11-09,443.7763977050781,462.70001220703125,464.6000061035156,449.0,450.0,40995422
2020-11-10,464.0614318847656,483.8500061035156,487.04998779296875,473.0,485.79998779296875,57535138
2020-11-11,466.6509704589844,486.54998779296875,490.54998779296875,472.1000061035156,484.75,45609279
2020-11-12,457.2038269042969,476.70001220703125,483.54998779296875,471.3500061035156,481.6000061035156,31071572
2020-11-13,465.69189453125,485.54998779296875,487.1000061035156,467.54998779296875,472.70001220703125,34815091
2020-11-14,466.9867248535156,486.8999938964844,489.8500061035156,484.6499938964844,489.8500061035156,3636073
2020-11-17,466.50714111328125,486.3999938964844,493.0,478.1499938964844,490.5,36127378
2020-11-18,477.2970275878906,497.6499938964844,499.0,486.25,488.0,29156543
2020-11-19,459.1700134277344,478.75,493.3500061035156,475.79998779296875,490.0,31896908
2020-11-20,460.5606994628906,480.20001220703125,483.45001220703125,468.1000061035156,479.5,30089190
2020-11-23,449.09942626953125,468.25,483.3500061035156,466.5,481.79998779296875,29513544
2020-11-24,458.64251708984375,478.20001220703125,480.0,471.20001220703125,474.0,23135994
2020-11-25,453.3674621582031,472.70001220703125,489.95001220703125,471.1000061035156,485.0,34168305
2020-11-26,455.8611145019531,475.29998779296875,477.20001220703125,465.79998779296875,475.1000061035156,28707911
2020-11-27,453.9908752441406,473.3500061035156,479.54998779296875,471.29998779296875,476.3999938964844,48390771
2020-12-01,465.26031494140625,485.1000061035156,488.5,474.29998779296875,479.70001220703125,20120049
2020-12-02,460.80047607421875,480.45001220703125,487.0,472.20001220703125,486.3500061035156,21244707
2020-12-03,462.1431884765625,481.8500061035156,485.0,478.8500061035156,482.1000061035156,22701738
2020-12-04,481.51708984375,502.04998779296875,504.0,483.0,483.70001220703125,39547014
2020-12-07,489.5735778808594,510.45001220703125,515.5999755859375,504.1499938964844,505.0,37778332
2020-12-08,487.6073913574219,508.3999938964844,512.0,505.3999938964844,511.5,19339943
2020-12-09,490.5805969238281,511.5,515.0,506.04998779296875,510.0,21272782
2020-12-10,486.2166748046875,506.95001220703125,514.4000244140625,498.75,508.1000061035156,20419020
2020-12-11,494.36907958984375,515.4500122070312,516.9000244140625,506.1000061035156,509.25,25335765
2020-12-14,504.2958068847656,525.7999877929688,527.7999877929688,518.0999755859375,518.0999755859375,26369591
2020-12-15,496.8627014160156,518.0499877929688,524.25,513.0999755859375,524.0,26969145
2020-12-16,491.49176025390625,512.4500122070312,521.7000122070312,511.1000061035156,520.0499877929688,24263586
2020-12-17,489.5255432128906,510.3999938964844,516.5,509.1000061035156,514.0,23883288
2020-12-18,495.99957275390625,517.1500244140625,518.25,509.1499938964844,514.0,21735833
2020-12-21,474.2759094238281,494.5,514.7000122070312,488.20001220703125,514.5999755859375,29157759
2020-12-22,479.8386535644531,500.29998779296875,501.79998779296875,489.1000061035156,497.29998779296875,32328041
2020-12-23,483.0036926269531,503.6000061035156,505.5,496.54998779296875,499.0,19205951
2020-12-24,492.5467224121094,513.5499877929688,515.9500122070312,505.1000061035156,506.75,17576807
2020-12-28,498.8288879394531,520.0999755859375,521.2000122070312,513.5999755859375,515.9000244140625,14470472
2020-12-29,507.1730651855469,528.7999877929688,530.7999877929688,517.8499755859375,522.5499877929688,19092649
2020-12-30,507.1251220703125,528.75,533.0,524.5499877929688,531.6500244140625,21365141
2020-12-31,513.1674194335938,535.0499877929688,538.5,526.5,530.0999755859375,27817770
2021-01-01,505.9262390136719,527.5,537.0,526.0999755859375,535.5499877929688,13592625
2021-01-04,509.9544982910156,531.7000122070312,535.0,524.2999877929688,532.2999877929688,16549750
2021-01-05,515.2774658203125,537.25,539.9500122070312,523.0,526.6500244140625,23311516
2021-01-06,524.3410034179688,546.7000122070312,550.5999755859375,535.8499755859375,538.75,28178838
2021-01-07,518.969970703125,541.0999755859375,554.4000244140625,539.75,552.1500244140625,21138034
2021-01-08,519.8811645507812,542.0499877929688,547.0999755859375,536.3499755859375,547.0,21937965
2021-01-11,522.4227294921875,544.7000122070312,546.0,535.0,545.1500244140625,19394393
2021-01-12,525.5878295898438,548.0,550.6500244140625,537.0999755859375,541.0,16388310
2021-01-13,533.740234375,556.5,561.0,548.25,551.5,21920297
2021-01-14,530.671142578125,553.2999877929688,558.4500122070312,550.5999755859375,554.0499877929688,13330898
2021-01-15,520.792236328125,543.0,551.0,541.5,550.0,15708956
2021-01-18,511.34515380859375,533.1500244140625,548.4000244140625,528.9000244140625,544.5,21580313
2021-01-19,524.1012573242188,546.4500122070312,547.75,533.9000244140625,539.0,20575358
2021-01-20,528.465087890625,551.0,554.5999755859375,546.0,546.4500122070312,16097138
2021-01-21,530.0955200195312,552.7000122070312,561.0,549.7000122070312,555.0,18189277
2021-01-22,511.968505859375,533.7999877929688,553.5,530.5999755859375,553.0999755859375,24515997
2021-01-25,516.044677734375,538.0499877929688,542.2999877929688,531.2000122070312,536.5499877929688,23415249
2021-01-27,500.98681640625,522.3499755859375,539.2000122070312,519.0999755859375,537.7999877929688,28049286
2021-01-28,506.64556884765625,528.25,529.8499755859375,512.0,514.5999755859375,29836591
2021-01-29,515.0376586914062,537.0,544.9500122070312,529.4500122070312,533.3499755859375,33172808
2021-02-01,579.105712890625,603.7999877929688,609.4500122070312,551.0,552.0,69354326
2021-02-02,592.1015625,617.3499755859375,624.0,598.7000122070312,613.0,42362384
2021-02-03,596.8970336914062,622.3499755859375,627.5,614.0,623.4000244140625,27155908
2021-02-04,602.6036376953125,628.2999877929688,631.6500244140625,609.0,618.7999877929688,29982222
2021-02-05,589.0324096679688,614.1500244140625,635.2999877929688,611.0,628.2999877929688,32015570
2021-02-08,603.8505859375,629.5999755859375,633.9500122070312,622.3499755859375,622.3499755859375,18230551
2021-02-09,607.4471435546875,633.3499755859375,643.2000122070312,628.5999755859375,631.3499755859375,27155615
2021-02-10,606.2962036132812,632.1500244140625,638.2000122070312,626.4000244140625,633.3499755859375,23967387
2021-02-11,604.8576049804688,630.6500244140625,633.5999755859375,624.0999755859375,626.75,16072702
2021-02-12,621.1143188476562,647.5999755859375,649.9000244140625,629.4000244140625,629.9000244140625,19049709
2021-02-15,646.3866577148438,673.9500122070312,676.7999877929688,652.0,655.0,27155194
2021-02-16,631.4246826171875,658.3499755859375,679.4000244140625,649.5499877929688,673.4000244140625,24966739
2021-02-17,630.4655151367188,657.3499755859375,664.9500122070312,649.3499755859375,654.7999877929688,21684753
2021-02-18,618.2849731445312,644.6500244140625,652.4000244140625,637.5999755859375,650.0,27845347
2021-02-19,598.5274658203125,624.0499877929688,635.5,619.0,635.5,24055811
2021-02-22,584.9082641601562,609.8499755859375,629.2999877929688,607.2999877929688,622.0,27092321
2021-02-23,591.094482421875,616.2999877929688,623.0499877929688,609.0499877929688,614.75,23534585
2021-02-24,614.880126953125,641.0999755859375,645.0,615.0999755859375,615.0999755859375,17762047
2021-02-25,602.3159790039062,628.0,648.4000244140625,626.2999877929688,642.7000122070312,38571809
2021-02-26,573.3031616210938,597.75,615.0,590.9000244140625,615.0,57349273
2021-03-01,583.4695434570312,608.3499755859375,611.8499755859375,600.2000122070312,607.5499877929688,21527318
2021-03-02,585.5316772460938,610.5,616.5,599.0,610.0,24051433
2021-03-03,606.248291015625,632.0999755859375,633.75,613.8499755859375,618.0,21036174
2021-03-04,595.3624877929688,620.75,630.9000244140625,615.7999877929688,618.75,25057198
2021-03-05,584.5245971679688,609.4500122070312,614.7000122070312,601.5,613.2000122070312,26645968
2021-03-08,583.181884765625,608.0499877929688,616.0,601.1500244140625,611.5999755859375,19632433
2021-03-09,599.5345458984375,625.0999755859375,628.3499755859375,612.2999877929688,614.8499755859375,23056249
2021-03-10,600.0140380859375,625.5999755859375,630.5,621.7999877929688,628.75,15838994
2021-03-12,587.7855224609375,612.8499755859375,638.0,608.3499755859375,631.4500122070312,21757862
2021-03-15,578.8180541992188,603.5,612.8499755859375,590.5999755859375,611.9000244140625,24347946
2021-03-16,570.6176147460938,594.9500122070312,607.0,593.6500244140625,606.8499755859375,17925629
2021-03-17,565.3905029296875,589.5,603.6500244140625,587.0,597.5499877929688,20214082
2021-03-18,554.9363403320312,578.5999755859375,601.4000244140625,575.5,594.75,22776537
2021-03-19,562.6571044921875,586.6500244140625,588.9000244140625,570.0,575.2000122070312,29162618
2021-03-22,549.9969482421875,573.4500122070312,586.8499755859375,569.5,586.8499755859375,21755401
2021-03-23,562.4172973632812,586.4000244140625,589.25,574.2999877929688,576.0,29486417
2021-03-24,544.290283203125,567.5,580.5499877929688,565.0,580.0,24434219
2021-03-25,548.1746215820312,571.5499877929688,579.0,557.0999755859375,568.0999755859375,27170186
2021-03-26,554.8883666992188,578.5499877929688,584.5,574.2999877929688,584.5,20724410
2021-03-30,567.2608642578125,591.4500122070312,593.0999755859375,582.0,582.0,28011943
2021-03-31,558.2931518554688,582.0999755859375,589.6500244140625,579.0,586.0,20119972
2021-04-01,570.0902709960938,594.4000244140625,596.0999755859375,580.2000122070312,587.5499877929688,15631940
2021-04-05,547.8869018554688,571.25,592.0,563.5,592.0,23260127
2021-04-06,542.7557373046875,565.9000244140625,578.5,564.4000244140625,574.7000122070312,23284697
2021-04-07,554.025146484375,577.6500244140625,580.0,559.4000244140625,566.5499877929688,23984399
2021-04-08,553.1140747070312,576.7000122070312,585.8499755859375,573.2999877929688,582.0,19262565
2021-04-09,543.04345703125,566.2000122070312,579.0,565.0,573.9500122070312,23239564
2021-04-12,516.5242919921875,538.5499877929688,551.9500122070312,531.1500244140625,551.4000244140625,26601702
2021-04-13,537.6724853515625,560.5999755859375,563.7999877929688,537.8499755859375,541.0,25445897
2021-04-15,551.6754150390625,575.2000122070312,576.75,554.1500244140625,565.9500122070312,37614884
2021-04-16,543.7628173828125,566.9500122070312,577.75,564.0999755859375,574.5999755859375,24045008
2021-04-19,536.8572387695312,559.75,562.2999877929688,534.4000244140625,550.0,28526176
2021-04-20,536.2338256835938,559.0999755859375,572.6500244140625,552.5999755859375,565.2000122070312,24425842
2021-04-22,555.5119018554688,579.2000122070312,580.5999755859375,546.9000244140625,552.0,34942633
2021-04-23,546.64013671875,569.9500122070312,580.5,567.0499877929688,569.9000244140625,33749097
2021-04-26,566.925048828125,591.0999755859375,605.5,588.0,602.0,62584522
2021-04-27,574.2622680664062,598.75,601.9500122070312,591.0999755859375,593.25,24239685
2021-04-28,595.9379272460938,621.3499755859375,622.7999877929688,598.0,598.0,33292864
2021-04-29,596.033935546875,621.4500122070312,628.4500122070312,609.0,622.5499877929688,34537860
2021-04-30,575.940673828125,600.5,616.3499755859375,598.0999755859375,610.0999755859375,23653258
2021-05-03,572.3440551757812,596.75,598.8499755859375,587.5,592.5499877929688,18010557
2021-05-04,567.356689453125,591.5499877929688,608.0,589.0,596.6500244140625,15115127
2021-05-05,578.1466064453125,602.7999877929688,604.7999877929688,584.7000122070312,595.2999877929688,17253943
2021-05-06,583.3258056640625,608.2000122070312,610.8499755859375,599.25,602.7999877929688,16949763
2021-05-07,582.270751953125,607.0999755859375,614.7999877929688,603.7000122070312,612.0,10941083
2021-05-10,588.1692504882812,613.25,617.0,611.0,611.0,12060808
2021-05-11,584.9082641601562,609.8499755859375,612.9000244140625,603.25,606.4000244140625,13818480
2021-05-12,570.42578125,594.75,606.6500244140625,593.2000122070312,603.2000122070312,14785569
2021-05-14,572.8715209960938,597.2999877929688,601.9500122070312,591.0999755859375,592.0,12675754
2021-05-17,598.0958862304688,623.5999755859375,624.5,601.2000122070312,603.25,20453101
2021-05-18,607.3032836914062,633.2000122070312,635.5,626.0,628.0,19242627
2021-05-19,599.8703002929688,625.4500122070312,634.0,623.3499755859375,627.0999755859375,13911576
2021-05-20,593.3003540039062,618.5999755859375,632.9000244140625,616.6500244140625,628.0499877929688,13900762
2021-05-21,616.1749877929688,642.4500122070312,643.9500122070312,622.2999877929688,622.2999877929688,23975898
2021-05-24,620.8745727539062,647.3499755859375,653.4500122070312,638.0,643.25,20323003
2021-05-25,623.7039184570312,650.2999877929688,652.0,642.5,650.0999755859375,14884778
2021-05-26,625.81396484375,652.5,656.6500244140625,643.2999877929688,649.3499755859375,14487031
2021-05-27,625.57421875,652.25,656.5,648.0999755859375,651.0999755859375,23349546
2021-05-28,616.7503662109375,643.0499877929688,660.0,639.25,658.0499877929688,14191446
2021-05-31,635.644775390625,662.75,665.0,643.75,643.75,21786138
2021-06-01,623.5120239257812,650.0999755859375,664.9000244140625,648.3499755859375,664.5499877929688,14123196
2021-06-02,621.8336181640625,648.3499755859375,649.3499755859375,641.0999755859375,648.5,16025108
2021-06-03,623.656005859375,650.25,653.6500244140625,644.75,653.4500122070312,11805702
2021-06-04,616.414794921875,642.7000122070312,654.9000244140625,639.4000244140625,653.0,15111572
2021-06-07,621.6898803710938,648.2000122070312,650.0,644.25,645.2000122070312,7556341
2021-06-08,616.1270751953125,642.4000244140625,648.0,637.4000244140625,648.0,11912935
2021-06-09,610.0846557617188,636.0999755859375,645.5999755859375,628.7999877929688,644.4000244140625,15823094
2021-06-10,614.2088623046875,640.4000244140625,642.4000244140625,631.0,635.4500122070312,10712418
2021-06-11,609.7011108398438,635.7000122070312,644.5499877929688,631.5,644.0,9015059
2021-06-14,609.173583984375,635.1500244140625,636.0999755859375,623.3499755859375,635.7000122070312,10170497
2021-06-15,618.908447265625,645.2999877929688,646.2000122070312,636.0,636.3499755859375,11039987
2021-06-16,613.9210815429688,640.0999755859375,649.2000122070312,637.5999755859375,644.9000244140625,8601339
2021-06-17,607.1115112304688,633.0,637.5499877929688,626.7000122070312,633.0499877929688,9720060
2021-06-18,604.6178588867188,630.4000244140625,636.5999755859375,620.7000122070312,632.5999755859375,13820690
2021-06-21,605.4329833984375,631.25,633.0999755859375,616.25,622.8499755859375,13407446
2021-06-22,605.04931640625,630.8499755859375,644.0999755859375,629.5499877929688,635.0,15270093
2021-06-23,599.15087890625,624.7000122070312,635.0,623.4500122070312,633.75,10950633
2021-06-24,608.1185302734375,634.0499877929688,636.2999877929688,624.4500122070312,627.0,12815724
2021-06-25,622.4570922851562,649.0,650.0,636.0999755859375,636.0999755859375,14785922
2021-06-28,623.7039184570312,650.2999877929688,653.0,646.1500244140625,651.0,12093491
2021-06-29,613.9210815429688,640.0999755859375,648.75,636.4500122070312,646.2999877929688,12225470
2021-06-30,605.097412109375,630.9000244140625,640.7999877929688,629.7999877929688,638.2999877929688,14276494
2021-07-01,605.04931640625,630.8499755859375,637.4000244140625,630.0499877929688,633.9500122070312,10517081
2021-07-02,614.06494140625,640.25,641.3499755859375,632.25,632.25,10999396
2021-07-05,621.3541870117188,647.8499755859375,648.5,641.2000122070312,642.75,7358568
2021-07-06,623.7039184570312,650.2999877929688,655.0,645.2000122070312,645.2000122070312,9209891
2021-07-07,627.2526245117188,654.0,654.75,645.9000244140625,650.9000244140625,7741559
2021-07-08,615.6475219726562,641.9000244140625,654.0,638.0999755859375,650.5,10782941
2021-07-09,612.4344482421875,638.5499877929688,641.1500244140625,633.7999877929688,639.5,7069698
2021-07-12,619.819580078125,646.25,650.25,642.4000244140625,646.0,6992783
2021-07-13,637.7547607421875,664.9500122070312,666.3499755859375,653.0,655.1500244140625,19825411
2021-07-14,637.1793823242188,664.3499755859375,668.0,658.2000122070312,662.0,11648541
2021-07-15,640.1525268554688,667.4500122070312,669.5999755859375,661.0999755859375,665.0999755859375,8244429
2021-07-16,633.294921875,660.2999877929688,667.75,657.7000122070312,667.4500122070312,9212875
2021-07-19,629.074951171875,655.9000244140625,656.9000244140625,645.5499877929688,645.6500244140625,9121737
2021-07-20,615.6475219726562,641.9000244140625,651.25,639.0999755859375,648.6500244140625,13169127
2021-07-22,629.1228637695312,655.9500122070312,660.2999877929688,648.2999877929688,652.5,13123569
2021-07-23,648.976318359375,676.6500244140625,677.8499755859375,650.75,655.9500122070312,19298083
2021-07-26,649.0721435546875,676.75,687.75,663.5999755859375,680.0,31054759
2021-07-27,649.7435302734375,677.4500122070312,685.5999755859375,673.2999877929688,680.1500244140625,12598869
2021-07-28,657.0326538085938,685.0499877929688,687.0,670.0499877929688,677.9000244140625,18367497
2021-07-29,661.313232421875,687.5,692.5,683.0999755859375,692.5,11043138
2021-07-30,656.503662109375,682.5,687.6500244140625,678.0,687.0,14536250
2021-08-02,655.4456176757812,681.4000244140625,688.0499877929688,677.7000122070312,684.0499877929688,9348206
2021-08-03,664.102783203125,690.4000244140625,691.9000244140625,676.6500244140625,683.0,10162609
2021-08-04,687.4290771484375,714.6500244140625,717.4000244140625,693.2000122070312,694.0,28730606
2021-08-05,675.6937866210938,702.4500122070312,716.5,699.0499877929688,715.5,17774554
2021-08-06,671.0765991210938,697.6500244140625,706.0,695.7000122070312,705.0499877929688,14701949
2021-08-09,676.0784912109375,702.8499755859375,706.2999877929688,694.3499755859375,697.4000244140625,8602980
2021-08-10,674.2028198242188,700.9000244140625,708.2999877929688,697.2999877929688,704.0999755859375,10843554
2021-08-11,667.1327514648438,693.5499877929688,707.1500244140625,690.0,706.25,9748084
2021-08-12,674.6356811523438,701.3499755859375,702.9500122070312,693.2999877929688,693.5,8840339
2021-08-13,677.9542846679688,704.7999877929688,709.9000244140625,701.0,707.0499877929688,12787590
2021-08-16,675.88623046875,702.6500244140625,707.4000244140625,698.6500244140625,702.4000244140625,7920846
2021-08-17,674.4913940429688,701.2000122070312,702.9000244140625,691.5,699.7999877929688,8669653
2021-08-18,662.0827026367188,688.2999877929688,700.8499755859375,683.5999755859375,700.8499755859375,11069373
2021-08-20,654.772216796875,680.7000122070312,684.4000244140625,675.3499755859375,683.8499755859375,13121808
2021-08-23,656.6961059570312,682.7000122070312,689.9500122070312,673.8499755859375,689.9500122070312,10917371
2021-08-24,667.99853515625,694.4500122070312,697.25,680.4000244140625,683.25,9821388
2021-08-25,664.72802734375,691.0499877929688,700.4500122070312,687.1500244140625,699.9500122070312,9535359
2021-08-26,672.1827392578125,698.7999877929688,701.5499877929688,690.0,692.0499877929688,10756731
2021-08-27,673.0966796875,699.75,700.4500122070312,689.0499877929688,696.0999755859375,9135827
2021-08-30,686.4672241210938,713.6500244140625,715.0,700.9000244140625,704.5,10797869
2021-08-31,691.6614379882812,719.0499877929688,719.9000244140625,709.3499755859375,714.0,19760246
2021-09-01,692.4791259765625,719.9000244140625,734.7999877929688,717.2000122070312,727.5999755859375,13729351
2021-09-02,697.5291748046875,725.1500244140625,728.0499877929688,717.5,722.2999877929688,8627956
2021-09-03,696.7114868164062,724.2999877929688,731.7999877929688,721.0999755859375,724.75,8993813
2021-09-06,693.6815795898438,721.1500244140625,728.0,720.0,725.4000244140625,5329995
2021-09-07,689.5934448242188,716.9000244140625,722.4500122070312,711.6500244140625,720.9000244140625,6242711
2021-09-08,693.4891357421875,720.9500122070312,722.75,715.0,716.5,7118011
2021-09-09,692.8157348632812,720.25,723.9000244140625,717.5999755859375,720.7999877929688,6243422
2021-09-13,680.4552612304688,707.4000244140625,717.9000244140625,705.2000122070312,717.9000244140625,6967906
2021-09-14,680.5033569335938,707.4500122070312,714.0,706.5,713.25,5241865
2021-09-15,687.1404418945312,714.3499755859375,716.0,706.2999877929688,707.0999755859375,5936741
2021-09-16,699.5010986328125,727.2000122070312,729.4000244140625,712.8499755859375,720.0,13557169
2021-09-17,692.7196655273438,720.1500244140625,734.4000244140625,714.0,732.9000244140625,17075003
2021-09-20,682.9561767578125,710.0,720.4000244140625,706.5,710.0,7943459
2021-09-21,684.735595703125,711.8499755859375,714.5,694.4000244140625,711.1500244140625,10009615
2021-09-22,676.5595092773438,703.3499755859375,715.0,702.25,715.0,9740470
2021-09-23,689.6895751953125,717.0,720.0,707.1500244140625,711.0,10412491
2021-09-24,695.4129638671875,722.9500122070312,724.5999755859375,716.5499877929688,722.5999755859375,11780868
2021-09-27,702.1944580078125,730.0,731.75,722.2999877929688,724.5,7712240
2021-09-28,689.8338623046875,717.1500244140625,735.4000244140625,706.5999755859375,734.0999755859375,13491800
2021-09-29,682.4752197265625,709.5,711.9500122070312,701.2999877929688,707.3499755859375,11453404
2021-09-30,674.1546630859375,700.8499755859375,713.9000244140625,698.7999877929688,709.5999755859375,18487517
2021-10-01,665.9784545898438,692.3499755859375,694.8499755859375,687.9000244140625,693.0,10935810
2021-10-04,673.529541015625,700.2000122070312,703.3499755859375,694.0499877929688,697.0499877929688,8976533
2021-10-05,670.5475463867188,697.0999755859375,699.0,691.8499755859375,693.0,7497208
2021-10-06,663.2371215820312,689.5,705.0,688.3499755859375,696.5999755859375,13200810
2021-10-07,675.4532470703125,702.2000122070312,704.9500122070312,693.4500122070312,697.5499877929688,10041549
2021-10-08,676.6076049804688,703.4000244140625,710.0,698.2999877929688,706.0,9383924
2021-10-11,686.1304931640625,713.2999877929688,719.4000244140625,700.2999877929688,702.0,9337637
2021-10-12,681.6095581054688,708.5999755859375,713.0,704.4000244140625,706.5,7376091
2021-10-13,682.9081420898438,709.9500122070312,715.9000244140625,707.9500122070312,713.8499755859375,6357766
2021-10-14,699.59716796875,727.2999877929688,729.7999877929688,709.0499877929688,710.25,8950350
2021-10-18,717.0559692382812,745.4500122070312,748.9000244140625,732.0499877929688,739.0,15345601
2021-10-19,718.9797973632812,747.4500122070312,755.0,738.75,755.0,11349799
2021-10-20,717.4406127929688,745.8499755859375,757.4500122070312,741.9000244140625,746.75,12762996
2021-10-21,726.7230834960938,755.5,759.8499755859375,737.4000244140625,748.9000244140625,12166996
2021-10-22,730.37841796875,759.2999877929688,765.8499755859375,753.3499755859375,758.5,13248928
2021-10-25,809.6398315429688,841.7000122070312,867.0,798.4000244140625,800.0,96124084
2021-10-26,797.8082885742188,829.4000244140625,841.7000122070312,822.3499755859375,828.7000122070312,16925115
2021-10-27,803.1949462890625,835.0,849.0,824.2000122070312,828.75,22898400
2021-10-28,768.2776489257812,798.7000122070312,831.9500122070312,796.25,830.0999755859375,18750423
2021-10-29,771.5,802.0499877929688,808.75,783.9000244140625,798.0,15701200
2021-11-01,773.2796020507812,803.9000244140625,809.7000122070312,793.0,807.7000122070312,11406421
2021-11-02,770.44189453125,800.9500122070312,810.0,798.0,809.0,9452457
2021-11-03,756.0133056640625,785.9500122070312,806.0,780.4500122070312,806.0,11839149
2021-11-04,752.3098754882812,782.0999755859375,789.0,779.0,788.5,3149310
2021-11-08,750.4342651367188,780.1500244140625,793.0,773.1500244140625,793.0,13967995
2021-11-09,756.5904541015625,786.5499877929688,788.5999755859375,779.2000122070312,784.0,10084357
2021-11-10,751.1557006835938,780.9000244140625,784.2999877929688,773.0999755859375,782.5499877929688,9507347
2021-11-11,742.0656127929688,771.4500122070312,777.0,766.0999755859375,776.7000122070312,9221059
2021-11-12,747.0194091796875,776.5999755859375,779.9000244140625,771.2000122070312,772.7000122070312,15380106
2021-11-15,743.8451538085938,773.2999877929688,784.5499877929688,771.5499877929688,777.0,10934583
2021-11-16,734.947509765625,764.0499877929688,775.75,762.0,773.2999877929688,12785837
2021-11-17,732.3021850585938,761.2999877929688,771.9500122070312,756.2999877929688,760.9000244140625,11657214
2021-11-18,733.84130859375,762.9000244140625,767.5,756.4000244140625,764.9000244140625,20644385
2021-11-22,723.3564453125,752.0,770.4500122070312,740.25,768.2999877929688,20403786
2021-11-23,723.2120971679688,751.8499755859375,757.9500122070312,731.2000122070312,740.9500122070312,24913042
2021-11-24,731.2440795898438,760.2000122070312,772.25,746.7000122070312,750.25,23186419
2021-11-25,722.4425659179688,751.0499877929688,754.9500122070312,745.2999877929688,754.9000244140625,17749726
2021-11-26,694.6915893554688,722.2000122070312,742.0499877929688,718.5999755859375,739.0,18987552
2021-11-29,691.0362548828125,718.4000244140625,727.75,710.5,726.75,15878074
2021-11-30,687.1404418945312,714.3499755859375,732.2999877929688,711.0999755859375,716.75,23965914
2021-12-01,699.9819946289062,727.7000122070312,732.75,715.0,716.4000244140625,15214913
2021-12-02,694.8839111328125,722.4000244140625,727.0999755859375,715.2000122070312,724.5999755859375,21924640
2021-12-03,689.0162353515625,716.2999877929688,729.5,715.0999755859375,720.5,20130259
2021-12-06,682.5233764648438,709.5499877929688,726.7999877929688,707.5,719.0,20129080
2021-12-07,706.6673583984375,734.6500244140625,740.9500122070312,712.0,717.0,30513303
2021-12-08,724.703125,753.4000244140625,758.7999877929688,744.0999755859375,747.9000244140625,33432411
2021-12-09,726.2421264648438,755.0,763.0,748.4000244140625,759.0499877929688,16007459
2021-12-10,729.1278686523438,758.0,759.7999877929688,751.0499877929688,756.5,7627774
2021-12-13,725.2802734375,754.0,769.7000122070312,752.5,763.0,16855546
2021-12-14,729.7531127929688,758.6500244140625,764.3499755859375,746.2999877929688,751.0499877929688,17488089
2021-12-15,723.596923828125,752.25,759.5,750.9000244140625,757.5999755859375,7358740
2021-12-16,712.9196166992188,741.1500244140625,757.9000244140625,738.9500122070312,757.9000244140625,14123215
2021-12-17,700.55908203125,728.2999877929688,742.0,726.0499877929688,742.0,13227787
2021-12-20,682.9081420898438,709.9500122070312,720.2000122070312,698.2000122070312,718.0999755859375,16900016
2021-12-21,692.9119873046875,720.3499755859375,728.9500122070312,716.1500244140625,720.0,14563335
2021-12-22,704.8878173828125,732.7999877929688,734.9500122070312,720.0499877929688,726.25,9843359
2021-12-23,703.4448852539062,731.2999877929688,739.5,727.9500122070312,739.0499877929688,9994049
2021-12-24,699.4048461914062,727.0999755859375,733.9000244140625,719.5999755859375,733.9000244140625,8800690
2021-12-27,707.9658813476562,736.0,738.75,716.0999755859375,724.0,7955163
2021-12-28,707.7734375,735.7999877929688,742.4500122070312,732.5,740.4000244140625,17833655
2021-12-29,707.6773071289062,735.7000122070312,744.9500122070312,731.9000244140625,738.0,7143073
2021-12-30,707.6773071289062,735.7000122070312,740.5,729.0,733.2999877929688,14326182
2021-12-31,711.9578247070312,740.1500244140625,746.25,736.5499877929688,736.5499877929688,6973055
2022-01-03,735.57275390625,764.7000122070312,766.0,743.0,743.0499877929688,9653095
2022-01-04,743.4122314453125,772.8499755859375,778.0,763.5999755859375,767.9500122070312,12114437
2022-01-05,758.0332641601562,788.0499877929688,795.8499755859375,771.2000122070312,773.0,19741360
2022-01-06,755.1474609375,785.0499877929688,792.5,774.0,775.0499877929688,13018067
2022-01-07,763.0352783203125,793.25,802.2999877929688,786.25,792.2000122070312,12250210
2022-01-10,779.8687133789062,810.75,812.7999877929688,799.0,800.25,10905080
2022-01-11,779.7724609375,810.6500244140625,814.7000122070312,801.9000244140625,809.75,9982061
2022-01-12,792.3734130859375,823.75,825.4500122070312,812.0499877929688,818.5999755859375,13034848
2022-01-13,793.2872924804688,824.7000122070312,828.0,817.4000244140625,821.0,9372244
2022-01-14,788.7662963867188,820.0,822.0,811.5999755859375,821.0,7552844
2022-01-17,788.0928955078125,819.2999877929688,828.9000244140625,814.5499877929688,820.0,6722700
2022-01-18,791.7481689453125,823.0999755859375,836.0,818.2000122070312,821.0,10835146
2022-01-19,777.8004760742188,808.5999755859375,821.0,803.25,816.0,16416144
2022-01-20,779.3876342773438,810.25,812.9500122070312,795.4000244140625,803.0,13567654
2022-01-21,773.856689453125,804.5,811.3499755859375,795.5,803.0,12078277
2022-01-24,768.0371704101562,798.4500122070312,816.7000122070312,783.2999877929688,813.0,29612316
2022-01-25,771.1152954101562,801.6500244140625,804.2999877929688,786.0499877929688,789.0,19513184
2022-01-27,764.3818969726562,794.6500244140625,801.5,781.0499877929688,786.9000244140625,23984679
2022-01-28,751.3960571289062,781.1500244140625,805.8499755859375,778.5,803.75,14072314
2022-01-31,758.7547607421875,788.7999877929688,798.7000122070312,784.0,788.9500122070312,14824509
2022-02-01,779.435791015625,810.2999877929688,812.8499755859375,789.2999877929688,802.0499877929688,20031583
2022-02-02,782.7543334960938,813.75,818.7000122070312,808.8499755859375,815.0,11214375
2022-02-03,778.1372680664062,808.9500122070312,818.4000244140625,806.0,814.0499877929688,9755335
2022-02-04,774.3857421875,805.0499877929688,812.0,795.7999877929688,809.7999877929688,10314067
2022-02-07,756.4461669921875,786.4000244140625,805.0,781.4500122070312,798.0499877929688,14659368
2022-02-08,762.3137817382812,792.5,795.7000122070312,774.2999877929688,790.0,14642455
2022-02-09,772.221435546875,802.7999877929688,804.25,794.2000122070312,797.25,8855292
2022-02-10,774.8186645507812,805.5,808.7999877929688,796.2999877929688,805.9500122070312,13159771
2022-02-11,760.6785888671875,790.7999877929688,797.4000244140625,787.9000244140625,796.8499755859375,13138408
2022-02-14,724.9916381835938,753.7000122070312,773.9500122070312,751.1500244140625,772.0,16170656
2022-02-15,746.4903564453125,776.0499877929688,778.0,743.2000122070312,752.9500122070312,18880659
2022-02-16,734.947509765625,764.0499877929688,777.5499877929688,760.4000244140625,775.7000122070312,10549784
2022-02-17,721.769287109375,750.3499755859375,767.25,746.2999877929688,766.5,16683808
2022-02-18,720.37451171875,748.9000244140625,756.7999877929688,745.5499877929688,746.8499755859375,8945567
2022-02-21,725.7130737304688,754.4500122070312,762.9000244140625,740.0,746.25,10967164
2022-02-22,722.68310546875,751.2999877929688,759.75,737.75,738.4000244140625,13156371
2022-02-23,716.23828125,744.5999755859375,756.4000244140625,742.7000122070312,754.5999755859375,11624282
2022-02-24,680.4552612304688,707.4000244140625,727.0999755859375,702.2999877929688,712.9000244140625,28023104
2022-02-25,702.2424926757812,730.0499877929688,739.2999877929688,720.25,724.9500122070312,16935750
2022-02-28,714.41064453125,742.7000122070312,744.75,715.4000244140625,722.9500122070312,20547432
2022-03-02,687.6213989257812,714.8499755859375,724.9500122070312,707.75,717.0,25252492
2022-03-03,671.7018432617188,698.2999877929688,721.9500122070312,693.4500122070312,717.5999755859375,23190595
2022-03-04,661.8422241210938,688.0499877929688,706.5499877929688,685.0,691.0,18697223
2022-03-07,628.8486938476562,653.75,667.0,642.1500244140625,663.5,27799873
2022-03-08,639.6702270507812,665.0,669.4500122070312,643.0,643.2999877929688,26716975
2022-03-09,642.0269165039062,667.4500122070312,674.5,658.0,664.7000122070312,33728639
2022-03-10,650.828369140625,676.5999755859375,701.0,673.6500244140625,693.9500122070312,35959638
2022-03-11,652.078857421875,677.9000244140625,684.7000122070312,670.5999755859375,674.6500244140625,20546724
2022-03-14,669.6337890625,696.1500244140625,698.4500122070312,677.25,678.0999755859375,24648981
2022-03-15,670.7879638671875,697.3499755859375,708.0999755859375,688.0,701.5,27714580
2022-03-16,681.0324096679688,708.0,711.4000244140625,701.25,706.9000244140625,14621688
2022-03-17,692.6714477539062,720.0999755859375,725.0,716.2000122070312,717.7999877929688,18329844
2022-03-21,683.6776123046875,710.75,722.9000244140625,705.5,721.0,12866839
2022-03-22,690.8439331054688,718.2000122070312,721.0,699.5,708.6500244140625,11761758
2022-03-23,690.9400634765625,718.2999877929688,726.7999877929688,714.25,725.0,7140403
2022-03-24,677.3771362304688,704.2000122070312,712.7000122070312,698.0,702.4500122070312,17727969
2022-03-25,672.6156616210938,699.25,706.0999755859375,696.6500244140625,705.0,15263007
2022-03-28,683.2929077148438,710.3499755859375,713.4000244140625,695.6500244140625,702.0,13806166
2022-03-29,688.0543212890625,715.2999877929688,716.9500122070312,705.8499755859375,714.2999877929688,11489374
2022-03-30,703.0601196289062,730.9000244140625,731.75,719.0999755859375,721.0499877929688,20154520
2022-03-31,702.4829711914062,730.2999877929688,739.9000244140625,727.7999877929688,739.9000244140625,16046383
2022-04-01,708.2063598632812,736.25,738.2999877929688,723.0999755859375,725.0,12658848
2022-04-04,718.1620483398438,746.5999755859375,749.7999877929688,725.0,742.0,17192197
2022-04-05,713.544921875,741.7999877929688,755.4500122070312,738.0,746.7999877929688,12290391
2022-04-06,713.3525390625,741.5999755859375,744.9000244140625,732.0999755859375,732.2999877929688,13518142
2022-04-07,720.037841796875,748.5499877929688,757.7999877929688,737.0999755859375,737.0999755859375,15087175
2022-04-08,725.56884765625,754.2999877929688,756.0,743.5999755859375,749.8499755859375,15480705
2022-04-11,730.6669311523438,759.5999755859375,765.4500122070312,751.6500244140625,752.2999877929688,13216391
2022-04-12,734.7550048828125,763.8499755859375,768.9000244140625,750.25,757.0,14020000
2022-04-13,733.2160034179688,762.25,772.5499877929688,760.7000122070312,769.5999755859375,16119956
2022-04-18,728.9354858398438,757.7999877929688,762.9000244140625,749.2000122070312,751.0,17651530
2022-04-19,737.1117553710938,766.2999877929688,777.9000244140625,757.0,761.7999877929688,31088359
2022-04-20,726.771240234375,755.5499877929688,770.0,753.7999877929688,766.7999877929688,15984202
2022-04-21,733.3121337890625,762.3499755859375,764.2000122070312,751.2000122070312,759.0499877929688,8953098
2022-04-22,719.172119140625,747.6500244140625,758.8499755859375,745.9000244140625,757.0,14411607
2022-04-25,723.5488891601562,752.2000122070312,762.2000122070312,744.0,747.6500244140625,35417460
2022-04-26,725.039794921875,753.75,768.5499877929688,751.6500244140625,768.0,18727514
2022-04-27,708.6392211914062,736.7000122070312,750.0,732.5499877929688,749.0,21441480
2022-04-28,718.691162109375,747.1500244140625,751.9000244140625,734.6500244140625,739.0999755859375,18649559
2022-04-29,714.98779296875,743.2999877929688,759.9500122070312,740.0999755859375,750.0999755859375,19560317
2022-05-02,712.7754516601562,741.0,743.7999877929688,731.0999755859375,732.0,10903446
2022-05-04,696.6634521484375,724.25,747.0,721.1500244140625,746.2000122070312,12212165
2022-05-05,701.0401000976562,728.7999877929688,743.0,726.5,730.7999877929688,9121547
2022-05-06,691.8538818359375,719.25,723.0,710.2999877929688,716.25,12455025
2022-05-09,683.2929077148438,710.3499755859375,720.0,704.4500122070312,705.2999877929688,13055889
2022-05-10,684.2067260742188,711.2999877929688,720.0,705.0,705.0,12797419
2022-05-11,686.9962158203125,714.2000122070312,719.7999877929688,707.1500244140625,718.0,13516852
2022-05-12,669.2970581054688,695.7999877929688,710.7000122070312,693.2999877929688,707.5499877929688,16685166
2022-05-13,651.5498046875,677.3499755859375,702.4000244140625,675.0,702.4000244140625,15717043
2022-05-16,656.9846801757812,683.0,690.9500122070312,675.75,676.7000122070312,9025623
2022-05-17,682.9561767578125,710.0,712.0,685.1500244140625,686.0999755859375,12765052
2022-05-18,680.4071044921875,707.3499755859375,717.0,706.0999755859375,712.3499755859375,11835013
2022-05-19,664.0065307617188,690.2999877929688,698.7000122070312,685.5999755859375,693.0999755859375,16661023
2022-05-20,682.5233764648438,709.5499877929688,711.9000244140625,693.7000122070312,694.7999877929688,11695528
2022-05-23,683.9661865234375,711.0499877929688,725.9500122070312,707.4500122070312,709.5499877929688,17438451
2022-05-24,681.1766357421875,708.1500244140625,717.3499755859375,706.0499877929688,711.0499877929688,13779981
2022-05-25,686.1785888671875,713.3499755859375,720.8499755859375,711.5999755859375,712.0499877929688,10457589
2022-05-26,700.7515258789062,728.5,733.0,715.4500122070312,723.0,14028733
2022-05-27,711.62109375,739.7999877929688,741.2000122070312,731.25,733.5499877929688,8110620
2022-05-30,719.98974609375,748.5,751.9500122070312,744.2999877929688,748.75,7628515
2022-05-31,724.174072265625,752.8499755859375,756.7000122070312,740.5,741.0,20272212
2022-06-01,723.981689453125,752.6500244140625,755.5999755859375,744.2000122070312,748.0,10102092
2022-06-02,721.192138671875,749.75,751.75,743.2000122070312,751.0499877929688,10949759
2022-06-03,715.94970703125,744.2999877929688,757.0,741.2000122070312,756.1500244140625,8563791
2022-06-06,718.306396484375,746.75,750.9500122070312,739.5999755859375,740.2000122070312,9107831
2022-06-07,707.244384765625,735.25,742.9500122070312,732.3499755859375,741.0,9938912
2022-06-08,701.7135009765625,729.5,741.0,726.4500122070312,736.5999755859375,9369224
2022-06-09,704.839599609375,732.75,734.0999755859375,722.1500244140625,725.0,7444368
2022-06-10,692.5753173828125,720.0,728.2999877929688,718.0,724.75,7990818
2022-06-13,661.7941284179688,688.0,702.2999877929688,682.0999755859375,702.25,16622521
2022-06-14,659.3894653320312,685.5,694.6500244140625,680.6500244140625,682.4000244140625,13348598
2022-06-15,661.07275390625,687.25,696.3499755859375,686.0999755859375,687.5,9199591
2022-06-16,652.656005859375,678.5,700.0499877929688,676.2999877929688,700.0,13237239
2022-06-17,660.68798828125,686.8499755859375,692.6500244140625,669.9500122070312,671.25,16335613
2022-06-20,659.822265625,685.9500122070312,687.7999877929688,677.5999755859375,686.0,10981042
2022-06-21,669.5856323242188,696.0999755859375,708.0,688.5999755859375,690.5499877929688,13319648
2022-06-22,660.447509765625,686.5999755859375,698.9000244140625,685.0999755859375,694.25,6838249
2022-06-23,672.51953125,699.1500244140625,706.0,687.0,690.2000122070312,14960412
2022-06-24,686.2747192382812,713.4500122070312,715.25,706.5499877929688,710.9000244140625,10856736
2022-06-27,690.0261840820312,717.3499755859375,728.8499755859375,716.0999755859375,728.8499755859375,8285225
2022-06-28,683.2446899414062,710.2999877929688,717.2999877929688,707.0,711.0499877929688,8339931
2022-06-29,675.982421875,702.75,706.7000122070312,700.9500122070312,704.9500122070312,9570557
2022-06-30,680.2628784179688,707.2000122070312,711.9000244140625,701.2000122070312,702.75,11970404
2022-07-01,677.0885620117188,703.9000244140625,706.75,694.0999755859375,703.4500122070312,9884899
2022-07-04,692.6714477539062,720.0999755859375,721.0999755859375,704.8499755859375,704.8499755859375,8303732
2022-07-05,692.0462036132812,719.4500122070312,732.1500244140625,718.0999755859375,723.0499877929688,11460367
2022-07-06,698.2986450195312,725.9500122070312,731.9000244140625,722.0,723.0,12163533
2022-07-07,713.7373657226562,742.0,744.0,733.0,735.9500122070312,10374018
2022-07-08,726.9154663085938,755.7000122070312,757.5,744.5499877929688,751.2999877929688,9797700
2022-07-11,740.1898803710938,769.5,771.5499877929688,755.0,755.0,12440573
2022-07-12,730.95556640625,759.9000244140625,767.4500122070312,757.7000122070312,765.3499755859375,10219829
2022-07-13,724.5107421875,753.2000122070312,764.75,749.9000244140625,764.75,8674121
2022-07-14,723.7411499023438,752.4000244140625,759.5,748.7999877929688,750.0,7044542
2022-07-15,722.5869750976562,751.2000122070312,759.0,744.2000122070312,753.25,6358018
2022-07-18,742.5946044921875,772.0,773.1500244140625,757.8499755859375,759.25,8045363
2022-07-19,750.9152221679688,780.6500244140625,782.0,767.1500244140625,767.7999877929688,12825591
2022-07-20,753.2717895507812,783.0999755859375,789.5499877929688,780.2999877929688,789.5,8152179
2022-07-21,756.0613403320312,786.0,788.9500122070312,780.0999755859375,784.9000244140625,8312338
2022-07-22,769.5762329101562,800.0499877929688,803.9000244140625,789.0999755859375,789.0999755859375,12267898
2022-07-25,770.393798828125,800.9000244140625,817.7999877929688,797.0999755859375,803.0,21034148
2022-07-26,765.968994140625,796.2999877929688,802.7999877929688,791.6500244140625,801.5999755859375,7374145
2022-07-27,770.0090942382812,800.5,803.7999877929688,794.6500244140625,795.0,9536564
2022-07-28,783.5719604492188,814.5999755859375,815.5,805.2999877929688,806.9500122070312,11124518
2022-07-29,787.4196166992188,818.5999755859375,823.4000244140625,808.0,820.6500244140625,11095993
2022-08-01,792.0368041992188,823.4000244140625,825.0,817.2999877929688,820.7000122070312,7974903
2022-08-02,786.6019897460938,817.75,822.0,812.2000122070312,820.0,11106772
2022-08-03,793.3834838867188,824.7999877929688,828.0,811.5499877929688,817.75,11073975
2022-08-04,789.0067749023438,820.25,829.9500122070312,808.3499755859375,824.0,11113742
2022-08-05,806.2731323242188,838.2000122070312,840.9000244140625,823.0999755859375,823.0999755859375,16056522
2022-08-08,809.9019165039062,836.9500122070312,842.2999877929688,831.1500244140625,836.5999755859375,12142951
2022-08-10,821.320556640625,848.75,853.0,842.1500244140625,842.1500244140625,23658553
2022-08-11,831.9166259765625,859.7000122070312,866.5,858.0999755859375,860.0499877929688,22787391
2022-08-12,846.1416625976562,874.4000244140625,877.25,858.5,863.9500122070312,10792853
2022-08-16,850.8348999023438,879.25,884.5,876.4000244140625,881.4500122070312,13804836
2022-08-17,854.7056274414062,883.25,885.5,878.4000244140625,881.7999877929688,9058040
2022-08-18,856.4957885742188,885.0999755859375,887.6500244140625,875.0499877929688,880.5499877929688,13137856
2022-08-19,842.2709350585938,870.4000244140625,886.9000244140625,864.2999877929688,885.0,10787199
2022-08-22,824.7073974609375,852.25,867.4000244140625,849.5999755859375,865.5499877929688,13848023
2022-08-23,835.98095703125,863.9000244140625,868.0,842.7999877929688,845.3499755859375,13254855
2022-08-24,845.0771484375,873.2999877929688,875.3499755859375,857.0499877929688,857.0499877929688,10494109
2022-08-25,844.1578369140625,872.3499755859375,881.4500122070312,866.7000122070312,873.2999877929688,9827829
2022-08-26,842.706298828125,870.8499755859375,877.5,867.2999877929688,874.1500244140625,5976725
2022-08-29,828.1911010742188,855.8499755859375,861.0,847.0,850.0499877929688,7755134
2022-08-30,858.6246948242188,887.2999877929688,890.75,859.0999755859375,860.5,12544701
2022-09-01,846.0932006835938,874.3499755859375,885.7000122070312,863.0,863.0,15877583
2022-09-02,844.2062377929688,872.4000244140625,881.2999877929688,867.0,874.0999755859375,8401284
2022-09-05,853.931396484375,882.4500122070312,885.9000244140625,871.5499877929688,871.5499877929688,8744999
2022-09-06,855.0927124023438,883.6500244140625,889.9500122070312,878.0999755859375,882.5,9879326
2022-09-07,847.8834228515625,876.2000122070312,882.6500244140625,872.5,878.5499877929688,8814960
2022-09-08,869.7530517578125,898.7999877929688,900.7999877929688,885.5,885.5,12163106
2022-09-09,872.1238403320312,901.25,911.9500122070312,897.7000122070312,910.1500244140625,9936230
2022-09-12,877.881591796875,907.2000122070312,908.9000244140625,902.7999877929688,905.0499877929688,6016978
2022-09-13,880.5911254882812,910.0,913.9500122070312,905.2999877929688,913.9500122070312,10400475
2022-09-14,888.4293212890625,918.0999755859375,922.25,898.0499877929688,898.25,14712947
2022-09-15,887.9454345703125,917.5999755859375,936.6500244140625,915.75,920.0,16253099
2022-09-16,879.7201538085938,909.0999755859375,917.5999755859375,905.2000122070312,914.9000244140625,11966860
2022-09-19,870.1400756835938,899.2000122070312,912.5,895.3499755859375,904.9500122070312,11235656
2022-09-20,887.1229248046875,916.75,922.5,907.3499755859375,909.2000122070312,12090663
2022-09-21,885.6715087890625,915.25,917.0,905.6500244140625,912.0,8917640
2022-09-22,874.2044067382812,903.4000244140625,911.7000122070312,895.2999877929688,906.0,11125669
2022-09-23,853.7379150390625,882.25,904.9000244140625,878.75,901.7000122070312,15927517
2022-09-26,833.2229614257812,861.0499877929688,877.9000244140625,859.2000122070312,870.0,14208640
2022-09-27,824.9977416992188,852.5499877929688,874.8499755859375,848.5999755859375,864.9500122070312,12493809
2022-09-28,822.0462646484375,849.5,863.25,844.0,844.0,11411458
2022-09-29,816.6272583007812,843.9000244140625,861.5999755859375,841.0999755859375,858.0,13803629
2022-09-30,834.142333984375,862.0,867.0499877929688,837.5,843.9000244140625,13175031
2022-10-03,820.9334106445312,848.3499755859375,860.9500122070312,845.7000122070312,859.7000122070312,8232026
2022-10-04,839.6097412109375,867.6500244140625,872.6500244140625,860.0999755859375,865.0,8975095
2022-10-06,856.8345336914062,885.4500122070312,891.7000122070312,873.0499877929688,873.0499877929688,12116698
2022-10-07,854.0282592773438,882.5499877929688,884.5,872.7999877929688,877.2000122070312,9705750
2022-10-10,853.2540893554688,881.75,889.7999877929688,870.7000122070312,872.0,7357588
2022-10-11,842.46435546875,870.5999755859375,883.25,865.4500122070312,883.25,11130051
2022-10-12,840.2870483398438,868.3499755859375,871.7000122070312,861.5,867.9500122070312,14557532
2022-10-13,826.0137939453125,853.5999755859375,865.4500122070312,850.5,862.3499755859375,11563124
2022-10-14,842.1256713867188,870.25,883.7999877929688,868.5499877929688,883.7999877929688,8199540
2022-10-17,856.5925903320312,885.2000122070312,887.5,868.5499877929688,872.0,8936947
2022-10-18,867.91455078125,896.9000244140625,900.7000122070312,891.1500244140625,896.0499877929688,8097552
2022-10-19,863.26953125,892.0999755859375,900.6500244140625,885.5499877929688,900.0499877929688,5529462
2022-10-20,859.9310913085938,888.6500244140625,893.2999877929688,880.0999755859375,889.7000122070312,8107159
2022-10-21,877.8331909179688,907.1500244140625,910.0,885.7000122070312,888.0,17022807
2022-10-24,896.3643188476562,926.2999877929688,933.5,917.5999755859375,925.0,4390050
2022-10-25,895.1547241210938,925.0499877929688,943.25,922.9500122070312,942.0499877929688,15838120
2022-10-27,894.5258178710938,924.4000244140625,933.7000122070312,920.25,926.0499877929688,16080842
2022-10-28,878.5105590820312,907.8499755859375,927.5,901.0,918.0,9854094
2022-10-31,879.3331909179688,908.7000122070312,917.0499877929688,904.5999755859375,912.5999755859375,9000840
2022-11-01,879.236328125,908.5999755859375,921.0,899.5499877929688,921.0,9823761
2022-11-02,875.4624633789062,904.7000122070312,920.75,902.3499755859375,920.5999755859375,7690974
2022-11-03,879.2847900390625,908.6500244140625,913.8499755859375,897.0499877929688,901.0499877929688,9022366
2022-11-04,876.04296875,905.2999877929688,913.4000244140625,900.2000122070312,906.2999877929688,7099336
2022-11-07,887.8486938476562,917.5,920.0999755859375,903.4500122070312,910.25,11100219
2022-11-09,881.074951171875,910.5,921.9000244140625,905.75,920.0,11590409
2022-11-10,881.2685546875,910.7000122070312,912.9500122070312,903.9500122070312,907.5499877929688,10009741
2022-11-11,877.2525634765625,906.5499877929688,928.0,903.5,925.9000244140625,17921457
2022-11-14,866.0274658203125,894.9500122070312,906.5499877929688,891.25,905.0,12641308
2022-11-15,882.2361450195312,911.7000122070312,913.6500244140625,898.7999877929688,900.5499877929688,15176911
2022-11-16,884.0747680664062,913.5999755859375,918.0999755859375,908.0999755859375,912.5499877929688,13008311
2022-11-17,890.0744018554688,919.7999877929688,922.2999877929688,910.3499755859375,913.0,12584194
2022-11-18,890.6065673828125,920.3499755859375,922.0,910.5499877929688,919.7999877929688,10874061
2022-11-21,891.6226806640625,921.4000244140625,924.7999877929688,914.0499877929688,914.0499877929688,9245704
2022-11-22,893.848388671875,923.7000122070312,926.5,920.4000244140625,923.75,11256509
2022-11-23,897.4772338867188,927.4500122070312,931.8499755859375,923.7000122070312,927.0,10959704
2022-11-24,908.5087280273438,938.8499755859375,940.6500244140625,927.5499877929688,927.5499877929688,10844395
2022-11-25,900.235107421875,930.2999877929688,942.9000244140625,927.5,940.2999877929688,9815055
2022-11-28,907.1056518554688,937.4000244140625,943.7999877929688,923.9500122070312,924.0,9381474
2022-11-29,916.1534423828125,946.75,949.9000244140625,933.5499877929688,933.5499877929688,13096845
2022-11-30,922.104736328125,952.9000244140625,958.2000122070312,941.0,948.0499877929688,20858573
2022-12-01,909.8151245117188,940.2000122070312,957.0,936.25,956.0,15920653
2022-12-02,900.5253295898438,930.5999755859375,934.5,926.0999755859375,928.25,14228874
2022-12-05,903.4284057617188,933.5999755859375,937.0,928.4000244140625,937.0,10984608
2022-12-06,892.832275390625,922.6500244140625,929.75,920.2000122070312,925.0,18220912
2022-12-07,892.348388671875,922.1500244140625,933.2000122070312,920.6500244140625,922.0,15675663
2022-12-08,901.7833862304688,931.9000244140625,933.5499877929688,923.7999877929688,925.0,10136870
2022-12-09,899.8480224609375,929.9000244140625,934.7999877929688,925.0499877929688,932.0,9575331
2022-12-12,900.235107421875,930.2999877929688,933.9000244140625,925.0499877929688,925.0499877929688,8493863
2022-12-13,902.7994384765625,932.9500122070312,935.9000244140625,927.7999877929688,929.5,10415140
2022-12-14,891.9613647460938,921.75,936.0499877929688,920.0,936.0,12319827
2022-12-15,879.4298706054688,908.7999877929688,919.9000244140625,905.0,916.0,8929748
2022-12-16,872.849609375,902.0,913.7000122070312,899.6500244140625,905.5,9157260
2022-12-19,877.1558837890625,906.4500122070312,910.5999755859375,901.1500244140625,908.0,7015083
2022-12-20,880.30078125,909.7000122070312,912.4500122070312,895.7000122070312,906.0,6384331
2022-12-21,863.4147338867188,892.25,915.8499755859375,887.0,910.25,11341147
2022-12-22,861.866455078125,890.6500244140625,903.8499755859375,886.3499755859375,900.5,9788367
2022-12-23,850.4962158203125,878.9000244140625,889.6500244140625,875.2999877929688,883.0499877929688,11059215
2022-12-26,864.3340454101562,893.2000122070312,897.0,875.25,881.0999755859375,6943159
2022-12-27,871.5432739257812,900.6500244140625,902.75,888.2000122070312,897.7000122070312,4994381
2022-12-28,869.8982543945312,898.9500122070312,903.9500122070312,895.7999877929688,896.0,8980300
2022-12-29,878.7041625976562,908.0499877929688,923.3499755859375,889.3499755859375,897.9000244140625,11994220
2022-12-30,862.0599365234375,890.8499755859375,908.5,888.5499877929688,908.5,9688527
2023-01-02,873.2850952148438,902.4500122070312,907.0,894.0,894.0,4315403
2023-01-03,872.2206420898438,901.3499755859375,905.9500122070312,896.75,898.5,5846855
2023-01-04,870.0433349609375,899.0999755859375,907.9000244140625,894.7999877929688,899.0,12454582
2023-01-05,850.7381591796875,879.1500244140625,903.0,872.0,900.9000244140625,16547196
2023-01-06,841.9805908203125,870.0999755859375,878.9500122070312,860.5,878.9500122070312,14804613
2023-01-09,845.1255493164062,873.3499755859375,878.75,862.2999877929688,874.25,16811853
2023-01-10,833.5133056640625,861.3499755859375,878.4000244140625,856.5999755859375,875.4000244140625,13470142
2023-01-11,838.3033447265625,866.2999877929688,870.8499755859375,854.8499755859375,862.9000244140625,15558460
2023-01-12,832.8359375,860.6500244140625,869.3499755859375,854.9500122070312,865.5,16659001
2023-01-13,845.2223510742188,873.4500122070312,874.9000244140625,858.2999877929688,864.7000122070312,11223103
2023-01-16,837.2872924804688,865.25,877.4500122070312,861.0499877929688,877.25,8319812
2023-01-17,837.1905517578125,865.1500244140625,867.9500122070312,858.0999755859375,866.9500122070312,12624859
2023-01-18,841.39990234375,869.5,872.0,858.6500244140625,864.4500122070312,11313898
2023-01-19,838.158203125,866.1500244140625,870.5499877929688,862.0,868.0,6694679
2023-01-20,842.2225341796875,870.3499755859375,876.5,865.5499877929688,873.5,8127162
2023-01-23,843.5289306640625,871.7000122070312,883.2999877929688,864.5999755859375,882.0,16882379
2023-01-24,842.6095581054688,870.75,881.7000122070312,868.0,879.0,11504090
2023-01-25,827.6588745117188,855.2999877929688,876.7999877929688,848.0,873.2999877929688,14918485
2023-01-27,790.790283203125,817.2000122070312,843.0,813.0999755859375,839.1500244140625,39718683
2023-01-30,796.8865966796875,823.5,826.25,796.0,800.0,36301441
2023-01-31,805.01513671875,831.9000244140625,838.2999877929688,814.0999755859375,826.0,27291226
2023-02-01,820.5464477539062,847.9500122070312,875.2000122070312,823.1500244140625,843.4500122070312,39237711
2023-02-02,830.1748657226562,857.9000244140625,860.5999755859375,826.0999755859375,828.4000244140625,16798190
2023-02-03,835.8841552734375,863.7999877929688,872.6500244140625,852.0999755859375,864.6500244140625,14914366
2023-02-06,826.110595703125,853.7000122070312,867.7999877929688,849.6500244140625,861.5,8463833
2023-02-07,825.1912231445312,852.75,856.0,847.2000122070312,855.0,9337066
2023-02-08,831.3360595703125,859.0999755859375,860.7000122070312,851.9000244140625,852.5,8082983
2023-02-09,832.981201171875,860.7999877929688,864.9000244140625,851.5999755859375,858.5,6299265
2023-02-10,826.2557373046875,853.8499755859375,861.9000244140625,852.0,855.5499877929688,8656405
2023-02-13,823.1591186523438,850.6500244140625,859.2999877929688,849.3499755859375,853.4000244140625,9394365
2023-02-14,837.3356323242188,865.2999877929688,867.2999877929688,852.0999755859375,853.9000244140625,13402934
2023-02-15,842.6580200195312,870.7999877929688,873.25,860.5999755859375,866.4000244140625,12070288
2023-02-16,841.3515625,869.4500122070312,877.7999877929688,864.8499755859375,875.9500122070312,10715685
2023-02-17,834.7713012695312,862.6500244140625,867.5499877929688,855.1500244140625,867.5499877929688,9990618
2023-02-20,824.562255859375,852.0999755859375,866.5499877929688,850.25,862.6500244140625,9013430
2023-02-21,826.594482421875,854.2000122070312,859.4500122070312,846.8499755859375,854.4000244140625,11704445
2023-02-22,812.1275024414062,839.25,854.0999755859375,834.75,851.25,13880984
2023-02-23,812.6113891601562,839.75,844.4500122070312,833.5499877929688,836.5499877929688,11743574
2023-02-24,812.56298828125,839.7000122070312,845.5999755859375,835.5499877929688,843.9500122070312,8246139
2023-02-27,828.7233276367188,856.4000244140625,858.2999877929688,833.5499877929688,833.5499877929688,14422574
2023-02-28,827.223388671875,854.8499755859375,858.0,850.0,854.9000244140625,19600146
2023-03-01,828.6265258789062,856.2999877929688,864.0,851.8499755859375,864.0,11015843
2023-03-02,826.40087890625,854.0,861.8499755859375,851.0999755859375,853.0,12327141
2023-03-03,840.4805908203125,868.5499877929688,873.0,849.8499755859375,856.75,12823098
2023-03-06,839.70654296875,867.75,876.8499755859375,865.3499755859375,871.75,13904231
2023-03-08,843.9159545898438,872.0999755859375,873.6500244140625,861.5,866.6500244140625,16144568
2023-03-09,828.2879028320312,855.9500122070312,869.7999877929688,854.1500244140625,867.2000122070312,10624440
2023-03-10,815.4176635742188,842.6500244140625,845.3499755859375,836.25,844.7000122070312,17273189
2023-03-13,801.628173828125,828.4000244140625,855.2999877929688,823.9500122070312,841.4500122070312,16413159
2023-03-14,803.5151977539062,830.3499755859375,834.4500122070312,818.25,827.0,15456802
2023-03-15,799.208984375,825.9000244140625,843.9500122070312,822.2000122070312,836.4500122070312,12914488
2023-03-16,797.273681640625,823.9000244140625,831.2999877929688,810.2999877929688,829.7000122070312,14987868
2023-03-17,809.2245483398438,836.25,838.4000244140625,818.6500244140625,831.7999877929688,11104490
2023-03-20,809.4180908203125,836.4500122070312,837.7999877929688,825.0,837.0,14838651
2023-03-21,824.8526611328125,852.4000244140625,854.5,839.0499877929688,843.0,18755854
2023-03-22,832.4005126953125,860.2000122070312,862.5499877929688,851.0,857.6500244140625,17431520
2023-03-23,827.8040161132812,855.4500122070312,867.4500122070312,852.7999877929688,857.0,17920621
2023-03-24,824.8526611328125,852.4000244140625,860.0,849.1500244140625,852.5,17295696
2023-03-27,821.272216796875,848.7000122070312,856.4000244140625,844.0499877929688,854.9500122070312,17047675
2023-03-28,827.1265869140625,854.75,858.9000244140625,848.2000122070312,855.5499877929688,24469018
2023-03-29,823.4978637695312,851.0,862.0999755859375,848.0,857.0499877929688,34881515
2023-03-31,848.8994750976562,877.25,881.0,858.5,861.9500122070312,25739021
2023-04-03,855.23779296875,883.7999877929688,887.0999755859375,868.8499755859375,880.2000122070312,26416933
2023-04-05,856.0120239257812,884.5999755859375,887.75,874.0,886.5999755859375,21068934
2023-04-06,846.7222900390625,875.0,890.0999755859375,872.7000122070312,882.0,26042745
2023-04-10,840.3839111328125,868.4500122070312,882.7999877929688,864.4000244140625,880.0499877929688,30906205
2023-04-11,853.3992919921875,881.9000244140625,885.5999755859375,865.0,873.7000122070312,39504022
2023-04-12,861.3826293945312,890.1500244140625,892.0,880.2999877929688,883.4500122070312,22686032
2023-04-13,869.946533203125,899.0,901.6500244140625,886.5,891.0999755859375,34439635
2023-04-17,872.1721801757812,901.2999877929688,917.2999877929688,893.1500244140625,917.2999877929688,29957514
2023-04-18,867.8660888671875,896.8499755859375,907.9500122070312,894.0999755859375,907.9500122070312,26699379
2023-04-19,863.0761108398438,891.9000244140625,896.9000244140625,887.25,895.9000244140625,24377956
2023-04-20,865.4953002929688,894.4000244140625,899.2999877929688,889.2000122070312,892.25,16999919
2023-04-21,857.028076171875,885.6500244140625,900.7000122070312,882.4000244140625,894.5499877929688,29578071
2023-04-24,875.5108032226562,904.75,906.5,895.0,905.0,30881665
2023-04-25,883.9296264648438,913.4500122070312,916.0,903.0999755859375,906.2999877929688,41383839
2023-04-26,885.3811645507812,914.9500122070312,916.9500122070312,905.75,911.4500122070312,30371555
2023-04-27,888.6712036132812,918.3499755859375,919.9000244140625,908.5499877929688,909.5,25835108
2023-04-28,887.993896484375,917.6500244140625,920.4500122070312,910.25,915.0999755859375,20381002
2023-05-02,892.300048828125,922.0999755859375,925.7999877929688,918.7000122070312,924.0,17515017
2023-05-03,893.0258178710938,922.8499755859375,923.8499755859375,911.5499877929688,919.5499877929688,18715142
2023-05-04,891.9129638671875,921.7000122070312,923.9000244140625,911.7999877929688,920.0,20485002
2023-05-05,896.9933471679688,926.9500122070312,942.4500122070312,923.4500122070312,925.0,19002035
2023-05-08,907.5894775390625,937.9000244140625,941.7000122070312,927.0,927.0,18623913
2023-05-09,904.2025756835938,934.4000244140625,945.0,931.7999877929688,941.0,21507610
2023-05-10,905.7991943359375,936.0499877929688,941.0,928.25,934.5999755859375,25910923
2023-05-11,908.847412109375,939.2000122070312,947.0,933.8499755859375,940.0499877929688,20027372
2023-05-12,913.3955688476562,943.9000244140625,948.0,935.0999755859375,939.75,13873480
2023-05-15,915.185791015625,945.75,949.0,938.2000122070312,943.75,10453762
2023-05-16,915.766357421875,946.3499755859375,952.2000122070312,943.0,950.0,19612293
2023-05-17,908.9926147460938,939.3499755859375,948.4000244140625,935.7999877929688,947.2999877929688,19273344
2023-05-18,915.9114990234375,946.5,952.25,942.0999755859375,947.9500122070312,21550141
2023-05-19,923.45947265625,954.2999877929688,956.0,941.5999755859375,951.4500122070312,15427412
2023-05-22,919.6370849609375,950.3499755859375,954.25,946.1500244140625,951.0499877929688,15509525
2023-05-23,922.5885620117188,953.4000244140625,958.8499755859375,945.0,952.0,16579935
2023-05-24,910.2506103515625,940.6500244140625,953.8499755859375,938.5,946.7000122070312,18049620
2023-05-25,909.4763793945312,939.8499755859375,941.5999755859375,932.9500122070312,937.0,19328582
2023-05-26,919.9757690429688,950.7000122070312,952.4500122070312,935.5499877929688,939.7999877929688,10957182
2023-05-29,917.5081787109375,948.1500244140625,957.5999755859375,946.7999877929688,953.8499755859375,12108079
2023-05-30,919.2500610351562,949.9500122070312,952.2999877929688,944.6500244140625,945.3499755859375,18483624
2023-05-31,918.4759521484375,949.1500244140625,952.0,940.5,949.5,27254425
2023-06-01,905.84765625,936.0999755859375,954.25,932.7999877929688,954.25,21650700
2023-06-02,907.8313598632812,938.1500244140625,944.6500244140625,935.0499877929688,943.0,12494376
2023-06-05,916.1534423828125,946.75,951.7999877929688,943.0,943.0,10751684
2023-06-06,911.6537475585938,942.0999755859375,947.7999877929688,938.0999755859375,946.5,11894330
2023-06-07,909.8151245117188,940.2000122070312,945.8499755859375,933.7999877929688,944.3499755859375,16486469
2023-06-08,907.5894775390625,937.9000244140625,950.5,935.2000122070312,936.5999755859375,17608140
2023-06-09,907.7345581054688,938.0499877929688,944.0,936.2000122070312,941.4000244140625,12253128
2023-06-12,905.7024536132812,935.9500122070312,943.5,933.2999877929688,938.0,10520125
2023-06-13,913.0568237304688,943.5499877929688,946.25,934.0999755859375,935.9000244140625,13528776
2023-06-14,909.4280395507812,939.7999877929688,946.9500122070312,936.25,946.0499877929688,13489262
2023-06-15,896.6546630859375,926.5999755859375,942.9500122070312,924.3499755859375,940.7000122070312,19366819
2023-06-16,904.009033203125,934.2000122070312,937.75,927.0,929.2999877929688,11249387
2023-06-19,893.316162109375,923.1500244140625,933.9500122070312,918.7000122070312,933.5,19351375
2023-06-20,895.6385498046875,925.5499877929688,928.5499877929688,914.7999877929688,920.9500122070312,15212286
2023-06-21,894.8160400390625,924.7000122070312,928.4000244140625,920.0,928.0,9210553
2023-06-22,895.8320922851562,925.75,935.5499877929688,920.7000122070312,924.4000244140625,27291569
2023-06-23,893.65478515625,923.5,931.9000244140625,919.0,926.0499877929688,8767733
2023-06-26,897.4772338867188,927.4500122070312,931.7999877929688,923.2000122070312,927.0999755859375,11749040
2023-06-27,905.84765625,936.0999755859375,939.9500122070312,922.2000122070312,930.0,13422726
2023-06-28,907.154052734375,937.4500122070312,944.0,934.2999877929688,944.0,25708001
2023-06-30,904.3961181640625,934.5999755859375,942.2000122070312,930.6500244140625,940.5,13843218
2023-07-03,912.0891723632812,942.5499877929688,945.75,936.5,937.0,12350359
2023-07-04,914.169677734375,944.7000122070312,951.2999877929688,942.0,947.25,14041699
2023-07-05,927.0399169921875,958.0,964.75,941.0,942.0499877929688,13817767
2023-07-06,928.3945922851562,959.4000244140625,963.9000244140625,954.0,954.7000122070312,16334427
2023-07-07,915.8148193359375,946.4000244140625,955.0499877929688,943.7999877929688,953.0,8593807
2023-07-10,917.7501831054688,948.4000244140625,952.9000244140625,941.3499755859375,946.0,12069184
2023-07-11,914.4116821289062,944.9500122070312,952.7000122070312,941.9000244140625,948.4000244140625,16977595
2023-07-12,913.87939453125,944.4000244140625,951.1500244140625,941.25,948.4000244140625,21511161
2023-07-13,924.814208984375,955.7000122070312,959.25,942.2000122070312,947.7000122070312,23222286
2023-07-14,929.0236206054688,960.0499877929688,965.0,951.3499755859375,959.75,12871569
2023-07-17,937.3939819335938,968.7000122070312,973.7999877929688,952.8499755859375,962.9000244140625,16290763
2023-07-18,943.9259643554688,975.4500122070312,987.9500122070312,971.1500244140625,978.0,29709508
2023-07-19,941.9906005859375,973.4500122070312,980.0,967.5499877929688,980.0,15994261
2023-07-20,963.4247436523438,995.5999755859375,998.1500244140625,972.0999755859375,976.0499877929688,26487838
2023-07-21,964.7794799804688,997.0,1001.4500122070312,988.7999877929688,995.2999877929688,16903003
2023-07-24,959.9411010742188,992.0,1008.7000122070312,990.0999755859375,1004.9500122070312,21687719
2023-07-25,962.5537719726562,994.7000122070312,999.0,988.25,999.0,29325327
2023-07-26,964.247314453125,996.4500122070312,997.75,990.0,993.0999755859375,12780537
2023-07-27,958.2476806640625,990.25,1006.5,987.2000122070312,1002.5499877929688,25932395
2023-07-28,964.00537109375,996.2000122070312,998.7000122070312,977.0499877929688,988.0,12584130
2023-07-31,966.0374145507812,998.2999877929688,999.4000244140625,988.5999755859375,996.0,14303116
2023-08-01,962.40869140625,994.5499877929688,1003.7000122070312,990.4500122070312,1001.6500244140625,15508569
2023-08-02,955.0543212890625,986.9500122070312,994.0999755859375,977.5,985.25,15787996
2023-08-03,933.8136596679688,965.0,983.0,960.0499877929688,976.5499877929688,30994707
2023-08-04,939.1359252929688,970.5,976.0,961.25,968.6500244140625,20582882
2023-08-07,944.1195068359375,975.6500244140625,981.5,968.2000122070312,970.9500122070312,16686062
2023-08-08,948.2321166992188,979.9000244140625,986.5999755859375,972.2999877929688,975.75,23784778
2023-08-09,949.0126953125,972.7000122070312,975.2999877929688,963.5999755859375,974.9500122070312,19317331
2023-08-10,940.6220703125,964.0999755859375,973.6500244140625,959.4500122070312,971.5499877929688,24858441
2023-08-11,929.64599609375,952.8499755859375,963.5,950.0,963.4000244140625,17162177
2023-08-14,936.1829223632812,959.5499877929688,962.9000244140625,946.0,949.0,19026691
2023-08-16,933.2071533203125,956.5,959.7999877929688,946.5999755859375,954.4500122070312,17930805
2023-08-17,928.475341796875,951.6500244140625,957.7999877929688,946.4500122070312,956.9500122070312,27077611
2023-08-18,927.4996337890625,950.6500244140625,955.0,946.0,947.9000244140625,13257508
2023-08-21,931.9388427734375,955.2000122070312,959.2999877929688,948.4000244140625,950.7000122070312,13358017
2023-08-22,928.8167724609375,952.0,956.9500122070312,949.2999877929688,956.4000244140625,16872719
2023-08-23,943.3051147460938,966.8499755859375,968.0499877929688,949.8499755859375,954.0,14707331
2023-08-24,945.3539428710938,968.9500122070312,982.4000244140625,966.75,972.5,28389740
2023-08-25,946.7686767578125,970.4000244140625,972.5999755859375,960.2000122070312,962.9500122070312,10275758
2023-08-28,946.9149780273438,970.5499877929688,975.0,965.0499877929688,969.9500122070312,10481574
2023-08-29,944.1832275390625,967.75,977.25,965.6500244140625,973.2999877929688,13209913
2023-08-30,935.5487670898438,958.9000244140625,975.9000244140625,955.4000244140625,970.4500122070312,13936165
2023-08-31,935.40234375,958.75,966.2000122070312,954.0499877929688,960.0,36675400
2023-09-01,945.1099853515625,968.7000122070312,973.0499877929688,952.7999877929688,956.9000244140625,16268147
2023-09-04,943.7928466796875,967.3499755859375,969.0499877929688,960.5499877929688,968.7000122070312,9512956
2023-09-05,944.8174438476562,968.4000244140625,970.0,962.25,964.0999755859375,16623486
2023-09-06,934.182861328125,957.5,969.5,950.7999877929688,962.5499877929688,30802100
2023-09-07,942.1343383789062,965.6500244140625,969.5,954.7000122070312,957.4000244140625,13462347
2023-09-08,946.9149780273438,970.5499877929688,975.0,961.25,967.5,13086915
2023-09-11,954.4274291992188,978.25,982.0,969.3499755859375,974.9500122070312,7894110
2023-09-12,966.379150390625,990.5,995.1500244140625,982.6500244140625,990.0999755859375,20959591
2023-09-13,965.6962280273438,989.7999877929688,994.8499755859375,980.5499877929688,989.7999877929688,21997553
2023-09-14,963.6473999023438,987.7000122070312,992.9000244140625,982.25,992.2999877929688,11464188
2023-09-15,968.2816772460938,992.4500122070312,997.5,988.5999755859375,990.3499755859375,13307980
2023-09-18,966.0865478515625,990.2000122070312,996.25,987.2999877929688,990.0999755859375,16713222
2023-09-20,963.1107177734375,987.1500244140625,996.0,980.6500244140625,981.5499877929688,25741856
2023-09-21,935.93896484375,959.2999877929688,982.5,957.4500122070312,979.9500122070312,19742813
2023-09-22,927.1580810546875,950.2999877929688,960.9000244140625,947.4000244140625,956.5,12701888
2023-09-25,933.060791015625,956.3499755859375,961.2000122070312,941.5,950.2999877929688,8997098
2023-09-26,925.59716796875,948.7000122070312,958.9500122070312,947.0999755859375,958.9500122070312,10521409
2023-09-27,920.1334228515625,943.0999755859375,946.5,934.4000244140625,946.2999877929688,15152973
2023-09-28,919.6455688476562,942.5999755859375,947.25,934.75,945.5,25991282
2023-09-29,928.7191772460938,951.9000244140625,956.0,943.7000122070312,946.7000122070312,10447334
2023-10-03,917.4016723632812,940.2999877929688,951.5999755859375,939.0,951.5999755859375,11131636
2023-10-04,907.4012451171875,930.0499877929688,935.5,925.0,935.0,17334739
2023-10-05,917.938232421875,940.8499755859375,943.9500122070312,934.5499877929688,935.2000122070312,10478856
2023-10-06,922.1823120117188,945.2000122070312,946.5499877929688,938.0,946.0,6355755
2023-10-09,915.7430419921875,938.5999755859375,942.0499877929688,936.2999877929688,940.25,6725306
2023-10-10,928.0362548828125,951.2000122070312,957.5,940.3499755859375,940.4000244140625,11452715
2023-10-11,929.889892578125,953.0999755859375,962.0499877929688,950.75,954.9000244140625,12233117
2023-10-12,931.011962890625,954.25,960.0999755859375,948.4000244140625,952.8499755859375,7836818
2023-10-13,928.1337890625,951.2999877929688,957.4000244140625,944.5499877929688,949.9500122070312,6650442
2023-10-16,928.2313842773438,951.4000244140625,954.8499755859375,946.1500244140625,948.5,5763024
2023-10-17,930.6705322265625,953.9000244140625,960.9500122070312,951.5,955.4000244140625,7747527
2023-10-18,920.7676391601562,943.75,950.6500244140625,939.0999755859375,949.2000122070312,12000153
2023-10-19,912.9625244140625,935.75,945.0,934.0,936.0,8612676
2023-10-20,910.0355834960938,932.75,940.0,930.0,932.0,6586576
2023-10-23,907.3037109375,929.9500122070312,944.7999877929688,925.4000244140625,942.0,11856890
2023-10-25,893.7909545898438,916.0999755859375,933.7999877929688,911.4000244140625,926.0499877929688,12593434
2023-10-26,886.5224609375,908.6500244140625,916.5999755859375,899.0,914.2999877929688,21693345
2023-10-27,890.5225830078125,912.75,918.1500244140625,911.2999877929688,916.0,8645505
2023-10-30,902.376708984375,924.9000244140625,926.2999877929688,908.2000122070312,909.0999755859375,7687791
2023-10-31,893.0592041015625,915.3499755859375,931.0,914.0999755859375,929.2999877929688,17211107
2023-11-01,891.7908935546875,914.0499877929688,917.5999755859375,909.2999877929688,913.7999877929688,12927203
2023-11-02,897.5472412109375,919.9500122070312,924.7999877929688,912.7999877929688,920.0499877929688,9747311
2023-11-03,911.0599365234375,933.7999877929688,934.5,926.7999877929688,928.5499877929688,7146961
2023-11-06,922.42626953125,945.4500122070312,947.75,937.4000244140625,941.0,10338367
2023-11-07,925.0116577148438,948.0999755859375,950.4500122070312,930.4500122070312,943.5999755859375,15704942
2023-11-08,912.9625244140625,935.75,948.4500122070312,934.0999755859375,948.4500122070312,17606074
2023-11-09,914.5235595703125,937.3499755859375,942.3499755859375,933.0,934.0,9406117
2023-11-10,915.7430419921875,938.5999755859375,941.4500122070312,932.4000244140625,934.9000244140625,9560455
2023-11-13,911.6941528320312,934.4500122070312,940.9000244140625,932.0,940.9000244140625,11470096
2023-11-15,918.18212890625,941.0999755859375,944.4000244140625,938.75,944.4000244140625,19492138
2023-11-16,913.206298828125,936.0,946.2000122070312,934.0,939.0,19706373
2023-11-17,899.4010009765625,921.8499755859375,938.4000244140625,920.1500244140625,926.5499877929688,10956653
2023-11-20,899.0107421875,921.4500122070312,926.75,917.5,922.0,10562301
2023-11-21,903.5474243164062,926.0999755859375,928.0499877929688,922.0,924.4000244140625,8989572
2023-11-22,900.279052734375,922.75,925.2000122070312,914.75,923.25,12197979
2023-11-23,900.52294921875,923.0,925.3499755859375,918.5,923.0,5534614
2023-11-24,906.7671508789062,929.4000244140625,930.4000244140625,920.2000122070312,921.5,7452002
2023-11-28,902.9620971679688,925.5,931.0499877929688,921.7000122070312,928.9000244140625,14231987
2023-11-29,916.7186889648438,939.5999755859375,941.0999755859375,926.0,930.9000244140625,11680078
2023-11-30,912.1819458007812,934.9500122070312,940.8499755859375,928.2000122070312,938.9500122070312,23950292
2023-12-01,923.6458129882812,946.7000122070312,952.0,933.0,935.9500122070312,16986046
2023-12-04,967.0621337890625,991.2000122070312,994.8499755859375,961.4000244140625,963.7000122070312,33131257
2023-12-05,988.770263671875,1013.4500122070312,1015.75,995.0499877929688,1002.5,31378461
2023-12-06,978.8186645507812,1003.25,1016.25,1000.25,1014.0,18786590
2023-12-07,974.6721801757812,999.0,1002.2000122070312,988.1500244140625,996.3499755859375,11841945
2023-12-08,986.2335815429688,1010.8499755859375,1012.8499755859375,993.25,994.5,16116363
2023-12-11,992.3313598632812,1017.0999755859375,1020.0,1004.6500244140625,1007.0999755859375,11714606
2023-12-12,990.9655151367188,1015.7000122070312,1021.0,1008.5999755859375,1017.0999755859375,12380856
2023-12-13,989.2092895507812,1013.9000244140625,1020.7000122070312,1009.2000122070312,1014.7999877929688,15887040
2023-12-14,1008.4783935546875,1033.6500244140625,1040.0,1021.25,1022.25,16317672
2023-12-15,1012.1370239257812,1037.4000244140625,1043.699951171875,1025.699951171875,1043.6500244140625,14306067
2023-12-18,996.575439453125,1021.4500122070312,1029.949951171875,1018.0,1029.949951171875,8592711
2023-12-19,990.7216186523438,1015.4500122070312,1025.5,1012.5999755859375,1025.5,10094256
2023-12-20,982.1358642578125,1006.6500244140625,1022.0,1002.0,1022.0,16490281
2023-12-21,979.9407348632812,1004.4000244140625,1010.9000244140625,989.2000122070312,996.5499877929688,18064916
2023-12-22,970.086669921875,994.2999877929688,1009.5499877929688,991.5999755859375,1002.9500122070312,20881976
2023-12-26,970.8670654296875,995.0999755859375,997.5,989.9000244140625,994.9000244140625,14339699
2023-12-27,977.8430786132812,1002.25,1004.9000244140625,992.0,997.9500122070312,12996468
2023-12-28,981.4041748046875,1005.9000244140625,1011.7000122070312,999.0999755859375,1008.0,24915990
2023-12-29,972.3306274414062,996.5999755859375,1008.5499877929688,993.7000122070312,1004.0499877929688,12280140
2024-01-01,975.0624389648438,999.4000244140625,1004.8499755859375,991.0,991.5499877929688,7683792
2024-01-02,958.3301391601562,982.25,997.6500244140625,980.25,997.0,16263825
2024-01-03,960.0862426757812,984.0499877929688,988.0,975.0999755859375,984.7000122070312,16826752
2024-01-04,963.1107177734375,987.1500244140625,989.1500244140625,981.9000244140625,986.4000244140625,22789140
2024-01-05,969.501220703125,993.7000122070312,998.2999877929688,983.7999877929688,988.0,14875499
2024-01-08,958.086181640625,982.0,998.2000122070312,980.2999877929688,994.0,8393164
2024-01-09,955.8909912109375,979.75,995.0,975.4000244140625,986.25,14660414
2024-01-10,968.8670654296875,993.0499877929688,994.9500122070312,974.2999877929688,974.2999877929688,9409181
2024-01-11,967.0133666992188,991.1500244140625,998.5,986.8499755859375,995.2999877929688,6451345
2024-01-12,979.0625610351562,1003.5,1008.7000122070312,991.75,994.7999877929688,12255743
2024-01-15,985.2579345703125,1009.8499755859375,1011.6500244140625,999.25,1003.5,12388044
2024-01-16,984.4774780273438,1009.0499877929688,1015.7999877929688,1004.5999755859375,1006.0999755859375,11505126
2024-01-17,957.84228515625,981.75,1007.7999877929688,976.75,987.9000244140625,41914771
2024-01-18,962.3302612304688,986.3499755859375,994.2999877929688,970.1500244140625,973.9500122070312,17902484
2024-01-19,974.8673095703125,999.2000122070312,1010.9000244140625,987.5499877929688,991.2999877929688,23271148
2024-01-23,1003.990478515625,1029.050048828125,1059.4000244140625,1021.2000122070312,1059.0999755859375,50797448
2024-01-24,974.8673095703125,999.2000122070312,1035.949951171875,996.6500244140625,1029.449951171875,34578943
2024-01-25,985.3555297851562,1009.9500122070312,1015.0999755859375,988.1500244140625,998.4000244140625,28315035
2024-01-29,991.6484375,1016.4000244140625,1032.0,1010.0,1020.0,14078922
2024-01-30,992.1362915039062,1016.9000244140625,1023.8499755859375,1008.0,1014.9500122070312,16085742
2024-01-31,1003.1123657226562,1028.1500244140625,1039.0,1003.25,1016.7999877929688,25627447
2024-02-01,1000.1853637695312,1025.1500244140625,1033.949951171875,1017.4000244140625,1033.949951171875,13058880
2024-02-02,999.0633544921875,1024.0,1050.0,1021.6500244140625,1037.0999755859375,14774650
2024-02-05,998.5755004882812,1023.5,1026.449951171875,1012.0999755859375,1022.5,12948430
2024-02-06,1001.4049072265625,1026.4000244140625,1034.9000244140625,1016.7000122070312,1023.5499877929688,12886927
2024-02-07,997.2584228515625,1022.1500244140625,1031.550048828125,1013.0,1028.0,16410895
2024-02-08,965.2084350585938,989.2999877929688,1028.25,985.25,1024.0999755859375,20565502
2024-02-09,986.0873413085938,1010.7000122070312,1013.75,985.5,988.8499755859375,12799837
2024-02-12,971.8427734375,996.0999755859375,1012.2000122070312,985.25,1010.4000244140625,8050066
2024-02-13,994.965576171875,1019.7999877929688,1027.050048828125,1000.2999877929688,1006.0,18706292
2024-02-14,997.7950439453125,1022.7000122070312,1035.699951171875,1007.5499877929688,1009.5499877929688,17878720
2024-02-15,991.8923950195312,1016.6500244140625,1026.6500244140625,1006.5999755859375,1022.8499755859375,10069878
2024-02-16,998.3316650390625,1023.25,1026.199951171875,1016.9000244140625,1023.2000122070312,7159395
2024-02-19,1018.3323974609375,1043.75,1046.0,1023.3499755859375,1023.3499755859375,9388255
2024-02-20,1023.210693359375,1048.75,1052.6500244140625,1033.25,1041.050048828125,11293528
2024-02-21,1026.332763671875,1051.949951171875,1064.0,1048.0,1056.800048828125,15946325
2024-02-22,1036.8209228515625,1062.699951171875,1066.0,1040.300048828125,1056.0,13432573
2024-02-23,1035.4549560546875,1061.300048828125,1070.0,1057.6500244140625,1070.0,13142759
2024-02-26,1028.5279541015625,1054.199951171875,1062.300048828125,1050.5,1053.0999755859375,7875941
2024-02-27,1034.3818359375,1060.199951171875,1066.199951171875,1046.5,1050.75,10580973
2024-02-28,1020.7227783203125,1046.199951171875,1064.8499755859375,1042.1500244140625,1063.0,7730332
2024-02-29,1026.5765380859375,1052.199951171875,1060.699951171875,1038.5,1043.050048828125,20944844
2024-03-01,1060.431640625,1086.9000244140625,1089.949951171875,1054.0,1055.0,14909562
2024-03-04,1065.7489013671875,1092.3499755859375,1095.0,1080.0999755859375,1081.0,11424581
2024-03-05,1061.5537109375,1088.050048828125,1099.5,1076.5,1086.199951171875,9222544
2024-03-06,1070.38330078125,1097.0999755859375,1113.550048828125,1080.300048828125,1080.300048828125,21796484
2024-03-07,1061.4560546875,1087.949951171875,1095.0,1082.699951171875,1094.949951171875,9963926
2024-03-11,1052.4312744140625,1078.699951171875,1087.949951171875,1076.75,1087.949951171875,13310362
2024-03-12,1050.6263427734375,1076.8499755859375,1094.800048828125,1055.6500244140625,1077.050048828125,21785435
2024-03-13,1057.5533447265625,1083.949951171875,1089.6500244140625,1073.1500244140625,1077.1500244140625,24855870
2024-03-14,1057.2119140625,1083.5999755859375,1097.0999755859375,1075.050048828125,1080.0,14231421
2024-03-15,1054.0411376953125,1080.3499755859375,1086.25,1070.0,1072.0,66192734
2024-03-18,1054.8704833984375,1081.199951171875,1084.800048828125,1060.050048828125,1075.050048828125,8769440
2024-03-19,1057.5533447265625,1083.949951171875,1088.75,1075.25,1078.449951171875,16708715
2024-03-20,1058.090087890625,1084.5,1090.0,1067.5,1080.0,18725251
2024-03-21,1055.4559326171875,1081.800048828125,1100.0,1079.1500244140625,1092.0,19992607
2024-03-22,1063.7489013671875,1090.300048828125,1093.699951171875,1078.699951171875,1081.1500244140625,17214415
2024-03-26,1057.3094482421875,1083.699951171875,1089.1500244140625,1076.949951171875,1081.0,13367635
2024-03-27,1057.3583984375,1083.75,1092.5,1079.550048828125,1083.699951171875,26907245
2024-03-28,1066.67578125,1093.300048828125,1105.050048828125,1085.0,1085.0,22070566
2024-04-01,1072.8712158203125,1099.6500244140625,1102.949951171875,1094.449951171875,1096.050048828125,10848191
2024-04-02,1054.8704833984375,1081.199951171875,1094.449951171875,1079.25,1094.449951171875,14380396
2024-04-03,1050.9677734375,1077.199951171875,1083.6500244140625,1072.25,1075.0,15477184
2024-04-04,1052.5777587890625,1078.8499755859375,1085.800048828125,1063.449951171875,1084.75,21419689
2024-04-05,1057.0169677734375,1083.4000244140625,1086.0,1067.449951171875,1070.0,15340637
2024-04-08,1060.675537109375,1087.1500244140625,1091.75,1076.300048828125,1078.3499755859375,8023461
2024-04-09,1080.0909423828125,1107.050048828125,1115.25,1088.300048828125,1091.949951171875,12298463
2024-04-10,1082.3836669921875,1109.4000244140625,1116.550048828125,1105.1500244140625,1110.949951171875,10598000
2024-04-12,1077.5054931640625,1104.4000244140625,1111.8499755859375,1095.800048828125,1103.5,12216657
2024-04-15,1052.08984375,1078.3499755859375,1106.1500244140625,1076.5999755859375,1100.199951171875,10526597
2024-04-16,1041.065185546875,1067.050048828125,1074.5999755859375,1062.699951171875,1070.550048828125,11278092
2024-04-18,1029.7474365234375,1055.449951171875,1078.050048828125,1050.449951171875,1074.0,16564216
2024-04-19,1041.2601318359375,1067.25,1072.0,1048.0999755859375,1052.949951171875,11284433
2024-04-22,1060.187744140625,1086.6500244140625,1088.699951171875,1070.3499755859375,1078.800048828125,10346714
2024-04-23,1063.7000732421875,1090.25,1100.0,1082.699951171875,1100.0,9848215
2024-04-24,1070.041748046875,1096.75,1098.4000244140625,1089.0,1092.25,5461309
2024-04-25,1086.627685546875,1113.75,1125.6500244140625,1089.949951171875,1090.0,19905338
2024-04-26,1080.9202880859375,1107.9000244140625,1120.0,1102.75,1112.1500244140625,14190059
2024-04-29,1131.89794921875,1160.1500244140625,1163.449951171875,1107.9000244140625,1108.0,28578063
2024-04-30,1122.38525390625,1150.4000244140625,1169.550048828125,1146.75,1159.949951171875,29568491
2024-05-02,1111.7017822265625,1139.449951171875,1155.5,1133.25,1143.0,25118334
2024-05-03,1114.2386474609375,1142.050048828125,1157.4000244140625,1135.449951171875,1141.300048828125,19933604
2024-05-06,1118.3851318359375,1146.300048828125,1158.449951171875,1138.0999755859375,1141.550048828125,14970524
2024-05-07,1104.3358154296875,1131.9000244140625,1152.75,1126.300048828125,1147.949951171875,15097728
2024-05-08,1095.652587890625,1123.0,1132.0,1116.050048828125,1126.550048828125,19913090
2024-05-09,1088.5302734375,1115.699951171875,1128.8499755859375,1110.0,1120.550048828125,12229853
2024-05-10,1089.847412109375,1117.050048828125,1128.9000244140625,1112.050048828125,1118.0,8573656
2024-05-13,1100.53076171875,1128.0,1130.6500244140625,1106.699951171875,1112.4000244140625,9707983
2024-05-14,1093.2623291015625,1120.550048828125,1127.9000244140625,1118.550048828125,1125.9000244140625,8944262
2024-05-15,1096.9696044921875,1124.3499755859375,1127.800048828125,1113.5,1122.0999755859375,10743423
2024-05-16,1103.506591796875,1131.050048828125,1136.550048828125,1112.800048828125,1133.0,14265565
2024-05-17,1102.9698486328125,1130.5,1144.0,1120.5999755859375,1131.050048828125,8641784
2024-05-21,1093.65234375,1120.949951171875,1133.800048828125,1116.25,1122.199951171875,10452900
2024-05-22,1084.0423583984375,1111.0999755859375,1125.9000244140625,1098.0999755859375,1125.0,17527411
2024-05-23,1106.8724365234375,1134.5,1137.0,1111.4000244140625,1115.550048828125,13787687
2024-05-24,1104.384521484375,1131.949951171875,1135.0,1124.1500244140625,1130.0,6312670
2024-05-27,1102.2869873046875,1129.800048828125,1147.800048828125,1121.550048828125,1131.9000244140625,11599857
2024-05-28,1099.5062255859375,1126.949951171875,1135.199951171875,1125.0,1132.5,9311718
2024-05-29,1075.1639404296875,1102.0,1123.550048828125,1098.5,1115.050048828125,19268547
2024-05-30,1086.5789794921875,1113.699951171875,1121.0,1096.9000244140625,1097.0,15255387
2024-05-31,1093.75,1121.050048828125,1130.5999755859375,1111.25,1118.0,26197718
2024-06-03,1131.75146484375,1160.0,1173.0,1136.300048828125,1170.0,25699977
2024-06-04,1045.3577880859375,1071.449951171875,1159.4000244140625,1053.550048828125,1157.9000244140625,43476837
2024-06-05,1081.6519775390625,1108.6500244140625,1123.25,1051.050048828125,1085.0,42172104
2024-06-06,1083.359375,1110.4000244140625,1118.0,1096.5999755859375,1118.0,18574162
2024-06-07,1094.384033203125,1121.699951171875,1128.300048828125,1103.5999755859375,1110.4000244140625,17197635
2024-06-10,1096.43310546875,1123.800048828125,1133.199951171875,1115.0999755859375,1116.0,10851455
2024-06-11,1090.9693603515625,1118.199951171875,1129.050048828125,1111.0,1119.75,12250002
2024-06-12,1092.2864990234375,1119.550048828125,1133.4000244140625,1112.0,1121.0,16096514
2024-06-13,1080.3836669921875,1107.3499755859375,1123.199951171875,1105.0,1122.199951171875,12494254
2024-06-14,1078.72509765625,1105.6500244140625,1114.0,1099.449951171875,1114.0,11377979
2024-06-18,1095.506103515625,1122.8499755859375,1135.050048828125,1101.199951171875,1113.949951171875,18306176
2024-06-19,1116.580078125,1144.449951171875,1165.550048828125,1126.1500244140625,1127.949951171875,34309514
2024-06-20,1128.62939453125,1156.800048828125,1160.0,1135.5,1154.050048828125,15475933
2024-06-21,1130.434326171875,1158.6500244140625,1169.9000244140625,1150.6500244140625,1163.550048828125,69259425
2024-06-24,1141.60546875,1170.0999755859375,1175.6500244140625,1152.6500244140625,1154.6500244140625,12210295
2024-06-25,1168.7772216796875,1197.949951171875,1206.0,1167.6500244140625,1170.25,27309845
2024-06-26,1188.3389892578125,1218.0,1222.8499755859375,1193.8499755859375,1202.0,25403461
2024-06-27,1190.19287109375,1219.9000244140625,1235.0,1209.0999755859375,1228.3499755859375,20516632
2024-06-28,1170.3870849609375,1199.5999755859375,1227.0,1196.3499755859375,1227.0,12507092
2024-07-01,1182.3388671875,1211.8499755859375,1215.3499755859375,1192.050048828125,1199.5999755859375,8636894
2024-07-02,1161.6063232421875,1190.5999755859375,1217.0,1185.550048828125,1217.0,16153925
2024-07-03,1172.33837890625,1201.5999755859375,1215.8499755859375,1179.449951171875,1196.8499755859375,22330897
2024-07-04,1202.9737548828125,1233.0,1234.949951171875,1214.300048828125,1229.0,15275791
2024-07-05,1203.364013671875,1233.4000244140625,1242.5999755859375,1220.8499755859375,1225.0,9535575
2024-07-08,1204.973876953125,1235.050048828125,1239.5,1216.9000244140625,1228.9000244140625,6617190
2024-07-09,1217.8524169921875,1248.25,1250.199951171875,1229.300048828125,1234.949951171875,13366874
2024-07-10,1212.92529296875,1243.199951171875,1252.75,1236.3499755859375,1252.75,18226503
2024-07-11,1208.2908935546875,1238.449951171875,1257.800048828125,1225.050048828125,1246.3499755859375,11307116
2024-07-12,1202.876220703125,1232.9000244140625,1252.9000244140625,1230.0999755859375,1235.9000244140625,12208290
2024-07-15,1199.9979248046875,1229.949951171875,1238.449951171875,1224.050048828125,1233.0999755859375,15612671
2024-07-16,1209.705810546875,1239.9000244140625,1245.0,1229.0,1230.0,12320605
2024-07-18,1219.8525390625,1250.300048828125,1256.449951171875,1231.699951171875,1234.9000244140625,10999632
2024-07-19,1218.24267578125,1248.6500244140625,1250.5,1240.25,1244.0,7958817
2024-07-22,1210.92529296875,1241.1500244140625,1245.300048828125,1232.9000244140625,1240.0,9958965
2024-07-23,1196.8759765625,1226.75,1248.6500244140625,1212.5,1241.1500244140625,19369832
2024-07-24,1193.2171630859375,1223.0,1233.6500244140625,1202.050048828125,1225.0,20122521
2024-07-25,1168.728515625,1197.9000244140625,1218.25,1190.5999755859375,1205.5,14154461
2024-07-26,1177.8018798828125,1207.199951171875,1220.0,1185.949951171875,1190.0,19309265
2024-07-29,1183.1680908203125,1212.699951171875,1242.75,1204.1500244140625,1215.1500244140625,28458261
2024-07-30,1179.9971923828125,1209.449951171875,1230.8499755859375,1204.4000244140625,1213.0,23972277
2024-07-31,1185.3145751953125,1214.9000244140625,1224.6500244140625,1211.0,1219.0,22297629
2024-08-01,1180.6314697265625,1210.0999755859375,1222.6500244140625,1206.9000244140625,1212.5,8725046
2024-08-02,1167.4114990234375,1196.550048828125,1201.6500244140625,1190.0999755859375,1197.0,10735395
2024-08-05,1144.0445556640625,1172.5999755859375,1188.9000244140625,1167.0,1182.0,14306771
2024-08-06,1138.4346923828125,1166.8499755859375,1187.699951171875,1161.5,1175.0,13575619
2024-08-07,1143.898193359375,1172.449951171875,1179.800048828125,1161.5999755859375,1178.949951171875,15753644
2024-08-08,1136.239501953125,1164.5999755859375,1174.4000244140625,1158.9000244140625,1166.949951171875,10806438
2024-08-09,1143.069091796875,1171.5999755859375,1180.949951171875,1169.0,1176.550048828125,8687307
2024-08-12,1154.09033203125,1172.800048828125,1178.25,1156.0,1171.0,10860455
2024-08-13,1149.7113037109375,1168.3499755859375,1189.25,1163.5999755859375,1183.199951171875,13117927
2024-08-14,1143.1181640625,1161.6500244140625,1170.050048828125,1153.0,1167.0,13431801
2024-08-16,1168.309814453125,1187.25,1193.0,1165.6500244140625,1170.0,10961370
2024-08-19,1157.140869140625,1175.9000244140625,1195.75,1173.300048828125,1191.0,6686394
2024-08-20,1160.6341552734375,1179.449951171875,1189.800048828125,1170.0,1174.199951171875,10427061
2024-08-21,1156.1075439453125,1174.8499755859375,1178.6500244140625,1165.0999755859375,1177.0,17234142
2024-08-22,1172.098388671875,1191.0999755859375,1192.5999755859375,1176.5999755859375,1182.0,8564142
2024-08-23,1184.300537109375,1203.5,1205.0,1188.550048828125,1193.0,7518309
2024-08-26,1193.9443359375,1213.300048828125,1214.949951171875,1201.050048828125,1205.550048828125,10920226
2024-08-27,1206.7860107421875,1226.3499755859375,1232.5,1208.9000244140625,1213.300048828125,16295325
2024-08-28,1204.3258056640625,1223.8499755859375,1226.4000244140625,1217.300048828125,1222.6500244140625,12291305
2024-08-29,1202.4071044921875,1221.9000244140625,1235.0,1217.0,1218.949951171875,10806748
2024-08-30,1209.590576171875,1229.199951171875,1235.550048828125,1218.9000244140625,1230.0,21211148
2024-09-02,1210.3284912109375,1229.949951171875,1239.199951171875,1222.5,1239.0,12516759
2024-09-03,1227.79541015625,1247.699951171875,1250.949951171875,1220.4000244140625,1227.199951171875,19114907
2024-09-04,1216.62646484375,1236.3499755859375,1243.699951171875,1232.800048828125,1239.8499755859375,13505843
2024-09-05,1216.23291015625,1235.949951171875,1244.8499755859375,1231.300048828125,1238.0,9142811
2024-09-06,1188.8763427734375,1208.1500244140625,1233.9000244140625,1205.0,1225.949951171875,10170479
2024-09-09,1215.298095703125,1235.0,1238.300048828125,1200.449951171875,1202.9000244140625,13863250
2024-09-10,1217.5614013671875,1237.300048828125,1241.3499755859375,1227.0,1236.949951171875,15545130
2024-09-11,1216.62646484375,1236.3499755859375,1239.300048828125,1226.4000244140625,1231.5,11993242
2024-09-12,1232.1744384765625,1252.1500244140625,1257.0,1226.3499755859375,1238.0,15376442
2024-09-13,1230.403076171875,1250.3499755859375,1255.949951171875,1242.050048828125,1252.0,9877288
2024-09-16,1242.7037353515625,1262.8499755859375,1265.5999755859375,1244.699951171875,1251.0,8973335
2024-09-17,1247.8699951171875,1268.0999755859375,1272.25,1258.4000244140625,1259.949951171875,11513121
2024-09-18,1267.796875,1288.3499755859375,1295.3499755859375,1262.0,1262.0,12466597
2024-09-19,1271.388671875,1292.0,1300.0,1285.3499755859375,1288.3499755859375,13172268
2024-09-20,1317.09765625,1338.449951171875,1362.3499755859375,1291.550048828125,1295.0,73257767
2024-09-23,1300.811767578125,1321.9000244140625,1331.800048828125,1308.5,1331.0,11380409
2024-09-24,1297.5643310546875,1318.5999755859375,1331.4000244140625,1315.449951171875,1321.0,13886037
2024-09-25,1302.7305908203125,1323.8499755859375,1327.75,1310.0999755859375,1310.75,8728019
2024-09-26,1307.8477783203125,1329.050048828125,1333.3499755859375,1316.9000244140625,1320.0,11100869
2024-09-27,1285.7557373046875,1306.5999755859375,1333.0,1303.8499755859375,1333.0,17117379
2024-09-30,1252.6917724609375,1273.0,1296.800048828125,1270.9000244140625,1292.0999755859375,12622212
2024-10-01,1254.0694580078125,1274.4000244140625,1280.25,1267.5999755859375,1269.800048828125,10972413
2024-10-03,1236.307373046875,1256.3499755859375,1265.75,1248.1500244140625,1253.5999755859375,17648551
2024-10-04,1219.97216796875,1239.75,1264.4000244140625,1236.199951171875,1247.0999755859375,13488887
2024-10-07,1214.215576171875,1233.9000244140625,1262.949951171875,1225.0,1241.550048828125,20667247
2024-10-08,1216.8724365234375,1236.5999755859375,1247.800048828125,1229.75,1241.0,12219259
2024-10-09,1224.3021240234375,1244.1500244140625,1265.0999755859375,1232.6500244140625,1243.050048828125,14765997
2024-10-10,1223.662353515625,1243.5,1254.699951171875,1238.0,1246.75,9118195
2024-10-11,1203.4893798828125,1223.0,1240.800048828125,1222.0,1237.0,8472512
2024-10-14,1212.099853515625,1231.75,1237.9000244140625,1217.4000244140625,1221.0,11833929
2024-10-15,1235.4710693359375,1255.5,1258.300048828125,1235.4000244140625,1238.949951171875,11657338
2024-10-16,1223.3179931640625,1243.1500244140625,1254.949951171875,1241.5999755859375,1248.5,7869727
2024-10-17,1211.6077880859375,1231.25,1256.949951171875,1224.4000244140625,1249.449951171875,8459497
2024-10-18,1244.327392578125,1264.5,1268.9000244140625,1225.25,1227.949951171875,11018126
2024-10-21,1238.9644775390625,1259.050048828125,1272.3499755859375,1250.550048828125,1264.5,7742775
2024-10-22,1247.279541015625,1267.5,1284.9000244140625,1259.75,1266.5999755859375,20090801
2024-10-23,1231.6331787109375,1251.5999755859375,1267.949951171875,1243.050048828125,1261.0,14055447
2024-10-24,1232.764892578125,1252.75,1260.449951171875,1241.050048828125,1250.25,12223031
2024-10-25,1235.4217529296875,1255.449951171875,1268.9000244140625,1234.199951171875,1247.25,13546055
2024-10-28,1272.2252197265625,1292.8499755859375,1307.800048828125,1280.5999755859375,1285.5,24096412
2024-10-29,1310.60302734375,1331.8499755859375,1335.3499755859375,1299.25,1301.3499755859375,20656117
2024-10-30,1291.21728515625,1312.1500244140625,1330.9000244140625,1305.5999755859375,1324.0,15055031
2024-10-31,1271.634765625,1292.25,1318.949951171875,1288.550048828125,1307.25,23497314
2024-11-01,1271.1920166015625,1291.800048828125,1296.199951171875,1286.25,1289.949951171875,1007022
2024-11-04,1256.8248291015625,1277.199951171875,1291.800048828125,1270.050048828125,1290.0999755859375,14309121
2024-11-05,1276.013671875,1296.699951171875,1301.300048828125,1263.0999755859375,1273.0,16431920
2024-11-06,1281.5736083984375,1302.3499755859375,1315.0,1292.699951171875,1300.25,12037405
2024-11-07,1258.3009033203125,1278.699951171875,1302.800048828125,1275.25,1297.1500244140625,9909035
2024-11-08,1238.7674560546875,1258.8499755859375,1275.0,1252.699951171875,1270.0,11195808
2024-11-11,1249.0509033203125,1269.300048828125,1275.9000244140625,1246.6500244140625,1262.0,8387780
2024-11-12,1250.3302001953125,1270.5999755859375,1295.0,1264.5,1276.1500244140625,13486168
2024-11-13,1233.69970703125,1253.699951171875,1276.25,1250.0,1270.5999755859375,12260404
2024-11-14,1236.8978271484375,1256.949951171875,1267.699951171875,1243.050048828125,1253.75,9506892
2024-11-18,1233.45361328125,1253.449951171875,1262.5999755859375,1249.4000244140625,1260.0,6195554
2024-11-19,1229.173095703125,1249.0999755859375,1261.0,1240.8499755859375,1257.050048828125,11537317
2024-11-21,1230.60009765625,1250.550048828125,1256.9000244140625,1232.550048828125,1248.550048828125,9593870
2024-11-22,1257.6612548828125,1278.050048828125,1281.4000244140625,1256.0,1258.0,11604338
2024-11-25,1280.1959228515625,1300.949951171875,1311.199951171875,1290.0,1296.0,22717581
2024-11-26,1284.132080078125,1304.949951171875,1314.25,1302.449951171875,1310.5999755859375,7646955
2024-11-27,1279.9498291015625,1300.699951171875,1310.8499755859375,1297.8499755859375,1298.5,21938082
2024-11-28,1265.828857421875,1286.3499755859375,1310.5,1282.300048828125,1301.050048828125,22803745
2024-11-29,1279.3594970703125,1300.0999755859375,1303.25,1283.0999755859375,1283.0999755859375,11397228
2024-12-02,1283.8370361328125,1304.6500244140625,1310.550048828125,1289.1500244140625,1299.9000244140625,9626400
2024-12-03,1287.527099609375,1308.4000244140625,1312.800048828125,1296.0999755859375,1303.949951171875,11509276
2024-12-04,1295.0550537109375,1316.050048828125,1320.0,1301.699951171875,1302.5999755859375,11570281
2024-12-05,1315.1787109375,1336.5,1342.9000244140625,1308.5999755859375,1316.25,19210697
2024-12-06,1307.552490234375,1328.75,1347.0999755859375,1326.699951171875,1342.5,8942672
2024-12-09,1301.2054443359375,1322.300048828125,1329.050048828125,1320.25,1322.0999755859375,8000764
2024-12-10,1309.225341796875,1330.449951171875,1332.0,1315.25,1319.0,8218214
2024-12-11,1306.3223876953125,1327.5,1331.25,1316.0,1324.699951171875,8138066
2024-12-12,1308.04443359375,1329.25,1338.75,1321.550048828125,1321.550048828125,9076896
2024-12-13,1323.44482421875,1344.9000244140625,1347.1500244140625,1313.5,1325.3499755859375,13536684
2024-12-16,1324.6256103515625,1346.0999755859375,1350.449951171875,1340.050048828125,1344.9000244140625,9071006
2024-12-17,1312.4727783203125,1333.75,1348.0999755859375,1326.050048828125,1342.0,9879257
2024-12-18,1293.1854248046875,1314.1500244140625,1334.949951171875,1307.449951171875,1325.25,8510595
2024-12-19,1266.3701171875,1286.9000244140625,1303.0,1284.449951171875,1286.0,11517304
2024-12-20,1267.8460693359375,1288.4000244140625,1297.75,1272.4000244140625,1283.949951171875,58491181
2024-12-23,1276.1121826171875,1296.800048828125,1307.0,1287.050048828125,1294.6500244140625,6827512
2024-12-24,1276.554931640625,1297.25,1304.5,1290.25,1296.800048828125,7138516
2024-12-26,1276.6534423828125,1297.3499755859375,1312.75,1289.199951171875,1307.0,7338444
2024-12-27,1286.690673828125,1307.550048828125,1315.949951171875,1298.550048828125,1298.550048828125,4756066
2024-12-30,1273.9964599609375,1294.6500244140625,1326.5,1289.449951171875,1304.949951171875,14207425
2024-12-31,1261.203857421875,1281.6500244140625,1289.949951171875,1280.0999755859375,1286.9000244140625,8449607
2025-01-01,1263.1719970703125,1283.6500244140625,1293.0,1267.0999755859375,1281.6500244140625,4705399
2025-01-02,1270.0111083984375,1290.5999755859375,1293.4000244140625,1278.4000244140625,1285.0999755859375,7433222
2025-01-03,1244.8687744140625,1265.050048828125,1288.0,1262.25,1286.199951171875,11194997
2025-01-06,1243.933837890625,1264.0999755859375,1277.75,1257.0,1268.050048828125,7504047
2025-01-07,1258.842041015625,1279.25,1288.949951171875,1266.5,1266.5,7539758
2025-01-08,1243.5894775390625,1263.75,1285.0,1252.3499755859375,1280.550048828125,7566309
2025-01-09,1242.260986328125,1262.4000244140625,1264.75,1248.0999755859375,1258.0,8684920
2025-01-10,1229.9111328125,1249.8499755859375,1264.949951171875,1243.0999755859375,1259.0,7854524
2025-01-13,1210.1317138671875,1229.75,1243.949951171875,1224.9000244140625,1234.9000244140625,9669336
2025-01-14,1220.5135498046875,1240.300048828125,1244.8499755859375,1227.449951171875,1233.3499755859375,10342698
2025-01-15,1218.4962158203125,1238.25,1244.4000244140625,1230.0,1234.0,5355382
2025-01-16,1229.173095703125,1249.0999755859375,1255.5,1239.6500244140625,1245.0999755859375,11895924
2025-01-17,1205.900390625,1225.449951171875,1249.0,1218.0,1243.3499755859375,9790533
2025-01-20,1213.2806396484375,1232.949951171875,1241.75,1215.25,1223.9000244140625,7676418
2025-01-21,1177.0677490234375,1196.1500244140625,1238.949951171875,1192.699951171875,1236.949951171875,20520898
2025-01-22,1181.2991943359375,1200.449951171875,1207.5,1191.800048828125,1201.0,10377123
2025-01-23,1182.5784912109375,1201.75,1207.9000244140625,1186.0,1197.25,8770650
2025-01-24,1189.90966796875,1209.199951171875,1218.0,1202.0,1203.0999755859375,9216792
2025-01-27,1208.3603515625,1227.949951171875,1234.6500244140625,1193.0999755859375,1195.0,16164687
2025-01-28,1227.00830078125,1246.9000244140625,1264.0,1236.0,1247.3499755859375,18066499
2025-01-29,1231.682373046875,1251.6500244140625,1255.800048828125,1243.050048828125,1252.0,7666777
2025-01-30,1235.5694580078125,1255.5999755859375,1259.8499755859375,1239.5,1250.0,11921041
2025-01-31,1232.814208984375,1252.800048828125,1256.0,1239.0999755859375,1254.5,10195417
2025-02-01,1235.520263671875,1255.550048828125,1261.3499755859375,1233.800048828125,1251.1500244140625,3011914
2025-02-03,1233.0108642578125,1253.0,1260.0,1237.800048828125,1246.8499755859375,6176831
2025-02-04,1247.9683837890625,1268.199951171875,1280.5,1260.0,1262.800048828125,14839077
2025-02-05,1247.476318359375,1267.699951171875,1277.75,1265.1500244140625,1270.199951171875,6840709
2025-02-06,1252.1014404296875,1272.4000244140625,1279.0,1263.199951171875,1275.0,8396554
2025-02-07,1236.8487548828125,1256.9000244140625,1275.0,1249.550048828125,1272.0,7382039
2025-02-10,1242.4576416015625,1262.5999755859375,1265.0,1249.3499755859375,1257.199951171875,5740361
2025-02-11,1232.764892578125,1252.75,1261.8499755859375,1248.4000244140625,1255.8499755859375,6586627
2025-02-12,1231.830078125,1251.800048828125,1269.75,1244.6500244140625,1257.199951171875,8809352
2025-02-13,1228.976318359375,1248.9000244140625,1266.0,1245.9000244140625,1252.550048828125,7263785
2025-02-14,1239.9976806640625,1260.0999755859375,1263.5,1244.449951171875,1252.0999755859375,10368438
2025-02-17,1231.1904296875,1251.1500244140625,1258.1500244140625,1233.25,1251.1500244140625,8386151
2025-02-18,1223.2196044921875,1243.050048828125,1257.5999755859375,1237.050048828125,1252.9000244140625,8135042
2025-02-19,1241.5228271484375,1261.6500244140625,1264.449951171875,1230.25,1234.8499755859375,10683412
2025-02-20,1230.009521484375,1249.949951171875,1264.0,1246.75,1255.3499755859375,8398849
2025-02-21,1213.2806396484375,1232.949951171875,1244.699951171875,1224.550048828125,1241.0999755859375,7786428
2025-02-24,1198.9136962890625,1218.3499755859375,1231.9000244140625,1210.25,1226.699951171875,11522480
2025-02-25,1204.6212158203125,1224.1500244140625,1231.6500244140625,1221.0,1226.5999755859375,11059417
2025-02-27,1202.9482421875,1222.449951171875,1234.8499755859375,1218.449951171875,1225.1500244140625,12008162
2025-02-28,1184.8909912109375,1204.0999755859375,1225.0,1200.0999755859375,1216.0,20215075
2025-03-03,1186.9573974609375,1206.199951171875,1217.0,1204.1500244140625,1210.5,8158881
2025-03-04,1191.0904541015625,1210.4000244140625,1216.6500244140625,1206.25,1207.1500244140625,9574490
2025-03-05,1196.3057861328125,1215.699951171875,1225.949951171875,1211.300048828125,1217.0,9052846
2025-03-06,1198.618408203125,1218.050048828125,1227.949951171875,1209.0,1227.949951171875,11949475
2025-03-07,1195.17431640625,1214.550048828125,1217.8499755859375,1206.300048828125,1211.0999755859375,6620284
2025-03-10,1195.469482421875,1214.8499755859375,1225.800048828125,1208.0,1208.0,7363437
2025-03-11,1225.5321044921875,1245.4000244140625,1248.0,1217.199951171875,1217.199951171875,10927950
2025-03-12,1224.105224609375,1243.949951171875,1251.949951171875,1235.300048828125,1246.949951171875,11548372
2025-03-13,1230.1080322265625,1250.050048828125,1255.5999755859375,1245.300048828125,1251.050048828125,8132940
2025-03-17,1248.755615234375,1269.0,1273.949951171875,1254.75,1257.050048828125,11164812
2025-03-18,1248.755615234375,1269.0,1269.0,1269.0,1269.0,0
2025-03-19,1292.152099609375,1313.0999755859375,1318.300048828125,1302.1500244140625,1305.5999755859375,11278014
2025-03-20,1300.6148681640625,1321.699951171875,1324.25,1311.050048828125,1320.0,10886735
2025-03-21,1321.6734619140625,1343.0999755859375,1349.0,1311.5999755859375,1316.0,60494318
2025-03-24,1336.4835205078125,1358.1500244140625,1373.0,1345.050048828125,1355.949951171875,9352280
2025-03-25,1322.263916015625,1343.699951171875,1363.800048828125,1330.050048828125,1359.0,16419207
2025-03-26,1314.58837890625,1335.9000244140625,1358.0,1331.5,1344.050048828125,10859639
2025-03-27,1315.326416015625,1336.6500244140625,1351.5,1333.1500244140625,1333.1500244140625,15109614
2025-03-28,1326.8397216796875,1348.3499755859375,1357.949951171875,1327.199951171875,1336.0,8266544
2025-04-01,1297.4166259765625,1318.449951171875,1352.3499755859375,1315.4000244140625,1340.0,14288024
2025-04-02,1310.0125732421875,1331.25,1337.949951171875,1322.1500244140625,1322.1500244140625,8042214
2025-04-03,1308.3397216796875,1329.550048828125,1333.0,1321.25,1321.949951171875,4591008
2025-04-04,1313.998046875,1335.300048828125,1338.550048828125,1322.0999755859375,1329.550048828125,8648542
2025-04-07,1267.009765625,1287.550048828125,1325.0,1265.0,1295.25,19185012
2025-04-08,1279.1627197265625,1299.9000244140625,1310.050048828125,1287.3499755859375,1299.8499755859375,13085762
2025-04-09,1280.04833984375,1300.800048828125,1305.0999755859375,1284.5,1304.949951171875,13005622
2025-04-11,1290.7252197265625,1311.6500244140625,1325.0,1305.0999755859375,1305.0999755859375,13064247
2025-04-15,1328.66015625,1350.199951171875,1354.300048828125,1336.199951171875,1351.0,15202603
2025-04-16,1334.7613525390625,1356.4000244140625,1359.699951171875,1342.9000244140625,1357.0,14039073
2025-04-17,1384.2589111328125,1406.699951171875,1408.9000244140625,1360.0999755859375,1362.0,17490424
2025-04-21,1387.3094482421875,1409.800048828125,1436.0,1404.699951171875,1436.0,16882426
2025-04-22,1393.9024658203125,1416.5,1418.800048828125,1398.9000244140625,1412.800048828125,16135274
2025-04-23,1401.676513671875,1424.4000244140625,1429.9000244140625,1411.300048828125,1429.0,13990764
2025-04-24,1380.32275390625,1402.699951171875,1421.199951171875,1398.800048828125,1416.300048828125,15678099
2025-04-25,1382.3892822265625,1404.800048828125,1414.800048828125,1388.4000244140625,1410.0,11705093
2025-04-28,1406.00634765625,1428.800048828125,1435.0,1403.800048828125,1405.5999755859375,10948561
2025-04-29,1406.990478515625,1429.800048828125,1438.300048828125,1422.5999755859375,1428.800048828125,10786910
2025-04-30,1404.2349853515625,1427.0,1433.699951171875,1400.0,1433.0,14192027
2025-05-02,1407.2855224609375,1430.0999755859375,1446.5999755859375,1424.5999755859375,1426.9000244140625,8842434
2025-05-05,1406.5968017578125,1429.4000244140625,1446.800048828125,1426.0,1440.0,4565705
2025-05-06,1408.7615966796875,1431.5999755859375,1433.699951171875,1420.4000244140625,1429.0,6301690
2025-05-07,1412.5010986328125,1435.4000244140625,1442.0,1421.0,1425.0,10480453
2025-05-08,1412.599365234375,1435.5,1448.9000244140625,1426.0999755859375,1438.5999755859375,15306490
2025-05-09,1366.742919921875,1388.9000244140625,1419.9000244140625,1387.0,1415.199951171875,13491197
2025-05-12,1425.39208984375,1448.5,1453.0,1404.0,1409.4000244140625,9925445
2025-05-13,1407.777587890625,1430.5999755859375,1447.9000244140625,1427.4000244140625,1440.0999755859375,12475424
2025-05-14,1403.44775390625,1426.199951171875,1440.699951171875,1417.300048828125,1429.9000244140625,8026837
2025-05-15,1427.6553955078125,1450.800048828125,1456.5,1415.5,1425.9000244140625,18209264
2025-05-16,1430.8043212890625,1454.0,1458.699951171875,1447.0,1453.300048828125,6439208
2025-05-19,1425.8841552734375,1449.0,1459.699951171875,1443.800048828125,1446.5,6005334
2025-05-20,1415.25634765625,1438.199951171875,1459.0,1435.5,1450.199951171875,11352383
2025-05-21,1421.652587890625,1444.699951171875,1451.300048828125,1438.5,1442.9000244140625,5510460
2025-05-22,1419.0941162109375,1442.0999755859375,1445.300048828125,1427.800048828125,1441.0999755859375,7245933
2025-05-23,1426.67138671875,1449.800048828125,1451.800048828125,1434.4000244140625,1442.199951171875,5203706
2025-05-26,1437.2989501953125,1460.5999755859375,1471.5999755859375,1455.0,1458.0,5608725
2025-05-27,1423.3255615234375,1446.4000244140625,1463.0,1435.699951171875,1452.5,14842959
2025-05-28,1430.6075439453125,1453.800048828125,1458.0,1442.5,1447.5999755859375,8618343
2025-05-29,1433.264404296875,1456.5,1462.9000244140625,1445.0,1456.5999755859375,15545514
2025-05-30,1422.7352294921875,1445.800048828125,1460.9000244140625,1444.300048828125,1459.9000244140625,11803975
2025-06-02,1427.360107421875,1450.5,1460.0,1432.800048828125,1442.0,9458990
2025-06-03,1414.961181640625,1437.9000244140625,1455.0,1432.0,1454.9000244140625,11167345
2025-06-04,1408.171142578125,1431.0,1440.0999755859375,1426.4000244140625,1437.4000244140625,8025388
2025-06-05,1431.5916748046875,1454.800048828125,1459.0,1427.300048828125,1430.9000244140625,11385668
2025-06-06,1436.413330078125,1459.699951171875,1461.4000244140625,1442.0999755859375,1448.5999755859375,11580994
2025-06-09,1411.91064453125,1434.800048828125,1466.800048828125,1433.4000244140625,1465.0,11022031
2025-06-10,1400.200439453125,1422.9000244140625,1441.699951171875,1416.5,1439.0,12905272
2025-06-11,1408.171142578125,1431.0,1434.5,1418.5999755859375,1421.800048828125,7136877
2025-06-12,1402.4637451171875,1425.199951171875,1436.5,1420.0,1430.5,7953247
2025-06-13,1393.5089111328125,1416.0999755859375,1421.5,1403.5999755859375,1403.5999755859375,7573103
2025-06-16,1404.1365966796875,1426.9000244140625,1429.0,1414.199951171875,1416.5999755859375,5451137
2025-06-17,1400.4957275390625,1423.199951171875,1429.800048828125,1417.800048828125,1426.9000244140625,6970098
2025-06-18,1390.0648193359375,1412.5999755859375,1432.0,1410.199951171875,1417.0,6751745
2025-06-19,1388.78564453125,1411.300048828125,1414.699951171875,1404.699951171875,1408.0,8849883
2025-06-20,1404.33349609375,1427.0999755859375,1433.300048828125,1410.199951171875,1411.300048828125,12408178
2025-06-23,1397.445068359375,1420.0999755859375,1423.199951171875,1411.9000244140625,1417.0,5514384
2025-06-24,1401.38134765625,1424.0999755859375,1435.9000244140625,1416.5,1427.699951171875,11188438
2025-06-25,1403.0543212890625,1425.800048828125,1428.9000244140625,1415.300048828125,1422.0,7527388
2025-06-26,1416.14208984375,1439.0999755859375,1447.5,1421.699951171875,1424.800048828125,13617435
2025-06-27,1438.87353515625,1462.199951171875,1466.0,1437.0999755859375,1438.9000244140625,22532899
2025-06-30,1422.7352294921875,1445.800048828125,1461.9000244140625,1442.300048828125,1461.800048828125,6325073
2025-07-01,1409.1552734375,1432.0,1447.5999755859375,1429.5999755859375,1445.699951171875,7761449
2025-07-02,1405.0223388671875,1427.800048828125,1451.0,1422.5999755859375,1432.199951171875,13372280
2025-07-03,1403.1527099609375,1425.9000244140625,1446.0999755859375,1423.699951171875,1432.0999755859375,10177738
2025-07-04,1419.782958984375,1442.800048828125,1444.4000244140625,1421.0999755859375,1427.0,5066503
2025-07-07,1412.7962646484375,1435.699951171875,1440.9000244140625,1429.5999755859375,1437.0,5177477
2025-07-08,1418.9957275390625,1442.0,1445.0,1430.0,1432.0,5315847
2025-07-09,1409.056884765625,1431.9000244140625,1438.699951171875,1426.5999755859375,1436.199951171875,8827347
2025-07-10,1401.38134765625,1424.0999755859375,1439.0,1422.0999755859375,1436.800048828125,7795964
2025-07-11,1399.2164306640625,1421.9000244140625,1428.0,1414.5999755859375,1422.0,7158015
2025-07-14,1400.298828125,1423.0,1424.9000244140625,1416.0999755859375,1424.9000244140625,5846154
2025-07-15,1407.9744873046875,1430.800048828125,1433.800048828125,1419.0,1421.0999755859375,6041457
2025-07-16,1403.6446533203125,1426.4000244140625,1429.199951171875,1419.0999755859375,1426.0,5649093
2025-07-17,1396.0673828125,1418.699951171875,1423.199951171875,1409.5,1421.0,12927394
2025-07-18,1403.0543212890625,1425.800048828125,1429.0,1408.5,1415.800048828125,11297246
2025-07-21,1442.4161376953125,1465.800048828125,1467.699951171875,1437.0,1448.0,13867136
2025-07-22,1450.0916748046875,1473.5999755859375,1482.0,1469.699951171875,1474.0999755859375,8930165
2025-07-23,1464.8524169921875,1488.5999755859375,1490.0,1472.5999755859375,1482.9000244140625,11974174
2025-07-24,1459.7353515625,1483.4000244140625,1488.699951171875,1478.0999755859375,1487.699951171875,6700578
2025-07-25,1453.5357666015625,1477.0999755859375,1500.0,1473.5999755859375,1500.0,8696077
2025-07-28,1464.655517578125,1488.4000244140625,1493.800048828125,1477.0999755859375,1477.0999755859375,7507479
2025-07-29,1462.4906005859375,1486.199951171875,1489.800048828125,1475.4000244140625,1479.9000244140625,9776027
2025-07-30,1458.751220703125,1482.4000244140625,1488.5,1477.300048828125,1487.699951171875,7238625
2025-07-31,1457.7672119140625,1481.4000244140625,1494.5,1464.0,1469.9000244140625,12406146
2025-08-01,1448.12353515625,1471.5999755859375,1485.0999755859375,1469.800048828125,1480.4000244140625,4416771
2025-08-04,1439.8575439453125,1463.199951171875,1478.800048828125,1461.300048828125,1476.800048828125,6140054
2025-08-05,1421.3575439453125,1444.4000244140625,1461.5,1441.0,1453.0,14799343
2025-08-06,1420.5703125,1443.5999755859375,1454.0,1441.5999755859375,1442.300048828125,7805252
2025-08-07,1417.322998046875,1440.300048828125,1447.9000244140625,1429.0999755859375,1441.0999755859375,7432535
2025-08-08,1412.9931640625,1435.9000244140625,1447.5999755859375,1432.0,1445.9000244140625,5415511
2025-08-11,1413.681884765625,1436.5999755859375,1438.4000244140625,1420.4000244140625,1427.9000244140625,8492484
2025-08-12,1410.112060546875,1422.0,1433.800048828125,1420.0999755859375,1431.0,5913947
2025-08-13,1408.922119140625,1420.800048828125,1427.699951171875,1415.199951171875,1424.5999755859375,9009465
2025-08-14,1415.3677978515625,1427.300048828125,1431.0999755859375,1412.0,1412.0,7577793
2025-08-18,1422.606689453125,1434.5999755859375,1452.4000244140625,1431.0,1450.0,6908844
2025-08-19,1424.29248046875,1436.300048828125,1438.5,1426.300048828125,1431.0999755859375,6709554
2025-08-20,1418.64013671875,1430.5999755859375,1435.9000244140625,1423.0,1432.5999755859375,5817858
2025-08-21,1433.911376953125,1446.0,1447.800048828125,1436.4000244140625,1440.0999755859375,6238645
2025-08-22,1424.3917236328125,1436.4000244140625,1446.0,1429.4000244140625,1444.300048828125,6657207
2025-08-25,1421.2183837890625,1433.199951171875,1435.9000244140625,1424.0,1435.9000244140625,6738427
2025-08-26,1404.7572021484375,1416.5999755859375,1427.9000244140625,1413.0999755859375,1427.9000244140625,8720155
2025-08-28,1387.4034423828125,1399.0999755859375,1411.800048828125,1396.300048828125,1408.0,12990789
2025-08-29,1386.1143798828125,1397.800048828125,1405.0,1392.0999755859375,1392.0999755859375,8519507
2025-09-01,1399.2039794921875,1411.0,1412.4000244140625,1398.0999755859375,1398.0999755859375,4927348
2025-09-02,1382.54443359375,1394.199951171875,1413.9000244140625,1390.0,1413.9000244140625,7163073
2025-09-03,1385.321044921875,1397.0,1400.0,1384.199951171875,1389.0,9813382
2025-09-04,1393.75,1405.5,1415.0999755859375,1401.9000244140625,1409.9000244140625,10564859
2025-09-05,1391.0726318359375,1402.800048828125,1411.5,1387.699951171875,1411.0,6621077
2025-09-08,1390.973388671875,1402.699951171875,1410.5999755859375,1397.5999755859375,1402.199951171875,5880943
2025-09-09,1391.9649658203125,1403.699951171875,1407.5,1395.199951171875,1399.0,6470679
2025-09-10,1392.163330078125,1403.9000244140625,1413.699951171875,1402.0999755859375,1410.0,7452347
2025-09-11,1389.882568359375,1401.5999755859375,1408.0,1396.0,1398.0,10192026
2025-09-12,1405.847900390625,1417.699951171875,1419.699951171875,1400.0999755859375,1405.0999755859375,7770038
2025-09-15,1407.5338134765625,1419.4000244140625,1426.800048828125,1416.300048828125,1422.0,5845637
2025-09-16,1409.71533203125,1421.5999755859375,1424.9000244140625,1413.699951171875,1414.0,8213151
2025-09-17,1407.33544921875,1419.199951171875,1426.0999755859375,1416.4000244140625,1420.0999755859375,7484283
2025-09-18,1409.814453125,1421.699951171875,1432.800048828125,1415.300048828125,1431.0999755859375,8130537
2025-09-19,1390.4775390625,1402.199951171875,1418.0,1400.199951171875,1416.0999755859375,13457344
2025-09-22,1389.783447265625,1401.5,1409.9000244140625,1397.199951171875,1403.9000244140625,8847948
2025-09-23,1382.6436767578125,1394.300048828125,1403.300048828125,1391.0,1391.0,12827524
2025-09-24,1371.1405029296875,1382.699951171875,1390.9000244140625,1376.5,1386.4000244140625,9735678
2025-09-25,1364.29833984375,1375.800048828125,1391.5,1371.800048828125,1377.0,21613389
2025-09-26,1348.233642578125,1359.5999755859375,1372.699951171875,1357.0,1368.0,18342280
2025-09-29,1336.829833984375,1348.0999755859375,1366.5,1346.199951171875,1359.5999755859375,20563163
2025-09-30,1336.730712890625,1348.0,1356.5999755859375,1342.5999755859375,1353.699951171875,20166871
2025-10-01,1360.530029296875,1372.0,1379.4000244140625,1347.0999755859375,1348.0,20952632
2025-10-03,1353.786865234375,1365.199951171875,1371.9000244140625,1361.300048828125,1371.9000244140625,12163695
2025-10-06,1352.001953125,1363.4000244140625,1372.5999755859375,1359.0999755859375,1371.0,14314283
2025-10-07,1364.3974609375,1375.9000244140625,1383.0999755859375,1363.5999755859375,1363.5999755859375,16126464
2025-10-08,1358.8443603515625,1370.300048828125,1381.5999755859375,1364.300048828125,1372.300048828125,8100832
2025-10-09,1364.69482421875,1376.199951171875,1378.699951171875,1365.0999755859375,1369.800048828125,7909575
2025-10-10,1368.7607421875,1380.300048828125,1385.0,1370.300048828125,1370.300048828125,7673816
2025-10-13,1367.8681640625,1379.4000244140625,1386.4000244140625,1373.0999755859375,1373.0999755859375,8923018
2025-10-14,1372.52880859375,1384.0999755859375,1389.0,1375.0999755859375,1389.0,10610855
2025-10-15,1386.7093505859375,1398.4000244140625,1400.4000244140625,1385.5,1386.5,8988550
2025-10-16,1405.451416015625,1417.300048828125,1418.9000244140625,1399.4000244140625,1401.0,12185032
2025-10-17,1424.5899658203125,1436.5999755859375,1439.5999755859375,1410.9000244140625,1412.0,17037215
2025-10-20,1378.6771240234375,1390.300048828125,1445.0,1389.199951171875,1442.0,23330227
2025-10-21,1370.4464111328125,1382.0,1387.5999755859375,1375.9000244140625,1384.5,3415560
2025-10-23,1352.2994384765625,1363.699951171875,1389.800048828125,1360.0999755859375,1385.0,21124942
2025-10-24,1366.182373046875,1377.699951171875,1381.5999755859375,1368.0999755859375,1368.0999755859375,10570263
2025-10-27,1366.083251953125,1377.5999755859375,1386.800048828125,1374.0,1382.0999755859375,11499836
2025-10-28,1351.7044677734375,1363.0999755859375,1375.800048828125,1356.199951171875,1373.0,26477914
2025-10-29,1358.9434814453125,1370.4000244140625,1371.699951171875,1358.4000244140625,1364.5999755859375,16129382
2025-10-30,1351.0103759765625,1362.4000244140625,1370.199951171875,1361.300048828125,1362.4000244140625,9324401
2025-10-31,1334.0533447265625,1345.300048828125,1362.0,1343.300048828125,1357.0,15926798
2025-11-03,1335.14404296875,1346.4000244140625,1351.5999755859375,1337.9000244140625,1340.5,11071450
2025-11-04,1325.7235107421875,1336.9000244140625,1349.800048828125,1333.199951171875,1342.5999755859375,15211183
2025-11-06,1309.3614501953125,1320.4000244140625,1342.199951171875,1317.4000244140625,1330.0,24221853
2025-11-07,1331.7724609375,1343.0,1344.300048828125,1318.5999755859375,1320.4000244140625,7719245
2025-11-10,1336.730712890625,1348.0,1349.5999755859375,1341.0,1342.9000244140625,8542340
2025-11-11,1346.944580078125,1358.300048828125,1360.4000244140625,1346.199951171875,1349.0,8305184
2025-11-12,1347.53955078125,1358.9000244140625,1370.0,1355.4000244140625,1370.0,9736761
2025-11-13,1374.3138427734375,1385.9000244140625,1390.4000244140625,1358.5,1358.9000244140625,18296626
2025-11-14,1361.521728515625,1373.0,1381.199951171875,1363.199951171875,1374.0,9694498
2025-11-17,1367.4715576171875,1379.0,1382.5,1373.5999755859375,1375.0999755859375,7660717
2025-11-18,1361.9183349609375,1373.4000244140625,1382.800048828125,1369.0999755859375,1380.199951171875,9529560
2025-11-19,1371.5372314453125,1383.0999755859375,1384.0,1371.5999755859375,1373.5,10393918
2025-11-20,1371.4381103515625,1383.0,1388.300048828125,1375.4000244140625,1380.0999755859375,10131863
2025-11-21,1358.0509033203125,1369.5,1376.0,1364.5999755859375,1373.0,11483595
2025-11-24,1356.960205078125,1368.4000244140625,1377.0,1361.5,1373.300048828125,15896003
2025-11-25,1346.4488525390625,1357.800048828125,1376.9000244140625,1354.300048828125,1365.0,12235000
2025-11-26,1363.5050048828125,1375.0,1377.0,1359.9000244140625,1360.0,9659004
2025-11-27,1380.5611572265625,1392.199951171875,1394.0,1375.699951171875,1379.0,15158741
2025-11-28,1377.189697265625,1388.800048828125,1398.5,1385.5999755859375,1392.0,7683986
2025-12-01,1378.478759765625,1390.0999755859375,1400.0,1385.4000244140625,1394.0,8867593
2025-12-02,1361.521728515625,1373.0,1381.800048828125,1370.5999755859375,1381.800048828125,12126396
2025-12-03,1379.8670654296875,1391.5,1394.199951171875,1367.0,1367.0,7955933
2025-12-04,1375.1070556640625,1386.699951171875,1391.5999755859375,1379.9000244140625,1387.0,7373909
2025-12-05,1380.858642578125,1392.5,1395.300048828125,1381.0,1381.0,4942638
2025-12-08,1377.98291015625,1389.5999755859375,1394.9000244140625,1383.300048828125,1387.0,7826227
2025-12-09,1363.7032470703125,1375.199951171875,1384.300048828125,1373.4000244140625,1379.9000244140625,10492030
2025-12-10,1352.2001953125,1363.5999755859375,1379.4000244140625,1357.9000244140625,1377.9000244140625,8725381
2025-12-11,1348.63037109375,1360.0,1366.5999755859375,1352.800048828125,1363.699951171875,6734750
2025-12-12,1354.5802001953125,1366.0,1370.699951171875,1363.300048828125,1368.0,3890885
2025-12-15,1353.786865234375,1365.199951171875,1370.0,1356.0999755859375,1356.0999755859375,5342530
2025-12-16,1354.5802001953125,1366.0,1368.699951171875,1355.5,1364.0,12359741
2025-12-17,1341.0938720703125,1352.4000244140625,1365.0,1343.0999755859375,1365.0,9440391
2025-12-18,1345.4571533203125,1356.800048828125,1369.5,1345.5,1346.300048828125,7314573
2025-12-19,1342.7796630859375,1354.0999755859375,1360.4000244140625,1350.800048828125,1354.0,14318512
2025-12-22,1357.059326171875,1368.5,1371.300048828125,1354.800048828125,1358.0,9375294
2025-12-23,1351.605224609375,1363.0,1365.0,1357.0,1361.0999755859375,9105467
2025-12-24,1348.43212890625,1359.800048828125,1368.199951171875,1357.5999755859375,1363.800048828125,8955140
2025-12-26,1339.110595703125,1350.4000244140625,1362.0,1348.5,1356.5,2812144
2025-12-29,1332.070068359375,1343.300048828125,1355.699951171875,1341.5,1352.0999755859375,6057201
2025-12-30,1331.276611328125,1342.5,1347.0999755859375,1338.0999755859375,1343.300048828125,18621277
2025-12-31,1331.67333984375,1342.9000244140625,1350.0,1339.5,1342.800048828125,6150634
2026-01-01,1326.8143310546875,1338.0,1348.4000244140625,1336.0,1343.9000244140625,4179311
2026-01-02,1344.06884765625,1355.4000244140625,1356.9000244140625,1336.300048828125,1338.0,8226205
2026-01-05,1360.0341796875,1371.5,1375.5,1352.5999755859375,1354.199951171875,6920565
2026-01-06,1399.4022216796875,1411.199951171875,1413.5999755859375,1366.0,1372.0,17260416
2026-01-07,1415.7642822265625,1427.699951171875,1429.9000244140625,1404.199951171875,1408.0,15813795
2026-01-08,1423.00341796875,1435.0,1442.199951171875,1423.300048828125,1429.0,14861699
2026-01-09,1392.56005859375,1404.300048828125,1429.5,1401.5,1427.0999755859375,12555636
2026-01-12,1401.286376953125,1413.0999755859375,1424.300048828125,1391.699951171875,1399.9000244140625,10923811
2026-01-13,1424.9866943359375,1437.0,1441.800048828125,1411.0999755859375,1420.0,14295581
2026-01-14,1406.5421142578125,1418.4000244140625,1443.9000244140625,1414.9000244140625,1425.5999755859375,13832255
2026-01-15,1406.5421142578125,1418.4000244140625,1418.4000244140625,1418.4000244140625,1418.4000244140625,0
2026-01-16,1399.0057373046875,1410.800048828125,1429.0,1400.199951171875,1417.9000244140625,12530886
2026-01-19,1369.05810546875,1380.5999755859375,1400.0,1360.0,1399.9000244140625,23302883
2026-01-20,1364.29833984375,1375.800048828125,1387.800048828125,1371.5,1374.699951171875,15012785
2026-01-21,1337.7222900390625,1349.0,1371.5,1339.5,1367.5,21766068
2026-01-22,1334.2515869140625,1345.5,1358.0,1338.0,1355.0999755859375,17179765
2026-01-23,1332.169189453125,1343.4000244140625,1355.199951171875,1335.699951171875,1340.5,14056524
2026-01-27,1350.0186767578125,1361.4000244140625,1369.0999755859375,1328.5999755859375,1340.0,25263634
2026-01-28,1356.2659912109375,1367.699951171875,1380.4000244140625,1362.5999755859375,1362.5999755859375,13242696
2026-01-29,1372.0330810546875,1383.5999755859375,1387.699951171875,1354.4000244140625,1359.0,23118234
2026-01-30,1343.672119140625,1355.0,1381.9000244140625,1353.199951171875,1368.199951171875,24013717
2026-02-02,1341.4906005859375,1352.800048828125,1354.4000244140625,1329.0999755859375,1329.9000244140625,12800245
2026-02-03,1378.08203125,1389.699951171875,1417.0,1373.4000244140625,1412.0,24896698
2026-02-04,1396.625732421875,1408.4000244140625,1414.0,1386.9000244140625,1387.0,11080683
2026-02-05,1384.8251953125,1396.5,1414.0,1393.199951171875,1414.0,8982761
2026-02-06,1394.344970703125,1406.0999755859375,1410.5,1394.699951171875,1396.699951171875,10851190
2026-02-09,1384.626953125,1396.300048828125,1414.0,1388.800048828125,1413.5,7889742
2026-02-10,1394.7415771484375,1406.5,1409.5,1395.5,1401.0,16497628
2026-02-11,1394.344970703125,1406.0999755859375,1413.0,1400.4000244140625,1407.4000244140625,8551341
2026-02-12,1418.045166015625,1430.0,1433.0,1405.300048828125,1406.0999755859375,19646265
2026-02-13,1402.77392578125,1414.5999755859375,1434.4000244140625,1410.699951171875,1425.300048828125,12228083
2026-02-16,1399.7989501953125,1411.5999755859375,1414.0,1400.5,1404.0,5000042
2026-02-17,1395.7332763671875,1407.5,1413.5999755859375,1393.5999755859375,1406.199951171875,11756187
2026-02-18,1396.4273681640625,1408.199951171875,1412.300048828125,1398.9000244140625,1410.0999755859375,4758071
2026-02-19,1377.189697265625,1388.800048828125,1412.300048828125,1384.800048828125,1408.5,14323091
2026-02-20,1382.8419189453125,1394.5,1403.699951171875,1384.0,1388.5,10337877
2026-02-23,1387.7010498046875,1399.4000244140625,1408.300048828125,1395.300048828125,1400.0,10728445
2026-02-24,1373.2230224609375,1384.800048828125,1400.9000244140625,1382.300048828125,1400.9000244140625,18274784
2026-02-25,1388.791748046875,1400.5,1407.4000244140625,1388.199951171875,1391.800048828125,16297015
2026-02-26,1393.155029296875,1404.9000244140625,1410.0,1392.0999755859375,1405.0999755859375,27288792
2026-02-27,1367.3724365234375,1378.9000244140625,1402.199951171875,1376.699951171875,1400.0,15096898
2026-03-02,1362.5133056640625,1374.0,1379.199951171875,1355.0,1355.0,16928683
2026-03-04,1353.9852294921875,1365.4000244140625,1376.0,1326.0,1326.0,20009132
2026-03-05,1346.2503662109375,1357.5999755859375,1370.800048828125,1347.5999755859375,1368.9000244140625,17590491
2026-03-06,1302.419921875,1313.4000244140625,1357.5999755859375,1310.4000244140625,1339.0,22778852
2026-03-09,1267.7125244140625,1278.4000244140625,1282.699951171875,1251.0999755859375,1272.699951171875,16116652
2026-03-10,1300.9324951171875,1311.9000244140625,1315.0,1285.5999755859375,1287.5999755859375,19136143
2026-03-11,1283.777099609375,1294.5999755859375,1306.5,1290.9000244140625,1300.0,13224259
2026-03-12,1255.9119873046875,1266.5,1280.5,1258.300048828125,1275.699951171875,19676187
2026-03-13,1244.3099365234375,1254.800048828125,1262.300048828125,1248.699951171875,1251.9000244140625,17344394
2026-03-16,1262.258544921875,1272.9000244140625,1276.800048828125,1240.0999755859375,1255.0,22740688
2026-03-17,1277.9263916015625,1288.699951171875,1294.4000244140625,1273.0,1278.9000244140625,22303102
2026-03-18,1278.521484375,1289.300048828125,1297.0999755859375,1270.800048828125,1286.0,12961135
2026-03-19,1239.6490478515625,1250.0999755859375,1285.9000244140625,1243.699951171875,1267.5999755859375,14422899
2026-03-20,1234.9884033203125,1245.4000244140625,1274.0,1241.699951171875,1258.4000244140625,16421006
2026-03-23,1212.4781494140625,1222.699951171875,1234.9000244140625,1218.0999755859375,1226.5999755859375,17049534
2026-03-24,1240.7398681640625,1251.199951171875,1253.9000244140625,1223.699951171875,1237.0999755859375,20617782
2026-03-25,1249.1688232421875,1259.699951171875,1272.9000244140625,1254.4000244140625,1258.9000244140625,17290030
2026-03-27,1223.4854736328125,1233.800048828125,1260.9000244140625,1230.0999755859375,1256.0,23630905
2026-03-30,1195.8187255859375,1205.9000244140625,1222.5999755859375,1200.4000244140625,1216.5,23952775
2026-04-01,1202.561767578125,1212.699951171875,1234.0,1210.0,1228.0999755859375,25472333
2026-04-02,1205.635986328125,1215.800048828125,1222.0999755859375,1187.5999755859375,1196.0,20851722
2026-04-06,1221.10546875,1231.4000244140625,1234.4000244140625,1200.5,1213.0,10058414
2026-04-07,1235.0875244140625,1245.5,1250.4000244140625,1216.5999755859375,1229.0,25600557
2026-04-08,1298.2550048828125,1309.199951171875,1333.5,1292.4000244140625,1310.0,25148651
2026-04-09,1270.58837890625,1281.300048828125,1308.0,1275.9000244140625,1299.9000244140625,22923062
2026-04-10,1310.848876953125,1321.9000244140625,1324.0,1288.5,1289.0,18174755
2026-04-13,1339.8046875,1351.0999755859375,1357.0,1296.699951171875,1304.9000244140625,30572141
2026-04-15,1336.829833984375,1348.0999755859375,1364.800048828125,1338.0,1358.0,23827473
2026-04-16,1334.2515869140625,1345.5,1366.9000244140625,1340.199951171875,1352.0,24017236
2026-04-17,1335.540771484375,1346.800048828125,1352.9000244140625,1334.0,1347.0,18151993
2026-04-20,1344.862060546875,1356.199951171875,1376.4000244140625,1353.0,1364.699951171875,21551520
2026-04-21,1376.79296875,1388.4000244140625,1393.0999755859375,1360.0,1368.0,23312455
2026-04-22,1356.166748046875,1367.5999755859375,1380.0999755859375,1365.0,1380.0,13613487
2026-04-23,1336.730712890625,1348.0,1354.0,1343.5,1348.4000244140625,20111792
2026-04-24,1315.1129150390625,1326.199951171875,1348.800048828125,1324.0,1336.300048828125,14056743
2026-04-27,1303.114013671875,1314.0999755859375,1335.9000244140625,1310.9000244140625,1327.9000244140625,15385625
2026-04-28,1281.1988525390625,1292.0,1317.699951171875,1286.699951171875,1314.300048828125,16774778
2026-04-29,1270.290771484375,1281.0,1296.800048828125,1276.199951171875,1294.699951171875,11716030
2026-04-30,1252.8380126953125,1263.4000244140625,1272.199951171875,1259.0,1261.0,17740110
2026-05-01,1252.8380126953125,1263.4000244140625,1263.4000244140625,1263.4000244140625,1263.4000244140625,0
2026-05-04,1260.1761474609375,1270.800048828125,1282.199951171875,1264.300048828125,1264.300048828125,14597051
2026-05-05,1240.839111328125,1251.300048828125,1266.699951171875,1245.5,1264.0,24447935
2026-05-06,1268.8033447265625,1279.5,1282.800048828125,1252.0999755859375,1262.0,22909586
2026-05-07,1268.3074951171875,1279.0,1294.0,1273.199951171875,1284.699951171875,25028552
2026-05-08,1254.226318359375,1264.800048828125,1279.5999755859375,1261.199951171875,1279.5999755859375,11137424
2026-05-11,1255.8128662109375,1266.4000244140625,1275.699951171875,1252.0,1259.4000244140625,18980488
2026-05-12,1229.93115234375,1240.300048828125,1259.9000244140625,1236.300048828125,1256.0,21110708
2026-05-13,1225.2703857421875,1235.5999755859375,1249.199951171875,1227.199951171875,1238.300048828125,19490295
2026-05-14,1235.5833740234375,1246.0,1256.699951171875,1236.0,1239.0999755859375,16535600
2026-05-15,1234.095947265625,1244.5,1258.0,1242.0,1246.5999755859375,11745614
2026-05-18,1240.6407470703125,1251.0999755859375,1253.699951171875,1232.0,1235.5,13918850
2026-05-19,1230.4268798828125,1240.800048828125,1256.300048828125,1229.800048828125,1251.0999755859375,38929053
2026-05-20,1226.9561767578125,1237.300048828125,1239.699951171875,1223.300048828125,1230.0,14953103
2026-05-21,1232.41015625,1242.800048828125,1248.300048828125,1234.4000244140625,1245.300048828125,14394386
2026-05-22,1253.73046875,1264.300048828125,1270.800048828125,1242.0,1242.0,11601085
2026-05-25,1281.0006103515625,1291.800048828125,1293.5,1270.9000244140625,1271.0,13853923
2026-05-26,1268.4066162109375,1279.0999755859375,1301.800048828125,1276.199951171875,1290.0,18400405
2026-05-27,1262.0601806640625,1272.699951171875,1293.4000244140625,1266.699951171875,1286.0,18366272
2026-05-28,1262.0601806640625,1272.699951171875,1272.699951171875,1272.699951171875,1272.699951171875,0
2026-05-29,1245.896484375,1256.4000244140625,1287.800048828125,1247.9000244140625,1275.0999755859375,31007884
2026-06-01,1229.3360595703125,1239.699951171875,1261.9000244140625,1235.9000244140625,1257.0999755859375,9911975
2026-06-02,1216.3455810546875,1226.5999755859375,1237.699951171875,1220.699951171875,1233.0,17920892
2026-06-03,1231.6168212890625,1242.0,1248.300048828125,1213.699951171875,1219.9000244140625,13934754
2026-06-04,1241.2357177734375,1251.699951171875,1262.300048828125,1232.199951171875,1232.199951171875,19461560
2026-06-05,1251.548828125,1262.0999755859375,1265.0,1250.0,1257.0,10166393
2026-06-08,1239.748291015625,1250.199951171875,1254.0,1243.0999755859375,1246.4000244140625,10714196
2026-06-09,1264.3409423828125,1275.0,1279.9000244140625,1252.699951171875,1255.0,22368579
2026-06-10,1282.488037109375,1293.300048828125,1306.0,1271.300048828125,1271.300048828125,25951584
2026-06-11,1305.9898681640625,1317.0,1333.0,1286.5,1286.5,35919374
2026-06-12,1329.5909423828125,1340.800048828125,1344.300048828125,1318.699951171875,1330.0,18339846
2026-06-15,1316.501220703125,1327.5999755859375,1362.699951171875,1325.300048828125,1354.5999755859375,16172921
2026-06-16,1323.145263671875,1334.300048828125,1337.300048828125,1326.300048828125,1331.9000244140625,13069159
2026-06-17,1325.6243896484375,1336.800048828125,1346.0,1333.4000244140625,1342.0,8026424
2026-06-18,1331.078369140625,1342.300048828125,1346.9000244140625,1331.4000244140625,1333.5999755859375,13467985
2026-06-19,1335.2431640625,1346.5,1352.300048828125,1332.0,1340.5,9057322
2026-06-22,1341.0938720703125,1352.4000244140625,1362.699951171875,1348.4000244140625,1353.0,4814845
2026-06-23,1327.11181640625,1338.300048828125,1369.0999755859375,1331.5,1358.0,11884879
2026-06-24,1362.11669921875,1373.5999755859375,1377.5999755859375,1340.5999755859375,1340.5999755859375,16440708
2026-06-25,1375.9005126953125,1387.5,1404.0,1380.0999755859375,1381.9000244140625,17173209
2026-06-26,1375.9005126953125,1387.5,1387.5,1387.5,1387.5,0
2026-06-29,1375.9996337890625,1387.5999755859375,1402.0,1383.199951171875,1390.0,13249405
2026-06-30,1363.7032470703125,1375.199951171875,1402.0,1366.0999755859375,1402.0,18398057
2026-07-01,1368.264892578125,1379.800048828125,1385.0999755859375,1367.699951171875,1371.4000244140625,11948034
2026-07-02,1388.2960205078125,1400.0,1405.0,1376.800048828125,1381.9000244140625,15779429
2026-07-03,1399.6007080078125,1411.4000244140625,1420.0,1405.9000244140625,1414.0,12901785
2026-07-06,1414.9710693359375,1426.9000244140625,1431.5999755859375,1411.5999755859375,1412.0,12306949
2026-07-07,1402.873046875,1414.699951171875,1433.0,1410.0,1431.5999755859375,15664178
2026-07-08,1369.05810546875,1380.5999755859375,1418.300048828125,1375.9000244140625,1410.300048828125,10573142
2026-07-09,1369.1572265625,1380.699951171875,1403.5999755859375,1377.300048828125,1382.9000244140625,13948838
2026-07-10,1389.48583984375,1401.199951171875,1408.199951171875,1389.5999755859375,1389.699951171875,6409645
2026-07-13,1397.716552734375,1409.5,1413.0,1386.300048828125,1393.5,10091437
2026-07-14,1395.9315185546875,1407.699951171875,1411.800048828125,1392.0,1400.0,14133017
2026-07-15,1404.3604736328125,1416.199951171875,1428.0,1409.199951171875,1412.9000244140625,12961648
2026-07-16,1406.34375,1418.199951171875,1423.699951171875,1406.199951171875,1420.0999755859375,10165264
2026-07-17,1432.2257080078125,1444.300048828125,1455.0999755859375,1419.699951171875,1422.0999755859375,11112550
2026-07-20,1447.99267578125,1460.199951171875,1480.0,1439.5,1444.5,22236415
2026-07-21,1450.868408203125,1463.0999755859375,1473.9000244140625,1456.5999755859375,1470.0,18269907
2026-07-22,1428.6556396484375,1440.699951171875,1466.4000244140625,1438.4000244140625,1466.4000244140625,8345136
2026-07-23,1422.606689453125,1434.5999755859375,1446.0,1426.5999755859375,1432.5,12409328
2026-07-24,1420.9208984375,1432.9000244140625,1440.0,1415.4000244140625,1428.0,10870914
2026-07-27,1433.6138916015625,1445.699951171875,1449.0,1428.800048828125,1435.699951171875,10608300
2026-07-28,1418.8385009765625,1430.800048828125,1445.9000244140625,1417.5999755859375,1442.300048828125,19486209
2026-07-29,1425.879150390625,1437.9000244140625,1448.5,1428.5,1442.5,10856166
2026-07-30,1421.91259765625,1433.9000244140625,1442.199951171875,1422.5999755859375,1431.0999755859375,14141173
2026-07-31,1423.4000244140625,1435.4000244140625,1441.9000244140625,1431.4000244140625,1434.300048828125,8752440
2026-08-03,1460.0,1460.0,1460.0,1433.0,1442.0,7706747
2026-08-04,1454.5999755859375,1454.5999755859375,1454.5999755859375,1430.800048828125,1452.0,11458963
2026-08-05,1450.0999755859375,1450.0999755859375,1454.5999755859375,1431.199951171875,1454.5999755859375,11723296
2026-08-06,1457.5,1457.5,1460.0,1448.300048828125,1460.0,14954726
2026-08-07,1421.0,1421.0,1455.0,1418.199951171875,1451.0,14395789
2026-08-10,1431.800048828125,1431.800048828125,1441.9000244140625,1415.5,1428.0999755859375,12749354
2026-08-11,1429.5999755859375,1429.5999755859375,1434.0,1412.199951171875,1432.0999755859375,10471914
2026-08-12,1431.699951171875,1431.699951171875,1435.0,1418.5999755859375,1429.4000244140625,8201733
2026-08-13,1406.800048828125,1406.800048828125,1429.0,1406.4000244140625,1429.0,11408206
2026-08-14,1417.0,1417.0,1417.800048828125,1401.0,1403.0,6097934
2026-08-17,1415.300048828125,1415.300048828125,1423.5999755859375,1407.0,1418.0,5605603
2026-08-18,1412.0,1412.0,1416.5999755859375,1406.300048828125,1410.0,8345198
2026-08-19,1402.0,1402.0,1416.0,1391.5,1412.0,10304210
2026-08-20,1411.9000244140625,1411.9000244140625,1413.0,1403.300048828125,1407.800048828125,8425049
2026-08-21,1420.0,1420.0,1420.0,1411.199951171875,1417.0,4565280
2026-08-24,1415.0,1415.0,1425.5,1408.699951171875,1420.5,5307113
2026-08-25,1422.699951171875,1422.699951171875,1424.9000244140625,1408.0,1408.0,7983249
2026-08-26,1430.0,1430.0,1446.0,1423.0999755859375,1423.0999755859375,4177066
