Price,Adj Close,Close,High,Low,Open,Volume
Ticker,MAXHEALTH.NS,MAXHEALTH.NS,MAXHEALTH.NS,MAXHEALTH.NS,MAXHEALTH.NS,MAXHEALTH.NS
Date,,,,,,
2020-08-21,111.04622650146484,111.75,111.75,106.44999694824219,106.44999694824219,807716
2020-08-24,116.561279296875,117.30000305175781,117.30000305175781,117.30000305175781,117.30000305175781,56263
2020-08-25,122.37444305419922,123.1500015258789,123.1500015258789,123.1500015258789,123.1500015258789,45326
2020-08-26,123.21907043457031,124.0,129.3000030517578,117.0,129.3000030517578,3240477
2020-08-27,117.0581283569336,117.80000305175781,123.0,117.80000305175781,123.0,771809
2020-08-28,111.24496459960938,111.94999694824219,117.0,111.94999694824219,111.94999694824219,820058
2020-08-31,105.72991943359375,106.4000015258789,107.30000305175781,106.4000015258789,107.19999694824219,519749
2020-09-01,105.03433227539062,105.69999694824219,110.5,101.0999984741211,101.0999984741211,803353
2020-09-02,105.77960205078125,106.44999694824219,110.0,101.0999984741211,101.0999984741211,181669
2020-09-03,111.04622650146484,111.75,111.75,103.0999984741211,107.0,849547
2020-09-04,114.52418518066406,115.25,120.9000015258789,105.30000305175781,107.0,1513362
2020-09-07,112.63614654541016,113.3499984741211,118.69999694824219,112.6500015258789,115.6500015258789,740174
2020-09-08,109.30724334716797,110.0,116.25,107.44999694824219,114.5999984741211,845613
2020-09-09,110.74811553955078,111.44999694824219,114.94999694824219,105.5999984741211,106.0,798343
2020-09-10,110.99653625488281,111.69999694824219,115.94999694824219,111.0,113.25,731283
2020-09-11,130.72152709960938,131.5500030517578,133.9499969482422,120.30000305175781,120.44999694824219,11027186
2020-09-14,120.13860321044922,120.9000015258789,129.35000610351562,120.1500015258789,127.0,3503925
2020-09-15,118.00213623046875,118.75,125.4000015258789,117.30000305175781,122.0,1262738
2020-09-16,119.93986511230469,120.69999694824219,122.0,116.9000015258789,119.9000015258789,749709
2020-09-17,116.95875549316406,117.69999694824219,121.3499984741211,116.0999984741211,120.0,616594
2020-09-18,116.1141128540039,116.8499984741211,120.9000015258789,115.25,118.5999984741211,1105400
2020-09-21,110.20158386230469,110.9000015258789,119.30000305175781,107.8499984741211,117.94999694824219,1758904
2020-09-22,108.36324310302734,109.05000305175781,112.4000015258789,107.0,110.94999694824219,574753
2020-09-23,110.25125885009766,110.94999694824219,115.9000015258789,108.55000305175781,110.9000015258789,1230845
2020-09-24,108.06511688232422,108.75,112.94999694824219,108.0,110.0,388647
2020-09-25,109.20787811279297,109.9000015258789,112.0,109.25,110.0999984741211,473902
2020-09-28,115.81600189208984,116.55000305175781,119.5,111.3499984741211,111.55000305175781,5291935
2020-09-29,112.73551940917969,113.44999694824219,117.5,111.75,117.0,1304995
2020-09-30,114.62355041503906,115.3499984741211,117.9000015258789,112.75,113.0,1287726
2020-10-01,115.17009735107422,115.9000015258789,119.0999984741211,114.3499984741211,116.69999694824219,1655056
2020-10-05,113.28205871582031,114.0,117.6500015258789,113.5999984741211,116.05000305175781,319039
2020-10-06,114.82230377197266,115.55000305175781,117.30000305175781,114.0999984741211,114.1500015258789,440115
2020-10-07,113.58016967773438,114.30000305175781,115.75,111.94999694824219,115.75,407920
2020-10-08,111.9405517578125,112.6500015258789,115.9000015258789,112.0999984741211,115.44999694824219,550754
2020-10-09,110.00283813476562,110.69999694824219,113.5999984741211,109.55000305175781,113.1500015258789,545283
2020-10-12,107.86637878417969,108.55000305175781,112.80000305175781,107.5999984741211,111.25,415407
2020-10-13,111.9405517578125,112.6500015258789,113.4000015258789,108.80000305175781,109.5999984741211,547097
2020-10-14,109.257568359375,109.94999694824219,113.5999984741211,109.5,113.5999984741211,305686
2020-10-15,106.47520446777344,107.1500015258789,114.5,106.30000305175781,110.0,479087
2020-10-16,107.4192123413086,108.0999984741211,109.1500015258789,106.5999984741211,107.5,170235
2020-10-19,107.91606140136719,108.5999984741211,109.80000305175781,107.0,108.69999694824219,216811
2020-10-20,106.27645111083984,106.94999694824219,108.9000015258789,106.55000305175781,108.80000305175781,156582
2020-10-21,105.53117370605469,106.19999694824219,108.0999984741211,105.80000305175781,106.75,157747
2020-10-22,104.98464965820312,105.6500015258789,107.0,104.4000015258789,106.55000305175781,265310
2020-10-23,104.63685607910156,105.30000305175781,106.5,104.80000305175781,106.44999694824219,244630
2020-10-26,104.5374755859375,105.19999694824219,106.5999984741211,104.0,105.05000305175781,240894
2020-10-27,105.38212585449219,106.05000305175781,107.4000015258789,104.6500015258789,106.4000015258789,294750
2020-10-28,103.8915786743164,104.55000305175781,106.6500015258789,104.0,106.25,152173
2020-10-29,102.99724578857422,103.6500015258789,105.0999984741211,102.3499984741211,104.0999984741211,173696
2020-10-30,105.87898254394531,106.55000305175781,110.9000015258789,104.0999984741211,105.0,383823
2020-11-02,106.47520446777344,107.1500015258789,110.0,106.25,106.5,171594
2020-11-03,107.12110900878906,107.80000305175781,108.05000305175781,107.1500015258789,108.05000305175781,123402
2020-11-04,112.48709106445312,113.19999694824219,114.25,107.5,107.80000305175781,755686
2020-11-05,113.82859802246094,114.55000305175781,116.80000305175781,113.0,115.05000305175781,1087721
2020-11-06,113.7789077758789,114.5,115.55000305175781,112.4000015258789,114.19999694824219,239902
2020-11-09,119.24427032470703,120.0,122.69999694824219,115.55000305175781,115.69999694824219,1570566
2020-11-10,114.52418518066406,115.25,121.0,114.5,119.25,442920
2020-11-11,120.43670654296875,121.19999694824219,123.0,115.0999984741211,115.3499984741211,1567207
2020-11-12,117.40592193603516,118.1500015258789,120.0,97.1500015258789,120.0,568369
2020-11-13,121.43041229248047,122.19999694824219,124.80000305175781,116.9000015258789,117.9000015258789,987877
2020-11-14,121.48011016845703,122.25,124.75,121.5,124.0,188082
2020-11-17,120.9335708618164,121.69999694824219,124.5999984741211,120.80000305175781,122.25,650720
2020-11-18,119.194580078125,119.94999694824219,122.4000015258789,119.55000305175781,121.5,272337
2020-11-19,120.28765869140625,121.05000305175781,125.0,118.0999984741211,118.0999984741211,828513
2020-11-20,123.11971282958984,123.9000015258789,124.94999694824219,120.5999984741211,121.55000305175781,526946
2020-11-23,125.50460052490234,126.30000305175781,129.1999969482422,122.0999984741211,124.4000015258789,740615
2020-11-24,124.85868835449219,125.6500015258789,129.0,125.0,127.69999694824219,464979
2020-11-25,123.5668716430664,124.3499984741211,127.69999694824219,123.0,127.69999694824219,341364
2020-11-26,123.31845092773438,124.0999984741211,126.19999694824219,123.75,124.55000305175781,183023
2020-11-27,126.2498779296875,127.05000305175781,127.9000015258789,124.25,125.0,292046
2020-12-01,126.59767150878906,127.4000015258789,130.60000610351562,126.5,128.0,467660
2020-12-02,127.14420318603516,127.94999694824219,130.89999389648438,126.0,128.89999389648438,564404
2020-12-03,127.34294128417969,128.14999389648438,130.25,127.5999984741211,129.35000610351562,311163
2020-12-04,138.5220947265625,139.39999389648438,141.0,128.5,128.5,1592136
2020-12-07,147.76351928710938,148.6999969482422,151.89999389648438,142.0,142.89999389648438,2286735
2020-12-08,141.2547607421875,142.14999389648438,150.6999969482422,138.5,150.0500030517578,958726
2020-12-09,138.42271423339844,139.3000030517578,146.25,138.0,143.0,505517
2020-12-10,140.06234741210938,140.9499969482422,143.64999389648438,138.85000610351562,139.8000030517578,458168
2020-12-11,139.86358642578125,140.75,149.0,140.0,142.0,337233
2020-12-14,138.02525329589844,138.89999389648438,142.25,137.1999969482422,141.9499969482422,338606
2020-12-15,136.53468322753906,137.39999389648438,139.64999389648438,135.0,139.64999389648438,359971
2020-12-16,137.97555541992188,138.85000610351562,140.60000610351562,138.0,138.39999389648438,422878
2020-12-17,138.32334899902344,139.1999969482422,142.60000610351562,138.5500030517578,139.89999389648438,293567
2020-12-18,139.3667449951172,140.25,142.0,135.5500030517578,139.8000030517578,312311
2020-12-21,129.4794158935547,130.3000030517578,140.9499969482422,128.5,140.0,459685
2020-12-22,135.34225463867188,136.1999969482422,138.39999389648438,131.10000610351562,135.0,843512
2020-12-23,140.65855407714844,141.5500030517578,147.3000030517578,136.9499969482422,138.0,1123338
2020-12-24,140.50950622558594,141.39999389648438,144.39999389648438,141.0,142.8000030517578,246100
2020-12-28,142.79501342773438,143.6999969482422,146.0,142.10000610351562,142.85000610351562,394530
2020-12-29,140.06234741210938,140.9499969482422,144.85000610351562,140.10000610351562,144.8000030517578,221824
2020-12-30,139.61517333984375,140.5,142.39999389648438,140.0500030517578,141.60000610351562,152396
2020-12-31,139.26736450195312,140.14999389648438,143.89999389648438,139.64999389648438,140.5,589483
2021-01-01,141.6025848388672,142.5,144.5,140.25,140.25,281970
2021-01-04,140.85728454589844,141.75,145.8000030517578,141.10000610351562,145.8000030517578,224090
2021-01-05,140.85728454589844,141.75,143.89999389648438,140.0,140.25,180430
2021-01-06,142.7453155517578,143.64999389648438,144.89999389648438,141.1999969482422,142.0,331190
2021-01-07,155.21629333496094,156.1999969482422,158.10000610351562,143.5,144.5,2035880
2021-01-08,153.3282470703125,154.3000030517578,158.4499969482422,153.0500030517578,157.8000030517578,841611
2021-01-11,158.8433074951172,159.85000610351562,161.89999389648438,155.0500030517578,155.0500030517578,808883
2021-01-12,162.47030639648438,163.5,164.9499969482422,158.5,159.85000610351562,714561
2021-01-13,158.64454650878906,159.64999389648438,167.4499969482422,155.0,164.5500030517578,613687
2021-01-14,160.23448181152344,161.25,163.89999389648438,159.64999389648438,159.64999389648438,335533
2021-01-15,158.9426727294922,159.9499969482422,165.5500030517578,157.9499969482422,162.25,903412
2021-01-18,163.31497192382812,164.35000610351562,167.8000030517578,158.5,160.0,657057
2021-01-19,164.65646362304688,165.6999969482422,170.0,164.8000030517578,166.35000610351562,547763
2021-01-20,161.4766082763672,162.5,167.5,161.89999389648438,166.14999389648438,292987
2021-01-21,162.52001953125,163.5500030517578,165.25,162.5,163.9499969482422,473530
2021-01-22,161.62567138671875,162.64999389648438,165.0,160.0,163.39999389648438,666830
2021-01-25,161.22817993164062,162.25,165.0,158.6999969482422,163.10000610351562,494923
2021-01-27,163.61306762695312,164.64999389648438,165.0,160.14999389648438,161.5500030517578,261770
2021-01-28,161.1785125732422,162.1999969482422,164.89999389648438,161.3000030517578,163.64999389648438,263150
2021-01-29,161.1785125732422,162.1999969482422,164.14999389648438,161.5,163.5,164567
2021-02-01,166.19671630859375,167.25,171.6999969482422,163.0,163.4499969482422,798453
2021-02-02,168.53192138671875,169.60000610351562,179.10000610351562,168.60000610351562,169.89999389648438,820560
2021-02-03,169.62496948242188,170.6999969482422,174.5,170.0,174.4499969482422,315409
2021-02-04,174.39474487304688,175.5,180.89999389648438,171.1999969482422,171.8000030517578,1124327
2021-02-05,178.07142639160156,179.1999969482422,182.0,173.0500030517578,176.8000030517578,625277
2021-02-08,180.30728149414062,181.4499969482422,188.0,179.0,183.5,1486975
2021-02-09,184.62986755371094,185.8000030517578,190.5,180.10000610351562,182.5500030517578,893606
2021-02-10,178.8167266845703,179.9499969482422,188.5,177.5,185.0,512282
2021-02-11,196.55430603027344,197.8000030517578,202.0,179.9499969482422,180.89999389648438,2083333
2021-02-12,196.902099609375,198.14999389648438,208.0,194.35000610351562,194.8000030517578,1410742
2021-02-15,193.97067260742188,195.1999969482422,204.0,194.5,199.75,1011280
2021-02-16,190.29397583007812,191.5,197.60000610351562,190.4499969482422,195.9499969482422,343425
2021-02-17,199.93289184570312,201.1999969482422,211.8000030517578,189.5,192.4499969482422,799276
2021-02-18,201.77125549316406,203.0500030517578,210.39999389648438,201.35000610351562,202.60000610351562,1057402
2021-02-19,205.4479522705078,206.75,213.39999389648438,203.1999969482422,204.39999389648438,887131
2021-02-22,188.2071990966797,189.39999389648438,210.85000610351562,187.0500030517578,208.39999389648438,1482067
2021-02-23,182.79153442382812,183.9499969482422,192.75,181.6999969482422,188.5,1457603
2021-02-24,182.64248657226562,183.8000030517578,188.6999969482422,180.10000610351562,184.85000610351562,483434
2021-02-25,181.84751892089844,183.0,189.89999389648438,182.10000610351562,185.5,954481
2021-02-26,180.15823364257812,181.3000030517578,183.39999389648438,178.0,181.8000030517578,627903
2021-03-01,183.58648681640625,184.75,186.9499969482422,180.60000610351562,182.9499969482422,443431
2021-03-02,187.76004028320312,188.9499969482422,193.5500030517578,185.10000610351562,185.60000610351562,1020719
2021-03-03,188.55499267578125,189.75,192.14999389648438,189.0,191.1999969482422,829903
2021-03-04,194.16943359375,195.39999389648438,197.89999389648438,186.14999389648438,187.10000610351562,1076384
2021-03-05,197.5977020263672,198.85000610351562,200.6999969482422,191.3000030517578,197.39999389648438,2186921
2021-03-08,197.34927368164062,198.60000610351562,205.60000610351562,196.8000030517578,201.0,1030653
2021-03-09,197.7964324951172,199.0500030517578,200.35000610351562,196.0,198.60000610351562,2239190
2021-03-10,200.2806854248047,201.5500030517578,204.0,198.5,203.0,810077
2021-03-12,204.9510955810547,206.25,209.4499969482422,202.5,205.0,4453797
2021-03-15,201.12533569335938,202.39999389648438,207.0,195.25,207.0,828253
2021-03-16,205.1001434326172,206.39999389648438,214.39999389648438,203.5,204.0,1690949
2021-03-17,200.3800506591797,201.64999389648438,209.0,198.60000610351562,206.39999389648438,737564
2021-03-18,196.55430603027344,197.8000030517578,204.39999389648438,196.5,202.89999389648438,757998
2021-03-19,198.19390869140625,199.4499969482422,200.85000610351562,181.25,194.0,629023
2021-03-22,202.7649383544922,204.0500030517578,204.8000030517578,198.1999969482422,198.1999969482422,470351
2021-03-23,203.46054077148438,204.75,206.14999389648438,200.0,203.75,2014558
2021-03-24,201.7215576171875,203.0,205.35000610351562,200.14999389648438,203.0,461781
2021-03-25,197.4983367919922,198.75,204.8000030517578,197.5,204.75,535923
2021-03-26,197.44862365722656,198.6999969482422,202.75,197.5500030517578,201.39999389648438,2424207
2021-03-30,203.808349609375,205.10000610351562,208.4499969482422,198.75,200.6999969482422,361972
2021-03-31,204.45423889160156,205.75,207.85000610351562,200.10000610351562,205.5,649630
2021-04-01,216.82582092285156,218.1999969482422,221.0,204.25,204.25,930335
2021-04-05,227.2100067138672,228.64999389648438,234.5,213.0,222.39999389648438,2654132
2021-04-06,229.09805297851562,230.5500030517578,239.0,227.0,230.5,1283485
2021-04-07,223.38427734375,224.8000030517578,235.6999969482422,221.5,232.89999389648438,1035998
2021-04-08,220.9000244140625,222.3000030517578,230.0,220.35000610351562,223.85000610351562,728501
2021-04-09,217.5214080810547,218.89999389648438,226.89999389648438,218.0,226.89999389648438,723147
2021-04-12,219.4591522216797,220.85000610351562,227.0,212.0,216.6999969482422,1623189
2021-04-13,218.61448669433594,220.0,225.35000610351562,218.0,220.0,507976
2021-04-15,218.56480407714844,219.9499969482422,221.35000610351562,215.75,221.0,999740
2021-04-16,220.65159606933594,222.0500030517578,226.0,220.1999969482422,221.10000610351562,651799
2021-04-19,232.1288604736328,233.60000610351562,237.5,217.0500030517578,221.0,2481547
2021-04-20,234.1659393310547,235.64999389648438,241.9499969482422,232.5,237.0,4582953
2021-04-22,224.3282928466797,225.75,237.89999389648438,225.0,236.85000610351562,1227400
2021-04-23,223.03646850585938,224.4499969482422,231.0,222.5,228.0,1482866
2021-04-26,223.33457946777344,224.75,229.9499969482422,224.0,227.89999389648438,353972
2021-04-27,226.017578125,227.4499969482422,229.5,224.85000610351562,226.39999389648438,1734708
2021-04-28,224.6761016845703,226.10000610351562,230.64999389648438,225.0500030517578,228.6999969482422,460278
2021-04-29,223.0861358642578,224.5,229.35000610351562,223.5,228.10000610351562,299181
2021-04-30,225.52072143554688,226.9499969482422,235.0,222.1999969482422,222.5,724867
2021-05-03,229.3464813232422,230.8000030517578,233.25,227.5,227.6999969482422,768189
2021-05-04,226.51443481445312,227.9499969482422,233.0,226.10000610351562,233.0,523854
2021-05-05,228.352783203125,229.8000030517578,239.5,224.5500030517578,227.9499969482422,6709528
2021-05-06,227.2100067138672,228.64999389648438,231.6999969482422,226.35000610351562,230.0,7982132
2021-05-07,225.91819763183594,227.35000610351562,232.9499969482422,226.0,230.3000030517578,5189474
2021-05-10,230.04208374023438,231.5,241.3000030517578,228.0500030517578,228.9499969482422,10389515
2021-05-11,232.67538452148438,234.14999389648438,236.8000030517578,229.60000610351562,231.0,1972452
2021-05-12,222.0924530029297,223.5,237.39999389648438,221.25,236.0,3811740
2021-05-14,218.7138671875,220.10000610351562,226.0,215.5,224.75,2181316
2021-05-17,217.3723602294922,218.75,222.5500030517578,214.5,222.0,1019402
2021-05-18,221.247802734375,222.64999389648438,225.10000610351562,215.35000610351562,219.5,3948392
2021-05-19,224.5270233154297,225.9499969482422,229.39999389648438,222.0,222.6999969482422,2664671
2021-05-20,223.68238830566406,225.10000610351562,228.6999969482422,223.0,227.0,4868651
2021-05-21,225.81883239746094,227.25,234.0,224.8000030517578,227.0,24274755
2021-05-24,233.07286071777344,234.5500030517578,235.85000610351562,227.1999969482422,228.0,7236863
2021-05-25,231.9300994873047,233.39999389648438,237.89999389648438,232.0,235.0,3362296
2021-05-26,229.8433380126953,231.3000030517578,235.6999969482422,230.3000030517578,234.85000610351562,1352631
2021-05-27,230.14144897460938,231.60000610351562,237.89999389648438,226.75,232.0,7400820
2021-05-28,223.1358642578125,224.5500030517578,233.5,222.35000610351562,230.9499969482422,1958601
2021-05-31,220.99937438964844,222.39999389648438,226.89999389648438,218.25,225.0500030517578,1876015
2021-06-01,228.89932250976562,230.35000610351562,232.1999969482422,222.64999389648438,224.0,3646771
2021-06-02,228.05467224121094,229.5,236.85000610351562,228.10000610351562,231.60000610351562,2837773
2021-06-03,243.357666015625,244.89999389648438,248.39999389648438,229.5,230.35000610351562,9148113
2021-06-04,244.30169677734375,245.85000610351562,254.0,243.0,246.8000030517578,4966973
2021-06-07,242.61239624023438,244.14999389648438,249.0,240.0,248.10000610351562,1317402
2021-06-08,243.55642700195312,245.10000610351562,249.5,235.0500030517578,243.0,2770478
2021-06-09,245.09664916992188,246.64999389648438,252.0,239.0500030517578,246.0,1903053
2021-06-10,254.68588256835938,256.29998779296875,258.0,250.3000030517578,250.5500030517578,3127988
2021-06-11,253.74188232421875,255.35000610351562,259.1499938964844,251.4499969482422,258.3500061035156,1205128
2021-06-14,252.6488037109375,254.25,258.0,245.0500030517578,253.0,1445279
2021-06-15,250.01548767089844,251.60000610351562,255.8000030517578,248.5,253.1999969482422,872121
2021-06-16,251.80413818359375,253.39999389648438,254.9499969482422,248.10000610351562,250.1999969482422,889688
2021-06-17,247.58091735839844,249.14999389648438,254.6999969482422,245.5,252.0,731346
2021-06-18,248.8727264404297,250.4499969482422,251.9499969482422,240.1999969482422,250.0,1079810
2021-06-21,244.8482208251953,246.39999389648438,248.3000030517578,236.0,247.25,1021664
2021-06-22,248.02809143066406,249.60000610351562,251.6999969482422,247.0,247.0,558899
2021-06-23,258.6109924316406,260.25,264.6000061035156,248.0,249.60000610351562,2304649
2021-06-24,255.28208923339844,256.8999938964844,265.0,255.1999969482422,262.5,1212601
2021-06-25,254.73558044433594,256.3500061035156,261.04998779296875,254.0,259.20001220703125,898056
2021-06-28,253.84124755859375,255.4499969482422,263.0,252.1999969482422,259.1000061035156,1078859
2021-06-29,252.0028839111328,253.60000610351562,257.5,252.75,256.79998779296875,493687
2021-06-30,252.897216796875,254.5,259.5,250.60000610351562,255.39999389648438,834956
2021-07-01,262.1386413574219,263.79998779296875,268.79998779296875,252.35000610351562,254.9499969482422,2851729
2021-07-02,278.1372375488281,279.8999938964844,284.3999938964844,264.0,264.0,3992432
2021-07-05,280.77056884765625,282.54998779296875,284.1499938964844,277.20001220703125,278.20001220703125,1157118
2021-07-06,281.1183776855469,282.8999938964844,284.95001220703125,280.0,284.0,1087384
2021-07-07,282.21142578125,284.0,285.0,280.5,282.3999938964844,433951
2021-07-08,283.25482177734375,285.04998779296875,289.70001220703125,284.0,285.0,1547750
2021-07-09,279.1309814453125,280.8999938964844,286.3500061035156,280.0,283.79998779296875,493582
2021-07-12,273.6159362792969,275.3500061035156,282.79998779296875,273.79998779296875,282.45001220703125,747558
2021-07-13,268.4983825683594,270.20001220703125,278.20001220703125,267.1499938964844,277.75,994802
2021-07-14,266.7593994140625,268.45001220703125,278.79998779296875,267.1000061035156,269.3500061035156,1471836
2021-07-15,264.6228942871094,266.29998779296875,273.3500061035156,264.95001220703125,269.0,644829
2021-07-16,267.107177734375,268.79998779296875,271.0,266.75,267.0,392619
2021-07-19,265.3185119628906,267.0,271.8500061035156,266.25,267.20001220703125,324186
2021-07-20,257.8160400390625,259.45001220703125,271.1499938964844,256.95001220703125,269.20001220703125,576625
2021-07-22,277.7397766113281,279.5,280.0,263.0,263.5,2177257
2021-07-23,276.8454284667969,278.6000061035156,280.5,273.54998779296875,280.5,971963
2021-07-26,274.1127624511719,275.8500061035156,280.0,273.5,279.95001220703125,827280
2021-07-27,274.410888671875,276.1499938964844,284.1000061035156,275.0,277.75,958223
2021-07-28,272.771240234375,274.5,278.3500061035156,273.3500061035156,278.3500061035156,1151246
2021-07-29,274.4606018066406,276.20001220703125,279.54998779296875,274.6499938964844,274.6499938964844,670097
2021-07-30,294.5830383300781,296.45001220703125,301.20001220703125,276.25,278.0,3146399
2021-08-02,292.59564208984375,294.45001220703125,305.8999938964844,293.3500061035156,302.0,1291064
2021-08-03,284.0498046875,285.8500061035156,296.54998779296875,284.3500061035156,296.0,843604
2021-08-04,278.9819030761719,280.75,291.3999938964844,275.25,288.3500061035156,1228216
2021-08-05,276.6466979980469,278.3999938964844,286.0,277.0,285.0,1194713
2021-08-06,276.5473327636719,278.29998779296875,280.8500061035156,272.79998779296875,280.0,2162426
2021-08-09,285.8881530761719,287.70001220703125,289.0,279.8999938964844,279.95001220703125,1156410
2021-08-10,301.7376708984375,303.6499938964844,309.79998779296875,285.1000061035156,289.5,7468168
2021-08-11,298.7068786621094,300.6000061035156,307.0,291.29998779296875,303.6499938964844,3658264
2021-08-12,327.4745788574219,329.54998779296875,333.04998779296875,301.45001220703125,303.1499938964844,9476823
2021-08-13,316.7425842285156,318.75,329.95001220703125,316.25,329.95001220703125,2180426
2021-08-16,319.8230895996094,321.8500061035156,328.8999938964844,316.75,319.29998779296875,1278474
2021-08-17,341.33673095703125,343.5,347.3999938964844,321.8500061035156,322.5,6101626
2021-08-18,340.9888916015625,343.1499938964844,354.0,333.45001220703125,342.0,3316393
2021-08-20,327.57391357421875,329.6499938964844,345.0,325.6000061035156,335.95001220703125,2599393
2021-08-23,327.4248962402344,329.5,338.0,325.20001220703125,334.0,2306843
2021-08-24,323.2513427734375,325.29998779296875,337.5,320.6000061035156,331.54998779296875,2339993
2021-08-25,322.6551513671875,324.70001220703125,327.6499938964844,319.70001220703125,327.0,946728
2021-08-26,331.200927734375,333.29998779296875,337.25,324.29998779296875,326.29998779296875,2176636
2021-08-27,332.9896240234375,335.1000061035156,339.3999938964844,332.95001220703125,335.0,1109280
2021-08-30,358.7265319824219,361.0,366.3999938964844,337.0,337.0,2600675
2021-08-31,383.07220458984375,385.5,398.8500061035156,351.3500061035156,360.45001220703125,4406621
2021-09-01,373.5823669433594,375.95001220703125,395.8500061035156,368.5,390.8999938964844,1981051
2021-09-02,366.8748779296875,369.20001220703125,377.70001220703125,366.5,377.70001220703125,1524242
2021-09-03,377.80560302734375,380.20001220703125,383.95001220703125,368.0,371.3500061035156,1227937
2021-09-06,378.5509338378906,380.95001220703125,387.0,375.0,383.0,900490
2021-09-07,376.464111328125,378.8500061035156,391.20001220703125,376.5,382.3999938964844,1320962
2021-09-08,382.52569580078125,384.95001220703125,386.6000061035156,377.79998779296875,382.0,578221
2021-09-09,379.0974426269531,381.5,390.3500061035156,378.0,386.8999938964844,1038022
2021-09-13,384.1155700683594,386.54998779296875,394.79998779296875,383.70001220703125,383.70001220703125,1700045
2021-09-14,394.59918212890625,397.1000061035156,402.5,383.6499938964844,389.8999938964844,2032473
2021-09-15,391.1212158203125,393.6000061035156,401.0,389.1000061035156,400.0,1140565
2021-09-16,395.1457214355469,397.6499938964844,402.6000061035156,375.0,394.1000061035156,2688887
2021-09-17,376.861572265625,379.25,399.5,355.70001220703125,398.8999938964844,13751716
2021-09-20,370.8993835449219,373.25,384.95001220703125,369.6499938964844,378.95001220703125,580568
2021-09-21,363.14849853515625,365.45001220703125,375.0,354.04998779296875,373.25,1377842
2021-09-22,369.5578918457031,371.8999938964844,375.0,365.3999938964844,365.45001220703125,808433
2021-09-23,369.2100524902344,371.54998779296875,379.8999938964844,369.0,375.45001220703125,378053
2021-09-24,362.65167236328125,364.95001220703125,376.8500061035156,361.0,373.75,519024
2021-09-27,356.689453125,358.95001220703125,366.6499938964844,354.0,366.1000061035156,471875
2021-09-28,367.3717346191406,369.70001220703125,374.0,354.5,362.3999938964844,983226
2021-09-29,352.81396484375,355.04998779296875,357.0,345.8500061035156,354.0,96097669
2021-09-30,357.2856140136719,359.54998779296875,363.70001220703125,357.70001220703125,361.8999938964844,1452877
2021-10-01,356.44097900390625,358.70001220703125,368.5,357.20001220703125,359.3999938964844,1110460
2021-10-04,350.77685546875,353.0,360.5,350.25,359.8999938964844,4530962
2021-10-05,350.3297119140625,352.54998779296875,358.95001220703125,351.8999938964844,355.29998779296875,2076160
2021-10-06,345.2618713378906,347.45001220703125,355.54998779296875,341.04998779296875,355.0,4127745
2021-10-07,348.3423156738281,350.54998779296875,354.0,345.3999938964844,346.0,923705
2021-10-08,347.7461242675781,349.95001220703125,354.75,347.0,352.0,755728
2021-10-11,346.1561584472656,348.3500061035156,355.45001220703125,345.54998779296875,349.95001220703125,1131648
2021-10-12,333.58587646484375,335.70001220703125,351.70001220703125,329.0,349.29998779296875,1699250
2021-10-13,330.3066101074219,332.3999938964844,343.3999938964844,330.20001220703125,335.70001220703125,973485
2021-10-14,348.24298095703125,350.45001220703125,352.5,325.5,332.3999938964844,1356052
2021-10-18,343.72161865234375,345.8999938964844,355.3999938964844,343.29998779296875,354.3999938964844,1210015
2021-10-19,333.6852111816406,335.79998779296875,346.3500061035156,332.54998779296875,345.04998779296875,1035758
2021-10-20,340.343017578125,342.5,346.5,332.0,335.79998779296875,484858
2021-10-21,342.3304138183594,344.5,349.75,334.0,349.75,415483
2021-10-22,330.6543884277344,332.75,349.0,330.25,345.95001220703125,743267
2021-10-25,331.8468933105469,333.95001220703125,336.3500061035156,321.8500061035156,327.5,549253
2021-10-26,341.18768310546875,343.3500061035156,346.75,323.79998779296875,336.0,382923
2021-10-27,336.7160339355469,338.8500061035156,347.3500061035156,336.8999938964844,346.3999938964844,155424
2021-10-28,333.1883544921875,335.29998779296875,339.3999938964844,328.54998779296875,337.8500061035156,303395
2021-10-29,329.26324462890625,331.3500061035156,334.8999938964844,328.1000061035156,332.0,355760
2021-11-01,340.6411437988281,342.79998779296875,343.3500061035156,330.0,333.0,388602
2021-11-02,340.4423828125,342.6000061035156,347.6499938964844,339.6000061035156,347.6499938964844,869662
2021-11-03,340.3926696777344,342.54998779296875,345.1000061035156,340.3500061035156,344.5,281328
2021-11-04,343.5725402832031,345.75,347.0,343.3999938964844,344.95001220703125,81543
2021-11-08,337.2625427246094,339.3999938964844,347.6499938964844,338.0,347.6499938964844,293129
2021-11-09,336.0700988769531,338.20001220703125,341.45001220703125,336.75,340.0,2845353
2021-11-10,335.2254333496094,337.3500061035156,343.54998779296875,336.3500061035156,337.79998779296875,1312973
2021-11-11,334.6292419433594,336.75,343.0,332.1000061035156,339.0,398528
2021-11-12,341.2870788574219,343.45001220703125,346.8999938964844,332.6000061035156,339.8999938964844,3945560
2021-11-15,361.3101501464844,363.6000061035156,375.8500061035156,336.3999938964844,347.5,2977363
2021-11-16,362.65167236328125,364.95001220703125,371.6000061035156,360.6000061035156,363.5,1035650
2021-11-17,365.38433837890625,367.70001220703125,377.0,360.54998779296875,364.5,1475532
2021-11-18,355.1492004394531,357.3999938964844,371.5,348.1499938964844,371.5,1255669
2021-11-22,340.3926696777344,342.54998779296875,360.0,336.79998779296875,360.0,477273
2021-11-23,342.181396484375,344.3500061035156,347.8999938964844,335.3500061035156,337.20001220703125,394766
2021-11-24,354.9504699707031,357.20001220703125,362.0,341.54998779296875,342.6000061035156,924306
2021-11-25,362.65167236328125,364.95001220703125,371.0,356.0,357.20001220703125,1537562
2021-11-26,369.4088134765625,371.75,377.0,361.29998779296875,365.0,1311250
2021-11-29,370.8993835449219,373.25,381.45001220703125,370.0,377.0,898320
2021-11-30,377.80560302734375,380.20001220703125,385.5,339.70001220703125,376.6499938964844,1057933
2021-12-01,373.5823669433594,375.95001220703125,382.0,371.95001220703125,382.0,442546
2021-12-02,372.7873840332031,375.1499938964844,380.79998779296875,372.0,378.0,555838
2021-12-03,376.36474609375,378.75,379.0,374.5,376.45001220703125,674915
2021-12-06,371.793701171875,374.1499938964844,392.79998779296875,367.45001220703125,380.0,611368
2021-12-07,360.1177062988281,362.3999938964844,375.0,358.0,372.0,1092980
2021-12-08,366.1296081542969,368.45001220703125,371.0,363.1000061035156,365.0,326137
2021-12-09,376.0169372558594,378.3999938964844,384.70001220703125,368.8500061035156,369.5,1103592
2021-12-10,379.1470947265625,381.54998779296875,387.5,378.3999938964844,378.8500061035156,813458
2021-12-13,396.8846740722656,399.3999938964844,401.5,381.6000061035156,381.95001220703125,1944223
2021-12-14,379.94207763671875,382.3500061035156,409.75,378.6000061035156,401.20001220703125,1461549
2021-12-15,383.5690612792969,386.0,394.3999938964844,380.0,384.3999938964844,663739
2021-12-16,390.2268981933594,392.70001220703125,396.95001220703125,388.1000061035156,388.95001220703125,1634742
2021-12-17,389.5312805175781,392.0,403.75,389.25,397.45001220703125,2212696
2021-12-20,385.30804443359375,387.75,394.8999938964844,381.79998779296875,391.0,988181
2021-12-21,394.64886474609375,397.1499938964844,410.0,392.3999938964844,394.0,3631411
2021-12-22,397.33184814453125,399.8500061035156,406.5,394.45001220703125,399.0,757145
2021-12-23,404.7846374511719,407.3500061035156,415.3999938964844,399.0,404.70001220703125,2450094
2021-12-24,411.1940002441406,413.79998779296875,417.95001220703125,405.1499938964844,410.0,1471373
2021-12-27,422.4228210449219,425.1000061035156,426.3999938964844,415.0,415.0,1267730
2021-12-28,412.4361267089844,415.04998779296875,430.8500061035156,411.04998779296875,428.6499938964844,1533898
2021-12-29,422.07501220703125,424.75,427.0,413.0,417.3999938964844,865011
2021-12-30,427.3416442871094,430.04998779296875,433.45001220703125,420.3500061035156,426.0,1040899
2021-12-31,440.1107482910156,442.8999938964844,458.04998779296875,423.5,431.5,1521774
2022-01-03,431.86297607421875,434.6000061035156,449.8500061035156,431.54998779296875,449.3999938964844,1252447
2022-01-04,426.0498046875,428.75,442.75,424.0,434.6000061035156,809359
2022-01-05,405.4801940917969,408.04998779296875,432.0,405.75,425.5,1268951
2022-01-06,406.87139892578125,409.45001220703125,416.29998779296875,407.25,408.1000061035156,829944
2022-01-07,399.61737060546875,402.1499938964844,412.0,394.25,407.5,1049354
2022-01-10,396.3381652832031,398.8500061035156,409.3999938964844,396.1000061035156,403.0,702817
2022-01-11,388.3388671875,390.79998779296875,402.8500061035156,390.0,399.0,762634
2022-01-12,400.5613708496094,403.1000061035156,405.8500061035156,392.6499938964844,393.8999938964844,620146
2022-01-13,402.35003662109375,404.8999938964844,413.6499938964844,404.0,405.70001220703125,1047369
2022-01-14,394.0526123046875,396.54998779296875,404.70001220703125,394.0,403.8999938964844,587923
2022-01-17,391.5186767578125,394.0,400.95001220703125,393.0,396.54998779296875,361413
2022-01-18,388.4879150390625,390.95001220703125,399.70001220703125,390.0,396.0,363539
2022-01-19,382.2772521972656,384.70001220703125,393.20001220703125,377.29998779296875,393.20001220703125,2563604
2022-01-20,383.0225524902344,385.45001220703125,389.8999938964844,382.0,382.1499938964844,1596290
2022-01-21,371.992431640625,374.3500061035156,381.0,372.1499938964844,380.0,4225908
2022-01-24,363.59564208984375,365.8999938964844,376.45001220703125,357.0,370.20001220703125,1518028
2022-01-25,367.1729736328125,369.5,388.0,345.20001220703125,360.0,2900599
2022-01-27,372.38995361328125,374.75,379.70001220703125,362.1000061035156,377.0,972451
2022-01-28,367.22265625,369.54998779296875,378.95001220703125,368.25,375.45001220703125,818256
2022-01-31,365.1358947753906,367.45001220703125,371.70001220703125,362.54998779296875,370.0,654849
2022-02-01,361.7076416015625,364.0,373.75,362.6000061035156,370.0,508887
2022-02-02,361.50885009765625,363.79998779296875,368.70001220703125,362.5,368.45001220703125,578343
2022-02-03,361.1114196777344,363.3999938964844,369.29998779296875,361.5,366.29998779296875,330113
2022-02-04,356.49066162109375,358.75,368.0,356.5,368.0,314301
2022-02-07,347.2989807128906,349.5,359.79998779296875,347.70001220703125,357.0,1993839
2022-02-08,357.6334533691406,359.8999938964844,369.5,349.6499938964844,352.25,1808184
2022-02-09,362.353515625,364.6499938964844,368.29998779296875,355.6000061035156,362.0,2365349
2022-02-10,381.929443359375,384.3500061035156,390.0,357.0,364.6499938964844,2459835
2022-02-11,366.1296081542969,368.45001220703125,384.79998779296875,365.0,384.79998779296875,1043292
2022-02-14,360.31646728515625,362.6000061035156,372.3999938964844,352.0,368.45001220703125,1641931
2022-02-15,369.2597351074219,371.6000061035156,376.1499938964844,351.1000061035156,358.0,1205644
2022-02-16,377.75592041015625,380.1499938964844,384.0,363.25,371.6000061035156,1248485
2022-02-17,377.60687255859375,380.0,384.45001220703125,375.04998779296875,383.29998779296875,992782
2022-02-18,368.3157653808594,370.6499938964844,380.0,369.0,375.1499938964844,589138
2022-02-21,364.6390075683594,366.95001220703125,375.70001220703125,364.3999938964844,369.1000061035156,1168982
2022-02-22,369.756591796875,372.1000061035156,374.75,356.5,359.8999938964844,707983
2022-02-23,366.0302429199219,368.3500061035156,377.3999938964844,366.5,372.5,494175
2022-02-24,344.1190490722656,346.29998779296875,359.79998779296875,343.45001220703125,351.0,1341504
2022-02-25,364.5396728515625,366.8500061035156,378.0,351.3500061035156,358.0,972846
2022-02-28,372.0421142578125,374.3999938964844,377.1499938964844,360.1499938964844,360.20001220703125,803898
2022-03-02,370.0547180175781,372.3999938964844,376.0,367.04998779296875,373.3999938964844,644195
2022-03-03,366.7257995605469,369.04998779296875,381.3500061035156,365.79998779296875,377.0,557061
2022-03-04,357.2856140136719,359.54998779296875,369.8500061035156,350.0,369.8500061035156,1853161
2022-03-07,343.72161865234375,345.8999938964844,352.3999938964844,340.0,348.75,1236479
2022-03-08,340.6908264160156,342.8500061035156,349.0,340.8999938964844,344.70001220703125,1129232
2022-03-09,351.4725036621094,353.70001220703125,356.20001220703125,344.1000061035156,344.1000061035156,1070542
2022-03-10,353.5095520019531,355.75,362.45001220703125,354.29998779296875,362.0,715643
2022-03-11,349.6341247558594,351.8500061035156,354.75,348.3999938964844,350.1000061035156,739023
2022-03-14,345.8083801269531,348.0,354.1000061035156,346.8999938964844,352.1499938964844,1062690
2022-03-15,341.9329528808594,344.1000061035156,349.75,337.04998779296875,348.0,1601435
2022-03-16,348.4416809082031,350.6499938964844,352.6499938964844,341.70001220703125,346.0,930911
2022-03-17,332.4927673339844,334.6000061035156,354.0,331.0,354.0,8876976
2022-03-21,335.6229248046875,337.75,338.75,333.3500061035156,336.5,1936724
2022-03-22,326.1827697753906,328.25,342.1000061035156,326.1499938964844,338.95001220703125,1592992
2022-03-23,330.7537841796875,332.8500061035156,337.5,330.1000061035156,330.3999938964844,3074841
2022-03-24,330.2072448730469,332.29998779296875,333.95001220703125,330.25,330.5,3001866
2022-03-25,340.044921875,342.20001220703125,345.79998779296875,333.04998779296875,334.8999938964844,1273969
2022-03-28,338.1568603515625,340.29998779296875,345.3999938964844,333.45001220703125,344.70001220703125,534026
2022-03-29,353.26116943359375,355.5,358.0,343.04998779296875,343.6499938964844,1496340
2022-03-30,358.7265319824219,361.0,368.54998779296875,354.75,360.6499938964844,1223170
2022-03-31,345.4605712890625,347.6499938964844,354.0,338.20001220703125,344.75,106099666
2022-04-01,348.5410461425781,350.75,358.0,347.29998779296875,350.0,2095657
2022-04-04,352.2674560546875,354.5,356.20001220703125,349.0,351.0,1218309
2022-04-05,367.0735778808594,369.3999938964844,373.0,358.3999938964844,358.3999938964844,5031202
2022-04-06,344.6656494140625,346.8500061035156,367.0,344.20001220703125,367.0,3557732
2022-04-07,353.0623779296875,355.29998779296875,356.5,346.8500061035156,349.8999938964844,2113066
2022-04-08,358.82586669921875,361.1000061035156,363.95001220703125,356.0,357.0,1962285
2022-04-11,368.0672912597656,370.3999938964844,379.0,361.1000061035156,361.1000061035156,2157512
2022-04-12,367.1729736328125,369.5,376.3999938964844,361.1000061035156,371.1499938964844,1174016
2022-04-13,369.4088134765625,371.75,374.79998779296875,370.0,373.0,607598
2022-04-18,370.35284423828125,372.70001220703125,378.79998779296875,364.1000061035156,371.3999938964844,1025514
2022-04-19,368.56414794921875,370.8999938964844,377.3999938964844,362.3500061035156,371.3999938964844,779055
2022-04-20,406.3745422363281,408.95001220703125,417.75,372.3999938964844,374.8999938964844,10126984
2022-04-21,418.8454895019531,421.5,432.0,407.54998779296875,412.20001220703125,5745753
2022-04-22,408.312255859375,410.8999938964844,417.8999938964844,404.04998779296875,417.8999938964844,1953000
2022-04-25,411.74053955078125,414.3500061035156,421.3999938964844,407.6499938964844,410.79998779296875,2021804
2022-04-26,406.9707336425781,409.54998779296875,419.8500061035156,403.95001220703125,419.8500061035156,1074920
2022-04-27,408.41162109375,411.0,418.95001220703125,405.0,408.0,927138
2022-04-28,394.45013427734375,396.95001220703125,414.29998779296875,394.0,414.29998779296875,656158
2022-04-29,411.2436828613281,413.8500061035156,416.95001220703125,398.70001220703125,401.0,1694410
2022-05-02,388.9847717285156,391.45001220703125,411.54998779296875,381.29998779296875,408.0,1467660
2022-05-04,371.2471618652344,373.6000061035156,398.0,361.5,391.6000061035156,720536
2022-05-05,371.5452880859375,373.8999938964844,382.0,370.1499938964844,380.0,541467
2022-05-06,362.9497375488281,365.25,370.0,357.79998779296875,363.5,1227954
2022-05-09,361.26043701171875,363.54998779296875,366.0,356.70001220703125,359.0,626465
2022-05-10,355.1492004394531,357.3999938964844,368.95001220703125,355.04998779296875,365.75,1215684
2022-05-11,355.5963439941406,357.8500061035156,364.0,353.3500061035156,358.0,502803
2022-05-12,351.6215515136719,353.8500061035156,360.79998779296875,349.29998779296875,354.5,440492
2022-05-13,362.3038635253906,364.6000061035156,367.0,354.5,354.5,814850
2022-05-16,365.7818298339844,368.1000061035156,381.0,366.04998779296875,367.5,748990
2022-05-17,366.2786560058594,368.6000061035156,374.0,365.1000061035156,373.6000061035156,524619
2022-05-18,359.7699279785156,362.04998779296875,371.0,359.6499938964844,371.0,414568
2022-05-19,365.73211669921875,368.04998779296875,369.8500061035156,355.0,356.95001220703125,741052
2022-05-20,372.73773193359375,375.1000061035156,377.8999938964844,370.0,372.0,512358
2022-05-23,363.893798828125,366.20001220703125,379.0,361.6000061035156,375.5,227291
2022-05-24,362.3038635253906,364.6000061035156,374.70001220703125,360.70001220703125,365.0,494962
2022-05-25,355.1988830566406,357.45001220703125,366.8500061035156,352.3999938964844,366.8500061035156,811958
2022-05-26,363.2975158691406,365.6000061035156,369.70001220703125,351.0,355.0,363640
2022-05-27,372.2905578613281,374.6499938964844,384.0,367.0,367.8999938964844,1325935
2022-05-30,371.793701171875,374.1499938964844,383.79998779296875,372.6499938964844,378.8999938964844,527776
2022-05-31,377.9546203613281,380.3500061035156,382.95001220703125,373.54998779296875,374.0,742275
2022-06-01,367.22265625,369.54998779296875,384.0,366.20001220703125,382.75,413055
2022-06-02,382.2275695800781,384.6499938964844,389.20001220703125,366.04998779296875,371.5,643552
2022-06-03,370.35284423828125,372.70001220703125,390.0,361.25,388.3999938964844,419990
2022-06-06,362.3038635253906,364.6000061035156,377.0,363.0,372.20001220703125,265226
2022-06-07,364.9371643066406,367.25,369.8500061035156,354.0,364.0,735129
2022-06-08,354.5529479980469,356.79998779296875,366.3999938964844,355.3500061035156,365.8999938964844,313627
2022-06-09,354.5529479980469,356.79998779296875,360.20001220703125,354.6000061035156,356.79998779296875,355281
2022-06-10,355.0994873046875,357.3500061035156,362.3500061035156,353.6000061035156,355.0,394813
2022-06-13,349.6838073730469,351.8999938964844,356.25,344.3999938964844,356.0,496951
2022-06-14,351.22406005859375,353.45001220703125,356.0,345.04998779296875,345.04998779296875,450167
2022-06-15,350.52850341796875,352.75,357.70001220703125,350.1000061035156,353.5,168989
2022-06-16,349.2863464355469,351.5,357.54998779296875,347.0,355.0,351918
2022-06-17,356.39129638671875,358.6499938964844,361.0,347.0,347.0,564183
2022-06-20,360.1177062988281,362.3999938964844,364.5,348.8500061035156,358.6499938964844,560606
2022-06-21,359.32275390625,361.6000061035156,369.0,358.1499938964844,362.3999938964844,539470
2022-06-22,361.9560241699219,364.25,368.6499938964844,358.70001220703125,361.6000061035156,2406089
2022-06-23,364.0428161621094,366.3500061035156,371.95001220703125,362.1000061035156,367.25,340257
2022-06-24,369.9056701660156,372.25,374.0,364.04998779296875,374.0,308860
2022-06-27,371.49560546875,373.8500061035156,377.0,368.29998779296875,375.0,2178358
2022-06-28,368.21636962890625,370.54998779296875,374.04998779296875,365.0,374.0,216280
2022-06-29,366.3780212402344,368.70001220703125,371.3999938964844,363.54998779296875,370.0,281912
2022-06-30,364.6390075683594,366.95001220703125,378.79998779296875,364.0,366.20001220703125,842968
2022-07-01,357.1365966796875,359.3999938964844,367.04998779296875,357.0,364.6000061035156,326670
2022-07-04,363.74468994140625,366.04998779296875,370.5,357.1000061035156,358.70001220703125,271764
2022-07-05,364.3409118652344,366.6499938964844,368.8999938964844,364.04998779296875,368.8999938964844,527899
2022-07-06,367.2723693847656,369.6000061035156,374.8999938964844,362.70001220703125,365.1499938964844,774698
2022-07-07,362.5522766113281,364.8500061035156,373.79998779296875,364.0,373.79998779296875,730333
2022-07-08,361.657958984375,363.95001220703125,366.8500061035156,363.0,364.8500061035156,219557
2022-07-11,363.893798828125,366.20001220703125,369.0,362.20001220703125,367.0,345981
2022-07-12,363.893798828125,366.20001220703125,369.79998779296875,364.20001220703125,365.95001220703125,852657
2022-07-13,365.93084716796875,368.25,375.0,366.20001220703125,369.70001220703125,622984
2022-07-14,371.2471618652344,373.6000061035156,374.75,366.5,366.5,1115822
2022-07-15,366.17926025390625,368.5,377.0,366.1499938964844,376.0,841889
2022-07-18,361.8566589355469,364.1499938964844,375.5,362.5,369.1000061035156,951317
2022-07-19,367.22265625,369.54998779296875,372.0,364.75,365.20001220703125,508556
2022-07-20,364.5396728515625,366.8500061035156,373.0,366.1499938964844,373.0,269938
2022-07-21,362.65167236328125,364.95001220703125,367.95001220703125,364.20001220703125,366.8500061035156,236181
2022-07-22,353.0127258300781,355.25,367.1499938964844,353.6000061035156,366.45001220703125,552130
2022-07-25,359.32275390625,361.6000061035156,363.70001220703125,356.79998779296875,361.8999938964844,290048
2022-07-26,362.9994201660156,365.29998779296875,366.79998779296875,361.6499938964844,362.3999938964844,383854
2022-07-27,360.4654846191406,362.75,365.8999938964844,359.25,365.29998779296875,209970
2022-07-28,360.7635803222656,363.04998779296875,364.45001220703125,360.20001220703125,362.75,273052
2022-07-29,367.322021484375,369.6499938964844,370.0,360.75,363.25,513534
2022-08-01,367.2723693847656,369.6000061035156,372.6000061035156,367.0,369.6499938964844,310478
2022-08-02,365.0364990234375,367.3500061035156,371.79998779296875,362.79998779296875,369.0,325718
2022-08-03,367.6201477050781,369.95001220703125,370.79998779296875,365.04998779296875,367.3500061035156,370329
2022-08-04,375.91754150390625,378.29998779296875,385.0,370.1000061035156,373.79998779296875,956003
2022-08-05,373.28424072265625,375.6499938964844,380.8999938964844,371.25,380.1499938964844,653062
2022-08-08,379.19677734375,381.6000061035156,395.95001220703125,378.0,379.79998779296875,1460947
2022-08-10,369.4584655761719,371.79998779296875,386.3500061035156,370.1000061035156,385.25,1316079
2022-08-11,369.6075744628906,371.95001220703125,380.95001220703125,368.1499938964844,376.75,697413
2022-08-12,359.620849609375,361.8999938964844,374.0,359.04998779296875,374.0,973714
2022-08-16,394.3507385253906,396.8500061035156,404.79998779296875,354.1000061035156,355.0,27757368
2022-08-17,384.5130920410156,386.95001220703125,404.70001220703125,384.8999938964844,402.0,3174106
2022-08-18,383.171630859375,385.6000061035156,393.75,378.8500061035156,387.54998779296875,3100436
2022-08-19,376.5634765625,378.95001220703125,386.70001220703125,368.29998779296875,385.6000061035156,9386965
2022-08-22,374.6257629394531,377.0,385.79998779296875,374.1499938964844,379.95001220703125,3692418
2022-08-23,379.94207763671875,382.3500061035156,385.0,373.0,373.0,1672410
2022-08-24,377.3584289550781,379.75,390.3500061035156,377.0,383.8999938964844,2685962
2022-08-25,379.5942687988281,382.0,385.54998779296875,374.1000061035156,381.5,1146272
2022-08-26,376.3150329589844,378.70001220703125,386.75,378.04998779296875,383.8999938964844,925456
2022-08-29,371.5452880859375,373.8999938964844,379.3999938964844,365.75,374.54998779296875,1457090
2022-08-30,385.8049011230469,388.25,391.3500061035156,376.45001220703125,385.3999938964844,2148809
2022-09-01,377.6565246582031,380.04998779296875,383.70001220703125,375.8999938964844,376.5,1173801
2022-09-02,377.55718994140625,379.95001220703125,387.45001220703125,378.6499938964844,381.8999938964844,1755461
2022-09-05,376.5137939453125,378.8999938964844,382.79998779296875,376.5,381.79998779296875,1463395
2022-09-06,379.94207763671875,382.3500061035156,389.3999938964844,379.0,379.0,1523884
2022-09-07,380.48858642578125,382.8999938964844,384.45001220703125,379.20001220703125,382.0,778110
2022-09-08,376.3150329589844,378.70001220703125,386.45001220703125,377.5,385.0,973553
2022-09-09,410.6971435546875,413.29998779296875,417.1499938964844,382.04998779296875,382.04998779296875,9462594
2022-09-12,419.5908203125,422.25,427.0,413.20001220703125,415.0,2802046
2022-09-13,420.1373291015625,422.79998779296875,425.95001220703125,418.3500061035156,424.3999938964844,966628
2022-09-14,419.9385986328125,422.6000061035156,426.0,408.8500061035156,418.04998779296875,1699323
2022-09-15,436.78179931640625,439.54998779296875,446.45001220703125,423.95001220703125,424.1000061035156,4023843
2022-09-16,431.46551513671875,434.20001220703125,449.1000061035156,424.0,442.8999938964844,4209769
2022-09-19,422.07501220703125,424.75,437.5,418.25,421.0,1664458
2022-09-20,428.9812927246094,431.70001220703125,436.0,426.29998779296875,428.95001220703125,1054166
2022-09-21,434.79443359375,437.54998779296875,440.79998779296875,432.04998779296875,434.5,2175143
2022-09-22,424.1120910644531,426.79998779296875,441.75,424.8999938964844,436.5,1929942
2022-09-23,424.2611999511719,426.95001220703125,444.95001220703125,424.04998779296875,429.29998779296875,6128689
2022-09-26,416.60968017578125,419.25,429.6000061035156,411.04998779296875,418.45001220703125,3298518
2022-09-27,411.0449523925781,413.6499938964844,422.3500061035156,404.29998779296875,419.5,1698355
2022-09-28,403.443115234375,406.0,412.20001220703125,403.25,410.0,1451138
2022-09-29,400.21356201171875,402.75,413.0,388.1000061035156,407.20001220703125,2506040
2022-09-30,405.3311462402344,407.8999938964844,412.0,389.04998779296875,399.75,2770308
2022-10-03,412.5354919433594,415.1499938964844,424.0,405.1000061035156,407.75,2911717
2022-10-04,410.8959045410156,413.5,421.29998779296875,412.04998779296875,417.6000061035156,1648564
2022-10-06,423.615234375,426.29998779296875,430.29998779296875,412.6000061035156,416.6000061035156,4211279
2022-10-07,413.380126953125,416.0,428.54998779296875,410.04998779296875,428.54998779296875,1993097
2022-10-10,408.1632080078125,410.75,412.79998779296875,405.0,407.95001220703125,549328
2022-10-11,408.1632080078125,410.75,413.8999938964844,408.5,411.0,1388503
2022-10-12,418.0505676269531,420.70001220703125,421.95001220703125,407.5,409.0,1190107
2022-10-13,426.44732666015625,429.1499938964844,435.8999938964844,414.04998779296875,420.0,3306834
2022-10-14,425.05615234375,427.75,436.79998779296875,424.6499938964844,430.0,986280
2022-10-17,416.8581237792969,419.5,435.0,417.0,427.45001220703125,1166622
2022-10-18,404.8840026855469,407.45001220703125,424.3500061035156,404.20001220703125,424.3500061035156,1679325
2022-10-19,402.94622802734375,405.5,420.5,401.1000061035156,420.5,1619569
2022-10-20,410.9952697753906,413.6000061035156,422.0,389.1000061035156,404.5,9783251
2022-10-21,408.41162109375,411.0,419.25,406.95001220703125,409.0,2141135
2022-10-24,408.9581298828125,411.54998779296875,414.5,409.04998779296875,413.79998779296875,73382
2022-10-25,422.1744384765625,424.8500061035156,427.5,409.54998779296875,413.70001220703125,1705603
2022-10-27,416.36126708984375,419.0,444.0,416.25,416.3999938964844,4810265
2022-10-28,427.6397705078125,430.3500061035156,434.8500061035156,421.25,421.25,1464174
2022-10-31,453.42633056640625,456.29998779296875,460.0,426.8500061035156,433.70001220703125,3989852
2022-11-01,454.9168701171875,457.79998779296875,470.0,447.6000061035156,457.8999938964844,3595164
2022-11-02,461.8231506347656,464.75,482.79998779296875,458.04998779296875,460.1000061035156,5957403
2022-11-03,459.14013671875,462.04998779296875,476.3999938964844,453.6499938964844,467.1000061035156,3421138
2022-11-04,459.9350891113281,462.8500061035156,467.75,459.0,464.70001220703125,3357290
2022-11-07,454.1219482421875,457.0,467.5,452.0,466.8999938964844,1617715
2022-11-09,455.3640441894531,458.25,469.0,454.5,465.0,2879285
2022-11-10,456.8546142578125,459.75,460.95001220703125,453.20001220703125,459.8999938964844,1104547
2022-11-11,442.296875,445.1000061035156,465.5,441.04998779296875,465.0,1025869
2022-11-14,439.8126220703125,442.6000061035156,449.5,440.5,448.29998779296875,895078
2022-11-15,430.422119140625,433.1499938964844,442.0,431.25,442.0,2359680
2022-11-16,422.12469482421875,424.79998779296875,435.3999938964844,412.54998779296875,435.3999938964844,4733324
2022-11-17,415.4669494628906,418.1000061035156,435.5,410.5,425.8999938964844,3709065
2022-11-18,423.615234375,426.29998779296875,429.3999938964844,417.3999938964844,426.0,2601305
2022-11-21,430.1239929199219,432.8500061035156,441.70001220703125,427.1000061035156,428.0,5763831
2022-11-22,436.5830993652344,439.3500061035156,441.79998779296875,430.20001220703125,436.8999938964844,4565741
2022-11-23,430.1239929199219,432.8500061035156,442.3500061035156,429.8999938964844,440.29998779296875,2677658
2022-11-24,433.4031982421875,436.1499938964844,443.3500061035156,429.1000061035156,432.8500061035156,3092254
2022-11-25,428.3353576660156,431.04998779296875,451.45001220703125,426.1499938964844,438.0,2323656
2022-11-28,436.8315124511719,439.6000061035156,444.79998779296875,429.5,432.6499938964844,1945104
2022-11-29,440.1107482910156,442.8999938964844,450.5,441.1000061035156,442.25,1992295
2022-11-30,447.265380859375,450.1000061035156,454.0,439.20001220703125,445.79998779296875,2776754
2022-12-01,449.4515075683594,452.29998779296875,458.0,448.04998779296875,450.5,2737715
2022-12-02,444.6817321777344,447.5,452.79998779296875,445.04998779296875,452.79998779296875,806478
2022-12-05,434.8441162109375,437.6000061035156,452.1499938964844,435.20001220703125,451.25,1170296
2022-12-06,435.93719482421875,438.70001220703125,442.70001220703125,430.0,430.0,650965
2022-12-07,435.5893859863281,438.3500061035156,446.5,436.25,441.6000061035156,1824917
2022-12-08,429.8756103515625,432.6000061035156,439.95001220703125,429.04998779296875,439.95001220703125,1401737
2022-12-09,429.9749755859375,432.70001220703125,439.1000061035156,429.5,436.1499938964844,974836
2022-12-12,430.1737365722656,432.8999938964844,441.20001220703125,420.79998779296875,431.0,1904838
2022-12-13,426.9938659667969,429.70001220703125,434.95001220703125,425.20001220703125,433.5,2783397
2022-12-14,429.13031005859375,431.8500061035156,434.5,428.45001220703125,430.20001220703125,1161594
2022-12-15,430.72027587890625,433.45001220703125,439.70001220703125,430.25,433.0,1707591
2022-12-16,424.2611999511719,426.95001220703125,436.20001220703125,423.3500061035156,430.29998779296875,1314423
2022-12-19,421.92596435546875,424.6000061035156,432.70001220703125,418.6000061035156,427.0,1120013
2022-12-20,435.49005126953125,438.25,440.0,422.6499938964844,423.25,2061305
2022-12-21,436.78179931640625,439.54998779296875,449.3999938964844,435.0,441.45001220703125,1782044
2022-12-22,444.3836669921875,447.20001220703125,450.8999938964844,437.04998779296875,442.5,2223868
2022-12-23,429.6768493652344,432.3999938964844,447.20001220703125,427.29998779296875,447.0,837210
2022-12-26,442.7440490722656,445.54998779296875,447.20001220703125,426.6000061035156,435.0,923446
2022-12-27,434.9434509277344,437.70001220703125,449.6499938964844,435.20001220703125,446.95001220703125,652315
2022-12-28,435.2415771484375,438.0,439.79998779296875,433.20001220703125,439.5,379336
2022-12-29,451.3892517089844,454.25,460.0,430.04998779296875,437.8999938964844,2053817
2022-12-30,436.78179931640625,439.54998779296875,456.95001220703125,435.3500061035156,453.54998779296875,1406557
2023-01-02,444.7811279296875,447.6000061035156,451.25,435.3999938964844,441.75,613060
2023-01-03,443.73773193359375,446.54998779296875,451.1499938964844,442.5,451.1499938964844,396312
2023-01-04,442.3465576171875,445.1499938964844,447.95001220703125,436.8500061035156,445.0,687298
2023-01-05,437.2289733886719,440.0,449.3500061035156,437.29998779296875,446.0,1177013
2023-01-06,430.6208801269531,433.3500061035156,440.3999938964844,429.25,440.04998779296875,1167423
2023-01-09,448.3087463378906,451.1499938964844,453.0,434.25,437.5,1901056
2023-01-10,448.8553466796875,451.70001220703125,462.54998779296875,447.79998779296875,451.0,3455125
2023-01-11,445.6257629394531,448.45001220703125,459.3999938964844,445.25,454.0,793529
2023-01-12,450.0477600097656,452.8999938964844,454.0,446.8999938964844,450.0,942839
2023-01-13,450.1470947265625,453.0,456.79998779296875,447.25,452.6000061035156,1193182
2023-01-16,450.69366455078125,453.54998779296875,459.3999938964844,451.3999938964844,453.0,610415
2023-01-17,450.84271240234375,453.70001220703125,455.79998779296875,446.0,455.79998779296875,1392112
2023-01-18,449.1534118652344,452.0,455.8500061035156,445.95001220703125,455.25,1133398
2023-01-19,443.83709716796875,446.6499938964844,453.0,442.1000061035156,450.25,1277349
2023-01-20,435.63909912109375,438.3999938964844,451.1000061035156,436.0,446.0,1059249
2023-01-23,441.1541442871094,443.95001220703125,448.0,426.25,438.0,1537129
2023-01-24,431.86297607421875,434.6000061035156,443.54998779296875,432.04998779296875,440.0,410812
2023-01-25,435.390625,438.1499938964844,440.79998779296875,425.04998779296875,434.6000061035156,2211079
2023-01-27,451.737060546875,454.6000061035156,459.79998779296875,435.8500061035156,438.95001220703125,2665309
2023-01-30,436.9805603027344,439.75,453.5,437.29998779296875,452.5,1783445
2023-01-31,438.9183044433594,441.70001220703125,447.5,434.04998779296875,440.04998779296875,1610363
2023-02-01,438.42144775390625,441.20001220703125,463.6000061035156,430.5,463.6000061035156,1613929
2023-02-02,438.17303466796875,440.95001220703125,443.6499938964844,434.04998779296875,440.0,1506582
2023-02-03,432.75732421875,435.5,441.54998779296875,425.04998779296875,441.0,2666546
2023-02-06,437.4773864746094,440.25,442.6499938964844,432.54998779296875,432.54998779296875,402844
2023-02-07,437.0799560546875,439.8500061035156,442.1499938964844,435.1000061035156,440.6499938964844,953241
2023-02-08,434.9434509277344,437.70001220703125,443.04998779296875,435.70001220703125,440.0,1123330
2023-02-09,437.7258605957031,440.5,442.1000061035156,436.8500061035156,439.0,527432
2023-02-10,434.6453857421875,437.3999938964844,442.8500061035156,435.45001220703125,440.5,778807
2023-02-13,427.88818359375,430.6000061035156,438.75,426.6499938964844,437.6000061035156,1454979
2023-02-14,420.6838684082031,423.3500061035156,429.95001220703125,421.0,428.20001220703125,1435032
2023-02-15,420.882568359375,423.54998779296875,426.20001220703125,421.1499938964844,423.0,849521
2023-02-16,426.9938659667969,429.70001220703125,433.95001220703125,417.1499938964844,421.70001220703125,5501830
2023-02-17,431.06805419921875,433.79998779296875,438.75,428.6000061035156,430.25,1297097
2023-02-20,425.65234375,428.3500061035156,440.20001220703125,426.20001220703125,436.95001220703125,410047
2023-02-21,430.4718322753906,433.20001220703125,435.3999938964844,428.0,428.0,1023742
2023-02-22,428.5340881347656,431.25,437.3500061035156,429.45001220703125,431.1499938964844,1080016
2023-02-23,425.5530090332031,428.25,432.8999938964844,426.1499938964844,432.25,1027573
2023-02-24,428.8819274902344,431.6000061035156,433.8999938964844,427.1499938964844,428.25,752460
2023-02-27,426.9441833496094,429.6499938964844,431.79998779296875,425.29998779296875,431.6000061035156,649946
2023-02-28,423.4165344238281,426.1000061035156,434.0,423.1000061035156,427.1499938964844,1538948
2023-03-01,430.819580078125,433.54998779296875,435.0,426.5,428.25,1340035
2023-03-02,426.69573974609375,429.3999938964844,433.75,428.5,433.5,709558
2023-03-03,422.7706298828125,425.45001220703125,431.5,423.04998779296875,429.95001220703125,618261
2023-03-06,428.0869140625,430.79998779296875,432.6000061035156,426.54998779296875,428.0,1027758
2023-03-08,435.1919250488281,437.95001220703125,439.0,424.0,424.0,1164589
2023-03-09,450.34588623046875,453.20001220703125,455.3999938964844,436.04998779296875,437.95001220703125,2527509
2023-03-10,454.8671875,457.75,461.79998779296875,450.1499938964844,453.20001220703125,3705846
2023-03-13,459.7860412597656,462.70001220703125,468.0,453.6000061035156,460.04998779296875,2062560
2023-03-14,465.6985168457031,468.6499938964844,477.79998779296875,462.29998779296875,465.79998779296875,3975743
2023-03-15,465.74822998046875,468.70001220703125,477.04998779296875,463.0,466.1499938964844,2164066
2023-03-16,461.475341796875,464.3999938964844,470.95001220703125,457.6000061035156,467.0,1794019
2023-03-17,457.1527099609375,460.04998779296875,469.8999938964844,458.75,463.1000061035156,2885033
2023-03-20,465.2514343261719,468.20001220703125,474.95001220703125,458.6000061035156,474.95001220703125,4308178
2023-03-21,461.5746765136719,464.5,470.45001220703125,461.6499938964844,468.3999938964844,5089755
2023-03-22,464.00927734375,466.95001220703125,469.5,463.6000061035156,465.1499938964844,1861207
2023-03-23,463.909912109375,466.8500061035156,469.3500061035156,461.8500061035156,468.0,1275635
2023-03-24,457.79864501953125,460.70001220703125,467.54998779296875,458.0,466.1499938964844,2188315
2023-03-27,456.5068054199219,459.3999938964844,465.75,449.6499938964844,463.70001220703125,1234579
2023-03-28,447.1163635253906,449.95001220703125,460.95001220703125,448.0,459.3999938964844,3066496
2023-03-29,448.8553466796875,451.70001220703125,458.0,443.79998779296875,443.79998779296875,1158628
2023-03-31,438.3220520019531,441.1000061035156,451.3500061035156,436.0,450.20001220703125,1529683
2023-04-03,429.9749755859375,432.70001220703125,439.0,431.54998779296875,436.45001220703125,1582788
2023-04-05,416.51031494140625,419.1499938964844,431.8999938964844,413.1000061035156,428.0,3115322
2023-04-06,427.6397705078125,430.3500061035156,434.95001220703125,411.8999938964844,415.75,1942520
2023-04-10,437.9245910644531,440.70001220703125,451.5,434.20001220703125,436.1000061035156,2007612
2023-04-11,448.0603332519531,450.8999938964844,459.8999938964844,442.20001220703125,443.0,2277870
2023-04-12,475.9833679199219,479.0,486.25,438.5,450.20001220703125,14214382
2023-04-13,468.6796569824219,471.6499938964844,495.0,468.3500061035156,479.0,4208505
2023-04-17,468.3318786621094,471.29998779296875,474.8999938964844,457.1000061035156,473.6000061035156,2158139
2023-04-18,460.9784851074219,463.8999938964844,471.0,460.25,471.0,2523101
2023-04-19,466.84130859375,469.79998779296875,477.95001220703125,464.54998779296875,466.25,2420589
2023-04-20,462.468994140625,465.3999938964844,475.8999938964844,465.0,471.3999938964844,1116003
2023-04-21,450.59429931640625,453.45001220703125,467.25,451.1499938964844,466.6000061035156,1280680
2023-04-24,446.9672546386719,449.79998779296875,454.1499938964844,443.0,453.45001220703125,948444
2023-04-25,437.328369140625,440.1000061035156,450.54998779296875,435.04998779296875,447.0,8063667
2023-04-26,437.527099609375,440.29998779296875,445.3500061035156,436.8999938964844,441.04998779296875,1125684
2023-04-27,449.3522033691406,452.20001220703125,454.3999938964844,438.45001220703125,442.54998779296875,1152173
2023-04-28,457.1527099609375,460.04998779296875,462.1000061035156,449.0,454.0,1111659
2023-05-02,471.809814453125,474.79998779296875,479.0,460.45001220703125,460.8999938964844,1893299
2023-05-03,473.05194091796875,476.04998779296875,482.3999938964844,468.25,474.70001220703125,2804318
2023-05-04,478.1198425292969,481.1499938964844,484.3999938964844,469.04998779296875,471.6499938964844,1219061
2023-05-05,481.2003173828125,484.25,486.0,476.1000061035156,480.0,707698
2023-05-08,475.5859375,478.6000061035156,490.3500061035156,474.3500061035156,487.5,1935690
2023-05-09,478.2688903808594,481.29998779296875,484.75,471.20001220703125,481.1000061035156,2152420
2023-05-10,477.1261291503906,480.1499938964844,483.25,468.1000061035156,483.25,1761012
2023-05-11,481.0015869140625,484.04998779296875,485.79998779296875,478.6000061035156,480.0,2023509
2023-05-12,496.70208740234375,499.8500061035156,513.25,497.25,509.0,13431020
2023-05-15,516.6257934570312,519.9000244140625,524.7000122070312,495.6000061035156,499.5,4278648
2023-05-16,504.5523376464844,507.75,525.0,502.0,521.9000244140625,5650467
2023-05-17,519.3087768554688,522.5999755859375,528.4000244140625,508.5,512.2999877929688,5215249
2023-05-18,530.8357543945312,534.2000122070312,536.0,520.0499877929688,524.9000244140625,4751726
2023-05-19,541.716796875,545.1500244140625,552.0999755859375,534.25,534.25,6724371
2023-05-22,549.0701293945312,552.5499877929688,558.8499755859375,543.25,549.9000244140625,12219797
2023-05-23,550.2626953125,553.75,564.75,546.4500122070312,558.0,9698831
2023-05-24,554.2374267578125,557.75,562.5,550.0,555.5499877929688,13088349
2023-05-25,533.320068359375,536.7000122070312,559.9000244140625,528.5,559.9000244140625,4286399
2023-05-26,536.7979125976562,540.2000122070312,556.9500122070312,535.0,540.4500122070312,4479668
2023-05-29,533.518798828125,536.9000244140625,548.0,534.0499877929688,542.4000244140625,2280303
2023-05-30,532.3759765625,535.75,546.7999877929688,532.5499877929688,539.7999877929688,7783524
2023-05-31,545.98974609375,549.4500122070312,562.0,522.1500244140625,542.0,101078986
2023-06-01,529.5936279296875,532.9500122070312,547.9000244140625,528.0999755859375,545.8499755859375,5171685
2023-06-02,527.6558837890625,531.0,539.0,527.5,532.0,3976828
2023-06-05,515.7811279296875,519.0499877929688,537.4000244140625,515.0,533.75,2212840
2023-06-06,520.6006469726562,523.9000244140625,528.0,508.79998779296875,510.0,3902253
2023-06-07,556.3241577148438,559.8499755859375,565.0,526.75,526.9500122070312,6091207
2023-06-08,553.8897094726562,557.4000244140625,562.0999755859375,549.0499877929688,559.8499755859375,3580397
2023-06-09,566.1121826171875,569.7000122070312,577.4000244140625,557.5,559.4000244140625,4518069
2023-06-12,563.2800903320312,566.8499755859375,573.7000122070312,562.9500122070312,571.9000244140625,986664
2023-06-13,572.9190063476562,576.5499877929688,579.7000122070312,567.0499877929688,569.0499877929688,4835369
2023-06-14,579.7259521484375,583.4000244140625,584.6500244140625,573.25,575.0,2597751
2023-06-15,581.3157348632812,585.0,593.4500122070312,575.6500244140625,585.6500244140625,1516197
2023-06-16,590.6566162109375,594.4000244140625,600.5499877929688,585.8499755859375,590.0,1938902
2023-06-19,597.8609619140625,601.6500244140625,630.0,595.5,597.3499755859375,2090957
2023-06-20,580.3717651367188,584.0499877929688,602.8499755859375,582.3499755859375,601.25,1970415
2023-06-21,575.7510986328125,579.4000244140625,594.7999877929688,575.5499877929688,588.4500122070312,2094468
2023-06-22,577.2913208007812,580.9500122070312,586.9500122070312,571.25,581.4000244140625,1288376
2023-06-23,576.8938598632812,580.5499877929688,585.5,565.25,577.0,1464594
2023-06-26,598.8546752929688,602.6500244140625,609.0,578.6500244140625,578.6500244140625,2073893
2023-06-27,605.8106689453125,609.6500244140625,616.8499755859375,605.8499755859375,609.6500244140625,1876097
2023-06-28,599.5006103515625,603.2999877929688,623.4500122070312,598.2999877929688,609.7000122070312,5720825
2023-06-30,595.6748657226562,599.4500122070312,620.8499755859375,596.7000122070312,609.0,2202968
2023-07-03,602.0344848632812,605.8499755859375,608.4000244140625,596.0,600.0,1215993
2023-07-04,590.1100463867188,593.8499755859375,608.5999755859375,590.1500244140625,605.0,1323219
2023-07-05,599.848388671875,603.6500244140625,612.3499755859375,593.8499755859375,598.0,4900045
2023-07-06,610.381591796875,614.25,618.5999755859375,602.0999755859375,607.7000122070312,6200292
2023-07-07,606.0590209960938,609.9000244140625,619.4000244140625,605.4000244140625,613.7999877929688,819005
2023-07-10,608.7916870117188,612.6500244140625,617.2000122070312,608.5999755859375,610.0,812693
2023-07-11,615.4992065429688,619.4000244140625,623.2000122070312,611.25,614.6500244140625,2169591
2023-07-12,611.3256225585938,615.2000122070312,621.4000244140625,611.4500122070312,621.0,1131249
2023-07-13,615.250732421875,619.1500244140625,623.0,614.0,617.9000244140625,1496863
2023-07-14,596.9666748046875,600.75,622.0999755859375,595.0499877929688,621.0,2456766
2023-07-17,608.1458129882812,612.0,613.0,599.1500244140625,604.2000122070312,2039007
2023-07-18,600.0968017578125,603.9000244140625,611.9500122070312,601.0,611.9000244140625,1057388
2023-07-19,607.6986083984375,611.5499877929688,614.75,600.0,605.0,2483696
2023-07-20,605.4130249023438,609.25,616.5499877929688,605.0499877929688,610.0,686740
2023-07-21,598.9539794921875,602.75,611.75,600.0,605.4500122070312,814579
2023-07-24,607.7979736328125,611.6500244140625,615.0,600.0,606.9000244140625,1127005
2023-07-25,607.052734375,610.9000244140625,618.0,605.4000244140625,614.2999877929688,1265799
2023-07-26,604.121337890625,607.9500122070312,614.2000122070312,602.0,614.2000122070312,1216343
2023-07-27,599.1527709960938,602.9500122070312,609.9500122070312,600.6500244140625,609.7999877929688,659020
2023-07-28,602.2332153320312,606.0499877929688,609.7999877929688,603.0,604.0,373573
2023-07-31,591.1534423828125,594.9000244140625,605.7999877929688,589.7999877929688,604.0,1734925
2023-08-01,568.6957397460938,572.2999877929688,594.9500122070312,568.25,594.9000244140625,2483065
2023-08-02,567.6027221679688,571.2000122070312,580.9000244140625,540.5,573.0,3918130
2023-08-03,552.2003784179688,555.7000122070312,574.0,546.7000122070312,571.2000122070312,3497717
2023-08-04,534.909912109375,538.2999877929688,552.2999877929688,527.0,550.0499877929688,4948029
2023-08-07,579.6762084960938,583.3499755859375,588.9500122070312,539.75,545.1500244140625,3104167
2023-08-08,555.9764404296875,559.5,591.9500122070312,554.0499877929688,590.0,2930572
2023-08-09,546.486572265625,549.9500122070312,559.0,545.4000244140625,558.0,2275351
2023-08-10,533.3697509765625,536.75,551.4500122070312,532.0999755859375,549.9500122070312,1880862
2023-08-11,526.5131225585938,529.8499755859375,540.9500122070312,525.5499877929688,537.1500244140625,2626634
2023-08-14,518.4144897460938,521.7000122070312,529.0,508.5,529.0,1978810
2023-08-16,528.6495361328125,532.0,538.8499755859375,512.6500244140625,521.7000122070312,3631270
2023-08-17,538.2885131835938,541.7000122070312,552.7000122070312,526.4000244140625,534.0,2257605
2023-08-18,530.040771484375,533.4000244140625,547.9500122070312,530.0,544.5,1426478
2023-08-21,547.5299072265625,551.0,554.7999877929688,530.0,530.7999877929688,1896773
2023-08-22,565.6650390625,569.25,570.0,548.5,551.0,1524899
2023-08-23,576.9435424804688,580.5999755859375,582.9500122070312,563.0499877929688,573.0,2227045
2023-08-24,559.75244140625,563.2999877929688,591.2000122070312,560.25,584.5499877929688,2650485
2023-08-25,550.113525390625,553.5999755859375,563.2999877929688,548.0,563.2999877929688,2226658
2023-08-28,551.4551391601562,554.9500122070312,561.25,551.0999755859375,560.0,1495246
2023-08-29,558.5599975585938,562.0999755859375,569.8499755859375,559.9500122070312,560.0,2057981
2023-08-30,571.7265625,575.3499755859375,578.4000244140625,563.0,563.0,1411015
2023-08-31,585.8370971679688,589.5499877929688,599.0,570.6500244140625,580.0,3059199
2023-09-01,571.3291015625,574.9500122070312,590.0,573.0,589.5499877929688,1244029
2023-09-04,571.13037109375,574.75,580.9000244140625,573.0,574.0,1737657
2023-09-05,590.706298828125,594.4500122070312,596.9500122070312,575.4500122070312,577.0,1604634
2023-09-06,584.8931274414062,588.5999755859375,595.0,580.5,593.4500122070312,1165805
2023-09-07,599.1527709960938,602.9500122070312,606.1500244140625,585.0,585.0,1855655
2023-09-08,600.1978759765625,603.0,608.7999877929688,593.0999755859375,596.5999755859375,1305445
2023-09-11,619.2589721679688,622.1500244140625,625.0,603.0,603.0,1437966
2023-09-12,615.5761108398438,618.4500122070312,628.0,605.0,628.0,3420837
2023-09-13,579.9922485351562,582.7000122070312,611.5,577.3499755859375,611.0,3433999
2023-09-14,581.2364501953125,583.9500122070312,588.7999877929688,582.0999755859375,586.7000122070312,1195049
2023-09-15,569.7898559570312,572.4500122070312,596.7999877929688,567.2000122070312,585.0,4633092
2023-09-18,571.7308349609375,574.4000244140625,582.4000244140625,565.5999755859375,572.4500122070312,1308820
2023-09-20,551.5748901367188,554.1500244140625,572.0,551.25,570.0,2159490
2023-09-21,553.6651000976562,556.25,565.5499877929688,547.5499877929688,554.7000122070312,1552347
2023-09-22,540.7255249023438,543.25,559.4000244140625,538.5,555.8499755859375,2153657
2023-09-25,553.5656127929688,556.1500244140625,561.5499877929688,531.0499877929688,543.4500122070312,2248687
2023-09-26,563.4195556640625,566.0499877929688,569.75,550.9500122070312,558.0,964757
2023-09-27,570.9345092773438,573.5999755859375,578.7999877929688,563.6500244140625,570.6500244140625,927353
2023-09-28,566.9530029296875,569.5999755859375,581.0,563.2000122070312,578.75,1088420
2023-09-29,564.7633666992188,567.4000244140625,574.7000122070312,558.7000122070312,569.9500122070312,1680436
2023-10-03,589.4480590820312,592.2000122070312,601.0,562.9500122070312,568.9500122070312,3015887
2023-10-04,567.5503540039062,570.2000122070312,590.0,563.3499755859375,590.0,1642684
2023-10-05,559.8861083984375,562.5,575.9000244140625,560.0,575.0,753385
2023-10-06,558.094482421875,560.7000122070312,567.7999877929688,558.0,564.0,1590442
2023-10-09,565.9577026367188,568.5999755859375,575.0999755859375,553.25,554.9000244140625,1046123
2023-10-10,552.4208984375,555.0,571.8499755859375,552.0,570.3499755859375,2636074
2023-10-11,571.2828979492188,573.9500122070312,586.8499755859375,562.5999755859375,563.7000122070312,2895695
2023-10-12,578.2006225585938,580.9000244140625,597.7000122070312,577.4500122070312,578.9000244140625,1897603
2023-10-13,580.0917358398438,582.7999877929688,595.0,578.5999755859375,581.7999877929688,1155915
2023-10-16,573.7713012695312,576.4500122070312,589.25,573.5999755859375,582.9000244140625,1225625
2023-10-17,571.233154296875,573.9000244140625,584.0,571.25,582.0,822914
2023-10-18,575.2144775390625,577.9000244140625,583.5999755859375,575.5499877929688,579.9000244140625,862247
2023-10-19,577.2052612304688,579.9000244140625,597.9500122070312,574.5999755859375,576.9000244140625,2949605
2023-10-20,581.3359375,584.0499877929688,586.4000244140625,570.6500244140625,579.9000244140625,862440
2023-10-23,575.1647338867188,577.8499755859375,585.2000122070312,573.6500244140625,585.0,671461
2023-10-25,566.4554443359375,569.0999755859375,580.9500122070312,549.0999755859375,580.0499877929688,2723739
2023-10-26,546.49853515625,549.0499877929688,562.0,538.6500244140625,562.0,1923369
2023-10-27,561.1800537109375,563.7999877929688,568.7000122070312,546.0,558.7999877929688,2562523
2023-10-30,573.4727172851562,576.1500244140625,581.9500122070312,562.0,563.5,1499242
2023-10-31,571.0838012695312,573.75,593.5499877929688,571.0,581.0,888784
2023-11-01,573.7713012695312,576.4500122070312,583.9500122070312,569.0499877929688,574.9500122070312,941968
2023-11-02,578.6982421875,581.4000244140625,589.0,576.0,578.9500122070312,783304
2023-11-03,575.46337890625,578.1500244140625,585.4500122070312,572.0499877929688,585.4500122070312,1792687
2023-11-06,591.2396850585938,594.0,609.0,570.0,582.9500122070312,1436518
2023-11-07,594.6737060546875,597.4500122070312,601.9000244140625,586.0499877929688,593.0,1207597
2023-11-08,587.8555297851562,590.5999755859375,599.5,583.9500122070312,598.0,1129811
2023-11-09,590.4932250976562,593.25,596.8499755859375,585.4000244140625,591.5,684644
2023-11-10,590.1448364257812,592.9000244140625,596.5999755859375,586.2000122070312,593.25,589487
2023-11-13,589.9954833984375,592.75,600.0,591.0499877929688,592.0,553676
2023-11-15,596.3658447265625,599.1500244140625,600.9500122070312,590.0999755859375,599.9000244140625,1593488
2023-11-16,612.540283203125,615.4000244140625,619.9500122070312,599.6500244140625,601.7999877929688,2079626
2023-11-17,604.9258422851562,607.75,623.6500244140625,605.4000244140625,616.9000244140625,1267033
2023-11-20,618.66162109375,621.5499877929688,633.2000122070312,609.8499755859375,612.0,1175478
2023-11-21,601.4918212890625,604.2999877929688,619.0,602.9500122070312,618.1500244140625,1401574
2023-11-22,613.7346801757812,616.5999755859375,620.9500122070312,600.4500122070312,605.2000122070312,1280034
2023-11-23,613.2868041992188,616.1500244140625,625.0999755859375,611.4000244140625,619.75,317529
2023-11-24,609.902587890625,612.75,622.6500244140625,610.5,614.0,406450
2023-11-28,598.8541870117188,601.6500244140625,620.0999755859375,599.1500244140625,611.0499877929688,1162012
2023-11-29,610.4002685546875,613.25,620.0499877929688,606.0999755859375,608.0999755859375,1325121
2023-11-30,632.845458984375,635.7999877929688,665.7000122070312,610.0,610.0,4826074
2023-12-01,649.3185424804688,652.3499755859375,654.7999877929688,622.2999877929688,628.75,2242286
2023-12-04,688.1870727539062,691.4000244140625,709.0,651.0499877929688,658.5,2292979
2023-12-05,679.8759155273438,683.0499877929688,704.6500244140625,676.0,704.6500244140625,2104240
2023-12-06,653.2501831054688,656.2999877929688,674.25,654.2999877929688,667.0499877929688,1640246
2023-12-07,665.7418823242188,668.8499755859375,672.2999877929688,652.0,658.2000122070312,925542
2023-12-08,675.0484619140625,678.2000122070312,682.2000122070312,665.4500122070312,668.8499755859375,1594882
2023-12-11,683.9070434570312,687.0999755859375,688.9500122070312,677.0499877929688,688.0,2210419
2023-12-12,696.2494506835938,699.5,701.7000122070312,687.7000122070312,692.0,2146543
2023-12-13,719.5407104492188,722.9000244140625,727.9000244140625,698.0,700.5499877929688,2023372
2023-12-14,701.076904296875,704.3499755859375,728.0,700.5999755859375,727.9000244140625,2951017
2023-12-15,685.0020141601562,688.2000122070312,704.3499755859375,685.0499877929688,704.3499755859375,2477767
2023-12-18,678.134033203125,681.2999877929688,697.25,678.0,694.4000244140625,1515137
2023-12-19,660.9144897460938,664.0,680.6500244140625,662.1500244140625,677.8499755859375,2165062
2023-12-20,647.2283325195312,650.25,674.5,649.0,671.5999755859375,1532341
2023-12-21,646.8302001953125,649.8499755859375,659.8499755859375,630.9000244140625,650.0,1703554
2023-12-22,645.8846435546875,648.9000244140625,656.7000122070312,636.0499877929688,656.7000122070312,1114675
2023-12-26,671.7139892578125,674.8499755859375,680.0,651.4000244140625,654.0,1132388
2023-12-27,674.7498168945312,677.9000244140625,683.0499877929688,668.6500244140625,678.0,712857
2023-12-28,681.6177978515625,684.7999877929688,688.7999877929688,679.25,680.8499755859375,556324
2023-12-29,683.06103515625,686.25,689.9000244140625,673.5,684.7999877929688,461141
2024-01-01,685.2508544921875,688.4500122070312,694.6500244140625,684.25,689.0,222961
2024-01-02,674.7000732421875,677.8499755859375,694.0,672.5499877929688,688.4500122070312,637956
2024-01-03,687.6895141601562,690.9000244140625,692.8499755859375,669.4500122070312,678.25,823250
2024-01-04,734.3217163085938,737.75,745.9500122070312,692.0499877929688,696.9000244140625,2104329
2024-01-05,711.4285278320312,714.75,735.0,709.2000122070312,735.0,1790608
2024-01-08,701.1764526367188,704.4500122070312,719.9500122070312,697.5499877929688,719.0,1008539
2024-01-09,712.8718872070312,716.2000122070312,720.9000244140625,704.7999877929688,709.2000122070312,1622878
2024-01-10,730.7882690429688,734.2000122070312,741.2999877929688,715.0999755859375,718.0,1662467
2024-01-11,739.5473022460938,743.0,748.0,731.1500244140625,735.9000244140625,784676
2024-01-12,734.0230712890625,737.4500122070312,760.0,730.5,749.9000244140625,886563
2024-01-15,724.41796875,727.7999877929688,739.75,720.2999877929688,725.0,1528224
2024-01-16,714.862548828125,718.2000122070312,738.0,709.8499755859375,732.0,1671115
2024-01-17,728.4490966796875,731.8499755859375,742.5,705.0,711.0,2519522
2024-01-18,701.6243286132812,704.9000244140625,724.8499755859375,699.5,719.0999755859375,6894521
2024-01-19,728.3992919921875,731.7999877929688,738.4000244140625,711.2999877929688,715.0,4643725
2024-01-23,772.4437255859375,776.0499877929688,804.6500244140625,750.4500122070312,757.0,4986823
2024-01-24,733.6249389648438,737.0499877929688,779.6500244140625,728.2999877929688,767.0499877929688,8408539
2024-01-25,729.0961303710938,732.5,752.25,715.0999755859375,738.0,2656478
2024-01-29,721.7802734375,725.1500244140625,731.3499755859375,694.7999877929688,696.7000122070312,2966004
2024-01-30,732.97802734375,736.4000244140625,755.5999755859375,723.9500122070312,730.0,2330223
2024-01-31,777.1716918945312,780.7999877929688,797.7999877929688,722.2000122070312,734.0499877929688,4981773
2024-02-01,799.3679809570312,803.0999755859375,812.5,772.25,780.0,3758898
2024-02-02,762.838623046875,766.4000244140625,795.5,762.1500244140625,795.5,5599059
2024-02-05,785.8810424804688,789.5499877929688,794.2999877929688,776.0,779.0,1428938
2024-02-06,817.5830078125,821.4000244140625,828.0999755859375,790.25,794.0,1817434
2024-02-07,828.4820556640625,832.3499755859375,844.9500122070312,799.5999755859375,830.0,1666580
2024-02-08,858.29296875,862.2999877929688,878.0,832.3499755859375,839.0,2225158
2024-02-09,870.336669921875,874.4000244140625,883.9000244140625,860.0,871.2000122070312,7995614
2024-02-12,871.8297729492188,875.9000244140625,897.6500244140625,865.9500122070312,880.0,2532944
2024-02-13,894.921875,899.0999755859375,910.0,872.0999755859375,880.0,2698960
2024-02-14,875.6121215820312,879.7000122070312,896.5499877929688,860.5,896.5499877929688,2925047
2024-02-15,860.0845947265625,864.0999755859375,880.9500122070312,858.6500244140625,880.9500122070312,1124585
2024-02-16,861.4282836914062,865.4500122070312,872.0,852.7999877929688,864.0999755859375,1395652
2024-02-19,838.833740234375,842.75,875.0,839.0,875.0,1320301
2024-02-20,862.1250610351562,866.1500244140625,869.5499877929688,840.0,842.7999877929688,1054960
2024-02-21,850.0812377929688,854.0499877929688,869.9500122070312,840.4500122070312,865.9500122070312,1213900
2024-02-22,853.9134521484375,857.9000244140625,867.2000122070312,842.5499877929688,863.4000244140625,1174562
2024-02-23,847.9412841796875,851.9000244140625,859.0,843.9500122070312,856.0,2527769
2024-02-26,831.21923828125,835.0999755859375,862.0,829.2999877929688,850.0499877929688,2707416
2024-02-27,845.9506225585938,849.9000244140625,861.9000244140625,824.0,840.0,3834883
2024-02-28,847.5928955078125,851.5499877929688,868.5499877929688,842.0,857.0,2578836
2024-02-29,789.663330078125,793.3499755859375,856.3499755859375,773.2999877929688,851.9000244140625,12329497
2024-03-01,733.326416015625,736.75,786.5999755859375,706.4500122070312,786.5999755859375,20868068
2024-03-04,743.9269409179688,747.4000244140625,769.0,727.1500244140625,769.0,10277103
2024-03-05,726.5082397460938,729.9000244140625,773.7999877929688,725.0,742.0499877929688,9897323
2024-03-06,755.9706420898438,759.5,764.75,727.5,734.5,4664547
2024-03-07,746.6641845703125,750.1500244140625,768.25,742.0999755859375,758.5999755859375,2207414
2024-03-11,762.0422973632812,765.5999755859375,787.6500244140625,752.25,781.0,4521321
2024-03-12,764.4310913085938,768.0,771.7999877929688,750.7999877929688,771.0,1566168
2024-03-13,740.9905395507812,744.4500122070312,773.0,735.0,770.0,2367867
2024-03-14,728.94677734375,732.3499755859375,746.9000244140625,725.4000244140625,742.4500122070312,2699327
2024-03-15,723.5718994140625,726.9500122070312,738.9500122070312,721.2999877929688,732.0,2386791
2024-03-18,727.0556640625,730.4500122070312,736.1500244140625,719.4500122070312,726.7999877929688,3704848
2024-03-19,731.4351806640625,734.8499755859375,738.7999877929688,720.9000244140625,730.0,1457609
2024-03-20,754.3282470703125,757.8499755859375,763.9000244140625,732.5999755859375,734.8499755859375,3098570
2024-03-21,745.3203735351562,748.7999877929688,773.0,741.0,773.0,3171469
2024-03-22,735.6156616210938,739.0499877929688,749.9500122070312,730.2000122070312,749.9500122070312,3277615
2024-03-26,771.7469482421875,775.3499755859375,783.0,737.5,745.0,4356667
2024-03-27,798.57177734375,802.2999877929688,812.25,756.0499877929688,773.9000244140625,4521190
2024-03-28,816.0899658203125,819.9000244140625,827.0,797.2999877929688,824.9500122070312,2915768
2024-04-01,813.4522705078125,817.25,833.4000244140625,813.25,833.4000244140625,1288099
2024-04-02,817.7322998046875,821.5499877929688,832.9500122070312,803.5499877929688,832.9500122070312,1445651
2024-04-03,815.3932495117188,819.2000122070312,828.4000244140625,813.9500122070312,821.5499877929688,1159122
2024-04-04,818.7276000976562,822.5499877929688,829.8499755859375,814.5,822.7999877929688,920610
2024-04-05,801.1597290039062,804.9000244140625,827.9500122070312,801.0,819.0999755859375,1332077
2024-04-08,816.7369384765625,820.5499877929688,825.7999877929688,806.1500244140625,808.0,945713
2024-04-09,824.5504760742188,828.4000244140625,833.8499755859375,819.5499877929688,824.7999877929688,1047058
2024-04-10,860.3333740234375,864.3499755859375,868.0,829.0,833.9500122070312,1499624
2024-04-12,866.4050903320312,870.4500122070312,894.7999877929688,852.0,861.0,2913519
2024-04-15,829.4774169921875,833.3499755859375,861.0,830.0,855.0,1235862
2024-04-16,814.1489868164062,817.9500122070312,829.9500122070312,807.5999755859375,829.2000122070312,1607447
2024-04-18,774.4841918945312,778.0999755859375,827.5,770.0,823.6500244140625,2900471
2024-04-19,769.2586059570312,772.8499755859375,779.5499877929688,748.4500122070312,779.0,1911786
2024-04-22,754.52734375,758.0499877929688,778.9500122070312,752.5499877929688,770.0,2700907
2024-04-23,757.0654907226562,760.5999755859375,768.9500122070312,757.5,766.7999877929688,2056157
2024-04-24,807.2312622070312,811.0,816.7000122070312,760.5999755859375,772.0,3118514
2024-04-25,799.7163696289062,803.4500122070312,814.9500122070312,796.5,810.0,1069386
2024-04-26,799.4676513671875,803.2000122070312,814.3499755859375,799.9000244140625,803.4500122070312,804242
2024-04-29,834.2053833007812,838.0999755859375,845.9500122070312,762.3499755859375,763.0499877929688,4253996
2024-04-30,836.3951416015625,840.2999877929688,854.2999877929688,831.0999755859375,837.0,1493625
2024-05-02,811.1132202148438,814.9000244140625,834.0,810.5499877929688,832.5,1579718
2024-05-03,809.669921875,813.4500122070312,827.8499755859375,805.4500122070312,818.6500244140625,3294764
2024-05-06,827.4866943359375,831.3499755859375,835.8499755859375,812.0,820.0,787489
2024-05-07,801.458251953125,805.2000122070312,831.3499755859375,800.0,826.0,912895
2024-05-08,800.3633422851562,804.0999755859375,812.8499755859375,793.0,805.5499877929688,1299505
2024-05-09,792.4503173828125,796.1500244140625,810.2999877929688,790.8499755859375,808.0,4796746
2024-05-10,807.6294555664062,811.4000244140625,814.0,782.25,792.0,674652
2024-05-13,796.829833984375,800.5499877929688,811.9500122070312,783.0499877929688,805.0,4016172
2024-05-14,811.1132202148438,814.9000244140625,829.8499755859375,801.2000122070312,808.0,2792747
2024-05-15,825.6453247070312,829.5,841.7999877929688,814.25,815.0,1209042
2024-05-16,845.1044921875,849.0499877929688,851.0499877929688,821.0,821.0,1106386
2024-05-17,837.88818359375,841.7999877929688,847.8499755859375,832.7000122070312,845.2999877929688,664703
2024-05-21,831.1197509765625,835.0,844.0499877929688,805.0,805.0,1889743
2024-05-22,834.4044799804688,838.2999877929688,867.5,830.2000122070312,838.0,2535401
2024-05-23,799.3182983398438,803.0499877929688,853.9500122070312,793.7000122070312,841.4500122070312,2188356
2024-05-24,785.731689453125,789.4000244140625,806.2999877929688,784.4000244140625,803.0499877929688,1476510
2024-05-27,800.4629516601562,804.2000122070312,810.0,781.4000244140625,789.9500122070312,1613902
2024-05-28,788.2698364257812,791.9500122070312,817.5,780.5499877929688,804.6500244140625,1311648
2024-05-29,785.3335571289062,789.0,794.0,780.7999877929688,791.9500122070312,1720200
2024-05-30,777.0721435546875,780.7000122070312,795.9000244140625,773.0,783.5999755859375,1858632
2024-05-31,748.306396484375,751.7999877929688,783.4000244140625,743.0999755859375,780.7000122070312,5523537
2024-06-03,761.6441650390625,765.2000122070312,777.0,747.2999877929688,760.0,1961060
2024-06-04,777.1218872070312,780.75,792.0,749.25,769.5,3974176
2024-06-05,818.4290161132812,822.25,839.5,760.75,786.75,2613903
2024-06-06,826.2425537109375,830.0999755859375,837.1500244140625,812.0499877929688,822.4000244140625,1354996
2024-06-07,823.2564697265625,827.0999755859375,840.5999755859375,813.5999755859375,816.0,1112638
2024-06-10,807.977783203125,811.75,848.7000122070312,808.0999755859375,826.7000122070312,1813265
2024-06-11,798.7708129882812,802.5,815.3499755859375,799.2000122070312,811.0,2174198
2024-06-12,866.454833984375,870.5,877.7999877929688,807.5,811.0,6539603
2024-06-13,885.9140014648438,890.0499877929688,914.7999877929688,881.5499877929688,910.5,3746631
2024-06-14,923.588134765625,927.9000244140625,936.4000244140625,893.0499877929688,896.2000122070312,3458123
2024-06-18,898.8535766601562,903.0499877929688,928.25,900.0,928.0,937534
2024-06-19,895.7680053710938,899.9500122070312,926.0,890.0499877929688,903.0,1972290
2024-06-20,930.4560546875,934.7999877929688,940.8499755859375,883.0,896.4500122070312,1973607
2024-06-21,923.9364624023438,928.25,979.9000244140625,912.1500244140625,948.0,3933171
2024-06-24,893.677734375,897.8499755859375,924.2999877929688,891.0,924.2999877929688,1541108
2024-06-25,889.2981567382812,893.4500122070312,904.8499755859375,882.0,897.8499755859375,914901
2024-06-26,875.36328125,879.4500122070312,887.8499755859375,851.3499755859375,875.6500244140625,1893147
2024-06-27,916.4713134765625,920.75,945.0,878.3499755859375,879.9000244140625,4279455
2024-06-28,936.2788696289062,940.6500244140625,950.0,891.9500122070312,892.0,1943891
2024-07-01,951.3583984375,955.7999877929688,959.9000244140625,925.9500122070312,946.2999877929688,998066
2024-07-02,908.8568115234375,913.0999755859375,957.7999877929688,904.0,949.9500122070312,4247648
2024-07-03,918.2630004882812,922.5499877929688,925.0,912.5,921.7000122070312,1316052
2024-07-04,913.5350341796875,917.7999877929688,926.2999877929688,913.5,922.5499877929688,721831
2024-07-05,909.5535888671875,913.7999877929688,925.0,910.2000122070312,913.0,1337555
2024-07-08,922.0950927734375,926.4000244140625,936.0,914.9000244140625,925.0,2148540
2024-07-09,913.3857421875,917.6500244140625,965.5999755859375,908.5999755859375,935.9500122070312,1856257
2024-07-10,903.3326416015625,907.5499877929688,927.5,900.7999877929688,920.5,1592036
2024-07-11,893.1800537109375,897.3499755859375,908.5999755859375,886.1500244140625,908.0499877929688,2215017
2024-07-12,896.3154296875,900.5,906.9500122070312,893.0,904.3499755859375,825677
2024-07-15,916.9192504882812,921.2000122070312,924.4000244140625,896.0,896.0,1455119
2024-07-16,916.7201538085938,921.0,926.2999877929688,908.5,926.2999877929688,960167
2024-07-18,930.2071533203125,934.5499877929688,939.7000122070312,893.2999877929688,912.9500122070312,1914995
2024-07-19,916.1727905273438,920.4500122070312,931.8499755859375,895.0999755859375,930.2999877929688,1101792
2024-07-22,925.9769897460938,930.2999877929688,942.0,908.75,915.4500122070312,1229668
2024-07-23,930.7545776367188,935.0999755859375,938.0,902.3499755859375,924.5999755859375,1061114
2024-07-24,943.196533203125,947.5999755859375,964.6500244140625,917.1500244140625,927.0,1342456
2024-07-25,922.1448364257812,926.4500122070312,945.0,915.9500122070312,926.0,862331
2024-07-26,944.0923461914062,948.5,963.6500244140625,928.0,929.4500122070312,909751
2024-07-29,929.75927734375,934.0999755859375,960.9500122070312,928.4000244140625,958.9500122070312,1100907
2024-07-30,913.7838745117188,918.0499877929688,939.0,916.0,934.2000122070312,988389
2024-07-31,917.96435546875,922.25,927.9500122070312,915.25,924.0,813478
2024-08-01,919.7061767578125,924.0,934.9500122070312,909.4500122070312,934.9500122070312,701804
2024-08-02,912.0419921875,916.2999877929688,921.0,903.5499877929688,920.0,813314
2024-08-05,861.7269287109375,865.75,908.5999755859375,861.0,905.0,1300858
2024-08-06,859.4873657226562,863.5,879.5499877929688,856.0999755859375,867.4500122070312,1719713
2024-08-07,850.628662109375,854.5999755859375,873.5499877929688,845.9000244140625,870.0,2338430
2024-08-08,870.8842163085938,874.9500122070312,885.7000122070312,851.1500244140625,855.0,1490179
2024-08-09,879.0958251953125,883.2000122070312,894.7000122070312,879.3499755859375,887.8499755859375,304440
2024-08-12,866.6041259765625,870.6500244140625,882.7000122070312,861.2000122070312,879.9500122070312,630879
2024-08-13,864.2650146484375,868.2999877929688,872.0,860.5,865.5,883102
2024-08-14,865.9570922851562,870.0,877.9500122070312,852.2999877929688,863.0499877929688,1889274
2024-08-16,881.0367431640625,885.1500244140625,892.0,869.9500122070312,870.5,785855
2024-08-19,870.4859619140625,874.5499877929688,888.5,866.2000122070312,886.0,390349
2024-08-20,873.4720458984375,877.5499877929688,884.3499755859375,871.0499877929688,881.9500122070312,425103
2024-08-21,863.46875,867.5,881.2999877929688,864.75,880.0,647192
2024-08-22,864.3147583007812,868.3499755859375,881.0,865.5499877929688,872.0999755859375,589973
2024-08-23,850.4554443359375,852.9500122070312,873.0499877929688,849.0999755859375,868.0999755859375,915786
2024-08-26,858.3323364257812,860.8499755859375,863.7999877929688,836.5999755859375,853.8499755859375,1606807
2024-08-27,851.801513671875,854.2999877929688,868.2999877929688,850.25,868.2999877929688,808632
2024-08-28,863.2678833007812,865.7999877929688,868.75,850.2000122070312,854.9500122070312,2209821
2024-08-29,864.015625,866.5499877929688,870.9500122070312,859.5999755859375,865.7999877929688,747326
2024-08-30,859.9276733398438,862.4500122070312,876.8499755859375,858.3499755859375,870.4000244140625,2575591
2024-09-02,879.3706665039062,881.9500122070312,884.0,863.2000122070312,869.9500122070312,1664452
2024-09-03,869.2503051757812,871.7999877929688,892.0,865.0,884.9500122070312,1429045
2024-09-04,878.5730590820312,881.1500244140625,885.0,860.25,870.0,1517929
2024-09-05,882.9102783203125,885.5,913.25,867.5499877929688,881.1500244140625,2118993
2024-09-06,895.9220581054688,898.5499877929688,903.3499755859375,881.0499877929688,884.9500122070312,1762540
2024-09-09,879.8193359375,882.4000244140625,909.2000122070312,873.5,907.0,1456256
2024-09-10,876.1799926757812,878.75,906.7999877929688,875.75,889.4000244140625,1200151
2024-09-11,874.4351196289062,877.0,902.0,874.2999877929688,886.9500122070312,1174280
2024-09-12,911.1275024414062,913.7999877929688,923.7999877929688,884.4500122070312,889.4500122070312,3313064
2024-09-13,905.344482421875,908.0,926.0999755859375,896.0499877929688,915.0,1781839
2024-09-16,928.2771606445312,931.0,936.9500122070312,915.0,923.9000244140625,1607286
2024-09-17,961.878662109375,964.7000122070312,977.0,926.0999755859375,935.0,3214818
2024-09-18,960.1337890625,962.9500122070312,975.0499877929688,941.2999877929688,964.7000122070312,1194052
2024-09-19,981.9696655273438,984.8499755859375,999.0,942.0499877929688,955.0,2078476
2024-09-20,1064.82666015625,1067.949951171875,1090.0,973.25,981.0,9930210
2024-09-23,1051.1168212890625,1054.199951171875,1067.25,1028.0,1062.0999755859375,2106105
2024-09-24,1027.3865966796875,1030.4000244140625,1118.0,1021.0499877929688,1070.5,5117353
2024-09-25,986.955078125,989.8499755859375,1023.4000244140625,972.5,1023.4000244140625,4808811
2024-09-26,994.43310546875,997.3499755859375,999.0,975.0999755859375,990.0,3734695
2024-09-27,991.8406982421875,994.75,999.75,976.5999755859375,995.9500122070312,3754632
2024-09-30,982.8670654296875,985.75,996.5,953.0,953.7000122070312,2911879
2024-10-01,967.362548828125,970.2000122070312,988.7000122070312,965.3499755859375,986.5,1331140
2024-10-03,939.3946533203125,942.1500244140625,963.9500122070312,923.0,963.9500122070312,4576130
2024-10-04,923.6407470703125,926.3499755859375,938.8499755859375,907.75,928.3499755859375,4535448
2024-10-07,913.7199096679688,916.4000244140625,944.9500122070312,912.0,930.2999877929688,1939023
2024-10-08,953.0545043945312,955.8499755859375,963.9000244140625,913.0,916.0,5189872
2024-10-09,959.4856567382812,962.2999877929688,978.2999877929688,957.0,969.0999755859375,2113304
2024-10-10,949.564697265625,952.3499755859375,968.25,942.5999755859375,965.7999877929688,861912
2024-10-11,937.0514526367188,939.7999877929688,956.6500244140625,936.0,954.9500122070312,511823
2024-10-14,944.4796752929688,947.25,952.0,937.7000122070312,944.4000244140625,390147
2024-10-15,966.1660766601562,969.0,978.0,945.1500244140625,947.25,1248161
2024-10-16,961.3800659179688,964.2000122070312,982.0,956.2999877929688,979.0,980164
2024-10-17,934.5089111328125,937.25,964.2000122070312,931.5,961.4000244140625,913329
2024-10-18,934.658447265625,937.4000244140625,942.5,924.7999877929688,942.5,1130741
2024-10-21,948.6674194335938,951.4500122070312,957.2999877929688,939.6500244140625,940.0999755859375,1750064
2024-10-22,920.5000610351562,923.2000122070312,958.0,913.0,958.0,2961005
2024-10-23,911.5263671875,914.2000122070312,924.9500122070312,892.2000122070312,899.0499877929688,2094338
2024-10-24,903.4999389648438,906.1500244140625,912.7999877929688,888.9000244140625,903.0,2265093
2024-10-25,935.2567138671875,938.0,943.0,902.4500122070312,903.2000122070312,1472612
2024-10-28,965.1690063476562,968.0,973.5,937.9500122070312,938.0,1766407
2024-10-29,991.5914916992188,994.5,999.0,965.2999877929688,968.0,1829755
2024-10-30,989.44775390625,992.3499755859375,997.1500244140625,975.2999877929688,975.2999877929688,1435812
2024-10-31,1014.6239013671875,1017.5999755859375,1023.9500122070312,992.3499755859375,993.7999877929688,1763920
2024-11-01,1004.6033325195312,1007.5499877929688,1025.0,1000.1500244140625,1025.0,85775
2024-11-04,1033.568359375,1036.5999755859375,1049.800048828125,1010.75,1028.0,4668492
2024-11-05,1041.544921875,1044.5999755859375,1050.0,1013.1500244140625,1030.0,1983513
2024-11-06,1076.74169921875,1079.9000244140625,1092.949951171875,1033.949951171875,1043.0,1851836
2024-11-07,1075.5950927734375,1078.75,1109.0,1067.6500244140625,1090.5,1932495
2024-11-08,1076.0936279296875,1079.25,1097.0,1067.0999755859375,1087.25,795545
2024-11-11,1022.0022583007812,1025.0,1080.0,1020.4000244140625,1070.1500244140625,2272381
2024-11-12,1027.685546875,1030.699951171875,1064.800048828125,1029.050048828125,1030.0,2388597
2024-11-13,998.9698486328125,1001.9000244140625,1036.300048828125,992.9000244140625,1014.2000122070312,2268100
2024-11-14,1003.30712890625,1006.25,1025.4000244140625,996.2999877929688,1010.4000244140625,1048104
2024-11-18,996.92578125,999.8499755859375,1058.8499755859375,987.0499877929688,1055.0999755859375,2909039
2024-11-19,994.8818359375,997.7999877929688,1009.0,994.0999755859375,1009.0,742789
2024-11-21,987.2542114257812,990.1500244140625,1001.5499877929688,977.0,983.0,1049531
2024-11-22,997.0255737304688,999.9500122070312,1007.0,936.25,941.9500122070312,1895207
2024-11-25,968.9080200195312,971.75,1014.9500122070312,964.0499877929688,1014.9500122070312,4346421
2024-11-26,982.8670654296875,985.75,1012.0,975.0499877929688,976.0,986550
2024-11-27,1003.2074584960938,1006.1500244140625,1018.8499755859375,970.1500244140625,995.9500122070312,2231913
2024-11-28,973.9930419921875,976.8499755859375,1014.9500122070312,973.5,1014.9500122070312,1957971
2024-11-29,976.8846435546875,979.75,984.1500244140625,970.0999755859375,982.0,2495600
2024-12-02,1016.2192993164062,1019.2000122070312,1022.9000244140625,970.1500244140625,974.9500122070312,1671142
2024-12-03,1031.3248291015625,1034.3499755859375,1048.449951171875,1024.050048828125,1027.9000244140625,2589669
2024-12-04,1061.137451171875,1064.25,1067.0,1027.0,1038.0,2239101
2024-12-05,1093.6920166015625,1096.9000244140625,1106.0,1065.449951171875,1074.5999755859375,3906338
2024-12-06,1092.9442138671875,1096.1500244140625,1101.800048828125,1082.0,1098.550048828125,1100362
2024-12-09,1113.6832275390625,1116.949951171875,1122.449951171875,1062.050048828125,1062.050048828125,1499766
2024-12-10,1113.8826904296875,1117.1500244140625,1129.449951171875,1110.800048828125,1117.0,2260671
2024-12-11,1128.888671875,1132.199951171875,1137.0,1096.300048828125,1110.050048828125,4400116
2024-12-12,1164.284912109375,1167.699951171875,1171.0,1126.199951171875,1132.0,3466683
2024-12-13,1176.598876953125,1180.050048828125,1194.5999755859375,1161.800048828125,1172.0999755859375,2793424
2024-12-16,1181.3349609375,1184.800048828125,1188.0999755859375,1170.050048828125,1180.050048828125,1482018
2024-12-17,1205.2149658203125,1208.75,1215.550048828125,1170.9000244140625,1175.1500244140625,2408104
2024-12-18,1189.81005859375,1193.300048828125,1204.949951171875,1180.8499755859375,1193.050048828125,2550592
2024-12-19,1177.246826171875,1180.699951171875,1202.0,1153.0999755859375,1170.0,2910694
2024-12-20,1161.792236328125,1165.199951171875,1200.0,1159.75,1180.699951171875,3690684
2024-12-23,1137.7626953125,1141.0999755859375,1187.800048828125,1136.550048828125,1173.699951171875,1120494
2024-12-24,1135.7188720703125,1139.050048828125,1151.9000244140625,1133.3499755859375,1151.449951171875,750823
2024-12-26,1152.3199462890625,1155.699951171875,1167.949951171875,1130.3499755859375,1148.6500244140625,681936
2024-12-27,1123.105712890625,1126.4000244140625,1164.6500244140625,1120.5,1163.5,767182
2024-12-30,1158.7012939453125,1162.0999755859375,1208.0,1100.0999755859375,1105.0,2095498
2024-12-31,1124.8507080078125,1128.1500244140625,1155.0999755859375,1125.949951171875,1143.699951171875,1024195
2025-01-01,1136.26708984375,1139.5999755859375,1146.0,1125.300048828125,1128.1500244140625,288372
2025-01-02,1155.9593505859375,1159.3499755859375,1164.949951171875,1136.0999755859375,1146.0,549223
2025-01-03,1174.90380859375,1178.3499755859375,1188.3499755859375,1154.9000244140625,1160.0,2301740
2025-01-06,1149.8272705078125,1153.199951171875,1186.199951171875,1145.0,1181.9000244140625,1250365
2025-01-07,1194.8453369140625,1198.3499755859375,1204.949951171875,1155.6500244140625,1170.0,1976892
2025-01-08,1199.6810302734375,1203.199951171875,1227.949951171875,1190.050048828125,1220.0999755859375,2659177
2025-01-09,1205.0653076171875,1208.5999755859375,1224.449951171875,1185.4000244140625,1206.949951171875,1851938
2025-01-10,1146.5369873046875,1149.9000244140625,1212.0999755859375,1144.3499755859375,1208.0,1033126
2025-01-13,1079.2841796875,1082.449951171875,1127.449951171875,1069.25,1122.300048828125,2265175
2025-01-14,1081.7271728515625,1084.9000244140625,1107.0,1067.5,1102.4000244140625,1739436
2025-01-15,1036.01123046875,1039.050048828125,1085.050048828125,1035.5,1084.9000244140625,4749303
2025-01-16,1046.8792724609375,1049.949951171875,1060.5999755859375,1038.25,1053.3499755859375,1656965
2025-01-17,1023.6474609375,1026.6500244140625,1056.449951171875,1008.7000122070312,1051.25,2750545
2025-01-20,1061.78564453125,1064.9000244140625,1066.75,1015.75,1026.6500244140625,2656505
2025-01-21,1075.046630859375,1078.199951171875,1088.0,1061.6500244140625,1068.0,2450803
2025-01-22,1063.28125,1066.4000244140625,1082.75,1048.550048828125,1073.0,1569733
2025-01-23,1079.6829833984375,1082.8499755859375,1088.0,1059.0,1065.0,1467332
2025-01-24,1052.662353515625,1055.75,1087.0,1051.949951171875,1080.0,756024
2025-01-27,1026.937744140625,1029.949951171875,1042.949951171875,1015.9000244140625,1040.3499755859375,702909
2025-01-28,1018.662109375,1021.6500244140625,1043.800048828125,982.0,1015.0,2125229
2025-01-29,1022.0022583007812,1025.0,1032.4000244140625,1000.0,1011.0,1074681
2025-01-30,1040.7972412109375,1043.8499755859375,1058.4000244140625,998.0,1040.0999755859375,3974586
2025-01-31,1058.146240234375,1061.25,1069.0,1029.75,1046.0,2955047
2025-02-01,1105.0087890625,1108.25,1117.75,1067.25,1073.449951171875,1484218
2025-02-03,1141.6512451171875,1145.0,1150.0,1090.550048828125,1125.0,2635417
2025-02-04,1170.86572265625,1174.300048828125,1184.0,1145.0,1150.199951171875,2429222
2025-02-05,1166.279052734375,1169.699951171875,1200.949951171875,1164.25,1180.0,1565195
2025-02-06,1122.4576416015625,1125.75,1187.949951171875,1121.0,1185.0,1003312
2025-02-07,1139.8564453125,1143.199951171875,1147.050048828125,1110.5999755859375,1133.0,1906494
2025-02-10,1068.7152099609375,1071.8499755859375,1140.0,1065.0,1140.0,3230751
2025-02-11,1016.967041015625,1019.9500122070312,1078.0,1017.0,1077.1500244140625,7134442
2025-02-12,1001.8613891601562,1004.7999877929688,1019.0,989.5,995.0999755859375,7802242
2025-02-13,998.7205810546875,1001.6500244140625,1011.9000244140625,995.5499877929688,1004.6500244140625,2877673
2025-02-14,1000.7147216796875,1003.6500244140625,1010.0,982.4000244140625,1004.0,3192821
2025-02-17,1011.6826171875,1014.6500244140625,1022.0,978.5999755859375,986.7999877929688,2499429
2025-02-18,1035.1636962890625,1038.199951171875,1047.0,1005.0,1045.949951171875,3381321
2025-02-19,1016.5183715820312,1019.5,1044.800048828125,1015.9000244140625,1039.449951171875,1751070
2025-02-20,1028.832275390625,1031.8499755859375,1039.1500244140625,1011.7999877929688,1023.7000122070312,1900045
2025-02-21,1007.29541015625,1010.25,1039.0999755859375,1005.0,1031.9000244140625,926535
2025-02-24,985.0606689453125,987.9500122070312,1004.9500122070312,980.75,1000.0,1840297
2025-02-25,1019.908447265625,1022.9000244140625,1028.0,986.0,994.4000244140625,2747013
2025-02-27,1013.1282958984375,1016.0999755859375,1037.949951171875,1008.25,1027.800048828125,3750612
2025-02-28,975.2394409179688,978.0999755859375,1012.0,965.0499877929688,1009.5999755859375,3484870
2025-03-03,970.9520263671875,973.7999877929688,988.2999877929688,945.0999755859375,961.0,2695279
2025-03-04,985.5591430664062,988.4500122070312,1005.0499877929688,940.0499877929688,961.5,2637232
2025-03-05,1018.911376953125,1021.9000244140625,1024.550048828125,966.5,966.5,3569080
2025-03-06,996.9757080078125,999.9000244140625,1023.4500122070312,996.1500244140625,1022.0,2676754
2025-03-07,977.8817138671875,980.75,1012.7000122070312,977.1500244140625,1004.9000244140625,1323765
2025-03-10,961.4797973632812,964.2999877929688,980.5,955.0,980.0,2613900
2025-03-11,980.4242553710938,983.2999877929688,987.8499755859375,956.5999755859375,957.5499877929688,1479746
2025-03-12,986.8554077148438,989.75,995.0,960.0,994.7999877929688,2239455
2025-03-13,987.8026123046875,990.7000122070312,1009.7000122070312,979.0499877929688,994.6500244140625,1963406
2025-03-17,994.9815673828125,997.9000244140625,1003.25,980.3499755859375,995.2000122070312,1751252
2025-03-18,994.9815673828125,997.9000244140625,997.9000244140625,997.9000244140625,997.9000244140625,0
2025-03-19,1084.2696533203125,1087.449951171875,1091.449951171875,1025.0,1025.1500244140625,2753959
2025-03-20,1132.528076171875,1135.8499755859375,1138.8499755859375,1082.050048828125,1098.3499755859375,4225204
2025-03-21,1166.8275146484375,1170.25,1189.5,1119.75,1126.050048828125,5814033
2025-03-24,1142.897705078125,1146.25,1180.0,1144.0,1174.6500244140625,2773097
2025-03-25,1169.320068359375,1172.75,1177.5999755859375,1149.449951171875,1157.5999755859375,2312993
2025-03-26,1119.2669677734375,1122.550048828125,1174.949951171875,1118.699951171875,1148.699951171875,1809235
2025-03-27,1126.0970458984375,1129.4000244140625,1139.300048828125,1110.699951171875,1113.0,2435413
2025-03-28,1093.7418212890625,1096.949951171875,1164.6500244140625,1090.550048828125,1131.4000244140625,1990409
2025-04-01,1080.430908203125,1083.5999755859375,1123.1500244140625,1079.4000244140625,1106.0,1308510
2025-04-02,1091.54833984375,1094.75,1099.1500244140625,1079.699951171875,1094.0999755859375,873303
2025-04-03,1118.0206298828125,1121.300048828125,1124.300048828125,1094.5,1094.8499755859375,1442279
2025-04-04,1134.3228759765625,1137.6500244140625,1149.9000244140625,1115.050048828125,1129.6500244140625,3280000
2025-04-07,1072.3546142578125,1075.5,1114.9000244140625,1065.050048828125,1085.199951171875,3917172
2025-04-08,1070.310546875,1073.449951171875,1116.199951171875,1067.25,1116.199951171875,3121751
2025-04-09,1119.865234375,1123.1500244140625,1127.9000244140625,1072.9000244140625,1095.0,2739663
2025-04-11,1086.1142578125,1089.300048828125,1120.6500244140625,1083.3499755859375,1090.0,3025861
2025-04-15,1070.9586181640625,1074.0999755859375,1100.0,1060.4000244140625,1092.5,4024878
2025-04-16,1074.3487548828125,1077.5,1088.0,1067.0,1084.0,1947807
2025-04-17,1081.2286376953125,1084.4000244140625,1088.4000244140625,1063.0,1074.0,2992562
2025-04-21,1069.86181640625,1073.0,1095.0,1066.5,1095.0,2070163
2025-04-22,1125.39892578125,1128.699951171875,1137.9000244140625,1068.800048828125,1079.9000244140625,3872495
2025-04-23,1126.29638671875,1129.5999755859375,1149.9000244140625,1110.0999755859375,1144.4000244140625,1944908
2025-04-24,1105.158447265625,1108.4000244140625,1136.9000244140625,1097.699951171875,1136.9000244140625,1802546
2025-04-25,1064.2783203125,1067.4000244140625,1125.0,1059.0999755859375,1121.0,2532226
2025-04-28,1096.58349609375,1099.800048828125,1103.5999755859375,1066.199951171875,1068.0,2000264
2025-04-29,1104.161376953125,1107.4000244140625,1119.0999755859375,1100.699951171875,1110.0,1483430
2025-04-30,1094.9881591796875,1098.199951171875,1124.9000244140625,1088.5999755859375,1124.9000244140625,2112594
2025-05-02,1083.8209228515625,1087.0,1126.0,1082.0,1086.300048828125,1083528
2025-05-05,1128.39013671875,1131.699951171875,1139.9000244140625,1100.0999755859375,1109.0,2847994
2025-05-06,1152.6192626953125,1156.0,1171.0,1133.5,1139.9000244140625,5109749
2025-05-07,1148.630859375,1152.0,1168.0,1123.0,1123.0,1389882
2025-05-08,1108.5484619140625,1111.800048828125,1160.0,1101.0,1160.0,1621270
2025-05-09,1124.40185546875,1127.699951171875,1130.9000244140625,1090.0,1091.300048828125,2242389
2025-05-12,1156.5078125,1159.9000244140625,1167.800048828125,1131.0,1143.0,2466795
2025-05-13,1168.5723876953125,1172.0,1178.199951171875,1152.0999755859375,1159.9000244140625,1325278
2025-05-14,1173.158935546875,1176.5999755859375,1183.0,1149.0,1149.0,1476973
2025-05-15,1183.030029296875,1186.5,1204.0,1174.9000244140625,1176.5,3798282
2025-05-16,1163.6866455078125,1167.0999755859375,1196.9000244140625,1158.5999755859375,1195.699951171875,932452
2025-05-19,1184.5255126953125,1188.0,1191.9000244140625,1168.300048828125,1174.800048828125,2197092
2025-05-20,1161.2935791015625,1164.699951171875,1190.0,1136.0999755859375,1183.0,3803892
2025-05-21,1138.759765625,1142.0999755859375,1178.199951171875,1130.5999755859375,1171.9000244140625,2080995
2025-05-22,1144.8419189453125,1148.199951171875,1154.0,1118.300048828125,1144.800048828125,1302948
2025-05-23,1173.6573486328125,1177.0999755859375,1180.800048828125,1139.5,1140.0999755859375,1221229
2025-05-26,1170.666259765625,1174.0999755859375,1191.9000244140625,1170.0,1170.0,1047297
2025-05-27,1156.00927734375,1159.4000244140625,1187.800048828125,1153.0999755859375,1184.0,1530237
2025-05-28,1145.6396484375,1149.0,1171.300048828125,1142.0999755859375,1157.5,1271583
2025-05-29,1131.8798828125,1135.199951171875,1154.699951171875,1124.4000244140625,1149.0,1437093
2025-05-30,1121.9091796875,1125.199951171875,1146.199951171875,1121.0999755859375,1138.0,3302191
2025-06-02,1148.23193359375,1151.5999755859375,1159.5999755859375,1122.4000244140625,1129.5,1633598
2025-06-03,1135.5692138671875,1138.9000244140625,1169.9000244140625,1136.5999755859375,1164.0,1298389
2025-06-04,1145.24072265625,1148.5999755859375,1154.199951171875,1135.0,1137.0,1300977
2025-06-05,1134.0736083984375,1137.4000244140625,1154.5999755859375,1134.0,1153.199951171875,1294519
2025-06-06,1164.7833251953125,1168.199951171875,1169.199951171875,1127.0,1142.800048828125,1026507
2025-06-09,1191.106201171875,1194.5999755859375,1196.800048828125,1161.0999755859375,1177.0,1363561
2025-06-10,1179.0416259765625,1182.5,1203.9000244140625,1175.199951171875,1198.699951171875,959783
2025-06-11,1183.628173828125,1187.0999755859375,1201.800048828125,1182.800048828125,1185.0,1692374
2025-06-12,1198.6839599609375,1202.199951171875,1218.699951171875,1185.0,1191.5999755859375,3523948
2025-06-13,1229.194580078125,1232.800048828125,1239.5,1178.300048828125,1196.4000244140625,2935076
2025-06-16,1243.153564453125,1246.800048828125,1250.0,1220.4000244140625,1245.199951171875,1884937
2025-06-17,1223.212158203125,1226.800048828125,1256.199951171875,1220.9000244140625,1254.300048828125,1940493
2025-06-18,1178.243896484375,1181.699951171875,1229.9000244140625,1179.5999755859375,1229.800048828125,1800017
2025-06-19,1159.5987548828125,1163.0,1190.0,1152.699951171875,1186.0,1791898
2025-06-20,1210.250244140625,1213.800048828125,1220.5999755859375,1155.5999755859375,1162.9000244140625,2991004
2025-06-23,1186.7191162109375,1190.199951171875,1208.9000244140625,1185.5,1202.0999755859375,1344872
2025-06-24,1194.7955322265625,1198.300048828125,1211.9000244140625,1183.0999755859375,1209.0,1627319
2025-06-25,1235.37646484375,1239.0,1242.9000244140625,1190.0,1191.5,2283980
2025-06-26,1262.7960205078125,1266.5,1275.0,1241.699951171875,1250.0,4025154
2025-06-27,1275.55859375,1279.300048828125,1296.800048828125,1255.0999755859375,1270.0,9937898
2025-06-30,1272.268310546875,1276.0,1296.800048828125,1271.0999755859375,1284.5,1890046
2025-07-01,1275.9573974609375,1279.699951171875,1307.9000244140625,1271.5999755859375,1285.0,2067169
2025-07-02,1281.04248046875,1284.800048828125,1299.0,1254.300048828125,1269.199951171875,1534237
2025-07-03,1297.593994140625,1301.4000244140625,1308.5999755859375,1279.0,1279.0,2615624
2025-07-04,1295.89697265625,1298.199951171875,1314.300048828125,1286.0,1306.800048828125,1062360
2025-07-07,1297.29443359375,1299.5999755859375,1305.0,1289.4000244140625,1303.0999755859375,639489
2025-07-08,1293.4013671875,1295.699951171875,1310.800048828125,1287.0999755859375,1303.9000244140625,1351691
2025-07-09,1245.1871337890625,1247.4000244140625,1300.800048828125,1245.0,1291.0,1996494
2025-07-10,1249.379638671875,1251.5999755859375,1255.0,1229.0,1240.0,1822565
2025-07-11,1217.037109375,1219.199951171875,1251.5,1215.5,1249.699951171875,2348913
2025-07-14,1247.3831787109375,1249.5999755859375,1263.199951171875,1220.0,1230.0,1968679
2025-07-15,1258.86279296875,1261.0999755859375,1263.5999755859375,1240.800048828125,1256.0,824627
2025-07-16,1263.9537353515625,1266.199951171875,1278.0,1256.4000244140625,1262.5,1352972
2025-07-17,1241.393798828125,1243.5999755859375,1276.0,1238.800048828125,1276.0,1238628
2025-07-18,1213.5433349609375,1215.699951171875,1249.0999755859375,1213.0999755859375,1241.5,2382955
2025-07-21,1216.038818359375,1218.199951171875,1226.5,1201.0,1217.4000244140625,1633631
2025-07-22,1216.637939453125,1218.800048828125,1229.800048828125,1207.5,1229.800048828125,1896694
2025-07-23,1253.1729736328125,1255.4000244140625,1258.0,1209.9000244140625,1209.9000244140625,1364458
2025-07-24,1265.151611328125,1267.4000244140625,1288.800048828125,1258.800048828125,1261.5999755859375,2393751
2025-07-25,1278.2283935546875,1280.5,1284.5999755859375,1255.0,1261.199951171875,3090257
2025-07-28,1255.16943359375,1257.4000244140625,1282.9000244140625,1229.0,1275.199951171875,2930792
2025-07-29,1272.0394287109375,1274.300048828125,1278.0,1251.0,1256.0,1643450
2025-07-30,1262.3565673828125,1264.5999755859375,1276.699951171875,1253.0,1275.199951171875,875446
2025-07-31,1243.78955078125,1246.0,1270.800048828125,1235.5999755859375,1240.0,2265597
2025-08-01,1243.78955078125,1246.0,1258.199951171875,1239.0,1245.0,932679
2025-08-04,1248.1817626953125,1250.4000244140625,1256.0,1235.300048828125,1253.5999755859375,718743
2025-08-05,1271.64013671875,1273.9000244140625,1280.0,1237.5,1245.5999755859375,1607681
2025-08-06,1268.844970703125,1271.0999755859375,1289.9000244140625,1256.0999755859375,1289.9000244140625,1095951
2025-08-07,1263.654296875,1265.9000244140625,1272.0999755859375,1240.5999755859375,1260.0,2365386
2025-08-08,1243.0908203125,1245.300048828125,1271.4000244140625,1242.300048828125,1265.0,548971
2025-08-11,1261.0589599609375,1263.300048828125,1270.5999755859375,1243.300048828125,1245.300048828125,807096
2025-08-12,1258.3636474609375,1260.5999755859375,1276.4000244140625,1256.0,1268.0,740292
2025-08-13,1264.8521728515625,1267.0999755859375,1301.699951171875,1251.4000244140625,1270.0,3268236
2025-08-14,1218.534423828125,1220.699951171875,1275.0,1204.0999755859375,1275.0,5657114
2025-08-18,1209.4505615234375,1211.5999755859375,1233.0,1206.5999755859375,1216.0999755859375,2557331
2025-08-19,1227.218994140625,1229.4000244140625,1236.800048828125,1208.0,1212.5999755859375,2076532
2025-08-20,1223.42578125,1225.5999755859375,1234.0,1210.9000244140625,1227.800048828125,1779980
2025-08-21,1247.88232421875,1250.0999755859375,1256.0,1229.0999755859375,1239.800048828125,2051298
2025-08-22,1232.509521484375,1234.699951171875,1255.0,1228.0999755859375,1255.0,1488893
2025-08-25,1219.2332763671875,1221.4000244140625,1252.5,1211.199951171875,1240.0,1637753
2025-08-26,1181.3006591796875,1183.4000244140625,1217.800048828125,1177.4000244140625,1212.0,4500351
2025-08-28,1158.1417236328125,1160.199951171875,1196.0,1152.4000244140625,1196.0,4412704
2025-08-29,1152.2523193359375,1154.300048828125,1173.9000244140625,1147.5999755859375,1151.0,1977662
2025-09-01,1179.1044921875,1181.199951171875,1186.0,1153.9000244140625,1154.300048828125,1720121
2025-09-02,1159.739013671875,1161.800048828125,1185.0,1151.4000244140625,1185.0,3028687
2025-09-03,1159.9385986328125,1162.0,1165.5999755859375,1150.5999755859375,1160.0,1922382
2025-09-04,1158.1417236328125,1160.199951171875,1189.0,1156.9000244140625,1189.0,1797984
2025-09-05,1167.9244384765625,1170.0,1171.5999755859375,1159.0,1169.9000244140625,1271671
2025-09-08,1147.560546875,1149.5999755859375,1174.5,1146.5,1174.5,1316394
2025-09-09,1150.854736328125,1152.9000244140625,1159.0999755859375,1140.300048828125,1153.0,1790082
2025-09-10,1178.6053466796875,1180.699951171875,1184.0,1155.0,1158.800048828125,3661895
2025-09-11,1177.2080078125,1179.300048828125,1181.0,1168.0,1168.5,1837622
2025-09-12,1182.09912109375,1184.199951171875,1187.699951171875,1171.300048828125,1184.0,2487969
2025-09-15,1173.3148193359375,1175.4000244140625,1186.9000244140625,1171.300048828125,1184.199951171875,2376299
2025-09-16,1156.6444091796875,1158.699951171875,1173.199951171875,1148.0999755859375,1161.0,4075700
2025-09-17,1151.753173828125,1153.800048828125,1166.5,1141.300048828125,1162.5,4160131
2025-09-18,1171.318359375,1173.4000244140625,1176.699951171875,1145.0999755859375,1145.0999755859375,3746782
2025-09-19,1157.642578125,1159.699951171875,1176.4000244140625,1151.199951171875,1170.0,4839925
2025-09-22,1169.521484375,1171.5999755859375,1179.5999755859375,1160.5999755859375,1165.9000244140625,3370928
2025-09-23,1154.947509765625,1157.0,1175.0,1149.0,1174.699951171875,4729220
2025-09-24,1131.189697265625,1133.199951171875,1157.0,1125.300048828125,1154.0,3419746
2025-09-25,1135.681640625,1137.699951171875,1144.9000244140625,1133.9000244140625,1138.4000244140625,5022322
2025-09-26,1121.4071044921875,1123.4000244140625,1136.9000244140625,1107.0,1135.0,2327943
2025-09-29,1110.02734375,1112.0,1139.5,1103.5999755859375,1134.5999755859375,48051997
2025-09-30,1112.722412109375,1114.699951171875,1127.5999755859375,1108.0,1115.699951171875,5570839
2025-10-01,1111.22509765625,1113.199951171875,1121.199951171875,1107.0999755859375,1119.699951171875,3266312
2025-10-03,1067.30322265625,1069.199951171875,1110.300048828125,1060.0,1098.0,5969792
2025-10-06,1137.6781005859375,1139.699951171875,1144.699951171875,1093.300048828125,1101.0,8494611
2025-10-07,1128.694091796875,1130.699951171875,1140.0,1115.0,1134.0,3577437
2025-10-08,1142.369873046875,1144.4000244140625,1147.4000244140625,1128.0,1130.0,3169556
2025-10-09,1153.7496337890625,1155.800048828125,1163.0,1131.699951171875,1148.0,3052853
2025-10-10,1154.3485107421875,1156.4000244140625,1163.0,1139.199951171875,1156.0,2722755
2025-10-13,1141.2718505859375,1143.300048828125,1169.300048828125,1140.0,1154.0,2376338
2025-10-14,1159.439453125,1161.5,1165.0,1141.5999755859375,1149.0,1965357
2025-10-15,1153.7496337890625,1155.800048828125,1172.699951171875,1154.300048828125,1161.5,1762144
2025-10-16,1173.215087890625,1175.300048828125,1177.4000244140625,1159.0,1161.4000244140625,2364667
2025-10-17,1200.56640625,1202.699951171875,1212.800048828125,1178.699951171875,1188.0,5239734
2025-10-20,1207.4541015625,1209.5999755859375,1217.5999755859375,1203.0,1211.9000244140625,2133962
2025-10-21,1201.8641357421875,1204.0,1217.800048828125,1201.0,1214.9000244140625,131329
2025-10-23,1208.8516845703125,1211.0,1221.9000244140625,1197.0,1200.0,2981438
2025-10-24,1181.9993896484375,1184.0999755859375,1213.699951171875,1181.5,1213.699951171875,858989
2025-10-27,1184.2952880859375,1186.4000244140625,1188.4000244140625,1175.5,1180.0,979181
2025-10-28,1177.607177734375,1179.699951171875,1192.5999755859375,1172.0999755859375,1186.300048828125,1810857
2025-10-29,1187.3897705078125,1189.5,1194.4000244140625,1181.699951171875,1185.0,1516489
2025-10-30,1176.4093017578125,1178.5,1189.0,1172.300048828125,1186.5,1187989
2025-10-31,1145.7637939453125,1147.800048828125,1172.5,1143.699951171875,1167.800048828125,4276918
2025-11-03,1143.8671875,1145.9000244140625,1154.300048828125,1128.9000244140625,1146.699951171875,1669607
2025-11-04,1136.3804931640625,1138.4000244140625,1154.199951171875,1132.5,1149.0999755859375,2176888
2025-11-06,1123.403564453125,1125.4000244140625,1146.9000244140625,1118.5,1119.0999755859375,2545462
2025-11-07,1133.2860107421875,1135.300048828125,1141.5,1120.0999755859375,1126.0,1796900
2025-11-10,1096.0521240234375,1098.0,1141.300048828125,1096.4000244140625,1141.300048828125,1933973
2025-11-11,1093.456787109375,1095.4000244140625,1109.0999755859375,1081.9000244140625,1103.300048828125,1779188
2025-11-12,1101.6422119140625,1103.5999755859375,1124.9000244140625,1075.0999755859375,1124.9000244140625,4463966
2025-11-13,1096.0521240234375,1098.0,1110.800048828125,1090.5999755859375,1103.9000244140625,1468268
2025-11-14,1101.14306640625,1103.0999755859375,1106.4000244140625,1085.300048828125,1093.699951171875,1658556
2025-11-17,1119.6102294921875,1121.5999755859375,1124.800048828125,1091.699951171875,1105.0,5102278
2025-11-18,1114.7188720703125,1116.699951171875,1144.5999755859375,1112.0,1141.4000244140625,5778653
2025-11-19,1162.3343505859375,1164.4000244140625,1170.4000244140625,1104.9000244140625,1115.0,5964536
2025-11-20,1166.826416015625,1168.9000244140625,1172.0,1147.9000244140625,1166.0,2784798
2025-11-21,1179.004638671875,1181.0999755859375,1183.9000244140625,1160.0,1160.0,2258525
2025-11-24,1153.7496337890625,1155.800048828125,1185.4000244140625,1150.0999755859375,1183.9000244140625,2825309
2025-11-25,1156.0455322265625,1158.0999755859375,1181.9000244140625,1151.0999755859375,1169.0,1966712
2025-11-26,1160.5374755859375,1162.5999755859375,1171.9000244140625,1154.699951171875,1158.300048828125,1121189
2025-11-27,1159.739013671875,1161.800048828125,1171.699951171875,1155.5,1171.5999755859375,1423021
2025-11-28,1160.7371826171875,1162.800048828125,1170.0,1153.0999755859375,1156.0999755859375,1637243
2025-12-01,1123.403564453125,1125.4000244140625,1167.4000244140625,1117.0,1164.0,3436348
2025-12-02,1115.517578125,1117.5,1133.199951171875,1113.0,1125.4000244140625,2206424
2025-12-03,1084.0733642578125,1086.0,1120.9000244140625,1077.0,1118.0,3801039
2025-12-04,1081.9771728515625,1083.9000244140625,1090.0,1070.0999755859375,1087.0,3037781
2025-12-05,1095.4532470703125,1097.4000244140625,1100.0,1075.0,1083.9000244140625,1799777
2025-12-08,1077.485107421875,1079.4000244140625,1108.9000244140625,1072.5,1103.9000244140625,3014602
2025-12-09,1072.79345703125,1074.699951171875,1079.9000244140625,1061.0999755859375,1079.4000244140625,2945816
2025-12-10,1075.189208984375,1077.0999755859375,1088.300048828125,1067.0999755859375,1075.9000244140625,2353780
2025-12-11,1085.9700927734375,1087.9000244140625,1091.0,1074.199951171875,1077.0,1209344
2025-12-12,1079.3818359375,1081.300048828125,1092.300048828125,1077.0,1082.800048828125,2245724
2025-12-15,1083.4744873046875,1085.4000244140625,1090.5999755859375,1064.5,1081.300048828125,1632124
2025-12-16,1071.096435546875,1073.0,1091.300048828125,1068.300048828125,1089.0,1444588
2025-12-17,1029.270751953125,1031.0999755859375,1073.5999755859375,1024.9000244140625,1070.0999755859375,4268035
2025-12-18,1046.639892578125,1048.5,1060.9000244140625,1026.0,1030.0,5152758
2025-12-19,1073.8916015625,1075.800048828125,1081.0,1061.0999755859375,1066.5,3285719
2025-12-22,1075.6883544921875,1077.5999755859375,1085.300048828125,1072.4000244140625,1079.199951171875,2093527
2025-12-23,1073.29248046875,1075.199951171875,1081.800048828125,1065.199951171875,1081.800048828125,1304615
2025-12-24,1079.4815673828125,1081.4000244140625,1090.0,1070.199951171875,1074.0,1033268
2025-12-26,1072.394287109375,1074.300048828125,1083.300048828125,1068.4000244140625,1081.5,1266460
2025-12-29,1062.2122802734375,1064.0999755859375,1077.5,1059.800048828125,1074.300048828125,1406148
2025-12-30,1038.95361328125,1040.800048828125,1069.0,1032.0,1069.0,11581446
2025-12-31,1043.2459716796875,1045.0999755859375,1052.699951171875,1035.199951171875,1048.699951171875,1426506
2026-01-01,1047.538330078125,1049.4000244140625,1054.0,1040.0999755859375,1048.199951171875,1219041
2026-01-02,1060.7149658203125,1062.5999755859375,1064.4000244140625,1047.0,1049.4000244140625,928577
2026-01-05,1048.6363525390625,1050.5,1062.5999755859375,1048.5,1062.5999755859375,1523489
2026-01-06,1049.734375,1051.5999755859375,1062.0999755859375,1043.300048828125,1050.5,1963166
2026-01-07,1032.8643798828125,1034.699951171875,1049.9000244140625,1022.0,1049.0,4484760
2026-01-08,1027.97314453125,1029.800048828125,1035.0999755859375,1019.0999755859375,1030.0,2117653
2026-01-09,1015.3955078125,1017.2000122070312,1032.800048828125,1008.0,1028.300048828125,2573775
2026-01-12,1011.9016723632812,1013.7000122070312,1019.7999877929688,994.0,1012.0,2102413
2026-01-13,1026.3758544921875,1028.199951171875,1031.699951171875,1003.2999877929688,1013.7000122070312,2787265
2026-01-14,1031.766357421875,1033.5999755859375,1040.0,1019.0,1019.0,3215727
2026-01-15,1031.766357421875,1033.5999755859375,1033.5999755859375,1033.5999755859375,1033.5999755859375,0
2026-01-16,1035.160400390625,1037.0,1040.0999755859375,1022.7000122070312,1029.0,2584321
2026-01-19,1011.8018188476562,1013.5999755859375,1038.4000244140625,1010.5,1035.0,2322646
2026-01-20,991.1386108398438,992.9000244140625,1013.0999755859375,988.0,1010.0999755859375,2635707
2026-01-21,1002.4185180664062,1004.2000122070312,1010.4000244140625,976.7000122070312,985.0,3093573
2026-01-22,997.028076171875,998.7999877929688,1013.4000244140625,990.5,1010.0,2529564
2026-01-23,989.6412963867188,991.4000244140625,1007.2000122070312,987.4000244140625,1000.0,2300849
2026-01-27,973.7694702148438,975.5,1000.0,965.4000244140625,1000.0,4229886
2026-01-28,956.8994140625,958.5999755859375,979.0,954.0999755859375,963.9000244140625,4237532
2026-01-29,950.9100341796875,952.5999755859375,959.0999755859375,944.2999877929688,955.0,3538048
2026-01-30,955.1026000976562,956.7999877929688,964.0,940.0,945.0,5638365
2026-02-02,956.4002685546875,958.0999755859375,980.0,933.7999877929688,980.0,2926581
2026-02-03,1001.7197875976562,1003.5,1011.0499877929688,964.7000122070312,1011.0,4528070
2026-02-04,1023.6307983398438,1025.449951171875,1031.0,996.0999755859375,1000.0,1588624
2026-02-05,1038.95361328125,1040.800048828125,1046.1500244140625,1008.0999755859375,1027.3499755859375,3842206
2026-02-06,1038.0052490234375,1039.8499755859375,1042.699951171875,1008.0,1042.699951171875,3384955
2026-02-09,1008.208251953125,1010.0,1042.4000244140625,1007.5999755859375,1040.050048828125,3235020
2026-02-10,1019.6878662109375,1021.5,1024.199951171875,1009.4500122070312,1010.5,4458942
2026-02-11,1053.2781982421875,1055.1500244140625,1056.6500244140625,1023.0999755859375,1025.0,4114147
2026-02-12,1061.014404296875,1062.9000244140625,1065.3499755859375,1046.0,1058.699951171875,3354447
2026-02-13,1051.7308349609375,1053.5999755859375,1067.949951171875,1044.1500244140625,1062.0,2745794
2026-02-16,1073.94140625,1075.8499755859375,1077.1500244140625,1044.0,1057.9000244140625,2524162
2026-02-17,1074.240966796875,1076.1500244140625,1083.4000244140625,1057.9000244140625,1079.199951171875,1701396
2026-02-18,1084.322998046875,1086.25,1087.9000244140625,1071.6500244140625,1076.1500244140625,680966
2026-02-19,1079.531494140625,1081.449951171875,1087.5,1074.5,1080.0,2336050
2026-02-20,1085.9700927734375,1087.9000244140625,1095.4000244140625,1075.050048828125,1075.050048828125,2083868
2026-02-23,1081.6776123046875,1083.5999755859375,1104.0999755859375,1074.0,1098.0,2027109
2026-02-24,1084.4727783203125,1086.4000244140625,1089.5,1077.4000244140625,1078.75,2375483
2026-02-25,1086.169677734375,1088.0999755859375,1090.9000244140625,1072.75,1084.0999755859375,1836316
2026-02-26,1107.9310302734375,1109.9000244140625,1112.550048828125,1086.0,1086.0,3383794
2026-02-27,1090.0128173828125,1091.949951171875,1109.0,1087.5999755859375,1108.949951171875,6055289
2026-03-02,1081.6776123046875,1083.5999755859375,1088.4000244140625,1056.5,1056.5,3467885
2026-03-04,1051.8306884765625,1053.699951171875,1067.800048828125,1039.5,1065.5999755859375,3349782
2026-03-05,1056.3226318359375,1058.199951171875,1063.699951171875,1033.5999755859375,1054.0,2962063
2026-03-06,1040.1514892578125,1042.0,1049.5,1030.0,1048.5999755859375,3185920
2026-03-09,1039.65234375,1041.5,1050.9000244140625,1013.7999877929688,1036.800048828125,2449582
2026-03-10,1041.24951171875,1043.0999755859375,1055.0,1037.0,1051.0999755859375,2366935
2026-03-11,1030.3687744140625,1032.199951171875,1047.4000244140625,1024.0999755859375,1037.0999755859375,1963010
2026-03-12,1018.58984375,1020.4000244140625,1031.5999755859375,1008.7999877929688,1022.0999755859375,5744427
2026-03-13,988.2437133789062,990.0,1020.7999877929688,985.2999877929688,1014.0,3267535
2026-03-16,968.8781127929688,970.5999755859375,999.5,964.2000122070312,990.0,4063489
2026-03-17,974.6679077148438,976.4000244140625,987.7000122070312,969.5999755859375,976.7000122070312,2641459
2026-03-18,978.0618286132812,979.7999877929688,989.4000244140625,967.0999755859375,984.2000122070312,2501351
2026-03-19,951.4091796875,953.0999755859375,975.0,946.0,973.9000244140625,1981193
2026-03-20,963.0884399414062,964.7999877929688,974.0,951.5,954.2000122070312,3883207
2026-03-23,955.2024536132812,956.9000244140625,971.2999877929688,937.2999877929688,964.0,3063874
2026-03-24,967.4806518554688,969.2000122070312,983.0999755859375,963.4000244140625,967.0,2455952
2026-03-25,986.4469604492188,988.2000122070312,993.2999877929688,965.2000122070312,973.9000244140625,2719592
2026-03-27,973.3701171875,975.0999755859375,990.7999877929688,970.7999877929688,978.0999755859375,2557821
2026-03-30,960.5928344726562,962.2999877929688,969.9000244140625,944.0,965.0,4941358
2026-04-01,957.1989135742188,958.9000244140625,981.5,952.2999877929688,966.2000122070312,2467966
2026-04-02,942.9242553710938,944.5999755859375,958.2999877929688,929.0499877929688,954.0,1889808
2026-04-06,929.9473266601562,931.5999755859375,956.9000244140625,923.0,956.9000244140625,4605503
2026-04-07,930.7459106445312,932.4000244140625,936.0,903.0,927.0,4402777
2026-04-08,939.4804077148438,941.1500244140625,953.0,939.2999877929688,942.4500122070312,3351069
2026-04-09,953.2559204101562,954.9500122070312,962.5,941.5,941.5,3558583
2026-04-10,951.65869140625,953.3499755859375,959.4500122070312,941.5,954.9500122070312,4011184
2026-04-13,950.0116577148438,951.7000122070312,967.0,933.0499877929688,934.0,2381565
2026-04-15,988.2936401367188,990.0499877929688,991.7000122070312,960.0,961.0,2759016
2026-04-16,988.892578125,990.6500244140625,1008.5,982.0,995.0,3370119
2026-04-17,1005.8624267578125,1007.6500244140625,1011.4000244140625,983.0,990.6500244140625,1640745
2026-04-20,1009.5558471679688,1011.3499755859375,1022.0,1002.0499877929688,1005.1500244140625,2301160
2026-04-21,1018.4400634765625,1020.25,1025.550048828125,1008.0,1008.9000244140625,1321746
2026-04-22,1003.5664672851562,1005.3499755859375,1020.0,1000.8499755859375,1012.1500244140625,1410740
2026-04-23,1004.9639892578125,1006.75,1011.0999755859375,989.0999755859375,1000.0,1393123
2026-04-24,997.6270751953125,999.4000244140625,1019.4500122070312,996.0999755859375,1009.9500122070312,2553726
2026-04-27,1008.0584716796875,1009.8499755859375,1015.4000244140625,1000.0,1000.0,1065883
2026-04-28,1002.9675903320312,1004.75,1018.0,1001.4000244140625,1018.0,1035872
2026-04-29,1004.8142700195312,1006.5999755859375,1029.0999755859375,1003.0,1009.9000244140625,1870409
2026-04-30,991.288330078125,993.0499877929688,1006.5,934.9500122070312,935.0,2365736
2026-05-01,991.288330078125,993.0499877929688,993.0499877929688,993.0499877929688,993.0499877929688,0
2026-05-04,1009.7554931640625,1011.5499877929688,1021.0,992.0,993.0499877929688,2605812
2026-05-05,998.6751708984375,1000.4500122070312,1014.4000244140625,996.5,1011.9000244140625,970882
2026-05-06,1014.0977783203125,1015.9000244140625,1019.6500244140625,1006.0,1013.0,1327465
2026-05-07,1013.4988403320312,1015.2999877929688,1025.9000244140625,1008.9000244140625,1024.0,1886787
2026-05-08,1010.7037963867188,1012.5,1024.5999755859375,1007.4000244140625,1013.5999755859375,1835293
2026-05-11,1036.108642578125,1037.949951171875,1041.800048828125,1003.8499755859375,1012.5,3043486
2026-05-12,1015.8945922851562,1017.7000122070312,1046.0,1014.0,1040.300048828125,1891443
2026-05-13,1024.2796630859375,1026.0999755859375,1032.75,1003.5499877929688,1009.2999877929688,1056295
2026-05-14,1047.6881103515625,1049.550048828125,1057.699951171875,1025.1500244140625,1025.199951171875,1822137
2026-05-15,1048.237060546875,1050.0999755859375,1059.9000244140625,1042.4000244140625,1049.550048828125,1471140
2026-05-18,1056.672119140625,1058.550048828125,1063.0,1024.300048828125,1040.0,1558086
2026-05-19,1066.85400390625,1068.75,1080.0,1054.6500244140625,1061.5999755859375,2102863
2026-05-20,1073.7916259765625,1075.699951171875,1080.0,1052.75,1060.050048828125,1767607
2026-05-21,1089.164306640625,1091.0999755859375,1111.0,1079.050048828125,1086.9000244140625,2764467
2026-05-22,1021.4347534179688,1023.25,1068.25,1011.0,1068.25,11711405
2026-05-25,999.074462890625,1000.8499755859375,1029.449951171875,994.0,1020.0499877929688,3847234
2026-05-26,992.1867065429688,993.9500122070312,1000.9000244140625,987.1500244140625,1000.9000244140625,2515276
2026-05-27,991.6876220703125,993.4500122070312,1000.0,979.7999877929688,995.0,2621505
2026-05-28,991.6876220703125,993.4500122070312,993.4500122070312,993.4500122070312,993.4500122070312,0
2026-05-29,963.3878784179688,965.0999755859375,1002.9500122070312,955.0,1002.9500122070312,15388949
2026-06-01,936.7852172851562,938.4500122070312,972.0,936.2000122070312,970.0,3841704
2026-06-02,947.0170288085938,948.7000122070312,953.7000122070312,919.7999877929688,925.5999755859375,3784019
2026-06-03,963.8370971679688,965.5499877929688,967.75,935.8499755859375,941.2000122070312,2609191
2026-06-04,964.4859619140625,966.2000122070312,969.2999877929688,953.0999755859375,965.0,1513891
2026-06-05,975.516357421875,977.25,978.9500122070312,962.8499755859375,977.0999755859375,1317243
2026-06-08,1005.6627807617188,1007.4500122070312,1010.5,960.0,965.5,5444557
2026-06-09,1001.3204345703125,1003.0999755859375,1012.0999755859375,995.75,1011.7000122070312,3057440
2026-06-10,1008.3080444335938,1010.0999755859375,1025.4000244140625,1000.1500244140625,1003.0,3028517
2026-06-11,1007.8089599609375,1009.5999755859375,1019.6500244140625,1003.1500244140625,1005.3499755859375,1834045
2026-06-12,1010.6539306640625,1012.4500122070312,1018.0,1008.2999877929688,1018.0,760456
2026-06-15,1027.07470703125,1028.9000244140625,1032.0,1011.0499877929688,1021.9500122070312,1311693
2026-06-16,1022.283203125,1024.0999755859375,1035.0,1014.2999877929688,1034.5,2214615
2026-06-17,1024.32958984375,1026.1500244140625,1029.5999755859375,1017.2000122070312,1025.4000244140625,1093918
2026-06-18,1088.5155029296875,1090.449951171875,1095.5999755859375,1026.5,1028.699951171875,6871544
2026-06-19,1092.807861328125,1094.75,1102.75,1079.0999755859375,1083.800048828125,2057402
2026-06-22,1093.107421875,1095.050048828125,1100.300048828125,1075.0999755859375,1096.0,1386108
2026-06-23,1076.1375732421875,1078.050048828125,1107.3499755859375,1072.9000244140625,1081.550048828125,2768017
2026-06-24,1079.781005859375,1081.699951171875,1087.6500244140625,1073.550048828125,1077.800048828125,1301005
2026-06-25,1121.357177734375,1123.3499755859375,1139.800048828125,1075.5,1077.0,5156097
2026-06-26,1121.357177734375,1123.3499755859375,1123.3499755859375,1123.3499755859375,1123.3499755859375,0
2026-06-29,1147.860107421875,1149.9000244140625,1159.0,1117.449951171875,1125.0,4106274
2026-06-30,1127.2467041015625,1129.25,1153.6500244140625,1125.0,1149.0,2457312
2026-07-01,1137.8778076171875,1139.9000244140625,1143.5,1126.0,1134.9000244140625,1329751
2026-07-02,1125.4000244140625,1127.4000244140625,1144.5,1123.5,1141.699951171875,1053691
2026-07-03,1153.4000244140625,1153.4000244140625,1160.0,1129.699951171875,1145.0,1456459
2026-07-06,1132.5,1132.5,1167.9000244140625,1130.0999755859375,1153.699951171875,1363473
2026-07-07,1118.4000244140625,1118.4000244140625,1151.0,1114.0,1132.9000244140625,2060511
2026-07-08,1084.800048828125,1084.800048828125,1132.0,1080.0,1119.699951171875,1970930
2026-07-09,1101.300048828125,1101.300048828125,1123.699951171875,1083.300048828125,1083.300048828125,2525140
2026-07-10,1108.0999755859375,1108.0999755859375,1114.4000244140625,1085.0,1102.300048828125,1749088
2026-07-13,1106.199951171875,1106.199951171875,1118.0,1094.199951171875,1107.0999755859375,1676994
2026-07-14,1092.9000244140625,1092.9000244140625,1120.699951171875,1089.0,1096.5,2223510
2026-07-15,1102.699951171875,1102.699951171875,1111.9000244140625,1086.199951171875,1092.9000244140625,2718551
2026-07-16,1098.199951171875,1098.199951171875,1112.300048828125,1095.199951171875,1106.0,1454340
2026-07-17,1089.9000244140625,1089.9000244140625,1101.4000244140625,1081.199951171875,1100.0,1617983
2026-07-20,1102.4000244140625,1102.4000244140625,1107.0999755859375,1088.5999755859375,1090.5999755859375,991001
2026-07-21,1100.4000244140625,1100.4000244140625,1105.300048828125,1084.5999755859375,1102.4000244140625,2006432
2026-07-22,1081.0,1081.0,1097.0,1077.4000244140625,1092.4000244140625,1578336
2026-07-23,1084.199951171875,1084.199951171875,1087.800048828125,1076.0999755859375,1079.0,1114267
2026-07-24,1080.4000244140625,1080.4000244140625,1085.9000244140625,1068.800048828125,1076.0,983063
2026-07-27,1114.5999755859375,1114.5999755859375,1119.800048828125,1085.4000244140625,1086.9000244140625,1759824
2026-07-28,1104.800048828125,1104.800048828125,1124.9000244140625,1099.699951171875,1119.5999755859375,1123951
2026-07-29,1111.4000244140625,1111.4000244140625,1120.9000244140625,1105.0,1112.0,1417989
2026-07-30,1124.800048828125,1124.800048828125,1135.9000244140625,1110.300048828125,1112.0,1610692
2026-07-31,1098.5,1098.5,1132.0,1091.199951171875,1126.0,2055225
2026-08-03,1100.4000244140625,1100.4000244140625,1113.9000244140625,1089.0,1109.800048828125,1187048
2026-08-04,1077.0,1077.0,1105.0999755859375,1066.0999755859375,1105.0999755859375,1492388
2026-08-05,1080.0,1080.0,1087.0,1066.4000244140625,1080.0,1171384
2026-08-06,1072.4000244140625,1072.4000244140625,1079.5,1064.0999755859375,1079.5,1728681
2026-08-07,1070.0,1070.0,1084.300048828125,1067.0,1070.0,1189799
2026-08-10,1069.0,1069.0,1079.9000244140625,1054.300048828125,1070.199951171875,2126362
2026-08-11,1040.0,1040.0,1067.4000244140625,1034.699951171875,1065.4000244140625,2892166
2026-08-12,1007.5,1007.5,1034.9000244140625,1001.5,1030.800048828125,2762821
2026-08-13,1013.2999877929688,1013.2999877929688,1037.5999755859375,992.7999877929688,1007.9000244140625,2871456
2026-08-14,1008.5999755859375,1008.5999755859375,1017.9000244140625,981.0999755859375,1013.2999877929688,4051822
2026-08-17,1003.7000122070312,1003.7000122070312,1022.5999755859375,994.5,1009.0999755859375,2340277
2026-08-18,1014.4000244140625,1014.4000244140625,1017.0,982.0999755859375,1000.7000122070312,2219107
2026-08-19,997.0,997.0,1016.9000244140625,994.0999755859375,1016.0,1320461
2026-08-20,997.9000244140625,997.9000244140625,1001.7999877929688,987.7000122070312,998.0,1658842
2026-08-21,1000.0,1000.0,1003.5999755859375,986.5,1000.0,1237284
2026-08-24,990.5,990.5,1008.9000244140625,983.4000244140625,1004.0,1997268
2026-08-25,1016.0,1016.0,1016.0,980.2999877929688,990.5,1889964
2026-08-26,1005.0,1005.0,1023.7999877929688,1000.5,1017.7999877929688,1348082
