Price,Adj Close,Close,High,Low,Open,Volume
Ticker,ONGC.NS,ONGC.NS,ONGC.NS,ONGC.NS,ONGC.NS,ONGC.NS
Date,,,,,,
2010-01-04,96.04944610595703,197.90834045410156,198.8333282470703,196.0,196.1666717529297,1905762
2010-01-05,97.73186492919922,201.375,202.5,198.19166564941406,198.68333435058594,4657392
2010-01-06,98.96540832519531,203.9166717529297,204.5,201.1999969482422,202.01666259765625,4203690
2010-01-07,99.07054901123047,204.13333129882812,205.81666564941406,201.6666717529297,203.5,6394536
2010-01-08,98.33445739746094,202.61666870117188,206.43333435058594,201.6666717529297,204.1666717529297,5678652
2010-01-11,98.39917755126953,202.75,205.48333740234375,202.1666717529297,205.05833435058594,5078046
2010-01-12,96.33251190185547,198.49166870117188,202.85000610351562,197.8333282470703,200.9166717529297,3932952
2010-01-13,96.68436431884766,199.21665954589844,201.0749969482422,196.6666717529297,198.1666717529297,3194178
2010-01-14,99.63270568847656,205.2916717529297,207.7916717529297,199.5,200.3249969482422,8584284
2010-01-15,97.85724639892578,201.63333129882812,206.23333740234375,200.36666870117188,205.2916717529297,8546700
2010-01-18,98.07965850830078,202.09165954589844,203.8333282470703,200.19166564941406,201.4499969482422,3182250
2010-01-19,96.80571746826172,199.46665954589844,202.81666564941406,198.0,202.0,5830440
2010-01-20,93.92210388183594,193.52499389648438,202.46665954589844,193.0,200.31666564941406,8113314
2010-01-21,92.20730590820312,189.99166870117188,196.10000610351562,188.51666259765625,194.1666717529297,5594190
2010-01-22,90.14869689941406,185.75,188.23333740234375,183.3333282470703,188.23333740234375,10479762
2010-01-25,90.67851257324219,186.84165954589844,187.8000030517578,183.4166717529297,186.85000610351562,3368646
2010-01-27,89.69574737548828,184.81666564941406,186.3000030517578,183.8000030517578,185.73333740234375,3637746
2010-01-28,89.16593933105469,183.72500610351562,188.93333435058594,179.1666717529297,186.5,9457560
2010-01-29,88.68464660644531,182.73333740234375,186.6666717529297,181.6666717529297,183.51666259765625,4827714
2010-02-01,89.10121154785156,183.59165954589844,184.7916717529297,181.0,181.0,2698374
2010-02-02,89.38833618164062,184.18333435058594,186.64999389648438,182.0,185.0,4362108
2010-02-03,91.70982360839844,188.96665954589844,190.18333435058594,184.5,185.0833282470703,3031386
2010-02-04,92.178955078125,189.93333435058594,192.5,187.5500030517578,189.99166870117188,12828696
2010-02-05,87.97689056396484,181.27499389648438,187.8333282470703,180.18333435058594,186.1999969482422,6177252
2010-02-08,90.44392395019531,186.35833740234375,187.43333435058594,179.01666259765625,180.81666564941406,4135308
2010-02-09,89.48138427734375,184.375,188.14166259765625,183.60000610351562,186.35833740234375,2701572
2010-02-10,87.9242935180664,181.1666717529297,186.5,180.7916717529297,185.1666717529297,5141856
2010-02-11,88.99604797363281,183.375,189.5,181.8333282470703,189.5,3333348
2010-02-15,88.02949523925781,181.38333129882812,184.27499389648438,179.69166564941406,183.5,2329152
2010-02-16,89.218505859375,183.8333282470703,185.0,180.35000610351562,183.3000030517578,2439060
2010-02-17,88.95160675048828,183.28334045410156,186.5,182.52499389648438,185.6666717529297,3398442
2010-02-18,89.25896453857422,183.9166717529297,184.8333282470703,177.5,177.5,3234786
2010-02-19,89.7685317993164,184.96665954589844,185.8333282470703,181.2916717529297,182.49166870117188,3820998
2010-02-22,89.5824966430664,184.5833282470703,186.6666717529297,183.64166259765625,185.0,3981498
2010-02-23,89.09716033935547,183.5833282470703,184.5,182.0,183.8333282470703,3667074
2010-02-24,89.07697296142578,183.5416717529297,184.64166259765625,181.00833129882812,184.15834045410156,2067654
2010-02-25,89.77259826660156,184.97500610351562,185.9166717529297,181.6750030517578,183.5416717529297,2657376
2010-02-26,90.3994140625,186.26666259765625,188.93333435058594,182.5,185.8249969482422,5019594
2010-03-02,89.70783996582031,184.84165954589844,189.76666259765625,183.76666259765625,186.68333435058594,5567304
2010-03-03,89.04460906982422,183.47500610351562,186.0416717529297,181.43333435058594,185.5,5705274
2010-03-04,88.575439453125,182.50833129882812,184.8333282470703,181.6666717529297,182.0,6390648
2010-03-05,88.53096008300781,182.4166717529297,185.0,181.8333282470703,185.0,8786622
2010-03-08,89.01627349853516,183.4166717529297,184.5749969482422,183.09165954589844,184.1666717529297,6550692
2010-03-09,88.66846466064453,182.6999969482422,184.1666717529297,181.8333282470703,183.75,3563196
2010-03-10,88.0496826171875,181.4250030517578,183.14166259765625,180.5,181.8333282470703,7231278
2010-03-11,87.66142272949219,180.625,182.1666717529297,179.46665954589844,182.1666717529297,4789890
2010-03-12,87.73825073242188,180.78334045410156,182.03334045410156,180.18333435058594,180.875,6732840
2010-03-15,86.53305053710938,178.3000030517578,181.2083282470703,177.59165954589844,180.78334045410156,2579190
2010-03-16,86.63822174072266,178.51666259765625,181.14999389648438,177.89166259765625,179.5,5840634
2010-03-17,86.83232879638672,178.9166717529297,180.64999389648438,178.3333282470703,179.8333282470703,4512120
2010-03-18,85.27124786376953,175.6999969482422,179.5749969482422,175.0,179.5749969482422,7020342
2010-03-19,85.48554992675781,176.14166259765625,177.1666717529297,174.19166564941406,176.3333282470703,4986024
2010-03-22,85.67160034179688,176.52499389648438,178.1999969482422,174.43333435058594,175.6666717529297,4146252
2010-03-23,86.48857116699219,178.2083282470703,179.00833129882812,176.38333129882812,177.0416717529297,5168454
2010-03-25,85.46936798095703,176.10833740234375,178.3333282470703,175.09165954589844,178.1666717529297,6617802
2010-03-26,87.35000610351562,179.98333740234375,180.6666717529297,176.6666717529297,176.6666717529297,7182120
2010-03-29,88.41366577148438,182.1750030517578,183.14999389648438,179.34165954589844,180.68333435058594,2926800
2010-03-30,88.7574462890625,182.88333129882812,185.35000610351562,182.0,182.75,3564894
2010-03-31,88.8707046508789,183.11666870117188,185.1666717529297,181.36666870117188,183.01666259765625,6004680
2010-04-01,87.71806335449219,180.74166870117188,184.5,179.9583282470703,183.5,3007356
2010-04-05,88.72911071777344,182.8249969482422,185.0,180.5833282470703,182.1666717529297,2521854
2010-04-06,87.75040435791016,180.80833435058594,182.8333282470703,179.6666717529297,182.8333282470703,3079734
2010-04-07,87.59268188476562,180.48333740234375,182.6666717529297,179.68333435058594,182.3249969482422,2997648
2010-04-08,85.86975860595703,176.93333435058594,181.11666870117188,176.18333435058594,181.11666870117188,5050782
2010-04-09,86.04772186279297,177.3000030517578,178.75,176.75,176.8333282470703,2996088
2010-04-12,85.16605377197266,175.48333740234375,179.14166259765625,174.1666717529297,179.0833282470703,2432766
2010-04-13,84.15090942382812,173.39166259765625,176.6666717529297,172.9499969482422,175.0416717529297,4208106
2010-04-15,84.09429931640625,173.27499389648438,176.5,172.9166717529297,174.21665954589844,4682466
2010-04-16,83.42697143554688,171.89999389648438,173.64999389648438,171.43333435058594,173.5,2813412
2010-04-19,81.19451904296875,167.3000030517578,171.5,166.51666259765625,170.8333282470703,6449718
2010-04-20,81.08934020996094,167.0833282470703,170.0,166.77499389648438,169.0,5451660
2010-04-21,81.67176055908203,168.28334045410156,168.96665954589844,166.65834045410156,167.51666259765625,4207668
2010-04-22,82.10851287841797,169.18333435058594,171.36666870117188,166.0,167.6666717529297,6750660
2010-04-23,82.33499908447266,169.64999389648438,170.78334045410156,168.0,169.0,4125792
2010-04-26,82.3228759765625,169.625,171.4583282470703,167.0,167.51666259765625,2957922
2010-04-27,84.51895141601562,174.14999389648438,174.8333282470703,169.3333282470703,171.14999389648438,4901772
2010-04-28,84.13066101074219,173.35000610351562,174.6666717529297,171.01666259765625,173.3333282470703,3393618
2010-04-29,84.67667388916016,174.47500610351562,175.30833435058594,172.1999969482422,173.6666717529297,4176486
2010-04-30,85.31974792480469,175.8000030517578,176.86666870117188,172.3333282470703,175.0,12740574
2010-05-03,84.73735809326172,174.60000610351562,176.4499969482422,173.9583282470703,175.0,3243480
2010-05-04,84.42999267578125,173.96665954589844,176.25,173.26666259765625,174.7083282470703,2261568
2010-05-05,83.39865112304688,171.84165954589844,173.94166564941406,169.8333282470703,172.51666259765625,2686314
2010-05-06,84.35314178466797,173.80833435058594,174.9166717529297,170.18333435058594,171.6666717529297,4716900
2010-05-07,84.5028076171875,174.11666870117188,176.93333435058594,170.85833740234375,170.85833740234375,6830808
2010-05-10,85.00426483154297,175.14999389648438,175.76666259765625,172.6666717529297,175.6666717529297,3745860
2010-05-11,83.3097152709961,171.65834045410156,174.93333435058594,170.13333129882812,174.93333435058594,6134346
2010-05-12,83.14791107177734,171.3249969482422,172.64999389648438,170.46665954589844,172.46665954589844,4782966
2010-05-13,84.59986877441406,174.31666564941406,175.25833129882812,171.3333282470703,171.7083282470703,7500012
2010-05-14,84.49066162109375,174.09165954589844,175.9166717529297,173.3333282470703,174.31666564941406,5117970
2010-05-17,83.0710678100586,171.1666717529297,173.1666717529297,170.0,171.71665954589844,3254052
2010-05-18,85.04068756103516,175.22500610351562,176.14999389648438,170.01666259765625,172.81666564941406,2941518
2010-05-19,82.91741943359375,170.85000610351562,176.1666717529297,168.6666717529297,176.1666717529297,9495072
2010-05-20,90.48436737060547,186.44166564941406,190.3333282470703,177.4499969482422,177.4499969482422,31212816
2010-05-21,88.55117797851562,182.4583282470703,187.8333282470703,172.3333282470703,172.3333282470703,14380698
2010-05-24,87.5198745727539,180.3333282470703,188.3333282470703,179.2083282470703,184.1666717529297,4973868
2010-05-25,87.38236999511719,180.0500030517578,181.39999389648438,176.6666717529297,180.3333282470703,8610924
2010-05-26,86.54923248291016,178.3333282470703,185.0,176.6666717529297,182.5,22784382
2010-05-27,90.85240936279297,187.1999969482422,190.0,178.1666717529297,178.1666717529297,15848724
2010-05-28,91.56825256347656,188.6750030517578,190.8249969482422,186.8333282470703,189.0,6260430
2010-05-31,94.4519271850586,194.61666870117188,196.27499389648438,189.10000610351562,190.0,10406520
2010-06-01,92.6683578491211,190.94166564941406,196.88333129882812,190.0,195.0,3918936
2010-06-02,95.63688659667969,197.05833435058594,198.06666564941406,191.22500610351562,191.3333282470703,13053228
2010-06-03,97.9583511352539,201.84165954589844,202.5,198.0,198.0,7253076
2010-06-04,96.23139953613281,198.28334045410156,205.0,197.5,203.6666717529297,15500760
2010-06-07,95.38209533691406,196.53334045410156,201.3000030517578,194.43333435058594,196.6666717529297,8072346
2010-06-08,94.1769027709961,194.0500030517578,195.8000030517578,192.6666717529297,194.6666717529297,6225390
2010-06-09,96.27994537353516,198.38333129882812,201.3333282470703,194.71665954589844,195.6666717529297,9912222
2010-06-10,96.15052032470703,198.11666870117188,200.76666259765625,196.44166564941406,200.0,4463202
2010-06-11,95.44683837890625,196.6666717529297,200.6666717529297,195.5500030517578,200.0,10551030
2010-06-14,96.82994079589844,199.51666259765625,200.8333282470703,195.6999969482422,200.8333282470703,4780392
2010-06-15,94.34674835205078,194.39999389648438,200.6666717529297,193.39999389648438,199.76666259765625,7128750
2010-06-16,94.19306182861328,194.0833282470703,196.5,192.1666717529297,194.6666717529297,6838254
2010-06-17,95.9361801147461,197.6750030517578,198.31666564941406,193.5,193.8333282470703,3829254
2010-06-18,96.49835968017578,198.8333282470703,199.34165954589844,190.47500610351562,190.47500610351562,4833090
2010-06-21,97.40834045410156,200.7083282470703,202.26666259765625,198.3333282470703,200.0,6540288
2010-06-22,96.82994079589844,199.51666259765625,201.8333282470703,198.03334045410156,200.0,5033898
2010-06-23,96.60350036621094,199.0500030517578,200.94166564941406,198.28334045410156,198.31666564941406,3253842
2010-06-24,96.20310974121094,198.22500610351562,201.74166870117188,195.9250030517578,200.1666717529297,7286670
2010-06-25,102.19279479980469,210.56666564941406,215.1666717529297,197.71665954589844,198.6666717529297,23538084
2010-06-28,105.54557037353516,217.47500610351562,221.89999389648438,210.3333282470703,210.3333282470703,23743500
2010-06-29,105.63861083984375,217.6666717529297,219.1666717529297,213.3333282470703,216.6666717529297,11901846
2010-06-30,106.83572387695312,220.13333129882812,221.1750030517578,214.99166870117188,214.99166870117188,13854462
2010-07-01,105.33932495117188,217.0500030517578,224.48333740234375,216.10833740234375,220.13333129882812,13328382
2010-07-02,105.66283416748047,217.71665954589844,220.89999389648438,216.75,216.75,5945952
2010-07-05,103.97229766845703,214.23333740234375,218.31666564941406,213.71665954589844,216.21665954589844,3951624
2010-07-06,104.62344360351562,215.5749969482422,216.5,213.0,213.0,4904106
2010-07-07,102.38287353515625,210.9583282470703,216.44166564941406,210.8333282470703,216.44166564941406,5186916
2010-07-08,103.99658966064453,214.28334045410156,216.31666564941406,212.23333740234375,213.0,5412180
2010-07-09,104.65985107421875,215.64999389648438,217.3333282470703,213.56666564941406,214.28334045410156,6772956
2010-07-12,103.389892578125,213.03334045410156,217.3333282470703,212.46665954589844,217.3333282470703,6248862
2010-07-13,103.30500793457031,212.85833740234375,215.1666717529297,211.7916717529297,214.05833435058594,5065212
2010-07-14,101.79644775390625,209.75,214.72500610351562,209.1666717529297,214.13333129882812,8188926
2010-07-15,100.0533447265625,206.15834045410156,211.80833435058594,205.34165954589844,210.5,8100378
2010-07-16,101.81263732910156,209.78334045410156,210.3333282470703,203.38333129882812,203.875,8592060
2010-07-19,101.8449935913086,209.85000610351562,210.81666564941406,207.68333435058594,209.14999389648438,3253020
2010-07-20,101.84903717041016,209.85833740234375,211.56666564941406,208.76666259765625,209.85000610351562,4290432
2010-07-21,102.89649200439453,212.01666259765625,212.64166259765625,209.02499389648438,210.8333282470703,4300062
2010-07-22,103.35758209228516,212.96665954589844,213.61666870117188,209.64166259765625,212.01666259765625,3270120
2010-07-23,101.91374206542969,209.99166870117188,213.8000030517578,209.25,213.00833129882812,3512862
2010-07-26,101.53358459472656,209.2083282470703,211.0,208.13333129882812,210.8333282470703,3239190
2010-07-27,102.15235137939453,210.48333740234375,212.06666564941406,209.75833129882812,210.01666259765625,2750628
2010-07-28,101.88136291503906,209.9250030517578,213.28334045410156,209.1666717529297,210.0,5236176
2010-07-29,100.82987976074219,207.75833129882812,211.01666259765625,203.3333282470703,207.56666564941406,15344016
2010-07-30,100.35664367675781,206.78334045410156,208.26666259765625,203.44166564941406,206.6666717529297,7286052
2010-08-02,103.36160278320312,212.97500610351562,214.0,206.6666717529297,206.6666717529297,4191714
2010-08-03,102.8600845336914,211.94166564941406,215.0,211.05833435058594,215.0,5408688
2010-08-04,102.16447448730469,210.50833129882812,213.0,209.63333129882812,212.5,4071342
2010-08-05,100.4901123046875,207.05833435058594,211.56666564941406,204.64166259765625,204.64166259765625,5340498
2010-08-06,99.55990600585938,205.14166259765625,207.8000030517578,201.3333282470703,204.06666564941406,5066004
2010-08-09,99.70953369140625,205.4499969482422,210.8249969482422,203.9250030517578,206.6666717529297,5460756
2010-08-10,99.91580963134766,205.875,206.96665954589844,203.75,206.60000610351562,4457454
2010-08-11,100.08972930908203,206.23333740234375,208.18333435058594,204.6666717529297,206.6666717529297,6289722
2010-08-12,102.43951416015625,211.0749969482422,212.4250030517578,204.8333282470703,205.8333282470703,7668096
2010-08-13,103.33731079101562,212.9250030517578,214.6666717529297,211.1666717529297,211.1666717529297,5054388
2010-08-16,102.76305389404297,211.74166870117188,213.76666259765625,210.1750030517578,212.5,2064042
2010-08-17,101.84092712402344,209.84165954589844,212.5749969482422,207.80833435058594,210.3333282470703,2001426
2010-08-18,103.86715698242188,214.01666259765625,217.18333435058594,207.60833740234375,210.09165954589844,8320986
2010-08-19,102.45972442626953,211.11666870117188,215.9583282470703,210.3333282470703,214.6666717529297,2795226
2010-08-20,101.84092712402344,209.84165954589844,213.3333282470703,208.59165954589844,210.5,2250120
2010-08-23,103.79032897949219,213.85833740234375,216.1666717529297,208.6666717529297,209.0500030517578,4469316
2010-08-24,102.93697357177734,212.10000610351562,215.28334045410156,210.8333282470703,214.3333282470703,5260752
2010-08-25,103.260498046875,212.76666259765625,214.8333282470703,210.89166259765625,212.5,4110342
2010-08-26,104.33224487304688,214.97500610351562,216.39999389648438,212.55833435058594,213.0,7195542
2010-08-27,106.62540435791016,219.6999969482422,222.31666564941406,213.6666717529297,215.9166717529297,9813786
2010-08-30,108.72441101074219,224.02499389648438,226.64999389648438,220.85000610351562,221.8333282470703,11828838
2010-08-31,108.19463348388672,222.93333435058594,225.0,221.5,223.3333282470703,6250044
2010-09-01,108.3038330078125,223.15834045410156,225.78334045410156,222.0500030517578,224.93333435058594,4029264
2010-09-02,106.88423156738281,220.23333740234375,226.46665954589844,220.0,224.1666717529297,5363232
2010-09-03,108.307861328125,223.1666717529297,223.9499969482422,220.6666717529297,222.1666717529297,4640760
2010-09-06,109.25421142578125,225.11666870117188,228.6666717529297,220.0,222.0,6508818
2010-09-07,109.49287414550781,225.60833740234375,227.4583282470703,223.8333282470703,226.23333740234375,7104702
2010-09-08,109.64248657226562,225.9166717529297,227.46665954589844,223.34165954589844,224.21665954589844,6399516
2010-09-09,110.90620422363281,225.99166870117188,226.5,222.0833282470703,224.1666717529297,4766208
2010-09-13,113.06549835205078,230.39166259765625,231.5,227.72500610351562,230.0,6572406
2010-09-14,114.20648193359375,232.71665954589844,235.61666870117188,227.74166870117188,230.8333282470703,8323002
2010-09-15,115.07758331298828,234.49166870117188,242.23333740234375,232.5833282470703,233.3333282470703,15575154
2010-09-16,114.48870849609375,233.2916717529297,238.6666717529297,232.3333282470703,235.0,5001774
2010-09-17,114.2841796875,232.875,237.0833282470703,231.5,235.0,7716156
2010-09-20,114.85263061523438,234.03334045410156,236.81666564941406,233.35000610351562,234.1666717529297,6851880
2010-09-21,114.82401275634766,233.97500610351562,236.0,232.89166259765625,234.3333282470703,5398812
2010-09-22,114.72589111328125,233.77499389648438,236.46665954589844,232.5,235.0,5038278
2010-09-23,116.52940368652344,237.4499969482422,238.9166717529297,234.1666717529297,235.0,9012420
2010-09-24,117.54364013671875,239.51666259765625,241.28334045410156,235.6999969482422,238.6666717529297,6950910
2010-09-27,119.24494934082031,242.98333740234375,244.51666259765625,239.9166717529297,240.8333282470703,6416928
2010-09-28,119.2571792602539,243.00833129882812,245.43333435058594,240.52499389648438,240.52499389648438,6123840
2010-09-29,116.2553939819336,236.89166259765625,244.5,236.0,244.5,4641462
2010-09-30,114.844482421875,234.01666259765625,237.81666564941406,230.39166259765625,237.50833129882812,10107282
2010-10-01,114.91814422607422,234.1666717529297,237.63333129882812,233.03334045410156,234.39166259765625,10126602
2010-10-04,114.04701232910156,232.39166259765625,240.73333740234375,231.6666717529297,234.8333282470703,7828398
2010-10-05,113.74030303955078,231.76666259765625,234.61666870117188,225.6666717529297,225.6666717529297,4812792
2010-10-06,113.30266571044922,230.875,234.77499389648438,230.375,234.77499389648438,6158262
2010-10-07,113.22499084472656,230.71665954589844,233.39166259765625,228.8333282470703,230.875,6203238
2010-10-08,111.43783569335938,227.0749969482422,232.5,225.7916717529297,231.6666717529297,4711794
2010-10-11,111.33562469482422,226.86666870117188,230.75,225.5833282470703,230.74166870117188,4175916
2010-10-12,111.2292709350586,226.64999389648438,228.60000610351562,224.34165954589844,228.56666564941406,4837332
2010-10-13,112.8814697265625,230.01666259765625,231.64999389648438,226.72500610351562,227.8333282470703,7617498
2010-10-14,110.83253479003906,225.84165954589844,231.26666259765625,225.00833129882812,230.46665954589844,3243054
2010-10-15,109.63023376464844,223.39166259765625,228.3333282470703,221.9250030517578,228.3333282470703,4364958
2010-10-18,111.59324645996094,227.39166259765625,228.9499969482422,220.0833282470703,223.39166259765625,6438486
2010-10-19,110.4686279296875,225.10000610351562,229.06666564941406,223.1666717529297,228.5,5381238
2010-10-20,110.45635223388672,225.0749969482422,227.61666870117188,223.3333282470703,224.6666717529297,1889988
2010-10-21,111.24565124511719,226.68333435058594,228.5,223.68333435058594,226.3249969482422,5013066
2010-10-22,109.91650390625,223.97500610351562,228.06666564941406,223.03334045410156,227.8249969482422,2689536
2010-10-25,110.16184997558594,224.47500610351562,227.0,223.96665954589844,226.6666717529297,5148702
2010-10-26,108.3093032836914,220.6999969482422,225.81666564941406,220.0,225.81666564941406,5765184
2010-10-27,106.20723724365234,216.4166717529297,220.60833740234375,215.13333129882812,220.5,5111040
2010-10-28,106.64482879638672,217.30833435058594,221.4166717529297,215.3333282470703,218.0,13989654
2010-10-29,106.66116333007812,217.34165954589844,221.24166870117188,215.0,221.24166870117188,4452246
2010-11-01,107.91256713867188,219.89166259765625,222.1666717529297,218.3333282470703,220.6666717529297,2571858
2010-11-02,108.81640625,221.73333740234375,222.48333740234375,218.88333129882812,220.05833435058594,2180070
2010-11-03,108.82048797607422,221.74166870117188,224.46665954589844,221.35000610351562,223.0,4693920
2010-11-04,111.92452239990234,228.06666564941406,230.5,221.5,223.78334045410156,5213736
2010-11-08,110.47270202636719,225.10833740234375,232.6666717529297,223.8333282470703,232.6666717529297,7205400
2010-11-09,109.39303588867188,222.90834045410156,227.76666259765625,221.72500610351562,226.14999389648438,5196576
2010-11-10,110.26001739501953,224.6750030517578,225.46665954589844,223.3333282470703,223.3333282470703,2055864
2010-11-11,107.77764129638672,219.61666870117188,225.64999389648438,218.5,225.0,5053794
2010-11-12,106.71430969238281,217.4499969482422,221.1666717529297,215.8249969482422,220.44166564941406,6405996
2010-11-15,107.51178741455078,219.0749969482422,221.31666564941406,215.0833282470703,217.4499969482422,2820924
2010-11-16,105.79008483886719,215.56666564941406,221.14999389648438,212.6666717529297,221.14999389648438,3510384
2010-11-18,104.87812042236328,213.7083282470703,220.8000030517578,208.6666717529297,220.8000030517578,5800602
2010-11-19,103.35269165039062,210.60000610351562,214.8333282470703,208.5500030517578,214.8333282470703,2874444
2010-11-22,106.0640869140625,216.125,217.5,207.50833129882812,210.00833129882812,4750710
2010-11-23,104.09288787841797,212.10833740234375,215.8333282470703,208.0833282470703,215.0,5386170
2010-11-24,102.03173065185547,207.90834045410156,213.75,205.8333282470703,213.3333282470703,3377418
2010-11-25,100.34269714355469,204.46665954589844,211.0,200.9250030517578,207.94166564941406,8742108
2010-11-26,101.50006866455078,206.8249969482422,208.24166870117188,198.6666717529297,205.8333282470703,5960676
2010-11-29,101.6718521118164,207.1750030517578,208.84165954589844,204.375,208.84165954589844,2647794
2010-11-30,101.85589599609375,207.5500030517578,208.27499389648438,204.39166259765625,207.3333282470703,4231428
2010-12-01,105.20528411865234,214.375,217.28334045410156,207.75,208.3333282470703,5444130
2010-12-02,107.4709243774414,218.99166870117188,225.77499389648438,217.5416717529297,222.6666717529297,11644164
2010-12-03,107.93299865722656,219.93333435058594,222.14166259765625,218.3333282470703,220.0,7572450
2010-12-06,108.00666046142578,220.0833282470703,222.6666717529297,219.6666717529297,222.46665954589844,3349338
2010-12-07,109.43394470214844,222.99166870117188,224.3333282470703,220.8333282470703,221.6666717529297,8844924
2010-12-08,110.0351333618164,224.21665954589844,227.30833435058594,223.3333282470703,224.1666717529297,11054448
2010-12-09,108.09662628173828,220.26666259765625,225.97500610351562,215.76666259765625,225.28334045410156,7655118
2010-12-10,108.12934112548828,220.3333282470703,221.5833282470703,219.22500610351562,221.5,5738214
2010-12-13,108.62825775146484,221.35000610351562,222.35833740234375,219.6999969482422,221.5,5770620
2010-12-14,108.9390640258789,221.98333740234375,223.59165954589844,221.03334045410156,222.64166259765625,3887496
2010-12-15,108.27250671386719,220.625,223.97500610351562,218.25,223.64999389648438,4209096
2010-12-16,108.77960205078125,221.65834045410156,223.0,217.3333282470703,222.3333282470703,11786376
2010-12-20,109.32434844970703,217.40834045410156,220.6666717529297,216.0,219.98333740234375,8097570
2010-12-21,109.03520202636719,216.8333282470703,218.31666564941406,216.0,217.98333740234375,3671034
2010-12-22,109.38720703125,217.53334045410156,219.6666717529297,217.10000610351562,218.0,3879690
2010-12-23,108.97236633300781,216.7083282470703,218.6666717529297,215.35833740234375,218.64999389648438,3540876
2010-12-24,108.51142120361328,215.7916717529297,216.6666717529297,213.6666717529297,213.6666717529297,2734644
2010-12-27,108.91365814208984,216.59165954589844,217.5,215.84165954589844,216.31666564941406,2787534
2010-12-28,108.10491943359375,214.98333740234375,216.64999389648438,214.4250030517578,216.64999389648438,2639922
2010-12-29,109.23216247558594,217.22500610351562,217.6666717529297,215.0416717529297,216.46665954589844,3858492
2010-12-30,108.4988021850586,215.76666259765625,217.4499969482422,214.1666717529297,217.4499969482422,5010018
2010-12-31,107.96244049072266,214.6999969482422,217.0833282470703,214.03334045410156,215.01666259765625,4598454
2011-01-03,108.34797668457031,215.46665954589844,217.3333282470703,215.02499389648438,217.3333282470703,3086238
2011-01-04,107.86604309082031,214.50833129882812,216.23333740234375,214.00833129882812,215.89166259765625,4576776
2011-01-05,106.11447143554688,211.02499389648438,214.81666564941406,209.6666717529297,214.81666564941406,5421078
2011-01-06,102.8584976196289,204.5500030517578,211.76666259765625,202.75,211.56666564941406,9529842
2011-01-07,101.06079864501953,200.97500610351562,205.6666717529297,200.0,204.19166564941406,5663580
2011-01-10,98.42082214355469,195.72500610351562,201.625,194.60000610351562,200.3333282470703,7110408
2011-01-11,99.2966079711914,197.46665954589844,201.5833282470703,195.01666259765625,196.1666717529297,6439050
2011-01-12,99.4516830444336,197.77499389648438,201.8333282470703,191.34165954589844,198.3333282470703,14537040
2011-01-13,100.69622039794922,200.25,201.46665954589844,195.02499389648438,197.5,6794286
2011-01-14,98.81471252441406,196.50833129882812,202.5,195.3333282470703,201.1666717529297,4032972
2011-01-17,98.06463623046875,195.01666259765625,197.8333282470703,193.0416717529297,195.85000610351562,4277550
2011-01-18,98.09396362304688,195.0749969482422,196.0,192.77499389648438,195.05833435058594,5204790
2011-01-19,97.12178039550781,193.14166259765625,197.375,192.5,195.18333435058594,4172202
2011-01-20,95.06430053710938,189.0500030517578,192.9166717529297,187.03334045410156,190.85000610351562,9200106
2011-01-21,92.65482330322266,184.25833129882812,189.8333282470703,183.78334045410156,188.6666717529297,8752776
2011-01-24,95.39534759521484,189.7083282470703,190.6666717529297,184.8333282470703,186.3333282470703,4333938
2011-01-25,94.74162292480469,188.40834045410156,191.63333129882812,185.0,190.35000610351562,5506872
2011-01-27,93.34622192382812,185.63333129882812,190.85000610351562,185.0,189.8333282470703,6659538
2011-01-28,94.94696044921875,188.81666564941406,190.8249969482422,186.02499389648438,187.49166870117188,6497328
2011-01-31,98.7099609375,196.3000030517578,202.8000030517578,190.5,190.53334045410156,17166906
2011-02-01,98.62196350097656,196.125,199.74166870117188,195.2916717529297,198.5,8898528
2011-02-02,99.02843475341797,196.93333435058594,201.6666717529297,196.1666717529297,197.39999389648438,11149230
2011-02-03,100.18499755859375,199.23333740234375,199.89166259765625,195.51666259765625,197.1666717529297,8452230
2011-02-04,99.87492370605469,198.61666870117188,205.52499389648438,197.8333282470703,199.25833129882812,14437500
2011-02-07,100.11376953125,199.09165954589844,203.0,198.3333282470703,200.0,12533964
2011-02-08,94.55304718017578,188.03334045410156,200.6666717529297,185.53334045410156,200.0,6873978
2011-02-09,91.95497131347656,182.86666870117188,191.60000610351562,181.3333282470703,189.03334045410156,4901862
2011-02-10,91.72030639648438,182.39999389648438,188.60000610351562,181.3333282470703,182.6666717529297,5458606
2011-02-11,92.87687683105469,184.6999969482422,186.0,176.6666717529297,181.39999389648438,4595268
2011-02-14,93.68146514892578,186.3000030517578,189.23333740234375,184.23333740234375,187.43333435058594,4115782
2011-02-15,94.7206802368164,188.36666870117188,190.60000610351562,183.3333282470703,186.39999389648438,3585198
2011-02-16,93.74848175048828,186.43333435058594,189.3333282470703,185.39999389648438,187.36666870117188,3972225
2011-02-17,93.14503479003906,185.23333740234375,187.8333282470703,184.1999969482422,187.8333282470703,2999698
2011-02-18,89.97711944580078,178.93333435058594,186.26666259765625,178.03334045410156,185.56666564941406,5878117
2011-02-21,92.5416488647461,184.03334045410156,184.93333435058594,176.03334045410156,179.60000610351562,6438177
2011-02-22,91.16718292236328,181.3000030517578,184.6666717529297,178.36666870117188,184.6666717529297,6039484
2011-02-23,91.03309631347656,181.03334045410156,183.3333282470703,180.06666564941406,181.76666259765625,4505488
2011-02-24,88.8205337524414,176.63333129882812,180.63333129882812,174.1999969482422,179.5,12898323
2011-02-25,87.8651351928711,174.73333740234375,179.13333129882812,173.39999389648438,177.96665954589844,3928434
2011-02-28,90.63079833984375,180.23333740234375,183.3333282470703,175.3333282470703,175.8333282470703,10273339
2011-03-01,91.85440063476562,182.6666717529297,183.6666717529297,179.46665954589844,182.0,4917810
2011-03-03,90.46318054199219,179.89999389648438,183.73333740234375,178.13333129882812,182.3333282470703,4893675
2011-03-04,90.1279525756836,179.23333740234375,180.73333740234375,178.0,179.3333282470703,4100439
2011-03-07,88.45177459716797,175.89999389648438,177.93333435058594,174.6666717529297,177.3333282470703,3115482
2011-03-08,91.26774597167969,181.5,181.96665954589844,175.6999969482422,175.6999969482422,5202175
2011-03-09,90.94926452636719,180.86666870117188,183.3000030517578,177.53334045410156,182.0,6751722
2011-03-10,92.5416488647461,184.03334045410156,185.60000610351562,178.06666564941406,180.6666717529297,4974466
2011-03-11,94.4524917602539,187.8333282470703,190.26666259765625,182.8333282470703,184.0,8258842
2011-03-14,94.1004867553711,187.13333129882812,190.6666717529297,186.43333435058594,188.76666259765625,4226475
2011-03-15,90.89897155761719,180.76666259765625,186.86666870117188,180.06666564941406,184.39999389648438,5363734
2011-03-16,91.11690521240234,181.1999969482422,184.53334045410156,180.3333282470703,182.53334045410156,4696912
2011-03-17,91.30126190185547,181.56666564941406,183.93333435058594,179.0,179.89999389648438,2309043
2011-03-18,90.56377410888672,180.10000610351562,183.93333435058594,178.73333740234375,183.76666259765625,2932278
2011-03-21,90.49671173095703,179.96665954589844,182.26666259765625,178.13333129882812,182.0,1839324
2011-03-22,91.01634216308594,181.0,182.23333740234375,178.1666717529297,180.73333740234375,2535307
2011-03-23,91.40184020996094,181.76666259765625,182.60000610351562,179.60000610351562,180.96665954589844,2107996
2011-03-24,91.50241088867188,181.96665954589844,182.76666259765625,181.3333282470703,182.5,3487645
2011-03-25,92.49134826660156,183.93333435058594,185.10000610351562,181.3333282470703,184.56666564941406,6411241
2011-03-28,93.5976333618164,186.13333129882812,187.6666717529297,182.6999969482422,183.6666717529297,7339996
2011-03-29,95.15648651123047,189.23333740234375,190.39999389648438,186.3333282470703,186.63333129882812,5875006
2011-03-30,94.67035675048828,188.26666259765625,193.3000030517578,187.03334045410156,190.0,5266102
2011-03-31,97.65398406982422,194.1999969482422,196.13333129882812,188.56666564941406,188.56666564941406,9499864
2011-04-01,98.2406234741211,195.36666870117188,197.10000610351562,193.3333282470703,195.0,4220574
2011-04-04,99.86653137207031,198.60000610351562,199.3333282470703,194.1666717529297,196.0,3015000
2011-04-05,99.39720916748047,197.6666717529297,202.3000030517578,195.46665954589844,199.8000030517578,4413615
2011-04-06,99.93355560302734,198.73333740234375,202.0,197.1999969482422,197.3333282470703,8120823
2011-04-07,97.75455474853516,194.39999389648438,200.6666717529297,193.53334045410156,199.93333435058594,7120737
2011-04-08,96.3633041381836,191.63333129882812,195.3333282470703,190.23333740234375,194.96665954589844,4940473
2011-04-11,94.83800506591797,188.60000610351562,192.6666717529297,186.06666564941406,192.60000610351562,4788319
2011-04-13,96.88291931152344,192.6666717529297,193.6999969482422,185.6999969482422,186.36666870117188,5266890
2011-04-15,95.89399719238281,190.6999969482422,192.6666717529297,187.8000030517578,192.36666870117188,4361028
2011-04-18,96.34654998779297,191.60000610351562,195.10000610351562,190.8000030517578,192.39999389648438,4304644
2011-04-19,97.06732177734375,193.03334045410156,194.3333282470703,188.8000030517578,190.6999969482422,3437049
2011-04-20,98.96138763427734,196.8000030517578,198.03334045410156,193.73333740234375,193.73333740234375,4385253
2011-04-21,101.97850799560547,202.8000030517578,203.8000030517578,197.3000030517578,197.3000030517578,5906080
2011-04-25,101.71031951904297,202.26666259765625,205.8000030517578,201.39999389648438,203.93333435058594,3177348
2011-04-26,101.86116790771484,202.56666564941406,203.5,198.10000610351562,202.6666717529297,3934587
2011-04-27,104.39219665527344,207.60000610351562,207.96665954589844,203.3333282470703,204.0,7441954
2011-04-28,106.52094268798828,211.8333282470703,212.86666870117188,208.10000610351562,210.0,13472038
2011-04-29,103.18536376953125,205.1999969482422,217.10000610351562,203.06666564941406,211.60000610351562,9647058
2011-05-02,101.71031951904297,202.26666259765625,207.93333435058594,201.10000610351562,206.0,5406627
2011-05-03,98.5423355102539,195.96665954589844,204.3333282470703,195.0,201.96665954589844,4491453
2011-05-04,103.80552673339844,206.43333435058594,208.6666717529297,194.6999969482422,196.93333435058594,9973849
2011-05-05,103.9061050415039,206.63333129882812,210.53334045410156,204.73333740234375,207.3000030517578,9541876
2011-05-06,102.33050537109375,203.5,209.96665954589844,202.46665954589844,208.0,8068266
2011-05-09,101.97850799560547,202.8000030517578,205.23333740234375,198.8333282470703,204.6666717529297,6130362
2011-05-10,102.0120620727539,202.86666870117188,208.1999969482422,202.46665954589844,203.60000610351562,5807154
2011-05-11,100.67108917236328,200.1999969482422,204.26666259765625,198.8000030517578,201.3333282470703,4694638
2011-05-12,101.22423553466797,201.3000030517578,203.23333740234375,198.43333435058594,199.6999969482422,3684310
2011-05-13,102.12934875488281,203.10000610351562,207.0,202.23333740234375,202.23333740234375,4778640
2011-05-16,99.54806518554688,197.96665954589844,205.60000610351562,197.10000610351562,204.53334045410156,11482777
2011-05-17,92.99419403076172,184.93333435058594,198.46665954589844,183.6666717529297,198.0,22836247
2011-05-18,91.85440063476562,182.6666717529297,188.1999969482422,181.8000030517578,186.46665954589844,9724798
2011-05-19,93.09474182128906,185.13333129882812,185.86666870117188,181.43333435058594,184.6666717529297,4509184
2011-05-20,91.83766174316406,182.63333129882812,189.5,178.3333282470703,186.6666717529297,15459457
2011-05-23,89.64185333251953,178.26666259765625,183.8000030517578,176.10000610351562,183.8000030517578,8455621
2011-05-24,89.05518341064453,177.10000610351562,179.56666564941406,175.36666870117188,179.13333129882812,6349114
2011-05-25,87.96569061279297,174.93333435058594,177.53334045410156,174.26666259765625,177.53334045410156,3169969
2011-05-26,92.0052719116211,182.96665954589844,184.23333740234375,174.86666870117188,176.1666717529297,13454910
2011-05-27,94.85478210449219,188.63333129882812,189.93333435058594,183.10000610351562,183.10000610351562,7671549
2011-05-30,93.04450225830078,185.03334045410156,190.89999389648438,183.46665954589844,189.96665954589844,4577292
2011-05-31,94.21783447265625,187.36666870117188,188.8000030517578,180.3000030517578,182.6666717529297,8772271
2011-06-01,94.40221405029297,187.73333740234375,189.53334045410156,185.46665954589844,188.6666717529297,2953699
2011-06-02,94.23457336425781,187.39999389648438,190.39999389648438,185.56666564941406,186.3333282470703,4074744
2011-06-03,93.8658447265625,186.6666717529297,189.26666259765625,185.73333740234375,187.5,2435163
2011-06-06,92.474609375,183.89999389648438,186.5,183.53334045410156,185.39999389648438,2154445
2011-06-07,92.6422119140625,184.23333740234375,185.0,182.0,183.3333282470703,4568362
2011-06-08,90.5302505493164,180.03334045410156,183.10000610351562,179.3333282470703,182.6666717529297,8586996
2011-06-09,88.90432739257812,176.8000030517578,180.63333129882812,176.39999389648438,180.0,6987826
2011-06-10,89.45748138427734,177.89999389648438,178.46665954589844,176.06666564941406,177.23333740234375,4565845
2011-06-13,90.16145324707031,179.3000030517578,180.3000030517578,176.13333129882812,177.3333282470703,4547260
2011-06-14,90.51348114013672,180.0,182.6666717529297,179.60000610351562,180.0,4987099
2011-06-15,89.96031951904297,178.89999389648438,180.8000030517578,177.13333129882812,180.63333129882812,3563634
2011-06-16,90.2117691040039,179.39999389648438,180.56666564941406,177.39999389648438,178.6666717529297,2627772
2011-06-17,89.10545349121094,177.1999969482422,178.5,175.3333282470703,178.0,2922289
2011-06-20,85.8871841430664,170.8000030517578,179.53334045410156,170.3000030517578,175.3333282470703,5156968
2011-06-21,85.83695220947266,170.6999969482422,174.43333435058594,165.36666870117188,172.53334045410156,9843882
2011-06-22,87.4293212890625,173.86666870117188,176.26666259765625,168.13333129882812,172.13333129882812,5804277
2011-06-23,88.71997833251953,176.43333435058594,179.39999389648438,172.1666717529297,173.3333282470703,5468871
2011-06-24,91.45209503173828,181.86666870117188,183.60000610351562,179.3333282470703,179.3333282470703,9431793
2011-06-27,95.27378845214844,189.46665954589844,198.3333282470703,188.96665954589844,192.3333282470703,28569900
2011-06-28,95.47494506835938,189.86666870117188,192.73333740234375,187.63333129882812,191.73333740234375,8229484
2011-06-29,93.6479263305664,186.23333740234375,192.10000610351562,184.46665954589844,191.46665954589844,7492194
2011-06-30,91.93820190429688,182.8333282470703,185.73333740234375,182.1999969482422,185.3333282470703,10160776
2011-07-01,92.6422119140625,184.23333740234375,193.93333435058594,183.3333282470703,193.93333435058594,11798136
2011-07-04,92.94392395019531,184.8333282470703,186.26666259765625,183.06666564941406,185.06666564941406,5513425
2011-07-05,92.69248962402344,184.3333282470703,186.93333435058594,183.3333282470703,185.3333282470703,5814307
2011-07-06,91.43535614013672,181.8333282470703,185.13333129882812,180.93333435058594,183.3333282470703,5576223
2011-07-07,92.17290496826172,183.3000030517578,184.3000030517578,181.8000030517578,182.23333740234375,6020826
2011-07-08,92.91039276123047,184.76666259765625,187.10000610351562,183.93333435058594,184.46665954589844,4215765
2011-07-11,94.20105743408203,187.3333282470703,188.0,183.46665954589844,184.6666717529297,4722703
2011-07-12,94.41893768310547,187.76666259765625,189.3333282470703,185.3333282470703,186.60000610351562,3991452
2011-07-13,96.19569396972656,191.3000030517578,192.53334045410156,188.36666870117188,188.36666870117188,8344695
2011-07-14,94.97208404541016,188.86666870117188,192.3333282470703,187.6666717529297,191.0,4133055
2011-07-15,93.49707794189453,185.93333435058594,189.8000030517578,184.96665954589844,187.6666717529297,2715807
2011-07-18,92.84332275390625,184.63333129882812,186.6666717529297,183.89999389648438,186.6666717529297,2526735
2011-07-19,92.74276733398438,184.43333435058594,185.73333740234375,183.53334045410156,185.73333740234375,2738167
2011-07-20,92.23993682861328,183.43333435058594,186.60000610351562,182.86666870117188,185.0,2011543
2011-07-21,92.86012268066406,184.6666717529297,185.86666870117188,183.1999969482422,183.60000610351562,2821686
2011-07-22,93.73173522949219,186.39999389648438,187.93333435058594,185.0,186.5,3529584
2011-07-25,93.8322982788086,186.60000610351562,188.1666717529297,184.76666259765625,186.0,5466030
2011-07-26,92.79307556152344,184.53334045410156,188.26666259765625,183.8000030517578,188.26666259765625,4196827
2011-07-27,92.62545776367188,184.1999969482422,187.0,183.3333282470703,186.6999969482422,2811828
2011-07-28,92.92716217041016,184.8000030517578,186.60000610351562,182.13333129882812,182.13333129882812,5818953
2011-07-29,90.26204681396484,179.5,184.0,178.93333435058594,184.0,7263630
2011-08-01,91.65326690673828,182.26666259765625,183.3333282470703,179.0,180.76666259765625,4697514
2011-08-02,92.67572021484375,184.3000030517578,185.0,181.06666564941406,182.53334045410156,5526291
2011-08-03,92.86012268066406,184.6666717529297,187.03334045410156,182.06666564941406,182.8333282470703,4537237
2011-08-04,91.58623504638672,182.13333129882812,186.56666564941406,181.36666870117188,185.60000610351562,2597493
2011-08-05,92.87687683105469,184.6999969482422,186.60000610351562,178.0,178.0,8423607
2011-08-08,94.90505981445312,188.73333740234375,190.5,179.39999389648438,180.06666564941406,9840003
2011-08-09,95.67606353759766,190.26666259765625,193.43333435058594,186.03334045410156,188.0,9296133
2011-08-10,93.69820404052734,186.3333282470703,192.93333435058594,185.03334045410156,192.93333435058594,4869504
2011-08-11,93.04450225830078,185.03334045410156,186.63333129882812,183.63333129882812,184.06666564941406,2319924
2011-08-12,93.5976333618164,186.13333129882812,189.8000030517578,184.56666564941406,186.6666717529297,6378681
2011-08-16,91.65326690673828,182.26666259765625,190.56666564941406,181.13333129882812,185.6999969482422,2287386
2011-08-17,92.91039276123047,184.76666259765625,188.10000610351562,182.0,182.0,3672018
2011-08-18,92.85997772216797,184.1666717529297,187.03334045410156,182.6666717529297,186.63333129882812,5046471
2011-08-19,92.77594757080078,184.0,187.26666259765625,181.3000030517578,182.23333740234375,7088448
2011-08-22,96.28864288330078,190.96665954589844,192.53334045410156,182.96665954589844,183.6999969482422,5935705
2011-08-23,93.61632537841797,185.6666717529297,192.0,185.1999969482422,191.3333282470703,4570302
2011-08-24,93.75077056884766,185.93333435058594,188.3333282470703,184.89999389648438,186.26666259765625,4186500
2011-08-25,94.89364624023438,188.1999969482422,191.76666259765625,186.43333435058594,187.6666717529297,9978679
2011-08-26,93.4314193725586,185.3000030517578,190.26666259765625,184.1999969482422,187.6666717529297,4341853
2011-08-29,92.42300415039062,183.3000030517578,188.13333129882812,182.39999389648438,186.6666717529297,5656912
2011-08-30,88.50692749023438,175.53334045410156,183.26666259765625,173.3333282470703,182.73333740234375,10830636
2011-09-02,88.70860290527344,175.93333435058594,182.3000030517578,173.73333740234375,181.3333282470703,7815435
2011-09-05,86.37240600585938,171.3000030517578,176.06666564941406,169.76666259765625,175.3333282470703,10391605
2011-09-06,87.71694946289062,173.96665954589844,174.6666717529297,170.0,170.1666717529297,14100801
2011-09-07,88.22119140625,174.96665954589844,176.06666564941406,173.6666717529297,174.0,8604588
2011-09-08,87.7842025756836,174.10000610351562,175.60000610351562,172.39999389648438,175.26666259765625,6144648
2011-09-09,88.13715362548828,174.8000030517578,175.86666870117188,174.0,174.6999969482422,6416307
2011-09-12,87.76737213134766,174.06666564941406,177.3000030517578,172.6666717529297,172.8333282470703,8182092
2011-09-13,86.7421646118164,172.03334045410156,175.1666717529297,171.03334045410156,174.1666717529297,5936710
2011-09-14,87.66655731201172,173.86666870117188,174.36666870117188,170.8333282470703,172.60000610351562,7956025
2011-09-15,87.59932708740234,173.73333740234375,175.0,171.76666259765625,175.0,6970267
2011-09-16,92.33895111083984,183.13333129882812,187.03334045410156,180.0,180.0,20314476
2011-09-19,90.57416534423828,179.63333129882812,186.1666717529297,178.8000030517578,183.26666259765625,7946808
2011-09-20,87.90184020996094,174.3333282470703,179.89999389648438,173.1666717529297,179.89999389648438,17563543
2011-09-21,87.75057983398438,174.03334045410156,177.0,173.3333282470703,176.26666259765625,9434337
2011-09-22,86.65809631347656,171.86666870117188,175.1666717529297,171.39999389648438,172.8000030517578,7829694
2011-09-23,86.65809631347656,171.86666870117188,173.89999389648438,170.1666717529297,170.8333282470703,7303812
2011-09-26,85.63286590576172,169.8333282470703,172.60000610351562,168.8333282470703,172.0,5279827
2011-09-27,87.09510040283203,172.73333740234375,173.60000610351562,170.43333435058594,172.6666717529297,4711935
2011-09-28,88.25481414794922,175.03334045410156,175.5,172.73333740234375,174.46665954589844,8717388
2011-09-29,90.27168273925781,179.03334045410156,181.1666717529297,174.03334045410156,174.63333129882812,7264513
2011-09-30,89.44808197021484,177.39999389648438,178.60000610351562,174.36666870117188,178.46665954589844,6946057
2011-10-03,90.10358428955078,178.6999969482422,180.1666717529297,175.0,175.3333282470703,6750094
2011-10-04,88.7590103149414,176.03334045410156,179.8000030517578,174.6999969482422,178.63333129882812,5362317
2011-10-05,88.72540283203125,175.96665954589844,179.3000030517578,175.3333282470703,175.53334045410156,3037218
2011-10-07,88.89348602294922,176.3000030517578,180.89999389648438,173.1666717529297,179.26666259765625,6302101
2011-10-10,92.2044906616211,182.86666870117188,183.3000030517578,175.6666717529297,175.6999969482422,3719904
2011-10-11,90.17082977294922,178.8333282470703,182.60000610351562,178.13333129882812,180.73333740234375,4777623
2011-10-12,90.9439697265625,180.36666870117188,181.23333740234375,177.93333435058594,179.39999389648438,2783823
2011-10-13,89.01112365722656,176.53334045410156,183.26666259765625,176.06666564941406,182.0,4512492
2011-10-14,89.6666030883789,177.8333282470703,178.93333435058594,175.3000030517578,176.10000610351562,4292902
2011-10-17,90.57416534423828,179.63333129882812,181.0,177.86666870117188,178.46665954589844,2907058
2011-10-18,88.6413803100586,175.8000030517578,180.93333435058594,175.26666259765625,178.06666564941406,4357546
2011-10-19,90.13721466064453,178.76666259765625,179.86666870117188,175.39999389648438,176.43333435058594,3116782
2011-10-20,89.61618041992188,177.73333740234375,178.76666259765625,175.6666717529297,177.6999969482422,2939844
2011-10-21,89.21279907226562,176.93333435058594,178.63333129882812,175.73333740234375,178.3000030517578,2319718
2011-10-24,92.89360809326172,184.23333740234375,184.89999389648438,178.10000610351562,179.93333435058594,4961169
2011-10-25,93.0784912109375,184.60000610351562,185.60000610351562,182.53334045410156,185.26666259765625,9242170
2011-10-28,95.73401641845703,189.86666870117188,196.53334045410156,186.8333282470703,187.3333282470703,5957506
2011-10-31,93.33058166503906,185.10000610351562,190.06666564941406,184.1666717529297,190.0,3269259
2011-11-01,93.36418914794922,185.1666717529297,187.26666259765625,183.6999969482422,183.6999969482422,1883079
2011-11-02,93.7339859008789,185.89999389648438,188.5,184.03334045410156,184.63333129882812,2398773
2011-11-03,93.4314193725586,185.3000030517578,186.53334045410156,180.8000030517578,184.6666717529297,3250446
2011-11-04,93.04487609863281,184.53334045410156,189.03334045410156,183.73333740234375,187.86666870117188,6048180
2011-11-08,93.3809814453125,185.1999969482422,192.03334045410156,184.6666717529297,190.6666717529297,6170599
2011-11-09,91.1456069946289,180.76666259765625,186.53334045410156,180.36666870117188,186.53334045410156,3595072
2011-11-11,89.29683685302734,177.10000610351562,181.3333282470703,176.1999969482422,180.0,5486427
2011-11-14,87.80101776123047,174.13333129882812,179.36666870117188,173.3333282470703,177.6666717529297,3114604
2011-11-15,86.99427795410156,172.53334045410156,176.8333282470703,171.56666564941406,174.6666717529297,3469480
2011-11-16,88.38923645019531,175.3000030517578,176.56666564941406,171.13333129882812,172.0,3574468
2011-11-17,86.49002838134766,171.53334045410156,176.60000610351562,170.1999969482422,176.3333282470703,2699470
2011-11-18,87.33038330078125,173.1999969482422,176.96665954589844,167.56666564941406,170.46665954589844,4369078
2011-11-21,84.7420883178711,168.06666564941406,174.6666717529297,167.06666564941406,174.0,2441680
2011-11-22,84.65804290771484,167.89999389648438,171.26666259765625,166.43333435058594,168.6999969482422,3698254
2011-11-23,82.87648010253906,164.36666870117188,168.0,161.1666717529297,166.76666259765625,5790336
2011-11-24,85.71688842773438,170.0,172.0,162.6999969482422,164.1666717529297,6572179
2011-11-25,84.67485809326172,167.93333435058594,169.26666259765625,165.39999389648438,169.26666259765625,3995673
2011-11-28,87.96906280517578,174.46665954589844,175.0,168.26666259765625,168.73333740234375,1929723
2011-11-29,87.04469299316406,172.63333129882812,175.76666259765625,170.53334045410156,175.3333282470703,4400394
2011-11-30,89.6666030883789,177.8333282470703,179.86666870117188,170.03334045410156,170.03334045410156,3802981
2011-12-01,89.53215026855469,177.56666564941406,185.1999969482422,176.1666717529297,182.10000610351562,3726117
2011-12-02,90.12040710449219,178.73333740234375,179.8000030517578,174.26666259765625,177.56666564941406,6333309
2011-12-05,90.5237808227539,179.53334045410156,180.0,175.6666717529297,178.6666717529297,2532787
2011-12-07,91.86836242675781,182.1999969482422,182.6666717529297,178.13333129882812,179.1666717529297,2970330
2011-12-08,89.64978790283203,177.8000030517578,182.56666564941406,176.8000030517578,181.5,2320759
2011-12-09,87.86822509765625,174.26666259765625,177.39999389648438,173.5,174.93333435058594,2231760
2011-12-12,86.523681640625,171.60000610351562,177.23333740234375,170.3333282470703,174.8000030517578,3607639
2011-12-13,85.8513412475586,170.26666259765625,172.1999969482422,168.36666870117188,170.86666870117188,3822892
2011-12-14,84.72528076171875,168.03334045410156,171.3333282470703,167.3333282470703,169.6666717529297,3553435
2011-12-15,84.40592193603516,167.39999389648438,169.1666717529297,165.3333282470703,166.6666717529297,7229764
2011-12-16,84.13703155517578,166.86666870117188,172.96665954589844,164.10000610351562,167.39999389648438,3192585
2011-12-19,83.06137084960938,164.73333740234375,166.86666870117188,163.1666717529297,166.86666870117188,3580656
2011-12-20,85.0110092163086,168.60000610351562,169.96665954589844,165.8333282470703,167.60000610351562,3812736
2011-12-21,87.80101776123047,174.13333129882812,175.03334045410156,169.10000610351562,170.6666717529297,2322900
2011-12-22,88.92708587646484,176.36666870117188,176.86666870117188,170.6666717529297,170.6666717529297,1895197
2011-12-23,88.06990051269531,174.6666717529297,178.0,173.1666717529297,178.0,1876218
2011-12-26,88.23799133300781,175.0,175.60000610351562,173.36666870117188,173.6666717529297,1216527
2011-12-27,88.28838348388672,175.10000610351562,176.0,173.46665954589844,175.06666564941406,1222836
2011-12-28,87.80101776123047,174.13333129882812,175.60000610351562,173.13333129882812,175.1999969482422,1055052
2011-12-29,86.67491149902344,171.89999389648438,175.23333740234375,170.8000030517578,174.26666259765625,4003434
2011-12-30,86.25473022460938,171.06666564941406,175.1999969482422,170.0,171.13333129882812,2755954
2012-01-02,86.8429946899414,172.23333740234375,175.23333740234375,170.96665954589844,171.6666717529297,1790127
2012-01-03,88.47330474853516,175.46665954589844,176.3333282470703,173.10000610351562,174.06666564941406,2231457
2012-01-04,89.64978790283203,177.8000030517578,178.39999389648438,174.06666564941406,176.0,3473709
2012-01-05,87.98587036132812,174.5,179.96665954589844,174.0,178.96665954589844,4615846
2012-01-06,88.03754425048828,170.43333435058594,172.26666259765625,169.10000610351562,170.93333435058594,3933240
2012-01-09,88.5712661743164,171.46665954589844,172.6666717529297,168.8000030517578,172.6666717529297,2710369
2012-01-10,89.94879150390625,174.13333129882812,175.3333282470703,172.10000610351562,175.3333282470703,4653024
2012-01-11,89.39778900146484,173.06666564941406,174.60000610351562,172.1999969482422,174.60000610351562,1858990
2012-01-12,88.77791595458984,171.86666870117188,174.6666717529297,171.0,174.26666259765625,2859687
2012-01-13,89.4322280883789,173.13333129882812,174.0,171.3000030517578,173.3000030517578,1984116
2012-01-16,88.24415588378906,170.8333282470703,173.96665954589844,170.5,173.3333282470703,2694250
2012-01-17,90.25872039794922,174.73333740234375,175.63333129882812,170.06666564941406,171.3333282470703,5307021
2012-01-18,92.37654876708984,178.8333282470703,179.8000030517578,174.06666564941406,175.6666717529297,4757965
2012-01-19,93.59908294677734,181.1999969482422,182.8333282470703,176.6666717529297,180.0,3625945
2012-01-20,95.0281982421875,183.96665954589844,185.26666259765625,179.60000610351562,181.06666564941406,4354359
2012-01-23,94.82159423828125,183.56666564941406,185.56666564941406,182.03334045410156,184.6666717529297,2255712
2012-01-24,94.42557525634766,182.8000030517578,185.1666717529297,181.23333740234375,183.56666564941406,2776474
2012-01-25,93.85731506347656,181.6999969482422,184.53334045410156,180.43333435058594,184.3000030517578,5481361
2012-01-27,95.83745574951172,185.53334045410156,186.73333740234375,169.46665954589844,185.3333282470703,4544763
2012-01-30,94.97654724121094,183.86666870117188,188.53334045410156,182.6999969482422,183.3333282470703,3695226
2012-01-31,95.06266021728516,184.03334045410156,187.56666564941406,183.10000610351562,185.3333282470703,4007272
2012-02-01,93.8228988647461,181.63333129882812,183.46665954589844,179.3333282470703,182.13333129882812,5360700
2012-02-02,95.0970687866211,184.10000610351562,186.3333282470703,182.46665954589844,182.46665954589844,8067528
2012-02-03,96.9910659790039,187.76666259765625,189.0,182.36666870117188,185.3333282470703,4541212
2012-02-06,97.55928802490234,188.86666870117188,189.96665954589844,185.6999969482422,188.0,7470982
2012-02-07,98.57516479492188,190.8333282470703,191.73333740234375,186.26666259765625,188.06666564941406,6976953
2012-02-08,97.52485656738281,188.8000030517578,190.6666717529297,185.86666870117188,190.60000610351562,9903754
2012-02-09,96.87055969238281,187.53334045410156,189.10000610351562,183.76666259765625,185.6666717529297,6999558
2012-02-10,97.02552795410156,187.8333282470703,192.3333282470703,186.06666564941406,188.0,5784490
2012-02-13,96.7155990600586,187.23333740234375,190.8000030517578,186.39999389648438,189.6666717529297,4227969
2012-02-14,95.07984161376953,184.06666564941406,187.0,183.6666717529297,186.0,5943190
2012-02-15,96.13015747070312,186.10000610351562,189.86666870117188,184.1666717529297,185.6666717529297,8879653
2012-02-16,96.87055969238281,187.53334045410156,189.13333129882812,184.6999969482422,186.3333282470703,3467700
2012-02-17,96.85335540771484,187.5,193.6666717529297,186.53334045410156,188.6666717529297,7068097
2012-02-21,100.5036392211914,194.56666564941406,196.3333282470703,188.6666717529297,188.6666717529297,9868660
2012-02-22,100.77912902832031,195.10000610351562,202.8333282470703,192.6999969482422,196.46665954589844,10356904
2012-02-23,99.98706817626953,193.56666564941406,197.86666870117188,191.5,196.93333435058594,13679716
2012-02-24,97.98973083496094,189.6999969482422,196.0,187.43333435058594,195.89999389648438,6790399
2012-02-27,96.78447723388672,187.36666870117188,191.96665954589844,184.86666870117188,189.6999969482422,6020469
2012-02-28,97.5937271118164,188.93333435058594,190.6666717529297,185.3333282470703,188.6666717529297,8681101
2012-02-29,100.9685287475586,195.46665954589844,198.96665954589844,194.46665954589844,197.3333282470703,13358160
2012-03-01,99.24667358398438,192.13333129882812,197.63333129882812,190.0,196.56666564941406,14292922
2012-03-02,96.90499877929688,187.60000610351562,190.26666259765625,184.13333129882812,189.6666717529297,9254029
2012-03-05,97.69706726074219,189.13333129882812,190.6666717529297,184.3333282470703,186.60000610351562,3603703
2012-03-06,97.3182373046875,188.39999389648438,192.6666717529297,187.3333282470703,189.73333740234375,4164817
2012-03-07,96.06129455566406,185.96665954589844,189.1666717529297,185.0,188.53334045410156,4510306
2012-03-09,97.42156982421875,188.60000610351562,189.46665954589844,186.56666564941406,188.6666717529297,10807701
2012-03-12,95.61363983154297,185.10000610351562,189.96665954589844,184.53334045410156,189.96665954589844,4181401
2012-03-13,99.02284240722656,191.6999969482422,192.39999389648438,185.76666259765625,186.3333282470703,4701795
2012-03-14,101.157958984375,195.8333282470703,196.6666717529297,191.06666564941406,193.43333435058594,5296921
2012-03-15,98.67848205566406,191.03334045410156,195.73333740234375,189.8000030517578,195.6666717529297,3735045
2012-03-16,94.029541015625,182.03334045410156,192.8333282470703,179.10000610351562,189.60000610351562,14344735
2012-03-19,94.41043853759766,181.76666259765625,183.56666564941406,178.03334045410156,180.0,5588512
2012-03-20,94.28923034667969,181.53334045410156,182.73333740234375,180.3333282470703,181.3333282470703,3659446
2012-03-21,94.029541015625,181.03334045410156,182.63333129882812,179.3333282470703,181.53334045410156,4656892
2012-03-22,93.68326568603516,180.36666870117188,183.96665954589844,180.0,181.60000610351562,4109701
2012-03-23,92.5925064086914,178.26666259765625,181.60000610351562,177.06666564941406,181.3333282470703,3314037
2012-03-26,90.67071533203125,174.56666564941406,179.96665954589844,173.86666870117188,179.3333282470703,3494355
2012-03-27,91.9345932006836,177.0,178.3333282470703,172.6666717529297,175.46665954589844,4504240
2012-03-28,89.25096130371094,171.8333282470703,177.3333282470703,170.93333435058594,177.3333282470703,5274936
2012-03-29,90.16864013671875,173.60000610351562,176.53334045410156,169.3333282470703,171.3333282470703,10555807
2012-03-30,92.92146301269531,178.89999389648438,180.13333129882812,173.13333129882812,174.0,6058576
2012-04-02,93.44085693359375,179.89999389648438,181.1999969482422,176.6666717529297,179.26666259765625,3339433
2012-04-03,94.61819458007812,182.1666717529297,183.53334045410156,180.13333129882812,181.1999969482422,3705963
2012-04-04,94.98178100585938,182.86666870117188,183.96665954589844,181.56666564941406,182.86666870117188,2692074
2012-04-09,93.0772933959961,179.1999969482422,182.63333129882812,178.10000610351562,181.0,2381143
2012-04-10,91.64026641845703,176.43333435058594,180.1666717529297,174.89999389648438,179.6999969482422,2732763
2012-04-11,91.44982147216797,176.06666564941406,178.3333282470703,174.36666870117188,175.3333282470703,5059573
2012-04-12,90.41100311279297,174.06666564941406,177.8000030517578,173.86666870117188,177.6999969482422,5794960
2012-04-13,90.30712127685547,173.86666870117188,176.53334045410156,171.73333740234375,174.6666717529297,4120119
2012-04-16,89.7184829711914,172.73333740234375,174.6666717529297,172.1999969482422,173.46665954589844,1646176
2012-04-17,93.16384887695312,179.36666870117188,180.26666259765625,171.39999389648438,173.3333282470703,4822521
2012-04-18,93.94293975830078,180.86666870117188,182.26666259765625,179.39999389648438,179.5,2335000
2012-04-19,94.27191162109375,181.5,182.3333282470703,179.3333282470703,180.76666259765625,2013237
2012-04-20,92.45401000976562,178.0,183.63333129882812,176.3000030517578,181.3000030517578,2865481
2012-04-23,92.74833679199219,178.56666564941406,180.60000610351562,176.46665954589844,176.86666870117188,3069481
2012-04-24,92.92146301269531,178.89999389648438,179.96665954589844,176.36666870117188,177.5,2985909
2012-04-25,91.64026641845703,176.43333435058594,179.89999389648438,175.5,179.13333129882812,2160861
2012-04-26,91.46715545654297,176.10000610351562,177.86666870117188,174.89999389648438,177.86666870117188,2775769
2012-04-27,90.93041229248047,175.06666564941406,177.89999389648438,173.8000030517578,176.6666717529297,1441833
2012-04-30,93.51013946533203,180.03334045410156,180.6666717529297,175.06666564941406,175.06666564941406,2271094
2012-05-02,92.62714385986328,178.3333282470703,180.23333740234375,176.8000030517578,179.03334045410156,5296045
2012-05-03,91.83071899414062,176.8000030517578,178.10000610351562,175.1666717529297,176.8000030517578,2309152
2012-05-04,89.82237243652344,172.93333435058594,178.8333282470703,172.3333282470703,177.03334045410156,2926041
2012-05-07,90.23789978027344,173.73333740234375,175.1666717529297,170.8333282470703,171.86666870117188,4735962
2012-05-08,89.42413330078125,172.1666717529297,175.3000030517578,171.5,174.6666717529297,3643525
2012-05-09,88.6623306274414,170.6999969482422,172.46665954589844,169.0,171.0,4255534
2012-05-10,89.82237243652344,172.93333435058594,174.36666870117188,170.73333740234375,171.3333282470703,4436631
2012-05-11,87.96981048583984,169.36666870117188,171.93333435058594,168.0,171.3000030517578,2214802
2012-05-14,87.13876342773438,167.76666259765625,169.26666259765625,165.0,168.0,3508936
2012-05-15,86.29041290283203,166.13333129882812,168.53334045410156,165.0,166.0,2627302
2012-05-16,85.85758972167969,165.3000030517578,168.10000610351562,164.39999389648438,164.6666717529297,2910475
2012-05-17,85.19965362548828,164.03334045410156,166.93333435058594,161.6666717529297,165.10000610351562,4082329
2012-05-18,86.08263397216797,165.73333740234375,166.5,161.8000030517578,162.39999389648438,3729129
2012-05-21,85.37277221679688,164.36666870117188,166.96665954589844,163.8000030517578,164.1999969482422,2508547
2012-05-22,84.81876373291016,163.3000030517578,167.3333282470703,162.6666717529297,165.6999969482422,3288988
2012-05-23,84.29936218261719,162.3000030517578,163.93333435058594,160.06666564941406,163.3333282470703,2918631
2012-05-24,89.23368072509766,171.8000030517578,172.89999389648438,165.46665954589844,168.13333129882812,7995114
2012-05-25,89.00862121582031,171.36666870117188,173.1999969482422,168.1999969482422,169.5,2975523
2012-05-28,87.90057373046875,169.23333740234375,171.93333435058594,168.3333282470703,171.6999969482422,1300308
2012-05-29,88.7835922241211,170.93333435058594,171.73333740234375,169.23333740234375,169.93333435058594,2367385
2012-05-30,87.29458618164062,168.06666564941406,174.36666870117188,166.6999969482422,173.73333740234375,4065235
2012-05-31,87.67546844482422,168.8000030517578,169.6999969482422,165.5,166.76666259765625,5782893
2012-06-01,85.23429870605469,164.10000610351562,169.6999969482422,163.60000610351562,167.3333282470703,2703042
2012-06-04,87.96981048583984,169.36666870117188,169.86666870117188,162.8333282470703,164.53334045410156,3503626
2012-06-05,87.86591339111328,169.1666717529297,170.26666259765625,168.13333129882812,170.0,2225631
2012-06-06,90.13397979736328,173.53334045410156,175.3333282470703,169.3333282470703,169.3333282470703,4158421
2012-06-07,91.17282104492188,175.53334045410156,176.63333129882812,172.3333282470703,174.63333129882812,4262674
2012-06-08,89.51071166992188,172.3333282470703,174.56666564941406,170.03334045410156,174.1999969482422,5749854
2012-06-11,88.57577514648438,170.53334045410156,174.5,169.46665954589844,174.26666259765625,6389868
2012-06-12,90.5322265625,174.3000030517578,175.3333282470703,169.56666564941406,170.6666717529297,4089724
2012-06-13,93.04266357421875,179.13333129882812,179.86666870117188,172.8333282470703,174.6666717529297,4906321
2012-06-14,92.74833679199219,178.56666564941406,179.76666259765625,176.10000610351562,179.3333282470703,2468808
2012-06-15,92.10771942138672,177.3333282470703,182.60000610351562,176.56666564941406,179.3333282470703,10850640
2012-06-18,91.13819122314453,175.46665954589844,179.0,174.39999389648438,178.39999389648438,3166177
2012-06-19,92.66175842285156,178.39999389648438,180.0,174.43333435058594,174.43333435058594,3794589
2012-06-20,94.37579345703125,181.6999969482422,182.89999389648438,178.6999969482422,179.5,4561332
2012-06-21,95.29341888427734,183.46665954589844,185.63333129882812,180.5,181.3333282470703,5356641
2012-06-22,96.7823715209961,186.3333282470703,186.73333740234375,181.06666564941406,181.8333282470703,3351490
2012-06-25,94.39311981201172,181.73333740234375,188.0,180.1999969482422,186.5,2616396
2012-06-26,96.0206069946289,184.86666870117188,186.6666717529297,181.10000610351562,181.10000610351562,3435774
2012-06-27,96.00325012207031,184.8333282470703,186.0,182.06666564941406,185.6666717529297,3733011
2012-06-28,96.22834014892578,185.26666259765625,186.1999969482422,183.6666717529297,184.1666717529297,2382910
2012-06-29,98.6349105834961,189.89999389648438,190.53334045410156,185.6666717529297,186.0,6152280
2012-07-02,99.13700103759766,190.86666870117188,193.3333282470703,186.26666259765625,189.96665954589844,2355033
2012-07-03,100.5739974975586,193.63333129882812,195.5,191.39999389648438,191.6666717529297,4687564
2012-07-04,98.54833984375,189.73333740234375,194.0,187.60000610351562,193.6999969482422,5453662
2012-07-05,96.41879272460938,185.63333129882812,189.93333435058594,184.46665954589844,189.3333282470703,7983918
2012-07-06,96.48802947998047,185.76666259765625,186.6666717529297,182.43333435058594,186.6666717529297,6506715
2012-07-09,96.24567413330078,185.3000030517578,186.93333435058594,184.13333129882812,184.6999969482422,2614332
2012-07-10,96.7823715209961,186.3333282470703,188.0,183.8000030517578,186.0,4286917
2012-07-11,96.24567413330078,185.3000030517578,186.60000610351562,183.46665954589844,184.5,3025794
2012-07-12,97.82117462158203,188.3333282470703,188.93333435058594,183.6666717529297,183.6666717529297,5442229
2012-07-13,98.72148132324219,190.06666564941406,190.6666717529297,187.10000610351562,187.10000610351562,3576157
2012-07-16,99.3967056274414,191.36666870117188,192.1999969482422,188.36666870117188,189.39999389648438,2892852
2012-07-17,98.30595397949219,189.26666259765625,193.3333282470703,188.8000030517578,192.13333129882812,3456321
2012-07-18,98.82536315917969,190.26666259765625,192.5,189.36666870117188,190.6666717529297,4647663
2012-07-19,98.56568908691406,189.76666259765625,191.60000610351562,188.6999969482422,190.0,4340812
2012-07-20,97.59610748291016,187.89999389648438,190.1666717529297,186.53334045410156,189.86666870117188,2221777
2012-07-23,97.45761108398438,187.63333129882812,189.6999969482422,184.0,186.53334045410156,2401995
2012-07-24,98.46177673339844,189.56666564941406,191.8000030517578,187.26666259765625,189.3000030517578,3326160
2012-07-25,98.27135467529297,189.1999969482422,189.56666564941406,186.3333282470703,189.3333282470703,1782915
2012-07-26,95.72624206542969,184.3000030517578,190.36666870117188,182.46665954589844,190.36666870117188,3598488
2012-07-27,96.10713195800781,185.03334045410156,188.26666259765625,182.13333129882812,187.93333435058594,3386368
2012-07-30,95.8474349975586,184.53334045410156,186.6666717529297,182.8333282470703,185.3333282470703,3062431
2012-07-31,99.0504379272461,190.6999969482422,192.93333435058594,184.8000030517578,184.8333282470703,4127383
2012-08-01,97.02476501464844,186.8000030517578,191.86666870117188,186.1999969482422,191.73333740234375,3051279
2012-08-02,95.86473083496094,184.56666564941406,187.3000030517578,183.6666717529297,186.39999389648438,2898222
2012-08-03,97.18058776855469,187.10000610351562,187.6666717529297,183.6666717529297,184.0,2567274
2012-08-06,97.47490692138672,187.6666717529297,188.6666717529297,185.8000030517578,187.10000610351562,2847771
2012-08-07,97.97700500488281,188.63333129882812,189.60000610351562,186.6666717529297,186.8333282470703,4368756
2012-08-08,97.57879638671875,187.86666870117188,188.93333435058594,184.6666717529297,188.06666564941406,3154741
2012-08-09,96.86895751953125,186.5,189.13333129882812,185.8000030517578,188.0,1835668
2012-08-10,96.59191131591797,185.96665954589844,188.93333435058594,185.39999389648438,186.6666717529297,3693130
2012-08-13,97.1459732055664,187.03334045410156,193.76666259765625,186.1999969482422,189.96665954589844,7386940
2012-08-14,98.94654083251953,190.5,191.8333282470703,186.6666717529297,187.3333282470703,3885201
2012-08-16,98.44447326660156,189.53334045410156,191.76666259765625,188.46665954589844,191.1666717529297,3767728
2012-08-17,97.66536712646484,188.03334045410156,190.86666870117188,186.8333282470703,188.8333282470703,1854547
2012-08-21,99.3967056274414,191.36666870117188,192.06666564941406,187.39999389648438,187.39999389648438,1744494
2012-08-22,99.10240173339844,190.8000030517578,192.8333282470703,189.73333740234375,190.1666717529297,2342109
2012-08-23,97.54415893554688,187.8000030517578,191.26666259765625,186.96665954589844,190.0,2383513
2012-08-24,99.32746887207031,191.23333740234375,192.46665954589844,187.46665954589844,188.6666717529297,3207067
2012-08-27,99.53523254394531,191.63333129882812,193.13333129882812,190.06666564941406,190.73333740234375,1903851
2012-08-28,97.35372924804688,187.43333435058594,192.96665954589844,186.13333129882812,191.0,3751131
2012-08-29,95.3799819946289,183.63333129882812,187.56666564941406,181.93333435058594,186.73333740234375,3020323
2012-08-30,95.50118255615234,183.86666870117188,186.13333129882812,182.1666717529297,184.0,7728913
2012-08-31,95.53583526611328,183.93333435058594,186.0,180.13333129882812,184.73333740234375,6537507
2012-09-03,94.3238525390625,181.60000610351562,186.3333282470703,180.8333282470703,184.43333435058594,2459880
2012-09-04,94.06414031982422,181.10000610351562,182.60000610351562,179.1666717529297,181.3333282470703,2158200
2012-09-05,94.635498046875,182.1999969482422,183.60000610351562,179.0,179.3333282470703,3372591
2012-09-06,95.08561706542969,183.06666564941406,185.3000030517578,180.93333435058594,181.1666717529297,4292332
2012-09-07,95.4492416381836,183.76666259765625,188.3333282470703,182.6999969482422,185.6999969482422,4208310
2012-09-10,96.3841781616211,185.56666564941406,186.26666259765625,184.3333282470703,184.6666717529297,3044463
2012-09-11,96.10713195800781,185.03334045410156,187.6666717529297,184.10000610351562,184.10000610351562,5004067
2012-09-12,97.00745391845703,186.76666259765625,187.73333740234375,184.46665954589844,184.46665954589844,2514357
2012-09-13,97.959716796875,188.60000610351562,190.6666717529297,186.0,186.0,3670438
2012-09-14,98.34331512451172,188.0,196.0,186.6999969482422,194.8333282470703,9040158
2012-09-17,97.94225311279297,187.23333740234375,190.89999389648438,186.3333282470703,189.3333282470703,5910121
2012-09-18,97.90740203857422,187.1666717529297,188.86666870117188,186.1666717529297,186.73333740234375,7126632
2012-09-20,99.42438507080078,190.06666564941406,190.93333435058594,186.1666717529297,186.1666717529297,3706689
2012-09-21,102.7024917602539,196.3333282470703,198.0,189.03334045410156,190.6999969482422,12622560
2012-09-24,100.13925170898438,191.43333435058594,196.6666717529297,190.6666717529297,195.56666564941406,7173141
2012-09-25,98.97103118896484,189.1999969482422,193.13333129882812,188.13333129882812,192.06666564941406,7418622
2012-09-26,98.2735595703125,187.86666870117188,189.26666259765625,186.86666870117188,188.13333129882812,5126395
2012-09-27,95.97188568115234,183.46665954589844,189.06666564941406,182.89999389648438,188.39999389648438,11353870
2012-09-28,97.94225311279297,187.23333740234375,187.6666717529297,184.6999969482422,185.63333129882812,6105505
2012-10-01,96.93095397949219,185.3000030517578,187.1666717529297,184.0,186.6666717529297,3235648
2012-10-03,97.99456024169922,187.3333282470703,188.0,185.6666717529297,186.6666717529297,6397048
2012-10-04,99.11051177978516,189.46665954589844,191.46665954589844,188.39999389648438,188.6666717529297,3715249
2012-10-05,100.1567153930664,191.46665954589844,192.26666259765625,186.6666717529297,188.89999389648438,6982777
2012-10-08,98.37816619873047,188.06666564941406,192.6666717529297,187.0,192.6666717529297,3809556
2012-10-09,97.94225311279297,187.23333740234375,189.56666564941406,186.0,188.1666717529297,2937592
2012-10-10,96.12886047363281,183.76666259765625,186.26666259765625,183.39999389648438,186.0,3002410
2012-10-11,97.62840270996094,186.63333129882812,187.6666717529297,184.0,184.13333129882812,3442099
2012-10-12,96.65193939208984,184.76666259765625,187.93333435058594,184.03334045410156,186.1666717529297,3150342
2012-10-15,97.59349060058594,186.56666564941406,186.8333282470703,183.8333282470703,185.8333282470703,1523154
2012-10-16,97.38426971435547,186.1666717529297,189.93333435058594,185.0,187.60000610351562,2133757
2012-10-17,97.62840270996094,186.63333129882812,187.5,185.3333282470703,187.0,1823932
2012-10-18,97.22737121582031,185.86666870117188,187.8000030517578,185.46665954589844,186.6666717529297,2988936
2012-10-19,97.47146606445312,186.3333282470703,186.86666870117188,183.0,185.6666717529297,4932204
2012-10-22,97.08786010742188,185.60000610351562,186.6999969482422,184.73333740234375,184.73333740234375,1799553
2012-10-23,96.2683334350586,184.03334045410156,185.56666564941406,183.39999389648438,184.6999969482422,2040090
2012-10-25,96.47755432128906,184.43333435058594,187.06666564941406,183.73333740234375,185.76666259765625,5292406
2012-10-29,95.53597259521484,182.63333129882812,184.60000610351562,182.3000030517578,182.6666717529297,1254858
2012-10-30,95.2046890258789,182.0,183.10000610351562,180.0,181.5,4266375
2012-10-31,93.6353988647461,179.0,181.96665954589844,177.0,181.10000610351562,7336297
2012-11-01,92.36248779296875,176.56666564941406,178.6666717529297,175.60000610351562,177.6666717529297,8134578
2012-11-02,92.67635345458984,177.1666717529297,178.86666870117188,176.3333282470703,178.86666870117188,6702133
2012-11-05,93.00765228271484,177.8000030517578,178.3333282470703,176.0,176.36666870117188,3195184
2012-11-06,93.25177001953125,178.26666259765625,179.6999969482422,176.53334045410156,178.0,4004515
2012-11-07,93.04251861572266,177.86666870117188,178.6666717529297,177.23333740234375,177.43333435058594,3732081
2012-11-08,92.50199890136719,176.8333282470703,178.23333740234375,176.0,176.0,3269299
2012-11-09,89.67724609375,171.43333435058594,176.60000610351562,170.26666259765625,175.3333282470703,6739995
2012-11-12,89.1018295288086,170.3333282470703,172.3333282470703,169.43333435058594,170.6999969482422,2519185
2012-11-15,88.40435791015625,169.0,171.0,167.8000030517578,170.0,4830801
2012-11-16,89.93878173828125,171.93333435058594,172.93333435058594,168.06666564941406,168.06666564941406,6014199
2012-11-19,88.59614562988281,169.36666870117188,172.39999389648438,168.8000030517578,170.86666870117188,3759864
2012-11-20,87.86380004882812,167.96665954589844,170.63333129882812,167.1999969482422,169.43333435058594,3113815
2012-11-21,88.1079330444336,168.43333435058594,169.0,167.06666564941406,167.36666870117188,2301133
2012-11-22,87.56736755371094,167.39999389648438,169.0,167.06666564941406,168.1999969482422,2795170
2012-11-23,87.60224151611328,167.46665954589844,168.3000030517578,165.93333435058594,167.03334045410156,2070082
2012-11-26,87.18379211425781,166.6666717529297,169.1999969482422,166.39999389648438,169.1999969482422,2834976
2012-11-27,87.09660339355469,166.5,169.39999389648438,165.6666717529297,168.36666870117188,6580572
2012-11-29,88.50897216796875,169.1999969482422,169.6666717529297,166.6666717529297,167.03334045410156,8961091
2012-11-30,92.39736938476562,176.63333129882812,177.8333282470703,169.39999389648438,169.39999389648438,6604564
2012-12-03,91.42091369628906,174.76666259765625,177.0,174.23333740234375,176.6666717529297,3357211
2012-12-04,92.50199890136719,176.8333282470703,178.39999389648438,174.1666717529297,174.96665954589844,6459138
2012-12-05,93.35639953613281,178.46665954589844,179.3333282470703,176.36666870117188,177.39999389648438,2539426
2012-12-06,93.70512390136719,179.13333129882812,179.73333740234375,175.56666564941406,178.53334045410156,2067573
2012-12-07,93.39126586914062,178.53334045410156,179.56666564941406,176.03334045410156,178.6666717529297,2786071
2012-12-10,92.92046356201172,177.63333129882812,180.6666717529297,177.13333129882812,180.6666717529297,2110075
2012-12-11,91.96145629882812,175.8000030517578,178.6666717529297,174.13333129882812,178.3333282470703,3814500
2012-12-12,90.54908752441406,173.10000610351562,176.03334045410156,172.6666717529297,175.8000030517578,4510456
2012-12-13,90.54908752441406,173.10000610351562,174.1999969482422,171.60000610351562,173.6666717529297,4682776
2012-12-14,90.49675750732422,173.0,173.93333435058594,170.8000030517578,173.93333435058594,3715774
2012-12-17,89.9039077758789,171.86666870117188,175.96665954589844,171.46665954589844,171.46665954589844,4979421
2012-12-18,89.36336517333984,170.8333282470703,173.76666259765625,170.06666564941406,172.6666717529297,4984819
2012-12-19,92.29273223876953,176.43333435058594,176.93333435058594,172.1666717529297,173.13333129882812,7883175
2012-12-20,92.44966888427734,176.73333740234375,177.60000610351562,175.39999389648438,177.60000610351562,4762573
2012-12-21,91.07218170166016,174.10000610351562,176.60000610351562,173.3333282470703,176.60000610351562,7102177
2012-12-24,91.0721664428711,170.76666259765625,172.60000610351562,170.1666717529297,172.60000610351562,2247706
2012-12-26,91.58769989013672,171.73333740234375,173.1999969482422,170.36666870117188,172.0,5100052
2012-12-27,92.08547973632812,172.6666717529297,175.56666564941406,171.13333129882812,172.96665954589844,11673088
2012-12-28,94.50314331054688,177.1999969482422,178.0,173.36666870117188,173.36666870117188,7232952
2012-12-31,95.28535461425781,178.6666717529297,179.26666259765625,177.1999969482422,177.1999969482422,4193341
2013-01-01,95.16090393066406,178.43333435058594,179.8333282470703,177.3333282470703,179.39999389648438,1273255
2013-01-02,97.63191223144531,183.06666564941406,183.73333740234375,178.86666870117188,179.0,4745688
2013-01-03,99.48075866699219,186.53334045410156,187.13333129882812,183.3333282470703,183.93333435058594,6323070
2013-01-04,101.2584457397461,189.86666870117188,192.1666717529297,185.73333740234375,186.3333282470703,11615389
2013-01-07,102.39619445800781,192.0,193.3000030517578,190.8000030517578,192.0,5731459
2013-01-08,103.14285278320312,193.39999389648438,194.46665954589844,189.0,191.43333435058594,5334009
2013-01-09,103.88948822021484,194.8000030517578,196.6666717529297,191.3333282470703,194.46665954589844,5295292
2013-01-10,107.46267700195312,201.5,202.0,196.6666717529297,196.6666717529297,14714938
2013-01-11,103.94278717041016,194.89999389648438,201.8000030517578,194.1999969482422,200.73333740234375,7226703
2013-01-14,108.5293197631836,203.5,204.8333282470703,193.23333740234375,194.36666870117188,8775499
2013-01-15,109.34705352783203,205.03334045410156,206.06666564941406,201.73333740234375,203.1999969482422,8116143
2013-01-16,108.01378631591797,202.53334045410156,206.60000610351562,201.73333740234375,204.0,5203342
2013-01-17,111.80029296875,209.63333129882812,214.39999389648438,200.10000610351562,201.26666259765625,18682264
2013-01-18,120.0666275024414,225.13333129882812,236.6666717529297,212.6666717529297,213.03334045410156,35608698
2013-01-21,119.65776824951172,224.36666870117188,227.10000610351562,222.3333282470703,225.73333740234375,10597027
2013-01-22,119.96002960205078,224.93333435058594,226.8000030517578,221.8333282470703,223.0,7449498
2013-01-23,118.46670532226562,222.13333129882812,226.6666717529297,220.1666717529297,225.0,6934620
2013-01-24,119.58668518066406,224.23333740234375,235.6666717529297,221.03334045410156,229.6666717529297,17003913
2013-01-25,121.27546691894531,227.39999389648438,229.6666717529297,222.03334045410156,223.86666870117188,6570561
2013-01-28,119.08890533447266,223.3000030517578,229.10000610351562,221.8000030517578,228.13333129882812,7518873
2013-01-29,118.50226593017578,222.1999969482422,223.96665954589844,220.10000610351562,221.53334045410156,6089569
2013-01-30,120.3510971069336,225.6666717529297,226.3000030517578,220.43333435058594,223.3333282470703,7244562
2013-01-31,120.77774047851562,226.46665954589844,229.86666870117188,224.1666717529297,225.6666717529297,10061692
2013-02-01,118.11116790771484,221.46665954589844,228.3333282470703,219.63333129882812,225.6999969482422,7265518
2013-02-04,115.81792449951172,217.1666717529297,224.0,216.39999389648438,221.6666717529297,5835802
2013-02-05,115.80017852783203,217.13333129882812,218.8000030517578,215.73333740234375,216.60000610351562,4727842
2013-02-06,114.395751953125,214.5,220.0,213.1666717529297,218.06666564941406,4024816
2013-02-07,113.72022247314453,213.23333740234375,215.86666870117188,211.76666259765625,213.53334045410156,2445648
2013-02-08,111.49808502197266,209.06666564941406,214.26666259765625,207.10000610351562,212.3333282470703,5349816
2013-02-11,109.64921569824219,205.60000610351562,209.3333282470703,204.6666717529297,209.3333282470703,3636709
2013-02-12,113.79131317138672,213.36666870117188,215.3333282470703,208.6666717529297,208.6666717529297,7503541
2013-02-13,115.01792907714844,215.6666717529297,217.53334045410156,213.3333282470703,213.39999389648438,7145211
2013-02-14,114.59130096435547,214.86666870117188,219.6666717529297,212.23333740234375,216.3333282470703,6058833
2013-02-15,114.75132751464844,215.1666717529297,217.13333129882812,212.06666564941406,213.1666717529297,4893423
2013-02-18,113.0091552734375,211.89999389648438,217.6999969482422,211.10000610351562,216.6666717529297,4732000
2013-02-19,117.22233581542969,219.8000030517578,221.3333282470703,210.6666717529297,212.6666717529297,4187428
2013-02-20,116.99120330810547,219.36666870117188,222.46665954589844,218.3000030517578,222.39999389648438,5831706
2013-02-21,114.52018737792969,214.73333740234375,219.5,213.0,218.6666717529297,5796040
2013-02-22,115.1601333618164,215.93333435058594,218.89999389648438,213.73333740234375,213.73333740234375,4370856
2013-02-25,113.0268783569336,211.93333435058594,216.3000030517578,210.13333129882812,215.26666259765625,4939102
2013-02-26,108.92037200927734,204.23333740234375,211.1666717529297,202.53334045410156,211.1666717529297,4364194
2013-02-27,112.08476257324219,210.1666717529297,211.96665954589844,200.1666717529297,205.39999389648438,6807174
2013-02-28,111.44474029541016,208.96665954589844,216.53334045410156,203.53334045410156,212.0,12032721
2013-03-01,111.96028900146484,209.93333435058594,212.96665954589844,204.0,208.60000610351562,6200785
2013-03-04,110.9469985961914,208.03334045410156,211.76666259765625,206.06666564941406,209.3333282470703,5542633
2013-03-05,112.564697265625,211.06666564941406,212.6666717529297,206.5,208.3000030517578,6615426
2013-03-06,113.40023803710938,212.63333129882812,214.96665954589844,210.3333282470703,211.06666564941406,5749960
2013-03-07,113.8802261352539,213.53334045410156,214.6666717529297,209.6999969482422,211.0,4138908
2013-03-08,115.81792449951172,217.1666717529297,218.46665954589844,214.0,214.3000030517578,5992362
2013-03-11,115.53343200683594,216.63333129882812,220.0,215.53334045410156,217.86666870117188,5585457
2013-03-12,115.53343200683594,216.63333129882812,218.96665954589844,214.39999389648438,216.39999389648438,3865819
2013-03-13,112.63583374023438,211.1999969482422,216.03334045410156,210.5,214.5,4247683
2013-03-14,113.7380142211914,213.26666259765625,215.1999969482422,207.60000610351562,210.6666717529297,5512873
2013-03-15,113.47137451171875,212.76666259765625,217.1666717529297,212.06666564941406,214.6666717529297,4593181
2013-03-18,112.93807983398438,211.76666259765625,213.89999389648438,209.3333282470703,210.53334045410156,2937025
2013-03-19,110.16475677490234,206.56666564941406,212.60000610351562,200.0,210.8333282470703,7838371
2013-03-20,106.94713592529297,200.53334045410156,206.5,200.0,205.0,6270438
2013-03-21,105.96937561035156,198.6999969482422,203.0,196.0,201.03334045410156,5150029
2013-03-22,106.54601287841797,197.10000610351562,199.73333740234375,192.8333282470703,197.46665954589844,7219501
2013-03-25,109.53716278076172,202.63333129882812,207.3000030517578,200.53334045410156,201.6666717529297,7836987
2013-03-26,109.30288696289062,202.1999969482422,204.56666564941406,199.3333282470703,200.6666717529297,4286050
2013-03-28,112.22197723388672,207.60000610351562,209.3333282470703,200.86666870117188,202.26666259765625,6609544
2013-04-01,111.30301666259766,205.89999389648438,210.6666717529297,204.3333282470703,208.1666717529297,2230650
2013-04-02,114.31214904785156,211.46665954589844,212.3333282470703,204.3333282470703,204.73333740234375,3857278
2013-04-03,111.91564178466797,207.03334045410156,211.3000030517578,204.36666870117188,210.0,3372874
2013-04-04,110.87055206298828,205.10000610351562,209.86666870117188,203.53334045410156,206.6666717529297,4230934
2013-04-05,113.26705932617188,209.53334045410156,210.26666259765625,204.73333740234375,205.10000610351562,4302750
2013-04-08,112.74451446533203,208.56666564941406,212.26666259765625,207.60000610351562,210.0,3928152
2013-04-09,109.48311614990234,202.53334045410156,210.60000610351562,200.73333740234375,209.03334045410156,4350922
2013-04-10,109.15874481201172,201.93333435058594,203.3333282470703,197.10000610351562,202.93333435058594,6168243
2013-04-11,110.7264175415039,204.8333282470703,206.1666717529297,198.6999969482422,202.8000030517578,6457176
2013-04-12,111.28498077392578,205.86666870117188,206.93333435058594,202.63333129882812,203.3333282470703,2212935
2013-04-15,114.9608383178711,212.6666717529297,218.13333129882812,204.1666717529297,205.3333282470703,8500039
2013-04-16,119.60972595214844,221.26666259765625,221.89999389648438,213.3333282470703,213.6666717529297,7145605
2013-04-17,118.51058197021484,219.23333740234375,224.3333282470703,216.89999389648438,223.0,6483210
2013-04-18,120.49268341064453,222.89999389648438,224.26666259765625,216.73333740234375,217.36666870117188,4619811
2013-04-22,118.2222900390625,218.6999969482422,223.1999969482422,218.06666564941406,222.36666870117188,5141532
2013-04-23,117.64566802978516,217.63333129882812,221.23333740234375,213.6999969482422,221.23333740234375,4650721
2013-04-25,117.66366577148438,217.6666717529297,224.26666259765625,214.63333129882812,217.43333435058594,10452445
2013-04-26,116.81680297851562,216.10000610351562,220.46665954589844,215.26666259765625,217.26666259765625,3283458
2013-04-29,118.51058197021484,219.23333740234375,221.73333740234375,216.6666717529297,217.6666717529297,4057423
2013-04-30,117.73576354980469,217.8000030517578,219.8000030517578,210.86666870117188,219.3333282470703,5604577
2013-05-02,118.52857971191406,219.26666259765625,221.3333282470703,215.3333282470703,215.3333282470703,4491693
2013-05-03,116.67265319824219,215.8333282470703,220.53334045410156,215.0,218.0,2813607
2013-05-06,114.88874816894531,212.53334045410156,217.86666870117188,211.73333740234375,217.3000030517578,3397764
2013-05-07,115.30323791503906,213.3000030517578,214.6666717529297,212.3333282470703,214.63333129882812,3689247
2013-05-08,115.37532806396484,213.43333435058594,216.56666564941406,212.0,214.0,5236375
2013-05-09,115.87982177734375,214.36666870117188,215.6666717529297,212.86666870117188,213.39999389648438,2809546
2013-05-10,117.64566802978516,217.63333129882812,219.56666564941406,215.06666564941406,215.1999969482422,6119713
2013-05-13,115.62757873535156,213.89999389648438,220.0,213.43333435058594,219.39999389648438,3017266
2013-05-14,117.75376892089844,217.8333282470703,219.3333282470703,214.6666717529297,215.0,4032673
2013-05-15,120.74494171142578,223.36666870117188,224.39999389648438,218.0,218.63333129882812,7499611
2013-05-16,121.77201080322266,225.26666259765625,230.13333129882812,222.03334045410156,222.3333282470703,9114040
2013-05-17,122.79910278320312,227.1666717529297,228.3333282470703,225.10000610351562,225.96665954589844,5398696
2013-05-20,119.89803314208984,221.8000030517578,228.6666717529297,220.6666717529297,228.0,3948702
2013-05-21,117.75376892089844,217.8333282470703,225.3333282470703,217.3333282470703,223.3333282470703,5165011
2013-05-22,118.61871337890625,219.43333435058594,221.13333129882812,211.63333129882812,218.73333740234375,7879792
2013-05-23,118.2583236694336,218.76666259765625,222.53334045410156,217.03334045410156,217.03334045410156,7861276
2013-05-24,117.10505676269531,216.63333129882812,221.23333740234375,215.3333282470703,220.0,4442007
2013-05-27,117.82584381103516,217.96665954589844,219.10000610351562,213.6666717529297,217.53334045410156,4854214
2013-05-28,120.3485336303711,222.63333129882812,223.96665954589844,218.1999969482422,218.1999969482422,6193014
2013-05-29,120.70889282226562,223.3000030517578,224.6666717529297,221.60000610351562,224.3333282470703,5535039
2013-05-30,120.33051300048828,222.60000610351562,225.06666564941406,217.39999389648438,218.0,8016432
2013-05-31,118.16824340820312,218.60000610351562,222.96665954589844,216.26666259765625,220.73333740234375,6435490
2013-06-03,114.24007415771484,211.3333282470703,219.6999969482422,210.43333435058594,218.1666717529297,4447596
2013-06-04,114.67253112792969,212.13333129882812,215.26666259765625,210.3333282470703,212.0,4068079
2013-06-05,116.97896575927734,216.39999389648438,216.8333282470703,211.3333282470703,212.60000610351562,2240910
2013-06-06,116.7266845703125,215.93333435058594,216.73333740234375,213.53334045410156,216.0,3733231
2013-06-07,115.06897735595703,212.86666870117188,218.0,212.23333740234375,215.3333282470703,3237139
2013-06-10,115.69961547851562,214.03334045410156,216.23333740234375,211.86666870117188,214.63333129882812,2259282
2013-06-11,111.06875610351562,205.46665954589844,215.13333129882812,204.1999969482422,212.36666870117188,6212305
2013-06-12,111.42913055419922,206.13333129882812,208.6666717529297,204.76666259765625,205.46665954589844,3935146
2013-06-13,111.39307403564453,206.06666564941406,207.8333282470703,203.60000610351562,204.6666717529297,3903295
2013-06-14,112.16792297363281,207.5,210.10000610351562,205.5,207.8000030517578,5390380
2013-06-17,112.74451446533203,208.56666564941406,209.06666564941406,205.39999389648438,208.0,2341330
2013-06-18,110.9065933227539,205.1666717529297,208.53334045410156,204.03334045410156,208.03334045410156,2561842
2013-06-19,111.30301666259766,205.89999389648438,207.3333282470703,201.46665954589844,204.6666717529297,4459564
2013-06-20,107.91543579101562,199.63333129882812,204.0,198.39999389648438,203.6666717529297,5046345
2013-06-21,110.9065933227539,205.1666717529297,206.0,198.26666259765625,199.3333282470703,6561486
2013-06-24,107.68119812011719,199.1999969482422,205.60000610351562,197.39999389648438,204.6666717529297,5450647
2013-06-25,112.22197723388672,207.60000610351562,209.56666564941406,200.10000610351562,201.3333282470703,6400579
2013-06-26,111.15887451171875,205.63333129882812,210.0,204.03334045410156,209.6666717529297,5003166
2013-06-27,115.41131591796875,213.5,214.6666717529297,207.63333129882812,208.36666870117188,8777743
2013-06-28,119.32147216796875,220.73333740234375,235.36666870117188,215.56666564941406,230.0,32426844
2013-07-01,118.20429229736328,218.6666717529297,226.1666717529297,217.73333740234375,221.63333129882812,7180173
2013-07-02,116.00593566894531,214.60000610351562,221.60000610351562,214.10000610351562,218.86666870117188,6067719
2013-07-03,112.11386108398438,207.39999389648438,213.10000610351562,206.73333740234375,210.73333740234375,4606926
2013-07-04,111.39307403564453,206.06666564941406,210.0,203.36666870117188,207.46665954589844,4697212
2013-07-05,113.89774322509766,210.6999969482422,211.5,207.1999969482422,209.39999389648438,3267571
2013-07-08,109.50108337402344,202.56666564941406,210.56666564941406,201.56666564941406,210.0,5437603
2013-07-09,108.88850402832031,201.43333435058594,204.6666717529297,200.6666717529297,203.39999389648438,5228589
2013-07-10,106.7261734008789,197.43333435058594,202.8333282470703,196.3333282470703,200.53334045410156,5353513
2013-07-11,109.825439453125,203.1666717529297,204.86666870117188,200.0,200.86666870117188,4641898
2013-07-12,106.8703384399414,197.6999969482422,205.89999389648438,195.23333740234375,205.8000030517578,8317911
2013-07-15,106.70818328857422,197.39999389648438,199.06666564941406,196.26666259765625,197.6999969482422,3200079
2013-07-16,108.02356719970703,199.8333282470703,202.46665954589844,195.3333282470703,195.93333435058594,6210579
2013-07-17,108.4019546508789,200.53334045410156,201.76666259765625,196.86666870117188,200.0,5967010
2013-07-18,113.3931655883789,209.76666259765625,211.23333740234375,201.03334045410156,201.03334045410156,7946761
2013-07-19,114.22209930419922,211.3000030517578,213.1999969482422,208.1666717529297,210.6666717529297,5671734
2013-07-22,110.762451171875,204.89999389648438,211.23333740234375,204.06666564941406,209.6666717529297,3306270
2013-07-23,112.49226379394531,208.10000610351562,210.3333282470703,205.73333740234375,206.1666717529297,3292267
2013-07-24,111.14080047607422,205.60000610351562,211.0,204.1666717529297,206.8333282470703,3727104
2013-07-25,110.07772064208984,203.63333129882812,209.63333129882812,201.96665954589844,206.0,5676030
2013-07-26,109.4110107421875,202.39999389648438,207.3333282470703,201.23333740234375,207.3333282470703,2812410
2013-07-29,107.24873352050781,198.39999389648438,204.6666717529297,197.3333282470703,203.3000030517578,3360609
2013-07-30,101.15835571289062,187.13333129882812,200.5,186.06666564941406,199.86666870117188,5525137
2013-07-31,104.76213073730469,193.8000030517578,195.26666259765625,176.96665954589844,186.6666717529297,11224555
2013-08-01,100.4916763305664,185.89999389648438,197.8333282470703,183.39999389648438,195.36666870117188,7641034
2013-08-02,100.14927673339844,185.26666259765625,188.93333435058594,180.8333282470703,188.0,6141562
2013-08-05,99.60869598388672,184.26666259765625,187.6666717529297,181.8000030517578,184.8333282470703,3811126
2013-08-06,96.3472900390625,178.23333740234375,186.56666564941406,177.3333282470703,183.1666717529297,3710169
2013-08-07,98.2933349609375,181.8333282470703,182.56666564941406,178.73333740234375,179.53334045410156,7624059
2013-08-08,98.4194564819336,182.06666564941406,183.6666717529297,177.5,181.06666564941406,6221430
2013-08-12,100.22136688232422,185.39999389648438,187.1999969482422,181.3333282470703,183.86666870117188,6307069
2013-08-13,99.086181640625,183.3000030517578,185.8333282470703,180.10000610351562,180.6666717529297,7323082
2013-08-14,104.09544372558594,192.56666564941406,194.60000610351562,182.6999969482422,183.6666717529297,10136253
2013-08-16,97.95097351074219,181.1999969482422,194.23333740234375,180.0,191.93333435058594,7270551
2013-08-19,94.40125274658203,174.63333129882812,181.6999969482422,167.6666717529297,180.06666564941406,5570686
2013-08-20,92.47322845458984,171.06666564941406,174.3333282470703,165.76666259765625,173.3333282470703,8385249
2013-08-21,90.34696960449219,167.13333129882812,176.43333435058594,166.6666717529297,173.3333282470703,8069332
2013-08-22,97.17615509033203,179.76666259765625,181.73333740234375,164.0,164.0,13443241
2013-08-23,99.71684265136719,184.46665954589844,186.53334045410156,176.13333129882812,180.1666717529297,9287706
2013-08-26,96.59954071044922,178.6999969482422,186.5,177.3333282470703,186.3000030517578,6519478
2013-08-27,93.44622802734375,172.86666870117188,177.3333282470703,171.3333282470703,176.8333282470703,6549138
2013-08-28,87.8243408203125,162.46665954589844,170.0,156.13333129882812,169.8333282470703,19302502
2013-08-29,89.62622833251953,165.8000030517578,167.3000030517578,162.73333740234375,166.0,10872666
2013-08-30,89.78837585449219,166.10000610351562,170.10000610351562,160.6666717529297,167.26666259765625,9591055
2013-09-02,90.58120727539062,167.56666564941406,169.93333435058594,165.06666564941406,169.93333435058594,3796381
2013-09-03,90.4911117553711,167.39999389648438,171.53334045410156,165.13333129882812,169.3333282470703,7790836
2013-09-04,92.74349212646484,171.56666564941406,174.39999389648438,163.8000030517578,166.8333282470703,5838249
2013-09-05,97.33831024169922,180.06666564941406,181.3333282470703,173.46665954589844,174.06666564941406,7173442
2013-09-06,103.89722442626953,192.1999969482422,194.46665954589844,179.46665954589844,181.1666717529297,8843755
2013-09-10,105.48291778564453,195.13333129882812,199.3333282470703,190.73333740234375,193.36666870117188,9793225
2013-09-11,104.25758361816406,192.86666870117188,195.46665954589844,188.76666259765625,195.3000030517578,5722174
2013-09-12,100.52767944335938,185.96665954589844,195.3333282470703,185.03334045410156,195.1999969482422,4587094
2013-09-13,101.8791275024414,188.46665954589844,189.73333740234375,183.06666564941406,183.93333435058594,4640854
2013-09-16,103.50081634521484,191.46665954589844,196.1999969482422,186.6666717529297,192.6666717529297,3781701
2013-09-17,100.9737548828125,186.46665954589844,192.3333282470703,183.89999389648438,191.3000030517578,5367991
2013-09-18,102.14702606201172,188.63333129882812,189.93333435058594,184.8333282470703,188.5,2755558
2013-09-19,108.01341247558594,199.46665954589844,201.6666717529297,191.26666259765625,193.3333282470703,6738154
2013-09-20,104.51161193847656,193.0,198.43333435058594,189.1999969482422,198.13333129882812,9888612
2013-09-23,99.51168823242188,183.76666259765625,192.53334045410156,183.1999969482422,191.5,4111156
2013-09-24,99.0965576171875,183.0,187.73333740234375,182.5,184.6666717529297,6857767
2013-09-25,100.88350677490234,186.3000030517578,187.26666259765625,181.3333282470703,184.0,7330812
2013-09-26,99.9809799194336,184.63333129882812,187.1999969482422,182.6666717529297,186.6666717529297,8012659
2013-09-27,99.06040954589844,182.93333435058594,187.26666259765625,181.89999389648438,186.26666259765625,5232852
2013-09-30,96.69581604003906,178.56666564941406,183.0,175.10000610351562,182.93333435058594,5936838
2013-10-01,94.69223022460938,174.86666870117188,180.06666564941406,173.96665954589844,180.0,7334262
2013-10-03,96.20845031738281,177.6666717529297,178.89999389648438,175.5,175.5,4466353
2013-10-04,95.55864715576172,176.46665954589844,179.96665954589844,174.89999389648438,177.3333282470703,5454891
2013-10-07,96.06401824951172,177.39999389648438,177.93333435058594,173.86666870117188,176.0,2733444
2013-10-08,97.03878021240234,179.1999969482422,179.89999389648438,177.3333282470703,178.0,3566788
2013-10-09,98.80770111083984,182.46665954589844,182.93333435058594,177.39999389648438,179.0,3509895
2013-10-10,98.80770111083984,182.46665954589844,183.73333740234375,180.6666717529297,182.46665954589844,3322923
2013-10-11,99.83657836914062,184.36666870117188,185.76666259765625,182.46665954589844,184.03334045410156,4150720
2013-10-14,99.45751190185547,183.6666717529297,185.23333740234375,182.36666870117188,182.36666870117188,2132559
2013-10-15,99.34921264648438,183.46665954589844,186.26666259765625,180.89999389648438,185.3333282470703,3451380
2013-10-17,101.4791488647461,187.39999389648438,189.3333282470703,184.1666717529297,184.6666717529297,5994730
2013-10-18,102.36360168457031,189.03334045410156,190.63333129882812,187.6999969482422,189.0,4757653
2013-10-21,102.97735595703125,190.1666717529297,190.96665954589844,187.86666870117188,189.3333282470703,3715660
2013-10-22,103.26616668701172,190.6999969482422,191.60000610351562,188.0,190.6666717529297,3187954
2013-10-23,101.89430236816406,188.1666717529297,191.3333282470703,186.26666259765625,190.6666717529297,3179580
2013-10-24,102.45388793945312,189.1999969482422,192.6666717529297,187.46665954589844,188.1666717529297,3710749
2013-10-25,102.50802612304688,189.3000030517578,190.93333435058594,187.36666870117188,187.36666870117188,3787132
2013-10-28,103.53690338134766,191.1999969482422,192.53334045410156,189.3000030517578,189.3333282470703,3019206
2013-10-29,104.90873718261719,193.73333740234375,194.46665954589844,190.0,192.0,3882574
2013-10-30,104.18671417236328,192.39999389648438,195.63333129882812,191.06666564941406,194.6666717529297,2414824
2013-10-31,106.0278549194336,195.8000030517578,200.53334045410156,188.39999389648438,193.3333282470703,10221877
2013-11-01,103.89790344238281,191.86666870117188,196.1999969482422,190.6666717529297,196.1999969482422,3407955
2013-11-05,102.4719467163086,189.23333740234375,192.36666870117188,188.6666717529297,191.6999969482422,4972035
2013-11-06,101.74992370605469,187.89999389648438,190.56666564941406,187.3333282470703,189.3000030517578,2818602
2013-11-07,102.41779327392578,189.13333129882812,191.8333282470703,187.5,188.63333129882812,3046560
2013-11-08,100.12539672851562,184.89999389648438,189.3333282470703,181.1666717529297,188.36666870117188,3551562
2013-11-11,97.54419708251953,180.13333129882812,184.6666717529297,179.53334045410156,184.0,3882312
2013-11-12,95.97380828857422,177.23333740234375,181.93333435058594,176.6999969482422,180.36666870117188,4685565
2013-11-13,97.05681610107422,179.23333740234375,179.96665954589844,175.6666717529297,177.3333282470703,4468278
2013-11-14,97.50807189941406,180.06666564941406,183.86666870117188,179.6666717529297,182.39999389648438,3209238
2013-11-18,100.73908233642578,186.03334045410156,186.6666717529297,182.0,182.0,3972637
2013-11-19,100.12539672851562,184.89999389648438,188.03334045410156,181.86666870117188,185.6999969482422,2838157
2013-11-20,99.89073944091797,184.46665954589844,188.3000030517578,182.46665954589844,186.26666259765625,6627633
2013-11-21,97.63445281982422,180.3000030517578,184.6999969482422,179.76666259765625,184.3333282470703,3187033
2013-11-22,100.4322280883789,185.46665954589844,186.46665954589844,180.6666717529297,180.6666717529297,4349520
2013-11-25,104.09647369384766,192.23333740234375,192.6666717529297,186.89999389648438,189.3333282470703,4000981
2013-11-26,103.66323852539062,191.43333435058594,192.6666717529297,189.6999969482422,192.1999969482422,3356241
2013-11-27,104.65602111816406,193.26666259765625,195.76666259765625,190.23333740234375,190.26666259765625,4553977
2013-11-28,105.39608764648438,194.63333129882812,197.10000610351562,192.73333740234375,193.26666259765625,5615382
2013-11-29,107.977294921875,199.39999389648438,199.86666870117188,194.8333282470703,194.8333282470703,4428400
2013-12-02,106.4610595703125,196.60000610351562,197.93333435058594,191.8000030517578,194.60000610351562,8868981
2013-12-03,105.55854797363281,194.93333435058594,196.6666717529297,193.6666717529297,194.3000030517578,5402737
2013-12-04,103.572998046875,191.26666259765625,195.13333129882812,190.6666717529297,194.36666870117188,4140013
2013-12-05,105.01705169677734,193.93333435058594,195.56666564941406,191.8000030517578,194.0,2882589
2013-12-06,106.1541976928711,196.03334045410156,199.3333282470703,193.39999389648438,193.93333435058594,4720327
2013-12-09,110.12530517578125,203.36666870117188,204.96665954589844,199.76666259765625,200.0,7243480
2013-12-10,109.39122009277344,198.6999969482422,202.0,196.93333435058594,201.89999389648438,7227811
2013-12-11,107.09735107421875,194.53334045410156,198.3333282470703,192.0,197.63333129882812,3939138
2013-12-12,103.97765350341797,188.86666870117188,195.1666717529297,188.5,193.3333282470703,4265002
2013-12-13,102.76647186279297,186.6666717529297,189.63333129882812,185.53334045410156,188.03334045410156,2167465
2013-12-16,101.53693389892578,184.43333435058594,188.3333282470703,183.36666870117188,187.86666870117188,2401300
2013-12-17,100.82123565673828,183.13333129882812,186.39999389648438,182.53334045410156,184.6666717529297,2072871
2013-12-18,103.22528076171875,187.5,188.39999389648438,182.0,184.0,2720293
2013-12-19,100.45423126220703,182.46665954589844,188.6666717529297,181.0,187.73333740234375,4061350
2013-12-20,104.52818298339844,189.86666870117188,191.0,184.06666564941406,184.8000030517578,5963964
2013-12-23,105.99626159667969,192.53334045410156,193.3333282470703,189.3000030517578,189.86666870117188,2515168
2013-12-24,104.87684631347656,190.5,194.3333282470703,189.6999969482422,193.3333282470703,2232475
2013-12-26,107.28083801269531,194.86666870117188,196.3333282470703,191.46665954589844,191.63333129882812,6470409
2013-12-27,107.18911743164062,194.6999969482422,195.3000030517578,193.36666870117188,194.93333435058594,2556571
2013-12-30,106.27156066894531,193.03334045410156,195.53334045410156,192.0,195.46665954589844,4264729
2013-12-31,106.03296661376953,192.60000610351562,194.86666870117188,191.73333740234375,194.26666259765625,4184544
2014-01-01,105.7393569946289,192.06666564941406,193.93333435058594,191.56666564941406,193.3333282470703,984393
2014-01-02,103.39041900634766,187.8000030517578,195.23333740234375,186.76666259765625,193.3000030517578,2977998
2014-01-03,101.2249984741211,183.86666870117188,190.5,183.39999389648438,188.6666717529297,5739327
2014-01-06,103.11515045166016,187.3000030517578,189.86666870117188,184.76666259765625,185.3333282470703,3474246
2014-01-07,101.3901138305664,184.1666717529297,188.60000610351562,183.36666870117188,187.3333282470703,3450486
2014-01-08,100.27072143554688,182.13333129882812,185.8000030517578,181.39999389648438,184.76666259765625,3326023
2014-01-09,102.87657928466797,186.86666870117188,187.63333129882812,180.6666717529297,182.6666717529297,3859131
2014-01-10,104.2529067993164,189.36666870117188,191.8000030517578,184.0,187.3000030517578,6543391
2014-01-13,107.50106811523438,195.26666259765625,195.93333435058594,192.3333282470703,193.3333282470703,5393956
2014-01-14,106.52845764160156,193.5,195.26666259765625,191.0,195.26666259765625,4029163
2014-01-15,107.09735107421875,194.53334045410156,196.53334045410156,192.0,194.6666717529297,3274846
2014-01-16,105.31727600097656,191.3000030517578,196.0,189.10000610351562,196.0,4287568
2014-01-17,105.51914978027344,191.6666717529297,194.3333282470703,189.03334045410156,189.36666870117188,6041319
2014-01-20,105.39068603515625,191.43333435058594,194.3333282470703,189.6999969482422,191.3333282470703,5956990
2014-01-21,105.33561706542969,191.3333282470703,192.6666717529297,189.63333129882812,191.6999969482422,4932865
2014-01-22,106.36328887939453,193.1999969482422,193.96665954589844,190.0,191.3333282470703,3596491
2014-01-23,104.6382827758789,190.06666564941406,193.0,189.1666717529297,192.6999969482422,4896042
2014-01-24,103.94096374511719,188.8000030517578,190.36666870117188,187.63333129882812,189.5,3413026
2014-01-27,101.6654052734375,184.6666717529297,187.60000610351562,183.8333282470703,184.06666564941406,4015431
2014-01-28,101.02312469482422,183.5,187.0,183.03334045410156,183.36666870117188,3089977
2014-01-29,101.6654052734375,184.6666717529297,185.86666870117188,182.6666717529297,183.8333282470703,3441988
2014-01-30,99.9036865234375,181.46665954589844,186.06666564941406,180.76666259765625,182.6666717529297,9096282
2014-01-31,101.13322448730469,183.6999969482422,184.23333740234375,180.06666564941406,182.1666717529297,4630932
2014-02-03,98.288818359375,178.53334045410156,183.53334045410156,177.36666870117188,182.0,5791563
2014-02-04,98.36216735839844,178.6666717529297,179.46665954589844,176.10000610351562,177.03334045410156,4656093
2014-02-05,99.1880111694336,180.1666717529297,181.0,176.93333435058594,178.60000610351562,4204678
2014-02-06,98.32550048828125,178.60000610351562,182.0,177.3333282470703,180.60000610351562,3090261
2014-02-07,98.83935546875,179.53334045410156,181.23333740234375,178.46665954589844,180.26666259765625,2612397
2014-02-10,99.92205047607422,181.5,182.8000030517578,179.3333282470703,179.3333282470703,3487869
2014-02-11,101.28002166748047,183.96665954589844,184.1999969482422,180.56666564941406,182.3333282470703,7517380
2014-02-12,103.90424346923828,188.73333740234375,189.1999969482422,184.0,184.73333740234375,4983084
2014-02-13,100.38081359863281,182.3333282470703,189.3333282470703,181.6999969482422,188.6666717529297,3188418
2014-02-14,101.44518280029297,184.26666259765625,184.89999389648438,180.73333740234375,183.3333282470703,3763402
2014-02-17,101.94068145751953,185.1666717529297,186.6666717529297,181.8000030517578,184.6666717529297,2211294
2014-02-18,101.59201049804688,184.53334045410156,185.96665954589844,180.6666717529297,184.73333740234375,3885427
2014-02-19,102.54624938964844,186.26666259765625,186.63333129882812,183.76666259765625,184.6666717529297,2483551
2014-02-20,101.37178039550781,184.13333129882812,186.0,183.6999969482422,184.73333740234375,1881969
2014-02-21,101.64704132080078,184.63333129882812,185.89999389648438,183.8000030517578,184.63333129882812,1780107
2014-02-24,103.57391357421875,188.13333129882812,189.3333282470703,184.06666564941406,184.06666564941406,2267130
2014-02-25,103.40877532958984,187.8333282470703,189.60000610351562,186.1999969482422,189.3000030517578,2520849
2014-02-26,104.03272247314453,188.96665954589844,190.46665954589844,185.23333740234375,187.3333282470703,9585442
2014-02-28,106.93221282958984,194.23333740234375,195.1666717529297,188.1999969482422,188.1999969482422,6271645
2014-03-03,106.65694427490234,193.73333740234375,196.0,191.3333282470703,193.03334045410156,3276279
2014-03-04,108.58380889892578,197.23333740234375,198.46665954589844,192.86666870117188,193.73333740234375,3145473
2014-03-05,110.29046630859375,200.3333282470703,202.03334045410156,198.0,198.0,5290740
2014-03-06,113.35508728027344,205.89999389648438,206.6666717529297,200.3333282470703,200.60000610351562,3676197
2014-03-07,116.0160140991211,210.73333740234375,212.13333129882812,203.6666717529297,205.93333435058594,5233306
2014-03-10,117.41069030761719,213.26666259765625,217.8333282470703,207.0,209.03334045410156,7879053
2014-03-11,118.58513641357422,215.39999389648438,216.63333129882812,211.03334045410156,211.6666717529297,8420449
2014-03-12,116.3280029296875,211.3000030517578,214.53334045410156,210.13333129882812,213.8333282470703,5924997
2014-03-13,118.97053527832031,216.10000610351562,218.0,210.93333435058594,211.3333282470703,7489342
2014-03-14,118.45671081542969,215.1666717529297,219.0,214.23333740234375,214.73333740234375,4721476
2014-03-18,119.26412200927734,216.63333129882812,221.3333282470703,214.36666870117188,215.3333282470703,10533424
2014-03-19,115.1718521118164,209.1999969482422,218.96665954589844,208.1999969482422,217.63333129882812,6549433
2014-03-20,115.90591430664062,210.53334045410156,211.6666717529297,206.0,209.3333282470703,7422490
2014-03-21,112.45587158203125,204.26666259765625,212.56666564941406,203.56666564941406,211.46665954589844,13362849
2014-03-24,117.85111236572266,214.06666564941406,214.6666717529297,206.93333435058594,206.93333435058594,10079613
2014-03-25,117.41069030761719,213.26666259765625,214.26666259765625,204.1666717529297,206.0,10734699
2014-03-26,119.39262390136719,216.86666870117188,218.53334045410156,213.3333282470703,213.6666717529297,5695686
2014-03-27,123.09283447265625,220.6666717529297,222.6666717529297,212.03334045410156,214.26666259765625,14993080
2014-03-28,122.49784088134766,219.60000610351562,222.60000610351562,218.3000030517578,221.3333282470703,3774826
2014-03-31,118.5186767578125,212.46665954589844,223.60000610351562,210.8000030517578,219.03334045410156,6561028
2014-04-01,120.4153060913086,215.86666870117188,217.86666870117188,213.6999969482422,214.0,3708562
2014-04-02,122.7209701538086,220.0,220.60000610351562,214.86666870117188,216.63333129882812,3885141
2014-04-03,121.32640075683594,217.5,221.3333282470703,214.86666870117188,221.26666259765625,3753628
2014-04-04,121.10328674316406,217.10000610351562,220.0,211.6666717529297,216.96665954589844,18229063
2014-04-07,121.0846939086914,217.06666564941406,219.93333435058594,216.03334045410156,217.63333129882812,5333112
2014-04-09,119.91322326660156,214.96665954589844,218.6666717529297,212.73333740234375,217.06666564941406,10705383
2014-04-10,119.727294921875,214.63333129882812,215.63333129882812,210.26666259765625,215.3000030517578,11309751
2014-04-11,119.00215911865234,213.3333282470703,216.6666717529297,212.36666870117188,213.36666870117188,12173271
2014-04-15,118.76039123535156,212.89999389648438,214.1666717529297,210.6666717529297,213.3333282470703,9429672
2014-04-16,117.71914672851562,211.03334045410156,214.6666717529297,210.13333129882812,213.56666564941406,6708399
2014-04-17,119.87606811523438,214.89999389648438,215.63333129882812,209.03334045410156,211.0,7918710
2014-04-21,120.15496063232422,215.39999389648438,217.1666717529297,214.86666870117188,215.3000030517578,4246374
2014-04-22,121.36355590820312,217.56666564941406,220.86666870117188,214.6999969482422,215.46665954589844,7023375
2014-04-23,121.2334213256836,217.3333282470703,221.63333129882812,214.76666259765625,217.8000030517578,9030352
2014-04-24,121.2334213256836,217.3333282470703,217.3333282470703,217.3333282470703,217.3333282470703,0
2014-04-25,119.3554458618164,213.96665954589844,219.3333282470703,213.39999389648438,219.23333740234375,5190372
2014-04-28,119.50416564941406,214.23333740234375,215.3333282470703,212.6666717529297,213.36666870117188,3444432
2014-04-29,119.11373138427734,213.53334045410156,215.6666717529297,212.5,214.8000030517578,2737183
2014-04-30,120.89874267578125,216.73333740234375,219.89999389648438,212.1666717529297,213.0,10052065
2014-05-02,122.46063995361328,219.53334045410156,221.5,215.10000610351562,217.96665954589844,5110098
2014-05-05,124.72908020019531,223.60000610351562,228.96665954589844,218.5,219.39999389648438,7234153
2014-05-06,125.39851379394531,224.8000030517578,227.63333129882812,223.60000610351562,224.03334045410156,5298778
2014-05-07,124.6361312866211,223.43333435058594,228.0,222.60000610351562,226.6666717529297,5042044
2014-05-08,124.20850372314453,222.6666717529297,226.60000610351562,222.0,224.0,5767284
2014-05-09,129.39622497558594,231.96665954589844,233.3333282470703,219.3333282470703,222.3333282470703,8914516
2014-05-12,133.35679626464844,239.06666564941406,240.89999389648438,231.43333435058594,231.43333435058594,8032885
2014-05-13,138.5630645751953,248.39999389648438,253.6999969482422,244.26666259765625,248.6666717529297,10452624
2014-05-14,136.88961791992188,245.39999389648438,251.96665954589844,243.1666717529297,249.3333282470703,7067424
2014-05-15,140.7758331298828,252.36666870117188,253.93333435058594,242.36666870117188,244.93333435058594,8127180
2014-05-16,142.8583221435547,256.1000061035156,277.5666809082031,248.39999389648438,261.3333435058594,20039530
2014-05-19,154.981689453125,277.8333435058594,280.0,259.5666809082031,262.6333312988281,12196564
2014-05-20,148.78988647460938,266.73333740234375,280.0,264.1666564941406,278.9333190917969,10548424
2014-05-21,148.17626953125,265.6333312988281,268.5,260.5333251953125,264.0666809082031,8455851
2014-05-22,146.07513427734375,261.8666687011719,268.8666687011719,261.3333435058594,266.6666564941406,6734163
2014-05-23,151.70913696289062,271.9666748046875,273.9666748046875,261.6000061035156,265.6333312988281,12213408
2014-05-26,150.72366333007812,270.20001220703125,283.3333435058594,263.4666748046875,274.6666564941406,8401282
2014-05-27,146.91184997558594,263.3666687011719,270.9333190917969,260.0,270.3333435058594,5129259
2014-05-28,142.89553833007812,256.1666564941406,263.76666259765625,254.5,263.6666564941406,5545653
2014-05-29,139.13955688476562,249.43333435058594,259.3999938964844,245.6666717529297,256.6666564941406,11462808
2014-05-30,140.6270751953125,252.10000610351562,259.3333435058594,245.3333282470703,250.13333129882812,8421588
2014-06-02,148.5853271484375,266.3666687011719,267.9666748046875,252.1666717529297,253.73333740234375,6657531
2014-06-03,154.981689453125,277.8333435058594,282.23333740234375,266.0666809082031,267.6333312988281,10868428
2014-06-04,152.8433380126953,274.0,279.3333435058594,272.3333435058594,277.4333190917969,6148531
2014-06-05,155.87423706054688,279.4333190917969,285.6666564941406,268.23333740234375,272.70001220703125,17072941
2014-06-06,173.1667022705078,310.4333190917969,313.23333740234375,282.8333435058594,283.8999938964844,37784922
2014-06-09,168.51820373535156,302.1000061035156,314.5666809082031,298.6666564941406,313.3333435058594,18473593
2014-06-10,163.8324737548828,293.70001220703125,303.8999938964844,290.4333190917969,303.3333435058594,12297118
2014-06-11,158.90504455566406,284.8666687011719,297.79998779296875,283.4333190917969,294.6666564941406,12745080
2014-06-12,159.38845825195312,285.73333740234375,293.26666259765625,282.0666809082031,285.3666687011719,11657637
2014-06-13,157.17575073242188,281.76666259765625,288.76666259765625,270.73333740234375,287.0333251953125,12884002
2014-06-16,158.75631713867188,284.6000061035156,287.1000061035156,275.5666809082031,280.3666687011719,10625092
2014-06-17,165.52450561523438,296.73333740234375,298.5333251953125,283.6666564941406,285.0,12718878
2014-06-18,164.63201904296875,295.1333312988281,302.3333435058594,288.0,296.8666687011719,11425387
2014-06-19,156.46923828125,280.5,292.20001220703125,272.1666564941406,290.1666564941406,25387198
2014-06-20,155.26058959960938,278.3333435058594,286.5333251953125,276.6666564941406,280.3666687011719,12596755
2014-06-23,162.7354278564453,291.73333740234375,295.0666809082031,279.5,280.9333190917969,12819609
2014-06-24,164.72499084472656,295.29998779296875,297.6000061035156,287.3333435058594,296.6666564941406,15324336
2014-06-25,162.45655822753906,291.23333740234375,298.8333435058594,289.6666564941406,296.6666564941406,12658546
2014-06-26,152.97352600097656,274.23333740234375,279.4666748046875,270.9333190917969,276.6666564941406,25686180
2014-06-27,152.917724609375,274.1333312988281,278.9666748046875,271.6666564941406,277.6333312988281,9699930
2014-06-30,157.99391174316406,283.23333740234375,284.4333190917969,276.8333435058594,278.6000061035156,11039449
2014-07-01,157.34312438964844,282.0666809082031,286.6666564941406,280.8666687011719,286.0,9622063
2014-07-02,158.6447296142578,284.3999938964844,286.1000061035156,281.0333251953125,284.0,7481248
2014-07-03,155.5023193359375,278.76666259765625,286.3999938964844,278.1333312988281,285.9333190917969,7705696
2014-07-04,156.8596954345703,281.20001220703125,282.9333190917969,274.3666687011719,276.79998779296875,12160971
2014-07-07,154.53543090820312,277.0333251953125,283.79998779296875,275.9666748046875,283.79998779296875,7460151
2014-07-08,147.52548217773438,264.4666748046875,279.8333435058594,262.73333740234375,279.79998779296875,15089377
2014-07-09,150.5934600830078,269.9666748046875,272.4333190917969,260.3666687011719,266.20001220703125,10190839
2014-07-10,150.24020385742188,269.3333435058594,277.0,263.26666259765625,269.9666748046875,15043843
2014-07-11,147.32090759277344,264.1000061035156,269.8333435058594,261.3333435058594,268.70001220703125,9809556
2014-07-14,149.77536010742188,268.5,269.1666564941406,262.6000061035156,264.26666259765625,7419187
2014-07-15,153.45700073242188,275.1000061035156,276.1333312988281,269.3333435058594,269.8333435058594,8149551
2014-07-16,154.73995971679688,277.3999938964844,278.5333251953125,273.3333435058594,276.0,7964590
2014-07-17,153.6800994873047,275.5,277.3333435058594,270.0666809082031,274.73333740234375,9482181
2014-07-18,152.6574249267578,273.6666564941406,276.0,271.3333435058594,274.8333435058594,6602628
2014-07-21,151.24429321289062,271.1333312988281,275.3333435058594,270.3999938964844,272.6666564941406,2933737
2014-07-22,152.06243896484375,272.6000061035156,273.8666687011719,270.9333190917969,271.3333435058594,4598307
2014-07-23,150.72366333007812,270.20001220703125,274.6000061035156,269.4333190917969,273.3333435058594,5660788
2014-07-24,150.57489013671875,269.9333190917969,272.5666809082031,268.0,271.9333190917969,4114102
2014-07-25,149.16172790527344,267.3999938964844,271.5333251953125,266.1333312988281,270.0,4801530
2014-07-28,146.83750915527344,263.23333740234375,269.1000061035156,260.73333740234375,267.3333435058594,3835146
2014-07-30,148.36219787597656,265.9666748046875,267.76666259765625,263.3333435058594,263.6666564941406,7261677
2014-07-31,147.02342224121094,263.5666809082031,267.8666687011719,262.3333435058594,265.4333190917969,9600274
2014-08-01,143.676513671875,257.5666809082031,263.9666748046875,256.3333435058594,262.76666259765625,6515214
2014-08-04,146.0565643310547,261.8333435058594,263.4333190917969,256.1000061035156,258.6666564941406,3487069
2014-08-05,150.70504760742188,270.1666564941406,271.23333740234375,262.73333740234375,262.73333740234375,8244942
2014-08-06,147.59983825683594,264.6000061035156,270.9666748046875,263.3999938964844,269.4333190917969,4674040
2014-08-07,148.7712860107422,266.70001220703125,269.3333435058594,262.6666564941406,262.6666564941406,4742947
2014-08-08,146.5957794189453,262.79998779296875,264.0,260.0,263.3333435058594,4733724
2014-08-11,146.4098663330078,262.4666748046875,264.9333190917969,261.5333251953125,263.8333435058594,3057232
2014-08-12,150.816650390625,270.3666687011719,271.3333435058594,263.1000061035156,263.1000061035156,6757077
2014-08-13,149.4964141845703,268.0,275.6000061035156,266.6666564941406,274.0,8962455
2014-08-14,152.50868225097656,273.3999938964844,274.0,262.29998779296875,265.26666259765625,9458554
2014-08-18,160.39260864257812,287.5333251953125,289.4666748046875,273.3999938964844,274.6666564941406,12905989
2014-08-19,161.84291076660156,290.1333312988281,293.6666564941406,284.76666259765625,290.5333251953125,15688128
2014-08-20,157.67782592773438,282.6666564941406,290.5333251953125,281.3333435058594,290.1333312988281,8265483
2014-08-21,158.38438415527344,283.9333190917969,286.6000061035156,281.0,282.9666748046875,8002251
2014-08-22,158.81204223632812,284.70001220703125,289.6333312988281,283.6666564941406,285.3333435058594,7644318
2014-08-25,159.44424438476562,285.8333435058594,289.9333190917969,284.76666259765625,286.0,7537042
2014-08-26,155.44656372070312,278.6666564941406,287.73333740234375,274.6666564941406,286.6666564941406,9017682
2014-08-27,159.22119140625,285.4333190917969,286.6000061035156,282.26666259765625,283.3333435058594,10929312
2014-08-28,161.7685546875,290.0,292.6666564941406,282.6666564941406,286.0,12690828
2014-09-01,163.4606170654297,293.0333251953125,294.6333312988281,290.8333435058594,293.23333740234375,5520775
2014-09-02,165.3199920654297,296.3666687011719,296.8333435058594,289.4666748046875,292.6666564941406,6475477
2014-09-03,162.47509765625,291.26666259765625,300.1666564941406,290.0,300.0,8238322
2014-09-04,162.6982879638672,291.6666564941406,293.20001220703125,287.3999938964844,291.3333435058594,3714918
2014-09-05,164.9481201171875,295.70001220703125,297.73333740234375,290.73333740234375,291.4666748046875,7008955
2014-09-08,169.26199340820312,303.4333190917969,304.3333435058594,298.20001220703125,298.6666564941406,9119499
2014-09-09,167.12362670898438,299.6000061035156,305.29998779296875,296.0,305.26666259765625,5288946
2014-09-10,165.6361083984375,296.9333190917969,300.5333251953125,295.0333251953125,296.73333740234375,3259467
2014-09-11,159.81285095214844,286.3333435058594,298.5333251953125,285.3333435058594,297.6666564941406,8591338
2014-09-12,159.49659729003906,285.76666259765625,289.9333190917969,283.4666748046875,287.4333190917969,3971070
2014-09-15,156.59432983398438,280.5666809082031,285.1666564941406,280.0333251953125,283.3333435058594,2794242
2014-09-16,152.09202575683594,272.5,282.0,271.4666748046875,281.26666259765625,9518068
2014-09-17,151.64553833007812,271.70001220703125,275.0666809082031,269.3999938964844,273.1666564941406,7635334
2014-09-18,154.00827026367188,275.9333190917969,277.4666748046875,269.5,272.5333251953125,6420261
2014-09-19,150.3245391845703,269.3333435058594,278.4666748046875,267.70001220703125,277.6666564941406,12608911
2014-09-22,155.9431610107422,279.3999938964844,280.1333312988281,268.5,269.29998779296875,5338720
2014-09-23,151.55247497558594,271.5333251953125,281.20001220703125,270.8666687011719,280.6666564941406,5380033
2014-09-24,153.933837890625,275.79998779296875,277.1333312988281,268.1333312988281,271.26666259765625,6121734
2014-09-25,148.96646118164062,266.8999938964844,275.3333435058594,263.3999938964844,272.6666564941406,7378908
2014-09-26,153.3199005126953,274.70001220703125,275.6333312988281,265.6666564941406,265.6666564941406,5834845
2014-09-29,151.6269073486328,271.6666564941406,276.8666687011719,270.3666687011719,274.6666564941406,3521475
2014-09-30,152.01759338378906,272.3666687011719,277.6000061035156,269.1333312988281,269.1333312988281,4990255
2014-10-01,149.89669799804688,268.5666809082031,273.29998779296875,267.5333251953125,273.23333740234375,3954946
2014-10-07,147.62692260742188,264.5,270.29998779296875,262.20001220703125,266.3333435058594,6786441
2014-10-08,151.12454223632812,270.76666259765625,271.6666564941406,264.5,264.5,5644522
2014-10-09,153.09664916992188,274.29998779296875,276.23333740234375,271.3333435058594,271.3333435058594,4494475
2014-10-10,150.3990020751953,269.4666748046875,273.3333435058594,268.6666564941406,272.0,3894454
2014-10-13,151.34780883789062,271.1666564941406,272.3333435058594,265.23333740234375,268.5333251953125,3907357
2014-10-14,149.6361846923828,268.1000061035156,272.9666748046875,267.0,271.3666687011719,4934026
2014-10-15,149.6361846923828,268.1000061035156,268.1000061035156,268.1000061035156,268.1000061035156,0
2014-10-16,147.75714111328125,264.73333740234375,272.3333435058594,263.3333435058594,265.3999938964844,9134776
2014-10-17,147.75714111328125,264.73333740234375,266.76666259765625,261.3333435058594,264.79998779296875,6550810
2014-10-20,155.9059600830078,279.3333435058594,286.0,276.6666564941406,286.0,22879903
2014-10-21,151.81295776367188,272.0,280.6000061035156,270.3666687011719,280.0,9797076
2014-10-22,148.63156127929688,266.29998779296875,274.6666564941406,264.3666687011719,274.29998779296875,11612370
2014-10-27,146.84555053710938,263.1000061035156,270.6666564941406,262.3999938964844,270.1000061035156,4685409
2014-10-28,145.74786376953125,261.1333312988281,265.1666564941406,259.1000061035156,264.3333435058594,7865698
2014-10-29,146.15719604492188,261.8666687011719,264.23333740234375,260.8999938964844,263.73333740234375,6179238
2014-10-30,147.31063842773438,263.9333190917969,265.3333435058594,261.70001220703125,261.8666687011719,7728825
2014-10-31,150.75250244140625,270.1000061035156,271.1000061035156,265.1000061035156,266.1000061035156,8708932
2014-11-03,150.52923583984375,269.70001220703125,272.0,268.70001220703125,270.6666564941406,5799951
2014-11-05,150.17578125,269.0666809082031,271.73333740234375,266.73333740234375,270.8333435058594,7183192
2014-11-07,152.42691040039062,273.1000061035156,274.4666748046875,266.8666687011719,266.8666687011719,8287570
2014-11-10,146.67813110351562,262.79998779296875,275.0,262.3999938964844,274.6000061035156,9543430
2014-11-11,146.91995239257812,263.23333740234375,266.20001220703125,259.0333251953125,263.6666564941406,7751751
2014-11-12,146.47340393066406,262.4333190917969,265.6333312988281,261.70001220703125,263.6333312988281,4509726
2014-11-13,143.55255126953125,257.20001220703125,264.6666564941406,255.0,264.29998779296875,6014187
2014-11-14,146.32460021972656,262.1666564941406,263.1333312988281,256.73333740234375,257.3666687011719,7265805
2014-11-17,147.51531982421875,264.29998779296875,266.0666809082031,261.0333251953125,262.29998779296875,5573646
2014-11-18,145.35714721679688,260.4333190917969,265.4666748046875,260.0,265.1333312988281,4845523
2014-11-19,142.93856811523438,256.1000061035156,263.0666809082031,254.53334045410156,259.3333435058594,6800514
2014-11-20,143.53390502929688,257.1666564941406,260.0,254.6666717529297,256.0,4887421
2014-11-21,142.62234497070312,255.53334045410156,259.79998779296875,254.93333435058594,255.63333129882812,5210932
2014-11-24,141.72927856445312,253.93333435058594,257.8666687011719,252.23333740234375,255.3333282470703,4075122
2014-11-25,143.79437255859375,257.6333312988281,259.20001220703125,250.0,253.3333282470703,6929941
2014-11-26,143.58975219726562,257.26666259765625,260.3666687011719,254.6999969482422,255.46665954589844,5471631
2014-11-27,142.25021362304688,254.86666870117188,258.5666809082031,253.3333282470703,256.3666687011719,9604549
2014-11-28,141.17120361328125,252.93333435058594,259.3333435058594,251.3000030517578,253.5,7112151
2014-12-01,135.60841369628906,242.96665954589844,254.6666717529297,242.03334045410156,252.13333129882812,12037518
2014-12-02,134.13864135742188,240.3333282470703,246.6666717529297,239.23333740234375,243.5,7240519
2014-12-03,138.21302795410156,247.63333129882812,251.26666259765625,240.03334045410156,240.3333282470703,13800768
2014-12-04,137.97119140625,247.1999969482422,252.26666259765625,246.06666564941406,250.3333282470703,6560122
2014-12-05,135.92466735839844,243.53334045410156,249.86666870117188,243.1999969482422,248.6666717529297,6627583
2014-12-08,137.0409393310547,245.53334045410156,247.96665954589844,242.3333282470703,242.96665954589844,5229220
2014-12-09,131.0130615234375,234.73333740234375,245.26666259765625,233.6666717529297,244.13333129882812,9107974
2014-12-10,134.3619384765625,240.73333740234375,241.23333740234375,232.8333282470703,232.8333282470703,6069868
2014-12-11,130.0270538330078,232.96665954589844,240.0,231.76666259765625,239.3333282470703,5716879
2014-12-12,125.43171691894531,224.73333740234375,234.5,224.03334045410156,233.6666717529297,8480649
2014-12-15,127.64567565917969,228.6999969482422,230.6666717529297,223.3333282470703,223.96665954589844,7292032
2014-12-16,126.70169067382812,223.6999969482422,225.73333740234375,219.39999389648438,225.26666259765625,7586122
2014-12-17,129.51473999023438,228.6666717529297,230.0,220.6999969482422,223.63333129882812,9591840
2014-12-18,130.2510223388672,229.96665954589844,234.0,228.63333129882812,233.36666870117188,7701517
2014-12-19,131.9502410888672,232.96665954589844,236.0,229.36666870117188,231.36666870117188,6072133
2014-12-22,135.0087127685547,238.36666870117188,238.86666870117188,233.3333282470703,233.3333282470703,4221223
2014-12-23,132.93197631835938,234.6999969482422,238.3333282470703,233.46665954589844,238.0,3041233
2014-12-24,129.89236450195312,229.3333282470703,236.0,227.89999389648438,235.3000030517578,12132430
2014-12-26,130.06228637695312,229.63333129882812,231.96665954589844,227.36666870117188,230.0,1946757
2014-12-29,130.98736572265625,231.26666259765625,234.3333282470703,230.3000030517578,230.3000030517578,2147110
2014-12-30,129.00497436523438,227.76666259765625,230.39999389648438,227.23333740234375,230.0,2561664
2014-12-31,128.8917236328125,227.56666564941406,229.86666870117188,226.3333282470703,226.6666717529297,2655874
2015-01-01,129.91122436523438,229.36666870117188,229.8333282470703,226.73333740234375,226.8333282470703,1849323
2015-01-02,131.85581970214844,232.8000030517578,235.0,229.39999389648438,229.39999389648438,3736468
2015-01-05,133.34732055664062,235.43333435058594,238.6666717529297,230.6666717529297,231.3333282470703,6074619
2015-01-06,125.79542541503906,222.10000610351562,232.63333129882812,220.39999389648438,232.36666870117188,9024997
2015-01-07,127.64566040039062,225.36666870117188,227.6999969482422,218.73333740234375,222.0,8937670
2015-01-08,129.06163024902344,227.86666870117188,229.23333740234375,223.6666717529297,228.63333129882812,6578931
2015-01-09,132.53549194335938,234.0,237.93333435058594,224.26666259765625,231.39999389648438,13223764
2015-01-12,131.28944396972656,231.8000030517578,234.93333435058594,229.63333129882812,234.6999969482422,3157549
2015-01-13,128.36312866210938,226.63333129882812,232.39999389648438,225.53334045410156,232.0,7395021
2015-01-14,129.91122436523438,229.36666870117188,230.6666717529297,226.0,226.6666717529297,6704722
2015-01-15,130.8363800048828,231.0,235.3333282470703,228.43333435058594,232.6666717529297,10737987
2015-01-16,131.06289672851562,231.39999389648438,234.6666717529297,228.89999389648438,230.0,4284924
2015-01-19,131.2139434814453,231.6666717529297,235.3333282470703,230.53334045410156,232.73333740234375,3049690
2015-01-20,132.27117919921875,233.53334045410156,234.3333282470703,231.53334045410156,234.3333282470703,4842070
2015-01-21,130.66641235351562,230.6999969482422,233.6666717529297,229.39999389648438,233.43333435058594,8863149
2015-01-22,133.25289916992188,235.26666259765625,236.56666564941406,230.5,231.3333282470703,8061763
2015-01-23,131.70477294921875,232.53334045410156,237.3333282470703,231.6999969482422,236.6666717529297,6424399
2015-01-27,132.2523193359375,233.5,234.39999389648438,230.6999969482422,233.3333282470703,4689873
2015-01-28,133.6304931640625,235.93333435058594,237.6666717529297,232.36666870117188,233.3333282470703,7037476
2015-01-29,132.87538146972656,234.60000610351562,237.0,231.6666717529297,234.6666717529297,10551229
2015-01-30,132.6676788330078,234.23333740234375,236.96665954589844,232.03334045410156,234.60000610351562,6162442
2015-02-02,132.10130310058594,233.23333740234375,238.53334045410156,232.39999389648438,236.6666717529297,3717522
2015-02-03,135.72616577148438,239.63333129882812,240.6666717529297,234.6666717529297,235.06666564941406,7617916
2015-02-04,139.16232299804688,245.6999969482422,249.1999969482422,241.39999389648438,244.10000610351562,12396304
2015-02-05,134.66891479492188,237.76666259765625,245.6666717529297,236.03334045410156,245.39999389648438,3953791
2015-02-06,132.53549194335938,234.0,240.8333282470703,231.8000030517578,240.0,5834608
2015-02-09,134.55563354492188,237.56666564941406,238.56666564941406,232.73333740234375,232.73333740234375,4045851
2015-02-10,133.9137420654297,236.43333435058594,239.39999389648438,234.0,236.6666717529297,3438390
2015-02-11,130.2510223388672,229.96665954589844,237.60000610351562,229.3333282470703,236.6666717529297,3754929
2015-02-12,130.81747436523438,230.96665954589844,233.73333740234375,226.23333740234375,230.6666717529297,6518277
2015-02-13,128.21205139160156,226.36666870117188,229.26666259765625,225.5,226.36666870117188,9134797
2015-02-16,128.55189514160156,226.96665954589844,229.8000030517578,224.6666717529297,225.0,5713141
2015-02-18,125.58778381347656,221.73333740234375,229.26666259765625,221.3333282470703,227.56666564941406,7747543
2015-02-19,125.90873718261719,222.3000030517578,223.96665954589844,220.39999389648438,222.6666717529297,5393952
2015-02-20,124.87032318115234,220.46665954589844,223.93333435058594,220.0,222.93333435058594,4764178
2015-02-23,122.66143035888672,216.56666564941406,222.36666870117188,215.8000030517578,221.13333129882812,4667715
2015-02-24,118.96099853515625,210.03334045410156,217.86666870117188,208.43333435058594,217.39999389648438,11394412
2015-02-25,119.7539291381836,211.43333435058594,215.56666564941406,210.10000610351562,211.86666870117188,7747527
2015-02-26,120.58466339111328,212.89999389648438,214.8000030517578,210.36666870117188,213.3333282470703,8330061
2015-02-27,122.6236801147461,216.5,217.3333282470703,212.6666717529297,212.6666717529297,10424124
2015-03-02,120.84895324707031,213.36666870117188,219.73333740234375,211.60000610351562,219.1999969482422,9150904
2015-03-03,121.01887512207031,213.6666717529297,217.3333282470703,211.3333282470703,213.36666870117188,9377275
2015-03-04,121.03775024414062,213.6999969482422,217.8333282470703,212.53334045410156,214.96665954589844,12393369
2015-03-05,120.81120300292969,213.3000030517578,214.3000030517578,211.60000610351562,214.03334045410156,5311246
2015-03-09,119.3197021484375,210.6666717529297,212.3333282470703,209.39999389648438,211.89999389648438,8394541
2015-03-10,118.71556854248047,209.60000610351562,212.63333129882812,205.43333435058594,212.0,10846846
2015-03-11,116.86534881591797,206.3333282470703,211.26666259765625,206.0,210.0,7587334
2015-03-12,117.8848648071289,208.13333129882812,209.3000030517578,205.93333435058594,207.3333282470703,5494894
2015-03-13,118.52678680419922,209.26666259765625,211.1999969482422,207.53334045410156,208.73333740234375,5558430
2015-03-16,117.80935668945312,208.0,209.73333740234375,207.39999389648438,209.23333740234375,3707103
2015-03-17,118.64008331298828,209.46665954589844,210.3333282470703,206.6999969482422,208.06666564941406,3799833
2015-03-18,116.7520751953125,206.13333129882812,210.3000030517578,205.3333282470703,210.0,4852030
2015-03-19,117.77157592773438,207.93333435058594,209.26666259765625,206.13333129882812,206.60000610351562,5367529
2015-03-20,117.56388854980469,207.56666564941406,208.6666717529297,205.60000610351562,208.13333129882812,4793802
2015-03-23,118.71556854248047,209.60000610351562,210.23333740234375,207.23333740234375,207.3333282470703,4589812
2015-03-24,119.86294555664062,208.93333435058594,210.0,206.0,207.06666564941406,3764554
2015-03-25,118.42871856689453,206.43333435058594,210.96665954589844,205.8000030517578,210.43333435058594,4139605
2015-03-26,115.34990692138672,201.06666564941406,207.60000610351562,199.1999969482422,207.3333282470703,11858041
2015-03-27,116.63114166259766,203.3000030517578,205.56666564941406,200.93333435058594,201.96665954589844,5891944
2015-03-30,120.55133819580078,210.13333129882812,211.60000610351562,202.56666564941406,203.3333282470703,6601768
2015-03-31,117.16658782958984,204.23333740234375,213.06666564941406,203.0,210.63333129882812,6853342
2015-04-01,117.20486450195312,204.3000030517578,206.1666717529297,203.6666717529297,204.6666717529297,3321565
2015-04-06,121.33538818359375,211.5,212.1666717529297,205.3333282470703,205.39999389648438,5556453
2015-04-07,122.00474548339844,212.6666717529297,213.6666717529297,210.0,213.3333282470703,3490815
2015-04-08,119.70997619628906,208.6666717529297,212.6666717529297,207.93333435058594,212.6666717529297,5976249
2015-04-09,118.61995697021484,206.76666259765625,210.53334045410156,205.6666717529297,209.6666717529297,5713269
2015-04-10,118.46695709228516,206.5,210.53334045410156,206.10000610351562,206.8000030517578,8693394
2015-04-13,119.2701416015625,207.89999389648438,209.0,206.73333740234375,209.0,2797114
2015-04-15,121.29715728759766,211.43333435058594,215.13333129882812,207.6666717529297,208.53334045410156,9083739
2015-04-16,125.31299591064453,218.43333435058594,219.1666717529297,212.3333282470703,212.39999389648438,9836785
2015-04-17,126.21177673339844,220.0,221.89999389648438,218.6666717529297,219.6666717529297,6401871
2015-04-20,123.07560729980469,214.53334045410156,221.93333435058594,210.8000030517578,219.89999389648438,4536202
2015-04-21,122.52105712890625,213.56666564941406,218.26666259765625,212.1999969482422,215.06666564941406,4822603
2015-04-22,119.44221496582031,208.1999969482422,215.89999389648438,206.36666870117188,214.03334045410156,7356646
2015-04-23,117.778564453125,205.3000030517578,210.26666259765625,204.53334045410156,210.0,5199051
2015-04-24,121.18243408203125,211.23333740234375,212.60000610351562,205.10000610351562,206.6666717529297,7401441
2015-04-27,118.31398010253906,206.23333740234375,211.96665954589844,205.39999389648438,211.96665954589844,3309372
2015-04-28,117.62556457519531,205.03334045410156,209.06666564941406,202.6999969482422,206.0,5021299
2015-04-29,117.14750671386719,204.1999969482422,206.36666870117188,202.73333740234375,205.03334045410156,4445740
2015-04-30,116.26783752441406,202.6666717529297,205.86666870117188,202.06666564941406,204.56666564941406,9699340
2015-05-04,125.5807113647461,218.89999389648438,220.3333282470703,204.06666564941406,204.06666564941406,16873108
2015-05-05,130.8586883544922,228.10000610351562,228.8000030517578,219.0,220.6666717529297,24530452
2015-05-06,125.40863037109375,218.60000610351562,227.1999969482422,216.73333740234375,226.39999389648438,10301064
2015-05-07,122.40628051757812,213.36666870117188,220.86666870117188,211.0,220.0,5843113
2015-05-08,120.66610717773438,210.3333282470703,216.26666259765625,209.23333740234375,213.96665954589844,6429162
2015-05-11,122.00474548339844,212.6666717529297,213.86666870117188,210.03334045410156,211.26666259765625,5431555
2015-05-12,118.42871856689453,206.43333435058594,213.63333129882812,204.8000030517578,213.39999389648438,4464550
2015-05-13,118.9832763671875,207.39999389648438,211.8000030517578,205.6666717529297,208.10000610351562,5646844
2015-05-14,120.91473388671875,210.76666259765625,211.3333282470703,206.10000610351562,208.06666564941406,4257052
2015-05-15,121.96646881103516,212.60000610351562,213.13333129882812,208.3333282470703,210.60000610351562,3325147
2015-05-18,123.05647277832031,214.5,216.39999389648438,213.10000610351562,213.53334045410156,4586017
2015-05-19,121.46927642822266,211.73333740234375,214.1999969482422,210.36666870117188,212.89999389648438,4366932
2015-05-20,120.30278015136719,209.6999969482422,212.8333282470703,209.3333282470703,211.3333282470703,3059541
2015-05-21,121.73703002929688,212.1999969482422,212.63333129882812,209.60000610351562,210.93333435058594,3139372
2015-05-22,123.55368041992188,215.36666870117188,216.6666717529297,212.8000030517578,215.6666717529297,3893322
2015-05-25,126.03963470458984,219.6999969482422,220.5,215.46665954589844,216.0,5574003
2015-05-26,123.34332275390625,215.0,220.56666564941406,214.3333282470703,220.0,2979945
2015-05-27,126.97666931152344,221.3333282470703,222.23333740234375,213.76666259765625,216.0,3477921
2015-05-28,125.40863037109375,218.60000610351562,224.8000030517578,216.1999969482422,223.3333282470703,8512186
2015-05-29,126.15443420410156,219.89999389648438,221.1999969482422,208.8000030517578,212.0,13023642
2015-06-01,123.95526885986328,216.06666564941406,219.93333435058594,214.93333435058594,219.3333282470703,2889510
2015-06-02,122.5019302368164,213.53334045410156,219.1666717529297,212.1999969482422,219.1666717529297,4511451
2015-06-03,117.74030303955078,205.23333740234375,215.53334045410156,204.3333282470703,213.53334045410156,5149029
2015-06-04,115.25433349609375,200.89999389648438,206.53334045410156,200.1666717529297,206.53334045410156,7210408
2015-06-05,117.87413787841797,205.46665954589844,208.3000030517578,198.1999969482422,201.63333129882812,8311552
2015-06-08,117.18571472167969,204.26666259765625,206.6666717529297,203.39999389648438,206.6666717529297,3424894
2015-06-09,115.29255676269531,200.96665954589844,204.53334045410156,200.23333740234375,203.39999389648438,3158752
2015-06-10,116.78414154052734,203.56666564941406,205.3333282470703,201.3333282470703,201.3333282470703,4509799
2015-06-11,115.12043762207031,200.6666717529297,205.63333129882812,200.26666259765625,204.06666564941406,3997858
2015-06-12,114.89097595214844,200.26666259765625,201.96665954589844,199.6666717529297,200.6666717529297,2924445
2015-06-15,116.2486801147461,202.63333129882812,204.60000610351562,199.03334045410156,200.6666717529297,4211761
2015-06-16,116.43992614746094,202.96665954589844,203.53334045410156,200.0,202.63333129882812,3878482
2015-06-17,117.03272247314453,204.0,204.8333282470703,202.23333740234375,203.3333282470703,7374735
2015-06-18,119.65255737304688,208.56666564941406,210.13333129882812,203.5,204.26666259765625,6067755
2015-06-19,122.06209564208984,212.76666259765625,214.0,209.39999389648438,209.8333282470703,5823981
2015-06-22,121.7752685546875,212.26666259765625,213.3333282470703,209.3333282470703,213.3333282470703,4448203
2015-06-23,121.96646881103516,212.60000610351562,215.60000610351562,211.86666870117188,212.6666717529297,3509530
2015-06-24,121.58402252197266,211.93333435058594,215.3333282470703,210.76666259765625,213.3000030517578,3734515
2015-06-25,119.69082641601562,208.63333129882812,213.53334045410156,207.8000030517578,211.13333129882812,7207431
2015-06-26,119.78644561767578,208.8000030517578,210.3333282470703,207.06666564941406,208.6666717529297,1821207
2015-06-29,118.19924926757812,206.03334045410156,207.1999969482422,204.0,206.06666564941406,2261232
2015-06-30,118.40959167480469,206.39999389648438,207.56666564941406,205.0,205.46665954589844,3225894
2015-07-01,120.05416870117188,209.26666259765625,211.39999389648438,205.8000030517578,206.0,4331775
2015-07-02,118.56259155273438,206.6666717529297,210.06666564941406,206.3000030517578,209.3333282470703,3314205
2015-07-03,118.25662231445312,206.13333129882812,208.53334045410156,205.56666564941406,208.0,4952577
2015-07-06,117.89327239990234,205.5,206.0,202.8000030517578,203.6999969482422,3164748
2015-07-07,116.63114166259766,203.3000030517578,206.03334045410156,203.06666564941406,205.6666717529297,3602245
2015-07-08,115.86621856689453,201.96665954589844,205.1666717529297,201.1999969482422,202.0,3476700
2015-07-09,114.24079132080078,199.13333129882812,203.26666259765625,198.26666259765625,202.1666717529297,5336425
2015-07-10,112.40499114990234,195.93333435058594,201.1999969482422,194.26666259765625,201.1999969482422,10773607
2015-07-13,111.14287567138672,193.73333740234375,197.26666259765625,191.76666259765625,196.86666870117188,7725928
2015-07-14,110.79864501953125,193.13333129882812,195.26666259765625,191.8000030517578,193.3333282470703,4437270
2015-07-15,111.37230682373047,194.13333129882812,196.8333282470703,193.8000030517578,194.1666717529297,4577782
2015-07-16,111.52534484863281,194.39999389648438,196.5,193.39999389648438,194.3333282470703,3341661
2015-07-17,111.98426055908203,195.1999969482422,196.23333740234375,193.89999389648438,195.13333129882812,2702260
2015-07-20,111.62095642089844,194.56666564941406,196.06666564941406,193.6666717529297,195.3333282470703,1863025
2015-07-21,107.56686401367188,187.5,194.60000610351562,186.8000030517578,194.53334045410156,4128988
2015-07-22,108.9437255859375,189.89999389648438,191.96665954589844,187.6666717529297,187.6666717529297,3767242
2015-07-23,108.5612564086914,189.23333740234375,190.3000030517578,186.36666870117188,190.0,5707321
2015-07-24,108.17880249023438,188.56666564941406,190.60000610351562,187.76666259765625,189.0,3961647
2015-07-27,103.83787536621094,181.0,188.56666564941406,180.0,188.0,10950876
2015-07-28,103.20682525634766,179.89999389648438,181.6666717529297,175.63333129882812,181.39999389648438,8345236
2015-07-29,103.16854858398438,179.8333282470703,181.06666564941406,176.6666717529297,180.6666717529297,10220164
2015-07-30,103.60839080810547,180.60000610351562,182.93333435058594,180.06666564941406,181.93333435058594,5602353
2015-07-31,104.2968521118164,181.8000030517578,184.3333282470703,180.8000030517578,181.0,3895096
2015-08-03,104.66016387939453,182.43333435058594,185.0,178.6999969482422,181.93333435058594,4666620
2015-08-04,101.86821746826172,177.56666564941406,182.5,176.46665954589844,182.5,7648746
2015-08-05,103.2641830444336,180.0,181.3333282470703,178.60000610351562,179.3333282470703,3759064
2015-08-06,103.62751770019531,180.63333129882812,182.3333282470703,179.63333129882812,180.6666717529297,3982426
2015-08-07,108.17880249023438,188.56666564941406,189.3000030517578,179.6999969482422,180.0,14143717
2015-08-10,105.19560241699219,183.36666870117188,189.8000030517578,182.6666717529297,189.3333282470703,4017831
2015-08-11,103.28330993652344,180.03334045410156,184.43333435058594,179.36666870117188,184.43333435058594,2668081
2015-08-12,103.01557922363281,179.56666564941406,181.6666717529297,177.06666564941406,180.0,6082657
2015-08-13,103.16854858398438,179.8333282470703,182.6666717529297,177.10000610351562,180.6666717529297,6835678
2015-08-14,103.41716003417969,180.26666259765625,182.3333282470703,178.6999969482422,181.36666870117188,3797374
2015-08-17,100.96942138671875,176.0,180.10000610351562,174.3000030517578,180.06666564941406,7815285
2015-08-18,99.74553680419922,173.86666870117188,177.6999969482422,173.3333282470703,177.3333282470703,4157310
2015-08-19,99.66905212402344,173.73333740234375,175.1999969482422,171.39999389648438,173.3333282470703,5711535
2015-08-20,97.83325958251953,170.53334045410156,172.46665954589844,169.39999389648438,172.0,7178769
2015-08-21,97.890625,170.63333129882812,171.60000610351562,167.39999389648438,169.36666870117188,6613182
2015-08-24,87.08612060546875,151.8000030517578,167.1999969482422,150.8000030517578,166.6666717529297,19008639
2015-08-25,88.21436309814453,153.76666259765625,156.96665954589844,149.5,153.8333282470703,10863165
2015-08-26,85.99610900878906,149.89999389648438,157.73333740234375,148.6666717529297,154.0,7245826
2015-08-27,88.08051300048828,153.53334045410156,155.60000610351562,150.6999969482422,154.6666717529297,11633059
2015-08-28,93.1863784790039,162.43333435058594,164.26666259765625,158.60000610351562,159.26666259765625,10958608
2015-08-31,91.52264404296875,159.53334045410156,165.60000610351562,158.46665954589844,165.13333129882812,9689886
2015-09-01,89.53388214111328,156.06666564941406,162.23333740234375,155.13333129882812,161.86666870117188,10033095
2015-09-02,86.1299819946289,150.13333129882812,157.0,149.56666564941406,156.10000610351562,9458158
2015-09-03,87.64067840576172,152.76666259765625,154.53334045410156,151.0,152.5,3640380
2015-09-04,86.26382446289062,150.36666870117188,155.10000610351562,147.5,155.10000610351562,7345293
2015-09-07,86.64714050292969,150.6999969482422,152.23333740234375,149.03334045410156,151.3333282470703,5324035
2015-09-08,88.1229019165039,153.26666259765625,153.6666717529297,149.39999389648438,151.96665954589844,6841087
2015-09-09,88.31454467773438,153.60000610351562,155.73333740234375,152.8333282470703,155.36666870117188,11075230
2015-09-10,86.97296905517578,151.26666259765625,153.23333740234375,149.13333129882812,152.3333282470703,6478407
2015-09-11,87.52877044677734,152.23333740234375,154.60000610351562,151.46665954589844,152.43333435058594,5834527
2015-09-14,88.0270767211914,153.10000610351562,153.60000610351562,150.6666717529297,153.26666259765625,3143677
2015-09-15,87.87374114990234,152.8333282470703,154.60000610351562,150.53334045410156,153.26666259765625,3661399
2015-09-16,88.35287475585938,153.6666717529297,155.1999969482422,152.1666717529297,155.1999969482422,4234243
2015-09-18,91.68767547607422,159.46665954589844,160.8000030517578,153.26666259765625,154.06666564941406,9682537
2015-09-21,91.59184265136719,159.3000030517578,159.89999389648438,156.6666717529297,157.1999969482422,2754552
2015-09-22,89.8861083984375,156.3333282470703,161.1999969482422,155.43333435058594,161.1999969482422,5576616
2015-09-23,90.6718978881836,157.6999969482422,158.63333129882812,153.1666717529297,153.39999389648438,3247758
2015-09-24,87.20294952392578,151.6666717529297,157.73333740234375,150.73333740234375,157.73333740234375,8968651
2015-09-28,86.28302001953125,150.06666564941406,152.3000030517578,149.39999389648438,152.1666717529297,4326612
2015-09-29,86.78133392333984,150.93333435058594,151.60000610351562,145.13333129882812,149.1999969482422,7599778
2015-09-30,87.9120864868164,152.89999389648438,153.86666870117188,148.06666564941406,152.3333282470703,7694695
2015-10-01,89.06201171875,154.89999389648438,156.0,152.0,152.89999389648438,4161730
2015-10-05,92.18597412109375,160.3333282470703,160.8000030517578,152.6666717529297,156.0,5283105
2015-10-06,94.8116455078125,164.89999389648438,165.76666259765625,159.73333740234375,160.6666717529297,7663977
2015-10-07,98.79805755615234,171.8333282470703,173.89999389648438,167.3333282470703,167.3333282470703,9901197
2015-10-08,98.75972747802734,171.76666259765625,173.60000610351562,168.1666717529297,173.60000610351562,5335414
2015-10-09,101.0595932006836,175.76666259765625,176.6666717529297,173.46665954589844,174.0,8515356
2015-10-12,100.9637680053711,175.60000610351562,178.5,174.86666870117188,175.8333282470703,4243084
2015-10-13,97.32231903076172,169.26666259765625,174.1666717529297,168.1666717529297,173.03334045410156,4640856
2015-10-14,97.74395751953125,170.0,175.53334045410156,168.93333435058594,169.3333282470703,4440331
2015-10-15,99.71802520751953,173.43333435058594,174.0,169.39999389648438,171.39999389648438,3456408
2015-10-16,101.1937484741211,176.0,176.86666870117188,171.3333282470703,174.0,3212586
2015-10-19,98.83641815185547,171.89999389648438,176.23333740234375,170.6666717529297,176.06666564941406,2694019
2015-10-20,97.03482818603516,168.76666259765625,171.5,168.0,170.39999389648438,3579358
2015-10-21,97.14981079101562,168.96665954589844,171.93333435058594,167.6666717529297,168.0,2408055
2015-10-23,98.62559509277344,171.53334045410156,174.0,169.96665954589844,170.0,3416214
2015-10-26,98.29974365234375,170.96665954589844,173.86666870117188,169.60000610351562,171.3333282470703,3776110
2015-10-27,95.02244567871094,165.26666259765625,169.46665954589844,164.8333282470703,168.96665954589844,7387659
2015-10-28,96.51734924316406,167.86666870117188,168.3333282470703,162.23333740234375,163.73333740234375,8681943
2015-10-29,96.1532211303711,167.23333740234375,170.1666717529297,166.6999969482422,170.0,11317210
2015-10-30,94.65831756591797,164.63333129882812,167.0,162.73333740234375,166.60000610351562,5076523
2015-11-02,94.830810546875,164.93333435058594,165.86666870117188,161.43333435058594,164.63333129882812,2028091
2015-11-03,96.09571838378906,167.13333129882812,167.6666717529297,163.53334045410156,164.8000030517578,2764398
2015-11-04,96.63236999511719,168.06666564941406,169.46665954589844,166.53334045410156,169.03334045410156,3672546
2015-11-05,96.07656860351562,167.10000610351562,169.1999969482422,166.43333435058594,166.6666717529297,4845283
2015-11-06,96.38321685791016,167.63333129882812,171.06666564941406,165.3333282470703,165.8000030517578,6014388
2015-11-09,95.55909729003906,166.1999969482422,167.3333282470703,163.36666870117188,164.13333129882812,4072977
2015-11-10,92.3972396850586,157.8000030517578,165.1999969482422,157.06666564941406,163.39999389648438,5841889
2015-11-13,89.35242462158203,152.60000610351562,155.6666717529297,152.0,155.36666870117188,6878205
2015-11-16,89.84037780761719,153.43333435058594,153.93333435058594,147.5,152.26666259765625,6538864
2015-11-17,90.69917297363281,154.89999389648438,155.5,151.13333129882812,154.0,9435519
2015-11-18,90.0550765991211,153.8000030517578,155.1666717529297,152.63333129882812,154.03334045410156,3862231
2015-11-19,90.9529037475586,155.3333282470703,155.8000030517578,152.8333282470703,155.1666717529297,2849844
2015-11-20,91.3627700805664,156.03334045410156,157.1666717529297,154.23333740234375,155.86666870117188,2601568
2015-11-23,90.44542694091797,154.46665954589844,157.26666259765625,154.0,156.6666717529297,2296134
2015-11-24,90.87483978271484,155.1999969482422,158.89999389648438,153.1666717529297,154.6666717529297,5179723
2015-11-26,91.67505645751953,156.56666564941406,157.93333435058594,154.53334045410156,155.39999389648438,8200903
2015-11-27,91.88976287841797,156.93333435058594,159.1666717529297,156.23333740234375,157.6666717529297,2854024
2015-11-30,91.40180969238281,156.10000610351562,157.26666259765625,153.46665954589844,156.0,5898439
2015-12-01,91.96781921386719,157.06666564941406,158.96665954589844,155.36666870117188,156.36666870117188,3545680
2015-12-02,92.0458984375,157.1999969482422,158.6666717529297,155.53334045410156,158.06666564941406,3121284
2015-12-03,89.66473388671875,153.13333129882812,155.93333435058594,152.06666564941406,155.39999389648438,7426180
2015-12-04,88.68881225585938,151.46665954589844,154.06666564941406,150.6999969482422,151.8333282470703,5123203
2015-12-07,87.40067291259766,149.26666259765625,152.3333282470703,148.53334045410156,152.03334045410156,3621073
2015-12-08,84.21925354003906,143.8333282470703,148.1666717529297,142.6999969482422,148.0,8794702
2015-12-09,84.7462387084961,144.73333740234375,145.3333282470703,141.93333435058594,143.3333282470703,6323689
2015-12-10,85.80021667480469,146.53334045410156,147.26666259765625,143.1999969482422,145.26666259765625,6848703
2015-12-11,84.06310272216797,143.56666564941406,147.1999969482422,142.93333435058594,146.3333282470703,6528895
2015-12-14,83.30192565917969,142.26666259765625,143.06666564941406,140.8333282470703,141.6666717529297,4778763
2015-12-15,85.01949310302734,145.1999969482422,145.73333740234375,142.1999969482422,143.3333282470703,4919511
2015-12-16,88.47413635253906,151.10000610351562,151.73333740234375,144.89999389648438,146.46665954589844,8363692
2015-12-17,87.7519760131836,149.86666870117188,150.86666870117188,146.6666717529297,150.6666717529297,9229494
2015-12-18,87.14693450927734,148.8333282470703,149.86666870117188,147.46665954589844,148.6666717529297,7201576
2015-12-21,89.95750427246094,153.63333129882812,154.03334045410156,147.8000030517578,148.6666717529297,4999317
2015-12-22,89.99654388427734,153.6999969482422,155.0,152.1999969482422,153.63333129882812,4596822
2015-12-23,91.94831085205078,157.03334045410156,157.60000610351562,154.1666717529297,155.26666259765625,6021352
2015-12-24,91.28470611572266,155.89999389648438,159.86666870117188,155.53334045410156,158.6666717529297,4388542
2015-12-28,93.7634506225586,160.13333129882812,160.86666870117188,156.0,156.0,5296623
2015-12-29,93.5877914428711,159.8333282470703,161.23333740234375,158.3000030517578,160.0,3552853
2015-12-30,93.64636993408203,159.93333435058594,161.86666870117188,159.60000610351562,160.0,3927882
2015-12-31,94.36852264404297,161.1666717529297,162.53334045410156,156.76666259765625,159.6666717529297,6598665
2016-01-01,94.66130065917969,161.6666717529297,162.26666259765625,158.73333740234375,159.93333435058594,2771977
2016-01-04,92.92420196533203,158.6999969482422,163.1999969482422,157.10000610351562,160.6666717529297,3125131
2016-01-05,94.40754699707031,161.23333740234375,162.8333282470703,159.36666870117188,160.0,3646312
2016-01-06,92.7290267944336,158.36666870117188,161.53334045410156,156.43333435058594,161.3333282470703,3007210
2016-01-07,88.45462036132812,151.06666564941406,155.93333435058594,149.36666870117188,154.0,7609386
2016-01-08,89.84037780761719,153.43333435058594,154.53334045410156,150.43333435058594,152.0,6898318
2016-01-11,88.02523040771484,150.3333282470703,151.5,148.10000610351562,150.6666717529297,6413395
2016-01-12,86.40525817871094,147.56666564941406,149.53334045410156,146.6666717529297,149.3333282470703,5543673
2016-01-13,87.12738037109375,148.8000030517578,149.3000030517578,145.03334045410156,148.6666717529297,5384575
2016-01-14,87.14693450927734,148.8333282470703,150.3333282470703,144.39999389648438,147.3000030517578,6523576
2016-01-15,85.66360473632812,146.3000030517578,149.60000610351562,145.1999969482422,149.60000610351562,4512582
2016-01-18,83.69226837158203,142.93333435058594,145.3333282470703,140.8333282470703,144.6666717529297,5734035
2016-01-19,85.09757232666016,145.3333282470703,146.26666259765625,141.0,143.73333740234375,3797908
2016-01-20,83.26287078857422,142.1999969482422,143.39999389648438,139.46665954589844,142.73333740234375,6518908
2016-01-21,80.92076873779297,138.1999969482422,143.1666717529297,137.3000030517578,142.43333435058594,8879593
2016-01-22,84.41444396972656,144.1666717529297,144.6666717529297,139.86666870117188,141.3000030517578,7253737
2016-01-25,85.74166107177734,146.43333435058594,147.5,144.36666870117188,146.93333435058594,4864044
2016-01-27,85.25371551513672,145.60000610351562,147.8333282470703,144.6666717529297,146.46665954589844,6744064
2016-01-28,85.8392562866211,146.60000610351562,147.1999969482422,143.5,145.3333282470703,8761006
2016-01-29,88.31797790527344,150.8333282470703,151.89999389648438,147.3333282470703,147.53334045410156,12759739
2016-02-01,87.84957885742188,150.03334045410156,151.86666870117188,147.6999969482422,151.86666870117188,3822741
2016-02-02,84.53153991699219,144.36666870117188,149.60000610351562,143.60000610351562,148.13333129882812,6900480
2016-02-03,83.1653060913086,142.03334045410156,144.6666717529297,140.1999969482422,142.46665954589844,4843966
2016-02-04,85.87828063964844,146.6666717529297,147.0,144.1666717529297,145.26666259765625,6016540
2016-02-05,85.85875701904297,146.63333129882812,147.89999389648438,145.03334045410156,146.86666870117188,5710669
2016-02-08,83.55564880371094,142.6999969482422,146.8000030517578,141.10000610351562,146.6666717529297,2764110
2016-02-09,85.15613555908203,145.43333435058594,146.36666870117188,140.3333282470703,140.60000610351562,3651745
2016-02-10,83.34095764160156,142.3333282470703,144.0,140.53334045410156,142.56666564941406,4066759
2016-02-11,79.30078125,135.43333435058594,142.60000610351562,133.36666870117188,142.53334045410156,8787048
2016-02-12,75.4362564086914,128.8333282470703,133.3333282470703,125.16666412353516,133.3333282470703,10102654
2016-02-15,78.2077865600586,133.56666564941406,134.13333129882812,129.76666259765625,132.39999389648438,7157805
2016-02-16,78.05164337158203,133.3000030517578,137.39999389648438,132.06666564941406,135.76666259765625,10491013
2016-02-17,78.2077865600586,133.56666564941406,134.6666717529297,131.46665954589844,133.3333282470703,7290019
2016-02-18,81.62336730957031,139.39999389648438,140.39999389648438,135.3333282470703,135.76666259765625,7799662
2016-02-19,82.42363739013672,140.76666259765625,141.39999389648438,137.3333282470703,137.96665954589844,5419069
2016-02-22,83.69226837158203,142.93333435058594,143.39999389648438,140.46665954589844,141.3333282470703,3601842
2016-02-23,83.77033996582031,143.06666564941406,145.1999969482422,141.23333740234375,143.8000030517578,3593367
2016-02-24,81.74050903320312,139.60000610351562,141.86666870117188,138.8000030517578,141.86666870117188,2618155
2016-02-25,84.41444396972656,144.1666717529297,145.1999969482422,139.73333740234375,141.60000610351562,5778484
2016-02-26,84.33638000488281,144.03334045410156,145.6999969482422,142.73333740234375,144.93333435058594,4205824
2016-02-29,75.76806640625,129.39999389648438,147.39999389648438,128.3333282470703,144.8333282470703,23809857
2016-03-01,74.75313568115234,127.66666412353516,129.26666259765625,125.69999694824219,129.26666259765625,23118147
2016-03-02,76.09986877441406,129.96665954589844,131.53334045410156,128.06666564941406,129.60000610351562,15524956
2016-03-03,76.97816467285156,131.46665954589844,133.89999389648438,129.1666717529297,131.0,16866745
2016-03-04,78.34441375732422,133.8000030517578,136.26666259765625,132.6666717529297,133.26666259765625,22523046
2016-03-08,78.7933120727539,134.56666564941406,137.56666564941406,134.0,135.1666717529297,12258796
2016-03-09,80.12052154541016,136.8333282470703,137.3333282470703,134.1999969482422,134.6666717529297,7688815
2016-03-10,80.29618072509766,137.13333129882812,139.3000030517578,136.23333740234375,139.3000030517578,13467873
2016-03-11,80.06197357177734,136.73333740234375,138.39999389648438,134.8000030517578,138.39999389648438,14262115
2016-03-14,81.29161071777344,138.8333282470703,139.3333282470703,137.1666717529297,138.3333282470703,7498647
2016-03-15,80.95978546142578,138.26666259765625,138.60000610351562,136.6999969482422,137.3333282470703,5504455
2016-03-16,80.90106201171875,137.6666717529297,139.1666717529297,136.60000610351562,138.1999969482422,5188654
2016-03-17,83.15372467041016,141.5,143.26666259765625,139.0,139.03334045410156,8394324
2016-03-18,84.07437133789062,143.06666564941406,143.3333282470703,141.6666717529297,142.5,6776230
2016-03-21,84.87750244140625,144.43333435058594,145.0,142.0,142.6666717529297,5801745
2016-03-22,84.66204071044922,144.06666564941406,146.10000610351562,143.3333282470703,144.43333435058594,6610557
2016-03-23,84.07437133789062,143.06666564941406,145.1666717529297,141.26666259765625,144.26666259765625,5978227
2016-03-28,83.81973266601562,142.63333129882812,145.8000030517578,141.60000610351562,144.3333282470703,7205974
2016-03-29,83.15372467041016,141.5,144.0,140.46665954589844,143.96665954589844,5003185
2016-03-30,85.36724853515625,145.26666259765625,146.0,141.53334045410156,142.0,5849823
2016-03-31,83.87852478027344,142.73333740234375,145.03334045410156,141.43333435058594,143.13333129882812,18261630
2016-04-01,81.80210876464844,139.1999969482422,143.3000030517578,138.73333740234375,143.0,10266195
2016-04-04,81.21444702148438,138.1999969482422,139.10000610351562,136.36666870117188,138.96665954589844,5494027
2016-04-05,80.5092544555664,137.0,139.0,136.03334045410156,137.3333282470703,4906771
2016-04-06,80.74431610107422,137.39999389648438,138.6666717529297,136.0,137.8000030517578,4317508
2016-04-07,81.3907470703125,138.5,139.6666717529297,137.8000030517578,139.36666870117188,5045077
2016-04-08,80.763916015625,137.43333435058594,139.63333129882812,137.10000610351562,138.53334045410156,2418253
2016-04-11,81.33197784423828,138.39999389648438,139.5,136.8000030517578,139.06666564941406,5192644
2016-04-12,82.80113220214844,140.89999389648438,141.76666259765625,138.10000610351562,138.56666564941406,6343279
2016-04-13,83.58467864990234,142.23333740234375,143.60000610351562,141.86666870117188,143.3333282470703,6437622
2016-04-18,81.3123779296875,138.36666870117188,141.1666717529297,137.39999389648438,141.1666717529297,4950201
2016-04-20,82.21344757080078,139.89999389648438,140.46665954589844,138.6999969482422,139.26666259765625,4820409
2016-04-21,83.42794799804688,141.96665954589844,142.96665954589844,141.1666717529297,141.43333435058594,7037139
2016-04-22,84.66204071044922,144.06666564941406,144.89999389648438,141.76666259765625,143.93333435058594,4497202
2016-04-25,83.17333221435547,141.53334045410156,144.3000030517578,141.13333129882812,144.3000030517578,2813826
2016-04-26,83.95685577392578,142.86666870117188,143.73333740234375,140.63333129882812,141.46665954589844,4140094
2016-04-27,86.89514923095703,147.86666870117188,149.1666717529297,143.93333435058594,144.0,10536442
2016-04-28,84.95589447021484,144.56666564941406,150.26666259765625,143.5,148.1999969482422,11597841
2016-04-29,85.11258697509766,144.8333282470703,147.1666717529297,143.73333740234375,145.36666870117188,6088467
2016-05-02,85.30847930908203,145.1666717529297,147.26666259765625,144.0,145.3333282470703,4911861
2016-05-03,84.34862518310547,143.53334045410156,146.46665954589844,142.0,146.03334045410156,5806392
2016-05-04,82.5268783569336,140.43333435058594,143.53334045410156,140.0,143.1999969482422,4247746
2016-05-05,82.46812438964844,140.3333282470703,142.1666717529297,140.0,141.3000030517578,4590195
2016-05-06,81.66497802734375,138.96665954589844,140.43333435058594,138.06666564941406,140.36666870117188,3327823
2016-05-09,82.89906311035156,141.06666564941406,141.6666717529297,139.39999389648438,139.93333435058594,4008649
2016-05-10,81.44950866699219,138.60000610351562,141.3000030517578,137.53334045410156,141.3000030517578,3924151
2016-05-11,80.41130828857422,136.8333282470703,137.96665954589844,135.39999389648438,137.96665954589844,5481087
2016-05-12,80.82266998291016,137.53334045410156,138.96665954589844,136.5,138.73333740234375,7061337
2016-05-13,79.82364654541016,135.8333282470703,137.3000030517578,134.6666717529297,137.3000030517578,7262070
2016-05-16,79.37311553955078,135.06666564941406,136.60000610351562,133.3333282470703,136.26666259765625,10092505
2016-05-17,82.37018585205078,140.1666717529297,141.3333282470703,136.73333740234375,137.06666564941406,14657428
2016-05-18,83.937255859375,142.8333282470703,143.53334045410156,139.73333740234375,140.1999969482422,8832225
2016-05-19,82.29183197021484,140.03334045410156,142.1666717529297,139.46665954589844,142.0,6740377
2016-05-20,83.48673248291016,142.06666564941406,143.10000610351562,140.3000030517578,141.1999969482422,4576983
2016-05-23,81.5474624633789,138.76666259765625,143.0,138.3333282470703,142.8000030517578,5845633
2016-05-24,80.95980834960938,137.76666259765625,139.13333129882812,136.36666870117188,139.0,4087501
2016-05-25,82.33100891113281,140.10000610351562,140.5,138.76666259765625,139.13333129882812,3108448
2016-05-26,84.6424560546875,144.03334045410156,147.43333435058594,140.46665954589844,140.6666717529297,13519851
2016-05-27,83.44754791259766,142.0,145.93333435058594,141.1999969482422,145.3333282470703,10044087
2016-05-30,83.62387084960938,142.3000030517578,143.8000030517578,142.0,142.6666717529297,4589130
2016-05-31,82.56607818603516,140.5,143.6666717529297,139.86666870117188,143.3333282470703,8791201
2016-06-01,82.5268783569336,140.43333435058594,142.1999969482422,140.06666564941406,140.93333435058594,4521807
2016-06-02,83.36918640136719,141.86666870117188,142.56666564941406,139.43333435058594,140.3333282470703,4079509
2016-06-03,82.99699401855469,141.23333740234375,143.0,140.73333740234375,142.53334045410156,4345935
2016-06-06,82.58565521240234,140.53334045410156,142.23333740234375,140.1999969482422,141.8000030517578,3665349
2016-06-07,83.42794799804688,141.96665954589844,142.63333129882812,141.1666717529297,141.3333282470703,5568472
2016-06-08,84.52491760253906,143.8333282470703,144.8333282470703,142.6666717529297,143.0,5491938
2016-06-09,86.44461059570312,147.10000610351562,148.1999969482422,144.6666717529297,144.6999969482422,10532686
2016-06-10,85.4847640991211,145.46665954589844,148.46665954589844,144.6666717529297,146.6666717529297,4451983
2016-06-13,83.54549407958984,142.1666717529297,144.26666259765625,141.6666717529297,144.0,2914852
2016-06-14,83.36918640136719,141.86666870117188,143.1999969482422,140.8000030517578,142.63333129882812,3050001
2016-06-15,83.72178649902344,142.46665954589844,143.0,141.6999969482422,142.1999969482422,2865534
2016-06-16,82.938232421875,141.13333129882812,142.03334045410156,140.36666870117188,142.0,3296191
2016-06-17,82.56607818603516,140.5,141.8333282470703,140.13333129882812,141.76666259765625,4717605
2016-06-20,83.78054809570312,142.56666564941406,143.5,140.23333740234375,140.43333435058594,5253388
2016-06-21,85.23011016845703,145.03334045410156,145.46665954589844,143.3333282470703,143.86666870117188,4754095
2016-06-22,85.54354858398438,145.56666564941406,146.26666259765625,144.0,144.96665954589844,4300168
2016-06-23,85.602294921875,145.6666717529297,146.36666870117188,142.8000030517578,145.3333282470703,4451146
2016-06-24,82.03717803955078,139.60000610351562,142.60000610351562,138.0,142.39999389648438,6098569
2016-06-27,82.33100891113281,140.10000610351562,141.56666564941406,138.46665954589844,138.6666717529297,3541858
2016-06-28,82.80113220214844,140.89999389648438,141.23333740234375,139.6666717529297,140.0,3242284
2016-06-29,84.13314056396484,143.1666717529297,143.43333435058594,141.39999389648438,141.8333282470703,3248850
2016-06-30,84.74044036865234,144.1999969482422,146.3333282470703,143.3333282470703,143.86666870117188,7536646
2016-07-01,88.14881896972656,150.0,153.1999969482422,144.3000030517578,144.60000610351562,8428420
2016-07-04,90.91082763671875,154.6999969482422,156.86666870117188,153.0,153.0,16861305
2016-07-05,90.40152740478516,153.8333282470703,157.60000610351562,152.36666870117188,153.73333740234375,6551590
2016-07-07,88.7756576538086,151.06666564941406,154.56666564941406,150.76666259765625,153.8333282470703,5971878
2016-07-08,87.48279571533203,148.86666870117188,150.1999969482422,148.1666717529297,150.0,3248257
2016-07-11,88.14881896972656,150.0,151.73333740234375,149.03334045410156,150.0,6210183
2016-07-12,89.28498840332031,151.93333435058594,152.96665954589844,150.06666564941406,150.06666564941406,4319643
2016-07-13,91.73352813720703,156.10000610351562,161.03334045410156,154.76666259765625,155.76666259765625,17397438
2016-07-14,90.32316589355469,153.6999969482422,156.5,152.73333740234375,156.26666259765625,9416404
2016-07-15,90.20561218261719,153.5,154.86666870117188,152.36666870117188,154.06666564941406,8673333
2016-07-18,85.64147186279297,145.73333740234375,152.6666717529297,144.73333740234375,152.6666717529297,11088225
2016-07-19,86.58171844482422,147.3333282470703,148.3333282470703,144.6666717529297,145.0,10601104
2016-07-20,87.71788787841797,149.26666259765625,149.60000610351562,146.5,147.3333282470703,9715894
2016-07-21,87.20853424072266,148.39999389648438,151.1666717529297,148.0,149.86666870117188,4614313
2016-07-22,87.14981079101562,148.3000030517578,149.10000610351562,147.1999969482422,148.60000610351562,4734196
2016-07-25,88.85401916503906,151.1999969482422,151.46665954589844,147.8000030517578,147.86666870117188,5161390
2016-07-26,87.8941650390625,149.56666564941406,153.06666564941406,148.73333740234375,151.26666259765625,6075612
2016-07-27,87.46321105957031,148.8333282470703,151.6666717529297,146.6999969482422,149.46665954589844,3982969
2016-07-28,86.7188491821289,147.56666564941406,150.1999969482422,147.06666564941406,148.8333282470703,12199317
2016-07-29,86.22914123535156,146.73333740234375,149.23333740234375,146.43333435058594,148.0,4943548
2016-08-01,85.7198257446289,145.86666870117188,148.96665954589844,145.3333282470703,148.1999969482422,4868154
2016-08-02,86.62090301513672,147.39999389648438,147.93333435058594,145.06666564941406,145.8333282470703,5714404
2016-08-03,85.70024108886719,145.8333282470703,148.60000610351562,145.3333282470703,148.0,6926821
2016-08-04,86.1312026977539,146.56666564941406,149.26666259765625,145.76666259765625,149.26666259765625,5368087
2016-08-05,88.52099609375,150.63333129882812,151.13333129882812,146.86666870117188,147.3333282470703,4722490
2016-08-08,88.57976531982422,150.73333740234375,151.3333282470703,149.43333435058594,150.93333435058594,3995137
2016-08-09,89.71589660644531,152.6666717529297,153.23333740234375,151.39999389648438,152.53334045410156,11431887
2016-08-10,89.73553466796875,152.6999969482422,154.0,151.0,152.6666717529297,10287928
2016-08-11,90.65615844726562,154.26666259765625,154.60000610351562,151.5,152.5,9320215
2016-08-12,91.51805114746094,155.73333740234375,156.26666259765625,153.1999969482422,154.86666870117188,5870230
2016-08-16,92.14491271972656,156.8000030517578,157.56666564941406,154.86666870117188,156.6666717529297,5039550
2016-08-17,93.16351318359375,158.53334045410156,158.93333435058594,156.1666717529297,156.93333435058594,5430909
2016-08-18,94.55431365966797,160.89999389648438,161.43333435058594,158.3333282470703,158.86666870117188,5751255
2016-08-19,94.65225982666016,161.06666564941406,162.3333282470703,160.36666870117188,161.53334045410156,5606353
2016-08-22,93.77075958251953,159.56666564941406,162.60000610351562,158.86666870117188,161.06666564941406,3785410
2016-08-23,93.39857482910156,158.93333435058594,159.8000030517578,157.73333740234375,158.3333282470703,5012451
2016-08-24,94.41720581054688,160.6666717529297,162.0,159.5,159.86666870117188,3600733
2016-08-25,93.16351318359375,158.53334045410156,161.8333282470703,158.0,161.0,4189737
2016-08-26,93.39857482910156,158.93333435058594,159.23333740234375,157.3333282470703,158.73333740234375,2902111
2016-08-29,92.96762084960938,158.1999969482422,159.6666717529297,157.8333282470703,158.93333435058594,2465332
2016-08-30,94.69141387939453,161.13333129882812,161.6666717529297,158.13333129882812,159.03334045410156,4245724
2016-08-31,93.83763122558594,157.53334045410156,160.8000030517578,156.76666259765625,159.3333282470703,9766926
2016-09-01,93.95677185058594,157.73333740234375,159.43333435058594,156.73333740234375,158.0,4602483
2016-09-02,94.81057739257812,159.1666717529297,160.10000610351562,156.76666259765625,158.0,4273123
2016-09-06,94.73114013671875,159.03334045410156,161.13333129882812,158.6666717529297,159.8333282470703,3884562
2016-09-07,97.27265930175781,163.3000030517578,164.1999969482422,158.86666870117188,159.46665954589844,17504218
2016-09-08,97.80875396728516,164.1999969482422,169.93333435058594,162.73333740234375,166.6666717529297,15232855
2016-09-09,101.2437744140625,169.96665954589844,171.6666717529297,164.6666717529297,164.6666717529297,17437126
2016-09-12,99.6751708984375,167.3333282470703,168.56666564941406,165.46665954589844,166.6666717529297,7995681
2016-09-14,98.56328582763672,165.46665954589844,168.39999389648438,163.46665954589844,166.6999969482422,8058135
2016-09-15,98.68241119384766,165.6666717529297,166.86666870117188,163.39999389648438,166.6999969482422,3706279
2016-09-16,99.39720153808594,166.86666870117188,168.6666717529297,165.3333282470703,166.26666259765625,12910044
2016-09-19,100.92610168457031,169.43333435058594,170.3333282470703,166.86666870117188,167.1666717529297,6271972
2016-09-20,102.35568237304688,171.8333282470703,173.60000610351562,168.8333282470703,169.6666717529297,12886207
2016-09-21,101.40264892578125,170.23333740234375,173.0,169.13333129882812,171.3333282470703,6438340
2016-09-22,103.05064392089844,173.0,174.10000610351562,172.0,172.60000610351562,8053006
2016-09-23,103.46759033203125,173.6999969482422,175.56666564941406,172.3000030517578,172.6999969482422,7589790
2016-09-26,99.09939575195312,166.36666870117188,173.6666717529297,165.43333435058594,173.0,13915599
2016-09-27,98.30516052246094,165.03334045410156,167.86666870117188,164.23333740234375,166.60000610351562,10949967
2016-09-28,99.93331909179688,167.76666259765625,168.26666259765625,163.60000610351562,165.3333282470703,9666958
2016-09-29,99.33763885498047,166.76666259765625,172.0,165.5,170.6666717529297,14336461
2016-09-30,101.91887664794922,171.10000610351562,171.56666564941406,166.39999389648438,167.60000610351562,9438718
2016-10-03,103.34848022460938,173.5,174.63333129882812,168.26666259765625,171.3333282470703,6960220
2016-10-04,108.63004302978516,182.36666870117188,183.26666259765625,174.23333740234375,174.6666717529297,17825014
2016-10-05,105.88998413085938,177.76666259765625,183.5,177.10000610351562,182.6666717529297,9426820
2016-10-06,106.88277435302734,179.43333435058594,182.3000030517578,177.3333282470703,179.3333282470703,9511054
2016-10-07,106.16793823242188,178.23333740234375,182.46665954589844,177.8000030517578,180.26666259765625,11598678
2016-10-10,106.00911712646484,177.96665954589844,180.0,175.6999969482422,179.60000610351562,7032378
2016-10-13,108.31237030029297,181.8333282470703,183.26666259765625,176.8333282470703,178.93333435058594,14122951
2016-10-14,110.01996612548828,184.6999969482422,186.13333129882812,181.1999969482422,182.6666717529297,9532546
2016-10-17,110.57592010498047,185.63333129882812,186.6666717529297,183.6999969482422,184.6999969482422,7432578
2016-10-18,109.80152893066406,184.3333282470703,187.3333282470703,183.10000610351562,186.13333129882812,7430623
2016-10-19,110.61565399169922,185.6999969482422,186.93333435058594,184.26666259765625,184.6666717529297,7137429
2016-10-20,111.72752380371094,187.56666564941406,188.76666259765625,185.36666870117188,187.26666259765625,6078450
2016-10-21,111.11202239990234,186.53334045410156,187.36666870117188,184.03334045410156,187.3333282470703,3639472
2016-10-24,116.09576416015625,194.89999389648438,195.76666259765625,185.6666717529297,186.6999969482422,15753549
2016-10-25,114.66620635986328,192.5,195.8000030517578,191.73333740234375,195.3333282470703,11650041
2016-10-26,115.2022705078125,193.39999389648438,195.23333740234375,190.86666870117188,192.3333282470703,6344125
2016-10-27,115.48027801513672,193.86666870117188,198.26666259765625,189.39999389648438,194.6666717529297,24448257
2016-10-28,113.9315185546875,191.26666259765625,196.3000030517578,190.53334045410156,195.3000030517578,10070332
2016-11-01,114.82501220703125,192.76666259765625,193.53334045410156,187.86666870117188,193.53334045410156,11064357
2016-11-02,110.09939575195312,184.8333282470703,190.53334045410156,183.8333282470703,190.0,14774770
2016-11-03,108.00031280517578,178.36666870117188,182.6666717529297,178.0,182.43333435058594,10778124
2016-11-04,108.7874755859375,179.6666717529297,181.3000030517578,176.6666717529297,178.53334045410156,7203463
2016-11-07,107.85903930664062,178.13333129882812,182.6666717529297,177.56666564941406,182.0,4419261
2016-11-08,109.23147583007812,180.39999389648438,181.13333129882812,176.89999389648438,178.93333435058594,5654563
2016-11-09,108.94892883300781,179.93333435058594,180.6666717529297,166.6666717529297,168.13333129882812,7471795
2016-11-10,111.41130065917969,184.0,186.3000030517578,180.8000030517578,182.0,5849239
2016-11-11,110.3819580078125,182.3000030517578,185.86666870117188,180.06666564941406,182.0,6617526
2016-11-15,111.24981689453125,183.73333740234375,190.96665954589844,179.6666717529297,180.1666717529297,12179968
2016-11-16,109.95809936523438,181.60000610351562,189.73333740234375,180.73333740234375,186.0,8986996
2016-11-17,110.30120849609375,182.1666717529297,185.3333282470703,180.13333129882812,180.8333282470703,5879166
2016-11-18,111.04800415039062,183.39999389648438,185.1666717529297,182.3000030517578,182.3000030517578,6513859
2016-11-21,111.43148803710938,184.03334045410156,185.46665954589844,181.76666259765625,183.73333740234375,7038115
2016-11-22,112.17825317382812,185.26666259765625,189.0,183.39999389648438,187.3000030517578,8852827
2016-11-23,112.98558807373047,186.60000610351562,187.63333129882812,184.0,186.0,6432657
2016-11-24,111.9158706665039,184.8333282470703,187.8000030517578,183.39999389648438,186.6666717529297,7236183
2016-11-25,111.9966049194336,184.96665954589844,186.56666564941406,183.60000610351562,184.5,4391635
2016-11-28,114.6406021118164,189.3333282470703,190.3333282470703,183.03334045410156,183.53334045410156,6170169
2016-11-29,114.96350860595703,189.86666870117188,191.86666870117188,187.53334045410156,189.5,6467512
2016-11-30,116.61856079101562,192.60000610351562,194.13333129882812,188.43333435058594,189.3333282470703,10633435
2016-12-01,117.93045043945312,194.76666259765625,199.06666564941406,194.0,196.6666717529297,12753523
2016-12-02,117.56715393066406,194.1666717529297,197.1999969482422,193.60000610351562,195.8000030517578,7668508
2016-12-05,119.24234771728516,196.93333435058594,197.76666259765625,192.8000030517578,192.8000030517578,5358345
2016-12-06,120.59466552734375,199.1666717529297,199.8333282470703,197.76666259765625,198.1999969482422,6281910
2016-12-07,119.92860412597656,198.06666564941406,200.3000030517578,197.46665954589844,199.93333435058594,6324726
2016-12-08,122.43132019042969,202.1999969482422,202.93333435058594,198.6999969482422,198.6999969482422,7229704
2016-12-09,123.84415435791016,204.53334045410156,205.1999969482422,202.73333740234375,202.76666259765625,5012332
2016-12-12,125.72119140625,207.63333129882812,209.73333740234375,206.6666717529297,206.6666717529297,7390621
2016-12-13,125.94319152832031,208.0,209.3000030517578,205.8333282470703,209.3000030517578,11867766
2016-12-14,123.23865509033203,203.53334045410156,207.63333129882812,202.73333740234375,206.76666259765625,14303529
2016-12-15,125.00466918945312,206.4499969482422,208.60000610351562,201.35000610351562,202.8000030517578,10011138
2016-12-16,122.12860107421875,201.6999969482422,207.9499969482422,200.8000030517578,207.6999969482422,6046045
2016-12-19,121.94693756103516,201.39999389648438,203.39999389648438,200.10000610351562,203.10000610351562,6134651
2016-12-20,121.00843048095703,199.85000610351562,201.4499969482422,197.5,201.39999389648438,4487663
2016-12-21,122.00745391845703,201.5,202.35000610351562,199.64999389648438,200.60000610351562,4699901
2016-12-22,118.01118469238281,194.89999389648438,200.89999389648438,194.10000610351562,200.89999389648438,5073928
2016-12-23,116.83050537109375,192.9499969482422,197.25,192.5,196.9499969482422,5637468
2016-12-26,114.43878173828125,189.0,192.75,188.14999389648438,192.0,4468708
2016-12-27,115.2259521484375,190.3000030517578,190.89999389648438,187.6999969482422,190.0,4972743
2016-12-28,114.98371124267578,189.89999389648438,192.10000610351562,189.25,189.5,4245082
2016-12-29,116.01305389404297,191.60000610351562,193.75,189.9499969482422,190.0,13079156
2016-12-30,115.86167907714844,191.35000610351562,193.35000610351562,190.25,192.6999969482422,3664012
2017-01-02,116.4066390991211,192.25,193.0,191.35000610351562,191.8000030517578,2690448
2017-01-03,116.55799102783203,192.5,193.75,191.14999389648438,193.39999389648438,4764310
2017-01-04,117.95063781738281,194.8000030517578,196.75,192.10000610351562,193.5,7507779
2017-01-05,120.88729095458984,199.64999389648438,200.25,195.3000030517578,195.3000030517578,6831388
2017-01-06,122.64323425292969,202.5500030517578,206.9499969482422,200.0,200.0,8399536
2017-01-09,119.88824462890625,198.0,204.9499969482422,197.10000610351562,203.9499969482422,4783989
2017-01-10,120.16071319580078,198.4499969482422,203.0,197.6999969482422,198.89999389648438,6865373
2017-01-11,119.6762924194336,197.64999389648438,200.0,197.3000030517578,198.60000610351562,3657809
2017-01-12,120.82673645019531,199.5500030517578,201.6999969482422,198.5,198.5,7180398
2017-01-13,121.88638305664062,201.3000030517578,203.9499969482422,200.0500030517578,203.0,7173268
2017-01-16,120.10013580322266,198.35000610351562,201.8000030517578,198.0500030517578,201.0,4070898
2017-01-17,117.95063781738281,194.8000030517578,199.64999389648438,193.0,199.0,4631529
2017-01-18,119.88824462890625,198.0,198.39999389648438,193.75,195.5,9444964
2017-01-19,121.61389923095703,200.85000610351562,201.4499969482422,196.85000610351562,197.85000610351562,11378619
2017-01-20,119.4643783569336,197.3000030517578,202.0,195.4499969482422,200.85000610351562,7834336
2017-01-23,121.03865814208984,199.89999389648438,201.8000030517578,197.3000030517578,197.3000030517578,5350419
2017-01-24,122.06803131103516,201.60000610351562,202.1999969482422,199.35000610351562,201.14999389648438,3600754
2017-01-25,124.06615447998047,204.89999389648438,205.6999969482422,201.9499969482422,201.9499969482422,11413512
2017-01-27,123.82396697998047,204.5,208.0,203.14999389648438,206.0,5089894
2017-01-30,122.21940612792969,201.85000610351562,205.4499969482422,200.8000030517578,204.5,4594038
2017-01-31,122.64323425292969,202.5500030517578,211.8000030517578,201.0,210.0,39669868
2017-02-01,121.22032928466797,200.1999969482422,205.0,199.5,203.0,11271144
2017-02-02,121.61389923095703,200.85000610351562,204.5,200.39999389648438,201.0,8549969
2017-02-03,121.6744613647461,200.9499969482422,203.1999969482422,200.5500030517578,201.6999969482422,4940894
2017-02-06,120.49374389648438,199.0,202.85000610351562,198.75,202.8000030517578,5926274
2017-02-07,118.3808822631836,193.3000030517578,199.5,192.64999389648438,198.0,10805646
2017-02-08,119.05452728271484,194.39999389648438,196.0,192.5500030517578,194.0,7106853
2017-02-09,118.13591766357422,192.89999389648438,196.1999969482422,192.4499969482422,195.4499969482422,6092204
2017-02-10,118.59519958496094,193.64999389648438,195.4499969482422,193.10000610351562,194.0,6287846
2017-02-13,117.73785400390625,192.25,194.5,190.8000030517578,194.3000030517578,4083916
2017-02-14,119.85069274902344,195.6999969482422,196.1999969482422,191.85000610351562,193.0,7785934
2017-02-15,119.3913803100586,194.9499969482422,197.8000030517578,194.14999389648438,195.89999389648438,5793110
2017-02-16,118.8708267211914,194.10000610351562,196.3000030517578,193.75,196.0500030517578,3343438
2017-02-17,119.05452728271484,194.39999389648438,195.1999969482422,193.5,195.0,3230898
2017-02-20,119.605712890625,195.3000030517578,196.1999969482422,192.25,194.6999969482422,8954741
2017-02-21,120.18753051757812,196.25,196.75,194.5,195.75,3280290
2017-02-22,119.78948211669922,195.60000610351562,198.5,195.10000610351562,198.0,5671343
2017-02-23,120.034423828125,196.0,197.60000610351562,194.35000610351562,195.89999389648438,20504597
2017-02-27,119.23827362060547,194.6999969482422,198.0,193.8000030517578,197.0,7881156
2017-02-28,118.53398895263672,193.5500030517578,197.3000030517578,192.64999389648438,197.10000610351562,10367585
2017-03-01,118.71772766113281,193.85000610351562,196.6999969482422,193.39999389648438,196.6999969482422,11243767
2017-03-02,118.01343536376953,192.6999969482422,194.89999389648438,192.14999389648438,194.8000030517578,6978509
2017-03-03,118.22781372070312,193.0500030517578,193.5,191.60000610351562,192.35000610351562,4294857
2017-03-06,118.68709564208984,193.8000030517578,194.75,193.0,193.5,3847930
2017-03-07,120.27938842773438,196.39999389648438,196.9499969482422,193.5,194.0,7768654
2017-03-08,118.16653442382812,192.9499969482422,197.1999969482422,192.3000030517578,197.0,6553289
2017-03-09,116.14555358886719,189.64999389648438,191.6999969482422,189.10000610351562,191.5,6323875
2017-03-10,117.33975982666016,191.60000610351562,192.4499969482422,188.3000030517578,189.6999969482422,7822853
2017-03-14,117.52349853515625,191.89999389648438,194.60000610351562,191.5,194.60000610351562,8850096
2017-03-15,116.78856658935547,190.6999969482422,192.9499969482422,190.5,191.3000030517578,4219974
2017-03-16,117.46229553222656,191.8000030517578,193.60000610351562,191.25,193.0,6732778
2017-03-17,116.35990142822266,190.0,192.39999389648438,189.4499969482422,192.0,7462534
2017-03-20,116.88046264648438,190.85000610351562,191.6999969482422,189.6999969482422,190.0500030517578,5070076
2017-03-21,118.8401870727539,194.0500030517578,194.4499969482422,191.0,191.0,6715278
2017-03-22,117.89094543457031,192.5,193.89999389648438,191.0,192.5,4960436
2017-03-23,118.56458282470703,193.60000610351562,194.5,192.75,193.5500030517578,4208188
2017-03-24,117.52349853515625,191.89999389648438,193.39999389648438,191.35000610351562,193.35000610351562,9289757
2017-03-27,115.68621063232422,188.89999389648438,192.0,188.5,191.8000030517578,4780041
2017-03-28,114.46139526367188,186.89999389648438,190.0,186.3000030517578,189.6999969482422,9790503
2017-03-29,114.49200439453125,186.9499969482422,188.10000610351562,186.39999389648438,187.89999389648438,9676087
2017-03-30,112.62409973144531,183.89999389648438,188.25,183.0,187.0500030517578,14882692
2017-03-31,113.29779052734375,185.0,186.3000030517578,184.1999969482422,184.89999389648438,8217678
2017-04-03,113.7877197265625,185.8000030517578,186.35000610351562,184.8000030517578,185.1999969482422,4802523
2017-04-05,114.0633316040039,186.25,186.6999969482422,184.75,186.35000610351562,6772865
2017-04-06,114.85945129394531,187.5500030517578,188.10000610351562,185.1999969482422,186.0,7216198
2017-04-07,114.15518188476562,186.39999389648438,188.4499969482422,185.64999389648438,187.75,8049423
2017-04-10,114.18580627441406,186.4499969482422,187.75,186.1999969482422,187.3000030517578,3953031
2017-04-11,115.043212890625,187.85000610351562,188.39999389648438,186.85000610351562,187.60000610351562,7982429
2017-04-12,114.33890533447266,186.6999969482422,188.6999969482422,185.75,188.0500030517578,4050669
2017-04-13,113.1753158569336,184.8000030517578,187.3000030517578,184.35000610351562,187.0,3338347
2017-04-17,112.13419342041016,183.10000610351562,185.39999389648438,182.5,185.39999389648438,3070001
2017-04-18,110.8175048828125,180.9499969482422,184.39999389648438,180.5,183.35000610351562,3358340
2017-04-19,110.14382934570312,179.85000610351562,181.9499969482422,179.1999969482422,181.0,4198156
2017-04-20,109.68452453613281,179.10000610351562,183.39999389648438,178.5,181.14999389648438,9102962
2017-04-21,110.38880157470703,180.25,182.0500030517578,179.6999969482422,180.10000610351562,4117134
2017-04-24,111.1236801147461,181.4499969482422,182.1999969482422,180.5,180.5,4311732
2017-04-25,111.15431213378906,181.5,182.4499969482422,180.4499969482422,182.39999389648438,5784684
2017-04-26,110.29692077636719,180.10000610351562,181.8000030517578,179.8000030517578,181.60000610351562,4850265
2017-04-27,109.68452453613281,179.10000610351562,180.8000030517578,178.3000030517578,180.6999969482422,7471812
2017-04-28,114.24702453613281,186.5500030517578,187.14999389648438,179.39999389648438,180.0,10789077
2017-05-02,117.82970428466797,192.39999389648438,193.89999389648438,187.64999389648438,188.0,17143827
2017-05-03,117.03353881835938,191.10000610351562,194.75,190.64999389648438,193.9499969482422,6245067
2017-05-04,115.68621063232422,188.89999389648438,192.4499969482422,188.39999389648438,192.0,4432281
2017-05-05,112.56287384033203,183.8000030517578,188.60000610351562,182.25,188.5,8117137
2017-05-08,113.87958526611328,185.9499969482422,188.1999969482422,184.0,184.60000610351562,5592129
2017-05-09,113.9714584350586,186.10000610351562,187.75,185.5,186.89999389648438,4713977
2017-05-10,115.10443115234375,187.9499969482422,188.4499969482422,185.60000610351562,186.9499969482422,4038348
2017-05-11,112.44041442871094,183.60000610351562,190.25,183.10000610351562,189.10000610351562,10796830
2017-05-12,113.20592498779297,184.85000610351562,186.39999389648438,184.0,184.75,6242350
2017-05-15,114.3695297241211,186.75,188.3000030517578,186.14999389648438,187.3000030517578,5766195
2017-05-16,113.3896484375,185.14999389648438,187.5,184.60000610351562,187.4499969482422,6960470
2017-05-17,112.9916000366211,184.5,186.64999389648438,183.89999389648438,185.1999969482422,6074714
2017-05-18,110.786865234375,180.89999389648438,184.39999389648438,180.5,184.39999389648438,4628258
2017-05-19,110.26634979248047,180.0500030517578,182.64999389648438,179.14999389648438,181.89999389648438,5853904
2017-05-22,108.49028015136719,177.14999389648438,181.60000610351562,176.60000610351562,181.0500030517578,5558525
2017-05-23,106.95923614501953,174.64999389648438,177.89999389648438,173.6999969482422,177.89999389648438,5162996
2017-05-24,106.37742614746094,173.6999969482422,176.25,172.89999389648438,174.3000030517578,6540417
2017-05-25,106.65302276611328,174.14999389648438,175.64999389648438,173.5,174.8000030517578,8230189
2017-05-26,107.63292694091797,175.75,177.5,174.3000030517578,174.6999969482422,6460263
2017-05-29,107.63292694091797,175.75,177.3000030517578,171.1999969482422,174.5,6629243
2017-05-30,109.4089126586914,178.64999389648438,179.35000610351562,173.10000610351562,175.10000610351562,6532975
2017-05-31,108.39842987060547,177.0,178.5500030517578,175.25,178.5500030517578,10715866
2017-06-01,106.56117248535156,174.0,176.89999389648438,172.60000610351562,176.89999389648438,8676208
2017-06-02,106.56117248535156,174.0,175.4499969482422,173.10000610351562,174.89999389648438,4039371
2017-06-05,107.63292694091797,175.75,178.5,174.10000610351562,174.35000610351562,5836542
2017-06-06,104.99948120117188,171.4499969482422,176.0,171.10000610351562,176.0,6437174
2017-06-07,105.36695861816406,172.0500030517578,174.0,171.5,171.5,7404338
2017-06-08,104.4483413696289,170.5500030517578,171.6999969482422,169.0,171.25,5798852
2017-06-09,103.62154388427734,169.1999969482422,171.25,167.8000030517578,171.0500030517578,6859186
2017-06-12,103.19287109375,168.5,170.5,168.14999389648438,169.5,4382264
2017-06-13,103.56028747558594,169.10000610351562,169.75,167.85000610351562,169.10000610351562,5988071
2017-06-14,103.80528259277344,169.5,170.0500030517578,168.14999389648438,169.1999969482422,5698882
2017-06-15,102.36608123779297,167.14999389648438,170.89999389648438,166.8000030517578,170.0500030517578,8396153
2017-06-16,102.36608123779297,167.14999389648438,167.89999389648438,165.85000610351562,166.5,9457498
2017-06-19,101.6924057006836,166.0500030517578,167.8000030517578,164.60000610351562,167.5,5175569
2017-06-20,103.56028747558594,169.10000610351562,170.35000610351562,165.8000030517578,167.0,6212122
2017-06-21,100.92689514160156,164.8000030517578,168.4499969482422,164.35000610351562,168.1999969482422,8411843
2017-06-22,98.26286315917969,160.4499969482422,165.14999389648438,160.0500030517578,164.8000030517578,8856235
2017-06-23,96.82367706298828,158.10000610351562,161.35000610351562,157.3000030517578,161.1999969482422,4803636
2017-06-27,97.9566650390625,159.9499969482422,160.85000610351562,155.1999969482422,158.9499969482422,7105195
2017-06-28,96.82367706298828,158.10000610351562,161.4499969482422,157.5,161.0500030517578,7419236
2017-06-29,96.67057037353516,157.85000610351562,160.9499969482422,157.25,159.8000030517578,8800016
2017-06-30,96.33372497558594,157.3000030517578,158.8000030517578,156.3000030517578,157.8000030517578,5746101
2017-07-03,97.43609619140625,159.10000610351562,159.5,155.89999389648438,157.39999389648438,6622621
2017-07-04,97.92604064941406,159.89999389648438,161.75,159.0,159.5,5371351
2017-07-05,99.7020492553711,162.8000030517578,163.5,159.9499969482422,160.39999389648438,5605189
2017-07-06,99.02838897705078,161.6999969482422,163.39999389648438,160.10000610351562,162.8000030517578,7115526
2017-07-07,97.74231719970703,159.60000610351562,162.0,159.10000610351562,161.5,5247930
2017-07-10,99.45706176757812,162.39999389648438,163.1999969482422,161.0,161.25,1376868
2017-07-11,98.1403579711914,160.25,163.39999389648438,160.0,162.5500030517578,7988251
2017-07-12,99.732666015625,162.85000610351562,165.89999389648438,161.0500030517578,161.0500030517578,12966188
2017-07-13,97.31359100341797,158.89999389648438,164.10000610351562,158.60000610351562,164.10000610351562,9072801
2017-07-14,96.97679901123047,158.35000610351562,160.0500030517578,157.64999389648438,159.5,7114944
2017-07-17,98.01790618896484,160.0500030517578,160.89999389648438,158.8000030517578,160.0,6649645
2017-07-18,99.02838897705078,161.6999969482422,162.0,159.39999389648438,160.5,5319994
2017-07-19,99.82455444335938,163.0,163.5,159.8000030517578,162.0500030517578,9814913
2017-07-20,101.5699462890625,165.85000610351562,167.85000610351562,162.10000610351562,162.1999969482422,16154989
2017-07-21,100.65129089355469,164.35000610351562,166.60000610351562,163.60000610351562,166.4499969482422,7090770
2017-07-24,99.9776382446289,163.25,165.0,161.6999969482422,165.0,10394896
2017-07-25,100.00823211669922,163.3000030517578,163.8000030517578,161.75,163.5,6521103
2017-07-26,100.43695831298828,164.0,164.60000610351562,163.39999389648438,164.25,9143178
2017-07-27,99.76329803466797,162.89999389648438,165.0,162.0,165.0,12361923
2017-07-28,100.89627075195312,164.75,165.5,160.25,161.60000610351562,10303502
2017-07-31,103.7440185546875,169.39999389648438,170.0,165.0,165.0,13899095
2017-08-01,102.5191879272461,167.39999389648438,170.3000030517578,166.8000030517578,170.25,6705176
2017-08-02,101.29435729980469,165.39999389648438,167.5,164.10000610351562,167.5,7743355
2017-08-03,101.4780502319336,165.6999969482422,166.75,163.14999389648438,165.0,6902925
2017-08-04,101.90679931640625,166.39999389648438,167.3000030517578,163.60000610351562,165.5,6316753
2017-08-07,101.60054779052734,165.89999389648438,167.0500030517578,165.10000610351562,166.0,3289743
2017-08-08,100.43695831298828,164.0,166.3000030517578,162.5,165.9499969482422,5981069
2017-08-09,101.4780502319336,165.6999969482422,166.1999969482422,162.5,163.8000030517578,5908883
2017-08-10,100.25321960449219,163.6999969482422,165.60000610351562,162.14999389648438,164.5,8412268
2017-08-11,97.7729263305664,159.64999389648438,162.0,158.5,161.5500030517578,5471462
2017-08-14,99.02838897705078,161.6999969482422,162.3000030517578,160.0,160.3000030517578,3892174
2017-08-16,98.5690689086914,160.9499969482422,161.75,159.5,161.6999969482422,6213088
2017-08-17,98.35472869873047,160.60000610351562,161.64999389648438,160.0,160.85000610351562,5184915
2017-08-18,98.5384292602539,160.89999389648438,161.64999389648438,159.5,160.10000610351562,5559512
2017-08-21,96.24188232421875,157.14999389648438,164.5500030517578,156.39999389648438,161.4499969482422,11137965
2017-08-22,97.65045928955078,159.4499969482422,160.39999389648438,157.5,158.0,5611720
2017-08-23,97.80355834960938,159.6999969482422,160.75,159.25,160.39999389648438,2344934
2017-08-24,97.65045928955078,159.4499969482422,160.39999389648438,159.0500030517578,160.39999389648438,3724532
2017-08-28,98.35472869873047,160.60000610351562,161.39999389648438,159.60000610351562,160.39999389648438,3680139
2017-08-29,96.30313110351562,157.25,160.0,157.0,160.0,7756416
2017-08-30,97.00740051269531,158.39999389648438,159.10000610351562,157.64999389648438,158.39999389648438,5219322
2017-08-31,96.119384765625,156.9499969482422,160.64999389648438,156.0500030517578,160.60000610351562,16715886
2017-09-01,97.9566650390625,159.9499969482422,160.39999389648438,157.3000030517578,158.0,6511029
2017-09-04,99.08964538574219,161.8000030517578,162.3000030517578,159.10000610351562,160.39999389648438,4859269
2017-09-05,99.7020492553711,162.8000030517578,163.64999389648438,161.39999389648438,163.0,5823055
2017-09-06,99.39583587646484,162.3000030517578,163.8000030517578,161.89999389648438,162.39999389648438,3791076
2017-09-07,99.39583587646484,162.3000030517578,163.1999969482422,161.60000610351562,163.1999969482422,9101357
2017-09-08,99.1202392578125,161.85000610351562,163.3000030517578,159.35000610351562,162.39999389648438,10505052
2017-09-11,99.85517883300781,163.0500030517578,163.89999389648438,161.0,162.3000030517578,9449161
2017-09-12,99.39583587646484,162.3000030517578,163.5,161.5,163.10000610351562,10536298
2017-09-13,98.63032531738281,161.0500030517578,162.8000030517578,160.85000610351562,162.10000610351562,7006941
2017-09-14,97.58919525146484,159.35000610351562,162.5,158.25,161.5,15371676
2017-09-15,102.12110900878906,166.75,167.85000610351562,159.0,159.5,25453536
2017-09-18,101.17184448242188,165.1999969482422,167.9499969482422,164.8000030517578,167.0500030517578,8383548
2017-09-19,101.60054779052734,165.89999389648438,166.5500030517578,163.75,163.8000030517578,7052113
2017-09-20,102.7029037475586,167.6999969482422,170.89999389648438,164.5,167.0,12062311
2017-09-21,102.0875473022461,165.89999389648438,168.1999969482422,163.75,167.6999969482422,7198883
2017-09-22,101.19526672363281,164.4499969482422,165.3000030517578,163.3000030517578,165.3000030517578,10308999
2017-09-25,101.4106674194336,164.8000030517578,165.3000030517578,161.0500030517578,163.89999389648438,8935570
2017-09-26,105.47201538085938,171.39999389648438,172.5,166.10000610351562,166.10000610351562,19866213
2017-09-27,104.73358154296875,170.1999969482422,173.0500030517578,169.64999389648438,172.0500030517578,7437060
2017-09-28,105.56432342529297,171.5500030517578,173.35000610351562,166.75,169.25,14120709
2017-09-29,105.19510650634766,170.9499969482422,174.35000610351562,170.0,171.8000030517578,6418518
2017-10-03,105.010498046875,170.64999389648438,174.0500030517578,170.0,174.0,5604933
2017-10-04,105.90279388427734,172.10000610351562,172.8000030517578,170.10000610351562,170.75,5087199
2017-10-05,105.34894561767578,171.1999969482422,172.6999969482422,170.8000030517578,172.6999969482422,3767993
2017-10-06,106.9796371459961,173.85000610351562,174.6999969482422,171.5,171.8000030517578,6144349
2017-10-09,105.04124450683594,170.6999969482422,173.4499969482422,170.39999389648438,173.39999389648438,2981922
2017-10-10,104.82588958740234,170.35000610351562,172.14999389648438,169.10000610351562,171.0,3112910
2017-10-11,104.08747863769531,169.14999389648438,172.14999389648438,168.0,171.39999389648438,4202871
2017-10-12,104.4259033203125,169.6999969482422,170.60000610351562,167.75,169.6999969482422,4877955
2017-10-13,104.3951416015625,169.64999389648438,170.35000610351562,168.3000030517578,169.14999389648438,5190805
2017-10-16,105.87200927734375,172.0500030517578,172.89999389648438,170.0500030517578,170.4499969482422,5054731
2017-10-17,105.34894561767578,171.1999969482422,172.0,170.0,171.14999389648438,6819547
2017-10-18,107.34886169433594,174.4499969482422,174.9499969482422,170.5,171.0,7869107
2017-10-19,105.87200927734375,172.0500030517578,175.5,171.3000030517578,175.0,1215089
2017-10-23,105.6566162109375,171.6999969482422,173.39999389648438,170.5500030517578,172.89999389648438,4126469
2017-10-24,108.30265808105469,176.0,177.25,171.0500030517578,171.5,10817861
2017-10-25,108.82572937011719,176.85000610351562,178.3000030517578,175.5500030517578,177.9499969482422,6103342
2017-10-26,109.13339233398438,177.35000610351562,180.0,175.89999389648438,176.4499969482422,15326252
2017-10-27,113.22551727294922,184.0,184.89999389648438,177.1999969482422,177.89999389648438,9866477
2017-10-30,114.82543182373047,186.60000610351562,191.35000610351562,186.0,188.0,16606395
2017-10-31,117.59451293945312,191.10000610351562,192.0,184.60000610351562,186.39999389648438,10698129
2017-11-01,117.5329818725586,191.0,193.1999969482422,190.10000610351562,192.0,5341109
2017-11-02,115.68694305419922,188.0,192.1999969482422,187.5500030517578,191.0,4024181
2017-11-03,119.9704818725586,191.85000610351562,192.39999389648438,186.0,187.14999389648438,7942915
2017-11-06,124.59795379638672,199.25,200.4499969482422,191.10000610351562,192.85000610351562,16363370
2017-11-07,121.18988800048828,193.8000030517578,205.5,192.89999389648438,202.5,20559837
2017-11-08,120.40819549560547,192.5500030517578,195.6999969482422,191.0,195.0,6275377
2017-11-09,118.56346130371094,189.60000610351562,195.0,185.85000610351562,193.9499969482422,7527346
2017-11-10,119.50144958496094,191.10000610351562,192.64999389648438,188.35000610351562,190.0,6035746
2017-11-13,115.18666076660156,184.1999969482422,190.3000030517578,183.5500030517578,189.9499969482422,6894203
2017-11-14,113.81092071533203,182.0,185.10000610351562,181.35000610351562,184.89999389648438,4663077
2017-11-15,111.0281753540039,177.5500030517578,181.39999389648438,175.8000030517578,180.60000610351562,7701984
2017-11-16,112.02873992919922,179.14999389648438,182.64999389648438,177.10000610351562,182.5,7245718
2017-11-17,111.05945587158203,177.60000610351562,183.5,177.1999969482422,182.39999389648438,6851616
2017-11-20,112.56026458740234,180.0,180.4499969482422,177.6999969482422,178.6999969482422,4004561
2017-11-21,113.12305450439453,180.89999389648438,182.0,178.1999969482422,180.89999389648438,5170506
2017-11-22,113.37317657470703,181.3000030517578,182.75,180.0,181.1999969482422,3217008
2017-11-23,113.62330627441406,181.6999969482422,182.75,180.5,181.89999389648438,3511238
2017-11-24,113.18556213378906,181.0,182.60000610351562,180.39999389648438,182.5,2358579
2017-11-27,115.09286499023438,184.0500030517578,184.4499969482422,181.5500030517578,182.35000610351562,6930971
2017-11-28,113.34192657470703,181.25,183.6999969482422,180.0,183.3000030517578,10710188
2017-11-29,114.0923080444336,182.4499969482422,184.25,181.0,181.0,5407391
2017-11-30,112.96672058105469,180.64999389648438,182.0,179.4499969482422,181.0,9645385
2017-12-01,112.34137725830078,179.64999389648438,183.10000610351562,179.0,182.0,3451636
2017-12-04,113.56080627441406,181.60000610351562,183.8000030517578,180.85000610351562,181.25,6347567
2017-12-05,111.55968475341797,178.39999389648438,180.6999969482422,177.3000030517578,180.10000610351562,4550575
2017-12-06,109.96512603759766,175.85000610351562,179.1999969482422,175.39999389648438,178.39999389648438,4194219
2017-12-07,110.71550750732422,177.0500030517578,177.35000610351562,175.35000610351562,175.5500030517578,4373514
2017-12-08,112.71660614013672,180.25,181.39999389648438,177.4499969482422,177.5,4832733
2017-12-11,111.87239074707031,178.89999389648438,181.9499969482422,177.6999969482422,181.9499969482422,2310668
2017-12-12,114.62384796142578,183.3000030517578,184.1999969482422,180.1999969482422,180.39999389648438,6983526
2017-12-13,114.99903869628906,183.89999389648438,187.0,183.10000610351562,183.6999969482422,11488267
2017-12-14,115.28046417236328,184.35000610351562,186.6999969482422,182.39999389648438,185.9499969482422,5885128
2017-12-15,114.4362564086914,183.0,186.10000610351562,182.3000030517578,185.14999389648438,7297568
2017-12-18,114.46751403808594,183.0500030517578,183.89999389648438,177.0,183.0,4785160
2017-12-19,115.8119888305664,185.1999969482422,186.0,183.0,183.0500030517578,4240135
2017-12-20,117.56294250488281,188.0,191.10000610351562,187.5,190.6999969482422,8877376
2017-12-21,117.56294250488281,188.0,189.60000610351562,187.10000610351562,188.89999389648438,3893100
2017-12-22,120.93975067138672,193.39999389648438,193.8000030517578,187.75,188.6999969482422,8914713
2017-12-26,121.12732696533203,193.6999969482422,197.14999389648438,192.6999969482422,194.85000610351562,11345494
2017-12-27,120.4394760131836,192.60000610351562,196.0,191.35000610351562,195.3000030517578,7260402
2017-12-28,120.6895980834961,193.0,194.39999389648438,192.0500030517578,193.14999389648438,12772109
2017-12-29,122.0653305053711,195.1999969482422,195.89999389648438,192.5,194.0,5899591
2018-01-01,120.28314208984375,192.35000610351562,195.6999969482422,192.0,195.1999969482422,5899565
2018-01-02,123.09715270996094,196.85000610351562,197.5,195.0,195.75,12878378
2018-01-03,120.97098541259766,193.4499969482422,197.39999389648438,193.0,197.39999389648438,8032715
2018-01-04,124.75423431396484,199.5,200.0,195.1999969482422,195.3000030517578,12740860
2018-01-05,124.09768676757812,198.4499969482422,200.9499969482422,196.3000030517578,200.9499969482422,6812787
2018-01-08,123.4410629272461,197.39999389648438,199.89999389648438,196.6999969482422,198.0,4858711
2018-01-09,123.19093322753906,197.0,199.0,196.5,198.5,4598757
2018-01-10,123.75373840332031,197.89999389648438,200.0,197.25,198.3000030517578,7673209
2018-01-11,123.75373840332031,197.89999389648438,199.6999969482422,197.0,198.0,5701402
2018-01-12,125.53594970703125,200.75,201.9499969482422,197.64999389648438,198.89999389648438,9291346
2018-01-15,122.94081115722656,196.60000610351562,200.35000610351562,196.0,199.5,4500523
2018-01-16,123.31603240966797,197.1999969482422,198.25,195.0,197.60000610351562,5778244
2018-01-17,122.37799835205078,195.6999969482422,198.64999389648438,194.10000610351562,196.3000030517578,6306388
2018-01-18,121.37747955322266,194.10000610351562,197.5,193.25,196.39999389648438,6247782
2018-01-19,121.12732696533203,193.6999969482422,196.14999389648438,192.0,194.14999389648438,5046015
2018-01-22,125.50469207763672,200.6999969482422,205.9499969482422,198.0,198.0,23165754
2018-01-23,129.66317749023438,207.35000610351562,208.6999969482422,200.39999389648438,202.0,15755015
2018-01-24,131.85183715820312,210.85000610351562,212.0,208.0,209.1999969482422,16132441
2018-01-25,130.38229370117188,208.5,212.85000610351562,207.10000610351562,212.39999389648438,10247173
2018-01-29,128.28741455078125,205.14999389648438,208.4499969482422,204.25,208.0,7620080
2018-01-30,128.0685577392578,204.8000030517578,208.0,203.5,203.85000610351562,7323876
2018-01-31,127.2243423461914,203.4499969482422,204.60000610351562,198.8000030517578,203.0,11990243
2018-02-01,121.87773895263672,194.89999389648438,207.0500030517578,194.0,204.0500030517578,10015459
2018-02-02,120.50202178955078,192.6999969482422,197.75,188.0,194.0,12239774
2018-02-05,118.03191375732422,188.75,192.4499969482422,188.0,192.39999389648438,7607002
2018-02-06,115.96834564208984,185.4499969482422,187.0,180.10000610351562,182.0,5935676
2018-02-07,118.81360626220703,190.0,191.5,187.0,188.0500030517578,8644010
2018-02-08,118.00067138671875,188.6999969482422,191.60000610351562,188.0,190.0,4540513
2018-02-09,117.1564712524414,187.35000610351562,190.1999969482422,184.60000610351562,187.39999389648438,7314145
2018-02-12,119.43893432617188,191.0,194.5,190.35000610351562,192.0,14960914
2018-02-14,116.15593719482422,185.75,192.0,184.3000030517578,191.0,4960527
2018-02-15,117.75053405761719,188.3000030517578,189.0,185.0,187.10000610351562,5046557
2018-02-16,116.87507629394531,186.89999389648438,189.3000030517578,186.5,187.60000610351562,4167034
2018-02-19,115.87454223632812,185.3000030517578,187.39999389648438,181.85000610351562,187.39999389648438,4265576
2018-02-20,116.93756866455078,187.0,188.5,184.8000030517578,185.8000030517578,5328584
2018-02-21,118.90740203857422,190.14999389648438,190.8000030517578,184.6999969482422,188.0,4651807
2018-02-22,116.37480926513672,186.10000610351562,188.39999389648438,185.25,187.5,8629189
2018-02-23,118.68855285644531,189.8000030517578,190.85000610351562,186.5,187.0500030517578,4880302
2018-02-26,119.03247833251953,190.35000610351562,191.9499969482422,189.5,190.35000610351562,2721955
2018-02-27,117.87560272216797,188.5,194.35000610351562,186.10000610351562,191.0,6611097
2018-02-28,117.75053405761719,188.3000030517578,190.1999969482422,186.3000030517578,187.6999969482422,6147245
2018-03-01,118.62599182128906,189.6999969482422,190.1999969482422,187.35000610351562,187.89999389648438,3450224
2018-03-05,116.0308609008789,185.5500030517578,189.39999389648438,184.1999969482422,189.0,5082390
2018-03-06,115.93705749511719,185.39999389648438,186.89999389648438,184.5,186.5,2906142
2018-03-07,113.49825286865234,181.5,185.25,178.8000030517578,185.0,4482279
2018-03-08,112.65403747558594,180.14999389648438,182.6999969482422,179.39999389648438,182.0,3288627
2018-03-09,112.49771881103516,179.89999389648438,182.9499969482422,179.5,180.3000030517578,2053847
2018-03-12,114.96778106689453,183.85000610351562,184.3000030517578,179.0,180.89999389648438,4161129
2018-03-13,116.23396301269531,183.60000610351562,184.1999969482422,181.5500030517578,182.39999389648438,2457755
2018-03-14,114.33470153808594,180.60000610351562,184.10000610351562,179.75,182.8000030517578,4846612
2018-03-15,114.14479064941406,180.3000030517578,181.39999389648438,178.75,181.10000610351562,5145739
2018-03-16,112.15056610107422,177.14999389648438,180.4499969482422,176.10000610351562,180.3000030517578,8194541
2018-03-19,111.9606704711914,176.85000610351562,178.39999389648438,176.14999389648438,177.6999969482422,5782668
2018-03-20,110.21968078613281,174.10000610351562,177.75,173.60000610351562,176.39999389648438,3020586
2018-03-21,111.13764953613281,175.5500030517578,177.3000030517578,173.64999389648438,175.6999969482422,4055822
2018-03-22,113.25848388671875,178.89999389648438,181.6999969482422,176.5500030517578,177.0,8348549
2018-03-23,112.30884552001953,177.39999389648438,179.5500030517578,176.14999389648438,176.1999969482422,6884971
2018-03-26,113.25848388671875,178.89999389648438,179.4499969482422,176.0,179.4499969482422,4169998
2018-03-27,113.70164489746094,179.60000610351562,181.10000610351562,177.25,180.5500030517578,3823981
2018-03-28,112.56206512451172,177.8000030517578,179.0,176.10000610351562,178.5,6229049
2018-04-02,113.92322540283203,179.9499969482422,180.89999389648438,178.39999389648438,179.10000610351562,2235832
2018-04-03,112.37213897705078,177.5,179.1999969482422,176.39999389648438,177.6999969482422,3552271
2018-04-04,111.04268646240234,175.39999389648438,178.5,174.6999969482422,178.5,3353172
2018-04-05,112.34051513671875,177.4499969482422,177.89999389648438,175.4499969482422,176.5,5375271
2018-04-06,112.02396392822266,176.9499969482422,179.35000610351562,176.39999389648438,179.35000610351562,3633964
2018-04-09,112.94190979003906,178.39999389648438,179.14999389648438,176.3000030517578,177.10000610351562,4046065
2018-04-10,114.08146667480469,180.1999969482422,180.60000610351562,178.1999969482422,179.39999389648438,5180326
2018-04-11,115.31597900390625,182.14999389648438,185.39999389648438,180.35000610351562,181.5,11607043
2018-04-12,115.06275177001953,181.75,184.0,181.0,183.14999389648438,4277125
2018-04-13,115.53755187988281,182.5,183.5,181.10000610351562,181.8000030517578,3050131
2018-04-16,114.90447998046875,181.5,182.35000610351562,179.8000030517578,182.1999969482422,2308502
2018-04-17,114.46135711669922,180.8000030517578,182.10000610351562,179.3000030517578,181.75,2721706
2018-04-18,115.28433227539062,182.10000610351562,182.9499969482422,181.0,181.0500030517578,3279393
2018-04-19,116.45553588867188,183.9499969482422,186.25,181.75,183.25,5004280
2018-04-20,115.44263458251953,182.35000610351562,185.0,181.10000610351562,185.0,1618027
2018-04-23,114.61958312988281,181.0500030517578,183.75,179.39999389648438,183.39999389648438,3930421
2018-04-24,115.63251495361328,182.64999389648438,183.0500030517578,181.5,182.10000610351562,4080212
2018-04-25,113.60667419433594,179.4499969482422,182.4499969482422,178.6999969482422,181.60000610351562,3629856
2018-04-26,114.46135711669922,180.8000030517578,181.8000030517578,177.3000030517578,179.4499969482422,6742459
2018-04-27,114.39802551269531,180.6999969482422,183.0,179.5500030517578,180.9499969482422,4687951
2018-04-30,114.30302429199219,180.5500030517578,181.9499969482422,178.3000030517578,178.5,3335191
2018-05-02,113.9865493774414,180.0500030517578,181.5,179.25,181.5,4157973
2018-05-03,114.65125274658203,181.10000610351562,182.35000610351562,179.6999969482422,179.9499969482422,2796713
2018-05-04,114.1131591796875,180.25,185.14999389648438,179.5500030517578,181.8000030517578,5325720
2018-05-07,116.42385864257812,183.89999389648438,184.5,180.8000030517578,181.25,4799480
2018-05-08,115.91741943359375,183.10000610351562,186.14999389648438,179.4499969482422,184.85000610351562,5730645
2018-05-09,115.7591552734375,182.85000610351562,185.75,182.1999969482422,184.39999389648438,3075560
2018-05-10,119.17778015136719,188.25,189.35000610351562,183.5,184.4499969482422,10328901
2018-05-11,118.7030029296875,187.5,189.0,186.3000030517578,188.5500030517578,4926216
2018-05-14,118.54471588134766,187.25,188.5,184.85000610351562,187.5,3255344
2018-05-15,119.65263366699219,189.0,192.0,184.1999969482422,189.0,5877427
2018-05-16,117.87995910644531,186.1999969482422,188.9499969482422,175.8000030517578,188.9499969482422,8348946
2018-05-17,119.39938354492188,188.60000610351562,189.39999389648438,184.9499969482422,185.9499969482422,4519306
2018-05-18,117.15192413330078,185.0500030517578,191.75,184.60000610351562,189.0,4488003
2018-05-21,117.59508514404297,185.75,188.64999389648438,185.1999969482422,186.4499969482422,3380355
2018-05-22,117.24689483642578,185.1999969482422,188.5,184.0,186.1999969482422,3796268
2018-05-23,111.04268646240234,175.39999389648438,185.35000610351562,174.3000030517578,183.89999389648438,5590802
2018-05-24,106.16793060302734,167.6999969482422,176.10000610351562,155.14999389648438,175.60000610351562,34819270
2018-05-25,111.0743408203125,175.4499969482422,176.1999969482422,162.85000610351562,166.0,12361678
2018-05-28,111.16932678222656,175.60000610351562,178.8000030517578,173.6999969482422,175.0,8087040
2018-05-29,111.13764953613281,175.5500030517578,177.39999389648438,173.25,176.1999969482422,11015160
2018-05-30,110.1563720703125,174.0,178.5,172.6999969482422,175.39999389648438,12554659
2018-05-31,112.62539672851562,177.89999389648438,180.35000610351562,175.0500030517578,177.6999969482422,23822373
2018-06-01,109.64986419677734,173.1999969482422,176.0,170.60000610351562,176.0,9847581
2018-06-04,108.3204345703125,171.10000610351562,175.39999389648438,170.39999389648438,175.39999389648438,5294603
2018-06-05,108.38372802734375,171.1999969482422,172.3000030517578,169.1999969482422,170.5,5918946
2018-06-06,107.81397247314453,170.3000030517578,172.25,169.8000030517578,171.25,3331408
2018-06-07,109.30171966552734,172.64999389648438,173.75,170.10000610351562,170.10000610351562,5086661
2018-06-08,109.9664306640625,173.6999969482422,174.89999389648438,172.10000610351562,174.0,4323567
2018-06-11,109.71320343017578,173.3000030517578,174.3000030517578,172.5,174.0500030517578,3192749
2018-06-12,108.5103530883789,171.39999389648438,175.60000610351562,170.8000030517578,172.85000610351562,4564556
2018-06-13,107.62403106689453,170.0,172.0,168.60000610351562,170.8000030517578,5321172
2018-06-14,106.67442321777344,168.5,170.8000030517578,167.0,169.5,4188442
2018-06-15,104.7435073852539,165.4499969482422,168.3000030517578,164.5500030517578,166.39999389648438,7589493
2018-06-18,104.20539093017578,164.60000610351562,167.39999389648438,163.25,164.89999389648438,4390244
2018-06-19,104.33200073242188,164.8000030517578,166.8000030517578,163.5,165.39999389648438,4413184
2018-06-20,103.03419494628906,162.75,165.0,162.14999389648438,165.0,5768211
2018-06-21,101.1032943725586,159.6999969482422,163.6999969482422,158.25,163.6999969482422,12638114
2018-06-22,101.00833129882812,159.5500030517578,160.64999389648438,158.64999389648438,160.64999389648438,5371207
2018-06-25,99.17239379882812,156.64999389648438,160.6999969482422,156.10000610351562,160.35000610351562,5899032
2018-06-26,100.21694946289062,158.3000030517578,158.89999389648438,156.0500030517578,156.39999389648438,5960446
2018-06-27,98.91914367675781,156.25,158.85000610351562,154.4499969482422,158.35000610351562,7034207
2018-06-28,97.17819213867188,153.5,158.60000610351562,151.8000030517578,156.3000030517578,17670403
2018-06-29,100.2802734375,158.39999389648438,159.35000610351562,154.14999389648438,155.14999389648438,7079407
2018-07-02,98.44435119628906,155.5,158.0,153.5,157.85000610351562,9196529
2018-07-03,99.83715057373047,157.6999969482422,161.60000610351562,154.6999969482422,155.0500030517578,12087830
2018-07-04,98.76087951660156,156.0,158.0,155.0500030517578,157.8000030517578,5194030
2018-07-05,99.01409912109375,156.39999389648438,157.60000610351562,154.1999969482422,156.0,6807718
2018-07-06,98.41266632080078,155.4499969482422,157.35000610351562,155.25,156.89999389648438,3633191
2018-07-09,99.64718627929688,157.39999389648438,158.39999389648438,155.1999969482422,156.0,4379183
2018-07-10,99.9953842163086,157.9499969482422,159.8000030517578,157.35000610351562,158.5,5276248
2018-07-11,100.09034729003906,158.10000610351562,158.75,156.5,158.0,6653936
2018-07-12,100.62847137451172,158.9499969482422,160.1999969482422,154.75,159.60000610351562,8165181
2018-07-13,97.55802154541016,154.10000610351562,159.0500030517578,153.60000610351562,159.0500030517578,3523600
2018-07-16,97.36808776855469,153.8000030517578,156.14999389648438,153.0500030517578,155.6999969482422,3680440
2018-07-17,98.85584259033203,156.14999389648438,156.85000610351562,152.4499969482422,153.25,3952416
2018-07-18,101.48314666748047,160.3000030517578,164.8000030517578,156.85000610351562,156.89999389648438,16571981
2018-07-19,102.40110778808594,161.75,165.1999969482422,160.8000030517578,162.6999969482422,8472466
2018-07-20,99.9953842163086,157.9499969482422,162.0,156.60000610351562,161.75,5475594
2018-07-23,99.10906982421875,156.5500030517578,158.75,154.8000030517578,158.0500030517578,4553137
2018-07-24,99.52057647705078,157.1999969482422,158.1999969482422,155.85000610351562,157.1999969482422,3943002
2018-07-25,100.69178009033203,159.0500030517578,160.75,157.25,157.75,4063454
2018-07-26,102.90757751464844,162.5500030517578,164.0,158.1999969482422,159.1999969482422,8778489
2018-07-27,102.11621856689453,161.3000030517578,162.8000030517578,160.14999389648438,162.5,3542015
2018-07-30,103.88883972167969,164.10000610351562,166.4499969482422,161.14999389648438,161.4499969482422,9599714
2018-07-31,104.90177154541016,165.6999969482422,166.75,163.0,165.8000030517578,6815180
2018-08-01,105.85142517089844,167.1999969482422,168.75,165.14999389648438,165.25,4618179
2018-08-02,105.34496307373047,166.39999389648438,170.8000030517578,165.25,169.39999389648438,7825776
2018-08-03,105.59815979003906,166.8000030517578,171.0,166.1999969482422,170.39999389648438,12172870
2018-08-06,107.14920806884766,169.25,169.6999969482422,166.8000030517578,167.10000610351562,5159560
2018-08-07,106.07299041748047,167.5500030517578,170.0,166.5500030517578,170.0,4300164
2018-08-08,109.20674133300781,172.5,172.89999389648438,167.60000610351562,167.60000610351562,7991348
2018-08-09,106.92765045166016,168.89999389648438,172.89999389648438,168.35000610351562,172.5500030517578,4437178
2018-08-10,107.14920806884766,169.25,170.89999389648438,168.14999389648438,169.39999389648438,4341382
2018-08-13,105.12334442138672,166.0500030517578,168.89999389648438,165.5,168.89999389648438,3731211
2018-08-14,105.24998474121094,166.25,167.0,164.85000610351562,166.35000610351562,3791016
2018-08-16,104.11040496826172,164.4499969482422,166.60000610351562,163.85000610351562,165.89999389648438,4184404
2018-08-17,103.22412872314453,163.0500030517578,165.0,162.5,164.5,4754545
2018-08-20,106.80103302001953,168.6999969482422,169.89999389648438,164.0,164.0,9674107
2018-08-21,107.75065612792969,170.1999969482422,171.25,166.8000030517578,169.8000030517578,5181397
2018-08-23,108.82689666748047,171.89999389648438,172.5,168.89999389648438,171.0,6635245
2018-08-24,110.63116455078125,174.75,176.5,170.8000030517578,171.0,9867693
2018-08-27,111.45417022705078,176.0500030517578,176.89999389648438,175.0,175.4499969482422,3612496
2018-08-28,110.53622436523438,174.60000610351562,178.5,173.25,176.1999969482422,5439278
2018-08-29,112.05563354492188,177.0,178.6999969482422,174.10000610351562,175.0,6288920
2018-08-30,112.34051513671875,177.4499969482422,181.89999389648438,176.14999389648438,176.89999389648438,11296260
2018-08-31,113.9865493774414,180.0500030517578,181.25,177.75,178.75,8916222
2018-09-03,112.24555969238281,177.3000030517578,180.75,176.64999389648438,180.75,3168480
2018-09-04,110.37793731689453,174.35000610351562,178.14999389648438,173.60000610351562,177.75,2874936
2018-09-05,109.9664306640625,173.6999969482422,175.0,170.75,174.14999389648438,3735722
2018-09-06,110.47293090820312,174.5,176.14999389648438,170.60000610351562,174.0,6809374
2018-09-07,108.82689666748047,171.89999389648438,175.0,171.10000610351562,175.0,5309239
2018-09-10,106.76934814453125,168.64999389648438,171.3000030517578,168.10000610351562,170.5,5569685
2018-09-11,106.23125457763672,167.8000030517578,170.0,167.39999389648438,168.6999969482422,8750333
2018-09-12,106.67442321777344,168.5,170.8000030517578,166.1999969482422,166.1999969482422,5610743
2018-09-14,109.23841857910156,172.5500030517578,173.3000030517578,168.39999389648438,169.5,4720460
2018-09-17,108.70027160644531,171.6999969482422,173.5500030517578,170.64999389648438,171.10000610351562,4012086
2018-09-18,110.09304809570312,173.89999389648438,174.60000610351562,171.75,172.35000610351562,6426239
2018-09-19,112.93233489990234,177.0,178.6999969482422,173.25,173.25,10038603
2018-09-21,115.10160827636719,180.39999389648438,181.5500030517578,176.6999969482422,177.3000030517578,9298030
2018-09-24,115.22923278808594,180.60000610351562,185.39999389648438,179.3000030517578,181.0,13799885
2018-09-25,116.31391906738281,182.3000030517578,184.64999389648438,179.39999389648438,181.9499969482422,8363857
2018-09-26,115.22923278808594,180.60000610351562,184.8000030517578,178.9499969482422,184.8000030517578,6680285
2018-09-27,112.16667938232422,175.8000030517578,181.75,175.0500030517578,181.10000610351562,7853039
2018-09-28,113.05990600585938,177.1999969482422,181.0,172.35000610351562,177.0,8598293
2018-10-01,114.2083969116211,179.0,181.10000610351562,174.64999389648438,179.3000030517578,4582462
2018-10-03,115.77155303955078,181.4499969482422,183.5,177.89999389648438,177.89999389648438,8893914
2018-10-04,109.9973373413086,172.39999389648438,182.5500030517578,163.35000610351562,180.5,7866152
2018-10-05,93.8231430053711,147.0500030517578,160.0500030517578,145.60000610351562,160.0500030517578,35255036
2018-10-08,95.5777587890625,149.8000030517578,150.85000610351562,144.6999969482422,149.0,11709162
2018-10-09,93.56793975830078,146.64999389648438,151.89999389648438,145.4499969482422,150.5,6818577
2018-10-10,94.8121109008789,148.60000610351562,151.4499969482422,146.10000610351562,146.10000610351562,10873198
2018-10-11,97.58756256103516,152.9499969482422,159.60000610351562,146.10000610351562,146.10000610351562,15633772
2018-10-12,100.42681121826172,157.39999389648438,158.35000610351562,154.0500030517578,154.6999969482422,6089606
2018-10-15,102.18140411376953,160.14999389648438,160.89999389648438,156.64999389648438,158.9499969482422,4679911
2018-10-16,105.6587142944336,165.60000610351562,167.1999969482422,161.10000610351562,161.9499969482422,8912396
2018-10-17,103.42559051513672,162.10000610351562,167.3000030517578,160.5500030517578,166.60000610351562,5347724
2018-10-19,102.37283325195312,160.4499969482422,163.75,157.0,162.5,7258192
2018-10-22,99.50167846679688,155.9499969482422,161.8000030517578,155.25,161.0,5476435
2018-10-23,99.15072631835938,155.39999389648438,157.39999389648438,150.89999389648438,155.35000610351562,8239765
2018-10-24,100.6501235961914,157.75,159.6999969482422,153.60000610351562,157.9499969482422,8342857
2018-10-25,99.11885833740234,155.35000610351562,162.8000030517578,153.0500030517578,157.0,32100452
2018-10-26,96.85383605957031,151.8000030517578,156.8000030517578,149.64999389648438,156.0,9427229
2018-10-29,98.83171844482422,154.89999389648438,155.75,150.60000610351562,152.5,5954637
2018-10-30,97.58756256103516,152.9499969482422,155.0,152.10000610351562,155.0,4156028
2018-10-31,97.77897644042969,153.25,155.0,151.39999389648438,154.0,7562821
2018-11-01,98.41699981689453,154.25,155.8000030517578,153.35000610351562,155.5,5220182
2018-11-02,100.3948974609375,157.35000610351562,158.4499969482422,155.10000610351562,155.5,7789972
2018-11-05,98.86363220214844,154.9499969482422,165.0,154.1999969482422,165.0,15261029
2018-11-06,99.56546783447266,156.0500030517578,158.1999969482422,153.8000030517578,155.9499969482422,7749980
2018-11-07,100.1716079711914,157.0,157.85000610351562,156.60000610351562,157.5500030517578,491522
2018-11-09,99.78877258300781,156.39999389648438,158.0,155.14999389648438,158.0,6478458
2018-11-12,99.56546783447266,156.0500030517578,158.39999389648438,155.35000610351562,156.9499969482422,4686739
2018-11-13,99.85258483886719,156.5,158.0,155.6999969482422,156.0500030517578,5499454
2018-11-14,102.7237548828125,161.0,163.89999389648438,157.25,157.6999969482422,15008061
2018-11-15,101.35197448730469,158.85000610351562,162.0,158.10000610351562,161.39999389648438,3468318
2018-11-16,99.75689697265625,156.35000610351562,158.0,152.8000030517578,158.0,7515249
2018-11-19,98.6084213256836,154.5500030517578,156.5,153.10000610351562,156.0,4614296
2018-11-20,97.6832504272461,153.10000610351562,155.8000030517578,152.64999389648438,154.5500030517578,5480470
2018-11-21,96.82192993164062,151.75,155.5,151.3000030517578,155.0,4573137
2018-11-22,97.14093780517578,152.25,154.3000030517578,151.64999389648438,152.5,4477092
2018-11-26,93.53604125976562,146.60000610351562,153.60000610351562,145.10000610351562,153.0,8093330
2018-11-27,93.21702575683594,146.10000610351562,147.85000610351562,144.25,147.39999389648438,9231112
2018-11-28,91.11151885986328,142.8000030517578,148.1999969482422,142.0500030517578,146.8000030517578,14201939
2018-11-29,89.70782470703125,140.60000610351562,143.89999389648438,137.64999389648438,143.89999389648438,28991042
2018-11-30,89.51642608642578,140.3000030517578,143.6999969482422,138.5,141.60000610351562,23675557
2018-12-03,90.92008209228516,142.5,143.0,140.1999969482422,140.9499969482422,8371191
2018-12-04,93.2489242553711,146.14999389648438,147.9499969482422,142.39999389648438,142.60000610351562,9753442
2018-12-05,91.68572998046875,143.6999969482422,148.10000610351562,142.39999389648438,145.9499969482422,9774733
2018-12-06,89.42070007324219,140.14999389648438,142.60000610351562,138.5,142.60000610351562,5771659
2018-12-07,88.94216918945312,139.39999389648438,141.4499969482422,138.0500030517578,140.1999969482422,10571838
2018-12-10,87.47468566894531,137.10000610351562,141.25,135.14999389648438,138.5,33096556
2018-12-11,88.11272430419922,138.10000610351562,138.9499969482422,134.75,136.0,14884397
2018-12-12,90.40965270996094,141.6999969482422,142.5,138.85000610351562,139.5,14020937
2018-12-13,91.4305191040039,143.3000030517578,144.1999969482422,141.5,143.0,11251819
2018-12-14,93.695556640625,146.85000610351562,150.39999389648438,140.60000610351562,143.0,23355616
2018-12-17,94.58879852294922,148.25,149.89999389648438,146.10000610351562,148.0,12767531
2018-12-18,94.17406463623047,147.60000610351562,148.9499969482422,146.3000030517578,147.89999389648438,10474177
2018-12-19,94.58879852294922,148.25,148.8000030517578,147.3000030517578,147.5,7008346
2018-12-20,94.8121109008789,148.60000610351562,150.75,147.39999389648438,147.9499969482422,21204077
2018-12-21,94.74829864501953,148.5,149.3000030517578,147.60000610351562,149.0,17767999
2018-12-24,94.36547088623047,147.89999389648438,149.6999969482422,147.3000030517578,148.5,8200455
2018-12-26,93.53604125976562,146.60000610351562,149.4499969482422,145.75,148.10000610351562,9247671
2018-12-27,95.5139389038086,149.6999969482422,151.39999389648438,146.0,147.35000610351562,44356763
2018-12-28,96.02436828613281,150.5,151.5,148.0,148.1999969482422,10732729
2018-12-31,95.64153289794922,149.89999389648438,150.8000030517578,149.10000610351562,150.14999389648438,5778308
2019-01-01,94.74829864501953,148.5,150.10000610351562,148.0,150.0,4496586
2019-01-02,93.8231430053711,147.0500030517578,148.35000610351562,145.75,148.0,17436694
2019-01-03,90.85627746582031,142.39999389648438,145.64999389648438,141.60000610351562,145.0,26599483
2019-01-04,92.96179962158203,145.6999969482422,146.1999969482422,142.0500030517578,142.0500030517578,7395898
2019-01-07,94.33358001708984,147.85000610351562,148.39999389648438,145.75,147.5500030517578,12700566
2019-01-08,94.07835388183594,147.4499969482422,149.10000610351562,146.3000030517578,149.10000610351562,6163846
2019-01-09,92.70659637451172,145.3000030517578,148.1999969482422,144.85000610351562,147.89999389648438,4951441
2019-01-10,91.39860534667969,143.25,147.0,143.0,145.89999389648438,7131028
2019-01-11,92.2918701171875,144.64999389648438,145.5,143.64999389648438,144.0,7665486
2019-01-14,91.52621459960938,143.4499969482422,145.1999969482422,142.5,145.0,6028078
2019-01-15,92.61089324951172,145.14999389648438,145.5,144.0500030517578,144.6999969482422,3680774
2019-01-16,93.37652587890625,146.35000610351562,147.25,145.1999969482422,145.1999969482422,3667241
2019-01-17,92.51519012451172,145.0,147.4499969482422,144.4499969482422,146.5,5142302
2019-01-18,93.63175964355469,146.75,147.6999969482422,145.10000610351562,145.10000610351562,4904282
2019-01-21,92.32376098632812,144.6999969482422,147.1999969482422,144.10000610351562,147.0,4087312
2019-01-22,92.10045623779297,144.35000610351562,146.0,144.0500030517578,145.5,4113351
2019-01-23,91.4305191040039,143.3000030517578,145.5500030517578,143.0,144.6999969482422,4946218
2019-01-24,90.40965270996094,141.6999969482422,143.9499969482422,141.0500030517578,143.39999389648438,3820645
2019-01-25,90.60105895996094,142.0,144.4499969482422,141.64999389648438,142.10000610351562,3871762
2019-01-28,90.37775421142578,141.64999389648438,142.9499969482422,139.64999389648438,142.5,2910523
2019-01-29,89.99494171142578,141.0500030517578,143.6999969482422,140.10000610351562,142.3000030517578,7282910
2019-01-30,89.13359069824219,139.6999969482422,141.5,138.5,141.4499969482422,8511453
2019-01-31,90.1225357055664,141.25,142.8000030517578,139.25,140.1999969482422,28107358
2019-02-01,90.47347259521484,141.8000030517578,143.3000030517578,139.8000030517578,141.0,5260578
2019-02-04,93.3127212524414,146.25,147.4499969482422,142.4499969482422,142.5,9532350
2019-02-05,91.20718383789062,142.9499969482422,148.1999969482422,142.3000030517578,146.0,5413425
2019-02-06,93.5998306274414,146.6999969482422,147.75,142.5,143.39999389648438,5075180
2019-02-07,94.36547088623047,147.89999389648438,148.3000030517578,145.5,146.89999389648438,6080631
2019-02-08,91.97284698486328,144.14999389648438,148.3000030517578,143.14999389648438,146.3000030517578,4510762
2019-02-11,88.17655181884766,138.1999969482422,143.64999389648438,137.10000610351562,143.25,6424512
2019-02-12,87.697998046875,137.4499969482422,140.9499969482422,136.5500030517578,138.5,6816203
2019-02-14,84.31640625,132.14999389648438,134.1999969482422,127.5999984741211,133.5,25346334
2019-02-15,86.13480377197266,135.0,140.89999389648438,133.39999389648438,138.0,37975666
2019-02-18,87.47468566894531,137.10000610351562,138.89999389648438,135.8000030517578,136.8000030517578,10614715
2019-02-19,88.78265380859375,139.14999389648438,140.35000610351562,137.1999969482422,137.1999969482422,9077045
2019-02-20,91.90906524658203,144.0500030517578,145.35000610351562,140.0,141.60000610351562,14236359
2019-02-21,93.75936126708984,146.9499969482422,148.60000610351562,144.1999969482422,145.0,13876243
2019-02-22,94.8121109008789,148.60000610351562,150.5,147.10000610351562,148.60000610351562,18273813
2019-02-25,94.26978302001953,147.75,149.35000610351562,145.6999969482422,149.0,20216077
2019-02-26,94.11026000976562,147.5,149.1999969482422,146.0,147.5,12458860
2019-02-27,94.42927551269531,148.0,149.75,146.5,148.75,11868751
2019-02-28,98.3321304321289,148.64999389648438,150.75,143.10000610351562,144.39999389648438,48854712
2019-03-01,98.62982940673828,149.10000610351562,150.1999969482422,147.85000610351562,149.89999389648438,9764801
2019-03-05,102.53266143798828,155.0,155.64999389648438,147.85000610351562,148.75,11194669
2019-03-06,102.40037536621094,154.8000030517578,157.0,152.8000030517578,155.10000610351562,15648948
2019-03-07,100.58126831054688,152.0500030517578,155.5,151.5,154.8000030517578,30210637
2019-03-08,99.48975372314453,150.39999389648438,152.60000610351562,147.0,152.10000610351562,17986042
2019-03-11,101.20965576171875,153.0,154.3000030517578,151.10000610351562,151.5500030517578,15880368
2019-03-12,100.44892883300781,151.85000610351562,155.60000610351562,151.10000610351562,154.0,10818012
2019-03-13,99.0597915649414,149.75,151.25,145.6999969482422,151.25,21001041
2019-03-14,99.91974639892578,151.0500030517578,152.5,149.5,150.0,6328309
2019-03-15,103.19417572021484,156.0,157.4499969482422,151.1999969482422,151.89999389648438,15483879
2019-03-18,102.30115509033203,154.64999389648438,157.3000030517578,153.60000610351562,155.0,7575127
2019-03-19,103.85567474365234,157.0,163.1999969482422,154.8000030517578,155.9499969482422,18289779
2019-03-20,100.44892883300781,151.85000610351562,157.0500030517578,150.60000610351562,156.64999389648438,28675956
2019-03-22,100.77969360351562,152.35000610351562,153.4499969482422,148.4499969482422,152.9499969482422,26751005
2019-03-25,104.94715118408203,158.64999389648438,160.5500030517578,150.6999969482422,152.0,22638399
2019-03-26,106.54484558105469,160.0500030517578,163.0500030517578,158.6999969482422,159.0,16694599
2019-03-27,106.5781021118164,160.10000610351562,161.39999389648438,157.5,160.14999389648438,10063152
2019-03-28,103.78216552734375,155.89999389648438,160.25,155.1999969482422,160.0,25492224
2019-04-01,104.68087005615234,157.25,160.9499969482422,155.8000030517578,160.5,20605152
2019-04-02,104.8472900390625,157.5,159.6999969482422,156.39999389648438,159.1999969482422,10435568
2019-04-03,103.48259735107422,155.4499969482422,159.10000610351562,154.60000610351562,158.5500030517578,8283863
2019-04-04,103.3494644165039,155.25,156.35000610351562,153.3000030517578,155.25,10752094
2019-04-05,104.21487426757812,156.5500030517578,157.14999389648438,153.9499969482422,156.0,6797106
2019-04-08,105.24671173095703,158.10000610351562,160.25,156.5500030517578,157.8000030517578,13120469
2019-04-09,104.88058471679688,157.5500030517578,158.89999389648438,157.0500030517578,158.60000610351562,8487177
2019-04-10,105.18013000488281,158.0,159.9499969482422,156.8000030517578,156.9499969482422,9363447
2019-04-11,105.5795669555664,158.60000610351562,159.39999389648438,155.89999389648438,158.0,5279154
2019-04-12,104.91388702392578,157.60000610351562,159.64999389648438,157.25,159.0,5631030
2019-04-15,104.14830780029297,156.4499969482422,158.3000030517578,156.10000610351562,158.3000030517578,3902646
2019-04-16,106.81111145019531,160.4499969482422,161.0,155.85000610351562,156.5,8394765
2019-04-18,106.91096496582031,160.60000610351562,162.1999969482422,159.0500030517578,160.85000610351562,9606055
2019-04-22,105.11359405517578,157.89999389648438,161.5,156.89999389648438,160.6999969482422,5543020
2019-04-23,109.00788879394531,163.75,165.0,157.60000610351562,158.0,10137024
2019-04-24,112.2697982788086,168.64999389648438,170.4499969482422,165.6999969482422,165.6999969482422,33596281
2019-04-25,112.40296936035156,168.85000610351562,170.0,166.5500030517578,168.35000610351562,134264338
2019-04-26,112.1033935546875,168.39999389648438,169.9499969482422,167.89999389648438,169.5,8708111
2019-04-30,112.63595581054688,169.1999969482422,171.14999389648438,166.14999389648438,168.0,9844317
2019-05-02,112.43624877929688,168.89999389648438,172.0,168.39999389648438,169.3000030517578,22056708
2019-05-03,113.33491516113281,170.25,171.89999389648438,168.6999969482422,168.85000610351562,12720120
2019-05-06,113.26837921142578,170.14999389648438,171.6999969482422,168.14999389648438,170.0,18962836
2019-05-07,114.3001937866211,171.6999969482422,172.5,168.60000610351562,170.39999389648438,9042790
2019-05-08,112.43624877929688,168.89999389648438,171.39999389648438,167.75,171.39999389648438,8603091
2019-05-09,112.76908874511719,169.39999389648438,170.10000610351562,167.39999389648438,167.39999389648438,6869953
2019-05-10,110.70543670654297,166.3000030517578,169.39999389648438,165.6999969482422,168.39999389648438,6195094
2019-05-13,109.24089050292969,164.10000610351562,167.89999389648438,163.0,167.1999969482422,7792358
2019-05-14,109.27417755126953,164.14999389648438,165.39999389648438,160.85000610351562,162.0,7268915
2019-05-15,108.34220886230469,162.75,165.1999969482422,161.8000030517578,164.60000610351562,5412275
2019-05-16,110.47245025634766,165.9499969482422,166.89999389648438,162.0,163.39999389648438,5197438
2019-05-17,111.40443420410156,167.35000610351562,168.0,162.10000610351562,166.5,5532072
2019-05-20,117.16270446777344,176.0,176.60000610351562,169.10000610351562,170.0,7103649
2019-05-21,116.33055877685547,174.75,176.5,173.8000030517578,175.10000610351562,7135887
2019-05-22,117.82840728759766,177.0,178.0,174.14999389648438,174.85000610351562,10347293
2019-05-23,115.93114471435547,174.14999389648438,178.89999389648438,173.0,178.5,9247879
2019-05-24,116.09757232666016,174.39999389648438,175.89999389648438,168.8000030517578,174.0,9263195
2019-05-27,115.59829711914062,173.64999389648438,175.1999969482422,172.5500030517578,174.0,7461458
2019-05-28,116.69669342041016,175.3000030517578,176.39999389648438,171.60000610351562,173.14999389648438,16628505
2019-05-29,114.20035552978516,171.5500030517578,174.64999389648438,170.35000610351562,173.89999389648438,7205487
2019-05-30,112.80238342285156,169.4499969482422,172.0,167.5500030517578,172.0,21945960
2019-05-31,114.46661376953125,171.9499969482422,173.9499969482422,166.5500030517578,168.0,17113729
2019-06-03,114.59973907470703,172.14999389648438,173.1999969482422,167.5,173.0,17756361
2019-06-04,113.5679702758789,170.60000610351562,173.5,170.0500030517578,172.89999389648438,8578302
2019-06-06,112.76908874511719,169.39999389648438,172.10000610351562,168.85000610351562,170.5,14152285
2019-06-07,111.50426483154297,167.5,170.10000610351562,166.5500030517578,169.60000610351562,5052519
2019-06-10,109.6070556640625,164.64999389648438,169.0,163.1999969482422,168.10000610351562,10866149
2019-06-11,112.66922760009766,169.25,170.35000610351562,164.85000610351562,164.85000610351562,11282418
2019-06-12,113.73436737060547,170.85000610351562,171.4499969482422,166.0,168.0500030517578,9478876
2019-06-13,112.46953582763672,168.9499969482422,170.1999969482422,167.0,168.8000030517578,6678516
2019-06-14,112.70254516601562,169.3000030517578,171.0,168.4499969482422,168.9499969482422,7153585
2019-06-17,109.44059753417969,164.39999389648438,169.9499969482422,162.9499969482422,169.5,4603627
2019-06-18,110.6055908203125,166.14999389648438,166.9499969482422,163.25,164.0,5808715
2019-06-19,111.40443420410156,167.35000610351562,169.10000610351562,164.60000610351562,166.8000030517578,4625698
2019-06-20,114.49989318847656,172.0,172.75,166.3000030517578,166.3000030517578,5793816
2019-06-21,113.80093383789062,170.9499969482422,173.4499969482422,169.8000030517578,171.75,11402911
2019-06-24,109.97315216064453,165.1999969482422,171.85000610351562,164.85000610351562,171.14999389648438,6585159
2019-06-25,110.63884735107422,166.1999969482422,168.4499969482422,165.5,165.5,6697367
2019-06-26,111.53756713867188,167.5500030517578,169.14999389648438,166.10000610351562,166.10000610351562,5978575
2019-06-27,113.5679702758789,170.60000610351562,171.8000030517578,167.25,167.5500030517578,36738164
2019-06-28,111.67068481445312,167.75,171.3000030517578,166.64999389648438,170.3000030517578,5325984
2019-07-01,107.17723846435547,161.0,170.39999389648438,159.25,168.1999969482422,15160240
2019-07-02,110.27273559570312,165.64999389648438,166.25,161.5,163.0,10975678
2019-07-03,110.70543670654297,166.3000030517578,167.9499969482422,163.5,165.8000030517578,8253849
2019-07-04,111.23800659179688,167.10000610351562,168.89999389648438,166.10000610351562,166.39999389648438,8827834
2019-07-05,107.51007843017578,161.5,168.0500030517578,160.0,167.10000610351562,14509056
2019-07-08,101.45226287841797,152.39999389648438,161.5,151.0500030517578,161.4499969482422,10273814
2019-07-09,102.1179428100586,153.39999389648438,155.4499969482422,150.64999389648438,152.39999389648438,15033604
2019-07-10,100.9529800415039,151.64999389648438,154.39999389648438,149.64999389648438,153.0500030517578,5310646
2019-07-11,101.91822052001953,153.10000610351562,154.10000610351562,152.0,153.0,6576542
2019-07-12,99.65486145019531,149.6999969482422,153.35000610351562,148.0,153.0,13015538
2019-07-15,100.32054901123047,150.6999969482422,151.6999969482422,148.8000030517578,150.0,8465078
2019-07-16,101.3523941040039,152.25,154.39999389648438,150.6999969482422,151.0,12865346
2019-07-17,99.7879867553711,149.89999389648438,153.64999389648438,149.0,152.39999389648438,8046201
2019-07-18,95.4609603881836,143.39999389648438,150.8000030517578,143.0500030517578,149.9499969482422,15971004
2019-07-19,95.79379272460938,143.89999389648438,145.8000030517578,140.39999389648438,144.5,25660025
2019-07-22,97.62447357177734,146.64999389648438,147.39999389648438,140.64999389648438,144.0,12077069
2019-07-23,96.25981140136719,144.60000610351562,147.75,144.14999389648438,146.5,5519598
2019-07-24,95.5941162109375,143.60000610351562,145.85000610351562,142.89999389648438,145.39999389648438,9202665
2019-07-25,95.76055145263672,143.85000610351562,144.8000030517578,141.39999389648438,144.3000030517578,28004780
2019-07-26,94.46243286132812,141.89999389648438,144.39999389648438,141.39999389648438,144.39999389648438,10055490
2019-07-29,93.43060302734375,140.35000610351562,142.39999389648438,138.35000610351562,142.0,19155260
2019-07-30,92.365478515625,138.75,141.8000030517578,138.10000610351562,141.39999389648438,11943745
2019-07-31,92.43205261230469,138.85000610351562,139.6999969482422,136.25,137.6999969482422,9857785
2019-08-01,91.13392639160156,136.89999389648438,139.75,135.10000610351562,138.5,9105690
2019-08-02,89.43641662597656,134.35000610351562,136.35000610351562,132.75,136.0,9912972
2019-08-05,87.40602111816406,131.3000030517578,132.89999389648438,130.10000610351562,132.8000030517578,9551686
2019-08-06,87.50589752197266,131.4499969482422,132.5,129.35000610351562,130.85000610351562,11765339
2019-08-07,86.87348175048828,130.5,131.85000610351562,128.39999389648438,131.4499969482422,13083927
2019-08-08,87.1064682006836,130.85000610351562,132.6999969482422,127.9000015258789,130.5,10164125
2019-08-09,87.17304229736328,130.9499969482422,132.39999389648438,129.64999389648438,131.64999389648438,8847432
2019-08-13,85.04281616210938,127.75,133.5,125.5,130.9499969482422,12944927
2019-08-14,84.44367218017578,126.8499984741211,129.8000030517578,125.75,129.0,14449993
2019-08-16,85.14264678955078,127.9000015258789,129.10000610351562,126.4000015258789,127.69999694824219,12017531
2019-08-19,84.07754516601562,126.30000305175781,128.5,126.05000305175781,128.0,5695238
2019-08-20,83.24542999267578,125.05000305175781,126.8499984741211,124.3499984741211,126.5999984741211,6214250
2019-08-21,80.68251037597656,121.19999694824219,125.55000305175781,119.6500015258789,125.0,9765538
2019-08-22,78.33804321289062,116.94999694824219,121.5,116.19999694824219,121.19999694824219,8867462
2019-08-23,81.8882064819336,122.25,123.44999694824219,115.75,116.3499984741211,10008179
2019-08-26,82.89297485351562,123.75,125.05000305175781,119.5999984741211,124.0,11056410
2019-08-27,84.13217163085938,125.5999984741211,126.4000015258789,123.1500015258789,124.0999984741211,18829260
2019-08-28,81.18489074707031,121.19999694824219,125.94999694824219,120.4000015258789,125.05000305175781,11763326
2019-08-29,82.55805969238281,123.25,124.25,119.5,120.0,30777971
2019-08-30,81.18489074707031,121.19999694824219,125.75,119.5,123.5,9910931
2019-09-03,78.47200775146484,117.1500015258789,120.5,116.5,120.5,8243808
2019-09-04,79.71121215820312,119.0,119.4000015258789,115.55000305175781,117.5,8873226
2019-09-05,83.83074951171875,125.1500015258789,129.89999389648438,119.44999694824219,119.44999694824219,32226347
2019-09-06,85.706298828125,127.94999694824219,128.5500030517578,124.5,126.4000015258789,15759526
2019-09-09,86.67757415771484,129.39999389648438,129.9499969482422,126.0,127.30000305175781,9454697
2019-09-11,84.23265838623047,125.75,130.89999389648438,125.1500015258789,129.1999969482422,11398745
2019-09-12,84.33313751220703,125.9000015258789,128.35000610351562,125.25,126.25,8659474
2019-09-13,86.30917358398438,128.85000610351562,129.3000030517578,125.3499984741211,126.25,13251256
2019-09-16,87.5483627319336,130.6999969482422,133.25,128.5,130.9499969482422,18224041
2019-09-17,86.8785171508789,129.6999969482422,132.0,129.0500030517578,130.75,11879210
2019-09-18,85.0699462890625,127.0,129.9499969482422,125.94999694824219,129.6999969482422,12238136
2019-09-19,83.26139831542969,124.30000305175781,127.25,123.6500015258789,127.0,8680319
2019-09-20,89.49091339111328,133.60000610351562,134.9499969482422,121.5999984741211,124.4000015258789,30270009
2019-09-23,91.29949188232422,136.3000030517578,140.85000610351562,134.9499969482422,137.4499969482422,17685955
2019-09-24,89.42394256591797,133.5,139.8000030517578,132.8000030517578,136.25,16012272
2019-09-25,88.0507583618164,131.4499969482422,133.64999389648438,130.6999969482422,132.0,5824582
2019-09-26,91.8018798828125,137.0500030517578,138.0500030517578,131.1999969482422,131.8000030517578,19764328
2019-09-27,88.0842514038086,131.5,136.10000610351562,130.4499969482422,135.89999389648438,11359611
2019-09-30,88.28520202636719,131.8000030517578,132.89999389648438,128.5500030517578,131.10000610351562,11625597
2019-10-01,85.87377166748047,128.1999969482422,133.35000610351562,126.75,131.5,10259184
2019-10-03,85.8067855834961,128.10000610351562,129.85000610351562,125.4000015258789,128.1999969482422,7082143
2019-10-04,86.77803802490234,129.5500030517578,132.75,127.30000305175781,129.9499969482422,20137433
2019-10-07,84.7685317993164,126.55000305175781,129.75,125.4000015258789,129.5500030517578,9194007
2019-10-09,84.29963684082031,125.8499984741211,127.1500015258789,123.94999694824219,126.44999694824219,15309757
2019-10-10,84.0652084350586,125.5,127.0999984741211,125.0999984741211,125.8499984741211,6169256
2019-10-11,86.4096450805664,129.0,129.89999389648438,126.0999984741211,126.30000305175781,11840486
2019-10-14,90.59616088867188,135.25,136.4499969482422,129.0,129.4499969482422,19460416
2019-10-15,92.87361907958984,138.64999389648438,139.14999389648438,135.35000610351562,137.0,17145941
2019-10-16,94.88314056396484,141.64999389648438,143.1999969482422,138.3000030517578,140.0,15149481
2019-10-17,94.7156753540039,141.39999389648438,141.89999389648438,139.14999389648438,141.10000610351562,9372042
2019-10-18,96.12234497070312,143.5,144.5,139.89999389648438,140.10000610351562,17597233
2019-10-22,96.62474060058594,144.25,146.14999389648438,142.1999969482422,143.5,11582273
2019-10-23,95.05061340332031,141.89999389648438,144.9499969482422,141.25,144.25,7500868
2019-10-24,94.24681091308594,140.6999969482422,142.1999969482422,139.0500030517578,141.89999389648438,6919238
2019-10-25,93.47647857666016,139.5500030517578,141.60000610351562,138.10000610351562,141.60000610351562,6636201
2019-10-27,93.67742156982422,139.85000610351562,140.85000610351562,139.0,140.35000610351562,698557
2019-10-29,95.21805572509766,142.14999389648438,143.85000610351562,138.1999969482422,140.5500030517578,8236221
2019-10-30,94.14633178710938,140.5500030517578,144.0,139.8000030517578,144.0,7064774
2019-10-31,94.91663360595703,141.6999969482422,142.1999969482422,139.64999389648438,140.60000610351562,22281969
2019-11-01,96.55774688720703,144.14999389648438,144.75,140.10000610351562,140.5500030517578,8049866
2019-11-04,98.7347183227539,147.39999389648438,149.64999389648438,144.14999389648438,144.14999389648438,11733406
2019-11-05,98.0313949584961,146.35000610351562,148.75,145.0,148.1999969482422,7883507
2019-11-06,96.89268493652344,144.64999389648438,148.0,143.85000610351562,146.35000610351562,6207456
2019-11-07,95.15107727050781,142.0500030517578,145.0500030517578,140.39999389648438,144.9499969482422,7332352
2019-11-08,92.63917541503906,138.3000030517578,143.5,137.60000610351562,141.9499969482422,8252930
2019-11-11,93.175048828125,139.10000610351562,139.75,136.64999389648438,138.39999389648438,7032172
2019-11-13,92.57220458984375,138.1999969482422,140.39999389648438,137.5,139.10000610351562,7969923
2019-11-14,91.23249053955078,136.1999969482422,139.25,135.64999389648438,138.1999969482422,8178628
2019-11-15,90.79711151123047,135.5500030517578,138.8000030517578,135.14999389648438,137.3000030517578,8390855
2019-11-18,89.6918716430664,133.89999389648438,136.10000610351562,133.1999969482422,135.4499969482422,6851414
2019-11-19,89.25646209716797,133.25,135.10000610351562,132.8000030517578,135.0,5821375
2019-11-20,89.55789947509766,133.6999969482422,135.25,132.25,132.85000610351562,7657346
2019-11-21,87.84978485107422,131.14999389648438,134.5,130.60000610351562,133.6999969482422,7946555
2019-11-22,89.65837860107422,133.85000610351562,134.64999389648438,130.8000030517578,131.0,6323556
2019-11-25,87.71583557128906,130.9499969482422,134.5500030517578,130.5,133.85000610351562,11930938
2019-11-26,87.24693298339844,130.25,133.39999389648438,129.25,131.85000610351562,16115025
2019-11-27,88.85455322265625,132.64999389648438,133.0500030517578,129.5500030517578,130.39999389648438,5343104
2019-11-28,89.18949127197266,133.14999389648438,133.5500030517578,131.10000610351562,132.39999389648438,6663638
2019-11-29,88.25170135498047,131.75,133.4499969482422,130.5,133.0500030517578,9434148
2019-12-02,85.8067855834961,128.10000610351562,131.4499969482422,127.55000305175781,131.0500030517578,15010167
2019-12-03,85.5053482055664,127.6500015258789,128.39999389648438,126.0,128.10000610351562,7809967
2019-12-04,87.11296844482422,130.0500030517578,130.64999389648438,126.8499984741211,126.9000015258789,5821599
2019-12-05,86.34265899658203,128.89999389648438,130.39999389648438,128.4499969482422,129.3000030517578,4185400
2019-12-06,84.7685317993164,126.55000305175781,129.5,126.30000305175781,129.5,5097809
2019-12-09,84.60106658935547,126.30000305175781,127.80000305175781,125.5999984741211,126.9000015258789,3841176
2019-12-10,83.86424255371094,125.19999694824219,128.3000030517578,124.9000015258789,126.4000015258789,6125011
2019-12-11,85.73980712890625,128.0,128.5,125.0,126.0999984741211,6878932
2019-12-12,84.33313751220703,125.9000015258789,128.3000030517578,125.3499984741211,128.10000610351562,9804404
2019-12-13,84.73503875732422,126.5,127.44999694824219,126.0,126.44999694824219,6663052
2019-12-16,84.13217163085938,125.5999984741211,126.94999694824219,125.0,126.5,6241723
2019-12-17,83.93122863769531,125.30000305175781,126.0,124.30000305175781,125.1500015258789,8062616
2019-12-18,83.7972640991211,125.0999984741211,125.6500015258789,124.1500015258789,125.5999984741211,6687482
2019-12-19,84.19918060302734,125.69999694824219,126.8499984741211,124.19999694824219,125.0999984741211,6223102
2019-12-20,83.83074951171875,125.1500015258789,126.80000305175781,124.8499984741211,126.0,8515990
2019-12-23,83.4958267211914,124.6500015258789,126.30000305175781,124.05000305175781,124.9000015258789,10466423
2019-12-24,84.40011596679688,126.0,126.5999984741211,124.69999694824219,124.9000015258789,9979742
2019-12-26,85.73980712890625,128.0,129.5500030517578,124.5,126.0,23164167
2019-12-27,86.00774383544922,128.39999389648438,129.89999389648438,127.19999694824219,129.5,8435235
2019-12-30,85.706298828125,127.94999694824219,129.25,127.0999984741211,128.39999389648438,4023932
2019-12-31,86.27568817138672,128.8000030517578,129.25,127.19999694824219,127.19999694824219,5102473
2020-01-01,85.37138366699219,127.44999694824219,128.89999389648438,126.8499984741211,128.75,2574894
2020-01-02,85.7732925415039,128.0500030517578,128.64999389648438,127.0999984741211,127.6500015258789,4759843
2020-01-03,86.04122924804688,128.4499969482422,133.39999389648438,128.0500030517578,131.0,31381588
2020-01-06,84.56758117675781,126.25,129.8000030517578,125.0999984741211,129.6999969482422,14611204
2020-01-07,84.23265838623047,125.75,127.69999694824219,125.4000015258789,125.5999984741211,7193304
2020-01-08,82.69200134277344,123.44999694824219,125.44999694824219,123.19999694824219,125.0,6236192
2020-01-09,82.8594741821289,123.69999694824219,125.0999984741211,122.80000305175781,124.94999694824219,10135017
2020-01-10,83.1609115600586,124.1500015258789,125.19999694824219,123.69999694824219,124.44999694824219,6550218
2020-01-13,84.03170776367188,125.44999694824219,125.69999694824219,124.25,124.25,5737187
2020-01-14,83.7637710571289,125.05000305175781,125.6500015258789,123.80000305175781,125.44999694824219,12432511
2020-01-15,83.4958267211914,124.6500015258789,125.5,124.25,125.05000305175781,5714614
2020-01-16,83.39535522460938,124.5,125.19999694824219,124.05000305175781,125.0,7322878
2020-01-17,83.99820709228516,125.4000015258789,125.55000305175781,124.0,124.55000305175781,8561603
2020-01-20,82.32360076904297,122.9000015258789,126.75,120.0,126.0,16106541
2020-01-21,82.2231216430664,122.75,124.5,122.4000015258789,123.05000305175781,6497799
2020-01-22,77.96961975097656,116.4000015258789,122.0,116.0,122.0,23639592
2020-01-23,78.90742492675781,117.80000305175781,118.94999694824219,116.4000015258789,117.25,21105999
2020-01-24,79.27582550048828,118.3499984741211,119.80000305175781,117.30000305175781,118.0,11172364
2020-01-27,78.53899383544922,117.25,118.5,116.80000305175781,118.3499984741211,12078165
2020-01-28,78.10360717773438,116.5999984741211,117.69999694824219,115.5999984741211,117.55000305175781,11611352
2020-01-29,78.80693054199219,117.6500015258789,118.1500015258789,116.44999694824219,117.3499984741211,15562740
2020-01-30,77.43376159667969,115.5999984741211,117.55000305175781,115.0,117.55000305175781,21142714
2020-01-31,72.97930908203125,108.94999694824219,116.0,106.75,115.80000305175781,83360147
2020-02-03,69.29517364501953,103.44999694824219,104.94999694824219,101.55000305175781,104.3499984741211,18445537
2020-02-04,71.1037368774414,106.1500015258789,106.9000015258789,103.80000305175781,104.0999984741211,16896688
2020-02-05,71.53914642333984,106.80000305175781,107.4000015258789,105.0999984741211,106.4000015258789,11348275
2020-02-06,71.840576171875,107.25,107.80000305175781,106.30000305175781,106.80000305175781,10750236
2020-02-07,73.18025970458984,109.25,109.75,106.55000305175781,107.30000305175781,21415595
2020-02-10,71.13723754882812,106.19999694824219,109.1500015258789,105.75,109.1500015258789,32081049
2020-02-11,71.53914642333984,106.80000305175781,107.6500015258789,106.30000305175781,107.1500015258789,20946852
2020-02-12,71.47215270996094,106.69999694824219,107.80000305175781,106.5,107.0,13053367
2020-02-13,70.56787109375,105.3499984741211,108.19999694824219,104.25,107.0,17702073
2020-02-14,69.1947021484375,103.30000305175781,106.30000305175781,103.0,105.55000305175781,26644685
2020-02-17,66.95072937011719,99.94999694824219,102.9000015258789,98.80000305175781,101.5,36666416
2020-02-18,66.51532745361328,99.30000305175781,100.25,96.55000305175781,99.94999694824219,35575369
2020-02-19,68.1229476928711,101.69999694824219,102.19999694824219,98.80000305175781,100.30000305175781,21806183
2020-02-20,68.85977172851562,102.80000305175781,104.0999984741211,101.69999694824219,102.0,28378025
2020-02-24,65.67803192138672,98.05000305175781,102.5,97.19999694824219,102.5,20167769
2020-02-25,65.34312438964844,97.55000305175781,100.25,97.25,98.69999694824219,18255196
2020-02-26,64.17088317871094,95.80000305175781,98.5,95.5,97.4000015258789,16192058
2020-02-27,62.529762268066406,93.3499984741211,96.19999694824219,92.05000305175781,95.69999694824219,29616674
2020-02-28,61.59198760986328,91.94999694824219,92.69999694824219,89.5,90.30000305175781,30416954
2020-03-02,59.682945251464844,89.0999984741211,95.0,88.25,94.0,24442896
2020-03-03,62.529762268066406,93.3499984741211,94.0,89.6500015258789,90.9000015258789,24098468
2020-03-04,62.161354064941406,92.80000305175781,94.9000015258789,90.69999694824219,94.19999694824219,22998427
2020-03-05,62.02737808227539,92.5999984741211,94.4000015258789,92.0,93.3499984741211,16357817
2020-03-06,59.28104019165039,88.5,91.5,87.6500015258789,89.5,17823038
2020-03-09,49.93674087524414,74.55000305175781,82.5,74.0,82.1500015258789,86655504
2020-03-11,48.027679443359375,71.69999694824219,77.4000015258789,71.05000305175781,76.75,63562895
2020-03-12,41.865135192871094,62.5,68.4000015258789,62.0,66.5999984741211,76137223
2020-03-13,44.142601013183594,65.9000015258789,67.0,50.0,59.400001525878906,73051747
2020-03-16,40.29100799560547,60.150001525878906,65.19999694824219,60.0,63.5,49829392
2020-03-17,40.19053268432617,60.0,63.0,59.650001525878906,61.099998474121094,46722476
2020-03-18,45.64974594116211,68.1500015258789,86.80000305175781,57.5,61.599998474121094,178094829
2020-03-19,40.89386749267578,61.04999923706055,64.0,58.099998474121094,62.150001525878906,61258526
2020-03-20,48.46307373046875,72.3499984741211,74.4000015258789,62.75,63.04999923706055,128780492
2020-03-23,43.46207046508789,60.400001525878906,65.5,60.0,60.650001525878906,36058875
2020-03-24,44.973167419433594,62.5,64.69999694824219,60.099998474121094,63.5,38808651
2020-03-25,44.28956985473633,61.54999923706055,63.0,60.0,61.20000076293945,28639475
2020-03-26,46.59218978881836,64.75,65.5999984741211,59.650001525878906,61.849998474121094,46474588
2020-03-27,46.37632751464844,64.44999694824219,66.0,62.79999923706055,66.0,33298637
2020-03-30,45.58479690551758,63.349998474121094,65.6500015258789,60.099998474121094,61.04999923706055,32929981
2020-03-31,49.146671295166016,68.30000305175781,69.6500015258789,63.54999923706055,65.0,45891607
2020-04-01,47.3117790222168,65.75,67.25,65.0999984741211,67.0,21883386
2020-04-03,50.26201248168945,69.8499984741211,71.0,66.5,69.0,39757833
2020-04-07,52.45669174194336,72.9000015258789,74.4000015258789,70.19999694824219,71.19999694824219,30982061
2020-04-08,53.57202911376953,74.44999694824219,76.3499984741211,71.0,72.4000015258789,30555738
2020-04-09,55.622806549072266,77.30000305175781,77.6500015258789,76.0,76.0,19209747
2020-04-13,54.0037841796875,75.05000305175781,78.80000305175781,72.6500015258789,78.80000305175781,22311833
2020-04-15,53.50007629394531,74.3499984741211,76.44999694824219,73.5,75.0999984741211,22311032
2020-04-16,54.291587829589844,75.44999694824219,76.5,73.4000015258789,74.0,24473640
2020-04-17,54.90324401855469,76.30000305175781,77.80000305175781,75.1500015258789,77.80000305175781,14561017
2020-04-20,53.24821472167969,74.0,75.6500015258789,73.80000305175781,75.3499984741211,15698459
2020-04-21,49.90222930908203,69.3499984741211,70.75,67.19999694824219,69.69999694824219,27607022
2020-04-22,47.02394104003906,65.3499984741211,66.3499984741211,60.79999923706055,65.9000015258789,73840707
2020-04-23,48.46308135986328,67.3499984741211,69.05000305175781,66.55000305175781,67.5,38207377
2020-04-24,48.642974853515625,67.5999984741211,69.5,66.5999984741211,67.1500015258789,31588097
2020-04-27,49.25460433959961,68.44999694824219,69.5,67.6500015258789,68.0,16723889
2020-04-28,49.79428482055664,69.19999694824219,69.69999694824219,67.0999984741211,67.80000305175781,20422626
2020-04-29,50.72972106933594,70.5,70.94999694824219,68.69999694824219,69.4000015258789,18023637
2020-04-30,57.49370574951172,79.9000015258789,81.05000305175781,71.5,72.5999984741211,54290691
2020-05-04,55.083133697509766,76.55000305175781,77.8499984741211,74.05000305175781,76.0,28640967
2020-05-05,56.450313568115234,78.44999694824219,81.9000015258789,78.1500015258789,78.9000015258789,61865481
2020-05-06,57.025970458984375,79.25,81.3499984741211,77.44999694824219,81.3499984741211,38948167
2020-05-07,54.3995361328125,75.5999984741211,78.30000305175781,75.0999984741211,78.30000305175781,20794229
2020-05-08,54.68737030029297,76.0,77.19999694824219,74.75,76.4000015258789,18523649
2020-05-11,55.44291687011719,77.05000305175781,78.1500015258789,74.5,76.0,15701754
2020-05-12,54.90324401855469,76.30000305175781,77.3499984741211,74.5,76.94999694824219,14186736
2020-05-13,56.27042770385742,78.19999694824219,79.05000305175781,76.25,79.0,20493531
2020-05-14,54.7952995300293,76.1500015258789,77.3499984741211,75.19999694824219,77.0,13344652
2020-05-15,54.7952995300293,76.1500015258789,78.5,75.9000015258789,77.25,16835999
2020-05-18,52.45669174194336,72.9000015258789,76.94999694824219,72.4000015258789,76.94999694824219,13014456
2020-05-19,55.514862060546875,77.1500015258789,78.69999694824219,74.0999984741211,74.4000015258789,42315983
2020-05-20,56.12650680541992,78.0,78.5,76.30000305175781,77.19999694824219,12969847
2020-05-21,55.40694046020508,77.0,79.0,76.4000015258789,78.75,17999828
2020-05-22,54.7952995300293,76.1500015258789,76.94999694824219,75.4000015258789,76.94999694824219,12443419
2020-05-26,55.40694046020508,77.0,78.19999694824219,76.5999984741211,77.0,11837966
2020-05-27,56.090518951416016,77.94999694824219,78.19999694824219,75.9000015258789,77.19999694824219,11655865
2020-05-28,56.73815155029297,78.8499984741211,80.94999694824219,77.4000015258789,77.5,18645811
2020-05-29,59.868282318115234,83.19999694824219,83.75,77.4000015258789,78.05000305175781,40559441
2020-06-01,60.40794372558594,83.94999694824219,86.5,83.6500015258789,85.0,25047349
2020-06-02,60.659812927246094,84.30000305175781,84.9000015258789,82.5999984741211,84.44999694824219,15367928
2020-06-03,62.09895324707031,86.30000305175781,87.44999694824219,85.30000305175781,86.05000305175781,23936651
2020-06-04,61.091552734375,84.9000015258789,86.05000305175781,84.0,85.0,15120972
2020-06-05,62.5666618347168,86.94999694824219,88.80000305175781,85.0,85.0999984741211,18202925
2020-06-08,65.4449462890625,90.94999694824219,93.0999984741211,89.19999694824219,90.0,32511374
2020-06-09,64.7613525390625,90.0,92.4000015258789,89.3499984741211,91.94999694824219,16702413
2020-06-10,63.50211715698242,88.25,91.5,87.69999694824219,90.5999984741211,17382514
2020-06-11,62.53068542480469,86.9000015258789,89.55000305175781,86.5,88.30000305175781,14275999
2020-06-12,60.37196731567383,83.9000015258789,84.19999694824219,81.55000305175781,81.55000305175781,20601082
2020-06-15,60.51589584350586,84.0999984741211,85.9000015258789,83.0,84.0,17274210
2020-06-16,60.37196731567383,83.9000015258789,85.75,82.3499984741211,85.5,13467530
2020-06-17,60.58783721923828,84.19999694824219,84.75,83.19999694824219,83.5999984741211,15440371
2020-06-18,60.156105041503906,83.5999984741211,83.94999694824219,81.80000305175781,83.0,18460298
2020-06-19,61.703189849853516,85.75,86.30000305175781,84.30000305175781,85.5,21920473
2020-06-22,61.05556106567383,84.8499984741211,86.19999694824219,84.0999984741211,86.0999984741211,19227535
2020-06-23,61.631221771240234,85.6500015258789,86.5,84.4000015258789,85.5,23440997
2020-06-24,59.79630661010742,83.0999984741211,86.6500015258789,82.55000305175781,86.25,33080229
2020-06-25,58.71696090698242,81.5999984741211,84.0,80.0,82.25,121277435
2020-06-26,60.5518684387207,84.1500015258789,84.80000305175781,82.5,83.0999984741211,23684852
2020-06-29,59.292625427246094,82.4000015258789,84.0999984741211,81.5999984741211,83.94999694824219,14299071
2020-06-30,58.53705978393555,81.3499984741211,83.55000305175781,80.6500015258789,83.5,25762293
2020-07-01,57.88945388793945,80.44999694824219,80.94999694824219,78.30000305175781,79.0,35344784
2020-07-02,58.896846771240234,81.8499984741211,84.1500015258789,81.0999984741211,81.3499984741211,35154027
2020-07-03,59.292625427246094,82.4000015258789,83.3499984741211,81.5999984741211,82.44999694824219,16786174
2020-07-06,60.26402282714844,83.75,84.9000015258789,82.80000305175781,83.05000305175781,17510294
2020-07-07,58.968814849853516,81.94999694824219,83.80000305175781,81.80000305175781,83.75,20123433
2020-07-08,58.501094818115234,81.30000305175781,82.9000015258789,81.0,82.0,18626174
2020-07-09,57.709556579589844,80.19999694824219,82.25,79.9000015258789,81.5999984741211,17348038
2020-07-10,56.52227783203125,78.55000305175781,80.1500015258789,77.69999694824219,80.0,17773167
2020-07-13,56.77412414550781,78.9000015258789,79.55000305175781,78.4000015258789,79.19999694824219,9360631
2020-07-14,55.658790588378906,77.3499984741211,78.94999694824219,77.1500015258789,78.5,9303879
2020-07-15,54.86724853515625,76.25,78.19999694824219,75.8499984741211,78.0,14377090
2020-07-16,54.7952995300293,76.1500015258789,76.69999694824219,75.0,76.4000015258789,10604062
2020-07-17,57.817501068115234,80.3499984741211,80.6500015258789,76.30000305175781,76.30000305175781,24934060
2020-07-20,57.781532287597656,80.30000305175781,81.25,79.19999694824219,81.0,15570346
2020-07-21,59.32858657836914,82.44999694824219,82.9000015258789,80.3499984741211,80.5999984741211,20976092
2020-07-22,59.4365234375,82.5999984741211,83.5,81.69999694824219,82.75,17882873
2020-07-23,59.47251892089844,82.6500015258789,83.8499984741211,82.05000305175781,82.5,14673501
2020-07-24,58.28521728515625,81.0,82.4000015258789,80.25,82.0999984741211,10000280
2020-07-27,58.14131164550781,80.80000305175781,82.0,80.0999984741211,81.4000015258789,8510736
2020-07-28,57.49370574951172,79.9000015258789,81.25,79.30000305175781,81.0,10616766
2020-07-29,57.20585632324219,79.5,80.69999694824219,79.30000305175781,79.80000305175781,9905015
2020-07-30,55.91062927246094,77.69999694824219,80.4000015258789,77.5,80.0,9668266
2020-07-31,56.342384338378906,78.30000305175781,78.8499984741211,77.1500015258789,77.94999694824219,10963756
2020-08-03,54.61540222167969,75.9000015258789,78.5,75.55000305175781,78.3499984741211,11874183
2020-08-04,54.75932312011719,76.0999984741211,77.69999694824219,75.9000015258789,76.30000305175781,13360346
2020-08-05,55.3709602355957,76.94999694824219,77.5,76.30000305175781,76.5,9077292
2020-08-06,56.16250228881836,78.05000305175781,79.94999694824219,77.05000305175781,77.8499984741211,26386380
2020-08-07,56.594234466552734,78.6500015258789,79.4000015258789,78.0999984741211,78.1500015258789,11786462
2020-08-10,56.882057189941406,79.05000305175781,79.75,78.9000015258789,79.5,7067852
2020-08-11,56.450313568115234,78.44999694824219,80.0,78.19999694824219,79.55000305175781,10835360
2020-08-12,56.198455810546875,78.0999984741211,79.0999984741211,77.69999694824219,78.44999694824219,10481019
2020-08-13,56.55824279785156,78.5999984741211,79.44999694824219,78.4000015258789,78.55000305175781,7316635
2020-08-14,55.47889709472656,77.0999984741211,78.94999694824219,76.94999694824219,78.69999694824219,11635634
2020-08-17,57.06196212768555,79.30000305175781,79.80000305175781,77.4000015258789,77.5,13610411
2020-08-18,58.03336715698242,80.6500015258789,81.9000015258789,79.1500015258789,79.75,28329507
2020-08-19,57.2418327331543,79.55000305175781,81.69999694824219,79.0999984741211,80.8499984741211,12081197
2020-08-20,59.11273193359375,82.1500015258789,83.25,77.9000015258789,79.0,37457277
2020-08-21,58.321197509765625,81.05000305175781,83.44999694824219,80.6500015258789,82.94999694824219,17027574
2020-08-24,58.465110778808594,81.25,81.8499984741211,80.5999984741211,81.30000305175781,9797861
2020-08-25,57.925437927246094,80.5,82.5,80.19999694824219,81.4000015258789,22479622
2020-08-26,58.57304763793945,81.4000015258789,82.0999984741211,80.75,81.19999694824219,15967425
2020-08-27,57.673587799072266,80.1500015258789,81.94999694824219,80.0,81.80000305175781,16308382
2020-08-28,57.817501068115234,80.3499984741211,81.80000305175781,80.0,80.3499984741211,14666431
2020-08-31,58.968814849853516,81.94999694824219,85.5,80.9000015258789,81.0,93192019
2020-09-01,57.09792709350586,79.3499984741211,82.80000305175781,78.0,82.75,38005204
2020-09-02,57.781532287597656,80.30000305175781,81.75,79.5,81.1500015258789,31151170
2020-09-03,56.882057189941406,79.05000305175781,81.30000305175781,78.80000305175781,80.5,19975929
2020-09-04,56.05453872680664,77.9000015258789,79.0999984741211,77.3499984741211,78.55000305175781,12855650
2020-09-07,55.011173248291016,76.44999694824219,78.3499984741211,75.94999694824219,78.19999694824219,16573385
2020-09-08,53.57202911376953,74.44999694824219,76.6500015258789,74.0,76.55000305175781,17905003
2020-09-09,52.31277847290039,72.69999694824219,73.94999694824219,70.9000015258789,73.94999694824219,28166106
2020-09-10,52.99636459350586,73.6500015258789,74.4000015258789,72.6500015258789,73.5,18646363
2020-09-11,52.744537353515625,73.30000305175781,73.69999694824219,72.5999984741211,73.44999694824219,11510019
2020-09-14,52.99636459350586,73.6500015258789,74.75,73.25,73.8499984741211,11989916
2020-09-15,53.104305267333984,73.80000305175781,74.3499984741211,73.25,73.75,8883202
2020-09-16,52.56464767456055,73.05000305175781,74.44999694824219,72.55000305175781,74.25,10284798
2020-09-17,52.6365852355957,73.1500015258789,74.30000305175781,72.8499984741211,73.05000305175781,16070680
2020-09-18,53.46409225463867,74.30000305175781,74.80000305175781,72.94999694824219,73.80000305175781,25690567
2020-09-21,51.19746398925781,71.1500015258789,74.0999984741211,70.9000015258789,74.0,13686080
2020-09-22,50.010162353515625,69.5,71.30000305175781,68.75,71.0,18042069
2020-09-23,48.678958892822266,67.6500015258789,70.1500015258789,67.4000015258789,69.69999694824219,17014238
2020-09-24,47.959381103515625,66.6500015258789,67.3499984741211,65.5,66.05000305175781,32950752
2020-09-25,49.57841873168945,68.9000015258789,69.25,66.1500015258789,68.0,20235576
2020-09-28,51.70115280151367,71.8499984741211,73.69999694824219,69.25,69.44999694824219,28336496
2020-09-29,49.7583122253418,69.1500015258789,72.69999694824219,68.9000015258789,72.5,20797874
2020-09-30,49.83026123046875,69.25,70.44999694824219,67.5999984741211,69.4000015258789,20069170
2020-10-01,49.7583122253418,69.1500015258789,69.4000015258789,66.6500015258789,67.5,20869186
2020-10-05,49.79428482055664,69.19999694824219,69.69999694824219,68.4000015258789,69.0,12608039
2020-10-06,49.90222930908203,69.3499984741211,70.19999694824219,69.0,70.0,10028285
2020-10-07,50.72972106933594,70.5,73.3499984741211,69.0999984741211,69.30000305175781,50074263
2020-10-08,49.25460433959961,68.44999694824219,71.0,68.25,70.9000015258789,21348017
2020-10-09,50.5858154296875,70.30000305175781,70.5999984741211,68.25,69.0,25747313
2020-10-12,49.7583122253418,69.1500015258789,70.5999984741211,68.80000305175781,70.30000305175781,10564850
2020-10-13,49.72233200073242,69.0999984741211,69.75,68.80000305175781,69.0999984741211,9070661
2020-10-14,48.21123123168945,67.0,68.80000305175781,66.6500015258789,68.5,24825690
2020-10-15,47.52763748168945,66.05000305175781,68.5,65.69999694824219,67.0,17333956
2020-10-16,48.39112091064453,67.25,67.55000305175781,66.0,66.6500015258789,18590744
2020-10-19,49.86625289916992,69.30000305175781,70.44999694824219,67.3499984741211,67.3499984741211,25987617
2020-10-20,48.499061584472656,67.4000015258789,69.75,67.25,69.5,18530340
2020-10-21,48.78688430786133,67.80000305175781,68.5999984741211,67.0,68.0,19589424
2020-10-22,49.54243469238281,68.8499984741211,69.0999984741211,67.30000305175781,67.4000015258789,26354156
2020-10-23,49.65036392211914,69.0,69.5999984741211,68.5999984741211,69.19999694824219,13177360
2020-10-26,49.074703216552734,68.19999694824219,69.5,67.6500015258789,69.5,14224945
2020-10-27,48.10329055786133,66.8499984741211,68.44999694824219,66.5,68.0999984741211,17088331
2020-10-28,47.74351119995117,66.3499984741211,67.4000015258789,66.0999984741211,67.25,15025477
2020-10-29,46.34035110473633,64.4000015258789,66.3499984741211,64.0999984741211,66.05000305175781,29901005
2020-10-30,46.700130462646484,64.9000015258789,65.9000015258789,64.19999694824219,65.0,25849220
2020-11-02,47.275794982910156,65.69999694824219,66.05000305175781,64.19999694824219,65.4000015258789,12847852
2020-11-03,47.70753479003906,66.30000305175781,66.75,65.69999694824219,66.0,10809489
2020-11-04,47.815467834472656,66.44999694824219,66.9000015258789,65.5999984741211,66.30000305175781,12479581
2020-11-05,48.642974853515625,67.5999984741211,68.0999984741211,66.19999694824219,66.9000015258789,17947631
2020-11-06,48.93080520629883,68.0,68.19999694824219,67.19999694824219,67.69999694824219,10496588
2020-11-09,49.25460433959961,68.44999694824219,68.6500015258789,67.80000305175781,68.6500015258789,8473527
2020-11-10,50.90961837768555,70.75,71.0,68.5,69.05000305175781,33795453
2020-11-11,52.06092834472656,72.3499984741211,72.69999694824219,70.55000305175781,71.44999694824219,23531793
2020-11-12,51.48526382446289,71.55000305175781,72.9000015258789,70.75,72.5,16446681
2020-11-13,51.917022705078125,72.1500015258789,72.5,70.05000305175781,71.19999694824219,16264536
2020-11-14,52.27680206298828,72.6500015258789,74.0,72.5,74.0,5387569
2020-11-17,51.305389404296875,71.30000305175781,73.30000305175781,71.0,72.69999694824219,18852045
2020-11-18,51.773101806640625,71.94999694824219,72.0999984741211,70.9000015258789,71.6500015258789,14032869
2020-11-19,51.917022705078125,72.1500015258789,74.19999694824219,71.44999694824219,71.5,27903903
2020-11-20,51.55723571777344,71.6500015258789,72.69999694824219,70.69999694824219,72.44999694824219,14790440
2020-11-23,55.04715347290039,76.5,77.80000305175781,71.80000305175781,72.0,44111534
2020-11-24,54.75932312011719,76.0999984741211,78.05000305175781,75.4000015258789,76.75,31379070
2020-11-25,58.14131164550781,80.80000305175781,81.80000305175781,77.1500015258789,77.19999694824219,87040163
2020-11-26,57.709556579589844,80.19999694824219,81.5,79.44999694824219,81.1500015258789,30469713
2020-11-27,56.48629379272461,78.5,81.1500015258789,78.0,80.80000305175781,44245938
2020-12-01,58.68098449707031,81.55000305175781,82.0,77.05000305175781,78.5,42923229
2020-12-02,61.05556106567383,84.8499984741211,85.05000305175781,80.94999694824219,81.5,52652362
2020-12-03,63.82590103149414,88.69999694824219,89.0,85.0,85.4000015258789,53618786
2020-12-04,64.65341186523438,89.8499984741211,91.0,87.25,89.75,44126894
2020-12-07,65.87669372558594,91.55000305175781,94.0,90.75,91.1500015258789,46638129
2020-12-08,65.30103302001953,90.75,93.44999694824219,90.05000305175781,93.0,34326971
2020-12-09,65.62483215332031,91.19999694824219,92.8499984741211,90.9000015258789,91.5,25763702
2020-12-10,65.94865417480469,91.6500015258789,92.19999694824219,88.69999694824219,91.0,25329334
2020-12-11,69.6544418334961,96.80000305175781,104.4000015258789,92.5999984741211,92.5999984741211,146821189
2020-12-14,73.03642272949219,101.5,102.55000305175781,97.44999694824219,98.25,75021883
2020-12-15,72.28087615966797,100.44999694824219,102.5,99.19999694824219,102.5,33553433
2020-12-16,74.04383087158203,102.9000015258789,103.5999984741211,100.6500015258789,101.9000015258789,34618175
2020-12-17,73.03642272949219,101.5,105.5999984741211,100.69999694824219,105.0999984741211,41881430
2020-12-18,71.23749542236328,99.0,102.30000305175781,98.1500015258789,101.5,36480527
2020-12-21,64.65341186523438,89.8499984741211,98.94999694824219,88.94999694824219,98.9000015258789,58724337
2020-12-22,65.1571273803711,90.55000305175781,92.30000305175781,86.5999984741211,89.05000305175781,58602960
2020-12-23,65.33700561523438,90.80000305175781,91.30000305175781,88.30000305175781,90.5,29216106
2020-12-24,67.02799987792969,93.1500015258789,95.5,92.1500015258789,92.5,46351620
2020-12-28,67.4957275390625,93.80000305175781,95.1500015258789,93.30000305175781,94.0,17759262
2020-12-29,67.02799987792969,93.1500015258789,94.6500015258789,92.0,94.19999694824219,17678810
2020-12-30,67.09996032714844,93.25,94.5,92.75,93.5,15960705
2020-12-31,66.9560546875,93.05000305175781,95.55000305175781,92.55000305175781,93.30000305175781,43701316
2021-01-01,67.06399536132812,93.19999694824219,94.44999694824219,93.0,93.75,15130377
2021-01-04,69.76239013671875,96.94999694824219,97.30000305175781,93.69999694824219,94.05000305175781,39545073
2021-01-05,68.32321166992188,94.94999694824219,96.5,94.3499984741211,96.5,26998014
2021-01-06,69.76239013671875,96.94999694824219,99.30000305175781,96.25,98.9000015258789,50306161
2021-01-07,70.44596862792969,97.9000015258789,99.05000305175781,97.0999984741211,98.0,25285200
2021-01-08,72.42479705810547,100.6500015258789,101.30000305175781,98.55000305175781,98.94999694824219,36022114
2021-01-11,73.7919692993164,102.55000305175781,102.9000015258789,98.05000305175781,101.5,36301647
2021-01-12,74.43958282470703,103.44999694824219,104.5,100.75,102.0,28353142
2021-01-13,75.73480987548828,105.25,107.9000015258789,104.0999984741211,104.94999694824219,42401579
2021-01-14,75.59090423583984,105.05000305175781,107.44999694824219,104.19999694824219,107.0,24455634
2021-01-15,72.9644546508789,101.4000015258789,106.0999984741211,100.6500015258789,105.25,28185982
2021-01-18,69.54650115966797,96.6500015258789,101.8499984741211,96.05000305175781,101.4000015258789,33623461
2021-01-19,70.58987426757812,98.0999984741211,99.0,97.5,97.75,26085121
2021-01-20,71.12955474853516,98.8499984741211,99.80000305175781,97.8499984741211,99.0,18486566
2021-01-21,68.14334106445312,94.69999694824219,100.19999694824219,93.9000015258789,99.05000305175781,26939349
2021-01-22,66.74017333984375,92.75,95.44999694824219,92.5,94.5999984741211,27311961
2021-01-25,65.73277282714844,91.3499984741211,93.75,90.0,93.05000305175781,28522112
2021-01-27,64.54547119140625,89.69999694824219,91.75,88.9000015258789,91.4000015258789,34022621
2021-01-28,65.22906494140625,90.6500015258789,91.4000015258789,88.80000305175781,89.0,26810222
2021-01-29,63.538089752197266,88.30000305175781,92.94999694824219,87.75,90.75,33858273
2021-02-01,65.37298583984375,90.8499984741211,91.19999694824219,88.44999694824219,89.0,24228098
2021-02-02,66.81212615966797,92.8499984741211,93.94999694824219,91.19999694824219,92.5,22141489
2021-02-03,67.17192077636719,93.3499984741211,95.30000305175781,93.0,94.5999984741211,25912911
2021-02-04,70.26605987548828,97.6500015258789,98.5999984741211,94.0,94.25,49670027
2021-02-05,70.26605987548828,97.6500015258789,99.94999694824219,96.80000305175781,98.94999694824219,30514219
2021-02-08,71.70521545410156,99.6500015258789,100.80000305175781,99.0999984741211,99.5,29096831
2021-02-09,72.67662048339844,101.0,103.3499984741211,99.80000305175781,99.80000305175781,39638657
2021-02-10,71.9570541381836,100.0,102.5,98.5999984741211,102.0,21467230
2021-02-11,71.5613021850586,99.44999694824219,100.3499984741211,98.9000015258789,100.0,11287104
2021-02-12,69.79835510253906,97.0,99.4000015258789,96.55000305175781,98.9000015258789,18187705
2021-02-15,70.84173583984375,98.44999694824219,99.25,95.5999984741211,97.0,26118576
2021-02-16,74.65545654296875,103.75,104.8499984741211,99.25,99.25,76236798
2021-02-17,74.83843231201172,102.25,103.5,100.80000305175781,102.0,21014091
2021-02-18,81.02312469482422,110.69999694824219,115.5,103.3499984741211,103.69999694824219,110000964
2021-02-19,76.92438507080078,105.0999984741211,112.19999694824219,103.8499984741211,110.69999694824219,48225988
2021-02-22,77.80268859863281,106.30000305175781,108.55000305175781,105.30000305175781,105.9000015258789,36592043
2021-02-23,82.12098693847656,112.19999694824219,114.4000015258789,109.44999694824219,109.75,90860972
2021-02-24,83.14569091796875,113.5999984741211,115.3499984741211,111.0,114.0,26071364
2021-02-25,87.1346206665039,119.05000305175781,120.5,115.3499984741211,116.0,62038881
2021-02-26,81.24271392822266,111.0,118.4000015258789,110.05000305175781,115.5,55154985
2021-03-01,85.6707992553711,117.05000305175781,117.6500015258789,113.5,114.30000305175781,41672980
2021-03-02,83.07249450683594,113.5,116.6500015258789,112.75,115.9000015258789,36303917
2021-03-03,83.43846130371094,114.0,115.80000305175781,113.19999694824219,114.05000305175781,19434630
2021-03-04,82.48694610595703,112.69999694824219,117.0,112.30000305175781,113.94999694824219,38272786
2021-03-05,84.1337661743164,114.94999694824219,118.25,113.5,116.25,57756103
2021-03-08,86.54907989501953,118.25,122.3499984741211,117.19999694824219,118.94999694824219,63866178
2021-03-09,85.45121765136719,116.75,119.55000305175781,114.19999694824219,119.4000015258789,26817643
2021-03-10,83.73120880126953,114.4000015258789,117.0,113.5999984741211,116.9000015258789,23841269
2021-03-12,84.20696258544922,115.05000305175781,117.4000015258789,114.0,116.75,20691698
2021-03-15,83.69461822509766,114.3499984741211,116.8499984741211,112.80000305175781,116.0,19679802
2021-03-16,84.24353790283203,115.0999984741211,116.30000305175781,113.44999694824219,113.80000305175781,20680669
2021-03-17,80.03502655029297,109.3499984741211,114.8499984741211,108.75,114.80000305175781,31017863
2021-03-18,80.65715789794922,110.19999694824219,112.19999694824219,107.5,110.0,26710696
2021-03-19,80.8767318725586,110.5,113.25,104.44999694824219,106.25,50386785
2021-03-22,80.21800231933594,109.5999984741211,111.25,108.55000305175781,110.5,15825065
2021-03-23,78.42481994628906,107.1500015258789,110.30000305175781,106.5999984741211,109.5999984741211,15815643
2021-03-24,76.7048110961914,104.80000305175781,106.0,102.8499984741211,105.0,31083656
2021-03-25,74.65545654296875,102.0,107.69999694824219,101.30000305175781,106.0,37295495
2021-03-26,74.94822692871094,102.4000015258789,104.0,100.25,103.0,26637085
2021-03-30,75.75333404541016,103.5,106.30000305175781,102.5999984741211,104.05000305175781,31843017
2021-03-31,74.7652587890625,102.1500015258789,104.19999694824219,101.9000015258789,102.80000305175781,19587582
2021-04-01,76.3754653930664,104.3499984741211,105.25,101.1500015258789,103.0,22299747
2021-04-05,75.71672821044922,103.44999694824219,104.5,99.4000015258789,102.1500015258789,24878516
2021-04-06,76.08270263671875,103.94999694824219,104.4000015258789,101.30000305175781,102.6500015258789,15156974
2021-04-07,76.59504699707031,104.6500015258789,105.3499984741211,103.44999694824219,103.9000015258789,10330347
2021-04-08,75.82650756835938,103.5999984741211,105.69999694824219,103.30000305175781,103.80000305175781,26105970
2021-04-09,75.97290802001953,103.80000305175781,104.9000015258789,103.0,103.0,17645822
2021-04-12,71.7643814086914,98.05000305175781,102.25,97.44999694824219,100.8499984741211,27005598
2021-04-13,74.69204711914062,102.05000305175781,102.5,98.05000305175781,98.05000305175781,25505623
2021-04-15,76.92438507080078,105.0999984741211,106.75,103.80000305175781,104.25,28659714
2021-04-16,78.53461456298828,107.30000305175781,107.8499984741211,104.19999694824219,104.5999984741211,21627285
2021-04-19,75.42395782470703,103.05000305175781,105.94999694824219,101.9000015258789,103.94999694824219,19166492
2021-04-20,75.27758026123047,102.8499984741211,105.0,102.19999694824219,103.30000305175781,23082015
2021-04-22,75.4605712890625,103.0999984741211,104.44999694824219,101.6500015258789,102.4000015258789,14844968
2021-04-23,74.94822692871094,102.4000015258789,103.6500015258789,101.5999984741211,102.0,12790334
2021-04-26,75.2409896850586,102.80000305175781,105.69999694824219,102.5,105.25,11797791
2021-04-27,75.53376007080078,103.19999694824219,104.0,102.80000305175781,102.80000305175781,8886250
2021-04-28,76.04608154296875,103.9000015258789,104.4000015258789,103.30000305175781,103.75,6887787
2021-04-29,76.15587615966797,104.05000305175781,105.9000015258789,103.55000305175781,104.9000015258789,14990087
2021-04-30,79.15673828125,108.1500015258789,112.69999694824219,103.30000305175781,104.1500015258789,81358264
2021-05-03,78.82736206054688,107.69999694824219,110.69999694824219,106.0,108.1500015258789,33975507
2021-05-04,80.2546157836914,109.6500015258789,110.30000305175781,107.69999694824219,108.0,30811922
2021-05-05,81.3158950805664,111.0999984741211,114.0,110.5,112.4000015258789,47588366
2021-05-06,80.69375610351562,110.25,112.8499984741211,109.44999694824219,112.30000305175781,26083818
2021-05-07,81.57205200195312,111.44999694824219,112.3499984741211,109.6500015258789,110.8499984741211,28016564
2021-05-10,83.36526489257812,113.9000015258789,114.94999694824219,112.5,113.8499984741211,33477142
2021-05-11,86.43930053710938,118.0999984741211,118.69999694824219,110.75,112.55000305175781,48355326
2021-05-12,84.24353790283203,115.0999984741211,121.1500015258789,113.69999694824219,118.69999694824219,49718697
2021-05-14,82.6699447631836,112.94999694824219,116.0,111.55000305175781,116.0,23626454
2021-05-17,83.62141418457031,114.25,115.4000015258789,112.25,113.94999694824219,19960145
2021-05-18,84.97547149658203,116.0999984741211,117.5,114.30000305175781,115.0,29395737
2021-05-19,84.09716033935547,114.9000015258789,115.80000305175781,113.4000015258789,114.5,25295575
2021-05-20,81.82823944091797,111.80000305175781,114.69999694824219,111.19999694824219,113.44999694824219,21131045
2021-05-21,82.5235595703125,112.75,114.05000305175781,111.05000305175781,111.05000305175781,20562816
2021-05-24,82.74311065673828,113.05000305175781,113.94999694824219,110.8499984741211,113.25,24785960
2021-05-25,83.87759399414062,114.5999984741211,117.0999984741211,113.69999694824219,114.4000015258789,25820379
2021-05-26,82.96270751953125,113.3499984741211,115.4000015258789,113.0,115.4000015258789,12045621
2021-05-27,81.86482238769531,111.8499984741211,113.6500015258789,111.30000305175781,113.0,22821449
2021-05-28,82.23079681396484,112.3499984741211,115.55000305175781,111.8499984741211,113.19999694824219,19331994
2021-05-31,83.18226623535156,113.6500015258789,114.3499984741211,111.4000015258789,112.5,16430926
2021-06-01,86.07334899902344,117.5999984741211,118.44999694824219,114.19999694824219,114.3499984741211,51620011
2021-06-02,86.1831283569336,117.75,119.4000015258789,116.0,118.0,27162991
2021-06-03,89.65974426269531,122.5,123.80000305175781,118.44999694824219,118.80000305175781,64241347
2021-06-04,91.81889343261719,125.44999694824219,126.69999694824219,123.3499984741211,124.5999984741211,72354379
2021-06-07,91.59930419921875,125.1500015258789,127.5,124.9000015258789,126.94999694824219,28709907
2021-06-08,91.34314727783203,124.80000305175781,125.9000015258789,122.6500015258789,125.75,15261479
2021-06-09,90.7942123413086,124.05000305175781,128.0,123.05000305175781,127.0,29718157
2021-06-10,90.72100830078125,123.94999694824219,124.80000305175781,122.44999694824219,123.75,12245640
2021-06-11,90.42826080322266,123.55000305175781,126.5999984741211,122.5,123.94999694824219,18360366
2021-06-14,91.34314727783203,124.80000305175781,125.80000305175781,121.25,124.4000015258789,19547491
2021-06-15,91.74569702148438,125.3499984741211,128.5,124.8499984741211,125.5999984741211,32779493
2021-06-16,92.73377990722656,126.69999694824219,128.25,126.0999984741211,127.0,31654780
2021-06-17,91.56271362304688,125.0999984741211,127.0,123.5,125.5999984741211,18124616
2021-06-18,88.01292419433594,120.25,124.55000305175781,118.9000015258789,124.55000305175781,87912730
2021-06-21,88.52526092529297,120.94999694824219,122.0,118.94999694824219,119.4000015258789,15669821
2021-06-22,89.33036804199219,122.05000305175781,124.19999694824219,121.5,122.69999694824219,23629008
2021-06-23,90.28186798095703,123.3499984741211,124.4000015258789,121.75,123.5,21978870
2021-06-24,89.29377746582031,122.0,124.44999694824219,121.3499984741211,124.44999694824219,24358397
2021-06-25,88.48866271972656,120.9000015258789,124.94999694824219,120.3499984741211,122.94999694824219,34557609
2021-06-28,89.54994201660156,122.3499984741211,124.5,121.80000305175781,122.55000305175781,23728169
2021-06-29,87.39078521728516,119.4000015258789,122.44999694824219,119.0999984741211,121.80000305175781,20857415
2021-06-30,86.14653015136719,117.69999694824219,120.94999694824219,117.05000305175781,120.3499984741211,19094044
2021-07-01,86.98825073242188,118.8499984741211,119.75,117.30000305175781,117.75,16012542
2021-07-02,86.69546508789062,118.44999694824219,120.8499984741211,118.0,120.0,20014124
2021-07-05,88.52526092529297,120.94999694824219,121.44999694824219,118.9000015258789,119.1500015258789,12050022
2021-07-06,88.92781066894531,121.5,125.0,121.05000305175781,123.0,30193164
2021-07-07,87.75675201416016,119.9000015258789,120.4000015258789,117.80000305175781,119.9000015258789,18479814
2021-07-08,85.6707992553711,117.05000305175781,119.4000015258789,116.8499984741211,119.4000015258789,17151883
2021-07-09,86.29292297363281,117.9000015258789,118.6500015258789,116.5999984741211,117.0999984741211,11240925
2021-07-12,86.76866912841797,118.55000305175781,119.3499984741211,118.0,119.0,8420962
2021-07-13,88.12271881103516,120.4000015258789,120.80000305175781,118.5999984741211,119.0,8580799
2021-07-14,88.41546630859375,120.80000305175781,121.75,120.0999984741211,120.30000305175781,12709481
2021-07-15,85.56099700927734,116.9000015258789,119.4000015258789,116.19999694824219,119.19999694824219,28589465
2021-07-16,85.4878158569336,116.80000305175781,117.4000015258789,115.75,117.19999694824219,19691248
2021-07-19,83.87759399414062,114.5999984741211,116.55000305175781,114.19999694824219,114.80000305175781,14395883
2021-07-20,82.41375732421875,112.5999984741211,113.25,111.5999984741211,112.05000305175781,18634406
2021-07-22,84.53632354736328,115.5,115.80000305175781,113.94999694824219,114.4000015258789,11710140
2021-07-23,84.38993072509766,115.30000305175781,116.75,114.75,115.5,7841690
2021-07-26,83.84101104736328,114.55000305175781,115.5999984741211,114.0999984741211,114.8499984741211,8149770
2021-07-27,83.91419219970703,114.6500015258789,115.9000015258789,114.0,115.3499984741211,9704729
2021-07-28,83.69461822509766,114.3499984741211,115.19999694824219,113.44999694824219,114.9000015258789,11020097
2021-07-29,83.98739624023438,114.75,115.80000305175781,113.30000305175781,114.30000305175781,14142749
2021-07-30,84.38993072509766,115.30000305175781,116.75,113.80000305175781,114.30000305175781,12236156
2021-08-02,85.70738983154297,117.0999984741211,117.5,114.80000305175781,114.94999694824219,10895726
2021-08-03,86.29292297363281,117.9000015258789,118.19999694824219,115.1500015258789,116.1500015258789,15163353
2021-08-04,85.89037322998047,117.3499984741211,118.5,116.5999984741211,117.69999694824219,14304543
2021-08-05,85.52439880371094,116.8499984741211,117.25,114.69999694824219,116.19999694824219,11033147
2021-08-06,85.37802124023438,116.6500015258789,118.19999694824219,116.1500015258789,116.1500015258789,6606584
2021-08-09,84.17035675048828,115.0,117.0,114.30000305175781,116.0,8294214
2021-08-10,84.06058502197266,114.8499984741211,115.69999694824219,113.9000015258789,115.0999984741211,14300982
2021-08-11,85.63418579101562,117.0,117.30000305175781,114.8499984741211,115.5,11308648
2021-08-12,85.08525848388672,116.25,117.9000015258789,115.30000305175781,116.0999984741211,13519139
2021-08-13,84.97547149658203,116.0999984741211,116.94999694824219,115.3499984741211,116.80000305175781,10342014
2021-08-16,84.53632354736328,115.5,118.3499984741211,114.69999694824219,116.9000015258789,14771886
2021-08-17,83.32865142822266,113.8499984741211,116.0,112.69999694824219,116.0,16025745
2021-08-18,82.8529052734375,113.19999694824219,115.25,112.9000015258789,113.9000015258789,10074307
2021-08-20,80.65715789794922,110.19999694824219,111.75,108.5,110.6500015258789,23878081
2021-08-23,81.7916259765625,111.75,112.0,108.5,110.3499984741211,16886027
2021-08-24,82.8529052734375,113.19999694824219,115.19999694824219,112.0999984741211,113.1500015258789,17368602
2021-08-25,84.64611053466797,115.6500015258789,117.19999694824219,113.30000305175781,113.5,18637317
2021-08-26,84.57291412353516,115.55000305175781,116.25,114.4000015258789,115.5999984741211,8779246
2021-08-27,85.37802124023438,116.6500015258789,117.0,114.94999694824219,115.5,9706825
2021-08-30,87.93973541259766,120.1500015258789,120.4000015258789,116.75,116.75,15933414
2021-08-31,88.23249816894531,120.55000305175781,121.0,119.05000305175781,120.0,13376290
2021-09-01,87.61038208007812,119.69999694824219,122.25,119.4000015258789,121.80000305175781,10964080
2021-09-02,86.84185791015625,118.6500015258789,120.1500015258789,118.0,118.9000015258789,13031666
2021-09-03,90.098876953125,123.0999984741211,123.5,118.80000305175781,119.94999694824219,21326802
2021-09-06,89.03760528564453,121.6500015258789,124.3499984741211,121.1500015258789,123.80000305175781,12505630
2021-09-07,87.79335021972656,119.94999694824219,122.75,119.55000305175781,122.5,8530847
2021-09-08,88.42521667480469,118.94999694824219,119.5,117.5,119.0,7801721
2021-09-09,90.80403900146484,122.1500015258789,123.80000305175781,118.19999694824219,119.0999984741211,27242637
2021-09-13,91.47308349609375,123.05000305175781,123.4000015258789,121.0999984741211,122.19999694824219,9921031
2021-09-14,92.14212036132812,123.94999694824219,125.4000015258789,122.80000305175781,123.30000305175781,16593684
2021-09-15,95.48735046386719,128.4499969482422,130.6999969482422,124.25,124.25,42437332
2021-09-16,95.6731948852539,128.6999969482422,131.25,127.4000015258789,129.64999389648438,22431820
2021-09-17,94.96697235107422,127.75,129.6999969482422,124.75,128.6999969482422,25968166
2021-09-20,95.52452850341797,128.5,129.39999389648438,125.05000305175781,125.05000305175781,29857432
2021-09-21,100.50516510009766,135.1999969482422,136.0,129.10000610351562,129.60000610351562,51537119
2021-09-22,99.3529281616211,133.64999389648438,135.25,132.4499969482422,134.5,16424387
2021-09-23,102.40080261230469,137.75,138.35000610351562,134.39999389648438,134.8000030517578,18688982
2021-09-24,101.17422485351562,136.10000610351562,139.89999389648438,134.5,138.89999389648438,33667173
2021-09-27,104.0733871459961,140.0,140.75,137.5,138.0500030517578,34196564
2021-09-28,105.7088394165039,142.1999969482422,143.60000610351562,141.0,141.8000030517578,46109879
2021-09-29,107.6044692993164,144.75,148.8000030517578,139.35000610351562,140.85000610351562,68003697
2021-09-30,107.41861724853516,144.5,146.0500030517578,141.35000610351562,144.75,26714630
2021-10-01,108.71952819824219,146.25,149.64999389648438,144.10000610351562,145.1999969482422,42893182
2021-10-04,109.72309875488281,147.60000610351562,148.5,147.0,147.8000030517578,16099471
2021-10-05,121.65438842773438,163.64999389648438,164.60000610351562,149.0,150.0,131238378
2021-10-06,124.96241760253906,168.10000610351562,172.75,165.8000030517578,166.0,101221817
2021-10-07,119.23837280273438,160.39999389648438,170.14999389648438,159.5,170.14999389648438,59769140
2021-10-08,119.64725494384766,160.9499969482422,166.60000610351562,160.5,163.89999389648438,30561341
2021-10-11,122.65794372558594,165.0,166.1999969482422,162.6999969482422,163.75,18143592
2021-10-12,121.58003997802734,163.5500030517578,165.85000610351562,162.75,165.10000610351562,11619888
2021-10-13,118.94104766845703,160.0,163.8000030517578,159.6999969482422,163.64999389648438,16690451
2021-10-14,118.23482513427734,159.0500030517578,161.75,158.64999389648438,161.0,14821875
2021-10-18,120.50213623046875,162.10000610351562,165.5,161.1999969482422,163.75,22899876
2021-10-19,117.90032196044922,158.60000610351562,163.5,158.0,163.5,10331930
2021-10-20,115.14976501464844,154.89999389648438,159.35000610351562,153.64999389648438,159.25,17118996
2021-10-21,115.22412109375,155.0,160.3000030517578,154.5500030517578,157.60000610351562,31555789
2021-10-22,116.74807739257812,157.0500030517578,158.35000610351562,154.5,157.0,27317028
2021-10-25,119.98175811767578,161.39999389648438,162.9499969482422,158.89999389648438,159.0,34568006
2021-10-26,121.24552154541016,163.10000610351562,163.9499969482422,160.3000030517578,163.5500030517578,33022684
2021-10-27,117.37992095947266,157.89999389648438,163.60000610351562,157.0,163.10000610351562,21652522
2021-10-28,111.6558837890625,150.1999969482422,156.85000610351562,148.6999969482422,150.0,24815027
2021-10-29,110.80101776123047,149.0500030517578,151.85000610351562,146.0,149.89999389648438,18736450
2021-11-01,113.848876953125,153.14999389648438,153.60000610351562,148.39999389648438,150.0,11444653
2021-11-02,113.70018005371094,152.9499969482422,154.8000030517578,151.35000610351562,153.9499969482422,20609479
2021-11-03,112.99397277832031,152.0,154.1999969482422,149.8000030517578,151.1999969482422,11591857
2021-11-04,113.03115844726562,152.0500030517578,152.85000610351562,151.25,152.0,1114216
2021-11-08,115.14976501464844,154.89999389648438,155.5500030517578,151.6999969482422,152.9499969482422,16568525
2021-11-09,116.45069885253906,156.64999389648438,158.14999389648438,155.0,156.5,13601954
2021-11-10,117.23126983642578,157.6999969482422,158.6999969482422,156.4499969482422,156.6999969482422,13900618
2021-11-11,114.10904693603516,153.5,156.85000610351562,153.0500030517578,156.60000610351562,14158749
2021-11-12,114.96392822265625,154.64999389648438,155.60000610351562,153.3000030517578,154.0,10552485
2021-11-15,117.30559539794922,157.8000030517578,162.25,156.0,156.4499969482422,45750584
2021-11-16,116.8223876953125,157.14999389648438,159.6999969482422,156.8000030517578,159.39999389648438,12956283
2021-11-17,117.00823211669922,157.39999389648438,159.25,156.60000610351562,157.0,11420415
2021-11-18,114.70375061035156,154.3000030517578,157.0,153.6999969482422,157.0,18351511
2021-11-22,112.96932983398438,146.5500030517578,153.6999969482422,146.0,151.25,21558590
2021-11-23,113.08495330810547,146.6999969482422,147.6999969482422,143.39999389648438,145.8000030517578,21216047
2021-11-24,118.2882308959961,153.4499969482422,155.85000610351562,149.0,149.0,36294271
2021-11-25,119.56017303466797,155.10000610351562,156.0,152.5500030517578,154.0,11554142
2021-11-26,113.39330291748047,147.10000610351562,152.25,146.25,152.25,23135841
2021-11-29,111.0807113647461,144.10000610351562,146.0500030517578,141.89999389648438,145.0,18736522
2021-11-30,109.53901672363281,142.10000610351562,147.75,141.10000610351562,143.35000610351562,22980651
2021-12-01,109.65462493896484,142.25,143.64999389648438,139.64999389648438,142.39999389648438,14278744
2021-12-02,111.00364685058594,144.0,144.64999389648438,140.39999389648438,140.5,8561767
2021-12-03,112.46824645996094,145.89999389648438,146.85000610351562,143.14999389648438,144.0,10690334
2021-12-06,110.50257873535156,143.35000610351562,145.85000610351562,142.75,145.8000030517578,7749262
2021-12-07,112.46824645996094,145.89999389648438,146.25,144.5,145.0,10253663
2021-12-08,114.39541625976562,148.39999389648438,150.35000610351562,146.8000030517578,147.0,12266948
2021-12-09,113.58602142333984,147.35000610351562,149.89999389648438,146.35000610351562,149.5,7989291
2021-12-10,113.74018859863281,147.5500030517578,148.0,145.5500030517578,146.25,10324085
2021-12-13,112.5068130493164,145.9499969482422,150.5,145.35000610351562,148.9499969482422,13595587
2021-12-14,113.23912811279297,146.89999389648438,147.4499969482422,143.9499969482422,144.25,12331999
2021-12-15,110.965087890625,143.9499969482422,147.6999969482422,143.60000610351562,146.3000030517578,10361033
2021-12-16,112.0442886352539,145.35000610351562,146.25,144.5500030517578,145.3000030517578,12156709
2021-12-17,107.4576644897461,139.39999389648438,145.10000610351562,138.5,144.1999969482422,17667617
2021-12-20,103.29505157470703,134.0,137.64999389648438,131.64999389648438,137.5,17238729
2021-12-21,104.87530517578125,136.0500030517578,136.85000610351562,133.8000030517578,135.0500030517578,8615570
2021-12-22,105.45346069335938,136.8000030517578,137.9499969482422,135.3000030517578,137.39999389648438,4968143
2021-12-23,108.30562591552734,140.5,141.0,137.14999389648438,138.5,6324169
2021-12-24,106.76390075683594,138.5,141.60000610351562,137.1999969482422,141.5500030517578,5657495
2021-12-27,105.87744140625,137.35000610351562,138.0500030517578,136.0,136.5500030517578,4404298
2021-12-28,107.53475952148438,139.5,140.5,138.5,139.14999389648438,8738089
2021-12-29,107.0722427368164,138.89999389648438,140.85000610351562,137.4499969482422,140.1999969482422,6571286
2021-12-30,108.30562591552734,140.5,141.1999969482422,138.5,138.75,11556524
2021-12-31,109.77025604248047,142.39999389648438,142.9499969482422,139.4499969482422,140.4499969482422,6393760
2022-01-03,110.27134704589844,143.0500030517578,143.4499969482422,141.1999969482422,142.35000610351562,3765911
2022-01-04,113.93289184570312,147.8000030517578,148.60000610351562,143.10000610351562,143.10000610351562,16351836
2022-01-05,115.8985824584961,150.35000610351562,151.10000610351562,147.39999389648438,148.5,12977680
2022-01-06,116.24546813964844,150.8000030517578,151.39999389648438,148.35000610351562,150.60000610351562,9012777
2022-01-07,121.0633544921875,157.0500030517578,157.5,151.35000610351562,151.5,30889365
2022-01-10,122.0654525756836,158.35000610351562,159.39999389648438,156.39999389648438,158.25,16418985
2022-01-11,124.06968688964844,160.9499969482422,161.64999389648438,157.60000610351562,158.8000030517578,14457548
2022-01-12,127.15312194824219,164.9499969482422,165.6999969482422,161.39999389648438,162.6999969482422,21220614
2022-01-13,126.38226318359375,163.9499969482422,165.5,163.0500030517578,164.9499969482422,7445346
2022-01-14,124.14677429199219,161.0500030517578,163.3000030517578,160.1999969482422,162.9499969482422,11646259
2022-01-17,127.84689331054688,165.85000610351562,168.1999969482422,162.3000030517578,162.5,32577835
2022-01-18,126.30519104003906,163.85000610351562,168.39999389648438,163.39999389648438,168.3000030517578,11175409
2022-01-19,131.23866271972656,170.25,171.0,164.89999389648438,165.3000030517578,36648534
2022-01-20,128.6177520751953,166.85000610351562,170.89999389648438,166.5,170.89999389648438,14474454
2022-01-21,126.15099334716797,163.64999389648438,166.39999389648438,162.3000030517578,165.3000030517578,8625926
2022-01-24,127.73124694824219,165.6999969482422,168.3000030517578,163.75,165.1999969482422,28783449
2022-01-25,127.30729675292969,165.14999389648438,166.6999969482422,163.0,163.0,14249846
2022-01-27,127.73124694824219,165.6999969482422,168.75,164.5,165.10000610351562,25936832
2022-01-28,130.12094116210938,168.8000030517578,174.6999969482422,166.25,167.5500030517578,32790065
2022-01-31,133.05018615722656,172.60000610351562,174.85000610351562,169.5500030517578,171.60000610351562,24031034
2022-02-01,131.77825927734375,170.9499969482422,174.89999389648438,168.5,174.0,14220953
2022-02-02,132.048095703125,171.3000030517578,174.0500030517578,170.5,170.5500030517578,12478192
2022-02-03,129.11883544921875,167.5,171.25,166.0,170.0,12529302
2022-02-04,130.7376251220703,169.60000610351562,172.6999969482422,169.0500030517578,170.0,17434362
2022-02-07,132.66476440429688,172.10000610351562,173.3000030517578,169.1999969482422,170.6999969482422,11723574
2022-02-08,128.69483947753906,166.9499969482422,173.0,166.5,172.0,13231599
2022-02-09,126.38226318359375,163.9499969482422,169.60000610351562,163.10000610351562,167.89999389648438,17938632
2022-02-10,130.35218811035156,169.10000610351562,170.39999389648438,165.14999389648438,165.85000610351562,26763203
2022-02-11,129.619873046875,168.14999389648438,170.5,167.10000610351562,167.9499969482422,12884995
2022-02-14,128.11669921875,166.1999969482422,176.35000610351562,165.1999969482422,168.89999389648438,44604164
2022-02-15,126.53643798828125,164.14999389648438,170.0,156.39999389648438,170.0,31146458
2022-02-16,129.92823791503906,168.5500030517578,168.89999389648438,164.5,164.5,15960268
2022-02-17,132.3949432373047,171.75,172.39999389648438,168.5,168.5500030517578,24640791
2022-02-18,129.42715454101562,167.89999389648438,171.75,166.6999969482422,171.1999969482422,11829998
2022-02-21,127.28497314453125,163.39999389648438,167.5500030517578,163.0500030517578,167.39999389648438,14222260
2022-02-22,128.49237060546875,164.9499969482422,166.5,163.25,166.5,29399172
2022-02-23,125.22067260742188,160.75,166.39999389648438,159.64999389648438,166.25,21301826
2022-02-24,122.02685546875,156.64999389648438,162.39999389648438,156.0,160.75,28766189
2022-02-25,124.24694061279297,159.5,160.39999389648438,156.8000030517578,159.39999389648438,20225258
2022-02-28,125.14276123046875,160.64999389648438,161.85000610351562,155.8000030517578,160.5,20210070
2022-03-02,126.93444061279297,162.9499969482422,168.35000610351562,161.89999389648438,165.64999389648438,41103406
2022-03-03,132.65989685058594,170.3000030517578,171.8000030517578,162.89999389648438,168.3000030517578,42345653
2022-03-04,128.72607421875,165.25,171.0,163.85000610351562,170.10000610351562,32658756
2022-03-07,145.6298828125,186.9499969482422,189.8000030517578,167.10000610351562,167.10000610351562,132538155
2022-03-08,139.51490783691406,179.10000610351562,194.9499969482422,177.8000030517578,190.0,73127816
2022-03-09,136.6326904296875,175.39999389648438,183.8000030517578,173.85000610351562,183.0,51977091
2022-03-10,135.81475830078125,174.35000610351562,176.89999389648438,165.0,168.25,62112814
2022-03-11,136.86634826660156,175.6999969482422,176.39999389648438,171.6999969482422,172.5,26187452
2022-03-14,133.82838439941406,171.8000030517578,175.5,170.60000610351562,174.0,20214021
2022-03-15,127.55758666992188,163.75,169.5,161.64999389648438,168.3000030517578,42333127
2022-03-16,130.3229522705078,167.3000030517578,167.85000610351562,161.85000610351562,166.0,25545119
2022-03-17,132.65989685058594,170.3000030517578,171.5,164.60000610351562,166.60000610351562,66314748
2022-03-21,134.41261291503906,172.5500030517578,175.0,170.3000030517578,171.6999969482422,20614652
2022-03-22,136.67166137695312,175.4499969482422,181.25,173.8000030517578,176.1999969482422,39742745
2022-03-23,136.78851318359375,175.60000610351562,177.6999969482422,174.85000610351562,176.5,10994784
2022-03-24,138.22958374023438,177.4499969482422,180.39999389648438,176.5,178.89999389648438,20332589
2022-03-25,136.9442901611328,175.8000030517578,179.25,175.10000610351562,178.5,13608989
2022-03-28,137.3727264404297,176.35000610351562,177.89999389648438,174.64999389648438,175.5,15253027
2022-03-29,133.2052001953125,171.0,175.1999969482422,170.5500030517578,174.9499969482422,14210783
2022-03-30,126.19439697265625,162.0,164.85000610351562,161.14999389648438,163.0,95239532
2022-03-31,127.6744384765625,163.89999389648438,165.25,161.14999389648438,161.85000610351562,33523683
2022-04-01,130.8292999267578,167.9499969482422,168.25,163.5500030517578,163.89999389648438,28335224
2022-04-04,130.90721130371094,168.0500030517578,169.0500030517578,165.35000610351562,166.9499969482422,17745513
2022-04-05,133.86732482910156,171.85000610351562,172.75,169.3000030517578,170.25,20054934
2022-04-06,134.6073455810547,172.8000030517578,173.5,170.3000030517578,170.60000610351562,12969222
2022-04-07,131.53041076660156,168.85000610351562,173.8000030517578,168.1999969482422,170.60000610351562,24550313
2022-04-08,133.1273193359375,170.89999389648438,171.3000030517578,168.6999969482422,169.0,9529874
2022-04-11,133.3609619140625,171.1999969482422,172.75,169.5500030517578,171.0,9724979
2022-04-12,131.5693359375,168.89999389648438,172.1999969482422,168.1999969482422,171.0,13184429
2022-04-13,135.73687744140625,174.25,174.85000610351562,170.6999969482422,171.39999389648438,23458303
2022-04-18,136.9442901611328,175.8000030517578,179.0,175.10000610351562,176.0,23916912
2022-04-19,137.99591064453125,177.14999389648438,179.8000030517578,176.0,177.3000030517578,17880666
2022-04-20,136.71060180664062,175.5,177.35000610351562,174.8000030517578,176.89999389648438,10076403
2022-04-21,135.65899658203125,174.14999389648438,176.6999969482422,173.89999389648438,175.6999969482422,12246720
2022-04-22,135.54214477539062,174.0,176.3000030517578,173.6999969482422,174.14999389648438,10267952
2022-04-25,132.15357971191406,169.64999389648438,173.0,168.3000030517578,171.0,12583497
2022-04-26,130.0503387451172,166.9499969482422,171.6999969482422,165.6999969482422,171.10000610351562,20086229
2022-04-27,128.41448974609375,164.85000610351562,168.89999389648438,163.35000610351562,167.9499969482422,13981957
2022-04-28,128.3755340576172,164.8000030517578,166.0,162.4499969482422,166.0,13030499
2022-04-29,124.98697662353516,160.4499969482422,167.4499969482422,159.5,166.5,15964743
2022-05-02,121.79318237304688,156.35000610351562,159.25,155.89999389648438,158.14999389648438,23405519
2022-05-04,126.38916015625,162.25,162.8000030517578,157.9499969482422,159.0,23661920
2022-05-05,128.41448974609375,164.85000610351562,168.39999389648438,163.39999389648438,164.1999969482422,26878516
2022-05-06,130.0503387451172,166.9499969482422,167.39999389648438,161.10000610351562,163.89999389648438,16768573
2022-05-09,128.3365936279297,164.75,167.3000030517578,162.75,165.25,9952775
2022-05-10,120.31310272216797,154.4499969482422,161.64999389648438,152.89999389648438,160.4499969482422,22602956
2022-05-11,123.5458755493164,158.60000610351562,160.0,153.75,154.0,15084514
2022-05-12,121.91002655029297,156.5,161.0,154.0,159.0,21459069
2022-05-13,119.61204528808594,153.5500030517578,160.3000030517578,152.9499969482422,160.0,12934346
2022-05-16,119.57308197021484,153.5,156.25,151.8000030517578,154.1999969482422,13205775
2022-05-17,127.0902099609375,163.14999389648438,163.6999969482422,155.5500030517578,156.0,17843200
2022-05-18,127.1291732788086,163.1999969482422,164.5,160.1999969482422,162.0,12616832
2022-05-19,124.63646697998047,160.0,162.0500030517578,157.8000030517578,158.5500030517578,8932407
2022-05-20,126.11648559570312,161.89999389648438,163.8000030517578,160.10000610351562,161.64999389648438,7235654
2022-05-23,120.81946563720703,155.10000610351562,164.1999969482422,154.64999389648438,161.75,18029557
2022-05-24,117.3530044555664,150.64999389648438,157.75,150.14999389648438,157.39999389648438,19141394
2022-05-25,118.87202453613281,152.60000610351562,153.25,147.60000610351562,152.89999389648438,19366472
2022-05-26,118.32672119140625,151.89999389648438,153.3000030517578,148.10000610351562,152.8000030517578,12824105
2022-05-27,112.01700592041016,143.8000030517578,155.5,141.10000610351562,155.0,52469252
2022-05-30,112.21176147460938,144.0500030517578,147.3000030517578,141.14999389648438,145.64999389648438,40261336
2022-05-31,117.82039642333984,151.25,153.0,145.39999389648438,145.39999389648438,57675204
2022-06-01,116.65191650390625,149.75,152.89999389648438,148.75,151.1999969482422,22780094
2022-06-02,118.7551498413086,152.4499969482422,152.89999389648438,146.0,147.8000030517578,25429955
2022-06-03,118.09303283691406,151.60000610351562,154.1999969482422,151.14999389648438,153.9499969482422,16747177
2022-06-06,119.92362213134766,153.9499969482422,156.0,152.8000030517578,153.10000610351562,30327268
2022-06-07,126.0775375366211,161.85000610351562,162.9499969482422,154.1999969482422,154.8000030517578,61411715
2022-06-08,127.28497314453125,163.39999389648438,166.39999389648438,162.10000610351562,163.5,45994327
2022-06-09,128.9597625732422,165.5500030517578,167.35000610351562,164.5,166.0,31122996
2022-06-10,128.25869750976562,164.64999389648438,166.64999389648438,163.35000610351562,164.0,17812698
2022-06-13,124.28590393066406,159.5500030517578,163.9499969482422,158.4499969482422,162.0,12237777
2022-06-14,121.48157501220703,155.9499969482422,160.5500030517578,155.3000030517578,159.5500030517578,12844437
2022-06-15,117.93724060058594,151.39999389648438,157.25,150.8000030517578,156.9499969482422,16223385
2022-06-16,111.82225799560547,143.5500030517578,151.5500030517578,142.60000610351562,149.14999389648438,25130676
2022-06-17,110.1864013671875,141.4499969482422,145.14999389648438,140.64999389648438,142.4499969482422,22922034
2022-06-20,104.69459533691406,134.39999389648438,138.89999389648438,130.0,138.60000610351562,28656582
2022-06-21,108.35579681396484,139.10000610351562,140.1999969482422,135.0,136.10000610351562,20581784
2022-06-22,105.04515838623047,134.85000610351562,136.9499969482422,131.0,136.9499969482422,31824106
2022-06-23,105.00621032714844,134.8000030517578,136.39999389648438,132.1999969482422,134.0,26829020
2022-06-24,106.99260711669922,137.35000610351562,141.0,135.1999969482422,137.0,25461812
2022-06-27,110.2253646850586,141.5,142.60000610351562,137.25,140.0,24188349
2022-06-28,116.34033203125,149.35000610351562,151.75,142.14999389648438,142.8000030517578,54387675
2022-06-29,120.07943725585938,154.14999389648438,157.39999389648438,146.1999969482422,149.35000610351562,165860322
2022-06-30,118.05408477783203,151.5500030517578,154.4499969482422,149.25,153.0,38725546
2022-07-01,102.08502960205078,131.0500030517578,151.14999389648438,130.0,148.9499969482422,125788305
2022-07-04,98.15119934082031,126.0,129.9499969482422,124.0999984741211,129.9499969482422,85993413
2022-07-05,99.24176788330078,127.4000015258789,128.60000610351562,126.0,127.0,44595740
2022-07-06,94.21735382080078,120.94999694824219,123.5,119.8499984741211,123.0,59092334
2022-07-07,96.2037582397461,123.5,124.1500015258789,121.25,121.25,36229792
2022-07-08,94.64579772949219,121.5,126.3499984741211,121.0,126.3499984741211,42778692
2022-07-11,97.76171875,125.5,125.9000015258789,121.05000305175781,121.5,31521678
2022-07-12,96.67113494873047,124.0999984741211,126.75,123.5,124.9000015258789,25216226
2022-07-13,96.94377136230469,124.44999694824219,124.9000015258789,121.4000015258789,122.44999694824219,27166975
2022-07-14,99.0470199584961,127.1500015258789,132.60000610351562,123.80000305175781,124.4000015258789,38464081
2022-07-15,98.57964324951172,126.55000305175781,128.39999389648438,124.5999984741211,127.5999984741211,18088858
2022-07-18,101.18920135498047,129.89999389648438,130.6999969482422,126.94999694824219,127.05000305175781,21010247
2022-07-19,99.6312484741211,127.9000015258789,133.1999969482422,124.44999694824219,130.5,33778758
2022-07-20,103.25350189208984,132.5500030517578,136.60000610351562,132.1999969482422,135.0,60317150
2022-07-21,103.68194580078125,133.10000610351562,133.5,131.8000030517578,133.0,20853780
2022-07-22,103.17559814453125,132.4499969482422,133.8000030517578,131.5500030517578,133.8000030517578,11630255
2022-07-25,101.1113052368164,129.8000030517578,132.4499969482422,128.39999389648438,132.0,21705935
2022-07-26,99.86495208740234,128.1999969482422,131.60000610351562,127.75,130.85000610351562,22172845
2022-07-27,100.17654418945312,128.60000610351562,130.1999969482422,127.80000305175781,129.10000610351562,20187969
2022-07-28,101.46185302734375,130.25,130.5,128.25,130.39999389648438,25736737
2022-07-29,104.4998550415039,134.14999389648438,134.5,129.89999389648438,130.4499969482422,19738642
2022-08-01,107.81053161621094,138.39999389648438,139.0,133.1999969482422,134.10000610351562,20592826
2022-08-02,106.48625183105469,136.6999969482422,137.0500030517578,134.60000610351562,136.6999969482422,15037928
2022-08-03,105.6683349609375,135.64999389648438,138.4499969482422,133.8000030517578,136.0,15853543
2022-08-04,106.13572692871094,136.25,137.14999389648438,134.0,134.35000610351562,14311959
2022-08-05,106.33045959472656,136.5,138.5,133.60000610351562,135.10000610351562,66480753
2022-08-08,106.33045959472656,136.5,137.5,135.0500030517578,136.3000030517578,12451233
2022-08-10,104.22723388671875,133.8000030517578,136.75,133.4499969482422,136.39999389648438,15829467
2022-08-11,103.44824981689453,132.8000030517578,136.0,132.0500030517578,134.5,19479706
2022-08-12,108.43373107910156,139.1999969482422,139.6999969482422,133.5,133.89999389648438,40876891
2022-08-16,109.01792907714844,139.9499969482422,141.89999389648438,136.10000610351562,139.5,31230003
2022-08-17,108.78424835205078,139.64999389648438,140.8000030517578,138.6999969482422,139.9499969482422,15694770
2022-08-18,108.10633087158203,135.5500030517578,138.3000030517578,134.6999969482422,138.25,42597708
2022-08-19,107.34867095947266,134.60000610351562,138.5,134.0500030517578,137.5,35382493
2022-08-22,105.1953125,131.89999389648438,134.5,129.8000030517578,134.5,31231393
2022-08-23,106.67076873779297,133.75,134.1999969482422,130.10000610351562,131.89999389648438,24268146
2022-08-24,108.46522521972656,136.0,137.39999389648438,134.5,134.6999969482422,22730039
2022-08-25,108.90387725830078,136.5500030517578,138.14999389648438,136.14999389648438,137.0,14620592
2022-08-26,108.98362731933594,136.64999389648438,138.25,136.10000610351562,136.5,12105053
2022-08-29,108.38545989990234,135.89999389648438,136.60000610351562,133.75,134.1999969482422,9198908
2022-08-30,110.5388412475586,138.60000610351562,139.85000610351562,137.5500030517578,137.89999389648438,21720398
2022-09-01,107.42842102050781,134.6999969482422,136.25,134.14999389648438,135.0,20349294
2022-09-02,105.87323760986328,132.75,135.75,132.3000030517578,134.6999969482422,17495310
2022-09-05,106.39161682128906,133.39999389648438,133.89999389648438,132.64999389648438,132.89999389648438,14865879
2022-09-06,105.35482025146484,132.10000610351562,134.14999389648438,131.6999969482422,134.10000610351562,10870488
2022-09-07,105.67384338378906,132.5,132.9499969482422,130.0500030517578,131.0,12042788
2022-09-08,105.15544891357422,131.85000610351562,134.14999389648438,131.5,131.64999389648438,14629497
2022-09-09,106.87014770507812,134.0,134.1999969482422,131.9499969482422,132.5,12327341
2022-09-12,106.87014770507812,134.0,135.39999389648438,133.60000610351562,135.0,13500202
2022-09-13,106.79039001464844,133.89999389648438,135.14999389648438,133.5,134.1999969482422,10846178
2022-09-14,106.23211669921875,133.1999969482422,134.10000610351562,132.0,132.4499969482422,8597956
2022-09-15,105.75359344482422,132.60000610351562,134.39999389648438,132.0,133.60000610351562,10810473
2022-09-16,104.67692565917969,131.25,132.0,130.0,131.10000610351562,20909579
2022-09-19,104.11863708496094,130.5500030517578,134.35000610351562,129.6999969482422,132.10000610351562,19411428
2022-09-20,106.23211669921875,133.1999969482422,133.60000610351562,131.3000030517578,131.39999389648438,13080582
2022-09-21,104.39777374267578,130.89999389648438,133.1999969482422,130.0500030517578,132.1999969482422,11156865
2022-09-22,102.60331726074219,128.64999389648438,130.85000610351562,128.10000610351562,130.39999389648438,11366882
2022-09-23,102.56344604492188,128.60000610351562,129.10000610351562,127.5,128.25,10407849
2022-09-26,98.45611572265625,123.44999694824219,128.8000030517578,122.6500015258789,127.30000305175781,12848954
2022-09-27,99.25364685058594,124.44999694824219,127.9000015258789,123.8499984741211,124.3499984741211,14465123
2022-09-28,97.73833465576172,122.55000305175781,123.94999694824219,121.5,123.94999694824219,15267018
2022-09-29,101.00824737548828,126.6500015258789,128.1999969482422,123.5,123.5,20597761
2022-09-30,101.12788391113281,126.80000305175781,132.39999389648438,125.5,125.5,33530494
2022-10-03,105.59408569335938,132.39999389648438,135.0,130.60000610351562,131.6999969482422,50966493
2022-10-04,106.79039001464844,133.89999389648438,135.0,131.8000030517578,134.89999389648438,14137567
2022-10-06,105.79346466064453,132.64999389648438,136.5500030517578,132.39999389648438,136.5,14570735
2022-10-07,106.9100341796875,134.0500030517578,134.25,131.1999969482422,132.0500030517578,13532236
2022-10-10,106.2719955444336,133.25,134.0,132.1999969482422,133.0,10183057
2022-10-11,104.55728912353516,131.10000610351562,133.5,130.25,133.25,13176461
2022-10-12,104.75668334960938,131.35000610351562,132.0,129.10000610351562,131.10000610351562,9401804
2022-10-13,103.56037139892578,129.85000610351562,131.85000610351562,127.6500015258789,131.1999969482422,13320136
2022-10-14,101.76590728759766,127.5999984741211,132.8000030517578,127.05000305175781,132.0,13205955
2022-10-17,101.92542266845703,127.80000305175781,128.1999969482422,126.0,127.0,9320940
2022-10-18,102.64320373535156,128.6999969482422,129.10000610351562,127.5999984741211,128.4499969482422,6490293
2022-10-19,101.92542266845703,127.80000305175781,128.6999969482422,127.4000015258789,128.6999969482422,7381712
2022-10-20,103.3609848022461,129.60000610351562,131.0,125.80000305175781,127.0,18748363
2022-10-21,104.91618347167969,131.5500030517578,133.39999389648438,128.75,129.35000610351562,11945173
2022-10-24,105.91310119628906,132.8000030517578,134.0,132.39999389648438,133.0,2154912
2022-10-25,104.27815246582031,130.75,132.89999389648438,129.85000610351562,132.4499969482422,10232002
2022-10-27,105.11556243896484,131.8000030517578,132.1999969482422,130.3000030517578,130.75,13865026
2022-10-28,106.6308822631836,133.6999969482422,135.60000610351562,131.8000030517578,132.10000610351562,22918037
2022-10-31,106.9100341796875,134.0500030517578,135.1999969482422,132.8000030517578,134.39999389648438,8753855
2022-11-01,107.78732299804688,135.14999389648438,135.6999969482422,134.10000610351562,134.10000610351562,11630848
2022-11-02,108.8241195678711,136.4499969482422,139.1999969482422,135.35000610351562,135.85000610351562,21117499
2022-11-03,108.78422546386719,136.39999389648438,136.6999969482422,135.25,136.39999389648438,7561534
2022-11-04,109.940673828125,137.85000610351562,138.39999389648438,136.0500030517578,136.39999389648438,7498344
2022-11-07,110.49896240234375,138.5500030517578,139.0,136.75,138.5500030517578,9987481
2022-11-09,110.57868957519531,138.64999389648438,139.0,137.0,138.9499969482422,12033732
2022-11-10,111.53573608398438,139.85000610351562,140.85000610351562,137.39999389648438,137.5,15908521
2022-11-11,112.01427459716797,140.4499969482422,141.3000030517578,139.1999969482422,140.60000610351562,18492513
2022-11-14,111.0572280883789,139.25,141.0,138.60000610351562,140.60000610351562,12743505
2022-11-15,113.52957916259766,142.35000610351562,143.35000610351562,140.0,140.0,24636519
2022-11-16,113.9682388305664,142.89999389648438,143.3000030517578,141.1999969482422,142.8000030517578,11460200
2022-11-17,114.20751190185547,143.1999969482422,143.8000030517578,141.6999969482422,141.9499969482422,13368536
2022-11-18,113.05108642578125,141.75,143.25,140.1999969482422,143.14999389648438,19958908
2022-11-21,113.42791748046875,135.4499969482422,136.35000610351562,134.39999389648438,136.0,16348881
2022-11-22,113.21855163574219,135.1999969482422,135.89999389648438,132.89999389648438,134.9499969482422,11198874
2022-11-23,114.30718231201172,136.5,136.64999389648438,134.5500030517578,135.5500030517578,9010911
2022-11-24,116.77755737304688,139.4499969482422,140.0,135.5,136.5,11803087
2022-11-25,117.69872283935547,140.5500030517578,141.3000030517578,137.75,139.0,9789098
2022-11-28,116.90318298339844,139.60000610351562,141.1999969482422,139.0500030517578,139.5,8925344
2022-11-29,117.447509765625,140.25,141.10000610351562,139.5,140.0500030517578,13558920
2022-11-30,118.1593246459961,141.10000610351562,141.8000030517578,139.60000610351562,139.60000610351562,17720938
2022-12-01,117.28002166748047,140.0500030517578,142.0,139.8000030517578,141.4499969482422,27727625
2022-12-02,117.99180603027344,140.89999389648438,144.8000030517578,140.5500030517578,141.85000610351562,24518337
2022-12-05,120.37845611572266,143.75,143.9499969482422,140.60000610351562,141.5,18440387
2022-12-06,119.2898178100586,142.4499969482422,143.14999389648438,141.14999389648438,142.85000610351562,10977472
2022-12-07,117.78245544433594,140.64999389648438,141.75,140.10000610351562,140.8000030517578,9731670
2022-12-08,119.4572982788086,142.64999389648438,143.0,140.35000610351562,141.25,10150945
2022-12-09,117.82434844970703,140.6999969482422,142.9499969482422,140.3000030517578,142.5,9438307
2022-12-12,119.20606231689453,142.35000610351562,142.5,139.1999969482422,140.0,8946335
2022-12-13,120.88089752197266,144.35000610351562,144.64999389648438,142.5500030517578,143.0500030517578,12593054
2022-12-14,123.60249328613281,147.60000610351562,148.60000610351562,144.10000610351562,144.35000610351562,17692988
2022-12-15,123.47686767578125,147.4499969482422,148.85000610351562,146.64999389648438,147.64999389648438,11426194
2022-12-16,123.26753234863281,147.1999969482422,150.5,147.0,148.35000610351562,20540447
2022-12-19,122.09516143798828,145.8000030517578,147.5500030517578,145.0,147.0500030517578,10635055
2022-12-20,122.13702392578125,145.85000610351562,146.1999969482422,143.10000610351562,145.5,6714207
2022-12-21,120.16908264160156,143.5,146.8000030517578,142.6999969482422,146.5,10011408
2022-12-22,119.1223373413086,142.25,145.14999389648438,141.5500030517578,145.0,9123323
2022-12-23,117.07068634033203,139.8000030517578,143.5,139.3000030517578,140.60000610351562,8007752
2022-12-26,118.3268051147461,141.3000030517578,142.85000610351562,139.5,140.5,7150680
2022-12-27,121.25776672363281,144.8000030517578,145.39999389648438,142.10000610351562,142.10000610351562,8765357
2022-12-28,120.50404357910156,143.89999389648438,144.64999389648438,142.6999969482422,143.4499969482422,9534858
2022-12-29,121.13214111328125,144.64999389648438,146.0,142.5,142.75,36752195
2022-12-30,122.8907241821289,146.75,148.75,144.5500030517578,145.4499969482422,9644998
2023-01-02,125.9891357421875,150.4499969482422,150.8000030517578,147.25,147.3000030517578,9631496
2023-01-03,125.23545837402344,149.5500030517578,150.60000610351562,148.0,149.6999969482422,14991139
2023-01-04,122.47199249267578,146.25,148.85000610351562,145.0,148.8000030517578,13535874
2023-01-05,122.68135833740234,146.5,147.0,144.14999389648438,145.85000610351562,16320559
2023-01-06,123.39314270019531,147.35000610351562,148.10000610351562,146.3000030517578,146.6999969482422,16804116
2023-01-09,124.0630874633789,148.14999389648438,150.1999969482422,147.8000030517578,149.3000030517578,18660445
2023-01-10,125.06798553466797,149.35000610351562,150.3000030517578,148.60000610351562,148.60000610351562,18490715
2023-01-11,122.93257904052734,146.8000030517578,150.0,146.25,149.5,12538238
2023-01-12,122.38825988769531,146.14999389648438,148.25,145.75,147.6999969482422,13270422
2023-01-13,123.05819702148438,146.9499969482422,147.5,145.89999389648438,146.39999389648438,8854484
2023-01-16,123.60249328613281,147.60000610351562,147.8000030517578,146.0,147.6999969482422,9696320
2023-01-17,123.81185150146484,147.85000610351562,149.0,146.64999389648438,148.3000030517578,18484595
2023-01-18,124.9842529296875,149.25,149.75,148.1999969482422,148.25,12139643
2023-01-19,127.07780456542969,151.75,152.10000610351562,148.0500030517578,148.0500030517578,18437610
2023-01-20,126.95216369628906,151.60000610351562,152.5,150.5500030517578,152.0,17512691
2023-01-23,127.58023834228516,152.35000610351562,153.10000610351562,151.35000610351562,152.5500030517578,16742252
2023-01-24,127.4127426147461,152.14999389648438,153.1999969482422,151.60000610351562,152.35000610351562,8276792
2023-01-25,127.66397094726562,152.4499969482422,153.39999389648438,151.14999389648438,151.25,9827342
2023-01-27,123.64437103271484,147.64999389648438,154.14999389648438,146.60000610351562,152.4499969482422,13052535
2023-01-30,121.34148406982422,144.89999389648438,148.85000610351562,143.25,147.5,12688399
2023-01-31,121.34148406982422,144.89999389648438,147.89999389648438,144.25,145.14999389648438,19050398
2023-02-01,120.79717254638672,144.25,146.0,142.35000610351562,145.8000030517578,11526089
2023-02-02,120.12724304199219,143.4499969482422,145.0,140.64999389648438,143.0,11886667
2023-02-03,120.83904266357422,144.3000030517578,145.35000610351562,140.10000610351562,143.5,9250428
2023-02-06,120.16908264160156,143.5,144.1999969482422,141.60000610351562,141.6999969482422,6436143
2023-02-07,121.13214111328125,144.64999389648438,144.9499969482422,142.1999969482422,143.89999389648438,8681511
2023-02-08,120.50404357910156,143.89999389648438,145.89999389648438,143.14999389648438,145.39999389648438,10325869
2023-02-09,122.43010711669922,146.1999969482422,146.39999389648438,143.1999969482422,144.64999389648438,8078404
2023-02-10,122.84883117675781,146.6999969482422,147.0,144.8000030517578,146.14999389648438,6396208
2023-02-13,124.0630874633789,148.14999389648438,148.8000030517578,146.60000610351562,147.4499969482422,6563018
2023-02-14,124.31430053710938,148.4499969482422,149.1999969482422,147.0,148.64999389648438,6991500
2023-02-15,123.51876831054688,147.5,149.39999389648438,145.5,149.0,12631259
2023-02-16,130.5530548095703,155.89999389648438,156.4499969482422,148.39999389648438,150.0,30949761
2023-02-17,131.1392364501953,156.60000610351562,158.8000030517578,154.39999389648438,155.5,19874561
2023-02-20,129.6737823486328,154.85000610351562,157.8000030517578,154.39999389648438,157.1999969482422,8348393
2023-02-21,129.04571533203125,154.10000610351562,155.89999389648438,153.4499969482422,154.89999389648438,7599927
2023-02-22,128.62701416015625,153.60000610351562,154.5,151.6999969482422,154.25,9599697
2023-02-23,129.50628662109375,154.64999389648438,156.1999969482422,153.25,153.6999969482422,18675946
2023-02-24,133.24575805664062,155.0,155.35000610351562,149.75,151.75,14648507
2023-02-27,133.46067810058594,155.25,156.0500030517578,153.0,154.0,11904749
2023-02-28,130.7097930908203,152.0500030517578,155.4499969482422,151.1999969482422,154.14999389648438,17607584
2023-03-01,133.07382202148438,154.8000030517578,155.10000610351562,151.85000610351562,152.0,7707977
2023-03-02,132.42909240722656,154.0500030517578,155.0500030517578,152.64999389648438,154.5,8219892
2023-03-03,132.6010284423828,154.25,155.6999969482422,153.4499969482422,154.0,8260104
2023-03-06,135.9966278076172,158.1999969482422,159.6999969482422,153.5500030517578,154.6999969482422,14491522
2023-03-08,136.0396270751953,158.25,158.85000610351562,156.39999389648438,156.5500030517578,7339476
2023-03-09,134.3633270263672,156.3000030517578,159.14999389648438,156.0500030517578,159.0500030517578,5314022
2023-03-10,133.93348693847656,155.8000030517578,156.6999969482422,154.1999969482422,155.60000610351562,4689681
2023-03-13,133.93348693847656,155.8000030517578,158.0,155.1999969482422,156.1999969482422,8785721
2023-03-14,131.7843475341797,153.3000030517578,156.85000610351562,153.0500030517578,155.8000030517578,7177342
2023-03-15,131.13963317871094,152.5500030517578,154.4499969482422,151.8000030517578,154.0,9832270
2023-03-16,130.8387451171875,152.1999969482422,153.39999389648438,148.0,151.1999969482422,18551936
2023-03-17,131.65541076660156,153.14999389648438,154.89999389648438,151.9499969482422,153.5,16593429
2023-03-20,130.92469787597656,152.3000030517578,154.14999389648438,151.60000610351562,153.0,8749355
2023-03-21,130.2799530029297,151.5500030517578,153.75,150.9499969482422,153.14999389648438,6148489
2023-03-22,130.2799530029297,151.5500030517578,152.8000030517578,150.85000610351562,152.39999389648438,4329409
2023-03-23,131.35455322265625,152.8000030517578,153.14999389648438,150.3000030517578,151.10000610351562,4484564
2023-03-24,128.43170166015625,149.39999389648438,153.1999969482422,148.8000030517578,152.6999969482422,8301726
2023-03-27,129.16241455078125,150.25,152.4499969482422,149.25,149.5500030517578,7437261
2023-03-28,126.54048919677734,147.1999969482422,150.25,146.64999389648438,150.25,8964539
2023-03-29,128.3887481689453,149.35000610351562,150.85000610351562,146.5,147.25,24012834
2023-03-31,129.8501434326172,151.0500030517578,153.0,150.0500030517578,150.10000610351562,7998472
2023-04-03,132.08523559570312,153.64999389648438,157.85000610351562,153.10000610351562,154.5,20016785
2023-04-05,131.4404754638672,152.89999389648438,157.35000610351562,152.5500030517578,156.75,15880397
2023-04-06,129.4633331298828,150.60000610351562,153.4499969482422,150.39999389648438,153.1999969482422,10670936
2023-04-10,135.093994140625,157.14999389648438,157.5,150.0,150.6999969482422,17431401
2023-04-11,136.72735595703125,159.0500030517578,159.3000030517578,156.39999389648438,157.10000610351562,13305621
2023-04-12,135.52381896972656,157.64999389648438,159.0500030517578,156.60000610351562,159.0,7333339
2023-04-13,136.46945190429688,158.75,160.5,158.0,158.14999389648438,11610851
2023-04-17,137.67294311523438,160.14999389648438,160.4499969482422,158.0,159.10000610351562,9358885
2023-04-18,137.6299591064453,160.10000610351562,160.5500030517578,159.39999389648438,160.14999389648438,8008560
2023-04-19,137.6299591064453,160.10000610351562,160.4499969482422,158.0500030517578,158.3000030517578,11374283
2023-04-20,136.81332397460938,159.14999389648438,160.10000610351562,158.5,159.60000610351562,5733670
2023-04-21,137.20016479492188,159.60000610351562,159.85000610351562,158.6999969482422,158.89999389648438,3512214
2023-04-24,137.75892639160156,160.25,160.75,159.3000030517578,159.60000610351562,7028440
2023-04-25,138.102783203125,160.64999389648438,161.8000030517578,160.0,160.1999969482422,10169778
2023-04-26,138.53260803222656,161.14999389648438,161.60000610351562,159.75,160.0,9177783
2023-04-27,137.58700561523438,160.0500030517578,160.89999389648438,159.60000610351562,160.1999969482422,6456825
2023-04-28,136.64137268066406,158.9499969482422,159.8000030517578,154.85000610351562,159.8000030517578,12656744
2023-05-02,141.19752502441406,164.25,164.8000030517578,159.35000610351562,159.5,16612560
2023-05-03,138.53260803222656,161.14999389648438,163.35000610351562,160.85000610351562,162.89999389648438,8029435
2023-05-04,138.40367126464844,161.0,161.1999969482422,159.1999969482422,160.8000030517578,9929482
2023-05-05,137.80191040039062,160.3000030517578,161.9499969482422,159.6999969482422,161.0500030517578,5488707
2023-05-08,141.84226989746094,165.0,165.35000610351562,160.0,160.3000030517578,9699470
2023-05-09,142.0571746826172,165.25,166.5,164.39999389648438,165.0,7600834
2023-05-10,143.5185546875,166.9499969482422,167.64999389648438,165.0,165.25,10901429
2023-05-11,143.60455322265625,167.0500030517578,168.64999389648438,166.10000610351562,166.10000610351562,7877677
2023-05-12,142.27210998535156,165.5,169.0,165.0,168.14999389648438,16373574
2023-05-15,142.3580780029297,165.60000610351562,166.60000610351562,164.39999389648438,165.5,8559162
2023-05-16,144.4212188720703,168.0,168.5,166.75,168.3000030517578,12249266
2023-05-17,143.7764892578125,167.25,168.0,166.10000610351562,168.0,7360259
2023-05-18,143.00277709960938,166.35000610351562,168.4499969482422,166.0,167.5,7433090
2023-05-19,141.7563018798828,164.89999389648438,166.75,164.0,166.1999969482422,5969632
2023-05-22,142.3580780029297,165.60000610351562,166.39999389648438,164.10000610351562,164.10000610351562,7331865
2023-05-23,141.84226989746094,165.0,167.0500030517578,164.4499969482422,165.60000610351562,10119254
2023-05-24,142.91683959960938,166.25,166.4499969482422,164.64999389648438,165.0,6107980
2023-05-25,142.70191955566406,166.0,167.39999389648438,165.25,166.25,8077606
2023-05-26,140.7677001953125,163.75,167.39999389648438,162.3000030517578,166.0500030517578,14873707
2023-05-29,136.6843719482422,159.0,160.25,156.5,160.0,43253971
2023-05-30,136.555419921875,158.85000610351562,161.6999969482422,157.25,159.6999969482422,16117505
2023-05-31,133.15980529785156,154.89999389648438,159.39999389648438,150.0500030517578,159.0,83741017
2023-06-01,132.08523559570312,153.64999389648438,156.0,153.1999969482422,154.6999969482422,13982606
2023-06-02,132.9878692626953,154.6999969482422,155.0,153.39999389648438,155.0,9851058
2023-06-05,133.58961486816406,155.39999389648438,156.0,154.4499969482422,155.5,11850547
2023-06-06,132.08523559570312,153.64999389648438,155.89999389648438,153.1999969482422,155.5,8118800
2023-06-07,132.2571563720703,153.85000610351562,154.5,152.5500030517578,153.60000610351562,12180164
2023-06-08,134.19139099121094,156.10000610351562,156.64999389648438,154.1999969482422,154.5,13850599
2023-06-09,132.6010284423828,154.25,156.89999389648438,153.8000030517578,156.6999969482422,11764248
2023-06-12,133.28872680664062,155.0500030517578,155.25,152.60000610351562,154.85000610351562,11017643
2023-06-13,133.80450439453125,155.64999389648438,156.1999969482422,154.25,155.1999969482422,10073644
2023-06-14,135.69578552246094,157.85000610351562,158.39999389648438,155.85000610351562,156.10000610351562,9695952
2023-06-15,135.52381896972656,157.64999389648438,157.89999389648438,156.1999969482422,157.5,7426254
2023-06-16,134.96507263183594,157.0,158.64999389648438,156.35000610351562,158.25,11466647
2023-06-19,135.65280151367188,157.8000030517578,158.4499969482422,156.5,157.89999389648438,4718221
2023-06-20,135.17996215820312,157.25,157.8000030517578,156.5500030517578,157.5500030517578,6059738
2023-06-21,137.7159423828125,160.1999969482422,160.5500030517578,156.60000610351562,157.0,8284206
2023-06-22,136.64137268066406,158.9499969482422,160.9499969482422,157.5,160.1999969482422,10629027
2023-06-23,134.8791046142578,156.89999389648438,159.0,155.39999389648438,159.0,8722650
2023-06-26,134.8791046142578,156.89999389648438,158.25,155.85000610351562,157.0,4273205
2023-06-27,135.69578552246094,157.85000610351562,158.85000610351562,157.35000610351562,158.85000610351562,9730174
2023-06-28,136.2975311279297,158.5500030517578,160.14999389648438,156.5500030517578,157.85000610351562,40243993
2023-06-30,137.80191040039062,160.3000030517578,161.0,158.9499969482422,161.0,7840112
2023-07-03,140.03700256347656,162.89999389648438,163.25,160.0,160.3000030517578,9548822
2023-07-04,138.57559204101562,161.1999969482422,162.89999389648438,160.0,162.5,5394282
2023-07-05,139.9510040283203,162.8000030517578,164.39999389648438,161.35000610351562,162.0,8795342
2023-07-06,142.1861114501953,165.39999389648438,165.8000030517578,162.5500030517578,162.8000030517578,9845699
2023-07-07,140.55279541015625,163.5,166.0,162.8000030517578,165.5,7597171
2023-07-10,139.90805053710938,162.75,165.39999389648438,162.5,163.89999389648438,5437687
2023-07-11,141.49839782714844,164.60000610351562,165.10000610351562,162.89999389648438,163.25,6343183
2023-07-12,144.1203155517578,167.64999389648438,169.0,165.25,165.9499969482422,15614026
2023-07-13,144.24929809570312,167.8000030517578,169.3000030517578,167.1999969482422,168.64999389648438,11350009
2023-07-14,145.49578857421875,169.25,169.75,168.1999969482422,169.0,9448062
2023-07-17,143.04576110839844,166.39999389648438,168.39999389648438,166.14999389648438,167.8000030517578,4968847
2023-07-18,143.47560119628906,166.89999389648438,168.14999389648438,166.0500030517578,166.39999389648438,4322257
2023-07-19,143.34664916992188,166.75,167.9499969482422,166.10000610351562,167.1999969482422,5968174
2023-07-20,143.73350524902344,167.1999969482422,168.10000610351562,166.0,167.0,5217131
2023-07-21,146.61331176757812,170.5500030517578,171.0,166.5,167.35000610351562,7842863
2023-07-24,147.0001678466797,171.0,172.25,170.25,171.64999389648438,8451631
2023-07-25,148.71945190429688,173.0,173.35000610351562,171.3000030517578,172.0,10480578
2023-07-26,148.6764678955078,172.9499969482422,174.3000030517578,172.0,173.85000610351562,9103949
2023-07-27,147.0001678466797,171.0,173.64999389648438,170.6999969482422,173.4499969482422,7731146
2023-07-28,147.6878662109375,171.8000030517578,174.9499969482422,168.89999389648438,170.6999969482422,9004252
2023-07-31,152.20106506347656,177.0500030517578,177.5,171.39999389648438,172.8000030517578,9277749
2023-08-01,151.90016174316406,176.6999969482422,177.0,174.3000030517578,175.3000030517578,5584773
2023-08-02,151.2554168701172,175.9499969482422,178.64999389648438,174.0,177.0,8975495
2023-08-03,147.94578552246094,172.10000610351562,175.8000030517578,171.5,175.25,6152393
2023-08-04,149.0203399658203,173.35000610351562,174.4499969482422,172.10000610351562,173.35000610351562,4605271
2023-08-07,148.6764678955078,172.9499969482422,174.5,172.10000610351562,174.3000030517578,2240015
2023-08-08,149.0203399658203,173.35000610351562,173.8000030517578,172.60000610351562,172.89999389648438,3631238
2023-08-09,152.0720977783203,176.89999389648438,177.25,173.3000030517578,173.35000610351562,4852294
2023-08-10,153.57647705078125,178.64999389648438,179.75,176.89999389648438,178.10000610351562,10430692
2023-08-11,152.32997131347656,177.1999969482422,179.6999969482422,176.6999969482422,178.89999389648438,4112277
2023-08-14,153.01771545410156,178.0,180.4499969482422,177.35000610351562,180.0,12876956
2023-08-16,153.92034912109375,179.0500030517578,179.4499969482422,175.8000030517578,176.3000030517578,8371665
2023-08-17,152.80279541015625,177.75,179.10000610351562,177.10000610351562,178.6999969482422,5199363
2023-08-18,151.1217498779297,175.3000030517578,177.64999389648438,174.14999389648438,177.64999389648438,6734650
2023-08-21,151.768310546875,176.0500030517578,176.3000030517578,174.3000030517578,175.3000030517578,3599820
2023-08-22,151.85452270507812,176.14999389648438,177.89999389648438,175.60000610351562,176.0500030517578,5348036
2023-08-23,151.29417419433594,175.5,177.1999969482422,175.0,177.0,6379611
2023-08-24,149.22518920898438,173.10000610351562,176.6999969482422,172.8000030517578,175.5,7976333
2023-08-25,150.6044921875,174.6999969482422,175.25,172.85000610351562,173.10000610351562,4757915
2023-08-28,151.03553771972656,175.1999969482422,175.8000030517578,174.5500030517578,175.10000610351562,4354221
2023-08-29,151.46656799316406,175.6999969482422,176.10000610351562,174.9499969482422,175.60000610351562,4596468
2023-08-30,151.5096893310547,175.75,176.89999389648438,175.0,175.6999969482422,5937955
2023-08-31,150.13037109375,174.14999389648438,176.0,173.0500030517578,175.8000030517578,15823452
2023-09-01,156.68212890625,181.75,184.75,174.39999389648438,174.39999389648438,22460960
2023-09-04,157.7166290283203,182.9499969482422,184.4499969482422,181.8000030517578,183.85000610351562,10998180
2023-09-05,157.845947265625,183.10000610351562,186.0,182.39999389648438,183.5,13506519
2023-09-06,157.80282592773438,183.0500030517578,186.75,182.35000610351562,184.89999389648438,11954407
2023-09-07,156.68212890625,181.75,185.1999969482422,181.0,185.0,11137801
2023-09-08,159.0097198486328,184.4499969482422,184.9499969482422,182.0,182.5,9737214
2023-09-11,158.10455322265625,183.39999389648438,185.9499969482422,182.3000030517578,185.4499969482422,10845871
2023-09-12,155.9493408203125,180.89999389648438,184.89999389648438,180.1999969482422,184.85000610351562,15524470
2023-09-13,158.53558349609375,183.89999389648438,184.6999969482422,180.89999389648438,181.89999389648438,10578786
2023-09-14,161.98390197753906,187.89999389648438,188.89999389648438,184.1999969482422,184.75,17746404
2023-09-15,160.90631103515625,186.64999389648438,191.6999969482422,185.60000610351562,191.6999969482422,19924829
2023-09-18,160.9925079345703,186.75,187.5,185.10000610351562,185.8000030517578,5022956
2023-09-20,162.24252319335938,188.1999969482422,189.5,186.1999969482422,186.4499969482422,12687099
2023-09-21,160.94943237304688,186.6999969482422,188.4499969482422,186.0500030517578,188.39999389648438,7814108
2023-09-22,159.57008361816406,185.10000610351562,187.6999969482422,185.0,186.60000610351562,7814821
2023-09-25,159.91490173339844,185.5,186.6999969482422,185.25,186.0,5540062
2023-09-26,161.85458374023438,187.75,188.14999389648438,185.25,186.0,12446655
2023-09-27,161.42355346679688,187.25,189.3000030517578,186.3000030517578,189.3000030517578,5630907
2023-09-28,161.595947265625,187.4499969482422,189.5,186.5,188.89999389648438,14890642
2023-09-29,165.3890838623047,191.85000610351562,192.25,188.14999389648438,188.5,10085766
2023-10-03,159.1390380859375,184.60000610351562,189.3000030517578,183.64999389648438,189.3000030517578,22118500
2023-10-04,157.54421997070312,182.75,184.60000610351562,182.10000610351562,184.4499969482422,9360058
2023-10-05,157.07005310058594,182.1999969482422,184.0,181.0,181.25,11128340
2023-10-06,156.42352294921875,181.4499969482422,183.5,180.60000610351562,183.5,5759904
2023-10-09,156.63902282714844,181.6999969482422,184.6999969482422,181.25,182.89999389648438,14622727
2023-10-10,158.19076538085938,183.5,184.5,182.0500030517578,182.3000030517578,11819690
2023-10-11,157.97523498535156,183.25,184.6999969482422,182.75,184.39999389648438,8499601
2023-10-12,159.0097198486328,184.4499969482422,184.85000610351562,183.0,183.1999969482422,8677885
2023-10-13,159.39767456054688,184.89999389648438,186.25,184.0500030517578,184.5,7435899
2023-10-16,160.82005310058594,186.5500030517578,188.1999969482422,186.25,187.9499969482422,12376549
2023-10-17,160.5614776611328,186.25,187.0500030517578,185.5500030517578,187.0,4381065
2023-10-18,161.1649169921875,186.9499969482422,188.0500030517578,186.0500030517578,188.0,10181113
2023-10-19,160.60459899902344,186.3000030517578,186.64999389648438,185.0500030517578,186.0,9148124
2023-10-20,160.5183563232422,186.1999969482422,187.3000030517578,185.14999389648438,187.0,7912216
2023-10-23,159.3545684814453,184.85000610351562,185.9499969482422,184.1999969482422,185.9499969482422,4723090
2023-10-25,158.9235382080078,184.35000610351562,185.85000610351562,183.0,184.85000610351562,6812004
2023-10-26,155.9493408203125,180.89999389648438,184.14999389648438,179.89999389648438,183.5,8474867
2023-10-27,159.26837158203125,184.75,185.8000030517578,180.3000030517578,181.0,6422123
2023-10-30,162.759765625,188.8000030517578,189.1999969482422,184.60000610351562,185.0,7352638
2023-10-31,160.4752655029297,186.14999389648438,189.8000030517578,184.1999969482422,189.1999969482422,9404675
2023-11-01,160.94943237304688,186.6999969482422,188.8000030517578,185.0500030517578,186.14999389648438,9167869
2023-11-02,160.5183563232422,186.1999969482422,187.64999389648438,185.75,187.0,11471209
2023-11-03,163.79425048828125,190.0,190.64999389648438,185.8000030517578,186.64999389648438,7464912
2023-11-06,166.6391143798828,193.3000030517578,194.1999969482422,189.5500030517578,190.1999969482422,8962124
2023-11-07,166.55287170410156,193.1999969482422,198.0,192.35000610351562,193.39999389648438,13921916
2023-11-08,168.40635681152344,195.35000610351562,196.5500030517578,192.3000030517578,193.6999969482422,10186886
2023-11-09,166.12184143066406,192.6999969482422,196.6999969482422,192.1999969482422,196.5,5303833
2023-11-10,168.88047790527344,195.89999389648438,196.5,192.6999969482422,192.6999969482422,6025889
2023-11-13,168.79428100585938,195.8000030517578,197.3000030517578,194.10000610351562,195.89999389648438,11181086
2023-11-15,171.98397827148438,199.5,203.0,197.64999389648438,198.5,19769385
2023-11-16,173.9667205810547,201.8000030517578,203.39999389648438,201.0,202.5,18629240
2023-11-17,169.2684326171875,196.35000610351562,201.25,195.5500030517578,200.85000610351562,13199928
2023-11-20,170.5615234375,197.85000610351562,198.5,197.0,198.0,6423265
2023-11-21,169.76243591308594,191.1999969482422,193.9499969482422,191.0,193.0,10720353
2023-11-22,169.58485412597656,191.0,191.85000610351562,189.75,191.1999969482422,7538825
2023-11-23,169.2740936279297,190.64999389648438,191.75,189.60000610351562,191.0,6541617
2023-11-24,167.67593383789062,188.85000610351562,191.85000610351562,188.14999389648438,190.85000610351562,5751331
2023-11-28,172.20411682128906,193.9499969482422,194.4499969482422,188.39999389648438,188.85000610351562,9277764
2023-11-29,170.47274780273438,192.0,195.5,191.6999969482422,195.5,8791333
2023-11-30,173.0919647216797,194.9499969482422,195.64999389648438,192.0500030517578,192.64999389648438,14965403
2023-12-01,172.73683166503906,194.5500030517578,198.25,194.25,195.25,9935740
2023-12-04,179.39593505859375,202.0500030517578,205.89999389648438,196.0500030517578,196.5,28615290
2023-12-05,179.39593505859375,202.0500030517578,203.9499969482422,199.14999389648438,202.1999969482422,14557746
2023-12-06,179.30714416503906,201.9499969482422,203.75,199.10000610351562,203.75,12662213
2023-12-07,176.59909057617188,198.89999389648438,200.89999389648438,196.0500030517578,200.89999389648438,16425880
2023-12-08,173.9798583984375,195.9499969482422,200.3000030517578,194.10000610351562,199.85000610351562,10414387
2023-12-11,175.6224365234375,197.8000030517578,200.85000610351562,194.25,197.0500030517578,10108266
2023-12-12,173.49154663085938,195.39999389648438,197.8000030517578,194.5500030517578,196.9499969482422,10719911
2023-12-13,171.4938201904297,193.14999389648438,195.39999389648438,192.0500030517578,195.39999389648438,10892122
2023-12-14,173.9798583984375,195.9499969482422,196.3000030517578,193.25,195.89999389648438,15257294
2023-12-15,178.508056640625,201.0500030517578,201.9499969482422,196.85000610351562,197.25,22863981
2023-12-18,176.68792724609375,199.0,201.64999389648438,197.35000610351562,201.0500030517578,8061011
2023-12-19,177.84214782714844,200.3000030517578,203.5500030517578,199.3000030517578,202.0,16739742
2023-12-20,180.4169921875,203.1999969482422,212.0,200.9499969482422,201.75,57762576
2023-12-21,179.92864990234375,202.64999389648438,206.75,201.1999969482422,203.9499969482422,22823936
2023-12-22,181.0828857421875,203.9499969482422,204.5,201.8000030517578,204.0,9910694
2023-12-26,184.10169982910156,207.35000610351562,208.5,203.64999389648438,204.5,17052969
2023-12-27,182.50350952148438,205.5500030517578,209.89999389648438,204.5,209.5,20361303
2023-12-28,184.94520568847656,208.3000030517578,208.89999389648438,205.35000610351562,206.5,22010872
2023-12-29,182.0595703125,205.0500030517578,208.0,204.25,208.0,12171663
2024-01-01,182.325927734375,205.35000610351562,207.10000610351562,204.75,206.0,4820168
2024-01-02,183.8353271484375,207.0500030517578,210.75,203.64999389648438,205.35000610351562,21141219
2024-01-03,184.90077209472656,208.25,210.4499969482422,204.5,205.5,11650902
2024-01-04,190.58319091796875,214.64999389648438,215.39999389648438,209.3000030517578,210.5,31054419
2024-01-05,192.181396484375,216.4499969482422,217.5,213.0500030517578,215.4499969482422,20743811
2024-01-08,193.51318359375,217.9499969482422,220.8000030517578,217.10000610351562,218.0,19310595
2024-01-09,192.35894775390625,216.64999389648438,221.4499969482422,215.9499969482422,221.0,11951525
2024-01-10,188.31910705566406,212.10000610351562,215.0,209.6999969482422,215.0,16500666
2024-01-11,188.09716796875,211.85000610351562,214.0,210.85000610351562,214.0,12586419
2024-01-12,198.35214233398438,223.39999389648438,224.75,212.35000610351562,213.8000030517578,39228118
2024-01-15,207.31971740722656,233.5,235.4499969482422,224.64999389648438,228.5,57884916
2024-01-16,208.74034118652344,235.10000610351562,238.9499969482422,231.10000610351562,234.9499969482422,34505065
2024-01-17,206.03231811523438,232.0500030517578,237.25,230.6999969482422,232.1999969482422,26010955
2024-01-18,207.36412048339844,233.5500030517578,234.5,224.64999389648438,230.0500030517578,19232183
2024-01-19,214.91110229492188,242.0500030517578,242.5500030517578,235.0,236.0,26391844
2024-01-23,204.1233673095703,229.89999389648438,245.64999389648438,228.0,245.0,20282617
2024-01-24,208.0744171142578,234.35000610351562,235.0,228.10000610351562,231.0,14458601
2024-01-25,207.80807495117188,234.0500030517578,237.5,232.8000030517578,235.0,18291957
2024-01-29,224.18943786621094,252.5,254.9499969482422,239.10000610351562,241.0,54127939
2024-01-30,221.25942993164062,249.1999969482422,263.29998779296875,248.64999389648438,256.5,51491099
2024-01-31,223.96743774414062,252.25,254.35000610351562,246.3000030517578,250.4499969482422,33293192
2024-02-01,219.88320922851562,247.64999389648438,254.64999389648438,245.4499969482422,254.64999389648438,29758133
2024-02-02,228.40687561035156,257.25,260.0,249.0,250.0,30482663
2024-02-05,233.46780395507812,262.95001220703125,268.04998779296875,255.10000610351562,260.04998779296875,34001868
2024-02-06,241.76942443847656,272.29998779296875,273.3999938964844,260.20001220703125,265.3500061035156,36708949
2024-02-07,241.4142608642578,271.8999938964844,275.6499938964844,267.54998779296875,275.0,23756939
2024-02-08,242.52410888671875,273.1499938964844,275.6499938964844,269.1000061035156,273.04998779296875,25252940
2024-02-09,237.55197143554688,267.54998779296875,275.6499938964844,259.1499938964844,275.0,26743792
2024-02-12,228.9839630126953,257.8999938964844,266.6000061035156,256.79998779296875,261.95001220703125,30906374
2024-02-13,230.40457153320312,259.5,262.3999938964844,254.6999969482422,258.0,20711842
2024-02-14,238.70626831054688,268.8500061035156,269.6499938964844,256.0,258.0,36168962
2024-02-15,246.20880126953125,277.29998779296875,279.8500061035156,269.0,271.6499938964844,32831246
2024-02-16,247.47003173828125,274.70001220703125,278.0,270.3500061035156,275.1499938964844,27044984
2024-02-19,247.42498779296875,274.6499938964844,279.04998779296875,272.3999938964844,274.70001220703125,15322964
2024-02-20,249.1816864013672,276.6000061035156,281.1499938964844,274.04998779296875,274.79998779296875,18968785
2024-02-21,245.89352416992188,272.95001220703125,281.1000061035156,271.6000061035156,276.0,16340579
2024-02-22,247.47003173828125,274.70001220703125,276.0,268.5,273.8500061035156,16791453
2024-02-23,245.21783447265625,272.20001220703125,276.0,271.1000061035156,274.8999938964844,9464646
2024-02-26,243.10079956054688,269.8500061035156,271.8999938964844,267.79998779296875,271.8999938964844,8661999
2024-02-27,242.65037536621094,269.3500061035156,270.20001220703125,264.95001220703125,268.04998779296875,19582774
2024-02-28,239.40721130371094,265.75,270.29998779296875,264.6000061035156,270.0,9118196
2024-02-29,238.3712158203125,264.6000061035156,266.3500061035156,261.5,265.0,17179832
2024-03-01,243.7313995361328,270.54998779296875,272.95001220703125,266.5,266.5,12930057
2024-03-04,251.52398681640625,279.20001220703125,280.54998779296875,272.5,272.75,22280353
2024-03-05,255.62295532226562,283.75,284.95001220703125,276.6499938964844,280.0,18544484
2024-03-06,252.46986389160156,280.25,284.29998779296875,273.54998779296875,284.29998779296875,16807149
2024-03-07,250.53298950195312,278.1000061035156,284.3500061035156,277.25,280.25,11386963
2024-03-11,246.83941650390625,274.0,280.5,273.20001220703125,278.1000061035156,10684598
2024-03-12,243.5962677001953,270.3999938964844,275.6000061035156,269.04998779296875,274.0,13780189
2024-03-13,230.0381317138672,255.35000610351562,271.0,252.75,270.79998779296875,20079496
2024-03-14,237.155029296875,263.25,264.3500061035156,251.1999969482422,252.5,21404057
2024-03-15,233.10108947753906,258.75,266.3999938964844,248.89999389648438,263.95001220703125,34961065
2024-03-18,235.6686248779297,261.6000061035156,263.04998779296875,257.54998779296875,258.95001220703125,9246173
2024-03-19,233.55152893066406,259.25,263.95001220703125,256.6499938964844,262.0,8758348
2024-03-20,237.69557189941406,263.8500061035156,264.6000061035156,257.20001220703125,259.45001220703125,10484778
2024-03-21,236.88479614257812,262.95001220703125,266.95001220703125,262.3500061035156,264.70001220703125,12163200
2024-03-22,237.155029296875,263.25,265.25,258.45001220703125,262.95001220703125,13025089
2024-03-26,239.1820068359375,265.5,267.8999938964844,259.29998779296875,261.6499938964844,10830926
2024-03-27,235.8037109375,261.75,268.20001220703125,259.6499938964844,265.0,28563001
2024-03-28,241.47923278808594,268.04998779296875,271.0,261.95001220703125,262.45001220703125,18888942
2024-04-01,243.14584350585938,269.8999938964844,271.5,267.79998779296875,268.04998779296875,6440401
2024-04-02,245.4881134033203,272.5,274.04998779296875,269.45001220703125,270.1000061035156,14439120
2024-04-03,248.05560302734375,275.3500061035156,279.0,273.8500061035156,275.04998779296875,22600929
2024-04-04,242.33506774902344,269.0,278.6499938964844,265.3500061035156,278.6499938964844,24624383
2024-04-05,241.38916015625,267.95001220703125,271.8999938964844,266.5,267.8500061035156,13029904
2024-04-08,243.5962677001953,270.3999938964844,272.0,266.6000061035156,267.54998779296875,13011300
2024-04-09,242.29000854492188,268.95001220703125,272.6499938964844,268.0,270.0,13173933
2024-04-10,245.03768920898438,272.0,273.20001220703125,269.1499938964844,269.95001220703125,11137195
2024-04-12,239.36216735839844,265.70001220703125,272.5,265.0,271.8999938964844,21894584
2024-04-15,252.1095428466797,279.8500061035156,282.95001220703125,267.1000061035156,269.1000061035156,75063828
2024-04-16,255.08242797851562,283.1499938964844,292.54998779296875,275.25,277.0,79082544
2024-04-18,246.9745635986328,274.1499938964844,287.70001220703125,273.3500061035156,286.0,34136482
2024-04-19,247.9655303955078,275.25,280.79998779296875,274.1000061035156,276.75,32658724
2024-04-22,249.36187744140625,276.79998779296875,278.0,273.75,277.29998779296875,14184019
2024-04-23,249.36187744140625,276.79998779296875,278.75,275.54998779296875,276.8500061035156,8799147
2024-04-24,251.6591339111328,279.3500061035156,280.3999938964844,276.29998779296875,277.6000061035156,9253985
2024-04-25,254.00140380859375,281.95001220703125,282.6000061035156,278.0,279.3500061035156,17050557
2024-04-26,254.85720825195312,282.8999938964844,286.1499938964844,282.20001220703125,283.0,11070290
2024-04-29,255.12744140625,283.20001220703125,285.25,282.1499938964844,283.95001220703125,8952420
2024-04-30,254.8122100830078,282.8500061035156,286.3500061035156,281.45001220703125,284.5,10658906
2024-05-02,254.76710510253906,282.79998779296875,284.6000061035156,279.04998779296875,281.0,15677336
2024-05-03,257.739990234375,286.1000061035156,292.95001220703125,284.0,284.0,28913016
2024-05-06,254.1815185546875,282.1499938964844,288.75,275.25,288.70001220703125,15491865
2024-05-07,246.47906494140625,273.6000061035156,285.0,272.0,283.8999938964844,13179001
2024-05-08,249.4069061279297,276.8500061035156,280.25,272.3500061035156,273.5,12797721
2024-05-09,238.95677185058594,265.25,278.54998779296875,263.20001220703125,277.25,14869187
2024-05-10,243.46116638183594,270.25,271.20001220703125,264.45001220703125,267.0,9530738
2024-05-13,240.44320678710938,266.8999938964844,271.8999938964844,262.04998779296875,271.8999938964844,7163239
2024-05-14,245.8484344482422,272.8999938964844,274.6499938964844,266.45001220703125,267.95001220703125,9123849
2024-05-15,246.3439483642578,273.45001220703125,276.0,272.5,274.5,6368662
2024-05-16,250.12759399414062,277.6499938964844,279.3500061035156,273.79998779296875,276.0,23757779
2024-05-17,249.94747924804688,277.45001220703125,283.3999938964844,276.6000061035156,278.79998779296875,11529157
2024-05-21,252.3347625732422,280.1000061035156,284.0,278.3500061035156,281.1000061035156,17559555
2024-05-22,250.4429168701172,278.0,284.0,276.8999938964844,284.0,17935064
2024-05-23,255.35269165039062,283.45001220703125,284.54998779296875,279.1000061035156,279.95001220703125,17719819
2024-05-24,255.17254638671875,283.25,285.95001220703125,281.8500061035156,284.0,11041667
2024-05-27,250.12759399414062,277.6499938964844,284.20001220703125,275.70001220703125,284.0,13719808
2024-05-28,247.1096649169922,274.29998779296875,279.29998779296875,273.04998779296875,279.29998779296875,6927361
2024-05-29,244.90255737304688,271.8500061035156,273.79998779296875,270.25,273.79998779296875,8327205
2024-05-30,240.2630615234375,266.70001220703125,275.1000061035156,265.0,273.0,15390964
2024-05-31,238.14601135253906,264.3500061035156,268.45001220703125,263.0,268.45001220703125,24167379
2024-06-03,255.93824768066406,284.1000061035156,286.54998779296875,273.20001220703125,277.95001220703125,30195397
2024-06-04,212.87649536132812,236.3000030517578,285.0,223.0,285.0,72779900
2024-06-05,222.9662628173828,247.5,249.75,230.4499969482422,247.0,37078551
2024-06-06,227.29046630859375,252.3000030517578,259.5,249.25,254.0,30881233
2024-06-07,234.58755493164062,260.3999938964844,260.79998779296875,251.8000030517578,253.5,22010688
2024-06-10,233.46144104003906,259.1499938964844,264.0,258.04998779296875,264.0,14138524
2024-06-11,246.4340057373047,273.54998779296875,275.0,265.25,266.8500061035156,47270206
2024-06-12,248.1907501220703,275.5,279.1000061035156,274.6000061035156,278.0,20560662
2024-06-13,249.13665771484375,276.54998779296875,278.0,272.5,278.0,16013386
2024-06-14,248.10064697265625,275.3999938964844,278.20001220703125,274.6000061035156,277.0,10642648
2024-06-18,248.46096801757812,275.79998779296875,279.0,274.0,278.95001220703125,17044769
2024-06-19,244.63229370117188,271.54998779296875,276.6000061035156,271.1000061035156,275.8999938964844,13361607
2024-06-20,244.90255737304688,271.8500061035156,274.0,269.1000061035156,271.79998779296875,12826509
2024-06-21,242.9206085205078,269.6499938964844,274.75,268.8999938964844,271.45001220703125,17406416
2024-06-24,243.14584350585938,269.8999938964844,271.25,266.6000061035156,269.6499938964844,7282347
2024-06-25,240.53334045410156,267.0,270.79998779296875,265.0,270.1000061035156,14425434
2024-06-26,241.20896911621094,267.75,269.1499938964844,264.1000061035156,266.8999938964844,10650910
2024-06-27,240.98373413085938,267.5,268.1000061035156,263.5,267.3999938964844,22830930
2024-06-28,247.0196075439453,274.20001220703125,275.45001220703125,268.3500061035156,269.0,19532912
2024-07-01,245.89352416992188,272.95001220703125,275.79998779296875,271.6000061035156,275.0,11750972
2024-07-02,247.6051788330078,274.8500061035156,279.79998779296875,271.5,273.20001220703125,24470518
2024-07-03,247.47003173828125,274.70001220703125,277.70001220703125,274.0,276.0,9125400
2024-07-04,249.5870819091797,277.04998779296875,278.8999938964844,273.04998779296875,275.0,13444669
2024-07-05,259.6318359375,288.20001220703125,289.29998779296875,276.5,277.25,39781962
2024-07-08,269.4964294433594,299.1499938964844,303.0,287.3500061035156,290.0,53136198
2024-07-09,267.96490478515625,297.45001220703125,301.8500061035156,293.3500061035156,300.79998779296875,18686252
2024-07-10,268.59552001953125,298.1499938964844,299.79998779296875,288.8500061035156,299.70001220703125,19278800
2024-07-11,274.5412902832031,304.75,307.20001220703125,295.1499938964844,300.0,36020507
2024-07-12,276.6583251953125,307.1000061035156,311.75,304.20001220703125,306.79998779296875,31788101
2024-07-15,290.53179931640625,322.5,323.6499938964844,308.6499938964844,311.79998779296875,51435537
2024-07-16,290.6668701171875,322.6499938964844,327.6000061035156,319.75,323.6000061035156,37468292
2024-07-18,298.8198547363281,331.70001220703125,333.29998779296875,321.6499938964844,325.1000061035156,48189915
2024-07-19,287.96429443359375,319.6499938964844,333.20001220703125,318.04998779296875,333.0,26579496
2024-07-22,289.00030517578125,320.79998779296875,323.3500061035156,314.5,320.0,22234557
2024-07-23,283.009521484375,314.1499938964844,321.3999938964844,297.3999938964844,320.04998779296875,37871058
2024-07-24,287.8742370605469,319.54998779296875,325.75,312.1000061035156,313.04998779296875,28259305
2024-07-25,302.5133972167969,335.79998779296875,337.54998779296875,316.1000061035156,318.04998779296875,42054664
2024-07-26,298.72979736328125,331.6000061035156,338.5,330.1000061035156,336.5,25703985
2024-07-29,299.90093994140625,332.8999938964844,339.54998779296875,330.75,333.79998779296875,26721790
2024-07-30,299.0000305175781,331.8999938964844,338.25,331.0,332.0,19792253
2024-07-31,301.0720520019531,334.20001220703125,337.45001220703125,329.75,332.04998779296875,21393361
2024-08-01,307.8736267089844,341.75,344.70001220703125,337.1499938964844,337.79998779296875,36044960
2024-08-02,297.37847900390625,330.1000061035156,338.0,328.6499938964844,338.0,22939377
2024-08-05,279.4961242675781,310.25,323.29998779296875,306.0,320.3500061035156,37986023
2024-08-06,275.7574768066406,306.1000061035156,322.45001220703125,305.1499938964844,314.79998779296875,28386636
2024-08-07,296.47760009765625,329.1000061035156,330.95001220703125,312.0,312.3999938964844,66110716
2024-08-08,290.7120056152344,322.70001220703125,329.0,321.70001220703125,329.0,23478224
2024-08-09,299.5855712890625,332.54998779296875,335.8500061035156,328.20001220703125,333.95001220703125,29814474
2024-08-12,307.46820068359375,341.29998779296875,344.70001220703125,329.8999938964844,332.75,34754596
2024-08-13,302.603515625,335.8999938964844,345.0,332.95001220703125,344.1000061035156,28943385
2024-08-14,295.6217346191406,328.1499938964844,336.5,326.79998779296875,335.8500061035156,17812763
2024-08-16,296.9280090332031,329.6000061035156,335.75,328.6499938964844,332.54998779296875,16584396
2024-08-19,302.06298828125,335.29998779296875,338.75,333.54998779296875,335.0,19636518
2024-08-20,297.37847900390625,330.1000061035156,336.0,328.04998779296875,335.8500061035156,14972714
2024-08-21,295.2163391113281,327.70001220703125,331.5,326.5,330.6499938964844,11835143
2024-08-22,292.19842529296875,324.3500061035156,330.5,323.6000061035156,328.54998779296875,13387819
2024-08-23,289.5201721191406,318.8999938964844,324.79998779296875,317.54998779296875,324.3999938964844,13229612
2024-08-26,297.6456298828125,327.8500061035156,329.1000061035156,322.79998779296875,323.5,21346682
2024-08-27,298.55352783203125,328.8500061035156,332.54998779296875,326.0,329.3999938964844,20165503
2024-08-28,297.6002502441406,327.79998779296875,330.29998779296875,324.6499938964844,328.6499938964844,12446738
2024-08-29,299.23443603515625,329.6000061035156,330.1499938964844,324.95001220703125,326.1000061035156,13799961
2024-08-30,300.2784729003906,330.75,334.3999938964844,329.54998779296875,330.45001220703125,19666466
2024-09-02,296.1476745605469,326.20001220703125,331.95001220703125,325.79998779296875,330.0,8975511
2024-09-03,292.51617431640625,322.20001220703125,328.0,321.6499938964844,327.0,10321111
2024-09-04,285.43475341796875,314.3999938964844,316.20001220703125,308.3999938964844,315.0,25397204
2024-09-05,282.7111511230469,311.3999938964844,316.95001220703125,310.1499938964844,316.95001220703125,15571640
2024-09-06,280.3507080078125,308.79998779296875,313.1499938964844,303.70001220703125,311.5,27946491
2024-09-09,271.3627624511719,298.8999938964844,308.70001220703125,294.6499938964844,308.70001220703125,30369085
2024-09-10,268.3667907714844,295.6000061035156,301.5,295.0,300.1000061035156,15618589
2024-09-11,259.01568603515625,285.29998779296875,292.3999938964844,283.25,292.3999938964844,44826300
2024-09-12,266.9595642089844,294.04998779296875,294.75,286.5,288.0,21964895
2024-09-13,264.59912109375,291.45001220703125,297.25,291.04998779296875,295.70001220703125,13672371
2024-09-16,265.5523986816406,292.5,295.3999938964844,291.3500061035156,294.79998779296875,10971110
2024-09-17,267.50433349609375,294.6499938964844,296.6000061035156,292.1499938964844,293.70001220703125,11873436
2024-09-18,263.6458435058594,290.3999938964844,297.79998779296875,287.8999938964844,297.6000061035156,13421760
2024-09-19,258.9703369140625,285.25,289.20001220703125,282.5,287.3999938964844,17067311
2024-09-20,259.8782043457031,286.25,289.04998779296875,285.20001220703125,287.0,16585530
2024-09-23,268.23065185546875,295.45001220703125,296.3999938964844,287.54998779296875,288.3999938964844,14621229
2024-09-24,271.86212158203125,299.45001220703125,302.0,294.70001220703125,296.29998779296875,16986759
2024-09-25,271.18121337890625,298.70001220703125,301.20001220703125,296.70001220703125,299.45001220703125,10609614
2024-09-26,268.0036315917969,295.20001220703125,298.70001220703125,291.5,297.04998779296875,27812412
2024-09-27,269.81939697265625,297.20001220703125,298.45001220703125,289.70001220703125,292.70001220703125,35706130
2024-09-30,270.18255615234375,297.6000061035156,301.79998779296875,293.75,297.0,16294341
2024-10-01,265.0530700683594,291.95001220703125,299.1499938964844,290.70001220703125,297.0,10919818
2024-10-03,265.14385986328125,292.04998779296875,298.0,290.54998779296875,295.0,28124665
2024-10-04,268.0490417480469,295.25,299.70001220703125,293.20001220703125,297.0,23104209
2024-10-07,262.7834167480469,289.45001220703125,296.29998779296875,281.5,296.0,20917962
2024-10-08,266.41485595703125,293.45001220703125,293.8999938964844,280.54998779296875,288.1499938964844,10572360
2024-10-09,261.9208984375,288.5,291.8999938964844,286.8500061035156,291.25,13147475
2024-10-10,262.1478576660156,288.75,292.1499938964844,287.54998779296875,288.70001220703125,7237212
2024-10-11,265.5977783203125,292.54998779296875,293.6499938964844,289.5,291.29998779296875,7011704
2024-10-14,260.1051940917969,286.5,292.8999938964844,285.1499938964844,292.70001220703125,12690951
2024-10-15,257.5631408691406,283.70001220703125,286.3999938964844,280.8500061035156,286.3999938964844,15087155
2024-10-16,259.10650634765625,285.3999938964844,287.25,280.6499938964844,283.0,18188885
2024-10-17,255.65658569335938,281.6000061035156,287.6000061035156,280.95001220703125,285.0,13343303
2024-10-18,257.199951171875,283.29998779296875,284.5,279.20001220703125,282.0,14028398
2024-10-21,251.1172332763672,276.6000061035156,284.0,274.54998779296875,281.1499938964844,10299773
2024-10-22,245.85157775878906,270.79998779296875,278.1499938964844,270.0,278.0,10028511
2024-10-23,245.89697265625,270.8500061035156,274.3999938964844,265.04998779296875,270.0,18823321
2024-10-24,244.30821228027344,269.1000061035156,272.45001220703125,268.3500061035156,271.8999938964844,7488521
2024-10-25,239.72341918945312,264.04998779296875,270.29998779296875,261.6000061035156,270.0,12961181
2024-10-28,239.0879364013672,263.3500061035156,265.04998779296875,255.3000030517578,260.6499938964844,13835091
2024-10-29,240.58595275878906,265.0,265.54998779296875,259.3999938964844,263.3500061035156,9122757
2024-10-30,237.54452514648438,261.6499938964844,266.20001220703125,261.04998779296875,265.0,11166643
2024-10-31,241.62998962402344,266.1499938964844,268.29998779296875,261.1499938964844,263.3999938964844,16173656
2024-11-01,246.7140655517578,271.75,274.0,268.6499938964844,269.79998779296875,2955757
2024-11-04,240.8582763671875,265.29998779296875,274.3500061035156,260.1499938964844,274.0,14355959
2024-11-05,242.7648162841797,267.3999938964844,268.6000061035156,263.6000061035156,265.20001220703125,11676017
2024-11-06,244.2628173828125,269.04998779296875,270.6000061035156,264.3999938964844,267.70001220703125,19244545
2024-11-07,240.76748657226562,265.20001220703125,270.5,264.79998779296875,270.5,6766663
2024-11-08,238.3616485595703,262.54998779296875,266.5,259.6499938964844,265.95001220703125,7836093
2024-11-11,233.23216247558594,256.8999938964844,262.3500061035156,256.0,262.3500061035156,8450657
2024-11-12,232.55126953125,256.1499938964844,263.20001220703125,255.39999389648438,260.8500061035156,22445400
2024-11-13,229.28294372558594,252.5500030517578,256.95001220703125,249.0,256.1499938964844,17483332
2024-11-14,227.69415283203125,250.8000030517578,254.3000030517578,249.0,252.5500030517578,12454540
2024-11-18,227.55796813964844,250.64999389648438,252.10000610351562,247.10000610351562,251.10000610351562,14636541
2024-11-19,230.67393493652344,248.0,255.39999389648438,247.10000610351562,250.0,17397559
2024-11-21,225.2326202392578,242.14999389648438,248.0,240.8000030517578,248.0,16189440
2024-11-22,228.44161987304688,245.60000610351562,246.9499969482422,243.5,244.8000030517578,9637581
2024-11-25,239.8822784423828,257.8999938964844,260.5,247.9499969482422,248.5,31973671
2024-11-26,236.48728942871094,254.25,258.25,252.5500030517578,256.95001220703125,9242451
2024-11-27,236.5338134765625,254.3000030517578,255.5,250.5500030517578,255.0,11689970
2024-11-28,234.58050537109375,252.1999969482422,257.3999938964844,251.1999969482422,255.0,14202863
2024-11-29,238.76612854003906,256.70001220703125,258.6499938964844,252.25,253.8000030517578,11476347
2024-12-02,239.55673217773438,257.54998779296875,258.29998779296875,252.6999969482422,255.5,13677959
2024-12-03,244.02142333984375,262.3500061035156,264.70001220703125,258.8500061035156,260.3999938964844,15345326
2024-12-04,242.48667907714844,260.70001220703125,264.29998779296875,260.0,263.8500061035156,10713838
2024-12-05,243.04473876953125,261.29998779296875,263.25,256.8999938964844,260.70001220703125,12896743
2024-12-06,241.882080078125,260.04998779296875,263.0,259.54998779296875,260.79998779296875,8783386
2024-12-09,240.81243896484375,258.8999938964844,261.3500061035156,257.70001220703125,260.04998779296875,6800856
2024-12-10,238.9521484375,256.8999938964844,258.75,254.5,257.6499938964844,11318782
2024-12-11,238.67312622070312,256.6000061035156,258.70001220703125,255.64999389648438,257.5,5353032
2024-12-12,236.30126953125,254.0500030517578,258.6000061035156,253.60000610351562,258.0,7123877
2024-12-13,236.48728942871094,254.25,256.79998779296875,249.5,253.0,11143128
2024-12-16,234.20846557617188,251.8000030517578,256.29998779296875,251.1999969482422,254.0,7283872
2024-12-17,230.1158447265625,247.39999389648438,252.4499969482422,246.5,251.75,10066884
2024-12-18,227.09291076660156,244.14999389648438,247.5,243.39999389648438,247.39999389648438,8430930
2024-12-19,224.95359802246094,241.85000610351562,243.9499969482422,238.5500030517578,240.0,9518542
2024-12-20,220.53546142578125,237.10000610351562,244.14999389648438,235.3000030517578,241.5,15556528
2024-12-23,224.02346801757812,240.85000610351562,242.3000030517578,236.85000610351562,238.25,7722901
2024-12-24,222.2561798095703,238.9499969482422,243.25,238.60000610351562,241.0,3577400
2024-12-26,223.46536254882812,240.25,242.0,239.0,240.0,6330006
2024-12-27,220.3494110107422,236.89999389648438,241.0,236.3000030517578,240.0,6487888
2024-12-30,216.39633178710938,232.64999389648438,237.0,231.14999389648438,236.0500030517578,19401112
2024-12-31,222.53524780273438,239.25,239.89999389648438,232.35000610351562,232.64999389648438,12004845
2025-01-01,220.39593505859375,236.9499969482422,239.24000549316406,236.35000610351562,237.80999755859375,9418453
2025-01-02,228.8787841796875,246.07000732421875,246.77999877929688,237.0,237.0500030517578,19745810
2025-01-03,240.80313110351562,258.8900146484375,262.75,247.99000549316406,248.4499969482422,49760410
2025-01-06,236.58961486816406,254.36000061035156,259.5,251.4499969482422,259.1099853515625,19265884
2025-01-07,245.08172607421875,263.489990234375,267.3999938964844,258.04998779296875,259.1499938964844,52956766
2025-01-08,252.37400817871094,271.3299865722656,273.5,265.75,266.45001220703125,42237794
2025-01-09,244.7934112548828,263.17999267578125,272.5899963378906,261.7099914550781,272.0299987792969,14706472
2025-01-10,244.6445770263672,263.0199890136719,266.5,258.4700012207031,264.0,13053552
2025-01-13,237.8638916015625,255.72999572753906,268.6000061035156,254.61000061035156,266.0299987792969,20416370
2025-01-14,242.17971801757812,260.3699951171875,262.0,256.82000732421875,257.5199890136719,8470150
2025-01-15,240.14271545410156,258.17999267578125,264.4700012207031,257.69000244140625,260.8999938964844,9344731
2025-01-16,244.7934112548828,263.17999267578125,265.6300048828125,260.0,260.0,14195450
2025-01-17,247.9466094970703,266.57000732421875,267.0,261.29998779296875,262.0,12148143
2025-01-20,250.54164123535156,269.3599853515625,270.4700012207031,265.010009765625,268.1000061035156,9676264
2025-01-21,247.23036193847656,265.79998779296875,269.3500061035156,264.80999755859375,268.04998779296875,8989218
2025-01-22,245.60260009765625,264.04998779296875,266.3900146484375,261.7099914550781,266.0,7919682
2025-01-23,244.6724853515625,263.04998779296875,263.8299865722656,261.1700134277344,263.0,5026675
2025-01-24,238.5894012451172,256.510009765625,265.6400146484375,255.75,262.989990234375,6306281
2025-01-27,233.2597198486328,250.77999877929688,256.44000244140625,249.50999450683594,255.0,6944911
2025-01-28,231.30641174316406,248.67999267578125,252.39999389648438,246.7100067138672,250.0,8029472
2025-01-29,233.83639526367188,251.39999389648438,252.0,247.0,248.89999389648438,5651586
2025-01-30,238.7847137451172,256.7200012207031,259.3999938964844,250.94000244140625,252.0,12588155
2025-01-31,244.26321411132812,262.6099853515625,263.489990234375,255.2100067138672,257.010009765625,8850307
2025-02-01,239.55673217773438,257.54998779296875,262.5,253.75,259.54998779296875,10921673
2025-02-03,231.6040802001953,249.0,256.3500061035156,244.85000610351562,255.60000610351562,25719512
2025-02-04,236.3477783203125,254.10000610351562,257.5,252.0,252.39999389648438,8402532
2025-02-05,243.37026977539062,261.6499938964844,263.0,257.75,259.0,11590755
2025-02-06,238.25454711914062,256.1499938964844,262.95001220703125,254.3000030517578,262.6499938964844,12327998
2025-02-07,236.12008666992188,248.89999389648438,253.85000610351562,247.5,252.9499969482422,10098454
2025-02-10,230.00125122070312,242.4499969482422,249.60000610351562,241.8000030517578,248.9499969482422,7582536
2025-02-11,226.6809539794922,238.9499969482422,242.4499969482422,236.8000030517578,242.4499969482422,6711630
2025-02-12,225.21054077148438,237.39999389648438,241.25,234.14999389648438,239.0,5985956
2025-02-13,222.88633728027344,234.9499969482422,239.4499969482422,234.1999969482422,238.5,10079210
2025-02-14,218.6648406982422,230.5,237.9499969482422,226.75,235.0,8065352
2025-02-17,221.65309143066406,233.64999389648438,234.3000030517578,225.0500030517578,230.1999969482422,6692422
2025-02-18,224.45162963867188,236.60000610351562,237.14999389648438,229.5500030517578,232.1999969482422,6170974
2025-02-19,226.06434631347656,238.3000030517578,238.8000030517578,234.5,236.0,6168581
2025-02-20,229.4794921875,241.89999389648438,242.64999389648438,236.5,236.8000030517578,8929816
2025-02-21,227.58218383789062,239.89999389648438,243.0500030517578,238.10000610351562,241.89999389648438,5697387
2025-02-24,222.31716918945312,234.35000610351562,237.9499969482422,234.0,236.3000030517578,6883143
2025-02-25,221.03646850585938,233.0,236.6999969482422,232.5500030517578,235.0,5519036
2025-02-27,219.13917541503906,231.0,233.85000610351562,228.5,233.5,9664032
2025-02-28,213.6844024658203,225.25,230.5,223.14999389648438,230.0,17237276
2025-03-03,213.57057189941406,225.1300048828125,226.0,218.36000061035156,224.75,11928529
2025-03-04,215.1168670654297,226.75999450683594,227.75,215.47999572753906,220.10000610351562,12428265
2025-03-05,217.18492126464844,228.94000244140625,231.25,226.75999450683594,227.1199951171875,7466729
2025-03-06,220.65701293945312,232.60000610351562,233.57000732421875,226.7100067138672,231.49000549316406,10439208
2025-03-07,220.93212890625,232.88999938964844,236.47000122070312,231.1699981689453,232.60000610351562,9079049
2025-03-10,211.7301788330078,223.19000244140625,235.0,222.47999572753906,232.88999938964844,16489167
2025-03-11,215.0789337158203,226.72000122070312,227.25999450683594,220.10000610351562,220.89999389648438,10941588
2025-03-12,212.87803649902344,224.39999389648438,228.83999633789062,222.36000061035156,227.10000610351562,6994310
2025-03-13,213.8551483154297,225.42999267578125,230.39999389648438,224.8699951171875,228.14999389648438,16105085
2025-03-17,217.94386291503906,229.74000549316406,230.4499969482422,226.24000549316406,226.52000427246094,8788971
2025-03-18,217.94386291503906,229.74000549316406,229.74000549316406,229.74000549316406,229.74000549316406,0
2025-03-19,220.62855529785156,232.57000732421875,235.13999938964844,231.60000610351562,232.5,8626593
2025-03-20,223.4934844970703,235.58999633789062,237.0399932861328,232.00999450683594,233.47999572753906,18955995
2025-03-21,229.97279357910156,242.4199981689453,248.0,235.8000030517578,235.8000030517578,29285333
2025-03-24,231.31040954589844,243.8300018310547,246.39999389648438,242.75,244.19000244140625,10566066
2025-03-25,229.81153869628906,242.25,245.3699951171875,240.5500030517578,244.00999450683594,8915800
2025-03-26,227.41143798828125,239.72000122070312,244.5,239.3699951171875,243.35000610351562,7543985
2025-03-27,229.7356414794922,242.1699981689453,243.39999389648438,238.64999389648438,238.8699951171875,9935664
2025-03-28,233.72947692871094,246.3800048828125,254.89999389648438,243.25999450683594,243.44000244140625,32905564
2025-04-01,235.33270263671875,248.07000732421875,252.1999969482422,246.6999969482422,247.0,11258957
2025-04-02,237.770751953125,250.63999938964844,251.5,248.0,250.0500030517578,15337906
2025-04-03,230.8170928955078,243.30999755859375,249.6199951171875,242.50999450683594,248.0,11141370
2025-04-04,214.40536499023438,226.00999450683594,241.2100067138672,224.1999969482422,240.55999755859375,38336194
2025-04-07,208.55218505859375,219.83999633789062,220.8000030517578,205.0,208.0,27024128
2025-04-08,215.0220184326172,226.66000366210938,227.24000549316406,219.17999267578125,223.0,11309092
2025-04-09,210.5443572998047,221.94000244140625,224.05999755859375,220.25999450683594,222.0,16889575
2025-04-11,218.54150390625,230.3699951171875,231.39999389648438,225.25,228.3000030517578,13886447
2025-04-15,220.7423858642578,232.69000244140625,234.0,230.10000610351562,234.0,12102239
2025-04-16,228.8344268798828,241.22000122070312,242.0,231.72000122070312,232.69000244140625,18748952
2025-04-17,230.9878692626953,243.49000549316406,244.61000061035156,239.25999450683594,241.0,12891813
2025-04-21,236.95489501953125,249.77999877929688,250.5500030517578,241.75,244.00999450683594,11698653
2025-04-22,235.05758666992188,247.77999877929688,250.60000610351562,247.25999450683594,248.97000122070312,9896443
2025-04-23,239.22216796875,252.1699981689453,252.75,244.9199981689453,248.74000549316406,16555874
2025-04-24,236.56594848632812,249.3699951171875,251.3699951171875,248.0,250.0,6538518
2025-04-25,233.6820526123047,246.3300018310547,250.67999267578125,244.39999389648438,249.0,15616265
2025-04-28,237.7327880859375,250.60000610351562,251.9499969482422,244.3800048828125,246.0,7669983
2025-04-29,233.06539916992188,245.67999267578125,252.10000610351562,245.10000610351562,251.24000549316406,8030552
2025-04-30,231.8985595703125,244.4499969482422,247.44000244140625,242.22000122070312,245.5,9822483
2025-05-02,230.2763671875,242.74000549316406,246.27000427246094,239.0,241.0,10203190
2025-05-05,226.91812133789062,239.1999969482422,241.14999389648438,234.5,240.0,20086323
2025-05-06,224.8311004638672,237.0,242.99000549316406,236.0,241.1300048828125,11350559
2025-05-07,226.41534423828125,238.6699981689453,240.08999633789062,232.07000732421875,232.3000030517578,16689539
2025-05-08,221.24517822265625,233.22000122070312,239.33999633789062,231.39999389648438,237.66000366210938,15026122
2025-05-09,222.89584350585938,234.9600067138672,235.3000030517578,228.4499969482422,229.10000610351562,11184507
2025-05-12,231.4906463623047,244.02000427246094,244.60000610351562,238.11000061035156,239.0,11374237
2025-05-13,228.77748107910156,241.16000366210938,245.2899932861328,240.2899932861328,244.14999389648438,9336026
2025-05-14,233.37844848632812,246.00999450683594,246.89999389648438,241.16000366210938,241.16000366210938,8234859
2025-05-15,234.8963165283203,247.61000061035156,248.9199981689453,242.3000030517578,244.9499969482422,16812750
2025-05-16,234.5737762451172,247.27000427246094,249.38999938964844,246.1999969482422,247.05999755859375,8030229
2025-05-19,233.91920471191406,246.5800018310547,249.4499969482422,244.91000366210938,248.0,8043270
2025-05-20,236.4615936279297,249.25999450683594,252.6999969482422,246.7899932861328,246.7899932861328,13183059
2025-05-21,235.91136169433594,248.67999267578125,251.9499969482422,247.75999450683594,251.5,7158307
2025-05-22,229.26129150390625,241.6699981689453,250.47999572753906,239.61000061035156,248.67999267578125,18502235
2025-05-23,231.69935607910156,244.24000549316406,244.67999267578125,240.14999389648438,242.5,8725218
2025-05-26,233.3120574951172,245.94000244140625,247.1300048828125,244.80999755859375,245.3000030517578,7159571
2025-05-27,231.9839324951172,244.5399932861328,246.85000610351562,242.9199981689453,246.85000610351562,9712093
2025-05-28,230.2099609375,242.6699981689453,245.33999633789062,241.3000030517578,244.63999938964844,7385958
2025-05-29,230.5609588623047,243.0399932861328,244.60000610351562,241.35000610351562,243.60000610351562,12938112
2025-05-30,227.10784912109375,239.39999389648438,245.19000244140625,238.88999938964844,243.0399932861328,10108840
2025-06-02,226.07382202148438,238.30999755859375,240.08999633789062,237.66000366210938,239.0,6278145
2025-06-03,225.0872344970703,237.27000427246094,241.0500030517578,236.60000610351562,240.5,9515918
2025-06-04,225.82717895507812,238.0500030517578,238.5,235.5,238.0,6733580
2025-06-05,225.5615692138672,237.77000427246094,239.6199951171875,236.22000122070312,238.0500030517578,8941808
2025-06-06,227.7339630126953,240.05999755859375,240.47000122070312,237.50999450683594,237.7899932861328,5985346
2025-06-09,230.33328247070312,242.8000030517578,244.1199951171875,240.5,241.77999877929688,7719525
2025-06-10,232.11676025390625,244.67999267578125,245.0,242.58999633789062,244.25,7659657
2025-06-11,234.6212158203125,247.32000732421875,250.39999389648438,243.5500030517578,244.5,20842417
2025-06-12,235.15245056152344,247.8800048828125,255.1999969482422,246.75,251.5,35613271
2025-06-13,238.5960693359375,251.50999450683594,255.9499969482422,249.1199951171875,255.5500030517578,39320377
2025-06-16,243.60496520996094,256.7900085449219,257.5,252.19000244140625,253.99000549316406,41444122
2025-06-17,239.35498046875,252.30999755859375,257.0899963378906,251.5500030517578,256.94000244140625,18781097
2025-06-18,237.50511169433594,250.36000061035156,255.88999938964844,249.77000427246094,254.02999877929688,12691905
2025-06-19,238.64349365234375,251.55999755859375,253.0,248.1999969482422,250.5,10790997
2025-06-20,238.95654296875,251.88999938964844,253.25,249.35000610351562,252.25999450683594,15907673
2025-06-23,238.4727325439453,251.3800048828125,255.49000549316406,250.3300018310547,253.00999450683594,16776881
2025-06-24,231.39578247070312,243.9199981689453,248.0,243.49000549316406,247.5,22215004
2025-06-25,229.48898315429688,241.91000366210938,245.3000030517578,241.5,244.0,13056178
2025-06-26,232.16419982910156,244.72999572753906,245.3699951171875,241.5399932861328,242.0,15769123
2025-06-27,230.3617401123047,242.8300018310547,246.22000122070312,242.0,245.00999450683594,21691960
2025-06-30,231.6708984375,244.2100067138672,245.6999969482422,243.0,244.0,8783448
2025-07-01,230.87400817871094,243.3699951171875,245.3000030517578,241.3000030517578,245.3000030517578,8470489
2025-07-02,228.69212341308594,241.07000732421875,243.75,240.1999969482422,242.89999389648438,10419419
2025-07-03,231.5191192626953,244.0500030517578,246.1999969482422,241.8000030517578,242.0,13891239
2025-07-04,232.64801025390625,245.24000549316406,245.4499969482422,242.50999450683594,245.1999969482422,7717259
2025-07-07,229.1190185546875,241.52000427246094,245.5,240.8300018310547,245.5,9222263
2025-07-08,230.75070190429688,243.24000549316406,243.6999969482422,240.64999389648438,242.41000366210938,7537067
2025-07-09,230.8550567626953,243.35000610351562,244.58999633789062,242.27000427246094,243.35000610351562,9590680
2025-07-10,230.6083984375,243.08999633789062,244.69000244140625,242.3300018310547,243.50999450683594,8012201
2025-07-11,229.34666442871094,241.75999450683594,243.08999633789062,240.8000030517578,243.0500030517578,5608382
2025-07-14,231.68038940429688,244.22000122070312,244.88999938964844,241.13999938964844,242.89999389648438,7568906
2025-07-15,231.15859985351562,243.6699981689453,245.3699951171875,242.6999969482422,244.47999572753906,7843083
2025-07-16,230.38072204589844,242.85000610351562,244.14999389648438,242.3000030517578,244.0,5656962
2025-07-17,231.3483428955078,243.8699951171875,244.55999755859375,242.82000732421875,243.0,7006298
2025-07-18,233.66305541992188,246.30999755859375,247.35000610351562,243.4600067138672,244.74000549316406,10293817
2025-07-21,232.45826721191406,245.0399932861328,246.3000030517578,244.42999267578125,246.0,5424455
2025-07-22,233.7579345703125,246.41000366210938,246.8699951171875,244.07000732421875,245.0399932861328,5869862
2025-07-23,232.9420928955078,245.5500030517578,247.1999969482422,244.25999450683594,246.0,7357753
2025-07-24,232.25906372070312,244.8300018310547,246.1999969482422,243.75999450683594,245.55999755859375,4590999
2025-07-25,227.95216369628906,240.2899932861328,244.8000030517578,239.25,244.0,7427827
2025-07-28,227.69602966308594,240.02000427246094,241.55999755859375,237.8000030517578,240.2899932861328,6865890
2025-07-29,229.04312133789062,241.44000244140625,242.50999450683594,239.82000732421875,240.02000427246094,6157824
2025-07-30,229.39410400390625,241.80999755859375,243.7100067138672,240.10000610351562,242.5399932861328,8767763
2025-07-31,228.62570190429688,241.0,242.80999755859375,239.66000366210938,240.1999969482422,10254214
2025-08-01,224.63186645507812,236.7899932861328,240.7100067138672,234.0500030517578,240.10000610351562,12629251
2025-08-04,222.7725067138672,234.8300018310547,238.38999938964844,234.0,236.5,16174972
2025-08-05,222.4404754638672,234.47999572753906,236.0,233.0500030517578,235.5,9562689
2025-08-06,221.76693725585938,233.77000427246094,235.3699951171875,232.91000366210938,234.5500030517578,7568954
2025-08-07,221.91871643066406,233.92999267578125,234.1999969482422,231.30999755859375,233.14999389648438,5560413
2025-08-08,221.45388793945312,233.44000244140625,235.1199951171875,232.67999267578125,233.89999389648438,5249568
2025-08-11,221.78590393066406,233.7899932861328,235.0,231.5800018310547,233.44000244140625,4699743
2025-08-12,223.42709350585938,235.52000427246094,236.36000061035156,233.61000061035156,233.8000030517578,7036778
2025-08-13,226.41534423828125,238.6699981689453,239.9499969482422,236.3000030517578,237.74000549316406,8501906
2025-08-14,224.77418518066406,236.94000244140625,238.6699981689453,234.42999267578125,238.50999450683594,7258450
2025-08-18,225.93153381347656,238.16000366210938,238.58999633789062,235.5,237.25,8501972
2025-08-19,225.7228240966797,237.94000244140625,238.5399932861328,236.67999267578125,237.5,5538059
2025-08-20,225.7133331298828,237.92999267578125,239.08999633789062,237.0,237.0,7438061
2025-08-21,226.0548553466797,238.2899932861328,240.99000549316406,237.22999572753906,238.0,8111371
2025-08-22,224.1575469970703,236.2899932861328,238.6300048828125,235.88999938964844,238.0,5423818
2025-08-25,224.60340881347656,236.75999450683594,237.49000549316406,235.64999389648438,236.3000030517578,8854258
2025-08-26,222.1653594970703,234.19000244140625,237.3000030517578,233.8000030517578,236.66000366210938,14671897
2025-08-28,221.4064483642578,233.38999938964844,235.27999877929688,232.3800048828125,234.3000030517578,13870643
2025-08-29,221.71002197265625,233.7100067138672,235.3699951171875,231.3300018310547,233.38999938964844,9928988
2025-09-01,226.46278381347656,238.72000122070312,239.19000244140625,233.07000732421875,234.0,4366396
2025-09-02,227.19325256347656,239.49000549316406,242.5,237.39999389648438,238.75,5921193
2025-09-03,226.7947998046875,239.07000732421875,241.94000244140625,238.4600067138672,239.5,4364007
2025-09-04,224.7921600341797,235.72000122070312,239.35000610351562,235.42999267578125,239.07000732421875,8778730
2025-09-05,223.27587890625,234.1300048828125,237.16000366210938,233.00999450683594,235.75,7210683
2025-09-08,221.7500457763672,232.52999877929688,234.97999572753906,232.05999755859375,234.1300048828125,8418326
2025-09-09,220.60568237304688,231.3300018310547,234.58999633789062,230.75999450683594,232.52999877929688,11665314
2025-09-10,220.99667358398438,231.74000549316406,233.0399932861328,231.0,233.0,11775053
2025-09-11,222.92300415039062,233.75999450683594,235.22000122070312,232.10000610351562,232.10000610351562,11047708
2025-09-12,222.43666076660156,233.25,235.41000366210938,232.6999969482422,234.50999450683594,6073522
2025-09-15,221.4925537109375,232.25999450683594,234.19000244140625,232.0,233.14999389648438,6153784
2025-09-16,224.1913604736328,235.08999633789062,235.27000427246094,232.4199981689453,232.47999572753906,7319921
2025-09-17,225.89837646484375,236.8800048828125,237.9600067138672,235.17999267578125,236.0,7628371
2025-09-18,224.66818237304688,235.58999633789062,237.6999969482422,234.5,237.6999969482422,6497852
2025-09-19,225.71719360351562,236.69000244140625,237.39999389648438,234.75,235.11000061035156,16484017
2025-09-22,226.46102905273438,237.47000122070312,238.4499969482422,235.64999389648438,236.0,9962796
2025-09-23,225.68858337402344,236.66000366210938,237.58999633789062,235.14999389648438,237.25,7014239
2025-09-24,227.46234130859375,238.52000427246094,240.1300048828125,236.25999450683594,236.66000366210938,8299331
2025-09-25,228.5590362548828,239.6699981689453,242.13999938964844,238.52000427246094,238.9199981689453,10150654
2025-09-26,226.98553466796875,238.02000427246094,240.25999450683594,236.83999633789062,240.0,6349466
2025-09-29,228.8546600341797,239.97999572753906,241.16000366210938,238.1699981689453,239.0,10631271
2025-09-30,228.3969268798828,239.5,240.88999938964844,238.5,240.0,7167687
2025-10-01,231.77279663085938,243.0399932861328,246.2899932861328,238.47000122070312,238.60000610351562,10375310
2025-10-03,232.36407470703125,243.66000366210938,244.1999969482422,239.6999969482422,242.5,10702610
2025-10-06,234.46206665039062,245.86000061035156,247.5,242.72999572753906,242.72999572753906,9465503
2025-10-07,233.94711303710938,245.32000732421875,249.5,244.66000366210938,245.86000061035156,12498420
2025-10-08,230.59982299804688,241.80999755859375,246.8000030517578,241.13999938964844,246.5500030517578,5073558
2025-10-09,232.10658264160156,243.38999938964844,244.5,240.55999755859375,241.83999633789062,9292031
2025-10-10,234.91981506347656,246.33999633789062,247.0800018310547,243.60000610351562,244.0500030517578,9050771
2025-10-13,232.7741241455078,244.08999633789062,245.67999267578125,241.3800048828125,245.0,12607116
2025-10-14,233.3463134765625,244.69000244140625,248.74000549316406,243.89999389648438,245.3000030517578,13865005
2025-10-15,236.23585510253906,247.72000122070312,248.19000244140625,244.2899932861328,244.69000244140625,8520238
2025-10-16,236.83663940429688,248.35000610351562,248.6999969482422,246.0,248.0,6083826
2025-10-17,236.20724487304688,247.69000244140625,248.5500030517578,244.77000427246094,248.5500030517578,14250215
2025-10-20,237.2085723876953,248.74000549316406,249.1999969482422,244.99000549316406,247.69000244140625,10920554
2025-10-21,236.61729431152344,248.1199951171875,249.3000030517578,247.38999938964844,248.74000549316406,569979
2025-10-23,240.61305236816406,252.30999755859375,253.24000549316406,249.0800018310547,250.0,13879042
2025-10-24,243.1402130126953,254.9600067138672,257.3999938964844,252.85000610351562,254.0,17882209
2025-10-27,241.52854919433594,253.27000427246094,256.0899963378906,251.91000366210938,255.4199981689453,7889080
2025-10-28,238.92510986328125,250.5399932861328,253.7899932861328,249.86000061035156,253.10000610351562,8529692
2025-10-29,243.78866577148438,255.63999938964844,257.3399963378906,250.5500030517578,250.9499969482422,8806213
2025-10-30,242.73013305664062,254.52999877929688,256.5,253.41000366210938,256.5,5266883
2025-10-31,243.53118896484375,255.3699951171875,257.8999938964844,253.32000732421875,254.6999969482422,7199008
2025-11-03,245.61012268066406,257.54998779296875,258.5,254.3000030517578,255.0,5450040
2025-11-04,240.6511993408203,252.35000610351562,257.5,252.0,256.1000061035156,6006851
2025-11-06,239.84060668945312,251.5,255.5,250.4499969482422,253.5500030517578,6987258
2025-11-07,240.50816345214844,252.1999969482422,253.60000610351562,250.0,250.0,4449104
2025-11-10,239.7452392578125,251.39999389648438,255.5,249.5,252.0,7418162
2025-11-11,237.88563537597656,249.4499969482422,254.1999969482422,246.0,254.1999969482422,16183880
2025-11-12,242.0816650390625,253.85000610351562,255.60000610351562,249.89999389648438,252.60000610351562,11917811
2025-11-13,239.2207489013672,250.85000610351562,253.6999969482422,247.3000030517578,253.6999969482422,13057927
2025-11-14,241.9075164794922,247.60000610351562,249.64999389648438,245.10000610351562,245.5,9185042
2025-11-17,242.34716796875,248.0500030517578,249.6999969482422,247.4499969482422,247.60000610351562,6281588
2025-11-18,241.2724609375,246.9499969482422,249.4499969482422,246.3000030517578,247.0,7708871
2025-11-19,243.27532958984375,249.0,250.3000030517578,245.39999389648438,246.9499969482422,7075882
2025-11-20,242.34716796875,248.0500030517578,251.10000610351562,247.60000610351562,249.0,6918642
2025-11-21,241.2724609375,246.9499969482422,248.3000030517578,246.1999969482422,247.0500030517578,7589240
2025-11-24,240.1000518798828,245.75,247.4499969482422,244.3000030517578,246.9499969482422,15875282
2025-11-25,239.70925903320312,245.35000610351562,247.5,244.60000610351562,245.75,8983620
2025-11-26,242.00521850585938,247.6999969482422,248.0,245.0500030517578,245.35000610351562,7232643
2025-11-27,238.39028930664062,244.0,248.8000030517578,242.8000030517578,248.0,5600832
2025-11-28,237.65753173828125,243.25,245.35000610351562,242.5500030517578,245.0,3804191
2025-12-01,239.20120239257812,244.8300018310547,245.85000610351562,243.00999450683594,244.0500030517578,6307936
2025-12-02,237.94085693359375,243.5399932861328,246.25999450683594,242.5,243.5,5413988
2025-12-03,234.5017852783203,240.02000427246094,244.36000061035156,239.55999755859375,244.0500030517578,11829802
2025-12-04,236.6609649658203,242.22999572753906,242.6999969482422,239.69000244140625,240.5,10825420
2025-12-05,235.6839599609375,241.22999572753906,243.1999969482422,240.91000366210938,242.6999969482422,7645591
2025-12-08,233.03627014160156,238.52000427246094,242.0,237.6999969482422,241.22999572753906,5285903
2025-12-09,234.325927734375,239.83999633789062,240.1999969482422,236.8300018310547,237.6999969482422,9026401
2025-12-10,233.78855895996094,239.2899932861328,240.35000610351562,238.4199981689453,239.32000732421875,3492031
2025-12-11,232.92880249023438,238.41000366210938,241.3000030517578,238.13999938964844,239.2899932861328,8868641
2025-12-12,232.5477752685547,238.02000427246094,239.39999389648438,237.02000427246094,238.5,4252781
2025-12-15,229.9391632080078,235.35000610351562,238.7899932861328,229.94000244140625,238.0,12334408
2025-12-16,226.87135314941406,232.2100067138672,235.3000030517578,230.75,234.1699981689453,7238404
2025-12-17,227.5552520751953,232.91000366210938,233.4199981689453,228.61000061035156,231.75,5848233
2025-12-18,226.66616821289062,232.0,234.1300048828125,231.2100067138672,233.0,3964839
2025-12-19,227.53570556640625,232.88999938964844,233.5,231.5,232.0,5070902
2025-12-22,228.79605102539062,234.17999267578125,235.27999877929688,232.77000427246094,233.7899932861328,4614185
2025-12-23,230.07594299316406,235.49000549316406,237.89999389648438,234.60000610351562,234.60000610351562,5810236
2025-12-24,228.39547729492188,233.77000427246094,236.57000732421875,233.13999938964844,235.5399932861328,4114036
2025-12-26,229.13800048828125,234.52999877929688,235.27999877929688,233.0500030517578,233.83999633789062,3710774
2025-12-29,229.4213409423828,234.82000732421875,239.02000427246094,234.0,234.52999877929688,12621499
2025-12-30,229.2845458984375,234.67999267578125,235.60000610351562,233.30999755859375,234.9499969482422,6236729
2025-12-31,234.853515625,240.3800048828125,241.0,234.61000061035156,234.69000244140625,11514802
2026-01-01,232.4696044921875,237.94000244140625,241.11000061035156,237.41000366210938,240.89999389648438,5840586
2026-01-02,235.90869140625,241.4600067138672,242.5500030517578,237.94000244140625,237.94000244140625,5925943
2026-01-05,232.61614990234375,238.08999633789062,246.8000030517578,235.6999969482422,246.8000030517578,21201434
2026-01-06,236.32879638671875,241.88999938964844,242.36000061035156,238.08999633789062,238.08999633789062,10840459
2026-01-07,233.56385803222656,239.05999755859375,241.67999267578125,238.16000366210938,240.2100067138672,8253161
2026-01-08,226.09950256347656,231.4199981689453,238.88999938964844,231.0,238.1999969482422,9218488
2026-01-09,228.70811462402344,234.08999633789062,238.25,232.0,232.2899932861328,12706408
2026-01-12,230.29087829589844,235.7100067138672,236.16000366210938,231.66000366210938,234.08999633789062,9807980
2026-01-13,238.1753387451172,243.77999877929688,244.14999389648438,235.8000030517578,238.0,22527192
2026-01-14,242.5230255126953,248.22999572753906,251.0,243.5800018310547,243.99000549316406,33094088
2026-01-15,242.5230255126953,248.22999572753906,248.22999572753906,248.22999572753906,248.22999572753906,0
2026-01-16,241.48739624023438,247.1699981689453,247.77999877929688,242.39999389648438,246.89999389648438,12287680
2026-01-19,237.520751953125,243.11000061035156,248.0,242.3000030517578,245.0,6459249
2026-01-20,234.86328125,240.38999938964844,245.33999633789062,239.7100067138672,243.11000061035156,6496057
2026-01-21,236.79776000976562,242.3699951171875,244.49000549316406,239.50999450683594,240.0,9610477
2026-01-22,238.40005493164062,244.00999450683594,246.47000122070312,242.57000732421875,244.60000610351562,10746306
2026-01-23,239.8264923095703,245.47000122070312,246.3000030517578,241.5500030517578,245.3000030517578,8080247
2026-01-27,242.2494659423828,247.9499969482422,248.99000549316406,245.88999938964844,246.60000610351562,15915509
2026-01-28,262.4051513671875,268.5799865722656,269.6499938964844,249.1999969482422,249.1999969482422,73427983
2026-01-29,269.0586242675781,275.3900146484375,277.7699890136719,269.010009765625,270.0,48267023
2026-01-30,262.77642822265625,268.9599914550781,276.5,268.010009765625,273.8900146484375,24420043
2026-02-02,248.1115264892578,253.9499969482422,257.0,247.60000610351562,251.60000610351562,17015974
2026-02-03,251.09140014648438,257.0,262.0,249.35000610351562,259.70001220703125,19213406
2026-02-04,260.8126525878906,266.95001220703125,270.0,258.04998779296875,258.04998779296875,26628393
2026-02-05,263.01092529296875,269.20001220703125,270.45001220703125,266.0,268.0,15268335
2026-02-06,262.7666931152344,268.95001220703125,269.95001220703125,264.70001220703125,268.0,10013728
2026-02-09,260.470703125,266.6000061035156,270.8999938964844,265.75,269.45001220703125,10824044
2026-02-10,265.8930969238281,272.1499938964844,273.04998779296875,267.0,267.25,13459684
2026-02-11,268.2867736816406,274.6000061035156,275.1000061035156,266.3500061035156,272.29998779296875,18388416
2026-02-12,269.9965515136719,276.3500061035156,280.29998779296875,273.45001220703125,276.0,22753270
2026-02-13,261.2522888183594,267.3999938964844,271.3500061035156,266.0,270.0,20748628
2026-02-16,265.306884765625,271.54998779296875,272.20001220703125,265.6499938964844,267.6499938964844,13247757
2026-02-17,265.6000061035156,271.8500061035156,273.0,268.1000061035156,273.0,21292868
2026-02-18,264.6000061035156,264.6000061035156,266.1000061035156,262.54998779296875,265.0,11621040
2026-02-19,274.6499938964844,274.6499938964844,276.45001220703125,267.8500061035156,270.29998779296875,37728943
2026-02-20,278.6499938964844,278.6499938964844,280.79998779296875,274.3500061035156,277.3999938964844,31971956
2026-02-23,275.6499938964844,275.6499938964844,279.8999938964844,272.20001220703125,279.8999938964844,13113050
2026-02-24,276.5,276.5,278.1499938964844,273.29998779296875,275.6499938964844,16311581
2026-02-25,277.45001220703125,277.45001220703125,278.95001220703125,274.0,276.5,7573116
2026-02-26,280.1000061035156,280.1000061035156,281.04998779296875,275.6000061035156,277.3999938964844,13301761
2026-02-27,279.70001220703125,279.70001220703125,282.5,277.0,278.5,18554482
2026-03-02,282.20001220703125,282.20001220703125,293.0,277.6499938964844,288.0,65843426
2026-03-04,276.95001220703125,276.95001220703125,288.3500061035156,275.1000061035156,287.0,53722773
2026-03-05,276.3500061035156,276.3500061035156,287.6499938964844,275.3500061035156,278.0,40569479
2026-03-06,278.95001220703125,278.95001220703125,280.95001220703125,271.1499938964844,279.95001220703125,30725344
2026-03-09,270.79998779296875,270.79998779296875,289.0,267.6000061035156,289.0,56512457
2026-03-10,269.20001220703125,269.20001220703125,270.8999938964844,265.3500061035156,270.8500061035156,18476370
2026-03-11,270.75,270.75,272.3999938964844,268.0,268.0,16130216
2026-03-12,270.54998779296875,270.54998779296875,273.0,267.75,271.6000061035156,20059801
2026-03-13,264.1000061035156,264.1000061035156,271.29998779296875,263.45001220703125,270.54998779296875,18411729
2026-03-16,260.45001220703125,260.45001220703125,266.0,258.3500061035156,264.04998779296875,21725887
2026-03-17,264.75,264.75,265.3999938964844,259.1499938964844,260.6499938964844,15662659
2026-03-18,265.0,265.0,266.6499938964844,263.0,265.1499938964844,8780857
2026-03-19,269.1000061035156,269.1000061035156,271.5,262.5,265.0,28685305
2026-03-20,265.3999938964844,265.3999938964844,273.04998779296875,264.0,269.0,19436124
2026-03-23,265.45001220703125,265.45001220703125,269.70001220703125,263.8999938964844,267.29998779296875,23991581
2026-03-24,268.04998779296875,268.04998779296875,273.29998779296875,266.8500061035156,268.54998779296875,18567283
2026-03-25,270.20001220703125,270.20001220703125,271.5,266.3999938964844,267.3500061035156,13380625
2026-03-27,281.95001220703125,281.95001220703125,285.0,269.70001220703125,270.5,60048871
2026-03-30,284.6499938964844,284.6499938964844,288.3500061035156,281.95001220703125,282.75,44866906
2026-04-01,288.04998779296875,288.04998779296875,293.0,282.79998779296875,290.0,31626297
2026-04-02,287.20001220703125,287.20001220703125,288.79998779296875,283.5,288.5,20935809
2026-04-06,281.8500061035156,281.8500061035156,288.5,280.45001220703125,287.29998779296875,24449779
2026-04-07,286.6499938964844,286.6499938964844,287.54998779296875,280.0,281.8500061035156,22891122
2026-04-08,285.5,285.5,287.8500061035156,274.75,280.0,42071040
2026-04-09,288.6000061035156,288.6000061035156,289.79998779296875,284.8999938964844,284.8999938964844,13585661
2026-04-10,286.5,286.5,291.8500061035156,284.54998779296875,288.6000061035156,12889209
2026-04-13,287.54998779296875,287.54998779296875,290.29998779296875,281.0,287.20001220703125,23986567
2026-04-15,287.6000061035156,287.6000061035156,289.79998779296875,283.3500061035156,284.04998779296875,16529148
2026-04-16,282.75,282.75,288.1000061035156,282.0,288.0,13626398
2026-04-17,284.04998779296875,284.04998779296875,285.5,282.20001220703125,283.3999938964844,17846605
2026-04-20,283.3500061035156,283.3500061035156,285.20001220703125,282.5,284.0,11057036
2026-04-21,283.1000061035156,283.1000061035156,284.8500061035156,282.3999938964844,283.1499938964844,13645673
2026-04-22,283.6499938964844,283.6499938964844,285.04998779296875,282.6000061035156,283.1000061035156,7395183
2026-04-23,286.25,286.25,289.79998779296875,284.04998779296875,284.8500061035156,13525025
2026-04-24,284.79998779296875,284.79998779296875,288.79998779296875,283.8999938964844,288.79998779296875,11789941
2026-04-27,285.8999938964844,285.8999938964844,286.70001220703125,284.20001220703125,286.0,6497916
2026-04-28,301.29998779296875,301.29998779296875,302.3999938964844,286.0,286.25,51575179
2026-04-29,301.3999938964844,301.3999938964844,307.5,299.75,303.8999938964844,27267649
2026-04-30,299.54998779296875,299.54998779296875,307.45001220703125,296.8999938964844,304.8999938964844,17490096
2026-05-01,299.54998779296875,299.54998779296875,299.54998779296875,299.54998779296875,299.54998779296875,0
2026-05-04,292.8999938964844,292.8999938964844,299.8999938964844,292.3500061035156,298.3999938964844,15468437
2026-05-05,289.95001220703125,289.95001220703125,295.8999938964844,287.0,294.3500061035156,10750753
2026-05-06,280.79998779296875,280.79998779296875,290.25,280.0,289.95001220703125,22858013
2026-05-07,283.8999938964844,283.8999938964844,285.20001220703125,279.70001220703125,282.0,15608370
2026-05-08,279.20001220703125,279.20001220703125,284.0,278.6000061035156,283.6000061035156,9290168
2026-05-11,281.0,281.0,281.79998779296875,277.6499938964844,280.70001220703125,6948202
2026-05-12,294.5,294.5,299.8999938964844,286.8500061035156,286.8999938964844,52080828
2026-05-13,297.1499938964844,297.1499938964844,300.20001220703125,294.1000061035156,297.0,24381295
2026-05-14,300.8999938964844,300.8999938964844,303.70001220703125,298.70001220703125,300.0,22660293
2026-05-15,299.3500061035156,299.3500061035156,304.95001220703125,298.54998779296875,303.0,13695307
2026-05-18,297.20001220703125,297.20001220703125,300.70001220703125,295.1000061035156,299.3500061035156,10521642
2026-05-19,296.5,296.5,298.5,293.6499938964844,295.1000061035156,9565497
2026-05-20,298.29998779296875,298.29998779296875,301.75,293.8500061035156,294.79998779296875,12258794
2026-05-21,295.8500061035156,295.8500061035156,299.6000061035156,294.1499938964844,296.6499938964844,14084672
2026-05-22,290.0,290.0,296.79998779296875,289.3999938964844,295.79998779296875,11563330
2026-05-25,284.95001220703125,284.95001220703125,289.95001220703125,284.29998779296875,289.95001220703125,12837047
2026-05-26,287.5,287.5,289.6499938964844,284.0,285.1000061035156,10629491
2026-05-27,274.04998779296875,274.04998779296875,284.20001220703125,272.45001220703125,284.20001220703125,29178516
2026-05-28,274.04998779296875,274.04998779296875,274.04998779296875,274.04998779296875,274.04998779296875,0
2026-05-29,265.3999938964844,265.3999938964844,276.04998779296875,261.54998779296875,275.95001220703125,74403401
2026-06-01,264.29998779296875,264.29998779296875,268.29998779296875,263.25,266.54998779296875,9095622
2026-06-02,265.04998779296875,265.04998779296875,266.20001220703125,261.04998779296875,263.1499938964844,16831714
2026-06-03,267.75,267.75,268.70001220703125,264.29998779296875,265.1499938964844,14618721
2026-06-04,267.54998779296875,267.54998779296875,271.1499938964844,265.8999938964844,266.70001220703125,15217360
2026-06-05,264.75,264.75,268.45001220703125,263.70001220703125,267.79998779296875,7493239
2026-06-08,264.6499938964844,264.6499938964844,266.25,262.70001220703125,264.1499938964844,6974540
2026-06-09,259.0,259.0,265.5,258.29998779296875,264.1499938964844,10796349
2026-06-10,251.89999389648438,251.89999389648438,261.8500061035156,251.35000610351562,259.0,10176332
2026-06-11,252.60000610351562,252.60000610351562,256.5,250.0500030517578,252.9499969482422,13516341
2026-06-12,246.1999969482422,246.1999969482422,250.85000610351562,243.35000610351562,250.3000030517578,31112657
2026-06-15,243.64999389648438,243.64999389648438,248.3000030517578,242.8000030517578,248.0500030517578,25211118
2026-06-16,248.1999969482422,248.1999969482422,248.8000030517578,243.5,244.14999389648438,17468010
2026-06-17,245.0,245.0,247.75,244.0,246.0,12816262
2026-06-18,245.3000030517578,245.3000030517578,246.85000610351562,243.0,245.9499969482422,13816485
2026-06-19,246.25,246.25,246.6999969482422,243.3000030517578,245.3000030517578,7609532
2026-06-22,245.4499969482422,245.4499969482422,247.75,243.8000030517578,244.9499969482422,7334095
2026-06-23,244.35000610351562,244.35000610351562,246.1999969482422,243.5500030517578,245.39999389648438,7400255
2026-06-24,240.0,240.0,245.8000030517578,239.5,244.35000610351562,10278033
2026-06-25,233.10000610351562,233.10000610351562,240.8000030517578,232.10000610351562,240.8000030517578,36085563
2026-06-26,233.10000610351562,233.10000610351562,233.10000610351562,233.10000610351562,233.10000610351562,0
2026-06-29,234.0500030517578,234.0500030517578,237.14999389648438,229.6999969482422,234.0,38227413
2026-06-30,234.89999389648438,234.89999389648438,236.0,227.64999389648438,233.9499969482422,24134402
2026-07-01,234.99000549316406,234.99000549316406,236.10000610351562,233.52000427246094,235.6999969482422,11835312
2026-07-02,235.9600067138672,235.9600067138672,236.3300018310547,230.8000030517578,234.0,14033169
2026-07-03,237.83999633789062,237.83999633789062,239.6999969482422,236.3300018310547,237.1999969482422,11086950
2026-07-06,243.89999389648438,243.89999389648438,244.38999938964844,236.83999633789062,239.60000610351562,22386040
2026-07-07,244.17999267578125,244.17999267578125,245.27000427246094,242.67999267578125,244.0500030517578,15287101
2026-07-08,247.0,247.0,248.35000610351562,241.47999572753906,246.82000732421875,24753835
2026-07-09,243.64999389648438,243.64999389648438,249.58999633789062,242.91000366210938,249.58999633789062,14066120
2026-07-10,244.9600067138672,244.9600067138672,245.38999938964844,243.41000366210938,243.64999389648438,8237303
2026-07-13,248.4499969482422,248.4499969482422,249.25,245.5500030517578,246.3000030517578,12453319
2026-07-14,248.89999389648438,248.89999389648438,252.0,247.3000030517578,252.0,16299949
2026-07-15,247.17999267578125,247.17999267578125,249.4499969482422,246.3000030517578,249.4199981689453,13302251
2026-07-16,246.75,246.75,247.9600067138672,245.61000061035156,247.9199981689453,6243845
2026-07-17,247.2899932861328,247.2899932861328,247.7899932861328,245.60000610351562,246.1999969482422,6214332
2026-07-20,249.5800018310547,249.5800018310547,252.39999389648438,248.10000610351562,248.42999267578125,10627783
2026-07-21,249.88999938964844,249.88999938964844,251.69000244140625,248.4600067138672,250.00999450683594,12240171
2026-07-22,251.89999389648438,251.89999389648438,252.77999877929688,250.1300048828125,251.0,10909821
2026-07-23,252.3699951171875,252.3699951171875,254.1999969482422,252.00999450683594,253.94000244140625,9104521
2026-07-24,248.75999450683594,248.75999450683594,253.55999755859375,248.27000427246094,252.5,7645869
2026-07-27,238.55999755859375,238.55999755859375,248.1699981689453,238.13999938964844,248.0,19910285
2026-07-28,238.91000366210938,238.91000366210938,239.97999572753906,236.08999633789062,238.0,13362577
2026-07-29,238.30999755859375,238.30999755859375,240.02000427246094,237.92999267578125,240.0,9139712
2026-07-30,241.58999633789062,241.58999633789062,244.38999938964844,239.05999755859375,239.5,11419363
2026-07-31,242.52999877929688,242.52999877929688,242.9600067138672,238.1699981689453,241.5800018310547,10070729
2026-08-03,242.0,242.0,242.6199951171875,240.05999755859375,241.4499969482422,8277525
2026-08-04,242.0,242.0,243.1999969482422,240.60000610351562,242.0,10470809
2026-08-05,240.1999969482422,240.1999969482422,245.0,239.11000061035156,245.0,19409088
2026-08-06,237.8000030517578,237.8000030517578,241.39999389648438,236.5,241.39999389648438,13959109
2026-08-07,238.85000610351562,238.85000610351562,241.69000244140625,237.0500030517578,238.5,10078070
2026-08-10,239.83999633789062,239.83999633789062,241.3000030517578,238.19000244140625,240.0,10611162
2026-08-11,239.4499969482422,239.4499969482422,243.64999389648438,239.4499969482422,241.0,16004168
2026-08-12,239.0500030517578,239.0500030517578,241.3300018310547,238.64999389648438,240.0,10695237
2026-08-13,239.89999389648438,239.89999389648438,240.5500030517578,238.11000061035156,239.0,7266320
2026-08-14,236.39999389648438,236.39999389648438,239.60000610351562,235.25,239.49000549316406,12128656
2026-08-17,238.49000549316406,238.49000549316406,239.5,236.14999389648438,237.99000549316406,25342938
2026-08-18,239.5,239.5,241.3000030517578,238.02000427246094,239.5,14903605
2026-08-19,238.0,238.0,242.19000244140625,237.52000427246094,241.10000610351562,17345994
2026-08-20,238.5,238.5,239.24000549316406,233.63999938964844,239.24000549316406,11886277
2026-08-21,236.39999389648438,236.39999389648438,239.22000122070312,236.39999389648438,238.6999969482422,13313403
2026-08-24,236.5500030517578,236.5500030517578,237.94000244140625,235.6300048828125,237.0,7122883
2026-08-25,234.0,234.0,236.5500030517578,233.35000610351562,236.0,12124076
2026-08-26,232.2100067138672,232.2100067138672,234.2100067138672,230.7899932861328,233.50999450683594,6500323
