Price,Adj Close,Close,High,Low,Open,Volume
Ticker,POWERGRID.NS,POWERGRID.NS,POWERGRID.NS,POWERGRID.NS,POWERGRID.NS,POWERGRID.NS
Date,,,,,,
2010-01-04,35.39626693725586,63.225013732910156,63.646888732910156,61.93126678466797,61.98751449584961,4353415
2010-01-05,35.50648880004883,63.42189025878906,64.35001373291016,63.14064025878906,63.56251525878906,4374738
2010-01-06,35.7584114074707,63.871891021728516,64.35001373291016,63.56251525878906,63.90001678466797,5549959
2010-01-07,36.07332992553711,64.43438720703125,64.82814025878906,63.39376449584961,64.06876373291016,4535147
2010-01-08,36.16780090332031,64.60314178466797,65.13751220703125,64.15313720703125,64.74376678466797,3809958
2010-01-11,36.34177017211914,64.63126373291016,65.39064025878906,64.46251678466797,65.25001525878906,3041300
2010-01-12,35.81987762451172,63.70314025878906,64.96876525878906,63.450016021728516,64.23751831054688,2569224
2010-01-13,36.357582092285156,64.65939331054688,64.96876525878906,62.887516021728516,63.70314025878906,3322262
2010-01-14,37.1166877746582,66.00939178466797,66.65626525878906,64.71563720703125,64.96876525878906,6747297
2010-01-15,37.52785110473633,66.74063873291016,68.31564331054688,66.00939178466797,66.57189178466797,11273753
2010-01-18,37.19575119018555,66.15001678466797,67.50001525878906,65.86876678466797,66.79689025878906,4085821
2010-01-19,36.768760681152344,65.39064025878906,66.88126373291016,65.05313873291016,66.09376525878906,4992784
2010-01-20,36.97433853149414,65.75626373291016,66.34689331054688,65.19376373291016,65.39064025878906,3697700
2010-01-21,35.9463996887207,63.928138732910156,66.06564331054688,63.590641021728516,65.53126525878906,3555527
2010-01-22,36.152000427246094,64.29376220703125,64.65939331054688,61.73439025878906,61.87501525878906,4943166
2010-01-25,36.46828079223633,64.85626220703125,65.81251525878906,63.028141021728516,64.29376220703125,2912852
2010-01-27,35.835697174072266,63.731266021728516,66.03751373291016,63.11251449584961,64.85626220703125,8252922
2010-01-28,36.02546691894531,64.06876373291016,66.34689331054688,60.918766021728516,65.19376373291016,11600411
2010-01-29,35.64593505859375,63.39376449584961,63.95626449584961,62.465641021728516,63.506263732910156,3996285
2010-02-01,35.724998474121094,63.53438949584961,63.928138732910156,63.00001525878906,63.14064025878906,2078776
2010-02-02,35.962223052978516,63.95626449584961,64.96876525878906,63.28126525878906,63.787513732910156,3466800
2010-02-03,35.724998474121094,63.53438949584961,64.26564025878906,63.28126525878906,64.12501525878906,2006355
2010-02-04,35.424522399902344,63.00001525878906,64.26564025878906,62.83126449584961,63.28126525878906,2254939
2010-02-05,33.969581604003906,60.412513732910156,62.43751525878906,60.18751525878906,62.21251678466797,4391981
2010-02-08,34.317501068115234,61.03126525878906,61.28438949584961,60.075016021728516,61.03126525878906,1831316
2010-02-09,34.19098663330078,60.80626678466797,61.31251525878906,60.496891021728516,60.80626678466797,1113258
2010-02-10,33.93796157836914,60.356266021728516,61.115638732910156,60.215641021728516,61.03126525878906,1023345
2010-02-11,33.858882904052734,60.215641021728516,60.89064025878906,60.15938949584961,60.46876525878906,640478
2010-02-15,33.178863525390625,59.006263732910156,61.03126525878906,58.95001220703125,60.356266021728516,1575236
2010-02-16,33.764007568359375,60.04689025878906,60.46876525878906,58.95001220703125,59.06251525878906,1192982
2010-02-17,33.87469482421875,60.24376678466797,60.60939025878906,60.01876449584961,60.46876525878906,989784
2010-02-18,34.20681381225586,60.834388732910156,61.56563949584961,59.73751449584961,60.32814025878906,1713670
2010-02-19,33.89051818847656,60.271888732910156,60.834388732910156,59.90626525878906,60.834388732910156,1267093
2010-02-22,33.84306335449219,60.18751525878906,60.94689178466797,60.04689025878906,60.412513732910156,835164
2010-02-23,33.71656799316406,59.9625129699707,60.30001449584961,59.65313720703125,60.18751525878906,801182
2010-02-24,33.605857849121094,59.76564025878906,60.131263732910156,59.428138732910156,59.73751449584961,906081
2010-02-25,33.669105529785156,59.87813949584961,60.18751525878906,59.1187629699707,60.18751525878906,1650113
2010-02-26,34.017024993896484,60.496891021728516,61.256263732910156,59.62501525878906,60.18751525878906,1548385
2010-03-02,34.017024993896484,60.496891021728516,61.59376525878906,60.18751525878906,60.52501678466797,780476
2010-03-03,34.380767822265625,61.14376449584961,61.31251525878906,59.93438720703125,59.93438720703125,1578097
2010-03-04,34.41239547729492,61.200016021728516,61.59376525878906,60.918766021728516,61.31251525878906,1157814
2010-03-05,34.238433837890625,60.89064025878906,61.678138732910156,60.75001525878906,61.31251525878906,766252
2010-03-08,34.80774688720703,61.903141021728516,62.26876449584961,61.03126525878906,61.31251525878906,1998979
2010-03-09,34.41239547729492,61.200016021728516,62.100013732910156,61.03126525878906,61.87501525878906,1368556
2010-03-10,34.50728225708008,61.36876678466797,61.70626449584961,60.834388732910156,61.256263732910156,1572349
2010-03-11,33.779808044433594,60.075016021728516,61.98751449584961,59.6812629699707,61.31251525878906,4256779
2010-03-12,33.62166976928711,59.79376220703125,60.412513732910156,59.37188720703125,59.65313720703125,7813231
2010-03-15,33.09978103637695,58.865638732910156,59.90626525878906,58.61251449584961,59.90626525878906,2420100
2010-03-16,33.19467544555664,59.03438949584961,59.20314025878906,58.24688720703125,58.52813720703125,1690093
2010-03-17,33.63747787475586,59.8218879699707,60.10314178466797,59.1187629699707,59.1187629699707,2067076
2010-03-18,33.55841064453125,59.6812629699707,60.131263732910156,57.459388732910156,59.37188720703125,2257266
2010-03-19,34.222618103027344,60.86251449584961,61.45314025878906,59.4000129699707,59.62501525878906,3363560
2010-03-22,34.017024993896484,60.496891021728516,61.36876678466797,59.990638732910156,60.18751525878906,2178427
2010-03-23,34.1435432434082,60.72188949584961,61.256263732910156,60.075016021728516,60.60939025878906,1381649
2010-03-25,33.669105529785156,59.87813949584961,61.00313949584961,59.62501525878906,61.00313949584961,3128139
2010-03-26,33.764007568359375,60.04689025878906,60.46876525878906,59.5406379699707,59.93438720703125,2059990
2010-03-29,33.764007568359375,60.04689025878906,60.553138732910156,59.6812629699707,60.44063949584961,1977720
2010-03-30,33.74817657470703,60.01876449584961,60.46876525878906,59.90626525878906,60.04689025878906,1369034
2010-03-31,33.89051818847656,60.271888732910156,60.52501678466797,59.23126220703125,60.18751525878906,1719363
2010-04-01,33.732364654541016,59.990638732910156,60.52501678466797,59.90626525878906,60.46876525878906,928358
2010-04-05,34.017024993896484,60.496891021728516,60.89064025878906,60.04689025878906,60.75001525878906,1444077
2010-04-06,33.906333923339844,60.30001449584961,60.75001525878906,60.131263732910156,60.75001525878906,2818200
2010-04-07,34.965911865234375,62.184391021728516,62.43751525878906,60.24376678466797,60.24376678466797,3932498
2010-04-08,35.15567398071289,62.521888732910156,63.506263732910156,60.834388732910156,63.00001525878906,4525961
2010-04-09,34.68124771118164,61.678138732910156,62.69063949584961,61.481266021728516,62.55001449584961,2218499
2010-04-12,34.30169677734375,61.00313949584961,62.15626525878906,60.80626678466797,61.36876678466797,854787
2010-04-13,34.080284118652344,60.60939025878906,61.42501449584961,60.412513732910156,60.46876525878906,1196945
2010-04-15,34.04865646362305,60.553138732910156,61.256263732910156,60.356266021728516,61.03126525878906,1834504
2010-04-16,34.12771987915039,60.693763732910156,60.86251449584961,60.24376678466797,60.356266021728516,3410045
2010-04-19,34.017024993896484,60.496891021728516,60.693763732910156,59.90626525878906,60.412513732910156,1997149
2010-04-20,34.1435432434082,60.72188949584961,61.22814178466797,59.93438720703125,60.46876525878906,2663183
2010-04-21,34.80774688720703,61.903141021728516,62.55001449584961,60.693763732910156,60.75001525878906,4408329
2010-04-22,34.364933013916016,61.115638732910156,62.803138732910156,60.52501678466797,61.70626449584961,3257926
2010-04-23,34.68124771118164,61.678138732910156,61.87501525878906,60.975013732910156,61.31251525878906,1225052
2010-04-26,34.918460845947266,62.100013732910156,62.63439178466797,61.70626449584961,61.87501525878906,1204934
2010-04-27,35.804073333740234,63.67501449584961,64.49063873291016,61.93126678466797,62.01564025878906,11718037
2010-04-28,36.34177017211914,64.63126373291016,67.78126525878906,60.80626678466797,63.28126525878906,8993805
2010-04-29,34.934268951416016,62.12813949584961,64.06876373291016,61.65001678466797,64.06876373291016,5294606
2010-04-30,34.80774688720703,61.903141021728516,62.71876525878906,61.762516021728516,62.71876525878906,1318467
2010-05-03,34.58635330200195,61.50939178466797,61.84688949584961,61.36876678466797,61.84688949584961,1557313
2010-05-04,34.00121307373047,60.46876525878906,61.84688949584961,60.271888732910156,61.537513732910156,1045708
2010-05-05,33.92214584350586,60.32814025878906,60.58126449584961,59.73751449584961,60.18751525878906,1404451
2010-05-06,33.764007568359375,60.04689025878906,60.46876525878906,59.287513732910156,59.90626525878906,1322298
2010-05-07,33.52678680419922,59.62501525878906,60.04689025878906,59.09063720703125,59.34376525878906,5243780
2010-05-10,34.19098663330078,60.80626678466797,61.115638732910156,59.73751449584961,59.79376220703125,1121466
2010-05-11,33.764007568359375,60.04689025878906,61.256263732910156,59.87813949584961,61.256263732910156,838559
2010-05-12,33.795623779296875,60.10314178466797,60.553138732910156,59.6812629699707,60.52501678466797,1266616
2010-05-13,34.270057678222656,60.94689178466797,61.08751678466797,59.90626525878906,60.46876525878906,1612426
2010-05-14,33.605857849121094,59.76564025878906,60.975013732910156,59.34376525878906,60.32814025878906,1711958
2010-05-17,32.78350067138672,58.303138732910156,59.568763732910156,57.96563720703125,59.06251525878906,1851642
2010-05-18,32.894195556640625,58.50001525878906,59.03438949584961,57.9937629699707,59.03438949584961,1361316
2010-05-19,32.48301696777344,57.76876449584961,58.50001525878906,57.4312629699707,58.50001525878906,2450689
2010-05-20,32.92583465576172,58.5562629699707,58.8375129699707,56.95314025878906,57.51564025878906,2116627
2010-05-21,32.6886100769043,58.1343879699707,58.61251449584961,56.4468879699707,56.896888732910156,1432024
2010-05-24,32.49884033203125,57.79689025878906,58.52813720703125,57.4312629699707,58.2750129699707,3809046
2010-05-25,31.913694381713867,56.756263732910156,57.51564025878906,56.27813720703125,57.37501525878906,2621138
2010-05-26,32.64117431640625,58.05001449584961,58.50001525878906,57.600013732910156,57.881263732910156,1674436
2010-05-27,32.056026458740234,57.0093879699707,58.78126525878906,56.36251449584961,58.78126525878906,4522469
2010-05-28,32.59371566772461,57.96563720703125,58.443763732910156,57.0093879699707,57.0093879699707,1223573
2010-05-31,32.672794342041016,58.10626220703125,58.303138732910156,57.459388732910156,58.07814025878906,3962642
2010-06-01,32.9100227355957,58.52813720703125,59.06251525878906,57.8531379699707,59.06251525878906,2173677
2010-06-02,33.02071762084961,58.725013732910156,58.865638732910156,57.93751525878906,58.725013732910156,1067731
2010-06-03,33.400264739990234,59.4000129699707,59.59688949584961,58.725013732910156,59.006263732910156,855327
2010-06-04,33.44770812988281,59.48439025878906,59.709388732910156,58.95001220703125,59.62501525878906,730766
2010-06-07,33.03652572631836,58.75313949584961,59.03438949584961,57.37501525878906,58.725013732910156,1110289
2010-06-08,32.59371566772461,57.96563720703125,59.06251525878906,57.740638732910156,58.75313949584961,1369731
2010-06-09,32.4039421081543,57.62813949584961,58.4156379699707,57.459388732910156,57.96563720703125,2036943
2010-06-10,32.245819091796875,57.34688949584961,58.33126449584961,57.09376525878906,57.82501220703125,2079894
2010-06-11,32.07184600830078,57.037513732910156,57.93751525878906,56.92501449584961,57.65626525878906,1791437
2010-06-14,32.59371566772461,57.96563720703125,58.1343879699707,57.20626449584961,57.90938949584961,1700881
2010-06-15,32.672794342041016,58.10626220703125,58.21876525878906,57.65626525878906,57.9937629699707,1047592
2010-06-16,32.46720886230469,57.740638732910156,58.61251449584961,57.600013732910156,58.10626220703125,1289944
2010-06-17,32.53046798706055,57.8531379699707,58.1343879699707,57.51564025878906,57.740638732910156,662067
2010-06-18,32.53046798706055,57.8531379699707,58.443763732910156,57.318763732910156,57.7125129699707,1111519
2010-06-21,32.70442581176758,58.162513732910156,58.35939025878906,57.8531379699707,58.05001449584961,1131800
2010-06-22,32.45139694213867,57.7125129699707,58.35939025878906,57.4312629699707,58.21876525878906,1139377
2010-06-23,32.35650634765625,57.54376220703125,57.8531379699707,57.318763732910156,57.37501525878906,1355354
2010-06-24,32.0876579284668,57.06563949584961,57.82501220703125,56.81251525878906,57.4312629699707,2329371
2010-06-25,32.056026458740234,57.0093879699707,57.48751449584961,56.756263732910156,56.8687629699707,1672844
2010-06-28,32.65699005126953,58.07814025878906,58.35939025878906,57.037513732910156,57.037513732910156,2401306
2010-06-29,32.435585021972656,57.68438720703125,58.92189025878906,57.4312629699707,58.35939025878906,1542276
2010-06-30,32.92583465576172,58.5562629699707,58.78126525878906,57.1500129699707,57.37501525878906,2708253
2010-07-01,32.65699005126953,58.07814025878906,58.52813720703125,57.65626525878906,58.33126449584961,1450319
2010-07-02,32.75186538696289,58.24688720703125,58.64064025878906,57.9937629699707,58.2750129699707,1534161
2010-07-05,32.293243408203125,57.4312629699707,58.443763732910156,56.25001525878906,57.93751525878906,1409644
2010-07-06,32.277427673339844,57.40313720703125,57.62813949584961,57.26251220703125,57.4312629699707,765539
2010-07-07,32.48301696777344,57.76876449584961,58.95001220703125,57.68438720703125,57.93751525878906,4099698
2010-07-08,32.261619567871094,57.37501525878906,58.50001525878906,57.2906379699707,58.50001525878906,2147848
2010-07-09,32.245819091796875,57.34688949584961,57.76876449584961,57.178138732910156,57.65626525878906,2076435
2010-07-12,31.929519653320312,56.78438949584961,57.65626525878906,56.64376449584961,57.459388732910156,4188571
2010-07-13,31.945337295532227,56.81251525878906,57.06563949584961,56.39064025878906,56.70001220703125,3777184
2010-07-14,31.850433349609375,56.64376449584961,57.37501525878906,56.50313949584961,57.318763732910156,2928502
2010-07-15,31.86625862121582,56.67189025878906,57.178138732910156,56.55938720703125,57.09376525878906,3552196
2010-07-16,31.739749908447266,56.4468879699707,57.06563949584961,56.25001525878906,57.06563949584961,1309829
2010-07-19,31.644847869873047,56.27813720703125,57.037513732910156,55.7437629699707,55.7437629699707,3056097
2010-07-20,31.581600189208984,56.1656379699707,56.615638732910156,56.08126449584961,56.53126525878906,2241425
2010-07-21,31.597402572631836,56.193763732910156,56.4468879699707,56.0250129699707,56.4468879699707,1373142
2010-07-22,32.0876579284668,57.06563949584961,57.76876449584961,56.25001525878906,56.64376449584961,5819774
2010-07-23,31.945337295532227,56.81251525878906,57.600013732910156,56.5875129699707,57.600013732910156,1826820
2010-07-26,31.945337295532227,56.81251525878906,57.06563949584961,56.25001525878906,56.81251525878906,1879489
2010-07-27,31.992769241333008,56.896888732910156,57.26251220703125,56.334388732910156,56.334388732910156,2785906
2010-07-28,32.02439880371094,56.95314025878906,57.7125129699707,56.67189025878906,57.09376525878906,3199899
2010-07-29,31.739749908447266,56.4468879699707,57.34688949584961,56.10939025878906,56.36251449584961,2312762
2010-07-30,31.755556106567383,56.475013732910156,56.92501449584961,56.334388732910156,56.53126525878906,1285466
2010-08-02,31.802995681762695,56.55938720703125,57.037513732910156,56.41876220703125,56.81251525878906,778568
2010-08-03,31.597402572631836,56.193763732910156,56.70001220703125,56.08126449584961,56.70001220703125,1708893
2010-08-04,31.676485061645508,56.334388732910156,56.53126525878906,55.490638732910156,56.53126525878906,1886451
2010-08-05,31.24949073791504,55.57501220703125,56.70001220703125,55.4062614440918,55.99688720703125,1508701
2010-08-06,31.48671531677246,55.99688720703125,56.95314025878906,55.6875114440918,55.8281364440918,3922176
2010-08-09,32.30905532836914,57.459388732910156,57.600013732910156,56.5875129699707,56.67189025878906,3155186
2010-08-10,32.10348129272461,57.09376525878906,57.90938949584961,56.84063720703125,57.90938949584961,2033594
2010-08-11,31.676485061645508,56.334388732910156,57.1500129699707,56.25001525878906,56.81251525878906,1383082
2010-08-12,31.549978256225586,56.10939025878906,56.36251449584961,55.9687614440918,56.0250129699707,746648
2010-08-13,32.2299919128418,57.318763732910156,57.48751449584961,56.053138732910156,56.4468879699707,2838836
2010-08-16,33.30537414550781,59.23126220703125,60.46876525878906,57.600013732910156,57.600013732910156,10437835
2010-08-17,33.21049499511719,59.06251525878906,60.356266021728516,58.8375129699707,59.87813949584961,4272775
2010-08-18,32.87837600708008,58.47188949584961,59.76564025878906,57.740638732910156,59.428138732910156,2042150
2010-08-19,33.00490188598633,58.6968879699707,59.62501525878906,58.021888732910156,59.62501525878906,2150678
2010-08-20,32.64117431640625,58.05001449584961,59.1187629699707,57.93751525878906,58.78126525878906,1350531
2010-08-23,33.00490188598633,58.6968879699707,59.006263732910156,57.54376220703125,58.33126449584961,1558660
2010-08-24,32.59371566772461,57.96563720703125,59.03438949584961,57.68438720703125,59.03438949584961,1419761
2010-08-25,32.59371566772461,57.96563720703125,58.50001525878906,57.5718879699707,57.65626525878906,1708531
2010-08-26,33.352821350097656,59.31563949584961,59.73751449584961,57.93751525878906,58.443763732910156,6819779
2010-08-27,33.00490188598633,58.6968879699707,59.90626525878906,58.33126449584961,59.568763732910156,3318728
2010-08-30,34.39658737182617,61.17189025878906,61.59376525878906,59.06251525878906,59.287513732910156,12599675
2010-08-31,34.41239547729492,61.200016021728516,62.29689025878906,60.46876525878906,61.256263732910156,7251681
2010-09-01,34.222618103027344,60.86251449584961,61.70626449584961,60.356266021728516,61.200016021728516,4105554
2010-09-02,34.03285217285156,60.52501678466797,61.36876678466797,60.215641021728516,61.36876678466797,2077611
2010-09-03,34.159358978271484,60.75001525878906,61.36876678466797,60.637516021728516,60.975013732910156,2025354
2010-09-06,34.175174713134766,60.778141021728516,61.200016021728516,60.18751525878906,60.18751525878906,1657041
2010-09-07,34.063438415527344,60.01876449584961,61.03126525878906,59.76564025878906,61.03126525878906,2364772
2010-09-08,33.99959182739258,59.90626525878906,60.24376678466797,59.48439025878906,60.01876449584961,2119627
2010-09-09,33.3610954284668,58.78126525878906,60.18751525878906,58.584388732910156,60.131263732910156,4325702
2010-09-13,33.69630813598633,59.37188720703125,59.90626525878906,58.9781379699707,59.51251220703125,2223035
2010-09-14,33.53667449951172,59.09063720703125,59.8218879699707,58.80938720703125,59.1187629699707,2096762
2010-09-15,34.111331939697266,60.10314178466797,60.356266021728516,59.09063720703125,59.09063720703125,3700295
2010-09-16,33.728233337402344,59.428138732910156,60.693763732910156,59.23126220703125,60.131263732910156,1645185
2010-09-17,33.60053634643555,59.20314025878906,59.87813949584961,59.06251525878906,59.76564025878906,3999245
2010-09-20,33.728233337402344,59.428138732910156,59.76564025878906,59.287513732910156,59.51251220703125,1658444
2010-09-21,33.728233337402344,59.428138732910156,60.18751525878906,59.23126220703125,59.93438720703125,4168036
2010-09-22,33.79208755493164,59.5406379699707,60.075016021728516,59.23126220703125,59.48439025878906,2530696
2010-09-23,33.53667449951172,59.09063720703125,59.76564025878906,58.89376449584961,59.4000129699707,1296047
2010-09-24,33.69630813598633,59.37188720703125,59.51251220703125,58.75313949584961,59.09063720703125,2212027
2010-09-27,33.79208755493164,59.5406379699707,60.24376678466797,59.23126220703125,60.24376678466797,1731020
2010-09-28,34.127288818359375,60.131263732910156,60.271888732910156,59.4000129699707,59.62501525878906,3076594
2010-09-29,34.68596267700195,61.115638732910156,62.12813949584961,60.24376678466797,60.24376678466797,11684464
2010-09-30,33.99959182739258,59.90626525878906,61.762516021728516,59.709388732910156,61.200016021728516,5236368
2010-10-01,34.63807678222656,61.03126525878906,61.45314025878906,60.131263732910156,60.131263732910156,3875195
2010-10-04,35.021175384521484,61.70626449584961,62.15626525878906,60.66564178466797,61.45314025878906,4550532
2010-10-05,35.72351837158203,62.943763732910156,63.33751678466797,61.65001678466797,61.70626449584961,10282420
2010-10-06,35.67563247680664,62.85939025878906,63.928138732910156,62.40938949584961,63.28126525878906,5975746
2010-10-07,34.87751388549805,61.45314025878906,63.225013732910156,60.975013732910156,62.85939025878906,5825104
2010-10-08,34.95732498168945,61.59376525878906,62.26876449584961,61.115638732910156,61.59376525878906,2872678
2010-10-11,35.085018157958984,61.818763732910156,62.85939025878906,61.59376525878906,62.77501678466797,2923343
2010-10-12,34.94136047363281,61.56563949584961,61.959388732910156,60.86251449584961,61.87501525878906,1328063
2010-10-13,35.06906509399414,61.79064178466797,62.43751525878906,61.481266021728516,61.762516021728516,2785869
2010-10-14,34.14325714111328,60.15938949584961,62.325016021728516,59.62501525878906,62.100013732910156,6206210
2010-10-15,34.079410552978516,60.04689025878906,61.00313949584961,59.45626449584961,60.18751525878906,3825540
2010-10-18,34.079410552978516,60.04689025878906,61.14376449584961,59.51251220703125,60.975013732910156,2661071
2010-10-19,33.63246154785156,59.2593879699707,60.46876525878906,58.95001220703125,60.30001449584961,2506333
2010-10-20,33.28129959106445,58.64064025878906,59.76564025878906,58.35939025878906,59.51251220703125,1611212
2010-10-21,33.71226119995117,59.4000129699707,60.18751525878906,59.17501449584961,59.79376220703125,5077785
2010-10-22,34.127288818359375,60.131263732910156,61.200016021728516,59.45626449584961,60.15938949584961,7613777
2010-10-25,33.12167739868164,58.35939025878906,60.693763732910156,58.1343879699707,60.24376678466797,4373958
2010-10-26,32.626827239990234,57.48751449584961,58.725013732910156,57.26251220703125,58.50001525878906,3559839
2010-10-27,32.51510238647461,57.2906379699707,58.07814025878906,57.1500129699707,57.8531379699707,4326267
2010-10-28,31.90854263305664,56.22188949584961,57.76876449584961,55.80001449584961,57.76876449584961,12789477
2010-10-29,32.05219268798828,56.475013732910156,57.37501525878906,56.25001525878906,56.3062629699707,2557085
2010-11-01,32.13200759887695,56.615638732910156,57.20626449584961,56.41876220703125,56.70001220703125,3644082
2010-11-02,31.956422805786133,56.3062629699707,56.50313949584961,55.15313720703125,56.25001525878906,8722079
2010-11-03,32.06816864013672,56.50313949584961,56.5875129699707,55.71563720703125,56.25001525878906,5792586
2010-11-04,32.40336990356445,57.09376525878906,58.6968879699707,56.25001525878906,56.70001220703125,7578044
2010-11-08,31.397747039794922,55.3218879699707,55.912513732910156,54.16876220703125,54.7031364440918,23828591
2010-11-09,33.13764190673828,58.38751220703125,59.06251525878906,55.350013732910156,55.51876449584961,37552410
2010-11-10,32.5629997253418,57.37501525878906,59.20314025878906,57.178138732910156,58.50001525878906,23142609
2010-11-11,32.32355499267578,56.95314025878906,58.33126449584961,56.70001220703125,57.37501525878906,9305659
2010-11-12,31.78082847595215,55.99688720703125,57.34688949584961,55.6875114440918,56.7281379699707,8655373
2010-11-15,32.30759048461914,56.92501449584961,57.82501220703125,56.25001525878906,56.25001525878906,6781511
2010-11-16,31.972379684448242,56.334388732910156,57.23439025878906,56.193763732910156,57.23439025878906,5839719
2010-11-18,32.37144088745117,57.037513732910156,57.51564025878906,55.94063949584961,56.8687629699707,11698558
2010-11-19,32.531063079833984,57.318763732910156,58.07814025878906,56.41876220703125,56.53126525878906,13151040
2010-11-22,32.38739776611328,57.06563949584961,57.318763732910156,55.51876449584961,56.81251525878906,16159489
2010-11-23,31.42966079711914,55.37813949584961,56.475013732910156,54.5625114440918,55.7437629699707,29650997
2010-11-24,30.998687744140625,54.6187629699707,55.2656364440918,54.0000114440918,54.2812614440918,29495589
2010-11-25,30.823110580444336,54.30938720703125,54.7031364440918,52.48126220703125,53.4375114440918,297127250
2010-11-26,30.791179656982422,54.25313949584961,54.4218864440918,52.56563949584961,53.8593864440918,108003635
2010-11-29,29.96114158630371,52.7906379699707,54.0000114440918,52.3125114440918,53.8593864440918,47311917
2010-11-30,30.31231117248535,53.40938949584961,53.4937629699707,51.63751220703125,52.3687629699707,56380039
2010-12-01,30.918882369995117,54.4781379699707,54.7031364440918,53.100013732910156,53.2125129699707,49377032
2010-12-02,31.605253219604492,55.6875114440918,55.7437629699707,54.30938720703125,54.787513732910156,69791050
2010-12-03,31.86065101623535,56.13751220703125,56.4468879699707,54.7031364440918,55.6875114440918,70133580
2010-12-06,31.82872772216797,56.08126449584961,56.41876220703125,55.57501220703125,56.25001525878906,35990183
2010-12-07,31.589296340942383,55.65938949584961,55.9687614440918,55.1812629699707,55.65938949584961,22324627
2010-12-08,31.23811912536621,55.0406379699707,55.5468864440918,54.73126220703125,55.23751449584961,8690959
2010-12-09,30.519821166992188,53.7750129699707,55.2656364440918,53.4375114440918,55.01251220703125,19659317
2010-12-10,30.6794490814209,54.0562629699707,54.25313949584961,53.2125129699707,53.662513732910156,12656908
2010-12-13,31.25408935546875,55.068763732910156,55.2656364440918,53.97188949584961,54.0562629699707,10228525
2010-12-14,30.982723236083984,54.59063720703125,55.4062614440918,54.4218864440918,55.1250114440918,12502825
2010-12-15,30.855026245117188,54.365638732910156,54.73126220703125,54.1406364440918,54.5625114440918,7532899
2010-12-16,30.6794490814209,54.0562629699707,54.4218864440918,53.6343879699707,54.39376449584961,10117565
2010-12-20,30.599639892578125,53.9156379699707,54.6187629699707,53.7187614440918,53.8593864440918,12117884
2010-12-21,31.014657974243164,54.646888732910156,55.1812629699707,53.943763732910156,54.0000114440918,13693395
2010-12-22,31.270051956176758,55.09688949584961,55.29376220703125,54.646888732910156,54.787513732910156,11598882
2010-12-23,31.046567916870117,54.7031364440918,55.1812629699707,54.6187629699707,54.87188720703125,4611659
2010-12-24,31.206193923950195,54.9843864440918,55.1250114440918,54.2812614440918,54.2812614440918,4676656
2010-12-27,30.870996475219727,54.39376449584961,55.01251220703125,54.1968879699707,54.8437614440918,5508784
2010-12-28,30.695405960083008,54.084388732910156,54.53438949584961,53.943763732910156,54.2812614440918,6071879
2010-12-29,30.5517520904541,53.83126449584961,54.2812614440918,53.7187614440918,54.02813720703125,10314957
2010-12-30,30.839065551757812,54.3375129699707,54.87188720703125,53.240638732910156,53.83126449584961,31947999
2010-12-31,31.381772994995117,55.29376220703125,55.4062614440918,54.4218864440918,54.506263732910156,12208677
2011-01-03,31.381772994995117,55.29376220703125,55.5468864440918,55.0406379699707,55.37813949584961,5686478
2011-01-04,31.41370964050293,55.350013732910156,55.631263732910156,54.9843864440918,55.37813949584961,9878712
2011-01-05,31.31792640686035,55.1812629699707,55.6031379699707,54.95626449584961,55.350013732910156,6557909
2011-01-06,31.605253219604492,55.6875114440918,56.10939025878906,55.01251220703125,55.23751449584961,16916733
2011-01-07,31.23811912536621,55.0406379699707,56.193763732910156,54.646888732910156,55.6875114440918,15775814
2011-01-10,30.695405960083008,54.084388732910156,55.4625129699707,53.97188949584961,55.01251220703125,11747099
2011-01-11,30.66347885131836,54.02813720703125,55.1250114440918,53.55001449584961,54.45001220703125,8402847
2011-01-12,31.046567916870117,54.7031364440918,54.81563949584961,53.7187614440918,54.39376449584961,5356220
2011-01-13,30.886951446533203,54.4218864440918,54.81563949584961,54.25313949584961,54.67501449584961,5840003
2011-01-14,31.158309936523438,54.9000129699707,55.771888732910156,54.1406364440918,54.2812614440918,13619178
2011-01-17,31.206193923950195,54.9843864440918,55.1250114440918,53.803138732910156,54.2812614440918,10222664
2011-01-18,31.49351692199707,55.490638732910156,55.631263732910156,54.67501449584961,54.67501449584961,8525103
2011-01-19,31.25408935546875,55.068763732910156,55.6875114440918,54.787513732910156,55.0406379699707,8181638
2011-01-20,31.57332992553711,55.631263732910156,55.6875114440918,54.5625114440918,54.5625114440918,8113388
2011-01-21,31.557371139526367,55.6031379699707,55.6875114440918,55.068763732910156,55.2656364440918,7263505
2011-01-24,31.461599349975586,55.43438720703125,55.8281364440918,55.068763732910156,55.209388732910156,10580288
2011-01-25,31.41370964050293,55.350013732910156,55.94063949584961,55.15313720703125,55.6875114440918,5774233
2011-01-27,31.541410446166992,55.57501220703125,55.9687614440918,52.396888732910156,55.29376220703125,21308494
2011-01-28,30.823110580444336,54.30938720703125,55.57501220703125,53.55001449584961,55.4062614440918,12161301
2011-01-31,30.823110580444336,54.30938720703125,55.350013732910156,53.55001449584961,53.9156379699707,10372393
2011-02-01,30.535785675048828,53.803138732910156,54.9000129699707,53.7187614440918,54.5625114440918,5685819
2011-02-02,30.503860473632812,53.74688720703125,54.2812614440918,53.0718879699707,54.02813720703125,9759510
2011-02-03,31.49351692199707,55.490638732910156,55.65938949584961,53.46563720703125,53.7187614440918,8272335
2011-02-04,31.06254005432129,54.73126220703125,56.36251449584961,54.646888732910156,55.37813949584961,13585721
2011-02-07,31.222156524658203,55.01251220703125,55.4062614440918,54.2812614440918,54.7593879699707,10075695
2011-02-08,30.5517520904541,53.83126449584961,55.6875114440918,53.69063949584961,55.6875114440918,6969251
2011-02-09,30.615591049194336,53.943763732910156,54.67501449584961,53.2968864440918,54.5625114440918,15914271
2011-02-10,30.455974578857422,53.662513732910156,54.7031364440918,53.46563720703125,53.803138732910156,15041071
2011-02-11,30.937368392944336,54.225013732910156,54.8437614440918,53.8593864440918,54.2812614440918,16032113
2011-02-14,31.627363204956055,55.43438720703125,55.8281364440918,54.02813720703125,54.30938720703125,9448315
2011-02-15,31.69154167175293,55.5468864440918,55.8281364440918,55.01251220703125,55.4062614440918,6653191
2011-02-16,31.643400192260742,55.4625129699707,55.57501220703125,55.23751449584961,55.37813949584961,3070813
2011-02-17,31.643400192260742,55.4625129699707,55.65938949584961,55.2656364440918,55.4625129699707,2410838
2011-02-18,31.482938766479492,55.1812629699707,55.6875114440918,54.67501449584961,55.4625129699707,7982842
2011-02-21,31.75572967529297,55.65938949584961,55.6875114440918,54.59063720703125,54.59063720703125,9078739
2011-02-22,31.595258712768555,55.37813949584961,55.631263732910156,55.01251220703125,55.4062614440918,6311548
2011-02-23,31.964336395263672,56.0250129699707,56.39064025878906,55.4062614440918,55.4062614440918,28541975
2011-02-24,31.531082153320312,55.2656364440918,56.25001525878906,54.506263732910156,55.9687614440918,14267832
2011-02-25,31.835952758789062,55.80001449584961,56.1656379699707,54.25313949584961,55.43438720703125,31955636
2011-02-28,31.75572967529297,55.65938949584961,58.725013732910156,54.95626449584961,56.41876220703125,128195783
2011-03-01,31.932241439819336,55.9687614440918,56.3062629699707,55.1250114440918,55.9687614440918,22095525
2011-03-03,31.86806297302246,55.85626220703125,56.756263732910156,55.43438720703125,55.43438720703125,12055696
2011-03-04,31.771774291992188,55.6875114440918,56.22188949584961,55.490638732910156,55.85626220703125,5797710
2011-03-07,31.466886520385742,55.15313720703125,55.631263732910156,54.0562629699707,55.631263732910156,6845096
2011-03-08,31.434803009033203,55.09688949584961,55.631263732910156,53.83126449584961,55.1250114440918,8299919
2011-03-09,31.466886520385742,55.15313720703125,55.4062614440918,54.9000129699707,55.1250114440918,4984092
2011-03-10,31.579214096069336,55.350013732910156,55.631263732910156,54.73126220703125,55.1250114440918,4963678
2011-03-11,31.466886520385742,55.15313720703125,55.4625129699707,54.8437614440918,54.8437614440918,6148250
2011-03-14,31.70758819580078,55.57501220703125,55.7437629699707,54.928138732910156,54.928138732910156,4743614
2011-03-15,31.370609283447266,54.9843864440918,55.2656364440918,54.59063720703125,55.0406379699707,7316083
2011-03-16,31.643400192260742,55.4625129699707,55.6875114440918,55.1250114440918,55.15313720703125,3548194
2011-03-17,31.563169479370117,55.3218879699707,55.43438720703125,55.01251220703125,55.01251220703125,4312518
2011-03-18,31.434803009033203,55.09688949584961,55.6875114440918,54.9000129699707,55.4062614440918,7614611
2011-03-21,31.258291244506836,54.787513732910156,55.1812629699707,54.7031364440918,55.01251220703125,3473055
2011-03-22,31.242244720458984,54.7593879699707,55.068763732910156,54.45001220703125,55.068763732910156,3536038
2011-03-23,31.274335861206055,54.81563949584961,55.3218879699707,54.6187629699707,54.7593879699707,5655111
2011-03-24,31.434803009033203,55.09688949584961,55.23751449584961,54.646888732910156,55.1250114440918,7807585
2011-03-25,31.498977661132812,55.209388732910156,55.350013732910156,54.87188720703125,55.23751449584961,8602591
2011-03-28,31.803871154785156,55.7437629699707,55.912513732910156,55.068763732910156,55.15313720703125,11509824
2011-03-29,32.02851104736328,56.13751220703125,56.4468879699707,55.5468864440918,55.7437629699707,8985339
2011-03-30,32.41362762451172,56.81251525878906,57.0093879699707,56.1656379699707,56.25001525878906,4832583
2011-03-31,32.70245361328125,57.318763732910156,57.8531379699707,56.41876220703125,56.81251525878906,15647437
2011-04-01,33.649200439453125,58.9781379699707,59.34376525878906,57.0093879699707,57.0093879699707,22114974
2011-04-04,33.986167907714844,59.568763732910156,60.32814025878906,58.61251449584961,58.61251449584961,10060811
2011-04-05,33.76151657104492,59.17501449584961,59.76564025878906,58.584388732910156,59.34376525878906,7752278
2011-04-06,33.71337890625,59.09063720703125,60.131263732910156,58.865638732910156,59.06251525878906,5371783
2011-04-07,33.68128967285156,59.03438949584961,60.01876449584961,58.725013732910156,59.09063720703125,5888794
2011-04-08,33.665245056152344,59.006263732910156,59.31563949584961,58.2750129699707,59.09063720703125,3282029
2011-04-11,33.45664978027344,58.64064025878906,59.03438949584961,58.2750129699707,58.52813720703125,2761151
2011-04-13,33.777565002441406,59.20314025878906,59.51251220703125,57.96563720703125,57.9937629699707,5725109
2011-04-15,33.71337890625,59.09063720703125,59.45626449584961,58.865638732910156,59.09063720703125,2726721
2011-04-18,33.44060134887695,58.61251449584961,59.709388732910156,58.4156379699707,59.06251525878906,3846832
2011-04-19,33.19990539550781,58.19063949584961,58.92189025878906,57.93751525878906,58.92189025878906,2130742
2011-04-20,33.45664978027344,58.64064025878906,58.92189025878906,57.9937629699707,58.92189025878906,3816903
2011-04-21,33.568965911865234,58.8375129699707,59.06251525878906,58.38751220703125,58.64064025878906,3804886
2011-04-25,33.55292510986328,58.80938720703125,59.287513732910156,58.50001525878906,58.50001525878906,1583736
2011-04-26,33.47268295288086,58.66876220703125,59.146888732910156,57.9937629699707,59.06251525878906,4390914
2011-04-27,33.488739013671875,58.6968879699707,59.06251525878906,58.35939025878906,58.78126525878906,2846797
2011-04-28,33.392459869384766,58.52813720703125,58.78126525878906,58.303138732910156,58.584388732910156,5158203
2011-04-29,33.55292510986328,58.80938720703125,59.34376525878906,58.303138732910156,58.52813720703125,3615042
2011-05-02,34.14662551879883,59.850013732910156,60.075016021728516,58.50001525878906,58.50001525878906,5731198
2011-05-03,33.37641143798828,58.50001525878906,59.90626525878906,58.2750129699707,59.62501525878906,3804669
2011-05-04,33.47268295288086,58.66876220703125,58.8375129699707,57.68438720703125,58.303138732910156,4044546
2011-05-05,32.6864128112793,57.2906379699707,58.66876220703125,56.70001220703125,58.50001525878906,5204752
2011-05-06,33.08757019042969,57.9937629699707,58.303138732910156,57.318763732910156,57.4312629699707,2973311
2011-05-09,32.95920181274414,57.76876449584961,58.38751220703125,57.65626525878906,58.021888732910156,3424009
2011-05-10,32.84688186645508,57.5718879699707,58.33126449584961,57.37501525878906,57.68438720703125,1276536
2011-05-11,33.42454528808594,58.584388732910156,58.78126525878906,57.459388732910156,57.459388732910156,5173641
2011-05-12,32.541996002197266,57.037513732910156,58.584388732910156,56.92501449584961,58.584388732910156,2199955
2011-05-13,32.52595138549805,57.0093879699707,57.76876449584961,56.84063720703125,56.98126220703125,3389298
2011-05-16,32.670372009277344,57.26251220703125,57.48751449584961,56.98126220703125,57.1500129699707,2643860
2011-05-17,32.5740966796875,57.09376525878906,57.65626525878906,57.0093879699707,57.26251220703125,2042475
2011-05-18,32.52595138549805,57.0093879699707,57.881263732910156,56.8687629699707,57.26251220703125,3314783
2011-05-19,31.723636627197266,55.6031379699707,57.34688949584961,55.3218879699707,57.037513732910156,2532955
2011-05-20,32.41362762451172,56.81251525878906,57.1500129699707,55.3218879699707,55.490638732910156,1959647
2011-05-23,31.964336395263672,56.0250129699707,56.41876220703125,55.6875114440918,56.41876220703125,1694918
2011-05-24,31.70758819580078,55.57501220703125,57.037513732910156,55.350013732910156,56.22188949584961,9876185
2011-05-25,31.145965576171875,54.59063720703125,55.94063949584961,54.25313949584961,55.6875114440918,5753045
2011-05-26,30.664575576782227,53.74688720703125,55.068763732910156,53.4375114440918,54.8437614440918,4935316
2011-05-27,31.338518142700195,54.928138732910156,55.09688949584961,53.83126449584961,53.83126449584961,4500032
2011-05-30,31.771774291992188,55.6875114440918,55.8281364440918,54.646888732910156,55.1250114440918,8167114
2011-05-31,32.42967987060547,56.84063720703125,57.037513732910156,55.6875114440918,55.80001449584961,7467651
2011-06-01,32.301307678222656,56.615638732910156,56.95314025878906,56.1656379699707,56.55938720703125,1794961
2011-06-02,31.85200309753418,55.8281364440918,56.92501449584961,55.6875114440918,56.25001525878906,4461069
2011-06-03,32.41362762451172,56.81251525878906,57.318763732910156,55.8281364440918,55.8281364440918,5649415
2011-06-06,32.5740966796875,57.09376525878906,57.23439025878906,56.08126449584961,56.70001220703125,4910297
2011-06-07,32.55803298950195,57.06563949584961,57.20626449584961,56.7281379699707,56.896888732910156,6516069
2011-06-08,32.52595138549805,57.0093879699707,57.09376525878906,56.4468879699707,56.55938720703125,14162904
2011-06-09,32.5740966796875,57.09376525878906,57.2906379699707,56.756263732910156,56.81251525878906,6989160
2011-06-10,32.477813720703125,56.92501449584961,57.26251220703125,56.53126525878906,57.09376525878906,7661567
2011-06-13,32.91105270385742,57.68438720703125,57.93751525878906,56.55938720703125,56.81251525878906,2849421
2011-06-14,33.280128479003906,58.33126449584961,58.50001525878906,57.459388732910156,57.459388732910156,4458752
2011-06-15,32.670372009277344,57.26251220703125,58.4156379699707,57.0093879699707,58.35939025878906,2533103
2011-06-16,32.73455810546875,57.37501525878906,57.65626525878906,56.7281379699707,57.1500129699707,2472762
2011-06-17,32.95920181274414,57.76876449584961,57.93751525878906,57.12188720703125,57.1500129699707,2524363
2011-06-20,32.718502044677734,57.34688949584961,58.33126449584961,55.71563720703125,57.40313720703125,6194464
2011-06-21,32.52595138549805,57.0093879699707,57.62813949584961,56.475013732910156,57.26251220703125,5126564
2011-06-22,32.83083724975586,57.54376220703125,57.600013732910156,56.84063720703125,57.0093879699707,2408781
2011-06-23,32.81478500366211,57.51564025878906,57.82501220703125,57.26251220703125,57.40313720703125,3746535
2011-06-24,33.26408767700195,58.303138732910156,58.584388732910156,57.26251220703125,57.37501525878906,5675164
2011-06-27,34.77243423461914,60.94689178466797,61.50939178466797,57.51564025878906,57.51564025878906,29869389
2011-06-28,35.013145446777344,61.36876678466797,61.818763732910156,60.80626678466797,61.537513732910156,13872282
2011-06-29,35.334068298339844,61.93126678466797,62.15626525878906,61.256263732910156,61.481266021728516,13356359
2011-06-30,35.14150619506836,61.59376525878906,62.71876525878906,60.778141021728516,61.87501525878906,30432762
2011-07-01,35.382198333740234,62.01564025878906,62.29689025878906,61.537513732910156,61.87501525878906,23953730
2011-07-04,35.446388244628906,62.12813949584961,62.662513732910156,61.70626449584961,62.07189178466797,5307022
2011-07-05,35.1735954284668,61.65001678466797,62.07189178466797,60.75001525878906,61.87501525878906,10665833
2011-07-06,34.997093200683594,61.340641021728516,61.70626449584961,61.059391021728516,61.45314025878906,3270036
2011-07-07,35.28593444824219,61.84688949584961,62.043766021728516,61.00313949584961,61.59376525878906,5856910
2011-07-08,35.045230865478516,61.42501449584961,62.29689025878906,61.22814178466797,61.45314025878906,12625687
2011-07-11,34.660118103027344,60.75001525878906,61.200016021728516,59.79376220703125,61.059391021728516,2848918
2011-07-12,34.72429656982422,60.86251449584961,61.31251525878906,59.93438720703125,60.58126449584961,2954427
2011-07-13,35.36615753173828,61.98751449584961,62.606266021728516,60.86251449584961,60.918766021728516,3819442
2011-07-14,35.013145446777344,61.36876678466797,62.043766021728516,60.918766021728516,61.59376525878906,10479376
2011-07-15,35.382198333740234,62.01564025878906,63.11251449584961,60.94689178466797,60.94689178466797,8242815
2011-07-18,35.09337615966797,61.50939178466797,62.381263732910156,61.340641021728516,62.12813949584961,2085379
2011-07-19,35.25383377075195,61.79064178466797,62.07189178466797,61.08751678466797,61.14376449584961,2972184
2011-07-20,35.02919006347656,61.396888732910156,62.12813949584961,61.22814178466797,61.678138732910156,4177419
2011-07-21,34.660118103027344,60.75001525878906,61.59376525878906,60.271888732910156,61.31251525878906,3008285
2011-07-22,35.15755081176758,61.621891021728516,61.959388732910156,60.38439178466797,60.75001525878906,3369044
2011-07-25,34.82057189941406,61.03126525878906,61.59376525878906,60.356266021728516,61.537513732910156,7429567
2011-07-26,34.981048583984375,61.31251525878906,61.79064178466797,60.32814025878906,60.75001525878906,5770592
2011-07-27,34.387332916259766,60.271888732910156,61.396888732910156,59.90626525878906,61.115638732910156,7214188
2011-07-28,33.87384796142578,59.37188720703125,60.18751525878906,58.303138732910156,59.6812629699707,13905358
2011-07-29,33.72942352294922,59.1187629699707,60.553138732910156,57.5718879699707,58.50001525878906,9768024
2011-08-01,34.483612060546875,60.44063949584961,61.14376449584961,59.1187629699707,59.1187629699707,4672455
2011-08-02,34.644073486328125,60.72188949584961,60.918766021728516,60.04689025878906,60.412513732910156,3239197
2011-08-03,33.58500289916992,58.865638732910156,60.553138732910156,57.9937629699707,59.93438720703125,12800281
2011-08-04,33.53687286376953,58.78126525878906,60.131263732910156,58.38751220703125,59.4000129699707,6939466
2011-08-05,32.83083724975586,57.54376220703125,58.33126449584961,56.334388732910156,56.53126525878906,12075758
2011-08-08,32.87897872924805,57.62813949584961,58.4156379699707,55.350013732910156,55.43438720703125,13716718
2011-08-09,32.70245361328125,57.318763732910156,58.33126449584961,55.6875114440918,55.6875114440918,7228990
2011-08-10,33.231990814208984,58.24688720703125,58.725013732910156,57.40313720703125,57.68438720703125,5126905
2011-08-11,33.055477142333984,57.93751525878906,58.64064025878906,57.54376220703125,57.5718879699707,6299073
2011-08-12,33.248043060302734,58.2750129699707,58.8375129699707,57.93751525878906,58.35939025878906,6421148
2011-08-16,33.248043060302734,58.2750129699707,59.006263732910156,57.9937629699707,58.52813720703125,4242848
2011-08-17,33.10361862182617,58.021888732910156,58.89376449584961,57.76876449584961,57.76876449584961,7430913
2011-08-18,32.94315719604492,57.740638732910156,58.4156379699707,57.178138732910156,58.21876525878906,5110388
2011-08-19,32.42967987060547,56.84063720703125,57.68438720703125,55.99688720703125,56.25001525878906,5245806
2011-08-22,33.119667053222656,58.05001449584961,58.2750129699707,56.10939025878906,56.81251525878906,3059716
2011-08-23,32.477813720703125,56.92501449584961,58.725013732910156,56.81251525878906,58.1343879699707,2837432
2011-08-24,32.750606536865234,57.40313720703125,57.79689025878906,56.41876220703125,57.600013732910156,6888368
2011-08-25,31.996421813964844,56.08126449584961,57.65626525878906,55.6875114440918,57.40313720703125,13758009
2011-08-26,31.274335861206055,54.81563949584961,56.25001525878906,54.3375129699707,56.08126449584961,9286925
2011-08-29,32.076656341552734,56.22188949584961,56.334388732910156,54.5625114440918,54.67501449584961,6345123
2011-08-30,32.15689468383789,56.36251449584961,56.8687629699707,55.8281364440918,56.81251525878906,3821904
2011-09-02,31.884103775024414,55.8843879699707,59.06251525878906,55.3218879699707,58.05001449584961,8166250
2011-09-05,31.17806053161621,54.646888732910156,55.9687614440918,54.39376449584961,55.771888732910156,7422597
2011-09-06,30.999250411987305,53.6343879699707,54.506263732910156,53.0156364440918,54.506263732910156,14848826
2011-09-07,31.470664978027344,54.45001220703125,54.9843864440918,53.7750129699707,53.83126449584961,11526455
2011-09-08,31.275596618652344,54.11251449584961,55.01251220703125,53.6343879699707,54.9000129699707,7049237
2011-09-09,31.24308204650879,54.0562629699707,54.53438949584961,53.69063949584961,54.0562629699707,6782680
2011-09-12,30.674129486083984,53.0718879699707,53.83126449584961,52.5937614440918,53.46563720703125,5271294
2011-09-13,30.755413055419922,53.2125129699707,53.6343879699707,53.0156364440918,53.3531379699707,4033213
2011-09-14,30.86920928955078,53.40938949584961,53.6343879699707,52.62188720703125,53.46563720703125,4248247
2011-09-15,31.21056365966797,54.0000114440918,54.225013732910156,52.818763732910156,53.55001449584961,8283475
2011-09-16,32.397220611572266,56.053138732910156,56.39064025878906,53.8593864440918,54.225013732910156,6853575
2011-09-19,31.844533920288086,55.09688949584961,56.39064025878906,54.87188720703125,55.350013732910156,3721222
2011-09-20,32.12087631225586,55.57501220703125,56.193763732910156,54.9843864440918,54.9843864440918,4399666
2011-09-21,32.267181396484375,55.8281364440918,56.08126449584961,55.209388732910156,55.29376220703125,2182138
2011-09-22,31.291841506958008,54.1406364440918,55.37813949584961,53.83126449584961,55.350013732910156,3792171
2011-09-23,31.22682762145996,54.02813720703125,54.67501449584961,53.26876449584961,53.7187614440918,3612112
2011-09-26,30.96673583984375,53.5781364440918,54.25313949584961,53.18438720703125,54.02813720703125,1880644
2011-09-27,31.421884536743164,54.365638732910156,54.73126220703125,53.74688720703125,54.25313949584961,1273121
2011-09-28,31.649471282958984,54.7593879699707,54.9000129699707,53.943763732910156,54.45001220703125,4398260
2011-09-29,31.681976318359375,54.81563949584961,55.65938949584961,54.084388732910156,54.45001220703125,9460952
2011-09-30,32.0070915222168,55.37813949584961,55.7437629699707,54.5625114440918,54.5625114440918,6946805
2011-10-03,31.649471282958984,54.7593879699707,55.209388732910156,54.11251449584961,55.09688949584961,7517061
2011-10-04,31.16180419921875,53.9156379699707,55.15313720703125,53.7750129699707,54.45001220703125,2740436
2011-10-05,31.178056716918945,53.943763732910156,54.59063720703125,53.7187614440918,54.02813720703125,3503641
2011-10-07,31.61695098876953,54.7031364440918,55.6031379699707,54.2812614440918,54.506263732910156,4435678
2011-10-10,31.87703514099121,55.15313720703125,55.350013732910156,54.3375129699707,54.3375129699707,8326437
2011-10-11,32.08837127685547,55.51876449584961,55.71563720703125,54.8437614440918,55.4062614440918,5044978
2011-10-12,32.218421936035156,55.7437629699707,56.13751220703125,55.1812629699707,56.08126449584961,4905765
2011-10-13,32.2996940612793,55.8843879699707,56.193763732910156,55.29376220703125,55.7437629699707,3531871
2011-10-14,32.15338134765625,55.631263732910156,56.27813720703125,55.43438720703125,55.5468864440918,5039179
2011-10-17,31.812015533447266,55.0406379699707,55.80001449584961,54.73126220703125,55.57501220703125,1605713
2011-10-18,31.90955352783203,55.209388732910156,55.51876449584961,54.5625114440918,54.5625114440918,2025955
2011-10-19,32.49475860595703,56.22188949584961,56.53126525878906,55.37813949584961,55.6875114440918,5145909
2011-10-20,32.1859016418457,55.6875114440918,56.193763732910156,55.51876449584961,55.7437629699707,2881549
2011-10-21,32.1859016418457,55.6875114440918,56.3062629699707,55.2656364440918,55.5468864440918,2127672
2011-10-24,32.75484085083008,56.67189025878906,56.95314025878906,56.3062629699707,56.39064025878906,3334756
2011-10-25,33.778934478759766,58.443763732910156,58.92189025878906,56.5875129699707,56.70001220703125,7605862
2011-10-28,34.13656234741211,59.06251525878906,60.75001525878906,58.07814025878906,59.34376525878906,8504582
2011-10-31,34.08778762817383,58.9781379699707,59.4000129699707,58.162513732910156,59.06251525878906,4561310
2011-11-01,33.697654724121094,58.303138732910156,59.146888732910156,57.93751525878906,58.64064025878906,2155435
2011-11-02,33.51884841918945,57.9937629699707,58.47188949584961,57.600013732910156,57.93751525878906,2429706
2011-11-03,33.843955993652344,58.5562629699707,58.80938720703125,57.96563720703125,58.21876525878906,2676760
2011-11-04,33.76267623901367,58.4156379699707,59.06251525878906,58.162513732910156,59.06251525878906,2070811
2011-11-08,33.76267623901367,58.4156379699707,58.50001525878906,58.162513732910156,58.4156379699707,923114
2011-11-09,33.6651496887207,58.24688720703125,58.865638732910156,58.162513732910156,58.50001525878906,3342820
2011-11-11,34.28285598754883,59.31563949584961,59.48439025878906,57.93751525878906,58.21876525878906,7747315
2011-11-14,34.25035095214844,59.2593879699707,60.18751525878906,58.80938720703125,59.51251220703125,8136060
2011-11-15,33.681400299072266,58.2750129699707,59.428138732910156,58.07814025878906,58.52813720703125,2602442
2011-11-16,33.87647247314453,58.61251449584961,59.2593879699707,57.76876449584961,57.76876449584961,5559879
2011-11-17,33.53510665893555,58.021888732910156,59.2593879699707,57.82501220703125,58.21876525878906,4564324
2011-11-18,32.81986999511719,56.78438949584961,58.21876525878906,55.3218879699707,57.93751525878906,6971425
2011-11-21,32.202152252197266,55.71563720703125,56.81251525878906,55.350013732910156,55.9687614440918,5725408
2011-11-22,31.828275680541992,55.068763732910156,55.9687614440918,54.6187629699707,55.9687614440918,5742603
2011-11-23,30.901714324951172,53.46563720703125,54.95626449584961,52.959388732910156,54.7593879699707,4916261
2011-11-24,30.98299217224121,53.60626220703125,54.2812614440918,53.240638732910156,53.943763732910156,10127464
2011-11-25,31.34061622619629,54.225013732910156,54.67501449584961,53.32501220703125,53.803138732910156,7728058
2011-11-28,31.568191528320312,54.6187629699707,54.9843864440918,54.11251449584961,54.6187629699707,5436096
2011-11-29,30.950485229492188,53.55001449584961,55.01251220703125,53.4375114440918,54.787513732910156,5379923
2011-11-30,32.218421936035156,55.7437629699707,56.193763732910156,53.60626220703125,53.69063949584961,13613461
2011-12-01,32.51101303100586,56.25001525878906,57.37501525878906,55.9687614440918,56.25001525878906,4222484
2011-12-02,33.61637878417969,58.162513732910156,58.50001525878906,56.193763732910156,56.27813720703125,5707744
2011-12-05,33.37255096435547,57.740638732910156,58.19063949584961,57.2906379699707,57.48751449584961,2957969
2011-12-07,33.53510665893555,58.021888732910156,58.80938720703125,57.2906379699707,57.40313720703125,5975381
2011-12-08,32.31594467163086,55.912513732910156,58.162513732910156,55.6875114440918,57.90938949584961,5809203
2011-12-09,32.03960037231445,55.43438720703125,55.5468864440918,54.6187629699707,54.87188720703125,4296964
2011-12-12,31.405630111694336,54.3375129699707,55.912513732910156,53.83126449584961,55.6875114440918,8160604
2011-12-13,32.218421936035156,55.7437629699707,56.193763732910156,53.7750129699707,54.225013732910156,3981949
2011-12-14,31.324357986450195,54.1968879699707,55.9687614440918,54.0000114440918,55.65938949584961,5776327
2011-12-15,32.2996940612793,55.8843879699707,56.4468879699707,53.381263732910156,53.40938949584961,12973287
2011-12-16,31.89328956604004,55.1812629699707,56.98126220703125,54.3375129699707,55.8281364440918,12589918
2011-12-19,32.23466110229492,55.771888732910156,56.1656379699707,54.1406364440918,54.3375129699707,4820722
2011-12-20,31.7144775390625,54.87188720703125,55.94063949584961,54.4218864440918,55.94063949584961,6670657
2011-12-21,31.828275680541992,55.068763732910156,55.6031379699707,54.5625114440918,55.4062614440918,10259801
2011-12-22,32.722328186035156,56.615638732910156,56.81251525878906,54.8437614440918,54.9843864440918,3456402
2011-12-23,32.91739273071289,56.95314025878906,57.34688949584961,55.99688720703125,56.53126525878906,3249611
2011-12-26,32.787357330322266,56.7281379699707,56.8687629699707,56.36251449584961,56.5875129699707,1273482
2011-12-27,32.16964340209961,55.65938949584961,56.70001220703125,54.646888732910156,56.67189025878906,4187065
2011-12-28,32.57603454589844,56.36251449584961,56.78438949584961,55.350013732910156,55.80001449584961,3375709
2011-12-29,32.51101303100586,56.25001525878906,56.53126525878906,55.80001449584961,56.25001525878906,2924882
2011-12-30,32.54351806640625,56.3062629699707,56.70001220703125,55.8843879699707,56.25001525878906,2087779
2012-01-02,32.51101303100586,56.25001525878906,56.39064025878906,55.43438720703125,56.053138732910156,1861469
2012-01-03,32.803611755371094,56.756263732910156,57.0093879699707,56.25001525878906,56.4468879699707,3372939
2012-01-04,32.99867248535156,57.09376525878906,57.54376220703125,55.8843879699707,56.70001220703125,3739279
2012-01-05,32.933650970458984,56.98126220703125,57.51564025878906,56.615638732910156,57.06563949584961,5389056
2012-01-06,32.42973709106445,56.10939025878906,56.98126220703125,55.6031379699707,56.92501449584961,7340405
2012-01-09,32.966156005859375,57.037513732910156,57.26251220703125,55.7437629699707,55.7437629699707,2368495
2012-01-10,33.35629653930664,57.7125129699707,58.10626220703125,56.84063720703125,56.84063720703125,3215986
2012-01-11,32.57603454589844,56.36251449584961,57.76876449584961,56.193763732910156,57.76876449584961,4377469
2012-01-12,32.689815521240234,56.55938720703125,57.037513732910156,55.94063949584961,57.037513732910156,4082544
2012-01-13,33.14496994018555,57.34688949584961,57.48751449584961,56.53126525878906,56.5875129699707,5766505
2012-01-16,32.55977249145508,56.334388732910156,57.34688949584961,56.10939025878906,56.70001220703125,4899595
2012-01-17,32.67356872558594,56.53126525878906,56.95314025878906,56.3062629699707,56.53126525878906,10428799
2012-01-18,32.218421936035156,55.7437629699707,56.95314025878906,55.29376220703125,56.7281379699707,6295415
2012-01-19,32.49475860595703,56.22188949584961,56.92501449584961,55.7437629699707,55.99688720703125,8276461
2012-01-20,32.982418060302734,57.06563949584961,57.48751449584961,56.193763732910156,56.25001525878906,6881600
2012-01-23,32.836124420166016,56.81251525878906,58.07814025878906,56.615638732910156,57.37501525878906,18551268
2012-01-24,32.689815521240234,56.55938720703125,57.09376525878906,56.27813720703125,56.70001220703125,10219894
2012-01-25,32.787357330322266,56.7281379699707,57.09376525878906,55.99688720703125,56.8687629699707,13171474
2012-01-27,33.53510665893555,58.021888732910156,59.03438949584961,56.896888732910156,57.09376525878906,9816649
2012-01-30,33.07994842529297,57.23439025878906,58.21876525878906,56.95314025878906,57.37501525878906,4243234
2012-01-31,33.843955993652344,58.5562629699707,58.95001220703125,57.1500129699707,57.37501525878906,10322025
2012-02-01,33.4700813293457,57.90938949584961,58.725013732910156,57.740638732910156,58.725013732910156,10757718
2012-02-02,34.1690788269043,59.1187629699707,59.65313720703125,57.740638732910156,58.05001449584961,11556658
2012-02-03,34.770530700683594,60.15938949584961,60.918766021728516,59.2593879699707,59.37188720703125,11926606
2012-02-06,35.43699645996094,61.31251525878906,61.59376525878906,59.8218879699707,60.58126449584961,9084488
2012-02-07,35.030616760253906,60.60939025878906,62.01564025878906,60.10314178466797,61.59376525878906,6079363
2012-02-08,35.01436233520508,60.58126449584961,62.29689025878906,59.709388732910156,61.08751678466797,11508450
2012-02-09,35.371971130371094,61.200016021728516,62.15626525878906,60.693763732910156,61.903141021728516,11499785
2012-02-10,34.90056228637695,60.38439178466797,61.45314025878906,59.62501525878906,60.412513732910156,8590813
2012-02-13,35.91598129272461,61.678138732910156,62.15626525878906,59.8218879699707,59.8218879699707,15608851
2012-02-14,35.834083557128906,61.537513732910156,62.01564025878906,61.17189025878906,61.59376525878906,5735198
2012-02-15,36.25990295410156,62.26876449584961,63.61876678466797,61.481266021728516,61.59376525878906,15930040
2012-02-16,36.25990295410156,62.26876449584961,63.14064025878906,61.45314025878906,62.043766021728516,3862429
2012-02-17,36.58745574951172,62.83126449584961,63.84376525878906,62.43751525878906,63.00001525878906,8544515
2012-02-21,36.21076965332031,62.184391021728516,63.00001525878906,62.01564025878906,62.746891021728516,6934289
2012-02-22,36.01424026489258,61.84688949584961,63.39376449584961,61.70626449584961,62.07189178466797,5872252
2012-02-23,36.89863204956055,63.365638732910156,64.18126678466797,61.65001678466797,61.65001678466797,18016976
2012-02-24,37.4390869140625,64.29376220703125,64.80001831054688,63.450016021728516,63.590641021728516,10958004
2012-02-27,36.538326263427734,62.746891021728516,64.68751525878906,62.49376678466797,64.68751525878906,11266052
2012-02-28,36.620208740234375,62.887516021728516,63.787513732910156,62.29689025878906,63.00001525878906,9416477
2012-02-29,37.013275146484375,63.56251525878906,64.06876373291016,63.00001525878906,63.14064025878906,7991077
2012-03-01,36.84950637817383,63.28126525878906,63.90001678466797,62.71876525878906,62.91564178466797,2777389
2012-03-02,36.767608642578125,63.14064025878906,63.56251525878906,62.606266021728516,63.19689178466797,3172662
2012-03-05,36.12887954711914,62.043766021728516,63.19689178466797,61.396888732910156,62.943763732910156,3649302
2012-03-06,36.374542236328125,62.465641021728516,62.887516021728516,61.65001678466797,62.043766021728516,4557989
2012-03-07,35.57204055786133,61.08751678466797,62.043766021728516,60.075016021728516,61.87501525878906,15488701
2012-03-09,36.07975769042969,61.959388732910156,62.29689025878906,61.36876678466797,61.36876678466797,3852720
2012-03-12,36.309043884277344,62.35314178466797,62.91564178466797,61.79064178466797,62.43751525878906,5124092
2012-03-13,36.472808837890625,62.63439178466797,63.084388732910156,61.87501525878906,62.63439178466797,9731037
2012-03-14,36.88226318359375,63.33751678466797,63.787513732910156,62.746891021728516,63.14064025878906,4398722
2012-03-15,36.145267486572266,62.07189178466797,63.731266021728516,61.73439025878906,63.168766021728516,4513645
2012-03-16,35.31000900268555,60.637516021728516,63.00001525878906,60.32814025878906,62.15626525878906,3682825
2012-03-19,35.32638931274414,60.66564178466797,61.00313949584961,59.287513732910156,60.86251449584961,3294232
2012-03-20,35.19536209106445,60.44063949584961,61.200016021728516,59.90626525878906,60.66564178466797,3413743
2012-03-21,35.621177673339844,61.17189025878906,61.537513732910156,60.01876449584961,60.412513732910156,3430274
2012-03-22,34.80229568481445,59.76564025878906,61.14376449584961,59.23126220703125,60.75001525878906,3948023
2012-03-23,35.277252197265625,60.58126449584961,60.86251449584961,59.45626449584961,59.9625129699707,3647743
2012-03-26,34.70404052734375,59.59688949584961,60.46876525878906,59.20314025878906,60.18751525878906,4778733
2012-03-27,34.63853073120117,59.48439025878906,60.271888732910156,58.95001220703125,60.18751525878906,5834802
2012-03-28,34.785926818847656,59.73751449584961,60.131263732910156,59.20314025878906,59.76564025878906,4875221
2012-03-29,34.654903411865234,59.51251220703125,59.90626525878906,59.06251525878906,59.73751449584961,12199593
2012-03-30,35.42464828491211,60.834388732910156,61.50939178466797,59.51251220703125,59.51251220703125,8544753
2012-04-02,35.57204055786133,61.08751678466797,61.50939178466797,60.553138732910156,60.80626678466797,8676278
2012-04-03,36.06337356567383,61.93126678466797,62.15626525878906,61.03126525878906,61.396888732910156,3566758
2012-04-04,36.309043884277344,62.35314178466797,62.606266021728516,61.45314025878906,61.903141021728516,3850338
2012-04-09,35.9323616027832,61.70626449584961,62.35314178466797,61.059391021728516,61.93126678466797,4475284
2012-04-10,36.161624908447266,62.100013732910156,62.606266021728516,61.36876678466797,61.70626449584961,4598397
2012-04-11,36.58745574951172,62.83126449584961,63.00001525878906,61.340641021728516,61.340641021728516,4023851
2012-04-12,36.60382843017578,62.85939025878906,64.01251220703125,62.49376678466797,62.803138732910156,5102969
2012-04-13,36.68571853637695,63.00001525878906,63.731266021728516,62.184391021728516,63.00001525878906,6602489
2012-04-16,36.63658142089844,62.91564178466797,63.42189025878906,62.57814025878906,62.97188949584961,4350870
2012-04-17,37.209800720214844,63.90001678466797,64.06876373291016,62.43751525878906,62.521888732910156,9477019
2012-04-18,37.29168701171875,64.04064178466797,64.82814025878906,63.67501449584961,63.95626449584961,4441325
2012-04-19,37.55373764038086,64.49063873291016,64.68751525878906,63.731266021728516,63.84376525878906,2496045
2012-04-20,37.29168701171875,64.04064178466797,64.88439178466797,63.731266021728516,64.23751831054688,2778756
2012-04-23,36.27629089355469,62.29689025878906,64.40626525878906,61.98751449584961,63.81563949584961,3854809
2012-04-24,36.03062057495117,61.87501525878906,62.71876525878906,61.45314025878906,62.49376678466797,3169871
2012-04-25,35.52291488647461,61.00313949584961,62.12813949584961,60.58126449584961,61.762516021728516,3380361
2012-04-26,35.40826416015625,60.80626678466797,62.325016021728516,60.32814025878906,61.50939178466797,4377198
2012-04-27,35.457401275634766,60.89064025878906,61.87501525878906,60.60939025878906,60.86251449584961,1965594
2012-04-30,36.4400634765625,62.57814025878906,63.028141021728516,60.80626678466797,60.80626678466797,3199398
2012-05-02,35.899600982666016,61.65001678466797,62.91564178466797,61.36876678466797,62.325016021728516,3811572
2012-05-03,35.58842086791992,61.115638732910156,61.59376525878906,60.834388732910156,61.31251525878906,1452253
2012-05-04,34.96607971191406,60.04689025878906,61.08751678466797,59.6812629699707,60.80626678466797,5666533
2012-05-07,34.654903411865234,59.51251220703125,60.18751525878906,58.05001449584961,59.850013732910156,4565509
2012-05-08,34.63853073120117,59.48439025878906,60.271888732910156,59.09063720703125,59.51251220703125,2959419
2012-05-09,34.14719772338867,58.64064025878906,59.76564025878906,58.35939025878906,59.09063720703125,2412310
2012-05-10,33.5739860534668,57.65626525878906,59.2593879699707,57.37501525878906,58.584388732910156,3946438
2012-05-11,33.19730758666992,57.0093879699707,57.93751525878906,56.36251449584961,57.65626525878906,3389145
2012-05-14,33.16455078125,56.95314025878906,57.26251220703125,56.36251449584961,56.81251525878906,2233766
2012-05-15,33.70500946044922,57.881263732910156,58.1343879699707,56.3062629699707,56.8687629699707,3494080
2012-05-16,34.24545669555664,58.80938720703125,59.23126220703125,56.81251525878906,57.54376220703125,4435353
2012-05-17,34.310977935791016,58.92189025878906,60.075016021728516,58.4156379699707,59.06251525878906,4208594
2012-05-18,34.42561721801758,59.1187629699707,59.709388732910156,57.68438720703125,58.4156379699707,4935351
2012-05-21,34.04893112182617,58.47188949584961,59.568763732910156,58.07814025878906,59.006263732910156,1491370
2012-05-22,33.967041015625,58.33126449584961,58.80938720703125,57.9937629699707,58.6968879699707,2362045
2012-05-23,33.934295654296875,58.2750129699707,59.03438949584961,57.51564025878906,58.443763732910156,3087547
2012-05-24,34.50751495361328,59.2593879699707,59.51251220703125,57.62813949584961,58.725013732910156,2135683
2012-05-25,34.09806823730469,58.5562629699707,59.06251525878906,58.35939025878906,58.78126525878906,1446600
2012-05-28,34.85143280029297,59.850013732910156,60.38439178466797,58.21876525878906,58.21876525878906,890739
2012-05-29,35.16260528564453,60.38439178466797,60.89064025878906,59.51251220703125,60.58126449584961,5201353
2012-05-30,34.753173828125,59.6812629699707,60.553138732910156,59.31563949584961,60.32814025878906,4048557
2012-05-31,34.76953887939453,59.709388732910156,60.18751525878906,59.09063720703125,59.146888732910156,8033660
2012-06-01,33.95065689086914,58.303138732910156,59.568763732910156,57.93751525878906,59.34376525878906,3787828
2012-06-04,34.081687927246094,58.52813720703125,58.75313949584961,57.4312629699707,57.93751525878906,3267896
2012-06-05,34.70404052734375,59.59688949584961,60.30001449584961,58.78126525878906,59.006263732910156,12393979
2012-06-06,35.91598129272461,61.678138732910156,62.49376678466797,59.62501525878906,59.62501525878906,9494285
2012-06-07,35.39189147949219,60.778141021728516,62.29689025878906,60.46876525878906,61.678138732910156,4231838
2012-06-08,35.0479621887207,60.18751525878906,61.03126525878906,59.48439025878906,60.637516021728516,3997879
2012-06-11,35.129852294921875,60.32814025878906,61.03126525878906,60.18751525878906,60.75001525878906,2205393
2012-06-12,35.26087188720703,60.553138732910156,60.834388732910156,59.65313720703125,60.131263732910156,3376544
2012-06-13,35.2445068359375,60.52501678466797,60.89064025878906,59.990638732910156,60.46876525878906,2496726
2012-06-14,34.622161865234375,59.45626449584961,60.80626678466797,59.06251525878906,60.215641021728516,6671985
2012-06-15,34.736785888671875,59.65313720703125,60.04689025878906,59.31563949584961,59.73751449584961,10286920
2012-06-18,35.06434631347656,60.215641021728516,60.46876525878906,59.45626449584961,59.90626525878906,3027005
2012-06-19,35.621177673339844,61.17189025878906,61.818763732910156,59.9625129699707,60.215641021728516,9746993
2012-06-20,35.506534576416016,60.975013732910156,61.818763732910156,60.75001525878906,60.94689178466797,8882639
2012-06-21,35.94873046875,61.73439025878906,61.818763732910156,60.131263732910156,60.46876525878906,4083003
2012-06-22,36.046993255615234,61.903141021728516,62.26876449584961,61.17189025878906,61.31251525878906,7332263
2012-06-25,35.32638931274414,60.66564178466797,62.12813949584961,60.32814025878906,61.678138732910156,5097127
2012-06-26,35.981475830078125,61.79064178466797,61.87501525878906,60.356266021728516,60.356266021728516,1992235
2012-06-27,35.965110778808594,61.762516021728516,62.662513732910156,61.36876678466797,61.87501525878906,5727518
2012-06-28,35.9323616027832,61.70626449584961,62.325016021728516,61.14376449584961,61.87501525878906,3083553
2012-06-29,37.19342803955078,63.871891021728516,64.46251678466797,62.043766021728516,62.07189178466797,7486892
2012-07-02,36.88226318359375,63.33751678466797,64.09689331054688,63.168766021728516,63.90001678466797,2634447
2012-07-03,36.571075439453125,62.803138732910156,63.84376525878906,62.49376678466797,63.731266021728516,4091332
2012-07-04,37.013275146484375,63.56251525878906,63.787513732910156,62.606266021728516,62.887516021728516,3061761
2012-07-05,37.4390869140625,64.29376220703125,64.57501220703125,63.28126525878906,63.56251525878906,2830305
2012-07-06,37.013275146484375,63.56251525878906,64.40626525878906,63.028141021728516,64.12501525878906,3797719
2012-07-09,36.947757720947266,63.450016021728516,63.56251525878906,63.05626678466797,63.47814178466797,2397364
2012-07-10,37.06240463256836,63.646888732910156,63.98439025878906,62.85939025878906,62.943763732910156,3199920
2012-07-11,37.22617721557617,63.928138732910156,64.40626525878906,63.39376449584961,63.39376449584961,2903254
2012-07-12,36.8331184387207,63.25313949584961,63.90001678466797,63.05626678466797,63.90001678466797,2728401
2012-07-13,36.70210266113281,63.028141021728516,63.56251525878906,62.85939025878906,63.33751678466797,1672753
2012-07-16,36.89863204956055,63.365638732910156,63.67501449584961,62.49376678466797,62.85939025878906,3148848
2012-07-17,36.767608642578125,63.14064025878906,63.590641021728516,62.943763732910156,63.450016021728516,2407572
2012-07-18,36.423683166503906,62.55001449584961,63.309391021728516,62.29689025878906,63.05626678466797,2516255
2012-07-19,36.68571853637695,63.00001525878906,63.450016021728516,62.71876525878906,62.97188949584961,2171498
2012-07-20,36.4400634765625,62.57814025878906,63.28126525878906,62.325016021728516,62.606266021728516,1581366
2012-07-23,35.80134201049805,61.481266021728516,62.43751525878906,61.340641021728516,62.240638732910156,2728477
2012-07-24,36.341796875,62.40938949584961,63.19689178466797,61.256263732910156,61.396888732910156,8366909
2012-07-25,36.27629089355469,62.29689025878906,62.662513732910156,61.059391021728516,62.240638732910156,6131518
2012-07-26,36.60382843017578,62.85939025878906,63.28126525878906,61.98751449584961,62.40938949584961,10181302
2012-07-27,37.45547103881836,64.32189178466797,64.68751525878906,63.05626678466797,63.731266021728516,4785341
2012-07-30,38.700157165527344,66.45938873291016,66.65626525878906,64.12501525878906,64.37814331054688,10354713
2012-07-31,38.962196350097656,66.90939331054688,67.89376831054688,66.45938873291016,66.48751831054688,13034800
2012-08-01,38.978580474853516,66.93751525878906,67.21876525878906,66.15001678466797,66.65626525878906,5116745
2012-08-02,38.68377685546875,66.43126678466797,67.07814025878906,66.31876373291016,66.43126678466797,5172210
2012-08-03,38.74928665161133,66.54376220703125,66.96563720703125,65.64376831054688,66.00939178466797,3992386
2012-08-06,39.45352554321289,67.75314331054688,68.11876678466797,66.71251678466797,66.90939331054688,3989076
2012-08-07,38.8311767578125,66.68438720703125,67.97814178466797,66.26251220703125,67.64064025878906,5499481
2012-08-08,38.962196350097656,66.90939331054688,67.10626220703125,66.54376220703125,66.79689025878906,5783459
2012-08-09,38.994956970214844,66.96563720703125,67.64064025878906,66.57189178466797,66.99376678466797,4304923
2012-08-10,39.15872573852539,67.24688720703125,68.37189483642578,66.48751831054688,66.90939331054688,4906011
2012-08-13,39.273372650146484,67.44376373291016,67.64064025878906,66.43126678466797,66.93751525878906,2775124
2012-08-14,39.3224983215332,67.52813720703125,68.00626373291016,66.74063873291016,66.74063873291016,3520379
2012-08-16,39.338890075683594,67.55626678466797,68.90626525878906,66.79689025878906,67.50001525878906,3368688
2012-08-17,38.53638458251953,66.17813873291016,68.06251525878906,65.39064025878906,67.69689178466797,4100386
2012-08-21,39.15872573852539,67.24688720703125,67.64064025878906,65.55938720703125,65.84063720703125,2904667
2012-08-22,38.962196350097656,66.90939331054688,67.27501678466797,66.48751831054688,66.68438720703125,1988035
2012-08-23,38.47086715698242,66.06564331054688,67.07814025878906,65.70001220703125,67.07814025878906,4652302
2012-08-24,38.356239318847656,65.86876678466797,66.57189178466797,65.36251831054688,65.81251525878906,5080546
2012-08-27,38.74928665161133,66.54376220703125,66.76876831054688,65.67189025878906,65.70001220703125,1296282
2012-08-28,39.797454833984375,68.34376525878906,69.18751525878906,66.48751831054688,66.65626525878906,4356311
2012-08-29,38.994956970214844,66.96563720703125,69.13126373291016,66.54376220703125,68.62501525878906,6345767
2012-08-30,39.87934112548828,68.48439025878906,69.18751525878906,66.48751831054688,66.90939331054688,9698034
2012-08-31,39.1259765625,67.19064331054688,68.45626831054688,66.82501220703125,68.45626831054688,6414695
2012-09-03,39.813838958740234,68.37189483642578,68.62501525878906,67.52813720703125,67.55626678466797,3891463
2012-09-04,40.59995651245117,69.72189331054688,70.14376831054688,68.06251525878906,68.06251525878906,8607402
2012-09-05,40.61981964111328,69.01876831054688,70.00314331054688,68.76564025878906,69.18751525878906,5181748
2012-09-06,40.09014129638672,68.11876678466797,68.99063873291016,67.10626220703125,68.99063873291016,2059057
2012-09-07,40.35498046875,68.56876373291016,69.10314178466797,68.34376525878906,68.90626525878906,1292419
2012-09-10,40.371543884277344,68.59689331054688,69.18751525878906,68.06251525878906,68.25939178466797,2343064
2012-09-11,40.040489196777344,68.03439331054688,68.56876373291016,67.61251831054688,68.20314025878906,1345773
2012-09-12,40.189449310302734,68.28751373291016,68.56876373291016,67.58438873291016,68.34376525878906,2846913
2012-09-13,40.106689453125,68.14688873291016,68.96251678466797,67.78126525878906,67.89376831054688,2572173
2012-09-14,39.725982666015625,67.50001525878906,69.10314178466797,66.88126373291016,68.62501525878906,13519349
2012-09-17,38.93147277832031,66.15001678466797,68.11876678466797,65.78439331054688,67.95001220703125,12665195
2012-09-18,38.94802474975586,66.17813873291016,67.38751220703125,65.81251525878906,66.20626831054688,8408810
2012-09-20,38.650081634521484,65.67189025878906,66.48751831054688,65.25001525878906,65.25001525878906,6301939
2012-09-21,39.80875015258789,67.64064025878906,68.06251525878906,65.95314025878906,65.95314025878906,8707245
2012-09-24,39.09699630737305,66.43126678466797,68.34376525878906,66.09376525878906,67.61251831054688,7593484
2012-09-25,38.86525344848633,66.03751373291016,67.07814025878906,65.02501678466797,66.82501220703125,11733607
2012-09-26,38.73283386230469,65.81251525878906,66.34689331054688,65.41876220703125,65.81251525878906,9302273
2012-09-27,38.650081634521484,65.67189025878906,66.57189178466797,65.27813720703125,65.86876678466797,12478679
2012-09-28,39.89151382446289,67.78126525878906,67.89376831054688,66.09376525878906,66.09376525878906,8847242
2012-10-01,39.7425422668457,67.52813720703125,68.06251525878906,66.82501220703125,67.52813720703125,5138030
2012-10-03,38.94802474975586,66.17813873291016,68.06251525878906,65.98126220703125,67.50001525878906,12133968
2012-10-04,39.06388854980469,66.37501525878906,66.93751525878906,65.53126525878906,66.54376220703125,7257841
2012-10-05,39.130104064941406,66.48751831054688,66.99376678466797,66.37501525878906,66.79689025878906,11584935
2012-10-08,39.29561996459961,66.76876831054688,67.19064331054688,65.84063720703125,66.37501525878906,6807880
2012-10-09,39.79219436645508,67.61251831054688,67.78126525878906,66.29064178466797,66.99376678466797,5205666
2012-10-10,39.543907165527344,67.19064331054688,67.86563873291016,66.37501525878906,67.38751220703125,7436554
2012-10-11,39.44459533691406,67.02188873291016,67.83751678466797,66.71251678466797,67.50001525878906,5476615
2012-10-12,39.70942687988281,67.47189331054688,67.72501373291016,64.68751525878906,66.93751525878906,2847441
2012-10-15,39.345272064208984,66.85314178466797,68.03439331054688,66.62814331054688,67.27501678466797,7208908
2012-10-16,39.262516021728516,66.71251678466797,67.33126831054688,66.51564025878906,66.99376678466797,4006297
2012-10-17,39.64323806762695,67.35939025878906,67.50001525878906,66.65626525878906,67.16251373291016,2639928
2012-10-18,39.92461395263672,67.83751678466797,68.00626373291016,67.16251373291016,67.50001525878906,2525746
2012-10-19,39.52735137939453,67.16251373291016,67.78126525878906,66.93751525878906,67.50001525878906,3153069
2012-10-22,39.262516021728516,66.71251678466797,67.05001831054688,66.34689331054688,66.62814331054688,4657141
2012-10-23,38.881805419921875,66.06564331054688,66.74063873291016,65.98126220703125,66.45938873291016,3935245
2012-10-25,38.63351821899414,65.64376831054688,66.37501525878906,65.30626678466797,66.26251220703125,12050023
2012-10-29,38.0541877746582,64.65939331054688,64.99688720703125,64.20938873291016,64.20938873291016,2123473
2012-10-30,37.474853515625,63.67501449584961,64.88439178466797,63.450016021728516,64.74376678466797,2570824
2012-10-31,37.73969268798828,64.12501525878906,64.40626525878906,63.590641021728516,63.928138732910156,1852024
2012-11-01,38.71628952026367,65.78439331054688,66.03751373291016,64.85626220703125,64.85626220703125,4524439
2012-11-02,39.06388854980469,66.37501525878906,66.54376220703125,65.86876678466797,66.15001678466797,4726469
2012-11-05,38.74939727783203,65.84063720703125,66.37501525878906,65.70001220703125,66.31876373291016,3632141
2012-11-06,39.61011505126953,67.30313873291016,67.44376373291016,65.53126525878906,66.20626831054688,4718509
2012-11-07,39.725982666015625,67.50001525878906,67.83751678466797,66.93751525878906,67.21876525878906,4694784
2012-11-08,39.345272064208984,66.85314178466797,67.10626220703125,66.48751831054688,66.90939331054688,3005197
2012-11-09,39.57700729370117,67.24688720703125,68.00626373291016,66.60001373291016,66.76876831054688,5518512
2012-11-12,39.725982666015625,67.50001525878906,67.92189025878906,67.30313873291016,67.30313873291016,5986709
2012-11-15,39.69287872314453,67.44376373291016,67.66876220703125,66.74063873291016,66.99376678466797,11277862
2012-11-16,39.42805099487305,66.99376678466797,67.47189331054688,66.54376220703125,67.38751220703125,7952790
2012-11-19,39.7425422668457,67.52813720703125,67.72501373291016,66.76876831054688,66.99376678466797,4682624
2012-11-20,40.42119598388672,68.68126678466797,68.87814331054688,67.55626678466797,67.58438873291016,5826060
2012-11-21,39.759090423583984,67.55626678466797,68.87814331054688,67.13439178466797,68.68126678466797,8050611
2012-11-22,39.42805099487305,66.99376678466797,67.86563873291016,66.76876831054688,67.64064025878906,3266009
2012-11-23,39.64323806762695,67.35939025878906,68.06251525878906,66.85314178466797,67.21876525878906,2809752
2012-11-26,39.85841369628906,67.72501373291016,67.83751678466797,66.96563720703125,67.50001525878906,2935121
2012-11-27,39.2459602355957,66.68438720703125,68.03439331054688,66.51564025878906,67.78126525878906,7105541
2012-11-29,39.03077697753906,66.31876373291016,66.96563720703125,65.75626373291016,66.65626525878906,15583782
2012-11-30,39.03077697753906,66.31876373291016,66.85314178466797,65.98126220703125,66.48751831054688,9986088
2012-12-03,39.37838363647461,66.90939331054688,66.99376678466797,66.12188720703125,66.45938873291016,5791740
2012-12-04,39.87495803833008,67.75314331054688,68.06251525878906,66.76876831054688,66.90939331054688,8486828
2012-12-05,39.7756462097168,67.58438873291016,68.20314025878906,66.93751525878906,67.92189025878906,7991825
2012-12-06,39.7425422668457,67.52813720703125,67.83751678466797,66.74063873291016,67.78126525878906,3888336
2012-12-07,39.29561996459961,66.76876831054688,67.75314331054688,66.43126678466797,67.66876220703125,3172271
2012-12-10,39.2459602355957,66.68438720703125,67.02188873291016,66.37501525878906,66.82501220703125,2674532
2012-12-11,38.89836883544922,66.09376525878906,67.05001831054688,65.98126220703125,66.93751525878906,5034484
2012-12-12,38.81560134887695,65.95314025878906,66.57189178466797,65.70001220703125,66.34689331054688,6283865
2012-12-13,39.14665222167969,66.51564025878906,66.79689025878906,66.15001678466797,66.31876373291016,7727857
2012-12-14,38.48454666137695,65.39064025878906,66.48751831054688,65.10939025878906,66.48751831054688,6097530
2012-12-17,38.51765823364258,65.44689178466797,65.92501831054688,64.94064331054688,65.41876220703125,3910978
2012-12-18,38.76594161987305,65.86876678466797,66.31876373291016,65.30626678466797,65.81251525878906,4553554
2012-12-19,38.467994689941406,65.36251831054688,66.20626831054688,64.82814025878906,66.12188720703125,6136261
2012-12-20,38.335575103759766,65.13751220703125,65.75626373291016,64.96876525878906,65.75626373291016,2121800
2012-12-21,37.97141647338867,64.51876831054688,65.10939025878906,64.40626525878906,65.02501678466797,3053451
2012-12-24,37.87209701538086,64.35001373291016,65.22189331054688,64.04064178466797,64.57501220703125,2156093
2012-12-26,38.17005157470703,64.85626220703125,65.36251831054688,64.46251678466797,64.57501220703125,2963625
2012-12-27,37.55760192871094,63.81563949584961,65.25001525878906,63.61876678466797,64.88439178466797,7464142
2012-12-28,37.57416915893555,63.84376525878906,64.91251373291016,63.168766021728516,64.35001373291016,6441596
2012-12-31,37.98796844482422,64.54689025878906,64.68751525878906,63.787513732910156,63.84376525878906,1528669
2013-01-01,37.69002914428711,64.04064178466797,65.02501678466797,63.95626449584961,64.77188873291016,6397127
2013-01-02,37.44174575805664,63.61876678466797,64.57501220703125,63.506263732910156,64.18126678466797,10823940
2013-01-03,37.789337158203125,64.20938873291016,64.54689025878906,63.646888732910156,64.01251220703125,7768126
2013-01-04,38.0541877746582,64.65939331054688,64.77188873291016,63.871891021728516,64.40626525878906,7374977
2013-01-07,37.87209701538086,64.35001373291016,64.77188873291016,63.871891021728516,64.68751525878906,5751436
2013-01-08,38.550758361816406,65.50314331054688,65.67189025878906,64.12501525878906,64.15313720703125,7147399
2013-01-09,38.252811431884766,64.99688720703125,65.78439331054688,64.74376678466797,65.67189025878906,8208348
2013-01-10,37.70658493041992,64.06876373291016,65.64376831054688,63.84376525878906,65.08126831054688,5482985
2013-01-11,37.45830154418945,63.646888732910156,64.23751831054688,63.47814178466797,64.18126678466797,7053838
2013-01-14,37.09414291381836,63.028141021728516,64.29376220703125,62.85939025878906,63.61876678466797,10369465
2013-01-15,36.76309585571289,62.465641021728516,63.61876678466797,62.35314178466797,63.28126525878906,7333310
2013-01-16,37.09414291381836,63.028141021728516,63.225013732910156,62.100013732910156,62.43751525878906,12729863
2013-01-17,37.29276657104492,63.365638732910156,63.590641021728516,62.57814025878906,63.05626678466797,8720890
2013-01-18,38.0541877746582,64.65939331054688,64.94064331054688,63.00001525878906,63.39376449584961,11437257
2013-01-21,37.70658493041992,64.06876373291016,64.74376678466797,63.67501449584961,64.32189178466797,5767870
2013-01-22,37.57416915893555,63.84376525878906,64.82814025878906,63.450016021728516,64.18126678466797,5102821
2013-01-23,37.12724304199219,63.084388732910156,64.46251678466797,62.746891021728516,64.12501525878906,4125262
2013-01-24,36.7299919128418,62.40938949584961,63.309391021728516,62.26876449584961,63.11251449584961,7597320
2013-01-25,36.746543884277344,62.43751525878906,62.803138732910156,62.043766021728516,62.043766021728516,5876853
2013-01-28,37.04448318481445,62.943763732910156,63.14064025878906,61.73439025878906,62.49376678466797,4530765
2013-01-29,37.11069107055664,63.05626678466797,63.787513732910156,62.55001449584961,62.803138732910156,8933771
2013-01-30,36.91205978393555,62.71876525878906,63.450016021728516,62.35314178466797,63.00001525878906,6691139
2013-01-31,36.481693267822266,61.98751449584961,62.97188949584961,61.65001678466797,62.55001449584961,10621030
2013-02-01,36.564456939697266,62.12813949584961,62.55001449584961,61.818763732910156,61.959388732910156,6533829
2013-02-04,36.812740325927734,62.55001449584961,62.83126449584961,62.15626525878906,62.184391021728516,4150438
2013-02-05,36.28306579589844,61.65001678466797,62.40938949584961,61.42501449584961,62.29689025878906,2184943
2013-02-06,36.2003059387207,61.50939178466797,62.240638732910156,61.31251525878906,61.903141021728516,2852740
2013-02-07,36.9451789855957,62.77501678466797,63.19689178466797,61.59376525878906,61.59376525878906,5059086
2013-02-08,36.82930374145508,62.57814025878906,63.450016021728516,62.21251678466797,63.00001525878906,5162866
2013-02-11,37.259666442871094,63.309391021728516,63.42189025878906,62.07189178466797,62.71876525878906,3760946
2013-02-12,37.358978271484375,63.47814178466797,64.88439178466797,62.662513732910156,62.83126449584961,9796530
2013-02-13,36.38238525390625,61.818763732910156,64.68751525878906,61.481266021728516,64.68751525878906,7821046
2013-02-14,34.99197769165039,59.45626449584961,62.100013732910156,58.4156379699707,61.87501525878906,14843823
2013-02-15,35.51639175415039,59.428138732910156,59.76564025878906,58.21876525878906,58.8375129699707,8479053
2013-02-18,36.39044189453125,60.89064025878906,61.537513732910156,59.20314025878906,59.20314025878906,8321446
2013-02-19,36.44086456298828,60.975013732910156,61.115638732910156,60.30001449584961,60.89064025878906,8484570
2013-02-20,36.356815338134766,60.834388732910156,61.678138732910156,60.412513732910156,61.03126525878906,7964693
2013-02-21,35.919803619384766,60.10314178466797,61.28438949584961,59.8218879699707,60.637516021728516,6464828
2013-02-22,36.65937423706055,61.340641021728516,61.59376525878906,60.18751525878906,60.52501678466797,14054231
2013-02-25,37.66790008544922,63.028141021728516,63.14064025878906,61.45314025878906,61.59376525878906,15983553
2013-02-26,37.2981071472168,62.40938949584961,62.943763732910156,61.98751449584961,62.943763732910156,17614848
2013-02-27,36.608951568603516,61.256263732910156,62.91564178466797,61.08751678466797,62.71876525878906,9561570
2013-02-28,35.062564849853516,58.66876220703125,61.87501525878906,57.40313720703125,61.65001678466797,11505348
2013-03-01,36.28958511352539,60.72188949584961,61.31251525878906,58.66876220703125,59.45626449584961,9664596
2013-03-04,36.45766830444336,61.00313949584961,61.59376525878906,59.79376220703125,60.75001525878906,5835406
2013-03-05,36.50810241699219,61.08751678466797,61.31251525878906,59.90626525878906,61.059391021728516,4342564
2013-03-06,36.18873977661133,60.553138732910156,61.31251525878906,60.38439178466797,61.08751678466797,2348098
2013-03-07,36.373626708984375,60.86251449584961,61.200016021728516,60.271888732910156,60.271888732910156,3784471
2013-03-08,36.97874069213867,61.87501525878906,61.959388732910156,60.778141021728516,61.256263732910156,5865486
2013-03-11,37.11320114135742,62.100013732910156,62.29689025878906,61.31251525878906,61.84688949584961,3872022
2013-03-12,36.72661590576172,61.45314025878906,62.21251678466797,60.80626678466797,62.21251678466797,5729772
2013-03-13,36.911502838134766,61.762516021728516,62.01564025878906,61.200016021728516,61.36876678466797,4784709
2013-03-14,36.86109161376953,61.678138732910156,61.87501525878906,61.17189025878906,61.65001678466797,4923712
2013-03-15,36.642574310302734,61.31251525878906,61.903141021728516,61.00313949584961,61.537513732910156,4917271
2013-03-18,36.55852127075195,61.17189025878906,61.31251525878906,61.03126525878906,61.256263732910156,3593844
2013-03-19,36.00384521484375,60.24376678466797,61.537513732910156,59.09063720703125,61.28438949584961,5195989
2013-03-20,35.07938766479492,58.6968879699707,60.131263732910156,58.38751220703125,59.93438720703125,5025753
2013-03-21,34.1549072265625,57.1500129699707,59.23126220703125,56.7281379699707,58.50001525878906,4921271
2013-03-22,34.44065475463867,57.62813949584961,58.05001449584961,56.7281379699707,57.178138732910156,8653798
2013-03-25,34.9281005859375,58.443763732910156,58.80938720703125,57.93751525878906,58.162513732910156,4166875
2013-03-26,35.297889709472656,59.06251525878906,59.23126220703125,58.21876525878906,58.21876525878906,3767435
2013-03-28,35.56682586669922,59.51251220703125,59.850013732910156,58.5562629699707,59.03438949584961,4534130
2013-04-01,35.46597671508789,59.34376525878906,59.87813949584961,58.92189025878906,59.20314025878906,1691135
2013-04-02,35.802146911621094,59.90626525878906,60.553138732910156,59.1187629699707,59.59688949584961,4652635
2013-04-03,35.7012939453125,59.73751449584961,59.9625129699707,59.37188720703125,59.5406379699707,2361750
2013-04-04,35.12980270385742,58.78126525878906,59.87813949584961,58.38751220703125,59.48439025878906,3713922
2013-04-05,35.18022918701172,58.865638732910156,59.06251525878906,58.35939025878906,58.35939025878906,8205260
2013-04-08,35.012142181396484,58.584388732910156,59.62501525878906,58.21876525878906,59.06251525878906,3096875
2013-04-09,34.726402282714844,58.10626220703125,59.73751449584961,57.82501220703125,58.80938720703125,2293912
2013-04-10,35.163414001464844,58.8375129699707,58.95001220703125,57.881263732910156,58.24688720703125,1905585
2013-04-11,34.8104362487793,58.24688720703125,58.95001220703125,58.021888732910156,58.95001220703125,3329986
2013-04-12,35.46597671508789,59.34376525878906,59.5406379699707,57.96563720703125,57.96563720703125,1819318
2013-04-15,34.97853088378906,58.52813720703125,59.06251525878906,58.303138732910156,59.06251525878906,2619515
2013-04-16,35.93661117553711,60.131263732910156,60.693763732910156,58.50001525878906,58.52813720703125,2546545
2013-04-17,35.93661117553711,60.131263732910156,60.834388732910156,59.76564025878906,60.131263732910156,3775629
2013-04-18,35.97022247314453,60.18751525878906,60.693763732910156,59.20314025878906,59.709388732910156,5080676
2013-04-22,36.77703857421875,61.537513732910156,62.21251678466797,59.76564025878906,59.76564025878906,5577118
2013-04-23,36.87789535522461,61.70626449584961,61.87501525878906,61.14376449584961,61.31251525878906,2951714
2013-04-25,36.928314208984375,61.79064178466797,63.168766021728516,60.75001525878906,61.36876678466797,7103973
2013-04-26,37.07958984375,62.043766021728516,62.26876449584961,61.59376525878906,62.01564025878906,3417359
2013-04-29,37.13002014160156,62.12813949584961,62.662513732910156,61.621891021728516,61.621891021728516,5263605
2013-04-30,37.71831512451172,63.11251449584961,63.646888732910156,61.59376525878906,61.98751449584961,5652599
2013-05-02,38.62596893310547,64.63126373291016,64.96876525878906,62.57814025878906,62.606266021728516,7787838
2013-05-03,37.65108108520508,63.00001525878906,64.80001831054688,62.803138732910156,64.06876373291016,3489204
2013-05-06,37.6847038269043,63.05626678466797,63.53438949584961,62.325016021728516,62.746891021728516,1570856
2013-05-07,37.88639450073242,63.39376449584961,63.98439025878906,62.100013732910156,62.943763732910156,4295563
2013-05-08,38.5755500793457,64.54689025878906,64.77188873291016,63.365638732910156,63.365638732910156,4623152
2013-05-09,38.155330657958984,63.84376525878906,64.80001831054688,63.450016021728516,64.68751525878906,3439496
2013-05-10,37.76874923706055,63.19689178466797,64.43438720703125,63.00001525878906,63.47814178466797,3388720
2013-05-13,37.71831512451172,63.11251449584961,63.56251525878906,62.662513732910156,62.77501678466797,3486486
2013-05-14,38.44108581542969,64.32189178466797,64.77188873291016,63.168766021728516,63.168766021728516,5187764
2013-05-15,38.239383697509766,63.98439025878906,65.02501678466797,63.56251525878906,64.46251678466797,7598979
2013-05-16,38.289798736572266,64.06876373291016,64.82814025878906,63.67501449584961,63.70314025878906,7843384
2013-05-17,39.0125732421875,65.27813720703125,65.75626373291016,63.98439025878906,64.12501525878906,4225774
2013-05-20,38.42427444458008,64.29376220703125,65.30626678466797,64.12501525878906,65.25001525878906,6051683
2013-05-21,37.88639450073242,63.39376449584961,64.63126373291016,62.91564178466797,64.18126678466797,3901355
2013-05-22,37.86958694458008,63.365638732910156,63.61876678466797,62.943763732910156,63.56251525878906,4300192
2013-05-23,36.844276428222656,61.65001678466797,63.47814178466797,61.31251525878906,63.084388732910156,5416658
2013-05-24,36.642574310302734,61.31251525878906,62.325016021728516,60.80626678466797,62.325016021728516,4295474
2013-05-27,37.70149230957031,63.084388732910156,63.39376449584961,61.31251525878906,61.42501449584961,1976291
2013-05-28,37.81916809082031,63.28126525878906,63.95626449584961,62.943763732910156,63.19689178466797,3947350
2013-05-29,38.155330657958984,63.84376525878906,64.09689331054688,63.11251449584961,63.53438949584961,4123634
2013-05-30,38.4578857421875,64.35001373291016,64.68751525878906,63.084388732910156,63.67501449584961,4814631
2013-05-31,38.088111877441406,63.731266021728516,64.68751525878906,63.365638732910156,64.65939331054688,8210037
2013-06-03,37.44937515258789,62.662513732910156,63.787513732910156,62.240638732910156,63.75939178466797,2337051
2013-06-04,38.054481506347656,63.67501449584961,64.04064178466797,62.55001449584961,62.55001449584961,6339450
2013-06-05,37.80236053466797,63.25313949584961,63.506263732910156,62.97188949584961,63.309391021728516,2941759
2013-06-06,37.66790008544922,63.028141021728516,63.33751678466797,62.83126449584961,62.83126449584961,3741327
2013-06-07,37.197242736816406,62.240638732910156,63.39376449584961,62.12813949584961,62.465641021728516,3373193
2013-06-10,36.97874069213867,61.87501525878906,62.71876525878906,61.762516021728516,62.43751525878906,4178032
2013-06-11,36.2559814453125,60.66564178466797,62.91564178466797,60.356266021728516,61.50939178466797,4988953
2013-06-12,36.306396484375,60.75001525878906,61.537513732910156,60.30001449584961,60.75001525878906,1985386
2013-06-13,35.550010681152344,59.48439025878906,60.975013732910156,59.2593879699707,60.32814025878906,3320850
2013-06-14,36.67618942260742,61.36876678466797,61.59376525878906,59.62501525878906,59.76564025878906,5440747
2013-06-17,36.373626708984375,60.86251449584961,61.56563949584961,60.18751525878906,61.340641021728516,1761508
2013-06-18,36.44086456298828,60.975013732910156,61.70626449584961,60.38439178466797,60.75001525878906,2599492
2013-06-19,36.1383171081543,60.46876525878906,60.86251449584961,60.10314178466797,60.72188949584961,3158484
2013-06-20,35.5836296081543,59.5406379699707,60.356266021728516,59.37188720703125,60.30001449584961,3936637
2013-06-21,36.03745651245117,60.30001449584961,60.553138732910156,59.06251525878906,59.428138732910156,8100913
2013-06-24,35.600440979003906,59.568763732910156,61.03126525878906,59.09063720703125,59.9625129699707,7726193
2013-06-25,34.65916061401367,57.9937629699707,60.18751525878906,57.40313720703125,59.73751449584961,5865050
2013-06-26,35.634063720703125,59.62501525878906,59.850013732910156,57.62813949584961,57.82501220703125,9917951
2013-06-27,35.81895446777344,59.93438720703125,60.75001525878906,59.5406379699707,59.90626525878906,10124040
2013-06-28,37.4157600402832,62.606266021728516,63.05626678466797,60.18751525878906,60.18751525878906,13955319
2013-07-01,37.953636169433594,63.506263732910156,63.731266021728516,62.15626525878906,62.15626525878906,4880398
2013-07-02,37.43258285522461,62.63439178466797,63.450016021728516,62.21251678466797,63.05626678466797,4836103
2013-07-03,36.40724563598633,60.918766021728516,62.29689025878906,60.637516021728516,62.29689025878906,3203552
2013-07-04,36.18873977661133,60.553138732910156,61.59376525878906,59.76564025878906,61.03126525878906,5239017
2013-07-05,36.171939849853516,60.52501678466797,61.256263732910156,60.075016021728516,60.75001525878906,2878063
2013-07-08,35.39873123168945,59.23126220703125,60.46876525878906,58.95001220703125,60.46876525878906,5074736
2013-07-09,36.928314208984375,61.79064178466797,61.87501525878906,59.5406379699707,59.79376220703125,5626482
2013-07-10,36.356815338134766,60.834388732910156,62.49376678466797,60.66564178466797,62.12813949584961,6811029
2013-07-11,37.09639358520508,62.07189178466797,62.662513732910156,61.396888732910156,61.84688949584961,5779104
2013-07-12,37.07958984375,62.043766021728516,62.29689025878906,60.778141021728516,62.26876449584961,3580274
2013-07-15,36.99554443359375,61.903141021728516,62.40938949584961,61.340641021728516,61.84688949584961,2918182
2013-07-16,37.04596710205078,61.98751449584961,62.381263732910156,60.918766021728516,60.918766021728516,2477162
2013-07-17,37.28129577636719,62.381263732910156,63.11251449584961,61.762516021728516,61.93126678466797,9890923
2013-07-18,37.31491470336914,62.43751525878906,62.83126449584961,62.01564025878906,62.184391021728516,5820812
2013-07-19,37.43258285522461,62.63439178466797,62.887516021728516,62.21251678466797,62.887516021728516,4552788
2013-07-22,37.36532211303711,62.521888732910156,62.887516021728516,62.043766021728516,62.26876449584961,2515956
2013-07-23,37.02916717529297,61.959388732910156,63.14064025878906,61.42501449584961,63.14064025878906,5415186
2013-07-24,36.97874069213867,61.87501525878906,62.240638732910156,61.17189025878906,61.36876678466797,2594203
2013-07-25,37.02916717529297,61.959388732910156,62.85939025878906,59.79376220703125,62.21251678466797,4206471
2013-07-26,36.42405700683594,60.94689178466797,62.29689025878906,60.778141021728516,62.15626525878906,5399927
2013-07-29,36.34001541137695,60.80626678466797,61.678138732910156,60.38439178466797,61.42501449584961,2056881
2013-07-30,35.48278045654297,59.37188720703125,60.86251449584961,58.865638732910156,60.80626678466797,1322467
2013-07-31,33.986812591552734,56.8687629699707,59.06251525878906,55.2656364440918,58.5562629699707,6050144
2013-08-01,34.57511901855469,57.8531379699707,58.47188949584961,55.6875114440918,56.70001220703125,4448345
2013-08-02,30.709165573120117,51.3843879699707,56.4468879699707,48.68438720703125,55.6875114440918,31014744
2013-08-05,31.364688873291016,52.48126220703125,53.32501220703125,49.331260681152344,51.721885681152344,15799229
2013-08-06,31.448732376098633,52.62188720703125,53.7187614440918,52.00313949584961,52.3125114440918,14382559
2013-08-07,31.364688873291016,52.48126220703125,53.40938949584961,52.05938720703125,52.8750114440918,5717703
2013-08-08,32.2723503112793,54.0000114440918,54.5625114440918,52.5937614440918,52.76251220703125,6778874
2013-08-12,31.969802856445312,53.4937629699707,54.787513732910156,53.2125129699707,54.2812614440918,9452703
2013-08-13,32.32277297973633,54.084388732910156,54.2812614440918,52.8750114440918,53.40938949584961,2256717
2013-08-14,32.64214324951172,54.6187629699707,55.209388732910156,53.74688720703125,54.0000114440918,9066232
2013-08-16,32.94469451904297,55.1250114440918,55.71563720703125,53.7187614440918,54.6187629699707,16654810
2013-08-19,32.440433502197266,54.2812614440918,54.95626449584961,53.2968864440918,54.6187629699707,5042098
2013-08-20,32.42362976074219,54.25313949584961,54.5625114440918,53.3531379699707,54.2812614440918,5439143
2013-08-21,32.81023406982422,54.9000129699707,55.6031379699707,54.365638732910156,54.53438949584961,17512680
2013-08-22,32.97831726074219,55.1812629699707,55.5468864440918,54.02813720703125,54.5625114440918,11299648
2013-08-23,32.87746810913086,55.01251220703125,55.23751449584961,54.3375129699707,55.01251220703125,19297499
2013-08-26,32.92788314819336,55.09688949584961,55.37813949584961,54.67501449584961,54.95626449584961,24410353
2013-08-27,32.171504974365234,53.83126449584961,58.07814025878906,53.32501220703125,55.1250114440918,13466053
2013-08-28,31.549589157104492,52.7906379699707,54.45001220703125,51.834388732910156,53.4375114440918,11398478
2013-08-29,32.709381103515625,54.73126220703125,55.4062614440918,52.7343864440918,52.7343864440918,15533827
2013-08-30,32.82704162597656,54.928138732910156,55.3218879699707,52.76251220703125,54.506263732910156,8242572
2013-09-02,33.28086471557617,55.6875114440918,55.9687614440918,54.67501449584961,54.95626449584961,15403306
2013-09-03,32.154693603515625,53.803138732910156,56.25001525878906,52.959388732910156,55.9687614440918,4877060
2013-09-04,32.39000701904297,54.1968879699707,54.506263732910156,52.959388732910156,53.2125129699707,4850453
2013-09-05,32.72681427001953,54.11251449584961,56.50313949584961,53.4375114440918,54.87188720703125,9746210
2013-09-06,33.66234588623047,55.65938949584961,56.475013732910156,53.4937629699707,53.97188949584961,7041237
2013-09-10,34.784996032714844,57.51564025878906,58.24688720703125,55.8281364440918,55.8281364440918,8723482
2013-09-11,33.67935562133789,55.6875114440918,57.881263732910156,55.15313720703125,57.318763732910156,5150080
2013-09-12,33.67935562133789,55.6875114440918,56.615638732910156,55.2656364440918,55.9687614440918,5409563
2013-09-13,33.934505462646484,56.10939025878906,56.36251449584961,55.37813949584961,55.4062614440918,6331674
2013-09-16,34.887054443359375,57.68438720703125,58.47188949584961,55.80001449584961,56.10939025878906,14084730
2013-09-17,34.546852111816406,57.12188720703125,57.68438720703125,55.43438720703125,57.40313720703125,5923058
2013-09-18,34.155635833740234,56.475013732910156,57.09376525878906,55.631263732910156,56.53126525878906,4635243
2013-09-19,34.155635833740234,56.475013732910156,58.584388732910156,55.8281364440918,57.82501220703125,10203659
2013-09-20,34.56385803222656,57.1500129699707,57.68438720703125,56.53126525878906,56.67189025878906,15290056
2013-09-23,33.764404296875,55.8281364440918,56.756263732910156,55.6031379699707,56.3062629699707,3730187
2013-09-24,33.730377197265625,55.771888732910156,56.1656379699707,55.15313720703125,55.43438720703125,8304198
2013-09-25,34.18965148925781,56.53126525878906,56.7281379699707,55.23751449584961,55.6875114440918,5150528
2013-09-26,33.78141784667969,55.85626220703125,56.39064025878906,55.43438720703125,56.25001525878906,6791644
2013-09-27,33.66234588623047,55.65938949584961,56.475013732910156,55.43438720703125,55.85626220703125,4575709
2013-09-30,33.356178283691406,55.15313720703125,55.65938949584961,54.4218864440918,55.23751449584961,5763141
2013-10-01,33.67935562133789,55.6875114440918,55.80001449584961,55.068763732910156,55.2656364440918,4024187
2013-10-03,33.98552322387695,56.193763732910156,56.39064025878906,55.4625129699707,56.25001525878906,11166670
2013-10-04,33.32215118408203,55.09688949584961,55.9687614440918,54.95626449584961,55.9687614440918,16408671
2013-10-07,33.356178283691406,55.15313720703125,55.23751449584961,54.30938720703125,54.87188720703125,3643908
2013-10-08,33.42420196533203,55.2656364440918,55.57501220703125,54.95626449584961,55.4625129699707,7001377
2013-10-09,33.69636154174805,55.71563720703125,55.912513732910156,54.8437614440918,54.8437614440918,5815351
2013-10-10,33.764404296875,55.8281364440918,55.99688720703125,55.2656364440918,55.71563720703125,4045318
2013-10-11,33.66234588623047,55.65938949584961,56.193763732910156,55.490638732910156,55.99688720703125,2594571
2013-10-14,33.866458892822266,55.99688720703125,56.193763732910156,55.29376220703125,55.6875114440918,3588795
2013-10-15,33.66234588623047,55.65938949584961,56.334388732910156,55.2656364440918,56.053138732910156,6566169
2013-10-17,33.203086853027344,54.9000129699707,56.13751220703125,54.59063720703125,55.5468864440918,7117518
2013-10-18,33.849449157714844,55.9687614440918,56.25001525878906,54.59063720703125,55.4062614440918,15690831
2013-10-21,33.849449157714844,55.9687614440918,56.22188949584961,55.71563720703125,55.9687614440918,2023039
2013-10-22,34.68293380737305,57.34688949584961,58.2750129699707,55.85626220703125,55.85626220703125,9232804
2013-10-23,34.22366714477539,56.5875129699707,58.10626220703125,56.41876220703125,57.881263732910156,3579487
2013-10-24,33.67935562133789,55.6875114440918,57.12188720703125,55.23751449584961,56.81251525878906,7207079
2013-10-25,34.08759307861328,56.36251449584961,56.67189025878906,55.29376220703125,56.0250129699707,5281406
2013-10-28,33.59431076049805,55.5468864440918,56.756263732910156,55.29376220703125,56.41876220703125,5287076
2013-10-29,34.155635833740234,56.475013732910156,56.78438949584961,55.1250114440918,55.4625129699707,7086272
2013-10-30,34.070587158203125,56.334388732910156,56.67189025878906,56.25001525878906,56.615638732910156,3289474
2013-10-31,34.46179962158203,56.98126220703125,57.65626525878906,55.6031379699707,56.78438949584961,8249061
2013-11-01,33.30514144897461,55.068763732910156,57.318763732910156,54.9000129699707,56.98126220703125,9616570
2013-11-05,32.369606018066406,53.521888732910156,55.15313720703125,53.18438720703125,54.9843864440918,17767298
2013-11-06,32.743831634521484,54.1406364440918,54.4218864440918,53.60626220703125,53.60626220703125,9564186
2013-11-07,32.33558654785156,53.46563720703125,54.1406364440918,53.18438720703125,53.943763732910156,9949028
2013-11-08,32.675777435302734,54.02813720703125,54.25313949584961,52.678138732910156,53.0156364440918,6427427
2013-11-11,32.64176559448242,53.97188949584961,54.225013732910156,52.98751449584961,53.943763732910156,7123880
2013-11-12,32.43764114379883,53.6343879699707,54.11251449584961,53.32501220703125,53.97188949584961,5714533
2013-11-13,32.65876388549805,54.0000114440918,54.1406364440918,53.18438720703125,53.3531379699707,4914428
2013-11-14,32.65876388549805,54.0000114440918,54.39376449584961,53.8593864440918,54.0562629699707,2329910
2013-11-18,32.777835845947266,54.1968879699707,54.39376449584961,53.83126449584961,54.16876220703125,4220710
2013-11-19,32.33558654785156,53.46563720703125,54.1968879699707,53.0718879699707,53.7750129699707,6280476
2013-11-20,31.89332389831543,52.7343864440918,53.69063949584961,52.62188720703125,53.2125129699707,5017948
2013-11-21,31.774261474609375,52.537513732910156,52.98751449584961,52.14376449584961,52.8750114440918,4281191
2013-11-22,31.944360733032227,52.818763732910156,52.98751449584961,52.42501449584961,52.42501449584961,7516975
2013-11-25,32.02939987182617,52.959388732910156,53.2125129699707,52.70626449584961,52.70626449584961,8325845
2013-11-26,32.063419342041016,53.0156364440918,53.240638732910156,52.5093879699707,52.7343864440918,7679212
2013-11-27,31.349014282226562,51.834388732910156,53.26876449584961,51.6656379699707,52.7343864440918,4670852
2013-11-28,32.216514587402344,53.26876449584961,53.4375114440918,51.553138732910156,51.8906364440918,21937834
2013-11-29,32.35260009765625,53.4937629699707,53.7750129699707,52.537513732910156,53.0718879699707,19972565
2013-12-02,31.842296600341797,52.6500129699707,53.26876449584961,51.8062629699707,51.8062629699707,12138526
2013-12-03,31.89332389831543,52.7343864440918,52.8750114440918,52.42501449584961,52.5937614440918,10819239
2013-12-04,32.52268981933594,53.7750129699707,53.943763732910156,52.48126220703125,52.6500129699707,21813713
2013-12-05,32.76081848144531,54.16876220703125,54.365638732910156,53.521888732910156,54.2812614440918,14177075
2013-12-06,33.66234588623047,55.65938949584961,56.193763732910156,53.97188949584961,53.97188949584961,25973812
2013-12-09,34.46179962158203,56.98126220703125,57.2906379699707,55.4062614440918,55.9687614440918,30640399
2013-12-10,33.4752311706543,55.350013732910156,57.09376525878906,54.5625114440918,56.98126220703125,28724268
2013-12-11,33.33916091918945,55.1250114440918,55.4062614440918,54.646888732910156,54.8437614440918,7491141
2013-12-12,33.32215118408203,55.09688949584961,55.23751449584961,54.787513732910156,54.95626449584961,9916532
2013-12-13,33.169063568115234,54.8437614440918,55.209388732910156,54.59063720703125,54.67501449584961,12252500
2013-12-16,33.67935562133789,55.6875114440918,55.912513732910156,54.45001220703125,54.5625114440918,21800566
2013-12-17,33.577301025390625,55.51876449584961,55.8281364440918,55.0406379699707,55.350013732910156,18137305
2013-12-18,34.0195426940918,56.25001525878906,57.20626449584961,53.2968864440918,53.4375114440918,156704650
2013-12-19,33.764404296875,55.8281364440918,56.81251525878906,54.1406364440918,54.8437614440918,508752991
2013-12-20,33.8154296875,55.912513732910156,56.39064025878906,55.2656364440918,55.57501220703125,55032517
2013-12-23,33.9174919128418,56.08126449584961,56.193763732910156,55.43438720703125,55.6875114440918,27772323
2013-12-24,33.526275634765625,55.43438720703125,56.08126449584961,55.37813949584961,55.9687614440918,16656973
2013-12-26,33.67935562133789,55.6875114440918,56.0250129699707,54.7593879699707,55.1812629699707,58569185
2013-12-27,33.95151901245117,56.13751220703125,56.3062629699707,55.23751449584961,55.6875114440918,17259233
2013-12-30,33.67935562133789,55.6875114440918,56.36251449584961,55.4625129699707,55.912513732910156,10546799
2013-12-31,33.98552322387695,56.193763732910156,56.25001525878906,55.6031379699707,55.7437629699707,12881038
2014-01-01,33.849449157714844,55.9687614440918,56.193763732910156,55.771888732910156,56.1656379699707,3186233
2014-01-02,34.665916442871094,57.318763732910156,57.600013732910156,56.25001525878906,56.3062629699707,29730385
2014-01-03,34.257686614990234,56.64376449584961,57.79689025878906,56.334388732910156,57.318763732910156,10720086
2014-01-06,33.98552322387695,56.193763732910156,56.81251525878906,55.7437629699707,56.81251525878906,6603244
2014-01-07,33.6113166809082,55.57501220703125,56.25001525878906,55.43438720703125,56.193763732910156,12753362
2014-01-08,33.59431076049805,55.5468864440918,55.9687614440918,55.4062614440918,55.43438720703125,10653844
2014-01-09,33.62832260131836,55.6031379699707,55.9687614440918,55.4062614440918,55.5468864440918,12969982
2014-01-10,33.15205383300781,54.81563949584961,55.9687614440918,54.30938720703125,55.9687614440918,21668655
2014-01-13,33.33916091918945,55.1250114440918,55.350013732910156,54.45001220703125,54.45001220703125,11775173
2014-01-14,33.15205383300781,54.81563949584961,55.4062614440918,54.646888732910156,55.068763732910156,6262293
2014-01-15,33.169063568115234,54.8437614440918,55.9687614440918,54.6187629699707,54.87188720703125,8229009
2014-01-16,33.42420196533203,55.2656364440918,55.490638732910156,54.928138732910156,55.068763732910156,15169976
2014-01-17,33.084014892578125,54.7031364440918,55.2656364440918,54.39376449584961,55.1250114440918,11229974
2014-01-20,33.509254455566406,55.4062614440918,55.631263732910156,54.5625114440918,54.5625114440918,13050752
2014-01-21,33.28813552856445,55.0406379699707,55.5468864440918,54.95626449584961,55.209388732910156,11629511
2014-01-22,33.37318420410156,55.1812629699707,55.631263732910156,55.0406379699707,55.068763732910156,12315468
2014-01-23,33.356178283691406,55.15313720703125,55.37813949584961,54.9000129699707,55.1250114440918,5617086
2014-01-24,33.37318420410156,55.1812629699707,55.51876449584961,54.9843864440918,55.01251220703125,11973294
2014-01-27,32.845882415771484,54.30938720703125,55.631263732910156,53.9156379699707,54.787513732910156,12637443
2014-01-28,32.86287307739258,54.3375129699707,54.5625114440918,54.16876220703125,54.30938720703125,7516995
2014-01-29,32.55671691894531,53.83126449584961,54.53438949584961,53.662513732910156,54.39376449584961,5177129
2014-01-30,32.52268981933594,53.7750129699707,54.16876220703125,53.4375114440918,53.83126449584961,28308126
2014-01-31,32.48866653442383,53.7187614440918,54.0000114440918,53.55001449584961,54.0000114440918,15088682
2014-02-03,32.38661575317383,53.55001449584961,54.365638732910156,53.40938949584961,53.521888732910156,4482727
2014-02-04,32.43764114379883,53.6343879699707,54.11251449584961,53.32501220703125,53.46563720703125,8237100
2014-02-05,32.91391372680664,54.4218864440918,54.4781379699707,53.26876449584961,53.26876449584961,8121381
2014-02-06,32.72681427001953,54.11251449584961,54.2812614440918,53.5781364440918,54.0000114440918,8396200
2014-02-07,33.169063568115234,54.8437614440918,55.0406379699707,53.88751220703125,54.11251449584961,6497909
2014-02-10,32.99897003173828,54.5625114440918,55.1250114440918,54.39376449584961,54.7593879699707,3792896
2014-02-11,32.52268981933594,53.7750129699707,54.787513732910156,53.7187614440918,54.6187629699707,5013980
2014-02-12,32.55671691894531,53.83126449584961,54.1968879699707,53.6343879699707,53.943763732910156,5538187
2014-02-13,32.31856918334961,53.4375114440918,53.943763732910156,53.381263732910156,53.74688720703125,6549052
2014-02-14,32.40362548828125,53.5781364440918,53.6343879699707,53.40938949584961,53.55001449584961,14754417
2014-02-17,32.50568389892578,53.74688720703125,53.9156379699707,53.4937629699707,53.4937629699707,4752663
2014-02-18,32.57371139526367,53.8593864440918,54.0562629699707,53.7187614440918,53.803138732910156,4866082
2014-02-19,32.28455352783203,53.381263732910156,53.9156379699707,53.18438720703125,53.74688720703125,2804777
2014-02-20,32.35260009765625,53.4937629699707,53.803138732910156,53.0156364440918,53.2125129699707,5141168
2014-02-21,32.420623779296875,53.60626220703125,53.83126449584961,53.4937629699707,53.5781364440918,4456386
2014-02-24,32.33558654785156,53.46563720703125,53.5781364440918,52.90313720703125,53.5781364440918,5118446
2014-02-25,32.420623779296875,53.60626220703125,53.7750129699707,53.381263732910156,53.4937629699707,4052135
2014-02-26,32.38661575317383,53.55001449584961,54.11251449584961,53.3531379699707,53.7187614440918,21051173
2014-02-28,32.148475646972656,53.1562614440918,53.662513732910156,52.4531364440918,53.46563720703125,27401493
2014-03-03,32.216514587402344,53.26876449584961,53.60626220703125,52.7906379699707,52.9312629699707,15373777
2014-03-04,33.154415130615234,54.084388732910156,54.3375129699707,52.818763732910156,52.98751449584961,9410466
2014-03-05,33.223388671875,54.1968879699707,54.365638732910156,53.662513732910156,54.11251449584961,5385763
2014-03-06,33.654415130615234,54.9000129699707,55.29376220703125,54.084388732910156,54.1968879699707,7952223
2014-03-07,34.13715744018555,55.6875114440918,55.94063949584961,54.7031364440918,54.7031364440918,13092149
2014-03-10,34.10267639160156,55.631263732910156,55.85626220703125,54.95626449584961,55.5468864440918,11546535
2014-03-11,34.08543395996094,55.6031379699707,55.7437629699707,55.209388732910156,55.350013732910156,7773473
2014-03-12,33.96474838256836,55.4062614440918,55.5468864440918,55.01251220703125,55.3218879699707,15253272
2014-03-13,34.06819152832031,55.57501220703125,56.25001525878906,55.1812629699707,55.43438720703125,12326297
2014-03-14,33.91302490234375,55.3218879699707,56.25001525878906,55.1250114440918,55.29376220703125,11859122
2014-03-18,34.981964111328125,57.06563949584961,57.34688949584961,55.4062614440918,55.4062614440918,15512927
2014-03-19,35.275062561035156,57.54376220703125,58.19063949584961,57.0093879699707,57.0093879699707,12921191
2014-03-20,34.240604400634766,55.85626220703125,57.48751449584961,55.6875114440918,57.20626449584961,6054665
2014-03-21,34.77507400512695,56.7281379699707,57.8531379699707,55.99688720703125,56.13751220703125,21508819
2014-03-24,35.58539962768555,58.05001449584961,58.61251449584961,56.81251525878906,56.81251525878906,9956813
2014-03-25,36.412967681884766,59.4000129699707,59.59688949584961,57.7125129699707,57.7125129699707,14139614
2014-03-26,35.86125564575195,58.50001525878906,59.90626525878906,58.2750129699707,59.62501525878906,6805235
2014-03-27,36.37849807739258,59.34376525878906,59.850013732910156,58.50001525878906,58.50001525878906,20892387
2014-03-28,37.05089569091797,60.44063949584961,60.89064025878906,58.95001220703125,59.2593879699707,6967406
2014-03-31,36.20608901977539,59.06251525878906,60.918766021728516,58.80938720703125,60.30001449584961,6602071
2014-04-01,37.240535736083984,60.75001525878906,61.56563949584961,59.1187629699707,59.34376525878906,13292951
2014-04-02,37.37846755981445,60.975013732910156,61.36876678466797,60.32814025878906,60.834388732910156,8823613
2014-04-03,37.48191452026367,61.14376449584961,61.65001678466797,60.131263732910156,60.80626678466797,6355761
2014-04-04,36.757789611816406,59.9625129699707,61.17189025878906,59.8218879699707,61.17189025878906,7240495
2014-04-07,36.86123275756836,60.131263732910156,60.89064025878906,59.51251220703125,60.01876449584961,6247841
2014-04-09,36.80951690673828,60.04689025878906,60.412513732910156,59.37188720703125,60.215641021728516,6654828
2014-04-10,37.17156982421875,60.637516021728516,60.86251449584961,59.73751449584961,60.131263732910156,9464658
2014-04-11,37.119850158691406,60.553138732910156,60.72188949584961,60.271888732910156,60.30001449584961,6290384
2014-04-15,37.18882369995117,60.66564178466797,60.86251449584961,60.075016021728516,60.32814025878906,9004170
2014-04-16,37.13709259033203,60.58126449584961,60.86251449584961,59.45626449584961,60.60939025878906,10220793
2014-04-17,36.96467971801758,60.30001449584961,60.46876525878906,59.709388732910156,60.44063949584961,10918544
2014-04-21,36.533653259277344,59.59688949584961,60.86251449584961,59.48439025878906,60.075016021728516,4950498
2014-04-22,36.533653259277344,59.59688949584961,59.90626525878906,58.6968879699707,59.73751449584961,8749084
2014-04-23,36.412967681884766,59.4000129699707,60.15938949584961,59.17501449584961,59.568763732910156,11101407
2014-04-24,36.412967681884766,59.4000129699707,59.4000129699707,59.4000129699707,59.4000129699707,0
2014-04-25,36.37849807739258,59.34376525878906,59.79376220703125,58.8375129699707,59.287513732910156,5635586
2014-04-28,36.58538055419922,59.6812629699707,59.90626525878906,58.95001220703125,59.20314025878906,4189566
2014-04-29,36.412967681884766,59.4000129699707,60.412513732910156,59.146888732910156,60.075016021728516,8984063
2014-04-30,36.481937408447266,59.51251220703125,60.693763732910156,59.006263732910156,59.48439025878906,9560866
2014-05-02,36.05091094970703,58.80938720703125,59.87813949584961,58.5562629699707,59.4000129699707,2642603
2014-05-05,36.240570068359375,59.1187629699707,59.4000129699707,58.47188949584961,58.66876220703125,1955739
2014-05-06,35.34403610229492,57.65626525878906,59.146888732910156,57.37501525878906,59.006263732910156,4306301
2014-05-07,35.34403610229492,57.65626525878906,58.303138732910156,57.37501525878906,57.76876449584961,6851875
2014-05-08,35.706092834472656,58.24688720703125,58.89376449584961,57.65626525878906,58.162513732910156,6511390
2014-05-09,36.843997955322266,60.10314178466797,60.32814025878906,58.24688720703125,58.38751220703125,19808139
2014-05-12,38.447410583496094,62.71876525878906,63.56251525878906,59.87813949584961,59.87813949584961,8560913
2014-05-13,38.91292190551758,63.47814178466797,64.85626220703125,63.05626678466797,63.225013732910156,14210275
2014-05-14,38.61981964111328,63.00001525878906,64.12501525878906,62.71876525878906,63.53438949584961,8786547
2014-05-15,39.46462631225586,64.37814331054688,65.02501678466797,60.89064025878906,62.746891021728516,17562208
2014-05-16,41.205970764160156,67.21876525878906,70.67813873291016,65.84063720703125,65.84063720703125,35379329
2014-05-19,42.15421676635742,68.76564025878906,70.42501831054688,67.66876220703125,67.66876220703125,25035487
2014-05-20,43.06798553466797,70.25626373291016,71.77501678466797,69.15939331054688,69.72189331054688,22538200
2014-05-21,42.912818908691406,70.00314331054688,70.79064178466797,69.18751525878906,69.75001525878906,10213784
2014-05-22,43.240394592285156,70.53751373291016,71.40939331054688,69.27188873291016,69.80626678466797,17055437
2014-05-23,45.11967086791992,73.60314178466797,74.25001525878906,67.52813720703125,70.87501525878906,22941667
2014-05-26,44.188655853271484,72.08439636230469,75.82501983642578,69.18751525878906,74.08126831054688,23747350
2014-05-27,43.75762176513672,71.38126373291016,72.28126525878906,69.75001525878906,70.65001678466797,11091241
2014-05-28,43.05074691772461,70.22814178466797,71.43751525878906,69.91876983642578,71.43751525878906,13246147
2014-05-29,43.119712829589844,70.34064483642578,71.43751525878906,69.97501373291016,70.79064178466797,14803509
2014-05-30,42.06800842285156,68.62501525878906,71.15626525878906,67.58438873291016,70.59376525878906,69911271
2014-06-02,43.17144775390625,70.42501831054688,71.07189178466797,68.73751831054688,68.79376983642578,13367356
2014-06-03,43.18867874145508,70.45314025878906,71.18439483642578,69.49689483642578,70.31251525878906,18372713
2014-06-04,42.84385681152344,69.89064025878906,70.81876373291016,69.63751983642578,70.45314025878906,23251745
2014-06-05,43.75762176513672,71.38126373291016,72.28126525878906,70.59376525878906,70.70626831054688,19424103
2014-06-06,44.171409606933594,72.05626678466797,72.22502136230469,70.90314483642578,71.94376373291016,14951210
2014-06-09,47.36100387573242,77.25939178466797,80.21251678466797,72.08439636230469,72.47814178466797,41900147
2014-06-10,46.878257751464844,76.47189331054688,79.31251525878906,75.65626525878906,78.41252136230469,22963428
2014-06-11,46.11964797973633,75.23439025878906,77.14689636230469,73.99689483642578,76.47189331054688,14529763
2014-06-12,47.05066680908203,76.75314331054688,77.37189483642578,74.36251831054688,75.15001678466797,15766959
2014-06-13,45.99896240234375,75.03752136230469,77.90626525878906,73.12501525878906,77.23126983642578,10439654
2014-06-16,45.447261810302734,74.13751983642578,74.81251525878906,72.92814636230469,74.81251525878906,11540459
2014-06-17,46.0334587097168,75.09376525878906,75.82501983642578,73.71564483642578,73.71564483642578,16756330
2014-06-18,46.18861389160156,75.34689331054688,76.78126525878906,73.96876525878906,75.37501525878906,13262126
2014-06-19,45.2403564453125,73.80001831054688,75.93751525878906,73.51876831054688,75.37501525878906,4904553
2014-06-20,45.619667053222656,74.41876983642578,75.00939178466797,73.49064636230469,74.19377136230469,9100975
2014-06-23,45.309329986572266,73.91252136230469,75.09376525878906,73.54689025878906,74.25001525878906,9955400
2014-06-24,45.654144287109375,74.47502136230469,75.12189483642578,74.19377136230469,74.78439331054688,10866416
2014-06-25,45.654144287109375,74.47502136230469,74.95314025878906,73.91252136230469,74.25001525878906,14393130
2014-06-26,45.70586013793945,74.55939483642578,75.09376525878906,74.02501678466797,74.84064483642578,19577916
2014-06-27,47.085147857666016,76.80939483642578,77.28752136230469,73.96876525878906,74.81251525878906,21315448
2014-06-30,47.9989128112793,78.30001831054688,78.86251831054688,77.23126983642578,77.51251983642578,33365772
2014-07-01,48.27477264404297,78.75001525878906,79.67814636230469,77.87814331054688,78.75001525878906,17681327
2014-07-02,48.72303771972656,79.48126983642578,80.2968978881836,79.08751678466797,79.08751678466797,15633096
2014-07-03,48.44718933105469,79.03126525878906,79.87501525878906,78.27189636230469,79.73439025878906,10773481
2014-07-04,49.72300720214844,81.11251831054688,82.29376983642578,78.49689483642578,78.97502136230469,11771805
2014-07-07,50.360923767089844,82.15314483642578,82.65939331054688,81.02814483642578,81.8437728881836,13259170
2014-07-08,47.498924255371094,77.48439025878906,82.35002136230469,76.50001525878906,82.1250228881836,14948074
2014-07-09,46.964447021484375,76.61251831054688,78.41252136230469,75.26251983642578,77.62501525878906,8629784
2014-07-10,47.42996597290039,77.37189483642578,78.60939025878906,73.12501525878906,77.06251525878906,17933570
2014-07-11,45.75758361816406,74.64376831054688,78.10314178466797,73.51876831054688,77.23126983642578,11319671
2014-07-14,46.18861389160156,75.34689331054688,76.89376831054688,74.10939025878906,74.64376831054688,7915363
2014-07-15,46.60240936279297,76.02189636230469,76.44377136230469,74.86876678466797,75.62814331054688,9737615
2014-07-16,46.9817008972168,76.64064025878906,77.17501831054688,74.98126983642578,76.13439178466797,6411041
2014-07-17,47.82651138305664,78.01876831054688,78.41252136230469,76.33126831054688,76.52814483642578,8924449
2014-07-18,47.27478790283203,77.11876678466797,77.70939636230469,76.44377136230469,77.54064178466797,5148178
2014-07-21,47.20582962036133,77.00627136230469,77.62501525878906,76.72502136230469,77.11876678466797,4656631
2014-07-22,46.80928421020508,76.35939025878906,77.51251983642578,75.74064636230469,77.06251525878906,6944595
2014-07-23,46.99895095825195,76.66876983642578,77.73751831054688,76.05001831054688,76.75314331054688,7269605
2014-07-24,46.42998123168945,75.74064636230469,76.78126525878906,75.37501525878906,76.61251831054688,5942240
2014-07-25,46.48170471191406,75.82501983642578,76.27501678466797,74.30626678466797,75.65626525878906,8230977
2014-07-28,45.93000030517578,74.92501831054688,76.27501678466797,74.36251831054688,75.93751525878906,5386124
2014-07-30,46.44722366333008,75.76876831054688,76.47189331054688,74.81251525878906,74.81251525878906,8577572
2014-07-31,45.8955078125,74.86876678466797,75.74064636230469,74.47502136230469,75.48751831054688,19081582
2014-08-01,44.75761032104492,73.01251983642578,74.81251525878906,72.70314025878906,74.81251525878906,10682255
2014-08-04,45.671382904052734,74.50314331054688,75.76876831054688,72.19689178466797,73.68751525878906,23311942
2014-08-05,45.671382904052734,74.50314331054688,75.40314483642578,73.68751525878906,74.81251525878906,16126934
2014-08-06,46.22309875488281,75.40314483642578,75.88127136230469,73.88439178466797,74.16564178466797,9867110
2014-08-07,46.37826919555664,75.65626525878906,76.69689178466797,75.29064178466797,75.79689025878906,11406313
2014-08-08,45.481727600097656,74.19377136230469,75.45939636230469,73.37814331054688,75.23439025878906,5755079
2014-08-11,45.49897003173828,74.22189331054688,75.26251983642578,73.12501525878906,75.26251983642578,7165189
2014-08-12,45.602413177490234,74.39064025878906,74.75627136230469,73.74376678466797,74.30626678466797,4457748
2014-08-13,45.619667053222656,74.41876983642578,75.51564025878906,73.60314178466797,74.25001525878906,7838517
2014-08-14,45.93000030517578,74.92501831054688,75.37501525878906,74.55939483642578,75.09376525878906,4598772
2014-08-18,46.48170471191406,75.82501983642578,76.10626983642578,74.44689178466797,74.58751678466797,5649943
2014-08-19,47.085147857666016,76.80939483642578,77.56877136230469,75.03752136230469,75.99376678466797,7522151
2014-08-20,47.27478790283203,77.11876678466797,77.40001678466797,76.66876983642578,76.89376831054688,11632976
2014-08-21,47.05066680908203,76.75314331054688,77.11876678466797,76.27501678466797,76.89376831054688,5097954
2014-08-22,46.25757598876953,75.45939636230469,77.00627136230469,75.31877136230469,76.78126525878906,3969492
2014-08-25,45.671382904052734,74.50314331054688,75.65626525878906,74.25001525878906,75.48751831054688,7109144
2014-08-26,45.17140197753906,73.68751525878906,74.81251525878906,73.35002136230469,74.22189331054688,7855848
2014-08-27,44.6541633605957,72.84376525878906,74.36251831054688,71.91564178466797,73.51876831054688,14179712
2014-08-28,44.55072021484375,72.67501831054688,73.29376983642578,71.69064331054688,72.87189483642578,24486863
2014-09-01,45.654144287109375,74.47502136230469,74.70001983642578,71.55001831054688,72.00001525878906,7250215
2014-09-02,45.68862533569336,74.53126525878906,74.95314025878906,73.82814025878906,74.13751983642578,8985537
2014-09-03,45.77482223510742,74.67189025878906,75.09376525878906,73.91252136230469,74.89689636230469,8220774
2014-09-04,46.718597412109375,75.45939636230469,75.65626525878906,73.43439483642578,74.30626678466797,8542895
2014-09-05,46.82307815551758,75.62814331054688,76.21876525878906,74.81251525878906,75.74064636230469,5566453
2014-09-08,46.352935791015625,74.86876678466797,76.33126831054688,74.10939025878906,75.93751525878906,6820385
2014-09-09,46.68377685546875,75.40314483642578,75.93751525878906,75.09376525878906,75.15001678466797,6490318
2014-09-10,47.41511917114258,76.58439636230469,76.83751678466797,75.23439025878906,75.23439025878906,5594235
2014-09-11,48.00715637207031,77.54064178466797,77.73751831054688,76.10626983642578,76.80939483642578,6309287
2014-09-12,47.06686782836914,76.02189636230469,77.56877136230469,75.74064636230469,77.23126983642578,7528757
2014-09-15,47.62405776977539,76.92189025878906,77.23126983642578,75.29064178466797,75.40314483642578,3929071
2014-09-16,47.34546661376953,76.47189331054688,77.51251983642578,75.65626525878906,76.64064025878906,6434969
2014-09-17,47.41511917114258,76.58439636230469,76.83751678466797,75.26251983642578,76.78126525878906,5122756
2014-09-18,47.55441665649414,76.80939483642578,77.56877136230469,76.02189636230469,76.38751983642578,16935401
2014-09-19,47.658897399902344,76.97814178466797,78.27189636230469,76.35939025878906,76.35939025878906,17128011
2014-09-22,47.71113967895508,77.06251525878906,77.28752136230469,76.19064331054688,76.95001983642578,7010679
2014-09-23,47.53700256347656,76.78126525878906,77.85002136230469,76.35939025878906,77.34376525878906,10349414
2014-09-24,47.310646057128906,76.41564178466797,77.28752136230469,76.13439178466797,76.55626678466797,6457902
2014-09-25,47.362884521484375,76.50001525878906,77.09064483642578,76.07814025878906,76.50001525878906,16106351
2014-09-26,47.71113967895508,77.06251525878906,77.28752136230469,75.96564483642578,76.52814483642578,5236288
2014-09-29,48.59919357299805,78.49689483642578,78.80626678466797,76.78126525878906,77.06251525878906,8073293
2014-09-30,47.1016731262207,76.07814025878906,78.21564483642578,75.43126678466797,78.15939331054688,12952693
2014-10-01,47.34546661376953,76.47189331054688,77.62501525878906,75.76876831054688,76.50001525878906,7924373
2014-10-07,47.79819107055664,77.20314025878906,77.48439025878906,75.90939331054688,76.47189331054688,8847590
2014-10-08,48.02457809448242,77.56877136230469,78.07501983642578,76.95001983642578,77.06251525878906,4593053
2014-10-09,48.07680130004883,77.65314483642578,78.13127136230469,77.23126983642578,77.70939636230469,9248781
2014-10-10,47.38028335571289,76.52814483642578,77.54064178466797,76.33126831054688,77.34376525878906,11619666
2014-10-13,46.96238708496094,75.85314178466797,76.69689178466797,75.68439483642578,75.85314178466797,10406480
2014-10-14,47.38028335571289,76.52814483642578,76.86564636230469,75.57189178466797,76.02189636230469,14165351
2014-10-15,47.38028335571289,76.52814483642578,76.52814483642578,76.52814483642578,76.52814483642578,0
2014-10-16,46.648956298828125,75.34689331054688,76.58439636230469,74.53126525878906,76.50001525878906,11263977
2014-10-17,46.70119094848633,75.43126678466797,76.21876525878906,75.09376525878906,75.90939331054688,5532569
2014-10-20,47.0494384765625,75.99376678466797,76.78126525878906,75.09376525878906,75.09376525878906,7878465
2014-10-21,48.73847961425781,78.72189331054688,79.22814178466797,76.02189636230469,76.35939025878906,6706899
2014-10-22,48.686248779296875,78.63751983642578,79.59376525878906,78.15939331054688,79.31251525878906,11612786
2014-10-27,49.469818115234375,79.90314483642578,81.78752136230469,78.83439636230469,79.25627136230469,11023074
2014-10-28,49.62654495239258,80.1562728881836,80.38127136230469,78.63751983642578,79.73439025878906,7011349
2014-10-29,49.64395523071289,80.18439483642578,81.0000228881836,78.75001525878906,80.66252136230469,13392055
2014-10-30,50.305641174316406,81.25314331054688,81.67501831054688,79.65001678466797,79.87501525878906,15543181
2014-10-31,50.775794982910156,82.01251983642578,82.32189178466797,80.91564178466797,81.25314331054688,12145111
2014-11-03,50.4449462890625,81.47814178466797,84.3750228881836,81.30939483642578,82.4062728881836,13632949
2014-11-05,49.6091194152832,80.12814331054688,82.06877136230469,79.90314483642578,81.39376831054688,5298871
2014-11-07,50.46235275268555,81.50627136230469,81.8437728881836,79.93126678466797,79.93126678466797,4488647
2014-11-10,51.57676696777344,83.30626678466797,84.03752136230469,80.2968978881836,81.5625228881836,10354057
2014-11-11,51.42007827758789,83.05314636230469,84.88127136230469,82.63127136230469,83.8125228881836,8362310
2014-11-12,49.78324890136719,80.40939331054688,83.02501678466797,79.90314483642578,82.65939331054688,6309241
2014-11-13,50.375301361083984,81.36564636230469,81.75939178466797,80.4375228881836,80.97189331054688,10971261
2014-11-14,50.183753967285156,81.05626678466797,82.06877136230469,80.4375228881836,80.91564178466797,6123081
2014-11-17,51.10664367675781,82.5468978881836,82.71564483642578,80.83126831054688,81.22502136230469,4923950
2014-11-18,51.663848876953125,83.44689178466797,84.26251983642578,82.1250228881836,82.65939331054688,6475424
2014-11-19,51.07180404663086,82.49064636230469,84.3750228881836,81.7031478881836,83.6718978881836,5431984
2014-11-20,50.89769744873047,82.20939636230469,82.6875228881836,81.1406478881836,82.23751831054688,3590544
2014-11-21,51.0369758605957,82.43439483642578,82.6875228881836,81.81564331054688,81.81564331054688,5424821
2014-11-24,49.6091194152832,80.12814331054688,81.8437728881836,79.42501831054688,81.45001983642578,6633290
2014-11-25,48.44246292114258,78.24376678466797,79.31251525878906,76.41564178466797,79.31251525878906,55543705
2014-11-26,48.45988845825195,78.27189636230469,79.03126525878906,77.65314483642578,77.90626525878906,5741991
2014-11-27,49.017086029052734,79.17189025878906,80.04376983642578,78.38439178466797,78.38439178466797,4482174
2014-11-28,49.69619369506836,80.26876831054688,80.77501678466797,78.44064331054688,79.25627136230469,4619433
2014-12-01,48.181278228759766,77.82189178466797,80.38127136230469,77.51251983642578,79.84689331054688,2477146
2014-12-02,48.07680130004883,77.65314483642578,78.30001831054688,77.48439025878906,77.62501525878906,2350906
2014-12-03,47.78077697753906,77.17501831054688,78.21564483642578,77.00627136230469,77.62501525878906,8617759
2014-12-04,47.53700256347656,76.78126525878906,77.45626831054688,76.33126831054688,77.11876678466797,4516507
2014-12-05,47.62405776977539,76.92189025878906,77.73751831054688,76.50001525878906,76.66876983642578,5700055
2014-12-08,47.310646057128906,76.41564178466797,77.79376983642578,76.19064331054688,76.92189025878906,3081176
2014-12-09,46.997196197509766,75.90939331054688,76.97814178466797,75.71251678466797,76.16252136230469,4817465
2014-12-10,47.79819107055664,77.20314025878906,77.51251983642578,75.54376983642578,75.71251678466797,3714413
2014-12-11,47.34546661376953,76.47189331054688,77.62501525878906,75.79689025878906,77.56877136230469,3222482
2014-12-12,46.94496536254883,75.82501983642578,76.69689178466797,75.12189483642578,76.55626678466797,4812683
2014-12-15,46.82307815551758,75.62814331054688,76.05001831054688,74.78439331054688,75.23439025878906,2791969
2014-12-16,46.33552169799805,74.84064483642578,75.85314178466797,74.33439636230469,75.12189483642578,4811157
2014-12-17,45.62159729003906,73.68751525878906,75.57189178466797,72.90001678466797,74.58751678466797,6760384
2014-12-18,45.83054733276367,74.02501678466797,75.00939178466797,72.87189483642578,74.27814483642578,5750448
2014-12-19,47.29322052001953,76.38751983642578,76.58439636230469,73.40626525878906,74.61564636230469,4845177
2014-12-22,47.658897399902344,76.97814178466797,77.20314025878906,75.79689025878906,76.44377136230469,3767407
2014-12-23,48.425071716308594,78.21564483642578,78.60939025878906,76.75314331054688,76.95001983642578,6644017
2014-12-24,47.46735382080078,76.66876983642578,78.15939331054688,75.43126678466797,78.15939331054688,8715919
2014-12-26,47.7459602355957,77.11876678466797,78.60939025878906,76.78126525878906,77.90626525878906,2310253
2014-12-29,47.71113967895508,77.06251525878906,78.32814025878906,76.89376831054688,77.62501525878906,1421574
2014-12-30,47.93750762939453,77.42814636230469,77.90626525878906,77.20314025878906,77.62501525878906,2146065
2014-12-31,48.05938720703125,77.62501525878906,78.83439636230469,77.31564331054688,77.79376983642578,3960548
2015-01-01,47.7459602355957,77.11876678466797,77.73751831054688,77.00627136230469,77.62501525878906,778837
2015-01-02,48.320579528808594,78.04689025878906,78.38439178466797,77.14689636230469,77.14689636230469,3612848
2015-01-05,48.37282180786133,78.13127136230469,78.80626678466797,76.58439636230469,77.90626525878906,7291352
2015-01-06,47.29322052001953,76.38751983642578,77.79376983642578,75.45939636230469,77.65314483642578,8288963
2015-01-07,47.97231674194336,77.48439025878906,77.90626525878906,75.09376525878906,75.93751525878906,3256180
2015-01-08,48.181278228759766,77.82189178466797,78.13127136230469,76.64064025878906,77.62501525878906,2436600
2015-01-09,48.216121673583984,77.87814331054688,78.46876525878906,77.03439331054688,77.79376983642578,2079643
2015-01-12,47.53700256347656,76.78126525878906,78.30001831054688,76.21876525878906,77.40001678466797,3660975
2015-01-13,47.310646057128906,76.41564178466797,77.51251983642578,76.07814025878906,76.80939483642578,2850708
2015-01-14,47.38028335571289,76.52814483642578,77.00627136230469,75.82501983642578,76.38751983642578,3939014
2015-01-15,49.78324890136719,80.40939331054688,80.83126831054688,76.78126525878906,76.78126525878906,6425406
2015-01-16,51.31560134887695,82.88439178466797,83.78439331054688,79.20001983642578,80.32501983642578,8222495
2015-01-19,51.489707946777344,83.16564178466797,83.75627136230469,81.22502136230469,82.77189636230469,5082702
2015-01-20,51.33299255371094,82.91252136230469,84.3750228881836,82.57501983642578,83.8125228881836,6145107
2015-01-21,51.158870697021484,82.63127136230469,83.27814483642578,82.15314483642578,82.85626983642578,2865190
2015-01-22,51.663848876953125,83.44689178466797,85.16252136230469,82.49064636230469,82.74376678466797,7016755
2015-01-23,52.08174514770508,84.12189483642578,84.3750228881836,82.80001831054688,83.70001983642578,4549463
2015-01-27,52.22104263305664,84.34689331054688,84.9375228881836,82.80001831054688,83.3906478881836,6048058
2015-01-28,52.04692840576172,84.06564331054688,85.33126831054688,83.8125228881836,84.62814331054688,5448999
2015-01-29,51.820556640625,83.70001983642578,84.34689331054688,83.02501678466797,84.2906494140625,6923717
2015-01-30,51.54194259643555,83.2500228881836,84.6562728881836,82.1250228881836,83.5312728881836,3094145
2015-02-02,51.489707946777344,83.16564178466797,83.64376831054688,82.1250228881836,82.8281478881836,2427202
2015-02-03,51.26334762573242,82.80001831054688,84.03752136230469,82.4062728881836,83.75627136230469,1320013
2015-02-04,50.9325065612793,82.2656478881836,83.9531478881836,82.06877136230469,82.9687728881836,1740828
2015-02-05,50.02703094482422,80.80314636230469,82.63127136230469,80.26876831054688,82.2656478881836,2453418
2015-02-06,49.95737838745117,80.69064331054688,81.5625228881836,79.65001678466797,80.10002136230469,2422833
2015-02-09,49.26087188720703,79.56564331054688,80.69064331054688,78.75001525878906,80.4375228881836,2511094
2015-02-10,50.532005310058594,81.61876678466797,82.23751831054688,78.75001525878906,78.86251831054688,3982617
2015-02-11,50.75838851928711,81.9843978881836,83.72814178466797,81.5625228881836,82.1250228881836,5670681
2015-02-12,52.325538635253906,84.5156478881836,85.5000228881836,82.15314483642578,83.70001983642578,7776840
2015-02-13,52.76085662841797,85.2187728881836,85.89376831054688,84.0093994140625,85.3593978881836,8270115
2015-02-16,53.1961784362793,85.9218978881836,86.85002136230469,85.5000228881836,85.5000228881836,3789682
2015-02-18,53.89268493652344,87.0468978881836,87.1875228881836,85.0781478881836,85.5562744140625,4034642
2015-02-19,53.735965728759766,86.79376983642578,87.21564483642578,85.02189636230469,87.07501983642578,2708022
2015-02-20,53.37030792236328,86.2031478881836,87.07501983642578,85.66876983642578,86.56877136230469,4586215
2015-02-23,54.29316711425781,87.69377136230469,88.5937728881836,85.7812728881836,86.0625228881836,5857600
2015-02-24,54.589195251464844,88.1718978881836,88.70626831054688,87.49689483642578,87.69377136230469,3786009
2015-02-25,53.823036193847656,86.93439483642578,88.7343978881836,85.8375244140625,88.6500244140625,3842514
2015-02-26,53.1961784362793,85.9218978881836,88.00314331054688,84.82501983642578,86.6812744140625,7368101
2015-02-27,54.711090087890625,88.3687744140625,88.5937728881836,85.5562744140625,86.03439331054688,4870174
2015-03-02,54.5717887878418,88.14376831054688,89.4375228881836,87.41252136230469,88.7343978881836,3288237
2015-03-03,54.17129898071289,87.49689483642578,87.97502136230469,86.70939636230469,87.86251831054688,3773373
2015-03-04,53.78820037841797,86.87814331054688,88.5093994140625,86.1187744140625,87.83439636230469,4927543
2015-03-05,54.03200149536133,87.27189636230469,87.83439636230469,85.2750244140625,86.6250228881836,2511965
2015-03-09,52.55928421020508,84.5156478881836,86.8218994140625,84.20626831054688,86.23126983642578,2904210
2015-03-10,51.94710922241211,83.5312728881836,84.5718994140625,82.51876831054688,84.5156478881836,4007085
2015-03-11,51.737220764160156,83.19377136230469,84.3750228881836,82.94064331054688,84.03752136230469,3350372
2015-03-12,52.349395751953125,84.17814636230469,85.72502136230469,83.27814483642578,83.27814483642578,4034334
2015-03-13,51.28245544433594,82.46251678466797,84.60002136230469,82.1250228881836,84.5156478881836,3743353
2015-03-16,51.334930419921875,82.5468978881836,83.08126831054688,81.87189483642578,81.87189483642578,1546607
2015-03-17,51.649776458740234,83.05314636230469,83.8125228881836,82.15314483642578,82.74376678466797,4288235
2015-03-18,51.299957275390625,82.49064636230469,83.3906478881836,82.06877136230469,82.9687728881836,3493449
2015-03-19,51.1075553894043,82.18126678466797,83.9531478881836,81.5625228881836,82.49064636230469,2641643
2015-03-20,51.84217071533203,83.36251831054688,84.2906494140625,81.33751678466797,82.1250228881836,3763675
2015-03-23,52.19198226928711,83.92501831054688,85.44377136230469,83.55939483642578,84.0937728881836,4249360
2015-03-24,51.75470733642578,83.22189331054688,84.8531494140625,82.9687728881836,83.8125228881836,5170910
2015-03-25,51.24748229980469,82.4062728881836,83.55939483642578,82.23751831054688,83.1093978881836,6008163
2015-03-26,50.75774383544922,81.61876678466797,84.0937728881836,81.02814483642578,82.63127136230469,11848617
2015-03-27,50.63530349731445,81.4218978881836,82.09689331054688,80.55001831054688,81.61876678466797,3479176
2015-03-30,50.7227668762207,81.5625228881836,81.90001678466797,80.77501678466797,81.59064483642578,4359504
2015-03-31,50.81022262573242,81.7031478881836,82.37814331054688,81.2812728881836,81.8437728881836,4797950
2015-04-01,51.22998809814453,82.37814331054688,82.60314178466797,81.61876678466797,81.61876678466797,2808077
2015-04-06,51.75470733642578,83.22189331054688,84.06564331054688,82.04064178466797,82.35002136230469,5315447
2015-04-07,51.75470733642578,83.22189331054688,83.36251831054688,82.1250228881836,82.80001831054688,2457023
2015-04-08,51.5273323059082,82.85626983642578,84.26251983642578,82.6875228881836,82.99689483642578,4009038
2015-04-09,52.82162857055664,84.9375228881836,85.2750244140625,82.91252136230469,82.99689483642578,2422269
2015-04-10,53.41630935668945,85.89376831054688,86.09064483642578,84.54376983642578,85.2187728881836,2200148
2015-04-13,53.9935188293457,86.8218994140625,87.58126831054688,84.7968978881836,85.95001983642578,2208671
2015-04-15,53.01402282714844,85.24689483642578,87.7500228881836,84.9375228881836,87.15939331054688,2330815
2015-04-16,52.716705322265625,84.76876831054688,85.6406478881836,82.9687728881836,85.02189636230469,2492100
2015-04-17,52.506805419921875,84.4312744140625,85.2750244140625,83.86876678466797,84.76876831054688,3666806
2015-04-20,52.40186309814453,84.26251983642578,85.8375244140625,83.61564636230469,84.48751831054688,2278982
2015-04-21,52.06953430175781,83.72814178466797,85.5000228881836,83.30626678466797,84.3750228881836,2312891
2015-04-22,51.43988037109375,82.71564483642578,84.12189483642578,82.46251678466797,83.8125228881836,4849646
2015-04-23,51.299957275390625,82.49064636230469,83.78439331054688,82.06877136230469,83.2500228881836,3515131
2015-04-24,51.02009582519531,82.04064178466797,83.22189331054688,81.02814483642578,82.1250228881836,2613457
2015-04-27,50.705265045166016,81.53439331054688,83.1093978881836,81.2812728881836,82.18126678466797,2052351
2015-04-28,50.53036117553711,81.25314331054688,82.4062728881836,80.7187728881836,81.16876983642578,3429520
2015-04-29,50.04063415527344,80.46564483642578,81.45001983642578,80.1562728881836,81.19689178466797,2061972
2015-04-30,49.7432861328125,79.98751831054688,81.45001983642578,78.97502136230469,79.93126678466797,4099911
2015-05-04,50.4254264831543,81.08439636230469,81.33751678466797,79.31251525878906,80.4375228881836,3652050
2015-05-05,50.07561492919922,80.52189636230469,82.49064636230469,79.62189483642578,80.46564483642578,7999174
2015-05-06,49.1835823059082,79.08751678466797,80.2968978881836,78.77814483642578,80.2968978881836,6031578
2015-05-07,49.07865905761719,78.91876983642578,79.34064483642578,77.65314483642578,78.75001525878906,5448071
2015-05-08,48.97370910644531,78.75001525878906,79.98751831054688,78.58126831054688,79.31251525878906,2987105
2015-05-11,50.023136138916016,80.4375228881836,80.63439178466797,78.63751983642578,79.17189025878906,3927933
2015-05-12,48.728843688964844,78.35626983642578,80.46564483642578,77.96251678466797,80.38127136230469,4551824
2015-05-13,49.27104187011719,79.22814178466797,79.59376525878906,77.65314483642578,78.46876525878906,4097879
2015-05-14,48.76380157470703,78.41252136230469,79.20001983642578,77.76564025878906,79.20001983642578,3467677
2015-05-15,48.99119186401367,78.77814483642578,79.70626831054688,78.35626983642578,78.86251831054688,6305129
2015-05-18,48.99119186401367,78.77814483642578,79.28439331054688,78.04689025878906,78.46876525878906,14967798
2015-05-19,48.53643035888672,78.04689025878906,80.94377136230469,77.68126678466797,78.75001525878906,6595326
2015-05-20,49.2535514831543,79.20001983642578,79.53752136230469,78.21564483642578,78.24376678466797,5168468
2015-05-21,48.79879379272461,78.46876525878906,79.28439331054688,78.01876831054688,79.03126525878906,2628801
2015-05-22,49.3060188293457,79.28439331054688,79.84689331054688,77.28752136230469,78.35626983642578,5380668
2015-05-25,50.0581169128418,80.49376678466797,80.66252136230469,79.34064483642578,79.73439025878906,5557091
2015-05-26,50.04063415527344,80.46564483642578,80.77501678466797,79.62189483642578,80.66252136230469,2220470
2015-05-27,50.09310531616211,80.55001831054688,80.77501678466797,79.76251983642578,80.46564483642578,1137269
2015-05-28,50.09310531616211,80.55001831054688,81.1406478881836,79.05939483642578,81.1406478881836,3848527
2015-05-29,50.268001556396484,80.83126831054688,81.25314331054688,79.45314025878906,80.1562728881836,3473570
2015-06-01,50.0581169128418,80.49376678466797,82.63127136230469,80.0156478881836,82.49064636230469,15815832
2015-06-02,49.848236083984375,80.1562728881836,80.38127136230469,79.50939178466797,80.1562728881836,4635659
2015-06-03,50.09310531616211,80.55001831054688,80.8593978881836,79.17189025878906,79.95939636230469,6029264
2015-06-04,50.4953727722168,81.19689178466797,81.64689636230469,80.10002136230469,80.4375228881836,8566490
2015-06-05,50.68777084350586,81.50627136230469,82.29376983642578,80.4375228881836,81.0000228881836,8696044
2015-06-08,51.125064849853516,82.20939636230469,82.51876831054688,80.97189331054688,81.81564331054688,4215142
2015-06-09,51.54483413696289,82.88439178466797,83.33439636230469,81.73126983642578,82.1250228881836,2699663
2015-06-10,51.47486114501953,82.77189636230469,83.36251831054688,82.23751831054688,82.99689483642578,2875048
2015-06-11,51.07257843017578,82.1250228881836,82.88439178466797,81.47814178466797,82.46251678466797,2113307
2015-06-12,50.86268997192383,81.78752136230469,82.09689331054688,80.0156478881836,81.8437728881836,2614529
2015-06-15,49.39348602294922,79.42501831054688,81.5625228881836,79.11564636230469,81.5625228881836,3574132
2015-06-16,50.40793228149414,81.05626678466797,81.36564636230469,79.03126525878906,79.20001983642578,2705206
2015-06-17,49.60336685180664,79.76251983642578,81.19689178466797,79.00314331054688,80.83126831054688,3030212
2015-06-18,49.65583801269531,79.84689331054688,80.26876831054688,79.22814178466797,79.48126983642578,4549773
2015-06-19,48.97370910644531,78.75001525878906,80.10002136230469,78.01876831054688,79.84689331054688,9119658
2015-06-22,49.428466796875,79.48126983642578,79.98751831054688,78.97502136230469,79.22814178466797,1849073
2015-06-23,48.76380157470703,78.41252136230469,79.76251983642578,78.27189636230469,79.31251525878906,4200054
2015-06-24,48.92123031616211,78.66564178466797,79.05939483642578,78.21564483642578,78.21564483642578,3101425
2015-06-25,49.428466796875,79.48126983642578,79.81877136230469,78.10314178466797,78.86251831054688,11124905
2015-06-26,48.658870697021484,78.24376678466797,79.45314025878906,78.13127136230469,79.03126525878906,4184617
2015-06-29,48.79879379272461,78.46876525878906,78.86251831054688,77.45626831054688,77.51251983642578,3452315
2015-06-30,48.658870697021484,78.24376678466797,78.97502136230469,77.42814636230469,78.46876525878906,2588831
2015-07-01,49.79576110839844,80.07189178466797,80.49376678466797,77.85002136230469,78.27189636230469,1988394
2015-07-02,49.49842834472656,79.59376525878906,80.4375228881836,79.08751678466797,80.40939331054688,2965570
2015-07-03,49.49842834472656,79.59376525878906,80.40939331054688,79.03126525878906,79.03126525878906,3051297
2015-07-06,48.97370910644531,78.75001525878906,79.98751831054688,78.58126831054688,79.03126525878906,2083899
2015-07-07,48.48395538330078,77.96251678466797,79.59376525878906,77.76564025878906,79.31251525878906,3234495
2015-07-08,48.27407455444336,77.62501525878906,78.30001831054688,76.72502136230469,77.68126678466797,2440394
2015-07-09,47.92427062988281,77.06251525878906,77.93439483642578,77.00627136230469,77.68126678466797,2478234
2015-07-10,48.501468658447266,77.99064636230469,78.27189636230469,76.97814178466797,77.11876678466797,2901055
2015-07-13,48.97370910644531,78.75001525878906,78.97502136230469,77.09064483642578,77.85002136230469,1612390
2015-07-14,49.043670654296875,78.86251831054688,79.28439331054688,78.07501983642578,78.80626678466797,2264950
2015-07-15,48.8862419128418,78.60939025878906,79.14376831054688,78.46876525878906,78.77814483642578,1504877
2015-07-16,48.83378601074219,78.52501678466797,78.83439636230469,78.24376678466797,78.58126831054688,1827243
2015-07-17,49.39348602294922,79.42501831054688,79.73439025878906,78.46876525878906,78.55314636230469,1696436
2015-07-20,49.043670654296875,78.86251831054688,79.73439025878906,78.77814483642578,79.73439025878906,1668294
2015-07-21,48.97370910644531,78.75001525878906,79.25627136230469,78.55314636230469,78.83439636230469,1315889
2015-07-22,49.953182220458984,80.32501983642578,80.5781478881836,78.07501983642578,78.58126831054688,1890132
2015-07-23,49.76078414916992,80.0156478881836,80.60626983642578,79.17189025878906,80.49376678466797,1225377
2015-07-24,49.69081497192383,79.90314483642578,80.40939331054688,79.42501831054688,79.98751831054688,1692284
2015-07-27,49.113624572753906,78.97502136230469,80.40939331054688,78.77814483642578,79.50939178466797,1296310
2015-07-28,49.44594192504883,79.50939178466797,79.70626831054688,78.44064331054688,79.31251525878906,1547151
2015-07-29,48.97370910644531,78.75001525878906,79.48126983642578,78.46876525878906,79.14376831054688,1900932
2015-07-30,49.8132438659668,80.10002136230469,80.5781478881836,78.69377136230469,78.86251831054688,2942993
2015-07-31,49.67333221435547,79.87501525878906,80.35314178466797,78.97502136230469,80.35314178466797,1956499
2015-08-03,49.1835823059082,79.08751678466797,80.38127136230469,78.91876983642578,79.34064483642578,1508372
2015-08-04,49.323516845703125,79.31251525878906,80.1562728881836,78.72189331054688,79.03126525878906,1001510
2015-08-05,49.236053466796875,79.17189025878906,79.56564331054688,78.80626678466797,79.31251525878906,1107859
2015-08-06,49.341007232666016,79.34064483642578,79.81877136230469,78.86251831054688,78.91876983642578,1295185
2015-08-07,48.83378601074219,78.52501678466797,80.04376983642578,78.38439178466797,79.05939483642578,2213871
2015-08-10,48.29157257080078,77.65314483642578,79.59376525878906,77.28752136230469,78.80626678466797,2570753
2015-08-11,48.256587982177734,77.59689331054688,79.20001983642578,76.27501678466797,78.75001525878906,3873211
2015-08-12,47.57447052001953,76.50001525878906,77.56877136230469,76.33126831054688,77.06251525878906,1472522
2015-08-13,48.2041130065918,77.51251983642578,77.96251678466797,70.87501525878906,76.38751983642578,2470225
2015-08-14,48.396507263183594,77.82189178466797,78.21564483642578,77.45626831054688,77.51251983642578,1304682
2015-08-17,48.30905532836914,77.68126678466797,78.44064331054688,77.03439331054688,77.90626525878906,813782
2015-08-18,48.0641975402832,77.28752136230469,78.01876831054688,76.86564636230469,77.68126678466797,1461999
2015-08-19,47.73188018798828,76.75314331054688,77.85002136230469,76.55626678466797,77.34376525878906,2417706
2015-08-20,47.60943603515625,76.55626678466797,77.03439331054688,75.57189178466797,75.99376678466797,2256015
2015-08-21,46.66493225097656,75.03752136230469,76.05001831054688,74.84064483642578,75.93751525878906,4024183
2015-08-24,45.86037826538086,73.74376678466797,74.53126525878906,71.83126831054688,73.60314178466797,7651174
2015-08-25,44.985836029052734,72.33751678466797,75.17814636230469,70.39688873291016,73.68751525878906,12357515
2015-08-26,45.80789566040039,73.65939331054688,74.70001983642578,72.00001525878906,72.33751678466797,2616303
2015-08-27,47.17216873168945,75.85314178466797,77.87814331054688,73.26564025878906,74.50314331054688,5402025
2015-08-28,47.27712631225586,76.02189636230469,77.34376525878906,75.20626831054688,76.27501678466797,2205183
2015-08-31,45.702964782714844,73.49064636230469,76.19064331054688,73.18126678466797,75.65626525878906,2305711
2015-09-01,45.160736083984375,72.61876678466797,73.74376678466797,72.00001525878906,72.75939178466797,3973158
2015-09-02,43.796485900878906,70.42501831054688,73.12501525878906,69.60939025878906,72.73126983642578,4507483
2015-09-03,44.4961051940918,71.55001831054688,72.02814483642578,70.36876678466797,70.53751373291016,3114461
2015-09-04,43.236778259277344,69.52501678466797,71.38126373291016,68.87814331054688,71.38126373291016,3868544
2015-09-07,43.240325927734375,68.79376983642578,70.25626373291016,67.80938720703125,69.07501983642578,3112256
2015-09-08,44.566162109375,70.90314483642578,71.71876525878906,68.11876678466797,68.62501525878906,2951677
2015-09-09,44.54848861694336,70.87501525878906,73.40626525878906,70.08751678466797,72.78752136230469,3201416
2015-09-10,43.6115608215332,69.38439178466797,70.17189025878906,67.89376831054688,70.17189025878906,3984541
2015-09-11,43.94742965698242,69.91876983642578,70.76251983642578,69.24376678466797,69.75001525878906,1783681
2015-09-14,45.09650421142578,71.74689483642578,71.97189331054688,69.46876525878906,70.20001983642578,2400945
2015-09-15,45.37936019897461,72.19689178466797,73.20939636230469,70.87501525878906,71.71876525878906,3189547
2015-09-16,46.351646423339844,73.74376678466797,73.96876525878906,72.00001525878906,72.28126525878906,2668351
2015-09-18,47.200191497802734,75.09376525878906,75.88127136230469,73.96876525878906,74.25001525878906,2710372
2015-09-21,48.278541564941406,76.80939483642578,77.06251525878906,74.08126831054688,74.70001983642578,3040868
2015-09-22,46.316287994384766,73.68751525878906,77.06251525878906,72.70314025878906,76.89376831054688,2618545
2015-09-23,45.18490219116211,71.88751983642578,74.25001525878906,70.76251983642578,73.71564483642578,5775906
2015-09-24,44.33635330200195,70.53751373291016,73.15314483642578,70.05939483642578,72.00001525878906,9733917
2015-09-28,44.83134460449219,71.32501983642578,72.56251525878906,70.14376831054688,71.12814331054688,2407051
2015-09-29,45.37936019897461,72.19689178466797,73.40626525878906,70.53751373291016,70.79064178466797,2414852
2015-09-30,46.793601989746094,74.44689178466797,74.64376831054688,72.19689178466797,72.22502136230469,3047665
2015-10-01,46.15719223022461,73.43439483642578,75.31877136230469,73.26564025878906,74.81251525878906,2020545
2015-10-05,46.84663391113281,74.53126525878906,75.45939636230469,73.65939331054688,73.68751525878906,1811432
2015-10-06,46.75823211669922,74.39064025878906,75.65626525878906,74.08126831054688,74.72814178466797,1868486
2015-10-07,46.86430358886719,74.55939483642578,74.92501831054688,74.08126831054688,74.58751678466797,1403044
2015-10-08,46.82894515991211,74.50314331054688,74.81251525878906,74.02501678466797,74.75627136230469,1318938
2015-10-09,46.86430358886719,74.55939483642578,75.09376525878906,74.19377136230469,74.81251525878906,1421375
2015-10-12,47.12947463989258,74.98126983642578,75.20626831054688,74.13751983642578,74.53126525878906,1574616
2015-10-13,47.04108810424805,74.84064483642578,75.20626831054688,74.50314331054688,74.81251525878906,715400
2015-10-14,47.02340316772461,74.81251525878906,75.09376525878906,74.36251831054688,74.75627136230469,1722301
2015-10-15,47.74820327758789,75.96564483642578,76.19064331054688,74.92501831054688,75.09376525878906,2959602
2015-10-16,47.730525970458984,75.93751525878906,76.50001525878906,75.15001678466797,76.16252136230469,3651488
2015-10-19,47.3062629699707,75.26251983642578,76.13439178466797,74.72814178466797,75.93751525878906,1640198
2015-10-20,48.04872512817383,76.44377136230469,77.11876678466797,75.09376525878906,75.37501525878906,3296804
2015-10-21,48.04872512817383,76.44377136230469,77.17501831054688,75.88127136230469,76.50001525878906,3504240
2015-10-23,48.20782470703125,76.69689178466797,77.37189483642578,76.21876525878906,76.78126525878906,2367650
2015-10-26,47.995689392089844,76.35939025878906,76.97814178466797,76.07814025878906,76.78126525878906,1788557
2015-10-27,47.34161376953125,75.31877136230469,76.64064025878906,75.06564331054688,76.24689483642578,1680870
2015-10-28,46.33395004272461,73.71564483642578,75.34689331054688,73.37814331054688,74.89689636230469,4725765
2015-10-29,45.30863571166992,72.08439636230469,73.46251678466797,70.98751831054688,73.46251678466797,6657486
2015-10-30,45.520782470703125,72.42189025878906,74.16564178466797,72.14064025878906,72.28126525878906,3034065
2015-11-02,45.591487884521484,72.53439331054688,72.78752136230469,71.52188873291016,72.42189025878906,1507300
2015-11-03,46.546112060546875,74.05314636230469,74.33439636230469,73.23751831054688,73.37814331054688,2879807
2015-11-04,46.386993408203125,73.80001831054688,75.31877136230469,73.35002136230469,74.92501831054688,10212719
2015-11-05,46.29860305786133,73.65939331054688,74.53126525878906,73.35002136230469,74.13751983642578,9402139
2015-11-06,46.422367095947266,73.85626983642578,74.53126525878906,72.59064483642578,74.47502136230469,4219805
2015-11-09,45.98040771484375,73.15314483642578,73.63127136230469,71.24063873291016,72.56251525878906,5260832
2015-11-10,45.36167907714844,72.16876983642578,73.09689331054688,71.83126831054688,72.67501831054688,1531108
2015-11-13,46.03343963623047,73.23751831054688,73.91252136230469,71.71876525878906,72.00001525878906,1386876
2015-11-16,45.60917282104492,72.56251525878906,73.51876831054688,72.30939483642578,72.84376525878906,1462412
2015-11-17,46.22789001464844,73.54689025878906,74.13751983642578,72.67501831054688,72.70314025878906,1602664
2015-11-18,46.28092956542969,73.63127136230469,74.02501678466797,72.98439025878906,73.49064636230469,1327429
2015-11-19,46.61681365966797,74.16564178466797,74.64376831054688,73.37814331054688,74.08126831054688,2523368
2015-11-20,46.28092956542969,73.63127136230469,74.64376831054688,73.35002136230469,74.25001525878906,2168468
2015-11-23,46.45771789550781,73.91252136230469,74.13751983642578,73.40626525878906,73.40626525878906,2177227
2015-11-24,46.61681365966797,74.16564178466797,74.58751678466797,73.65939331054688,73.68751525878906,1241516
2015-11-26,47.3062629699707,75.26251983642578,75.62814331054688,73.91252136230469,73.96876525878906,4171542
2015-11-27,47.200191497802734,75.09376525878906,75.37501525878906,74.53126525878906,75.17814636230469,1605635
2015-11-30,48.15479278564453,76.61251831054688,77.00627136230469,74.98126983642578,75.12189483642578,2006989
2015-12-01,48.08409881591797,76.50001525878906,77.62501525878906,76.13439178466797,76.55626678466797,2520479
2015-12-02,47.87195587158203,76.16252136230469,76.80939483642578,75.71251678466797,76.50001525878906,1390936
2015-12-03,47.3062629699707,75.26251983642578,76.50001525878906,74.98126983642578,75.93751525878906,1173194
2015-12-04,46.22789001464844,73.54689025878906,75.20626831054688,73.37814331054688,75.20626831054688,1376556
2015-12-07,46.369327545166016,73.77189636230469,74.16564178466797,72.95626831054688,73.68751525878906,1525844
2015-12-08,46.03343963623047,73.23751831054688,73.80001831054688,72.75939178466797,73.68751525878906,1469647
2015-12-09,46.015769958496094,73.20939636230469,74.08126831054688,72.59064483642578,72.95626831054688,2198948
2015-12-10,46.22789001464844,73.54689025878906,73.68751525878906,72.70314025878906,73.12501525878906,1086874
2015-12-11,45.25560760498047,72.00001525878906,73.68751525878906,71.66251373291016,73.68751525878906,1514970
2015-12-14,45.30863571166992,72.08439636230469,72.78752136230469,71.29689025878906,71.60626983642578,1552518
2015-12-15,45.785945892333984,72.84376525878906,73.01251983642578,71.57814025878906,72.08439636230469,1842404
2015-12-16,47.147159576416016,75.00939178466797,75.43126678466797,72.95626831054688,73.12501525878906,2623492
2015-12-17,47.5714225769043,75.68439483642578,76.02189636230469,74.10939025878906,74.98126983642578,1092627
2015-12-18,47.87195587158203,76.16252136230469,76.78126525878906,74.84064483642578,75.37501525878906,28017527
2015-12-21,49.30385971069336,78.44064331054688,78.69377136230469,76.16252136230469,76.16252136230469,6238035
2015-12-22,48.96798324584961,77.90626525878906,79.08751678466797,77.59689331054688,78.49689483642578,9652753
2015-12-23,49.51599884033203,78.77814483642578,79.03126525878906,78.07501983642578,78.07501983642578,3720080
2015-12-24,49.53367233276367,78.80626678466797,79.22814178466797,78.38439178466797,78.75001525878906,2224191
2015-12-28,50.25847244262695,79.95939636230469,80.2968978881836,78.55314636230469,79.00314331054688,5761043
2015-12-29,49.834197998046875,79.28439331054688,80.21251678466797,78.97502136230469,79.98751831054688,8576492
2015-12-30,49.85188293457031,79.31251525878906,79.67814636230469,78.89064025878906,78.89064025878906,8189382
2015-12-31,49.90491485595703,79.39689636230469,79.87501525878906,78.52501678466797,79.31251525878906,7159928
2016-01-01,49.85188293457031,79.31251525878906,79.79064178466797,79.17189025878906,79.53752136230469,3229824
2016-01-04,49.834197998046875,79.28439331054688,81.19689178466797,78.69377136230469,79.03126525878906,6809859
2016-01-05,49.19780349731445,78.27189636230469,79.84689331054688,77.73751831054688,79.34064483642578,4259054
2016-01-06,49.321537017822266,78.46876525878906,78.72189331054688,77.62501525878906,77.96251678466797,5320149
2016-01-07,48.82655334472656,77.68126678466797,79.73439025878906,77.34376525878906,78.46876525878906,6787347
2016-01-08,50.081695556640625,79.67814636230469,79.87501525878906,78.13127136230469,78.75001525878906,10345830
2016-01-11,50.64738464355469,80.5781478881836,81.8437728881836,78.18751525878906,79.03126525878906,8283638
2016-01-12,50.470611572265625,80.2968978881836,82.5468978881836,79.90314483642578,80.7187728881836,6611338
2016-01-13,50.523643493652344,80.38127136230469,81.22502136230469,78.80626678466797,80.52189636230469,7462021
2016-01-14,50.5059814453125,80.35314178466797,81.2812728881836,79.53752136230469,79.53752136230469,10278564
2016-01-15,49.180118560791016,78.24376678466797,80.5781478881836,77.79376983642578,79.95939636230469,7430643
2016-01-18,48.84424591064453,77.70939636230469,79.34064483642578,77.28752136230469,78.75001525878906,7411237
2016-01-19,48.066410064697266,76.47189331054688,78.63751983642578,75.82501983642578,77.87814331054688,7282040
2016-01-20,47.60677719116211,75.74064636230469,78.91876983642578,73.43439483642578,75.71251678466797,15997901
2016-01-21,46.74055862426758,74.36251831054688,77.25939178466797,74.25001525878906,75.82501983642578,10416175
2016-01-22,47.05875778198242,74.86876678466797,76.38751983642578,74.30626678466797,74.92501831054688,8099084
2016-01-25,47.02340316772461,74.81251525878906,75.62814331054688,73.82814025878906,75.37501525878906,8893503
2016-01-27,48.87958526611328,77.76564025878906,78.32814025878906,75.03752136230469,75.26251983642578,14527719
2016-01-28,50.80648422241211,80.83126831054688,81.2812728881836,79.03126525878906,79.31251525878906,22594616
2016-01-29,52.27376937866211,83.16564178466797,83.47502136230469,81.2812728881836,81.45001983642578,11216960
2016-02-01,51.88484191894531,82.5468978881836,83.47502136230469,82.20939636230469,83.19377136230469,12278379
2016-02-02,51.70806884765625,82.2656478881836,84.5718994140625,81.5625228881836,82.4062728881836,18267134
2016-02-03,50.925960540771484,80.5781478881836,82.23751831054688,79.56564331054688,80.91564178466797,12098041
2016-02-04,52.18800354003906,82.57501983642578,82.9687728881836,80.35314178466797,81.47814178466797,8726120
2016-02-05,51.63697052001953,81.7031478881836,82.91252136230469,81.19689178466797,82.71564483642578,6170693
2016-02-08,50.64154815673828,80.12814331054688,82.15314483642578,79.67814636230469,81.59064483642578,3820374
2016-02-09,50.46380615234375,79.84689331054688,81.8437728881836,79.31251525878906,79.76251983642578,7297377
2016-02-10,50.96150207519531,80.63439178466797,81.30939483642578,79.31251525878906,79.31251525878906,8119293
2016-02-11,48.597408294677734,76.89376831054688,80.91564178466797,75.43126678466797,80.35314178466797,7247688
2016-02-12,49.18397903442383,77.82189178466797,79.20001983642578,76.66876983642578,77.62501525878906,16065640
2016-02-15,49.308414459228516,78.01876831054688,79.11564636230469,77.68126678466797,78.24376678466797,8464543
2016-02-16,49.52172088623047,78.35626983642578,79.05939483642578,77.51251983642578,78.24376678466797,6766384
2016-02-17,49.62837219238281,78.52501678466797,78.66564178466797,77.25939178466797,78.66564178466797,7804863
2016-02-18,49.71724319458008,78.66564178466797,79.73439025878906,78.18751525878906,78.80626678466797,8779283
2016-02-19,50.12607192993164,79.31251525878906,79.87501525878906,78.21564483642578,78.63751983642578,6323086
2016-02-22,49.64615249633789,78.55314636230469,79.59376525878906,77.82189178466797,79.31251525878906,2293985
2016-02-23,48.73960876464844,77.11876678466797,78.91876983642578,76.89376831054688,78.75001525878906,3873885
2016-02-24,49.66392135620117,78.58126831054688,79.31251525878906,77.42814636230469,77.62501525878906,11387961
2016-02-25,46.8376579284668,74.10939025878906,78.89064025878906,73.71564483642578,78.80626678466797,19051305
2016-02-26,47.513126373291016,75.17814636230469,76.44377136230469,74.25001525878906,75.09376525878906,12511003
2016-02-29,46.23331069946289,73.15314483642578,75.57189178466797,72.67501831054688,75.57189178466797,11485783
2016-03-01,47.54866409301758,75.23439025878906,75.57189178466797,73.26564025878906,73.68751525878906,14281573
2016-03-02,48.135250091552734,76.16252136230469,77.73751831054688,75.40314483642578,75.93751525878906,13550709
2016-03-03,48.22414016723633,76.30314636230469,77.00627136230469,75.40314483642578,76.78126525878906,7057560
2016-03-04,49.290653228759766,77.99064636230469,78.27189636230469,76.19064331054688,76.72502136230469,29228314
2016-03-08,48.95290756225586,77.45626831054688,78.58126831054688,76.55626678466797,78.46876525878906,20131612
2016-03-09,49.68169021606445,78.60939025878906,78.86251831054688,76.83751678466797,77.00627136230469,7284193
2016-03-10,49.64615249633789,78.55314636230469,79.25627136230469,77.68126678466797,78.80626678466797,3713460
2016-03-11,49.13066101074219,77.73751831054688,78.97502136230469,77.42814636230469,78.55314636230469,4685588
2016-03-14,49.27286148071289,77.96251678466797,78.18751525878906,77.45626831054688,77.96251678466797,4423191
2016-03-15,49.39728546142578,78.15939331054688,78.75001525878906,77.70939636230469,77.70939636230469,11655129
2016-03-16,49.3261833190918,78.04689025878906,78.75001525878906,77.34376525878906,78.41252136230469,6170234
2016-03-17,49.05956268310547,77.62501525878906,78.89064025878906,77.00627136230469,78.32814025878906,7509036
2016-03-18,48.65073776245117,76.97814178466797,78.24376678466797,76.78126525878906,77.90626525878906,9195901
2016-03-21,49.05956268310547,77.62501525878906,77.87814331054688,76.64064025878906,76.80939483642578,4674151
2016-03-22,49.13066101074219,77.73751831054688,78.38439178466797,77.34376525878906,77.62501525878906,6628643
2016-03-23,48.86403274536133,77.31564331054688,78.27189636230469,77.03439331054688,77.23126983642578,11545428
2016-03-28,49.45061492919922,78.24376678466797,78.75001525878906,76.78126525878906,77.56877136230469,8691695
2016-03-29,49.11289596557617,77.70939636230469,79.31251525878906,77.37189483642578,78.75001525878906,11478000
2016-03-30,49.68169021606445,78.60939025878906,78.94689178466797,77.82189178466797,78.13127136230469,5797932
2016-03-31,49.45061492919922,78.24376678466797,79.00314331054688,77.90626525878906,77.90626525878906,15715729
2016-04-01,49.16621398925781,77.79376983642578,78.75001525878906,77.68126678466797,78.63751983642578,3935188
2016-04-04,49.27286148071289,77.96251678466797,78.80626678466797,77.79376983642578,78.04689025878906,5649881
2016-04-05,49.4328498840332,78.21564483642578,79.20001983642578,78.01876831054688,78.63751983642578,7744995
2016-04-06,49.66392135620117,78.58126831054688,79.48126983642578,78.38439178466797,78.66564178466797,10418272
2016-04-07,49.841678619384766,78.86251831054688,79.25627136230469,78.52501678466797,79.11564636230469,12408704
2016-04-08,50.09052658081055,79.25627136230469,79.39689636230469,78.89064025878906,78.89064025878906,4133630
2016-04-11,50.570457458496094,80.0156478881836,80.40939331054688,79.05939483642578,79.11564636230469,12360599
2016-04-12,50.890411376953125,80.52189636230469,81.7031478881836,79.87501525878906,79.87501525878906,8901453
2016-04-13,51.54810333251953,81.5625228881836,81.75939178466797,80.94377136230469,81.19689178466797,10239725
2016-04-18,51.88582229614258,82.09689331054688,82.5468978881836,80.2968978881836,81.5625228881836,7347390
2016-04-20,52.61461639404297,83.2500228881836,84.31877136230469,81.64689636230469,81.95626831054688,7716065
2016-04-21,51.956939697265625,82.20939636230469,84.12189483642578,81.61876678466797,83.44689178466797,6315086
2016-04-22,51.92136001586914,82.15314483642578,82.85626983642578,81.16876983642578,82.29376983642578,4320738
2016-04-25,51.1214714050293,80.88751983642578,82.18126678466797,80.18439483642578,82.18126678466797,3605005
2016-04-26,51.6014289855957,81.64689636230469,82.2656478881836,80.46564483642578,81.25314331054688,8964411
2016-04-27,51.31699752807617,81.19689178466797,82.1250228881836,80.80314636230469,81.73126983642578,3177289
2016-04-28,50.42824935913086,79.79064178466797,81.81564331054688,79.50939178466797,81.11251831054688,9408511
2016-04-29,50.97929382324219,80.66252136230469,80.91564178466797,79.03126525878906,80.0156478881836,4383214
2016-05-02,50.78377151489258,80.35314178466797,81.0000228881836,79.65001678466797,80.4375228881836,3383764
2016-05-03,51.61918640136719,81.67501831054688,82.57501983642578,80.4375228881836,80.4375228881836,4572397
2016-05-04,50.748207092285156,80.2968978881836,81.61876678466797,79.87501525878906,81.45001983642578,4435593
2016-05-05,50.925960540771484,80.5781478881836,81.16876983642578,79.93126678466797,80.4375228881836,2770226
2016-05-06,50.64154815673828,80.12814331054688,80.63439178466797,79.03126525878906,80.52189636230469,3714029
2016-05-09,51.01483154296875,80.7187728881836,81.08439636230469,79.67814636230469,80.1562728881836,5027038
2016-05-10,50.42824935913086,79.79064178466797,80.8593978881836,79.31251525878906,80.52189636230469,7758595
2016-05-11,50.28604507446289,79.56564331054688,79.98751831054688,78.46876525878906,79.20001983642578,4574270
2016-05-12,51.15703582763672,80.94377136230469,81.19689178466797,79.42501831054688,79.81877136230469,4877581
2016-05-13,51.45921325683594,81.4218978881836,81.67501831054688,80.10002136230469,80.60626983642578,6719824
2016-05-16,51.35255813598633,81.25314331054688,82.06877136230469,80.4375228881836,81.53439331054688,4500368
2016-05-17,51.512535095214844,81.50627136230469,82.1250228881836,80.21251678466797,82.1250228881836,4754541
2016-05-18,50.854854583740234,80.46564483642578,81.50627136230469,80.26876831054688,81.0000228881836,2573082
2016-05-19,51.33478546142578,81.22502136230469,81.90001678466797,80.60626983642578,80.60626983642578,6035130
2016-05-20,51.47698974609375,81.45001983642578,81.64689636230469,80.83126831054688,81.33751678466797,3055890
2016-05-23,52.66792678833008,83.33439636230469,83.75627136230469,81.5625228881836,81.90001678466797,10093334
2016-05-24,52.15245056152344,82.51876831054688,83.9531478881836,82.23751831054688,83.8125228881836,3545037
2016-05-25,53.218955993652344,84.20626831054688,84.3750228881836,82.71564483642578,83.2500228881836,7201959
2016-05-26,53.53892135620117,84.7125244140625,85.16252136230469,83.58751678466797,84.3750228881836,11348343
2016-05-27,53.62778854370117,84.8531494140625,85.72502136230469,83.70001983642578,85.16252136230469,7635493
2016-05-30,53.94773864746094,85.3593978881836,86.03439331054688,84.0093994140625,84.9937744140625,6049447
2016-05-31,53.325618743896484,84.3750228881836,85.6968994140625,84.12189483642578,85.5000228881836,4297008
2016-06-01,52.9345588684082,83.75627136230469,84.7125244140625,83.47502136230469,84.7125244140625,5018958
2016-06-02,53.39670944213867,84.48751831054688,84.7125244140625,83.30626678466797,83.75627136230469,3951078
2016-06-03,53.46782302856445,84.60002136230469,84.8531494140625,83.9531478881836,84.7125244140625,3453446
2016-06-06,53.05898666381836,83.9531478881836,84.76876831054688,83.55939483642578,84.48751831054688,2395810
2016-06-07,53.29005813598633,84.31877136230469,84.90939331054688,83.9531478881836,84.03752136230469,3771426
2016-06-08,54.23216247558594,85.80939483642578,86.00627136230469,83.98126983642578,84.3750228881836,3804592
2016-06-09,54.32103729248047,85.95001983642578,86.87814331054688,85.6968994140625,85.89376831054688,4520638
2016-06-10,54.88982009887695,86.85002136230469,87.27189636230469,85.9781494140625,86.00627136230469,8988984
2016-06-13,53.96553039550781,85.38751983642578,86.4843978881836,85.1343994140625,86.4843978881836,7199310
2016-06-14,53.52113723754883,84.68439483642578,85.72502136230469,84.54376983642578,85.3593978881836,2914984
2016-06-15,54.88982009887695,86.85002136230469,87.0468978881836,85.02189636230469,85.02189636230469,5287666
2016-06-16,54.96092987060547,86.9625244140625,87.91876983642578,85.4156494140625,86.85002136230469,5385026
2016-06-17,55.8318977355957,88.34064483642578,88.84689331054688,86.00627136230469,87.1875228881836,8985642
2016-06-20,55.689720153808594,88.11564636230469,88.5937728881836,87.3281478881836,88.3125228881836,5237563
2016-06-21,55.45864486694336,87.7500228881836,88.48126983642578,87.21564483642578,88.05939483642578,5276594
2016-06-22,55.31643295288086,87.5250244140625,88.14376831054688,86.9625244140625,87.77814483642578,4797461
2016-06-23,55.689720153808594,88.11564636230469,88.7906494140625,85.9781494140625,87.4687728881836,5027803
2016-06-24,55.387535095214844,87.63751983642578,87.83439636230469,84.7125244140625,86.31564331054688,6010853
2016-06-27,54.74763488769531,86.6250228881836,88.3125228881836,86.0625228881836,86.09064483642578,5121198
2016-06-28,55.263118743896484,87.44064331054688,87.7500228881836,86.42814636230469,86.93439483642578,5842035
2016-06-29,56.61402893066406,89.5781478881836,90.1968994140625,87.49689483642578,87.63751983642578,9838712
2016-06-30,57.98271179199219,91.7437744140625,92.1656494140625,89.60626983642578,90.0000228881836,18696297
2016-07-01,58.71150207519531,92.89689636230469,93.60002136230469,91.6875228881836,92.2500228881836,9960809
2016-07-04,58.80037307739258,93.03752136230469,94.10626983642578,92.61564636230469,93.7687759399414,5753019
2016-07-05,57.325035095214844,90.7031478881836,93.26251983642578,90.45001983642578,92.98126983642578,5510329
2016-07-07,58.071598052978516,91.8843994140625,92.33439636230469,90.11251831054688,90.5625228881836,5911690
2016-07-08,58.46265411376953,92.5031509399414,93.03752136230469,90.9000244140625,91.9687728881836,7803900
2016-07-11,59.226993560791016,93.7125244140625,96.27189636230469,93.3469009399414,93.4312744140625,11133401
2016-07-12,59.226993560791016,93.7125244140625,95.0625228881836,93.40314483642578,93.9375228881836,9182267
2016-07-13,57.53834915161133,91.0406494140625,94.7531509399414,90.39376831054688,93.8531494140625,11106820
2016-07-14,58.67594909667969,92.84064483642578,93.1500244140625,91.06877136230469,91.43439483642578,7428442
2016-07-15,58.391536712646484,92.3906478881836,93.60002136230469,91.7437744140625,93.40314483642578,6629943
2016-07-18,58.01826095581055,91.80001831054688,93.26251983642578,91.4625244140625,92.5875244140625,3891623
2016-07-19,59.155887603759766,93.60002136230469,93.9375228881836,91.6875228881836,91.85626983642578,5987973
2016-07-20,59.84911346435547,94.6968994140625,95.6250228881836,93.88127136230469,93.9375228881836,7071425
2016-07-21,57.7694091796875,91.4062728881836,94.6968994140625,91.01251983642578,94.66876983642578,4189305
2016-07-22,59.13810348510742,93.5718994140625,94.52814483642578,91.6031494140625,91.9687728881836,7206087
2016-07-25,60.062408447265625,95.0344009399414,95.4000244140625,93.45939636230469,93.68439483642578,3967394
2016-07-26,60.93341064453125,96.41252136230469,97.3125228881836,94.0500259399414,95.2031478881836,8278821
2016-07-27,61.30668640136719,97.0031509399414,97.7062759399414,96.49690246582031,97.3125228881836,8851677
2016-07-28,62.639827728271484,99.1125259399414,100.6031494140625,96.83439636230469,97.25627136230469,31420184
2016-07-29,62.568702697753906,99.0000228881836,99.8437728881836,98.2687759399414,99.6187744140625,12377513
2016-08-01,62.99531936645508,99.6750259399414,101.19377136230469,98.80314636230469,99.0000228881836,11965659
2016-08-02,63.599674224853516,100.63127136230469,101.3625259399414,99.02815246582031,99.8437728881836,6487056
2016-08-03,62.53315734863281,98.94377136230469,100.7437744140625,97.7062759399414,100.6875228881836,10713465
2016-08-04,63.35082244873047,100.2375259399414,100.8843994140625,99.1968994140625,99.45002746582031,9047354
2016-08-05,62.746456146240234,99.2812728881836,101.9250259399414,99.02815246582031,100.6875228881836,8816394
2016-08-08,63.45748519897461,100.4062728881836,101.2500228881836,98.7187728881836,99.5625228881836,9540514
2016-08-09,62.60426712036133,99.0562744140625,101.05314636230469,98.7187728881836,100.4062728881836,6314021
2016-08-10,61.99989700317383,98.10002136230469,99.2812728881836,97.6500244140625,99.0562744140625,3789657
2016-08-11,61.87548828125,97.90315246582031,99.30940246582031,97.0031509399414,97.9312744140625,5017074
2016-08-12,63.29749298095703,100.15315246582031,100.6875228881836,97.9875259399414,97.9875259399414,4369997
2016-08-16,63.10197448730469,99.8437728881836,102.9937744140625,99.1406478881836,100.57502746582031,22372774
2016-08-17,62.08878707885742,98.24064636230469,100.57502746582031,98.0156478881836,100.0969009399414,11599079
2016-08-18,64.70174407958984,102.3750228881836,103.0500259399414,99.1406478881836,99.5625228881836,20664320
2016-08-19,64.32844543457031,101.7844009399414,102.9375228881836,100.85627746582031,102.9375228881836,16563739
2016-08-22,64.68397521972656,102.3469009399414,102.82502746582031,101.6718978881836,102.0656509399414,11335483
2016-08-23,64.75506591796875,102.45939636230469,103.16252136230469,101.2500228881836,102.0656509399414,7423678
2016-08-24,64.80840301513672,102.54377746582031,102.9375228881836,101.8687744140625,102.54377746582031,5319170
2016-08-25,64.79061889648438,102.5156478881836,104.0625228881836,101.5312728881836,102.6562728881836,12995397
2016-08-26,64.27513122558594,101.70002746582031,103.16252136230469,101.3625259399414,102.74064636230469,7097916
2016-08-29,64.07958984375,101.3906478881836,102.0093994140625,99.9000244140625,101.9250259399414,2956326
2016-08-30,65.16390228271484,103.10627746582031,103.38752746582031,101.0812759399414,101.75627136230469,5212793
2016-08-31,65.30609893798828,103.3312759399414,103.7812728881836,102.2906494140625,102.9937744140625,6435761
2016-09-01,65.5193862915039,103.66877746582031,104.0625228881836,102.5156478881836,103.2187728881836,6116318
2016-09-02,65.3416519165039,103.38752746582031,104.0625228881836,102.54377746582031,103.80940246582031,3858397
2016-09-06,66.3370590209961,104.9625244140625,105.5812759399414,103.38752746582031,103.9218978881836,9001076
2016-09-07,65.67938995361328,103.9218978881836,105.1875228881836,103.44377136230469,104.6812744140625,5024999
2016-09-08,66.81202697753906,104.85002899169922,105.55315399169922,102.17814636230469,103.44377136230469,5980354
2016-09-09,65.88008880615234,103.38752746582031,104.99065399169922,103.16252136230469,104.6250228881836,5051740
2016-09-12,64.60765075683594,101.3906478881836,103.16252136230469,101.1093978881836,102.7125244140625,4144478
2016-09-14,64.21337127685547,100.77189636230469,101.84065246582031,100.4062728881836,101.2219009399414,6680869
2016-09-15,62.654197692871094,98.32502746582031,101.47502136230469,97.90315246582031,101.47502136230469,8920122
2016-09-16,63.10224151611328,99.02815246582031,101.5312728881836,97.39689636230469,99.16877746582031,21690721
2016-09-19,63.586124420166016,99.78752136230469,100.2375259399414,98.0156478881836,98.8312759399414,4266806
2016-09-20,63.837013244628906,100.1812744140625,100.91252136230469,99.5625228881836,99.92814636230469,4769662
2016-09-21,62.83341979980469,98.60627746582031,101.3062744140625,98.18440246582031,100.1812744140625,4957941
2016-09-22,63.99833679199219,100.43440246582031,101.41877746582031,99.1125259399414,99.6187744140625,4676363
2016-09-23,63.066410064697266,98.9719009399414,100.91252136230469,98.8312759399414,100.2656478881836,7599534
2016-09-26,62.97679138183594,98.8312759399414,100.29377746582031,98.3531494140625,98.8312759399414,6333433
2016-09-27,63.156002044677734,99.1125259399414,100.20939636230469,98.9156494140625,99.36564636230469,6069513
2016-09-28,63.96248245239258,100.3781509399414,100.7437744140625,99.1125259399414,99.1125259399414,4515648
2016-09-29,62.15237808227539,97.53752136230469,102.4312744140625,96.5812759399414,100.5468978881836,13380901
2016-09-30,63.28145980834961,99.30940246582031,99.9562759399414,96.49690246582031,97.9312744140625,11831869
2016-10-03,64.94817352294922,101.9250259399414,102.88127136230469,98.7750244140625,99.64689636230469,9403402
2016-10-04,64.87648010253906,101.8125228881836,102.7687759399414,101.5031509399414,102.0937728881836,7967290
2016-10-05,65.01986694335938,102.03752136230469,103.16252136230469,101.47502136230469,101.89689636230469,5347763
2016-10-06,63.76533508300781,100.06877136230469,102.5156478881836,99.8437728881836,101.98127746582031,5654229
2016-10-07,63.424835205078125,99.5344009399414,101.0250244140625,99.16877746582031,100.06877136230469,3980080
2016-10-10,63.819095611572266,100.15315246582031,100.6875228881836,99.6750259399414,99.6750259399414,4458994
2016-10-13,62.725894927978516,98.4375228881836,100.0406494140625,97.7062759399414,99.87190246582031,14897308
2016-10-14,63.69364929199219,99.9562759399414,100.4062728881836,97.05940246582031,98.88752746582031,4958871
2016-10-17,63.10224151611328,99.02815246582031,99.92814636230469,98.32502746582031,99.16877746582031,4534814
2016-10-18,63.227691650390625,99.22502136230469,100.01252746582031,98.4375228881836,99.4218978881836,7289895
2016-10-19,63.99833679199219,100.43440246582031,101.6718978881836,99.0562744140625,99.5344009399414,9020687
2016-10-20,64.03417205810547,100.49064636230469,101.3906478881836,100.0406494140625,100.8843994140625,4037879
2016-10-21,63.424835205078125,99.5344009399414,100.8843994140625,99.0562744140625,100.8843994140625,10350237
2016-10-24,63.12015151977539,99.0562744140625,100.3218994140625,98.52189636230469,99.3375244140625,2945373
2016-10-25,63.926639556884766,100.3218994140625,100.6594009399414,98.7750244140625,99.30940246582031,3002870
2016-10-26,62.905094146728516,98.7187728881836,100.29377746582031,98.32502746582031,100.1250228881836,3927291
2016-10-27,62.905094146728516,98.7187728881836,99.4781494140625,97.7062759399414,98.4937744140625,7017500
2016-10-28,63.0484733581543,98.94377136230469,99.5625228881836,96.77815246582031,98.88752746582031,4282450
2016-11-01,63.40690231323242,99.50627136230469,100.99690246582031,97.95939636230469,98.5781478881836,5277438
2016-11-02,62.76173400878906,98.4937744140625,99.2812728881836,98.1281509399414,98.9719009399414,4859666
2016-11-03,62.707950592041016,98.4094009399414,98.8312759399414,98.04377746582031,98.52189636230469,4078615
2016-11-04,62.20615768432617,97.62190246582031,98.9156494140625,96.3281478881836,98.4375228881836,4179894
2016-11-07,62.367462158203125,97.8750228881836,98.2125244140625,97.62190246582031,98.04377746582031,7660803
2016-11-08,63.4427490234375,99.5625228881836,99.9000244140625,97.81877136230469,98.0156478881836,3265787
2016-11-09,64.58975219726562,101.3625259399414,101.98127746582031,93.9094009399414,95.6250228881836,13247214
2016-11-10,67.54680633544922,106.0031509399414,106.8750228881836,101.89689636230469,104.0625228881836,18046820
2016-11-11,65.62920379638672,102.9937744140625,106.0312728881836,102.0937728881836,104.6250228881836,8770575
2016-11-15,66.29229736328125,104.0344009399414,104.9625244140625,102.68440246582031,102.68440246582031,11489252
2016-11-16,67.56475067138672,106.0312728881836,107.1562728881836,103.1343994140625,104.93440246582031,10203154
2016-11-17,69.14185333251953,108.50627899169922,110.47502899169922,103.6125259399414,105.7219009399414,9392264
2016-11-18,68.80133819580078,107.9719009399414,109.85627746582031,107.66252899169922,108.98440551757812,12168642
2016-11-21,66.3281478881836,104.09065246582031,108.92815399169922,103.66877746582031,108.92815399169922,12187225
2016-11-22,65.86217498779297,103.3593978881836,105.0187759399414,101.6718978881836,104.56877899169922,11976002
2016-11-23,65.10945892333984,102.17814636230469,105.49690246582031,101.0250244140625,103.6125259399414,13625626
2016-11-24,66.3281478881836,104.09065246582031,105.13127899169922,101.41877746582031,102.3469009399414,18404432
2016-11-25,67.61851501464844,106.11565399169922,106.9875259399414,104.0625228881836,104.6812744140625,14716858
2016-11-28,68.28160095214844,107.1562728881836,109.57502746582031,105.1594009399414,105.1875228881836,10318399
2016-11-29,67.90524291992188,106.5656509399414,107.74690246582031,106.0312728881836,107.24065399169922,12406804
2016-11-30,68.78341674804688,107.94377899169922,108.3937759399414,105.5250244140625,107.32502746582031,7446808
2016-12-01,66.05931854248047,103.66877746582031,108.28128051757812,103.2187728881836,108.28128051757812,11056167
2016-12-02,65.88008880615234,103.38752746582031,104.56877899169922,102.6562728881836,104.0625228881836,9676372
2016-12-05,66.34606170654297,104.1187744140625,104.65315246582031,101.7281494140625,103.3312759399414,12282830
2016-12-06,65.5574951171875,102.88127136230469,104.9625244140625,102.6562728881836,104.28752899169922,4550359
2016-12-07,65.3962173461914,102.6281509399414,104.3437728881836,102.3750228881836,103.8937759399414,4265108
2016-12-08,66.54322814941406,104.42815399169922,104.5969009399414,102.12190246582031,103.4719009399414,5413273
2016-12-09,66.11307525634766,103.7531509399414,104.6250228881836,103.3593978881836,104.6250228881836,3451184
2016-12-12,66.2206039428711,103.9218978881836,104.3156509399414,103.16252136230469,103.6406478881836,3689403
2016-12-13,66.39983367919922,104.2031478881836,104.93440246582031,102.6281509399414,104.3437728881836,4417447
2016-12-14,65.21701049804688,102.3469009399414,104.28752899169922,102.0656509399414,104.0625228881836,7312670
2016-12-15,65.71880340576172,103.1343994140625,104.4843978881836,101.5312728881836,101.8125228881836,5253972
2016-12-16,65.88008880615234,103.38752746582031,104.7656478881836,102.2062759399414,103.24690246582031,26025533
2016-12-19,65.98764038085938,103.5562744140625,104.0625228881836,102.8531494140625,103.58439636230469,3627943
2016-12-20,65.21701049804688,102.3469009399414,103.7531509399414,102.2343978881836,103.5000228881836,5757036
2016-12-21,65.6829605102539,103.0781478881836,103.3312759399414,102.2343978881836,102.40315246582031,5279390
2016-12-22,65.14530944824219,102.2343978881836,103.1906509399414,101.8687744140625,102.9375228881836,2653684
2016-12-23,65.34245300292969,102.54377746582031,102.7687759399414,100.6875228881836,102.1500244140625,4805945
2016-12-26,64.08793640136719,100.57502746582031,102.5718994140625,100.2656478881836,102.5718994140625,5932940
2016-12-27,64.89441680908203,101.84065246582031,102.2062759399414,99.30940246582031,100.5187759399414,4555998
2016-12-28,64.51806640625,101.2500228881836,102.9375228881836,100.7437744140625,101.84065246582031,3739977
2016-12-29,64.53596496582031,101.27815246582031,102.0656509399414,100.6875228881836,100.8000259399414,14737238
2016-12-30,65.77256774902344,103.2187728881836,104.1187744140625,101.3906478881836,101.47502136230469,4872601
2017-01-02,65.82635498046875,103.30314636230469,104.1750259399414,102.7125244140625,103.2187728881836,1811713
2017-01-03,67.40343475341797,105.77815246582031,106.0312728881836,103.7812728881836,104.00627899169922,7819727
2017-01-04,66.9374771118164,105.0468978881836,106.2281494140625,104.65315246582031,105.77815246582031,7829503
2017-01-05,68.40706634521484,107.3531494140625,107.5781478881836,104.6812744140625,105.21565246582031,6362320
2017-01-06,67.67227172851562,106.20002746582031,108.4781494140625,105.8906478881836,107.52190399169922,6298387
2017-01-09,66.86580657958984,104.93440246582031,106.4250259399414,104.1187744140625,106.4250259399414,2956484
2017-01-10,66.86580657958984,104.93440246582031,105.91877746582031,104.09065246582031,104.9625244140625,4626997
2017-01-11,68.03070831298828,106.76252746582031,107.66252899169922,104.56877899169922,105.35627746582031,21835704
2017-01-12,70.9698715209961,111.37503051757812,112.35940551757812,106.8750228881836,106.8750228881836,26857806
2017-01-13,70.66519927978516,110.89690399169922,112.44377899169922,110.27815246582031,112.44377899169922,23933005
2017-01-16,71.47167205810547,112.16252899169922,113.09065246582031,110.67190551757812,110.81253051757812,8473484
2017-01-17,70.88024139404297,111.23440551757812,112.86565399169922,109.7437744140625,112.16252899169922,10193606
2017-01-18,71.13114166259766,111.6281509399414,112.30315399169922,110.84065246582031,111.37503051757812,21229809
2017-01-19,72.33191680908203,113.51252746582031,114.5812759399414,110.95315551757812,111.88127899169922,8756982
2017-01-20,71.47167205810547,112.16252899169922,113.9625244140625,111.0656509399414,113.9625244140625,12987134
2017-01-23,71.75840759277344,112.6125259399414,113.7375259399414,111.96565246582031,112.4156494140625,7334154
2017-01-24,72.88746643066406,114.3843994140625,115.1437759399414,112.8375244140625,113.06253051757812,7122776
2017-01-25,72.7978744506836,114.2437744140625,114.77815246582031,113.56877899169922,114.55315399169922,10336365
2017-01-27,73.31759643554688,115.05940246582031,116.4094009399414,113.93440246582031,114.46878051757812,11095330
2017-01-30,73.72980499267578,115.7062759399414,116.1281509399414,113.90628051757812,114.91877746582031,5832917
2017-01-31,74.2674560546875,116.5500259399414,117.70315551757812,115.0031509399414,115.59378051757812,7593736
2017-02-01,73.76563262939453,115.76252746582031,117.33753204345703,115.17190551757812,117.33753204345703,7325455
2017-02-02,73.10253143310547,114.7219009399414,115.87503051757812,114.32815551757812,115.81877899169922,7773806
2017-02-03,72.29606628417969,113.4562759399414,115.76252746582031,113.1187744140625,114.3000259399414,4479429
2017-02-06,72.08099365234375,113.1187744140625,114.8625259399414,112.35940551757812,113.76565551757812,6337200
2017-02-07,71.65088653564453,112.44377899169922,114.5250244140625,112.0500259399414,113.42815399169922,6562928
2017-02-08,72.08099365234375,113.1187744140625,114.0187759399414,111.54377746582031,113.06253051757812,9024346
2017-02-09,72.45735931396484,113.70940399169922,115.6500244140625,112.95002746582031,113.85002899169922,12790725
2017-02-10,71.65088653564453,112.44377899169922,115.76252746582031,112.07815551757812,115.4250259399414,16817238
2017-02-13,72.77995300292969,114.21565246582031,114.7219009399414,112.21878051757812,113.4562759399414,9508762
2017-02-14,71.99140930175781,112.9781494140625,114.7219009399414,112.5562744140625,114.69377899169922,9403263
2017-02-15,72.2064437866211,113.3156509399414,113.9625244140625,112.35940551757812,113.28752899169922,7302351
2017-02-16,72.4586181640625,113.14690399169922,113.8781509399414,111.9937744140625,112.50003051757812,6272531
2017-02-17,72.96292114257812,113.93440246582031,114.32815551757812,112.24690246582031,113.62503051757812,4966775
2017-02-20,74.36778259277344,116.1281509399414,116.66252899169922,113.51252746582031,114.69377899169922,9917513
2017-02-21,74.25971984863281,115.95940399169922,116.88752746582031,115.05940246582031,116.1281509399414,7428835
2017-02-22,72.62071228027344,113.4000244140625,117.50627899169922,113.00627899169922,117.36565399169922,26345564
2017-02-23,71.73816680908203,112.02190399169922,113.62503051757812,111.68440246582031,113.62503051757812,13404307
2017-02-27,69.43274688720703,108.42190551757812,112.50003051757812,107.94377899169922,112.50003051757812,14798634
2017-02-28,69.21661376953125,108.08440399169922,109.6031494140625,107.74690246582031,107.94377899169922,10051421
2017-03-01,69.39674377441406,108.36565399169922,109.5187759399414,107.9156494140625,108.84378051757812,10348326
2017-03-02,68.35208129882812,106.7343978881836,109.12503051757812,106.3125228881836,109.12503051757812,10629352
2017-03-03,68.74833679199219,107.3531494140625,107.5781478881836,105.7500228881836,106.3125228881836,8454072
2017-03-06,69.8289794921875,109.0406494140625,110.3625259399414,107.4937744140625,107.9156494140625,14858083
2017-03-07,70.0811538696289,109.43440246582031,110.2219009399414,108.87190246582031,109.43440246582031,11746802
2017-03-08,70.4593734741211,110.0250244140625,111.1500244140625,109.20940399169922,109.85627746582031,7938282
2017-03-09,70.04513549804688,109.3781509399414,110.13752746582031,108.28128051757812,110.13752746582031,9777769
2017-03-10,69.3606948852539,108.30940246582031,110.0812759399414,106.90315246582031,109.68753051757812,16388459
2017-03-14,69.7569580078125,108.92815399169922,111.7687759399414,108.3375244140625,111.6281509399414,11886293
2017-03-15,69.50479125976562,108.5344009399414,109.15315246582031,108.28128051757812,109.12503051757812,7772586
2017-03-16,70.27925109863281,109.7437744140625,109.9406509399414,108.42190551757812,109.20940399169922,5161993
2017-03-17,69.88304138183594,109.12503051757812,110.81253051757812,108.6187744140625,110.70002746582031,9522200
2017-03-20,69.73895263671875,108.9000244140625,109.3781509399414,108.42190551757812,109.12503051757812,9378518
2017-03-21,69.61286163330078,108.70315551757812,109.43440246582031,108.50627899169922,109.12503051757812,8126819
2017-03-22,69.19861602783203,108.0562744140625,110.0250244140625,107.6906509399414,107.74690246582031,8203222
2017-03-23,69.54081726074219,108.59065246582031,108.84378051757812,107.7750244140625,108.56253051757812,5875356
2017-03-24,69.79297637939453,108.98440551757812,109.77190399169922,108.70315551757812,109.0406494140625,6164329
2017-03-27,70.18921661376953,109.6031494140625,110.3062744140625,108.92815399169922,109.12503051757812,7104197
2017-03-28,70.85562133789062,110.6437759399414,110.81253051757812,109.49065399169922,109.49065399169922,6020578
2017-03-29,70.90965270996094,110.7281494140625,111.0656509399414,110.10940551757812,110.98127746582031,6451066
2017-03-30,70.40534973144531,109.9406509399414,111.23440551757812,109.26565551757812,110.98127746582031,13016042
2017-03-31,71.07176208496094,110.98127746582031,112.44377899169922,110.05315399169922,110.05315399169922,8522874
2017-04-03,70.6755142211914,110.3625259399414,112.16252899169922,110.25003051757812,112.16252899169922,9945512
2017-04-05,70.24327087402344,109.68753051757812,111.31877899169922,109.2375259399414,110.7281494140625,7061975
2017-04-06,71.03573608398438,110.9250259399414,111.3469009399414,108.6187744140625,110.47502899169922,7466431
2017-04-07,70.24327087402344,109.68753051757812,110.39065551757812,109.40628051757812,110.27815246582031,9205565
2017-04-10,70.351318359375,109.85627746582031,110.05315399169922,109.3218994140625,109.71565246582031,5763232
2017-04-11,71.73816680908203,112.02190399169922,113.4000244140625,109.40628051757812,109.8843994140625,10668096
2017-04-12,71.1798095703125,111.1500244140625,113.34378051757812,110.25003051757812,112.50003051757812,6620702
2017-04-13,72.04435729980469,112.50003051757812,113.09065246582031,110.70002746582031,111.26252746582031,5910355
2017-04-17,72.87285614013672,113.79377746582031,114.27190399169922,111.93753051757812,112.4719009399414,11138596
2017-04-18,72.89087677001953,113.8218994140625,114.91877746582031,113.42815399169922,113.90628051757812,7675098
2017-04-19,76.0788345336914,118.8000259399414,120.09378051757812,113.5969009399414,114.1031494140625,29099215
2017-04-20,75.25032806396484,117.50627899169922,119.47502899169922,115.5656509399414,119.25003051757812,11822555
2017-04-21,74.06158447265625,115.6500244140625,118.3781509399414,114.63752746582031,117.78752899169922,7938078
2017-04-24,73.79144287109375,115.2281494140625,116.4094009399414,114.8062744140625,116.15628051757812,7520828
2017-04-25,75.14227294921875,117.33753204345703,118.06877899169922,115.20002746582031,115.87503051757812,6293621
2017-04-26,74.09762573242188,115.7062759399414,117.28128051757812,114.89065551757812,117.28128051757812,5977354
2017-04-27,74.83606719970703,116.85940551757812,118.20940399169922,115.39690399169922,115.87503051757812,13646716
2017-04-28,74.92613220214844,117.00003051757812,117.3937759399414,115.8469009399414,116.43753051757812,5477289
2017-05-02,74.2056884765625,115.87503051757812,117.47815704345703,115.03128051757812,117.47815704345703,5123042
2017-05-03,76.02478790283203,118.71565246582031,120.26252746582031,116.04377746582031,116.38127899169922,10859280
2017-05-04,75.8807144165039,118.49065399169922,119.67190551757812,117.56253051757812,118.68753051757812,12952295
2017-05-05,75.2863540649414,117.56253051757812,119.25003051757812,116.74690246582031,119.25003051757812,4993008
2017-05-08,75.64657592773438,118.12503051757812,118.40628051757812,116.2687759399414,117.61878204345703,6855459
2017-05-09,75.05220794677734,117.19690704345703,118.96878051757812,116.85940551757812,118.15315246582031,4729357
2017-05-10,75.82669067382812,118.40628051757812,118.6594009399414,117.56253051757812,117.9562759399414,4623710
2017-05-11,74.9981689453125,117.1125259399414,118.96878051757812,115.9875259399414,118.68753051757812,4946190
2017-05-12,74.29573059082031,116.01565551757812,117.90003204345703,115.6500244140625,117.00003051757812,5386419
2017-05-15,74.45784759521484,116.2687759399414,117.56253051757812,116.07190704345703,117.50627899169922,5353854
2017-05-16,74.71001434326172,116.66252899169922,116.9719009399414,116.01565551757812,116.29690551757812,4077710
2017-05-17,75.21428680419922,117.45002746582031,117.9562759399414,115.95940399169922,116.77503204345703,3694898
2017-05-18,75.01619720458984,117.14065551757812,117.78752899169922,116.49378204345703,117.00003051757812,5797418
2017-05-19,74.11565399169922,115.73440551757812,119.10940551757812,114.8062744140625,117.9562759399414,17793954
2017-05-22,72.94490814208984,113.90628051757812,116.8312759399414,112.0500259399414,116.43753051757812,7423973
2017-05-23,72.54865264892578,113.28752899169922,114.46878051757812,111.0093994140625,114.1594009399414,6465473
2017-05-24,72.00833892822266,112.44377899169922,114.69377899169922,111.65628051757812,113.85002899169922,6650433
2017-05-25,71.66612243652344,111.9094009399414,113.0344009399414,110.05315399169922,112.8937759399414,9992276
2017-05-26,72.83682250976562,113.7375259399414,114.69377899169922,111.54377746582031,112.50003051757812,6466364
2017-05-29,75.32238006591797,117.61878204345703,118.54690551757812,114.2437744140625,114.27190399169922,14504778
2017-05-30,73.5212631225586,114.8062744140625,117.50627899169922,113.65315246582031,117.50627899169922,10884114
2017-05-31,74.90811157226562,116.9719009399414,117.73127746582031,115.2844009399414,115.2844009399414,7781359
2017-06-01,74.8000717163086,116.80315399169922,117.9562759399414,116.07190704345703,116.74690246582031,6369921
2017-06-02,74.24169921875,115.9312744140625,117.19690704345703,115.48127746582031,117.05628204345703,6713770
2017-06-05,73.95352935791016,115.48127746582031,116.63440704345703,114.8625259399414,116.29690551757812,5093948
2017-06-06,73.28712463378906,114.4406509399414,115.67815399169922,113.79377746582031,115.62190246582031,5324457
2017-06-07,73.86347961425781,115.34065246582031,115.7062759399414,113.7375259399414,114.69377899169922,7605903
2017-06-08,74.69197845458984,116.63440704345703,116.8312759399414,114.5250244140625,115.31253051757812,7487370
2017-06-09,74.63795471191406,116.5500259399414,117.28128051757812,116.15628051757812,116.66252899169922,6432439
2017-06-12,74.27772521972656,115.9875259399414,116.94377899169922,115.31253051757812,116.10002899169922,3684911
2017-06-13,75.73663330078125,118.26565551757812,119.89690399169922,115.87503051757812,116.1281509399414,15775215
2017-06-14,75.82669067382812,118.40628051757812,119.81253051757812,117.84378051757812,118.68753051757812,13639132
2017-06-15,75.77266693115234,118.32190704345703,119.39065551757812,117.75940704345703,118.12503051757812,5595511
2017-06-16,75.6285629272461,118.0969009399414,118.96878051757812,116.77503204345703,118.12503051757812,6127735
2017-06-19,76.5111083984375,119.47502899169922,119.7844009399414,118.0969009399414,118.12503051757812,6393073
2017-06-20,75.03418731689453,117.16877746582031,120.93753051757812,115.6500244140625,119.39065551757812,12876594
2017-06-21,74.09762573242188,115.7062759399414,117.00003051757812,115.17190551757812,117.00003051757812,13855413
2017-06-22,72.87285614013672,113.79377746582031,117.3937759399414,112.50003051757812,115.7906494140625,33713902
2017-06-23,74.2056884765625,115.87503051757812,116.43753051757812,113.85002899169922,114.18753051757812,9034020
2017-06-27,74.11565399169922,115.73440551757812,116.2687759399414,113.34378051757812,115.87503051757812,6947747
2017-06-28,74.78205108642578,116.77503204345703,117.5344009399414,114.41252899169922,115.87503051757812,7103873
2017-06-29,74.92613220214844,117.00003051757812,118.40628051757812,116.38127899169922,117.00003051757812,7577681
2017-06-30,75.8447036743164,118.43440246582031,118.71565246582031,116.88752746582031,116.94377899169922,7751039
2017-07-03,76.16889190673828,118.9406509399414,119.61565399169922,117.84378051757812,118.12503051757812,8768284
2017-07-04,75.89872741699219,118.5187759399414,119.81253051757812,117.98440551757812,119.81253051757812,4530105
2017-07-05,75.6645736694336,118.15315246582031,118.9406509399414,117.84378051757812,118.9406509399414,6062229
2017-07-06,75.59254455566406,118.04065704345703,118.68753051757812,117.56253051757812,118.68753051757812,5577232
2017-07-07,75.44844055175781,117.8156509399414,118.35002899169922,117.1125259399414,117.9562759399414,7641379
2017-07-10,76.13286590576172,118.88440704345703,119.25003051757812,118.12503051757812,118.12503051757812,2844699
2017-07-11,76.34900665283203,119.2219009399414,120.00940704345703,118.63127899169922,119.53128051757812,13833624
2017-07-12,77.08746337890625,120.37503051757812,120.93753051757812,119.2219009399414,119.2219009399414,9211263
2017-07-13,77.48370361328125,120.99378204345703,122.06253051757812,120.62815856933594,122.03440856933594,9596900
2017-07-14,77.51974487304688,121.05003356933594,121.64065551757812,120.65628051757812,121.64065551757812,4889330
2017-07-17,78.06006622314453,121.89378356933594,122.31565856933594,121.07815551757812,121.07815551757812,6302565
2017-07-18,77.59175872802734,121.16252899169922,123.75003051757812,120.79690551757812,122.03440856933594,7549621
2017-07-19,78.76248931884766,122.99065399169922,123.46878051757812,121.52815246582031,122.28752899169922,8521832
2017-07-20,78.78050994873047,123.01878356933594,123.75003051757812,122.42815399169922,123.18753051757812,10233967
2017-07-21,77.55573272705078,121.10627746582031,123.44065856933594,120.09378051757812,123.44065856933594,4948380
2017-07-24,78.07807159423828,121.92190551757812,122.20315551757812,119.95315551757812,119.95315551757812,6137724
2017-07-25,78.16814422607422,122.06253051757812,122.96253204345703,121.66877746582031,122.34378051757812,6113154
2017-07-26,78.27617645263672,122.23127746582031,122.59690856933594,121.24690246582031,122.54065704345703,5258903
2017-07-27,78.04203796386719,121.86565399169922,123.24378204345703,121.35940551757812,122.45628356933594,21380991
2017-07-28,77.32161712646484,120.74065399169922,121.95002746582031,119.27815246582031,121.55628204345703,8260545
2017-07-31,80.43750762939453,125.60627746582031,126.11253356933594,120.74065399169922,120.74065399169922,17403810
2017-08-01,80.83377075195312,126.22502899169922,126.90003204345703,124.11565399169922,125.88752746582031,15263765
2017-08-02,79.89720153808594,124.76252746582031,127.12503051757812,124.14378356933594,126.36565399169922,12014487
2017-08-03,80.31145477294922,125.40940856933594,126.30940246582031,123.32815551757812,124.31253051757812,5285543
2017-08-04,80.90582275390625,126.33753204345703,126.64690399169922,124.65003204345703,126.22502899169922,7975937
2017-08-07,81.39210510253906,127.09690856933594,127.26565551757812,125.43753051757812,126.56253051757812,4619568
2017-08-08,80.29341888427734,125.38127899169922,127.46253204345703,124.56565856933594,127.40628051757812,3229672
2017-08-09,79.93321990966797,124.81877899169922,126.67503356933594,124.20002746582031,125.21253204345703,4573769
2017-08-10,78.31222534179688,122.28752899169922,124.76252746582031,121.13440704345703,124.76252746582031,6813656
2017-08-11,78.85255432128906,123.13127899169922,124.03128051757812,119.25003051757812,119.53128051757812,8860877
2017-08-14,80.2394027709961,125.29690551757812,125.97190856933594,123.18753051757812,123.32815551757812,4990789
2017-08-16,79.50096893310547,124.14378356933594,126.36565399169922,123.55315399169922,125.83128356933594,5221989
2017-08-17,79.05067443847656,123.44065856933594,124.65003204345703,123.04690551757812,124.03128051757812,2837686
2017-08-18,80.31145477294922,125.40940856933594,125.88752746582031,123.01878356933594,123.18753051757812,7721084
2017-08-21,79.35686492919922,123.91877746582031,126.53440856933594,123.49690246582031,126.00003051757812,5203218
2017-08-22,79.06867218017578,123.46878051757812,125.07190704345703,122.65315246582031,124.84690856933594,6646897
2017-08-23,79.15874481201172,123.60940551757812,124.20002746582031,122.42815399169922,123.52503204345703,5312780
2017-08-24,79.59098815917969,124.28440856933594,124.98753356933594,123.21565246582031,123.46878051757812,5492256
2017-08-28,78.20416259765625,122.11878204345703,124.25627899169922,121.86565399169922,124.25627899169922,9753985
2017-08-29,77.55573272705078,121.10627746582031,122.93440246582031,120.26252746582031,122.23127746582031,12235532
2017-08-30,77.66380310058594,121.27503204345703,122.31565856933594,120.51565551757812,121.97815704345703,9313551
2017-08-31,78.97863006591797,123.32815551757812,123.75003051757812,120.96565246582031,121.64065551757812,8143692
2017-09-01,77.98802947998047,121.78128051757812,123.01878356933594,121.38752746582031,123.01878356933594,8803556
2017-09-04,78.38426208496094,122.40003204345703,123.32815551757812,119.70002746582031,121.83753204345703,6239751
2017-09-05,77.87995147705078,121.61253356933594,122.40003204345703,121.44377899169922,122.34378051757812,3937595
2017-09-06,77.19554138183594,120.54377746582031,121.52815246582031,119.81253051757812,120.93753051757812,4800221
2017-09-07,77.7718734741211,121.44377899169922,121.58440399169922,120.12190246582031,121.21878051757812,5008597
2017-09-08,76.76325225830078,119.86878204345703,121.86565399169922,119.47502899169922,121.61253356933594,8588797
2017-09-11,78.90420532226562,121.27503204345703,121.50003051757812,118.49065399169922,118.68753051757812,6205180
2017-09-12,78.79441833496094,121.10627746582031,121.66877746582031,120.54377746582031,121.27503204345703,4307268
2017-09-13,78.22716522216797,120.23440551757812,121.55628204345703,119.81253051757812,121.10627746582031,3679773
2017-09-14,78.30034637451172,120.34690856933594,121.50003051757812,119.61565399169922,119.98127746582031,6793237
2017-09-15,77.76969146728516,119.53128051757812,120.06565856933594,117.05628204345703,119.6437759399414,9054445
2017-09-18,78.81271362304688,121.13440704345703,122.25940704345703,119.53128051757812,119.53128051757812,10470233
2017-09-19,78.9957275390625,121.41565704345703,121.72502899169922,119.70002746582031,121.72502899169922,5530915
2017-09-20,77.91607666015625,119.75627899169922,121.61253356933594,119.53128051757812,121.44377899169922,5687495
2017-09-21,77.42201232910156,118.99690246582031,119.75627899169922,118.32190704345703,119.75627899169922,5113744
2017-09-22,76.6900634765625,117.87190246582031,118.88440704345703,117.05628204345703,118.15315246582031,5195124
2017-09-25,76.90967559814453,118.20940399169922,120.29065704345703,116.80315399169922,117.56253051757812,13057600
2017-09-26,77.12923431396484,118.54690551757812,120.09378051757812,118.20940399169922,120.09378051757812,6570371
2017-09-27,76.17770385742188,117.08440399169922,119.84065246582031,116.32502746582031,119.25003051757812,7885119
2017-09-28,76.48878479003906,117.56253051757812,118.63127899169922,115.31253051757812,115.87503051757812,11633088
2017-09-29,77.2207260131836,118.68753051757812,119.61565399169922,115.9312744140625,118.68753051757812,13782560
2017-10-03,75.44575500488281,115.95940399169922,119.39065551757812,115.59378051757812,119.33440399169922,12296210
2017-10-04,76.50706481933594,117.59065246582031,118.49065399169922,115.34065246582031,115.34065246582031,12075908
2017-10-05,75.00657653808594,115.2844009399414,117.78752899169922,114.83440399169922,117.56253051757812,17352392
2017-10-06,74.93339538574219,115.17190551757812,115.7906494140625,114.49690246582031,115.31253051757812,13466622
2017-10-09,73.54267883300781,113.0344009399414,115.2281494140625,112.30315399169922,115.2281494140625,21446056
2017-10-10,74.93339538574219,115.17190551757812,115.87503051757812,113.06253051757812,113.09065246582031,14560236
2017-10-11,74.23802185058594,114.1031494140625,115.9312744140625,113.28752899169922,115.53752899169922,11830976
2017-10-12,74.03672790527344,113.79377746582031,114.8625259399414,113.34378051757812,114.21565246582031,5518551
2017-10-13,75.26274871826172,115.67815399169922,116.49378204345703,112.6125259399414,113.85002899169922,11394674
2017-10-16,75.29937744140625,115.73440551757812,117.33753204345703,115.39690399169922,116.2687759399414,11521216
2017-10-17,74.98828125,115.25627899169922,116.38127899169922,114.7219009399414,115.45315551757812,4936452
2017-10-18,78.15396118164062,120.12190246582031,120.51565551757812,115.87503051757812,115.9875259399414,18484486
2017-10-19,77.09263610839844,118.49065399169922,119.81253051757812,117.87190246582031,119.72815704345703,559370
2017-10-23,78.15396118164062,120.12190246582031,120.48753356933594,118.68753051757812,119.7844009399414,14162373
2017-10-24,78.70293426513672,120.96565246582031,121.44377899169922,118.91252899169922,119.98127746582031,7050716
2017-10-25,79.08719635009766,121.55628204345703,123.18753051757812,120.26252746582031,121.50003051757812,16306452
2017-10-26,77.58670043945312,119.25003051757812,121.35940551757812,118.54690551757812,120.60002899169922,23524154
2017-10-27,77.49520874023438,119.10940551757812,120.12190246582031,118.35002899169922,119.44690704345703,9985329
2017-10-30,77.73308563232422,119.47502899169922,120.65628051757812,119.16565704345703,119.2219009399414,4118717
2017-10-31,77.53181457519531,119.16565704345703,123.13127899169922,118.5187759399414,119.6437759399414,16442260
2017-11-01,76.98286437988281,118.32190704345703,120.03752899169922,117.36565399169922,119.72815704345703,12417385
2017-11-02,78.7578353881836,121.05003356933594,121.66877746582031,119.13752746582031,119.25003051757812,16259892
2017-11-03,76.873046875,118.15315246582031,124.03128051757812,117.90003204345703,124.03128051757812,26293141
2017-11-06,77.11095428466797,118.5187759399414,119.98127746582031,117.84378051757812,118.54690551757812,7985183
2017-11-07,75.99471282958984,116.80315399169922,119.3625259399414,116.15628051757812,119.02503204345703,9702210
2017-11-08,76.17770385742188,117.08440399169922,118.0969009399414,116.52190399169922,117.00003051757812,12777065
2017-11-09,76.12279510498047,117.00003051757812,118.01252746582031,115.31253051757812,118.01252746582031,9492091
2017-11-10,77.34882354736328,118.88440704345703,119.25003051757812,116.15628051757812,116.43753051757812,8999608
2017-11-13,77.2207260131836,118.68753051757812,120.00940704345703,117.73127746582031,119.19377899169922,7885278
2017-11-14,75.738525390625,116.4094009399414,118.71565246582031,115.9312744140625,118.68753051757812,4927717
2017-11-15,75.75685119628906,116.43753051757812,116.74690246582031,114.97502899169922,116.2687759399414,8653007
2017-11-16,76.23257446289062,117.16877746582031,117.47815704345703,115.39690399169922,116.49378204345703,18027175
2017-11-17,76.34239196777344,117.33753204345703,118.0969009399414,116.85940551757812,117.73127746582031,9193722
2017-11-20,76.41557312011719,117.45002746582031,118.29377746582031,115.67815399169922,118.29377746582031,8277194
2017-11-21,75.61042785644531,116.21253204345703,117.5344009399414,115.76252746582031,117.5344009399414,15596732
2017-11-22,75.7751235961914,116.46565246582031,117.08440399169922,115.3687744140625,117.08440399169922,8665005
2017-11-23,76.50706481933594,117.59065246582031,118.01252746582031,116.18440246582031,116.94377899169922,6824919
2017-11-24,77.29393005371094,118.8000259399414,119.16565704345703,117.00003051757812,117.28128051757812,7734712
2017-11-27,76.90967559814453,118.20940399169922,119.16565704345703,117.00003051757812,119.13752746582031,14811199
2017-11-28,76.25089263916016,117.19690704345703,118.12503051757812,115.9875259399414,118.12503051757812,21546865
2017-11-29,76.39727783203125,117.42190551757812,117.98440551757812,116.74690246582031,117.33753204345703,7324543
2017-11-30,75.40914916992188,115.90315246582031,117.28128051757812,115.39690399169922,117.28128051757812,19256592
2017-12-01,74.2746353149414,114.1594009399414,116.63440704345703,113.7375259399414,116.43753051757812,8172074
2017-12-04,74.20142364501953,114.04690551757812,114.7219009399414,113.00627899169922,114.46878051757812,7124561
2017-12-05,73.30479431152344,112.66877746582031,113.8781509399414,110.7281494140625,113.62503051757812,17485101
2017-12-06,73.28649139404297,112.64065551757812,112.9781494140625,111.74065399169922,112.3312759399414,5557173
2017-12-07,74.03672790527344,113.79377746582031,114.18753051757812,112.1906509399414,112.64065551757812,11119755
2017-12-08,74.32952880859375,114.2437744140625,114.63752746582031,112.44377899169922,114.18753051757812,14615599
2017-12-11,74.76870727539062,114.91877746582031,115.53752899169922,113.9625244140625,114.63752746582031,8231500
2017-12-12,74.2563247680664,114.13127899169922,115.03128051757812,113.56877899169922,115.03128051757812,8310332
2017-12-13,73.37799072265625,112.78128051757812,113.8781509399414,112.4156494140625,113.06253051757812,12105970
2017-12-14,73.23159790039062,112.5562744140625,113.4000244140625,111.65628051757812,113.23127746582031,12838407
2017-12-15,72.77412414550781,111.8531494140625,113.70940399169922,111.09378051757812,113.28752899169922,22654959
2017-12-18,73.1584243774414,112.44377899169922,112.5562744140625,108.78752899169922,111.9094009399414,16832008
2017-12-19,74.14654541015625,113.9625244140625,114.18753051757812,112.0500259399414,112.8937759399414,20133065
2017-12-20,74.2746353149414,114.1594009399414,114.3843994140625,112.4719009399414,114.2437744140625,14097971
2017-12-21,74.32952880859375,114.2437744140625,115.20002746582031,113.6812744140625,115.20002746582031,7881749
2017-12-22,74.31124114990234,114.21565246582031,114.5250244140625,113.5406494140625,114.18753051757812,7399925
2017-12-26,74.0916519165039,113.8781509399414,114.75003051757812,113.1750259399414,114.13127899169922,7946762
2017-12-27,73.63416290283203,113.1750259399414,115.03128051757812,112.95002746582031,113.90628051757812,7831439
2017-12-28,72.88392639160156,112.02190399169922,113.65315246582031,111.65628051757812,113.3156509399414,15796200
2017-12-29,73.3230972290039,112.6968994140625,113.4562759399414,112.1906509399414,112.24690246582031,8561565
2018-01-01,73.26820373535156,112.6125259399414,113.48440551757812,111.96565246582031,111.96565246582031,6388017
2018-01-02,73.46949005126953,112.92190551757812,113.51252746582031,112.10627746582031,113.20315551757812,4383705
2018-01-03,73.7988510131836,113.42815399169922,113.8781509399414,112.8375244140625,113.34378051757812,8187397
2018-01-04,73.3230972290039,112.6968994140625,114.1031494140625,112.50003051757812,113.62503051757812,4204055
2018-01-05,73.6524658203125,113.20315551757812,113.65315246582031,112.8375244140625,113.23127746582031,4923559
2018-01-08,73.39627838134766,112.80940246582031,114.32815551757812,112.52815246582031,113.62503051757812,11797863
2018-01-09,73.56099700927734,113.06253051757812,113.28752899169922,112.66877746582031,113.1187744140625,7380366
2018-01-10,73.14010620117188,112.4156494140625,113.56877899169922,111.65628051757812,113.56877899169922,8710385
2018-01-11,72.40814208984375,111.2906494140625,112.66877746582031,110.98127746582031,111.9937744140625,12305664
2018-01-12,71.85918426513672,110.4468994140625,111.54377746582031,110.0812759399414,111.4312744140625,9411915
2018-01-15,72.93882751464844,112.10627746582031,112.64065551757812,109.77190399169922,111.26252746582031,9962401
2018-01-16,71.80430603027344,110.3625259399414,112.10627746582031,109.3218994140625,111.9937744140625,13205546
2018-01-17,72.24346160888672,111.03752899169922,111.7687759399414,109.12503051757812,110.25003051757812,13012437
2018-01-18,72.09707641601562,110.81253051757812,112.38752746582031,110.10940551757812,111.7125244140625,24603506
2018-01-19,71.7677001953125,110.3062744140625,111.37503051757812,109.29377746582031,110.81253051757812,8082214
2018-01-22,71.47492218017578,109.85627746582031,110.7844009399414,109.68753051757812,110.33440399169922,9833311
2018-01-23,71.67621612548828,110.1656494140625,110.4468994140625,109.15315246582031,109.85627746582031,16134097
2018-01-24,71.7127914428711,110.2219009399414,110.7844009399414,109.77190399169922,109.85627746582031,11061376
2018-01-25,71.10894775390625,109.29377746582031,110.7281494140625,108.64690399169922,110.6437759399414,13143678
2018-01-29,71.05404663085938,109.20940399169922,110.25003051757812,109.12503051757812,109.40628051757812,11002896
2018-01-30,71.34683990478516,109.6594009399414,110.33440399169922,107.2687759399414,109.01252746582031,22826262
2018-01-31,70.92596435546875,109.01252746582031,109.85627746582031,108.00003051757812,109.6594009399414,14372442
2018-02-01,71.31024169921875,109.6031494140625,109.77190399169922,106.3125228881836,109.40628051757812,17028230
2018-02-02,70.5965805053711,108.50627899169922,109.40628051757812,107.4375228881836,109.40628051757812,22083930
2018-02-05,71.9140853881836,110.53128051757812,110.7844009399414,106.8750228881836,106.8750228881836,21997294
2018-02-06,71.34683990478516,109.6594009399414,110.0250244140625,106.8750228881836,106.8750228881836,13495253
2018-02-07,71.5481185913086,109.96878051757812,110.7281494140625,108.78752899169922,110.13752746582031,14316750
2018-02-08,71.60370635986328,108.6750259399414,109.49065399169922,108.1968994140625,109.12503051757812,33536651
2018-02-09,71.60370635986328,108.6750259399414,109.29377746582031,107.4375228881836,108.00003051757812,15183068
2018-02-12,73.5679931640625,111.65628051757812,111.96565246582031,108.73127746582031,109.2375259399414,11747845
2018-02-14,72.43760681152344,109.9406509399414,111.6281509399414,108.9562759399414,111.6281509399414,13853923
2018-02-15,73.34562683105469,111.31877899169922,111.54377746582031,109.5187759399414,110.25003051757812,8833619
2018-02-16,72.47466278076172,109.99690246582031,111.51565551757812,109.54690551757812,111.4312744140625,6252218
2018-02-19,71.9557876586914,109.20940399169922,110.7844009399414,108.9000244140625,110.0250244140625,4332550
2018-02-20,72.27084350585938,109.68753051757812,110.4468994140625,108.98440551757812,109.63127899169922,8479558
2018-02-21,71.88166046142578,109.0969009399414,110.19377899169922,108.73127746582031,110.0250244140625,9258406
2018-02-22,70.5103759765625,107.0156478881836,109.40628051757812,106.4531478881836,108.73127746582031,25535938
2018-02-23,71.62225341796875,108.70315551757812,109.0406494140625,107.0718994140625,107.2125244140625,11567495
2018-02-26,72.69702911376953,110.33440399169922,110.9250259399414,108.56253051757812,109.68753051757812,8362326
2018-02-27,73.2900161743164,111.23440551757812,111.51565551757812,109.99690246582031,110.95315551757812,17333449
2018-02-28,73.27149963378906,111.2062759399414,111.4875259399414,109.91252899169922,110.70002746582031,5795018
2018-03-01,73.16030883789062,111.03752899169922,111.65628051757812,109.99690246582031,110.8687744140625,8106682
2018-03-05,72.99352264404297,110.7844009399414,110.84065246582031,109.26565551757812,110.70002746582031,6992551
2018-03-06,71.5851821899414,108.64690399169922,111.09378051757812,108.0562744140625,110.8687744140625,9525018
2018-03-07,71.6593017578125,108.7593994140625,109.12503051757812,107.5781478881836,108.42190551757812,9481007
2018-03-08,72.41905975341797,109.91252899169922,110.19377899169922,108.22502899169922,109.0406494140625,10429826
2018-03-09,71.49252319335938,108.50627899169922,110.05315399169922,107.88752746582031,109.96878051757812,9887071
2018-03-12,72.27084350585938,109.68753051757812,110.05315399169922,108.56253051757812,108.84378051757812,14242997
2018-03-13,72.28936004638672,109.71565246582031,110.81253051757812,108.70315551757812,109.63127899169922,10581316
2018-03-14,72.02991485595703,109.3218994140625,110.3625259399414,108.84378051757812,109.49065399169922,8577503
2018-03-15,72.19670104980469,109.57502746582031,110.10940551757812,109.01252746582031,109.0969009399414,6132848
2018-03-16,71.2516098022461,108.14065551757812,110.89690399169922,107.6343994140625,109.35002899169922,10373796
2018-03-19,71.97433471679688,109.2375259399414,109.7437744140625,108.28128051757812,108.78752899169922,13496140
2018-03-20,72.23375701904297,109.63127899169922,110.3062744140625,108.45002746582031,109.1812744140625,9661410
2018-03-21,71.97433471679688,109.2375259399414,109.96878051757812,108.9000244140625,109.96878051757812,9675146
2018-03-22,71.41838836669922,108.3937759399414,109.5187759399414,108.14065551757812,109.2375259399414,11371840
2018-03-23,71.99285125732422,109.26565551757812,109.82815551757812,107.4375228881836,107.4375228881836,9062739
2018-03-26,72.23375701904297,109.63127899169922,109.96878051757812,109.26565551757812,109.35002899169922,15451169
2018-03-27,72.62291717529297,110.2219009399414,110.4468994140625,109.7437744140625,109.7437744140625,7563470
2018-03-28,71.62225341796875,108.70315551757812,110.13752746582031,108.16877746582031,109.96878051757812,14095921
2018-04-02,72.23375701904297,109.63127899169922,109.8000259399414,108.50627899169922,108.50627899169922,6821616
2018-04-03,73.58651733398438,111.68440246582031,112.21878051757812,109.43440246582031,109.57502746582031,6269850
2018-04-04,72.65997314453125,110.27815246582031,112.44377899169922,109.49065399169922,111.9094009399414,9689298
2018-04-05,72.73410034179688,110.39065551757812,111.6281509399414,110.25003051757812,111.31877899169922,8673501
2018-04-06,72.62291717529297,110.2219009399414,111.31877899169922,110.10940551757812,111.09378051757812,7948746
2018-04-09,72.58586120605469,110.1656494140625,110.53128051757812,109.8000259399414,110.25003051757812,4610445
2018-04-10,72.99352264404297,110.7844009399414,111.74065399169922,110.41877746582031,110.7281494140625,7562115
2018-04-11,73.01206970214844,110.81253051757812,111.4875259399414,110.13752746582031,111.37503051757812,5790314
2018-04-12,72.77115631103516,110.4468994140625,111.31877899169922,110.3062744140625,110.9250259399414,3537785
2018-04-13,73.19738006591797,111.09378051757812,111.37503051757812,110.47502899169922,110.53128051757812,3438013
2018-04-16,73.82742309570312,112.0500259399414,113.00627899169922,110.70002746582031,110.95315551757812,9628436
2018-04-17,75.9399642944336,115.25627899169922,116.52190399169922,113.7375259399414,114.3000259399414,23457958
2018-04-18,75.97701263427734,115.31253051757812,115.76252746582031,114.9468994140625,115.3687744140625,8814122
2018-04-19,77.12594604492188,117.05628204345703,117.50627899169922,115.2844009399414,115.59378051757812,10627620
2018-04-20,76.7923812866211,116.5500259399414,117.90003204345703,115.9875259399414,117.45002746582031,5446620
2018-04-23,76.64412689208984,116.32502746582031,116.94377899169922,115.4250259399414,116.94377899169922,4139986
2018-04-24,76.51441955566406,116.1281509399414,117.1125259399414,115.20002746582031,117.1125259399414,3594644
2018-04-25,76.84796905517578,116.63440704345703,118.12503051757812,114.69377899169922,116.10002899169922,5924775
2018-04-26,76.7182846069336,116.43753051757812,117.3937759399414,115.9875259399414,116.74690246582031,7950190
2018-04-27,77.05182647705078,116.94377899169922,117.3937759399414,116.49378204345703,116.71878051757812,7371596
2018-04-30,77.03329467773438,116.91565704345703,117.56253051757812,116.46565246582031,116.74690246582031,5644871
2018-05-02,76.03260803222656,115.39690399169922,117.61878204345703,115.1437759399414,116.43753051757812,7210903
2018-05-03,76.51441955566406,116.1281509399414,116.74690246582031,114.32815551757812,115.31253051757812,3782713
2018-05-04,76.86652374267578,116.66252899169922,116.88752746582031,115.03128051757812,116.43753051757812,22466426
2018-05-07,77.57068634033203,117.73127746582031,118.12503051757812,116.43753051757812,116.43753051757812,6003886
2018-05-08,78.84931945800781,119.67190551757812,120.37503051757812,117.47815704345703,117.84378051757812,19748071
2018-05-09,78.51576232910156,119.16565704345703,120.20628356933594,118.77190399169922,119.25003051757812,13934330
2018-05-10,77.08887481689453,117.00003051757812,119.13752746582031,115.1437759399414,118.8000259399414,13973187
2018-05-11,76.66266632080078,116.35315704345703,117.56253051757812,115.8469009399414,117.45002746582031,10688957
2018-05-14,77.47802734375,117.59065246582031,118.01252746582031,115.87503051757812,115.87503051757812,13962128
2018-05-15,79.25701141357422,120.29065704345703,121.50003051757812,117.36565399169922,117.56253051757812,56040833
2018-05-16,79.1087417602539,120.06565856933594,120.93753051757812,119.55940246582031,120.60002899169922,18183776
2018-05-17,79.1087417602539,120.06565856933594,121.50003051757812,119.41877746582031,119.53128051757812,17900935
2018-05-18,78.9234390258789,119.7844009399414,120.93753051757812,119.30628204345703,120.20628356933594,18414996
2018-05-21,78.81226348876953,119.61565399169922,120.62815856933594,119.02503204345703,120.62815856933594,16669979
2018-05-22,78.10809326171875,118.54690551757812,120.37503051757812,117.84378051757812,120.23440551757812,9411261
2018-05-23,78.31192016601562,118.85627746582031,119.5031509399414,117.9562759399414,118.68753051757812,18219990
2018-05-24,78.47869873046875,119.10940551757812,119.47502899169922,118.91252899169922,119.47502899169922,17260447
2018-05-25,78.58988189697266,119.27815246582031,119.84065246582031,118.26565551757812,118.26565551757812,30090956
2018-05-28,76.69971466064453,116.4094009399414,119.53128051757812,116.04377746582031,119.39065551757812,17488299
2018-05-29,76.7182846069336,116.43753051757812,117.9562759399414,115.73440551757812,117.14065551757812,15749359
2018-05-30,77.64481353759766,117.84378051757812,119.2219009399414,116.43753051757812,116.43753051757812,36016623
2018-05-31,77.62627410888672,117.8156509399414,119.6437759399414,113.4000244140625,118.06877899169922,274352477
2018-06-01,76.32911682128906,115.8469009399414,116.94377899169922,112.6968994140625,116.38127899169922,17096388
2018-06-04,74.75395965576172,113.4562759399414,116.4094009399414,112.8375244140625,116.4094009399414,14456405
2018-06-05,73.69770812988281,111.8531494140625,113.14690399169922,109.7437744140625,112.95002746582031,13788817
2018-06-06,74.5315933227539,113.1187744140625,114.32815551757812,111.09378051757812,111.09378051757812,8130515
2018-06-07,75.14312744140625,114.04690551757812,114.7219009399414,111.51565551757812,113.3156509399414,7683528
2018-06-08,73.34562683105469,111.31877899169922,113.1750259399414,110.67190551757812,113.00627899169922,12429285
2018-06-11,72.5302505493164,110.0812759399414,112.07815551757812,109.40628051757812,111.7125244140625,19668041
2018-06-12,72.28936004638672,109.71565246582031,110.5031509399414,108.78752899169922,110.5031509399414,13416832
2018-06-13,73.43827056884766,111.45940399169922,112.1343994140625,109.7437744140625,110.41877746582031,10866676
2018-06-14,73.69770812988281,111.8531494140625,112.1343994140625,110.5875244140625,111.4875259399414,7205187
2018-06-15,73.32708740234375,111.2906494140625,111.93753051757812,110.39065551757812,111.8531494140625,9527937
2018-06-18,73.62359619140625,111.74065399169922,112.21878051757812,110.39065551757812,111.2906494140625,4303444
2018-06-19,73.64210510253906,111.7687759399414,112.3312759399414,110.70002746582031,111.12190246582031,8099053
2018-06-20,73.80888366699219,112.02190399169922,112.3312759399414,110.70002746582031,111.7687759399414,8160216
2018-06-21,72.43760681152344,109.9406509399414,111.74065399169922,109.01252746582031,111.4312744140625,10942576
2018-06-22,73.27149963378906,111.2062759399414,111.60002899169922,109.1812744140625,110.3625259399414,7677797
2018-06-25,71.97433471679688,109.2375259399414,111.54377746582031,107.7187728881836,111.2062759399414,8701812
2018-06-26,70.69568634033203,107.2968978881836,109.5187759399414,106.3125228881836,109.06877899169922,9869227
2018-06-27,69.37999725341797,105.3000259399414,108.28128051757812,104.4562759399414,107.9719009399414,13094540
2018-06-28,68.49049377441406,103.95002746582031,106.1718978881836,103.02189636230469,105.97502899169922,22542641
2018-06-29,69.25028228759766,105.1031494140625,107.0718994140625,103.5562744140625,104.2031478881836,8435793
2018-07-02,68.5831527709961,104.09065246582031,105.3843994140625,103.2187728881836,105.1875228881836,13100144
2018-07-03,68.39785766601562,103.80940246582031,104.3156509399414,101.9250259399414,103.52815246582031,9990760
2018-07-04,67.82339477539062,102.9375228881836,106.4531478881836,102.45939636230469,104.2031478881836,10626271
2018-07-05,67.32305145263672,102.17814636230469,103.3593978881836,101.55940246582031,103.02189636230469,7739370
2018-07-06,67.3786392211914,102.26252746582031,102.88127136230469,101.7281494140625,102.17814636230469,7229617
2018-07-09,68.37931060791016,103.7812728881836,104.0625228881836,102.3750228881836,102.4875259399414,10238815
2018-07-10,68.2125473022461,103.52815246582031,104.2593994140625,103.16252136230469,104.0625228881836,7258266
2018-07-11,67.78629302978516,102.88127136230469,103.9218978881836,102.60002136230469,103.38752746582031,3825437
2018-07-12,67.67512512207031,102.7125244140625,103.2750244140625,102.1500244140625,103.0500259399414,11523981
2018-07-13,67.36012268066406,102.2343978881836,103.1343994140625,101.9531478881836,102.4875259399414,4793733
2018-07-16,67.21186065673828,102.0093994140625,102.6562728881836,101.5875244140625,101.84065246582031,12191173
2018-07-17,67.2489242553711,102.0656509399414,102.5156478881836,101.2500228881836,101.6437759399414,4698206
2018-07-18,66.15560150146484,100.4062728881836,103.38752746582031,100.15315246582031,102.7125244140625,5845129
2018-07-19,65.76644134521484,99.8156509399414,101.70002746582031,99.6187744140625,100.7437744140625,5980121
2018-07-20,65.1549301147461,98.88752746582031,100.0969009399414,97.9312744140625,99.8437728881836,5273662
2018-07-23,65.61820983886719,99.59065246582031,100.1250228881836,98.80314636230469,98.9719009399414,6336970
2018-07-24,65.87762451171875,99.9843978881836,100.3781509399414,99.1406478881836,100.2375259399414,6260188
2018-07-25,65.09933471679688,98.80314636230469,100.6875228881836,98.2687759399414,100.49064636230469,7757736
2018-07-26,67.39715576171875,102.2906494140625,103.38752746582031,97.9875259399414,99.1406478881836,33869484
2018-07-27,66.6744613647461,101.19377136230469,103.95002746582031,100.2375259399414,103.0781478881836,19690254
2018-07-30,67.89751434326172,103.0500259399414,103.3593978881836,101.27815246582031,101.75627136230469,10288607
2018-07-31,67.56394958496094,102.54377746582031,104.4000244140625,102.2906494140625,103.30314636230469,11713824
2018-08-01,68.45344543457031,103.8937759399414,104.4843978881836,101.33439636230469,102.9375228881836,10299992
2018-08-02,69.9359130859375,106.1437759399414,107.0156478881836,103.9218978881836,104.70940399169922,12305598
2018-08-03,70.49185943603516,106.9875259399414,107.4094009399414,106.3125228881836,106.76252746582031,7491196
2018-08-06,70.2138900756836,106.5656509399414,107.9156494140625,106.11565399169922,107.9156494140625,4944677
2018-08-07,70.08416748046875,106.3687744140625,107.24065399169922,105.55315399169922,106.7906494140625,3270258
2018-08-08,70.2323989868164,106.5937728881836,107.2687759399414,105.6656494140625,106.3687744140625,6225545
2018-08-09,71.38131713867188,108.3375244140625,108.56253051757812,105.6656494140625,106.5937728881836,6328977
2018-08-10,70.62154388427734,107.18440246582031,109.0406494140625,106.3687744140625,108.9562759399414,4909902
2018-08-13,69.67647552490234,105.7500228881836,106.8750228881836,105.27190399169922,106.0875244140625,2537940
2018-08-14,69.6394271850586,105.69377899169922,106.3125228881836,104.93440246582031,105.49690246582031,2304692
2018-08-16,69.56529998779297,105.5812759399414,106.8750228881836,105.2437744140625,105.41252899169922,3661689
2018-08-17,69.34293365478516,105.2437744140625,106.3125228881836,104.4843978881836,106.0312728881836,4022502
2018-08-20,69.54676818847656,105.55315399169922,106.2281494140625,104.4000244140625,105.4687728881836,2487784
2018-08-21,69.50971221923828,105.49690246582031,105.91877746582031,104.5406494140625,105.55315399169922,3655095
2018-08-23,70.49185943603516,106.9875259399414,107.4375228881836,105.49690246582031,105.49690246582031,9442607
2018-08-24,70.76980590820312,107.4094009399414,109.4625244140625,106.62190246582031,107.1562728881836,8393334
2018-08-27,73.30856323242188,111.26252746582031,111.54377746582031,107.38127899169922,107.52190399169922,14042229
2018-08-28,73.06765747070312,110.89690399169922,112.7531509399414,110.10940551757812,111.1500244140625,8224129
2018-08-29,71.54811096191406,108.59065246582031,111.96565246582031,108.0562744140625,110.81253051757812,6955827
2018-08-30,72.99352264404297,110.7844009399414,111.4875259399414,108.22502899169922,108.70315551757812,22347117
2018-08-31,74.67987823486328,113.34378051757812,113.76565551757812,109.6031494140625,109.6031494140625,11854651
2018-09-03,72.08552551269531,109.40628051757812,115.31253051757812,109.12503051757812,114.1031494140625,8999761
2018-09-04,72.06697082519531,109.3781509399414,110.5031509399414,107.80315399169922,109.40628051757812,5387824
2018-09-05,72.51171112060547,110.05315399169922,110.81253051757812,108.42190551757812,109.20940399169922,7334087
2018-09-06,73.86447143554688,112.10627746582031,113.48440551757812,109.96878051757812,110.25003051757812,16457730
2018-09-07,72.5302505493164,110.0812759399414,113.00627899169922,108.4781494140625,113.00627899169922,4580610
2018-09-10,72.54907989501953,108.5344009399414,109.68753051757812,106.95940399169922,108.64690399169922,6293799
2018-09-11,70.27427673339844,105.13127899169922,109.6031494140625,104.7375259399414,108.59065246582031,9560546
2018-09-12,72.86865234375,109.01252746582031,109.82815551757812,105.2437744140625,105.2437744140625,13582243
2018-09-14,75.25626373291016,112.58440399169922,113.5969009399414,109.06877899169922,109.82815551757812,22816500
2018-09-17,75.91423797607422,113.56877899169922,114.49690246582031,111.03752899169922,111.03752899169922,15162744
2018-09-18,74.7862548828125,111.88127899169922,114.69377899169922,111.45940399169922,113.34378051757812,4937349
2018-09-19,74.56065368652344,111.54377746582031,112.50003051757812,110.3625259399414,111.93753051757812,6025625
2018-09-21,75.35025024414062,112.72502899169922,113.56877899169922,109.7437744140625,111.93753051757812,11174973
2018-09-24,74.29745483398438,111.1500244140625,112.6968994140625,109.43440246582031,112.50003051757812,3992299
2018-09-25,72.41744232177734,108.3375244140625,111.7125244140625,107.80315399169922,110.81253051757812,10770907
2018-09-26,72.51146697998047,108.4781494140625,109.12503051757812,105.8625259399414,108.8156509399414,7286693
2018-09-27,73.15065002441406,109.43440246582031,110.19377899169922,108.08440399169922,108.56253051757812,8101331
2018-09-28,70.83826446533203,105.97502899169922,111.3469009399414,105.3843994140625,109.40628051757812,10284429
2018-10-01,72.34225463867188,108.22502899169922,109.06877899169922,104.56877899169922,105.91877746582031,4684738
2018-10-03,71.04505920410156,106.2844009399414,108.16877746582031,105.9468994140625,107.1562728881836,10349581
2018-10-04,71.1578598022461,106.4531478881836,107.4094009399414,103.80940246582031,105.7500228881836,11239097
2018-10-05,70.42464447021484,105.35627746582031,107.74690246582031,104.8218994140625,106.3125228881836,7035573
2018-10-08,70.1802749633789,104.99065399169922,106.34065246582031,102.6562728881836,104.9062728881836,4680183
2018-10-09,70.1426773071289,104.93440246582031,106.5656509399414,104.23127746582031,105.21565246582031,5552286
2018-10-10,70.3682632446289,105.27190399169922,106.2844009399414,104.7375259399414,104.7375259399414,3526073
2018-10-11,69.82305145263672,104.4562759399414,106.0312728881836,103.52815246582031,104.5969009399414,10016561
2018-10-12,70.8570556640625,106.0031509399414,106.7343978881836,104.6812744140625,104.7656478881836,6856067
2018-10-15,70.72544860839844,105.8062744140625,106.8750228881836,104.6812744140625,106.0031509399414,6926558
2018-10-16,70.38706970214844,105.3000259399414,106.20002746582031,104.1187744140625,105.7219009399414,6530627
2018-10-17,71.10145568847656,106.3687744140625,106.9312744140625,105.7500228881836,105.77815246582031,4151254
2018-10-19,71.12026977539062,106.39690399169922,107.6906509399414,105.21565246582031,106.3125228881836,9497796
2018-10-22,71.12026977539062,106.39690399169922,107.4375228881836,105.8906478881836,106.53752899169922,4377225
2018-10-23,71.79705047607422,107.4094009399414,108.36565399169922,104.51252746582031,105.7500228881836,4599675
2018-10-24,71.59027099609375,107.10002899169922,108.14065551757812,106.53752899169922,107.7187728881836,4510189
2018-10-25,71.92864990234375,107.60627746582031,108.08440399169922,105.0187759399414,106.7062759399414,7455415
2018-10-26,70.83826446533203,105.97502899169922,107.4375228881836,105.63752746582031,107.0718994140625,6390862
2018-10-29,71.27066040039062,106.62190246582031,107.1562728881836,105.41252899169922,106.53752899169922,8374975
2018-10-30,69.99225616455078,104.70940399169922,106.62190246582031,104.4000244140625,106.3125228881836,5105532
2018-10-31,69.91706085205078,104.5969009399414,105.0468978881836,100.57502746582031,104.1187744140625,9622136
2018-11-01,70.8570556640625,106.0031509399414,106.48127746582031,104.37190246582031,104.6812744140625,5603131
2018-11-02,71.38346099853516,106.7906494140625,108.16877746582031,106.1437759399414,106.34065246582031,6034462
2018-11-05,69.95464324951172,104.65315246582031,106.5937728881836,104.0625228881836,106.34065246582031,4872816
2018-11-06,70.72544860839844,105.8062744140625,106.3125228881836,104.0625228881836,105.2437744140625,7337064
2018-11-07,71.08265686035156,106.34065246582031,106.8750228881836,105.8062744140625,106.8750228881836,223308
2018-11-09,72.07907104492188,107.8312759399414,108.1125259399414,106.20002746582031,106.3125228881836,9231137
2018-11-12,69.91706085205078,104.5969009399414,108.50627899169922,103.6406478881836,107.7187728881836,3906667
2018-11-13,69.20267486572266,103.52815246582031,105.7500228881836,102.8531494140625,105.1875228881836,7750412
2018-11-14,69.91706085205078,104.5969009399414,105.1875228881836,103.5562744140625,103.66877746582031,9918943
2018-11-15,70.3494644165039,105.2437744140625,106.0312728881836,104.37190246582031,104.6250228881836,8814911
2018-11-16,70.72544860839844,105.8062744140625,106.8750228881836,104.7375259399414,105.1875228881836,5537047
2018-11-19,71.32705688476562,106.7062759399414,107.1562728881836,105.55315399169922,105.8625259399414,5155461
2018-11-20,70.83826446533203,105.97502899169922,107.4937744140625,105.4687728881836,107.4937744140625,2673334
2018-11-21,68.46945190429688,102.4312744140625,105.6656494140625,101.98127746582031,105.4687728881836,6426666
2018-11-22,67.60466003417969,101.13752746582031,103.3312759399414,100.01252746582031,103.3312759399414,6231287
2018-11-26,68.60106658935547,102.6281509399414,102.8531494140625,100.6031494140625,101.27815246582031,5022526
2018-11-27,68.63866424560547,102.68440246582031,104.0344009399414,101.41877746582031,102.3469009399414,6727512
2018-11-28,69.29664611816406,103.66877746582031,104.0625228881836,102.0937728881836,102.31877136230469,9281286
2018-11-29,67.86786651611328,101.5312728881836,106.0312728881836,100.85627746582031,104.0344009399414,16395530
2018-11-30,67.73626708984375,101.33439636230469,103.24690246582031,100.29377746582031,101.8125228881836,10573839
2018-12-03,69.10865783691406,103.38752746582031,106.0312728881836,101.8687744140625,101.8687744140625,11107638
2018-12-04,70.40585327148438,105.3281478881836,105.8625259399414,102.45939636230469,103.16252136230469,6304336
2018-12-05,68.99586486816406,103.2187728881836,105.5812759399414,102.6562728881836,104.1187744140625,5774768
2018-12-06,68.99586486816406,103.2187728881836,104.28752899169922,102.7687759399414,103.2187728881836,8600328
2018-12-07,68.67626953125,102.74064636230469,105.1875228881836,101.61564636230469,103.38752746582031,8378029
2018-12-10,67.41666412353516,100.85627746582031,102.60002136230469,99.36564636230469,101.5312728881836,6431248
2018-12-11,67.79266357421875,101.41877746582031,101.98127746582031,99.64689636230469,100.01252746582031,6514193
2018-12-12,68.63866424560547,102.68440246582031,103.38752746582031,101.6437759399414,101.75627136230469,7396629
2018-12-13,68.63866424560547,102.68440246582031,102.9375228881836,101.8687744140625,102.5718994140625,4251108
2018-12-14,69.82305145263672,104.4562759399414,104.7656478881836,101.5312728881836,102.0937728881836,9276710
2018-12-17,72.39865112304688,108.30940246582031,110.55940246582031,106.7062759399414,106.8750228881836,23727234
2018-12-18,73.82745361328125,110.4468994140625,110.81253051757812,107.38127899169922,108.50627899169922,15507368
2018-12-19,74.8238525390625,111.93753051757812,112.21878051757812,109.71565246582031,109.71565246582031,11434466
2018-12-20,74.42906188964844,111.3469009399414,111.9094009399414,109.63127899169922,110.84065246582031,7938383
2018-12-21,74.03426361083984,110.75627899169922,111.9937744140625,110.05315399169922,111.37503051757812,8722621
2018-12-24,72.92504119873047,109.0969009399414,111.26252746582031,108.6750259399414,110.81253051757812,8563441
2018-12-26,73.43264770507812,109.85627746582031,110.41877746582031,107.6343994140625,108.9000244140625,4766041
2018-12-27,73.90267181396484,110.55940246582031,112.21878051757812,108.84378051757812,109.71565246582031,46486470
2018-12-28,74.09063720703125,110.84065246582031,111.5718994140625,110.0250244140625,111.09378051757812,5142112
2018-12-31,74.6922607421875,111.74065399169922,112.50003051757812,110.25003051757812,110.6437759399414,6317785
2019-01-01,75.19984436035156,112.50003051757812,112.78128051757812,110.3062744140625,111.0656509399414,3961625
2019-01-02,73.41385650634766,109.82815551757812,112.50003051757812,109.12503051757812,111.9937744140625,7876559
2019-01-03,72.58665466308594,108.59065246582031,109.68753051757812,108.00003051757812,109.63127899169922,7942863
2019-01-04,73.65825653076172,110.19377899169922,110.67190551757812,107.66252899169922,108.73127746582031,4017540
2019-01-07,74.61703491210938,111.6281509399414,111.88127899169922,110.1656494140625,110.3062744140625,3592512
2019-01-08,74.20345306396484,111.0093994140625,111.65628051757812,110.13752746582031,111.31877899169922,3990870
2019-01-09,74.29745483398438,111.1500244140625,111.79690551757812,110.0250244140625,111.0093994140625,4087529
2019-01-10,73.56423950195312,110.05315399169922,111.0656509399414,109.63127899169922,111.0656509399414,3589725
2019-01-11,73.07545471191406,109.3218994140625,110.19377899169922,108.70315551757812,109.63127899169922,2995789
2019-01-14,72.37986755371094,108.28128051757812,109.3218994140625,107.4375228881836,109.15315246582031,5370460
2019-01-15,72.36103820800781,108.2531509399414,111.93753051757812,107.10002899169922,111.93753051757812,11498868
2019-01-16,72.1918716430664,108.00003051757812,109.20940399169922,107.7750244140625,108.28128051757812,8515441
2019-01-17,72.90625762939453,109.06877899169922,109.43440246582031,108.00003051757812,108.00003051757812,5325531
2019-01-18,72.79344940185547,108.9000244140625,110.6437759399414,108.28128051757812,109.12503051757812,4366941
2019-01-21,71.90986633300781,107.5781478881836,109.5187759399414,107.24065399169922,109.0969009399414,4067143
2019-01-22,71.32705688476562,106.7062759399414,107.5781478881836,106.0312728881836,107.4375228881836,3577455
2019-01-23,70.04866027832031,104.79377746582031,107.7187728881836,104.4562759399414,106.62190246582031,6173490
2019-01-24,70.21784973144531,105.0468978881836,106.3687744140625,104.37190246582031,105.0187759399414,6157088
2019-01-25,69.87945556640625,104.5406494140625,106.3687744140625,104.2031478881836,105.5250244140625,3868441
2019-01-28,70.61266326904297,105.63752746582031,106.0875244140625,102.3750228881836,104.6250228881836,7440853
2019-01-29,69.78544616699219,104.4000244140625,105.63752746582031,103.30314636230469,105.07502746582031,17469350
2019-01-30,70.3494644165039,105.2437744140625,105.69377899169922,103.16252136230469,104.1187744140625,12711500
2019-01-31,70.91346740722656,106.0875244140625,107.7187728881836,105.07502746582031,106.0312728881836,25774313
2019-02-01,71.51506805419922,106.9875259399414,107.9156494140625,104.56877899169922,107.4094009399414,9474849
2019-02-04,69.40945434570312,103.8375244140625,106.5937728881836,103.3593978881836,106.5937728881836,3678667
2019-02-05,69.97347259521484,104.6812744140625,105.1594009399414,103.2187728881836,103.5562744140625,5500377
2019-02-06,70.2366714477539,105.07502746582031,106.1718978881836,103.9218978881836,104.7656478881836,4322649
2019-02-07,69.40945434570312,103.8375244140625,105.5812759399414,103.5000228881836,105.1594009399414,4309303
2019-02-08,68.05587005615234,101.8125228881836,105.7219009399414,101.5312728881836,103.8375244140625,7692145
2019-02-11,68.56348419189453,102.5718994140625,103.0500259399414,100.0406494140625,101.0250244140625,7913450
2019-02-12,68.14985656738281,101.9531478881836,104.85002899169922,101.5031509399414,102.9375228881836,11930402
2019-02-14,65.78106689453125,98.4094009399414,100.6031494140625,97.0312728881836,99.8437728881836,36962390
2019-02-15,68.24385833740234,102.0937728881836,102.4875259399414,99.9000244140625,100.35002136230469,16005610
2019-02-18,67.96185302734375,101.6718978881836,103.2187728881836,100.99690246582031,102.0656509399414,7973918
2019-02-19,67.47305297851562,100.9406509399414,102.9375228881836,100.63127136230469,101.3906478881836,10824411
2019-02-20,68.3566665649414,102.26252746582031,102.7125244140625,100.4625244140625,101.6718978881836,9658184
2019-02-21,68.3566665649414,102.26252746582031,102.9375228881836,101.7281494140625,102.7687759399414,9197823
2019-02-22,68.39427947998047,102.31877136230469,102.7125244140625,101.5312728881836,102.2062759399414,12182132
2019-02-25,68.4130630493164,102.3469009399414,102.6562728881836,100.4062728881836,101.8125228881836,29907322
2019-02-26,68.13105773925781,101.9250259399414,102.7687759399414,100.6031494140625,100.9687728881836,13683801
2019-02-27,68.22505950927734,102.0656509399414,103.66877746582031,101.1656494140625,101.98127746582031,13566494
2019-02-28,68.75146484375,102.8531494140625,103.9218978881836,101.5875244140625,102.88127136230469,69863939
2019-03-01,68.88306427001953,103.0500259399414,103.3593978881836,102.4312744140625,102.9937744140625,7227772
2019-03-05,68.80786895751953,102.9375228881836,104.3156509399414,102.7125244140625,103.5000228881836,15733697
2019-03-06,69.37185668945312,103.7812728881836,104.85002899169922,102.2062759399414,102.9937744140625,20336766
2019-03-07,70.3682632446289,105.27190399169922,106.5937728881836,103.8375244140625,105.1875228881836,12295538
2019-03-08,70.31185913085938,105.1875228881836,106.0031509399414,104.2031478881836,105.7500228881836,6211299
2019-03-11,73.0566635131836,109.29377746582031,110.25003051757812,105.6093978881836,106.0312728881836,17678891
2019-03-12,73.82745361328125,110.4468994140625,113.62503051757812,109.49065399169922,109.49065399169922,26457157
2019-03-13,73.22584533691406,109.54690551757812,111.51565551757812,108.6187744140625,111.4312744140625,6930222
2019-03-14,72.71422576904297,105.5250244140625,106.7343978881836,105.3281478881836,106.2844009399414,8466765
2019-03-15,74.90416717529297,108.70315551757812,109.2375259399414,105.2437744140625,105.2437744140625,14301914
2019-03-18,76.37706756591797,110.84065246582031,111.26252746582031,108.70315551757812,109.20940399169922,14247336
2019-03-19,77.13290405273438,111.93753051757812,112.6125259399414,109.85627746582031,110.3625259399414,16995997
2019-03-20,76.51271057128906,111.03752899169922,112.4156494140625,110.53128051757812,112.07815551757812,9060589
2019-03-22,76.93909454345703,111.65628051757812,112.9781494140625,110.89690399169922,111.31877899169922,8782833
2019-03-25,78.29569244384766,113.62503051757812,114.46878051757812,109.7437744140625,110.9250259399414,14506515
2019-03-26,78.62516021728516,114.1031494140625,114.69377899169922,112.16252899169922,113.70940399169922,8371544
2019-03-27,77.59800720214844,112.6125259399414,115.1437759399414,111.65628051757812,114.18753051757812,11579885
2019-03-28,76.84217834472656,111.51565551757812,112.50003051757812,110.5031509399414,112.50003051757812,17034861
2019-04-01,75.79564666748047,109.99690246582031,112.3312759399414,109.7437744140625,111.4875259399414,10617688
2019-04-02,77.4429702758789,112.38752746582031,112.95002746582031,110.25003051757812,110.25003051757812,17946031
2019-04-03,77.88871765136719,113.0344009399414,113.93440246582031,112.58440399169922,112.72502899169922,15076661
2019-04-04,77.26856231689453,112.1343994140625,114.32815551757812,111.65628051757812,113.3156509399414,10130253
2019-04-05,76.08635711669922,110.41877746582031,112.8937759399414,110.27815246582031,112.8937759399414,9883976
2019-04-08,76.88095092773438,111.5718994140625,112.66877746582031,109.99690246582031,111.37503051757812,13511642
2019-04-09,76.88095092773438,111.5718994140625,112.1343994140625,110.84065246582031,111.9094009399414,10655872
2019-04-10,76.99722290039062,111.74065399169922,112.30315399169922,111.23440551757812,111.23440551757812,8637199
2019-04-11,75.95069885253906,110.2219009399414,112.16252899169922,110.05315399169922,112.02190399169922,13713296
2019-04-12,76.37706756591797,110.84065246582031,111.17815399169922,109.71565246582031,110.61565399169922,11004111
2019-04-15,76.76467895507812,111.40315246582031,112.9781494140625,110.8687744140625,111.26252746582031,8965316
2019-04-16,76.2995376586914,110.7281494140625,112.4156494140625,110.53128051757812,111.93753051757812,4918434
2019-04-18,75.3111572265625,109.29377746582031,111.2906494140625,108.84378051757812,111.0093994140625,11593259
2019-04-22,75.50495147705078,109.57502746582031,110.6437759399414,108.78752899169922,109.2375259399414,7772049
2019-04-23,74.8072738647461,108.56253051757812,109.43440246582031,108.02815246582031,109.01252746582031,6686014
2019-04-24,74.40028381347656,107.9719009399414,109.49065399169922,106.90315246582031,108.6187744140625,7288151
2019-04-25,74.24524688720703,107.74690246582031,110.13752746582031,107.2687759399414,108.1125259399414,17599280
2019-04-26,73.95455169677734,107.32502746582031,109.35002899169922,107.0718994140625,107.4375228881836,8664580
2019-04-30,72.24909973144531,104.85002899169922,108.28128051757812,104.28752899169922,107.8312759399414,14290974
2019-05-02,73.72199249267578,106.9875259399414,107.32502746582031,104.8781509399414,105.21565246582031,8897549
2019-05-03,73.97393035888672,107.3531494140625,108.5344009399414,106.9875259399414,107.38127899169922,10782838
2019-05-06,73.81888580322266,107.1281509399414,108.4781494140625,106.2281494140625,106.8750228881836,5477945
2019-05-07,74.24524688720703,107.74690246582031,109.01252746582031,107.1562728881836,107.1562728881836,9450289
2019-05-08,73.64447021484375,106.8750228881836,108.98440551757812,106.25627899169922,107.9719009399414,10180731
2019-05-09,72.83049011230469,105.69377899169922,106.90315246582031,104.8218994140625,106.81877899169922,7921214
2019-05-10,71.91964721679688,104.37190246582031,106.0031509399414,104.09065246582031,105.97502899169922,5938686
2019-05-13,70.79559326171875,102.74064636230469,104.65315246582031,102.40315246582031,104.3156509399414,5504435
2019-05-14,70.40798950195312,102.17814636230469,103.6125259399414,101.84065246582031,102.31877136230469,11334983
2019-05-15,69.18705749511719,100.4062728881836,103.8375244140625,99.8156509399414,103.02189636230469,7616268
2019-05-16,70.48550415039062,102.2906494140625,102.7687759399414,100.6031494140625,100.8843994140625,8660893
2019-05-17,70.60179138183594,102.45939636230469,103.2750244140625,101.4468994140625,102.2062759399414,10183233
2019-05-20,72.88865661621094,105.77815246582031,106.25627899169922,103.52815246582031,104.6812744140625,6287120
2019-05-21,71.29946899414062,103.4719009399414,106.0875244140625,103.3593978881836,105.8906478881836,7748239
2019-05-22,70.58238220214844,102.4312744140625,104.23127746582031,102.26252746582031,103.44377136230469,6972640
2019-05-23,71.5707778930664,103.86564636230469,105.8062744140625,102.9937744140625,104.6250228881836,13966122
2019-05-24,71.95840454101562,104.42815399169922,104.93440246582031,103.6406478881836,104.42815399169922,7240775
2019-05-27,72.61731719970703,105.3843994140625,106.6500244140625,104.42815399169922,104.8781509399414,6424176
2019-05-28,73.72199249267578,106.9875259399414,107.60627746582031,105.63752746582031,105.8906478881836,11255911
2019-05-29,73.70262908935547,106.95940399169922,108.56253051757812,106.5093994140625,107.66252899169922,8310232
2019-05-30,74.1095962524414,107.5500259399414,109.06877899169922,105.83440399169922,108.78752899169922,34989609
2019-05-31,73.37315368652344,106.48127746582031,108.22502899169922,105.97502899169922,107.7187728881836,11849847
2019-06-03,74.82666015625,108.59065246582031,108.84378051757812,106.8750228881836,107.0156478881836,12106965
2019-06-04,74.78788757324219,108.5344009399414,110.25003051757812,107.9719009399414,108.30940246582031,11447117
2019-06-06,75.75689697265625,109.9406509399414,111.45940399169922,109.20940399169922,109.68753051757812,26132949
2019-06-07,74.32276153564453,107.8593978881836,110.27815246582031,107.52190399169922,109.9406509399414,8783688
2019-06-10,75.3111572265625,109.29377746582031,110.2219009399414,108.22502899169922,108.5344009399414,11231885
2019-06-11,75.05921936035156,108.92815399169922,110.0812759399414,108.50627899169922,109.85627746582031,6589306
2019-06-12,74.09021759033203,107.52190399169922,108.9000244140625,107.04377746582031,108.56253051757812,7509749
2019-06-13,75.13673400878906,109.0406494140625,109.3781509399414,106.67815399169922,107.5500259399414,11041648
2019-06-14,75.42743682861328,109.4625244140625,110.7844009399414,108.7593994140625,109.12503051757812,34979466
2019-06-17,75.21426391601562,109.15315246582031,110.5031509399414,108.9000244140625,110.47502899169922,10860754
2019-06-18,76.66777801513672,111.26252746582031,111.8531494140625,109.20940399169922,109.5187759399414,17815522
2019-06-19,77.63677215576172,112.66877746582031,113.34378051757812,111.37503051757812,111.4312744140625,32722391
2019-06-20,77.88871765136719,113.0344009399414,114.04690551757812,112.10627746582031,112.86565399169922,11459458
2019-06-21,77.48171997070312,112.44377899169922,113.65315246582031,111.68440246582031,113.1750259399414,16601442
2019-06-24,77.15225982666016,111.96565246582031,112.92190551757812,111.12190246582031,112.50003051757812,9883389
2019-06-25,78.14065551757812,113.4000244140625,113.79377746582031,111.93753051757812,111.93753051757812,10375296
2019-06-26,81.26085662841797,117.92815399169922,118.6594009399414,113.09065246582031,113.3156509399414,31182825
2019-06-27,80.50502014160156,116.8312759399414,118.06877899169922,116.01565551757812,117.61878204345703,13741562
2019-06-28,80.19493865966797,116.38127899169922,117.90003204345703,115.11565399169922,116.52190399169922,12067819
2019-07-01,80.25308227539062,116.46565246582031,118.12503051757812,115.67815399169922,116.57815551757812,11211814
2019-07-02,80.36937713623047,116.63440704345703,117.6750259399414,116.07190704345703,116.66252899169922,12203723
2019-07-03,80.98951721191406,117.5344009399414,117.92815399169922,116.2687759399414,117.1125259399414,13693989
2019-07-04,81.4740219116211,118.2375259399414,118.57502746582031,116.8312759399414,117.56253051757812,12324046
2019-07-05,79.78797149658203,115.7906494140625,119.25003051757812,114.8625259399414,118.15315246582031,12525923
2019-07-08,78.00499725341797,113.20315551757812,116.07190704345703,112.6968994140625,115.31253051757812,8948141
2019-07-09,79.36160278320312,115.17190551757812,115.4250259399414,112.2750244140625,113.5969009399414,6875651
2019-07-10,79.57478332519531,115.48127746582031,116.1281509399414,114.2437744140625,115.1437759399414,12675299
2019-07-11,80.85387420654297,117.33753204345703,117.64690399169922,115.9312744140625,116.10002899169922,7808266
2019-07-12,80.11742401123047,116.2687759399414,118.04065704345703,114.97502899169922,117.33753204345703,6349095
2019-07-15,79.4391098022461,115.2844009399414,116.29690551757812,114.13127899169922,115.67815399169922,6656137
2019-07-16,80.97015380859375,117.50627899169922,117.78752899169922,114.91877746582031,115.20002746582031,6627472
2019-07-17,80.62130737304688,117.00003051757812,118.43440246582031,116.1281509399414,117.45002746582031,6388864
2019-07-18,79.59416198730469,115.5093994140625,117.50627899169922,115.31253051757812,117.50627899169922,8419638
2019-07-19,79.72982025146484,115.7062759399414,116.80315399169922,114.07502746582031,115.76252746582031,10869152
2019-07-22,79.10965728759766,114.8062744140625,116.5500259399414,113.9625244140625,115.87503051757812,9061812
2019-07-23,81.5709457397461,118.3781509399414,118.68753051757812,114.8625259399414,115.1437759399414,14046808
2019-07-24,81.3189926147461,118.01252746582031,119.81253051757812,117.30940246582031,117.92815399169922,18181391
2019-07-25,82.6174545288086,119.89690399169922,120.60002899169922,118.04065704345703,118.12503051757812,28085772
2019-07-26,81.99729919433594,118.99690246582031,120.37503051757812,118.26565551757812,119.89690399169922,10950941
2019-07-29,80.58255767822266,116.94377899169922,119.53128051757812,116.18440246582031,119.44690704345703,5948953
2019-07-30,80.71820068359375,117.14065551757812,118.01252746582031,116.2687759399414,116.88752746582031,10050004
2019-07-31,81.70659637451172,118.57502746582031,120.34690856933594,116.4094009399414,116.71878051757812,26229893
2019-08-01,82.94692993164062,120.37503051757812,121.64065551757812,118.01252746582031,119.2219009399414,27069006
2019-08-02,81.60970306396484,118.43440246582031,120.34690856933594,117.19690704345703,119.7844009399414,20863783
2019-08-05,77.96622467041016,113.14690399169922,118.12503051757812,110.7281494140625,118.12503051757812,18063375
2019-08-06,76.78404235839844,111.4312744140625,113.93440246582031,110.39065551757812,112.8375244140625,11846580
2019-08-07,77.07475280761719,111.8531494140625,113.0344009399414,110.8687744140625,111.93753051757812,9432897
2019-08-08,78.56700897216797,114.0187759399414,117.36565399169922,110.84065246582031,111.40315246582031,6595239
2019-08-09,78.29569244384766,113.62503051757812,117.47815704345703,113.20315551757812,114.46878051757812,9175926
2019-08-13,78.29569244384766,113.62503051757812,115.53752899169922,110.67190551757812,112.7531509399414,7558090
2019-08-14,79.51663208007812,115.39690399169922,115.9875259399414,111.23440551757812,113.09065246582031,8024154
2019-08-16,81.84226989746094,118.77190399169922,120.51565551757812,113.79377746582031,114.8062744140625,11894601
2019-08-19,81.21466064453125,116.46565246582031,118.12503051757812,115.95940399169922,117.64690399169922,8100095
2019-08-20,80.82240295410156,115.90315246582031,118.63127899169922,115.67815399169922,116.43753051757812,8711658
2019-08-21,80.371337890625,115.25627899169922,116.77503204345703,114.91877746582031,116.24065399169922,5649369
2019-08-22,79.52799987792969,114.04690551757812,115.62190246582031,112.95002746582031,115.03128051757812,5059207
2019-08-23,79.03768920898438,113.34378051757812,115.0875244140625,112.8937759399414,113.65315246582031,7611285
2019-08-26,79.58684539794922,114.13127899169922,114.46878051757812,112.02190399169922,113.8218994140625,7846961
2019-08-27,81.01853942871094,116.18440246582031,117.78752899169922,114.21565246582031,114.21565246582031,18828020
2019-08-28,80.70475006103516,115.73440551757812,118.82815551757812,114.9468994140625,116.9719009399414,15756988
2019-08-29,80.33210754394531,115.20002746582031,116.32502746582031,114.55315399169922,115.73440551757812,8660979
2019-08-30,78.64546203613281,112.78128051757812,116.5500259399414,109.12503051757812,115.5093994140625,15630977
2019-09-03,77.29220581054688,110.84065246582031,113.85002899169922,110.27815246582031,113.28752899169922,9494810
2019-09-04,77.23336791992188,110.75627899169922,111.93753051757812,109.85627746582031,111.0656509399414,8565768
2019-09-05,78.19437408447266,112.1343994140625,114.35627746582031,111.0093994140625,111.93753051757812,14199248
2019-09-06,79.82218933105469,114.46878051757812,114.9468994140625,112.52815246582031,112.6968994140625,13782929
2019-09-09,79.58684539794922,114.13127899169922,115.2281494140625,113.51252746582031,114.32815551757812,4769289
2019-09-11,78.99848175048828,113.28752899169922,114.69377899169922,112.38752746582031,114.18753051757812,7723322
2019-09-12,78.31204223632812,112.30315399169922,113.62503051757812,111.17815399169922,113.62503051757812,11516235
2019-09-13,79.48878479003906,113.99065399169922,114.18753051757812,111.96565246582031,112.21878051757812,7223537
2019-09-16,79.29266357421875,113.70940399169922,114.75003051757812,112.9781494140625,113.06253051757812,6031015
2019-09-17,78.6258316040039,112.7531509399414,114.0187759399414,112.1343994140625,113.85002899169922,5823968
2019-09-18,79.2534408569336,113.65315246582031,114.18753051757812,111.51565551757812,112.78128051757812,7206830
2019-09-19,78.90040588378906,113.14690399169922,114.04690551757812,111.9937744140625,114.04690551757812,6306748
2019-09-20,76.95877838134766,110.3625259399414,117.50627899169922,109.91252899169922,112.6125259399414,51859153
2019-09-23,73.86003875732422,105.91877746582031,111.51565551757812,104.85002899169922,110.81253051757812,24586363
2019-09-24,74.703369140625,107.1281509399414,107.9719009399414,104.0625228881836,105.69377899169922,18234411
2019-09-25,77.95902252197266,111.79690551757812,114.41252899169922,108.6187744140625,108.84378051757812,48245282
2019-09-26,78.15513610839844,112.07815551757812,113.28752899169922,110.8687744140625,112.4719009399414,15826874
2019-09-27,77.70405578613281,111.4312744140625,112.35940551757812,110.27815246582031,111.26252746582031,10034452
2019-09-30,78.07669067382812,111.96565246582031,112.50003051757812,110.05315399169922,110.81253051757812,9111327
2019-10-01,77.07646942138672,110.53128051757812,113.99065399169922,110.25003051757812,112.21878051757812,7634447
2019-10-03,78.0962905883789,111.9937744140625,112.50003051757812,109.40628051757812,110.6437759399414,9432906
2019-10-04,77.09607696533203,110.55940246582031,112.38752746582031,110.0250244140625,111.96565246582031,19442087
2019-10-07,77.07646942138672,110.53128051757812,111.03752899169922,109.35002899169922,110.6437759399414,11655995
2019-10-09,77.54716491699219,111.2062759399414,111.88127899169922,109.91252899169922,111.09378051757812,8504262
2019-10-10,78.0962905883789,111.9937744140625,112.2750244140625,110.53128051757812,111.31877899169922,6982965
2019-10-11,78.84158325195312,113.06253051757812,114.89065551757812,111.88127899169922,111.96565246582031,10517558
2019-10-14,77.82173919677734,111.60002899169922,113.79377746582031,111.2062759399414,113.06253051757812,11162487
2019-10-15,78.93962860107422,113.20315551757812,113.62503051757812,111.54377746582031,111.60002899169922,5013200
2019-10-16,77.88058471679688,111.68440246582031,113.20315551757812,110.61565399169922,113.06253051757812,6668842
2019-10-17,77.54716491699219,111.2062759399414,112.35940551757812,110.53128051757812,111.79690551757812,7899823
2019-10-18,79.44955444335938,113.93440246582031,114.32815551757812,110.81253051757812,111.2062759399414,8795448
2019-10-22,80.43016815185547,115.34065246582031,116.74690246582031,113.06253051757812,113.06253051757812,10675241
2019-10-23,80.90087127685547,116.01565551757812,116.43753051757812,113.79377746582031,115.31253051757812,5777589
2019-10-24,80.05753326416016,114.8062744140625,116.57815551757812,114.5250244140625,116.10002899169922,5428181
2019-10-25,79.6064682006836,114.1594009399414,115.53752899169922,113.14690399169922,115.53752899169922,3993616
2019-10-27,79.37109375,113.8218994140625,114.91877746582031,113.06253051757812,114.75003051757812,388417
2019-10-29,78.8611831665039,113.09065246582031,114.13127899169922,112.21878051757812,113.76565551757812,5943950
2019-10-30,78.42971801757812,112.4719009399414,114.6656494140625,112.10627746582031,114.6656494140625,6419057
2019-10-31,77.80211639404297,111.5718994140625,113.00627899169922,111.2906494140625,112.66877746582031,15582577
2019-11-01,77.3902587890625,110.98127746582031,111.8531494140625,110.67190551757812,111.6281509399414,8803683
2019-11-04,76.39002227783203,109.54690551757812,111.74065399169922,109.15315246582031,111.31877899169922,15175738
2019-11-05,76.64498901367188,109.91252899169922,110.53128051757812,109.06877899169922,109.54690551757812,8153818
2019-11-06,76.52731323242188,109.7437744140625,110.53128051757812,109.5187759399414,109.91252899169922,9183411
2019-11-07,76.17430114746094,109.2375259399414,110.7281494140625,108.92815399169922,110.25003051757812,15498054
2019-11-08,75.174072265625,107.80315399169922,109.91252899169922,107.3531494140625,109.82815551757812,11762251
2019-11-11,75.2132797241211,107.8593978881836,108.6187744140625,107.0718994140625,107.80315399169922,10089055
2019-11-13,74.23267364501953,106.4531478881836,109.3218994140625,105.91877746582031,108.00003051757812,9456977
2019-11-14,73.74237060546875,105.7500228881836,106.95940399169922,105.13127899169922,106.8750228881836,19380370
2019-11-15,73.6050796508789,105.55315399169922,106.25627899169922,105.0468978881836,105.7500228881836,18256039
2019-11-18,74.78182220458984,107.24065399169922,107.4375228881836,104.99065399169922,105.5812759399414,11766437
2019-11-19,76.66460418701172,109.9406509399414,110.25003051757812,106.9875259399414,107.4375228881836,22218922
2019-11-20,76.9195556640625,110.3062744140625,110.89690399169922,109.12503051757812,110.2219009399414,9597590
2019-11-21,76.99800872802734,110.41877746582031,110.7844009399414,109.12503051757812,110.13752746582031,12107895
2019-11-22,77.95902252197266,111.79690551757812,113.1750259399414,110.25003051757812,110.25003051757812,16199814
2019-11-25,77.90018463134766,111.7125244140625,112.72502899169922,111.26252746582031,111.93753051757812,6529113
2019-11-26,76.25274658203125,109.35002899169922,112.16252899169922,109.06877899169922,111.96565246582031,21594044
2019-11-27,76.52731323242188,109.7437744140625,110.25003051757812,109.1812744140625,109.6594009399414,12155700
2019-11-28,76.93917846679688,110.33440399169922,111.23440551757812,109.2375259399414,110.3625259399414,6724188
2019-11-29,75.82127380371094,108.73127746582031,110.19377899169922,108.0562744140625,109.91252899169922,17547179
2019-12-02,75.07601165771484,107.66252899169922,109.68753051757812,107.10002899169922,109.68753051757812,19957065
2019-12-03,74.2915267944336,106.53752899169922,108.0562744140625,106.3687744140625,108.0562744140625,7451455
2019-12-04,73.89926147460938,105.97502899169922,106.8750228881836,105.5812759399414,106.5656509399414,10311154
2019-12-05,73.46778869628906,105.35627746582031,106.25627899169922,104.9062728881836,106.0312728881836,4569931
2019-12-06,73.19322967529297,104.9625244140625,105.83440399169922,104.5406494140625,105.4406509399414,5388071
2019-12-09,73.7227554321289,105.7219009399414,106.2281494140625,104.37190246582031,105.1875228881836,5459781
2019-12-10,71.68306732177734,102.7968978881836,105.7219009399414,102.4875259399414,105.7219009399414,10563080
2019-12-11,71.29082489013672,102.2343978881836,103.10627746582031,100.29377746582031,102.9375228881836,39214905
2019-12-12,72.4675521850586,103.9218978881836,105.9468994140625,101.84065246582031,102.7968978881836,63493233
2019-12-13,72.84020233154297,104.4562759399414,105.49690246582031,104.0625228881836,104.4562759399414,12987237
2019-12-16,73.33050537109375,105.1594009399414,105.69377899169922,104.3156509399414,104.7375259399414,8479418
2019-12-17,73.7619857788086,105.77815246582031,106.2281494140625,104.4000244140625,105.3843994140625,17903634
2019-12-18,73.42857360839844,105.3000259399414,106.3125228881836,104.70940399169922,105.21565246582031,10099352
2019-12-19,73.11476135253906,104.85002899169922,105.27190399169922,104.00627899169922,105.2437744140625,5749401
2019-12-20,72.99710083007812,104.6812744140625,105.4406509399414,104.1187744140625,104.42815399169922,9690984
2019-12-23,72.87942504882812,104.51252746582031,105.4687728881836,103.9218978881836,104.42815399169922,17045076
2019-12-24,73.40896606445312,105.27190399169922,105.41252899169922,104.3437728881836,104.8781509399414,3748896
2019-12-26,72.50679779052734,103.9781494140625,105.4687728881836,103.52815246582031,105.35627746582031,3925143
2019-12-27,74.15421295166016,106.34065246582031,106.5937728881836,104.3437728881836,104.3437728881836,7122947
2019-12-30,74.64453125,107.04377746582031,107.7187728881836,106.1437759399414,106.3125228881836,6925363
2019-12-31,74.62492370605469,107.0156478881836,108.14065551757812,106.4531478881836,106.5937728881836,11907723
2020-01-01,76.68421173095703,109.96878051757812,110.19377899169922,107.0156478881836,107.18440246582031,13620373
2020-01-02,76.52731323242188,109.7437744140625,110.6437759399414,109.3218994140625,109.99690246582031,5673692
2020-01-03,75.70359802246094,108.56253051757812,109.57502746582031,107.5781478881836,109.26565551757812,7358268
2020-01-06,75.7428207397461,108.6187744140625,109.0969009399414,105.7500228881836,108.00003051757812,7355290
2020-01-07,75.19367980957031,107.8312759399414,109.40628051757812,107.52190399169922,108.64690399169922,14023712
2020-01-08,74.74258422851562,107.18440246582031,107.4094009399414,106.2281494140625,107.04377746582031,9451757
2020-01-09,75.68397521972656,108.5344009399414,108.78752899169922,107.52190399169922,107.9719009399414,7714854
2020-01-10,75.37019348144531,108.08440399169922,108.9562759399414,107.4375228881836,108.9562759399414,4118638
2020-01-13,76.40963745117188,109.57502746582031,109.68753051757812,107.88752746582031,108.22502899169922,27682638
2020-01-14,76.58616638183594,109.82815551757812,110.4468994140625,109.26565551757812,109.57502746582031,5994314
2020-01-15,76.19391632080078,109.26565551757812,110.13752746582031,108.50627899169922,109.91252899169922,7114590
2020-01-16,77.05683898925781,110.5031509399414,111.2062759399414,109.1812744140625,109.1812744140625,8552344
2020-01-17,77.42947387695312,111.03752899169922,111.2906494140625,108.92815399169922,110.2219009399414,4698386
2020-01-20,80.27327728271484,115.11565399169922,118.68753051757812,114.32815551757812,114.97502899169922,49337827
2020-01-21,78.6846694946289,112.8375244140625,114.91877746582031,111.93753051757812,114.55315399169922,17283910
2020-01-22,78.46893310546875,112.52815246582031,113.8218994140625,108.59065246582031,112.78128051757812,56787054
2020-01-23,79.21420288085938,113.5969009399414,116.66252899169922,109.06877899169922,110.67190551757812,226059260
2020-01-24,77.25296020507812,110.7844009399414,111.45940399169922,109.26565551757812,110.5031509399414,16151679
2020-01-27,75.70359802246094,108.56253051757812,110.5031509399414,108.16877746582031,110.47502899169922,8213919
2020-01-28,74.703369140625,107.1281509399414,108.56253051757812,106.3687744140625,108.56253051757812,9174575
2020-01-29,75.46824645996094,108.22502899169922,109.01252746582031,106.4531478881836,107.1281509399414,17600091
2020-01-30,76.25274658203125,109.35002899169922,109.82815551757812,107.66252899169922,108.22502899169922,26386034
2020-01-31,73.2912826538086,105.1031494140625,109.96878051757812,104.1187744140625,109.85627746582031,63986362
2020-02-03,73.4874038696289,105.3843994140625,106.3125228881836,99.8156509399414,101.75627136230469,16329297
2020-02-04,76.2331314086914,109.3218994140625,109.85627746582031,105.7500228881836,105.9468994140625,14207381
2020-02-05,74.27189636230469,106.5093994140625,110.0812759399414,105.7500228881836,109.1812744140625,14550344
2020-02-06,75.66438293457031,108.50627899169922,108.98440551757812,106.11565399169922,106.8469009399414,9175642
2020-02-07,74.68375396728516,107.10002899169922,108.45002746582031,106.05940246582031,108.45002746582031,18058457
2020-02-10,73.19322967529297,104.9625244140625,107.4937744140625,103.9218978881836,107.2687759399414,30471811
2020-02-11,74.33074188232422,106.5937728881836,107.5500259399414,105.8062744140625,106.0312728881836,32456571
2020-02-12,74.27189636230469,106.5093994140625,107.94377899169922,106.05940246582031,106.90315246582031,16386952
2020-02-13,74.74258422851562,107.18440246582031,107.52190399169922,105.5812759399414,106.20002746582031,18581113
2020-02-14,72.21260070800781,103.5562744140625,107.66252899169922,103.16252136230469,107.1562728881836,23830630
2020-02-17,72.01648712158203,103.2750244140625,104.51252746582031,101.55940246582031,104.0625228881836,17670292
2020-02-18,72.56562805175781,104.0625228881836,104.8218994140625,101.7281494140625,102.7125244140625,30879880
2020-02-19,73.54623413085938,105.4687728881836,105.7219009399414,102.9375228881836,104.6250228881836,22313738
2020-02-20,74.23267364501953,106.4531478881836,107.2687759399414,104.56877899169922,105.4687728881836,25907657
2020-02-24,72.99710083007812,104.6812744140625,106.4250259399414,104.09065246582031,106.3125228881836,14921452
2020-02-25,73.0167236328125,104.70940399169922,105.5812759399414,104.2593994140625,104.6812744140625,17807428
2020-02-26,72.8990249633789,104.5406494140625,105.97502899169922,103.4719009399414,104.0625228881836,17113656
2020-02-27,73.13438415527344,104.8781509399414,105.5812759399414,101.98127746582031,104.1187744140625,28472046
2020-02-28,71.19276428222656,102.0937728881836,104.23127746582031,100.77189636230469,103.1906509399414,28010970
2020-03-02,71.97724914550781,103.2187728881836,105.3000259399414,102.2343978881836,103.3593978881836,19540018
2020-03-03,75.19367980957031,107.8312759399414,109.5187759399414,102.40315246582031,103.38752746582031,16039306
2020-03-04,77.29220581054688,110.84065246582031,111.37503051757812,106.05940246582031,107.2687759399414,16939245
2020-03-05,76.86072540283203,110.2219009399414,112.24690246582031,109.43440246582031,110.27815246582031,9715265
2020-03-06,74.76220703125,107.2125244140625,108.3375244140625,105.83440399169922,107.1562728881836,14371982
2020-03-09,70.97704315185547,101.7844009399414,106.0875244140625,100.0969009399414,104.00627899169922,69609292
2020-03-11,71.15354919433594,102.03752136230469,103.44377136230469,99.7031478881836,100.9687728881836,42604599
2020-03-12,65.15216827392578,93.4312744140625,100.06877136230469,92.6718978881836,99.1125259399414,58418097
2020-03-13,65.85819244384766,94.44377136230469,97.0875244140625,84.0937728881836,91.57501983642578,44617540
2020-03-16,64.23555755615234,88.84689331054688,91.63127136230469,87.1875228881836,91.35002136230469,39669086
2020-03-17,65.88261413574219,91.1250228881836,95.8218994140625,87.6093978881836,88.05939483642578,35460792
2020-03-18,58.623329162597656,81.08439636230469,92.75627136230469,68.70938873291016,92.2500228881836,119909061
2020-03-19,59.8433723449707,82.77189636230469,85.44377136230469,78.80626678466797,81.78752136230469,44039786
2020-03-20,63.95085906982422,88.4531478881836,91.0406494140625,83.3906478881836,83.3906478881836,131485883
2020-03-23,62.222469329833984,86.0625228881836,87.6656494140625,79.62189483642578,79.62189483642578,39665620
2020-03-24,59.904361724853516,82.85626983642578,88.42501831054688,81.78752136230469,85.52814483642578,42302851
2020-03-25,61.10409927368164,84.5156478881836,88.28439331054688,83.44689178466797,83.5312728881836,23309603
2020-03-26,64.3982162475586,89.0718994140625,90.95626831054688,82.8281478881836,84.7125244140625,25329120
2020-03-27,65.06924438476562,90.0000228881836,93.5156478881836,88.11564636230469,89.2125244140625,28883749
2020-03-30,63.3001594543457,87.55314636230469,89.94377136230469,86.09064483642578,87.1875228881836,22364337
2020-03-31,64.70323181152344,89.4937744140625,91.01251983642578,87.97502136230469,89.10002136230469,24838523
2020-04-01,62.873165130615234,86.9625244140625,91.09689331054688,86.14689636230469,89.4375228881836,14182117
2020-04-03,63.52384567260742,87.86251831054688,90.25314331054688,85.3593978881836,86.93439483642578,21066826
2020-04-07,64.2558822631836,88.8750228881836,91.06877136230469,87.97502136230469,90.5625228881836,24741992
2020-04-08,64.3982162475586,89.0718994140625,91.51876831054688,87.3281478881836,88.81877136230469,21481260
2020-04-09,66.87898254394531,92.5031509399414,93.7687759399414,89.0718994140625,90.50627136230469,15607786
2020-04-13,65.04889678955078,89.97189331054688,92.75627136230469,88.4531478881836,92.2500228881836,14901247
2020-04-15,64.88623046875,89.74689483642578,92.19377136230469,89.12814331054688,90.81564331054688,25249654
2020-04-16,66.45195007324219,91.91252136230469,93.7687759399414,88.5937728881836,88.98751831054688,31150756
2020-04-17,68.22103118896484,94.3593978881836,97.4531478881836,92.3906478881836,94.30314636230469,18536308
2020-04-20,67.30599975585938,93.0937728881836,95.1750259399414,91.20939636230469,95.1750259399414,24177042
2020-04-21,66.14695739746094,91.49064636230469,93.3750228881836,91.20939636230469,92.2500228881836,13915863
2020-04-22,65.96392822265625,91.23751831054688,91.5468978881836,88.0875244140625,90.0000228881836,19702407
2020-04-23,64.2558822631836,88.8750228881836,91.06877136230469,88.6500244140625,90.8437728881836,32128585
2020-04-24,64.72356414794922,89.52189636230469,90.0562744140625,87.6093978881836,88.3125228881836,33134279
2020-04-27,64.90657806396484,89.7750244140625,90.8437728881836,88.67814636230469,90.8437728881836,9762001
2020-04-28,63.93052673339844,88.42501831054688,90.22502136230469,88.20001983642578,90.02814483642578,26134701
2020-04-29,64.27621459960938,88.90314483642578,90.3375244140625,87.7500228881836,89.7187728881836,14509262
2020-04-30,65.9029541015625,91.15314483642578,91.94064331054688,88.42501831054688,89.7750244140625,18702868
2020-05-04,64.68289184570312,89.46564483642578,90.8437728881836,88.6500244140625,90.50627136230469,12598146
2020-05-05,66.55363464355469,92.05314636230469,93.2906494140625,90.11251831054688,90.81564331054688,18305545
2020-05-06,67.26533508300781,93.03752136230469,93.74064636230469,91.51876831054688,91.63127136230469,12853774
2020-05-07,65.78093719482422,90.9843978881836,92.8125228881836,90.5625228881836,92.05314636230469,8561359
2020-05-08,64.6625747680664,89.4375228881836,91.4625244140625,88.9312744140625,91.4625244140625,30898767
2020-05-11,64.58123016357422,89.32501983642578,91.35002136230469,89.0718994140625,89.60626983642578,9453421
2020-05-12,66.41130065917969,91.85626983642578,92.8125228881836,88.70626831054688,89.1562728881836,19986028
2020-05-13,67.773681640625,93.74064636230469,96.69377136230469,91.15314483642578,96.4406509399414,27175817
2020-05-14,65.39459228515625,90.45001983642578,92.2500228881836,90.0000228881836,92.2500228881836,26454121
2020-05-15,64.9879150390625,89.88751983642578,90.9843978881836,89.0156478881836,89.55001831054688,20009870
2020-05-18,62.83249282836914,86.9062728881836,90.11251831054688,86.23126983642578,89.9156494140625,32898286
2020-05-19,64.27621459960938,88.90314483642578,89.60626983642578,86.6250228881836,87.1875228881836,12276533
2020-05-20,64.4388656616211,89.12814331054688,90.36564636230469,87.6093978881836,87.8906478881836,24677051
2020-05-21,64.62190246582031,89.38127136230469,89.9156494140625,88.3125228881836,88.62189483642578,17176100
2020-05-22,63.381507873535156,87.6656494140625,88.8750228881836,86.6812744140625,88.3125228881836,25080927
2020-05-26,63.99153518676758,88.5093994140625,89.26876831054688,87.4687728881836,87.83439636230469,18512685
2020-05-27,63.91020202636719,88.39689636230469,88.81877136230469,87.6093978881836,88.5093994140625,22655078
2020-05-28,63.95085906982422,88.4531478881836,89.0718994140625,87.77814483642578,89.0718994140625,25797051
2020-05-29,64.0728759765625,88.62189483642578,89.24064636230469,88.0875244140625,88.4531478881836,63844851
2020-06-01,64.60157012939453,89.3531494140625,90.59064483642578,88.70626831054688,89.18439483642578,45314328
2020-06-02,67.12299346923828,92.84064483642578,94.6968994140625,89.2125244140625,89.9156494140625,43626060
2020-06-03,66.9196548461914,92.55939483642578,94.2187728881836,92.1656494140625,93.0937728881836,13811685
2020-06-04,68.83104705810547,95.2031478881836,95.5969009399414,92.8687744140625,92.9250259399414,23992166
2020-06-05,69.72575378417969,96.4406509399414,98.04377746582031,92.55939483642578,93.9375228881836,22851633
2020-06-08,70.09178924560547,96.9468994140625,98.38127136230469,96.1031494140625,97.5656509399414,11723588
2020-06-09,69.35974884033203,95.93439483642578,97.90315246582031,95.6250228881836,97.8750228881836,8412588
2020-06-10,69.1563949584961,95.65314483642578,96.3281478881836,94.8375244140625,95.93439483642578,10101681
2020-06-11,69.54275512695312,96.1875228881836,100.29377746582031,94.4156494140625,94.52814483642578,22109491
2020-06-12,67.63134002685547,93.54376983642578,95.28752136230469,93.1500244140625,93.40314483642578,20331770
2020-06-15,66.3909683227539,91.8281478881836,93.3750228881836,91.4625244140625,92.9250259399414,13833335
2020-06-16,66.16728210449219,91.51876831054688,93.5156478881836,90.81564331054688,93.2062759399414,13972830
2020-06-17,64.86590576171875,89.7187728881836,91.01251983642578,89.0718994140625,90.4781494140625,28371013
2020-06-18,67.2856674194336,93.0656509399414,93.54376983642578,89.7187728881836,90.39376831054688,19720997
2020-06-19,69.70542907714844,96.41252136230469,96.91877746582031,92.84064483642578,93.2906494140625,21577413
2020-06-22,72.63352966308594,100.4625244140625,101.1093978881836,95.99064636230469,99.22502136230469,33039735
2020-06-23,76.23267364501953,105.4406509399414,106.3125228881836,100.71565246582031,102.0937728881836,34298071
2020-06-24,72.5928955078125,100.4062728881836,105.97502899169922,99.5625228881836,105.0468978881836,32910525
2020-06-25,72.93856048583984,100.8843994140625,103.10627746582031,98.0718994140625,100.35002136230469,40909792
2020-06-26,72.87757110595703,100.8000259399414,102.4312744140625,100.20939636230469,101.7844009399414,11954078
2020-06-29,72.49119567871094,100.2656478881836,101.41877746582031,99.64689636230469,100.1250228881836,7547198
2020-06-30,71.10848236083984,98.3531494140625,101.2219009399414,97.8750228881836,100.6875228881836,11889584
2020-07-01,70.53913116455078,97.5656509399414,98.66252136230469,96.69377136230469,98.4375228881836,15209917
2020-07-02,71.21014404296875,98.4937744140625,99.45002746582031,97.0875244140625,97.5937728881836,15481100
2020-07-03,72.22687530517578,99.9000244140625,100.91252136230469,98.4937744140625,99.0000228881836,22720042
2020-07-06,72.38953399658203,100.1250228881836,100.5187759399414,98.88752746582031,100.35002136230469,11724475
2020-07-07,70.39678955078125,97.3687744140625,100.4062728881836,96.5812759399414,100.4062728881836,20855578
2020-07-08,69.0344009399414,95.4843978881836,98.24064636230469,94.95001983642578,97.3125228881836,16818545
2020-07-09,69.76643371582031,96.49690246582031,97.0312728881836,95.3437728881836,95.9062728881836,16110083
2020-07-10,70.19343566894531,97.0875244140625,97.7343978881836,95.3437728881836,96.5250244140625,23809286
2020-07-13,68.77005004882812,95.1187744140625,97.9875259399414,94.6125259399414,97.0875244140625,10803798
2020-07-14,66.43162536621094,91.8843994140625,94.95001983642578,91.6875228881836,94.7812728881836,16288923
2020-07-15,66.51296997070312,91.99689483642578,93.54376983642578,91.7437744140625,92.84064483642578,15061461
2020-07-16,65.96392822265625,91.23751831054688,92.5312728881836,89.7187728881836,92.5312728881836,15458966
2020-07-17,66.41130065917969,91.85626983642578,92.1656494140625,90.92814636230469,90.92814636230469,13711930
2020-07-20,66.49262237548828,91.9687728881836,92.3906478881836,91.3218994140625,91.85626983642578,8390572
2020-07-21,70.62046813964844,97.67814636230469,98.1281509399414,92.3062744140625,92.3062744140625,33717545
2020-07-22,73.06055450439453,101.05314636230469,102.03752136230469,97.76252746582031,97.8750228881836,46076322
2020-07-23,73.91458892822266,102.2343978881836,102.68440246582031,99.8156509399414,100.1250228881836,18738194
2020-07-24,74.01626586914062,102.3750228881836,103.0781478881836,100.49064636230469,100.9687728881836,14438899
2020-07-27,73.56890869140625,101.75627136230469,102.12190246582031,100.5468978881836,101.98127746582031,11938756
2020-07-28,73.97559356689453,102.31877136230469,102.8531494140625,100.5187759399414,101.3625259399414,11893746
2020-07-29,73.91458892822266,102.2343978881836,103.7812728881836,101.5312728881836,101.98127746582031,13335993
2020-07-30,71.92183685302734,99.4781494140625,103.0781478881836,98.7750244140625,102.6562728881836,23995122
2020-07-31,72.51154327392578,100.29377746582031,100.8843994140625,99.1125259399414,99.3375244140625,14354565
2020-08-03,72.61321258544922,100.43440246582031,100.9687728881836,97.9312744140625,100.6875228881836,12500988
2020-08-04,72.49119567871094,100.2656478881836,100.71565246582031,98.7750244140625,100.0406494140625,9628257
2020-08-05,71.55583190917969,98.9719009399414,100.0969009399414,98.52189636230469,99.59065246582031,10577794
2020-08-06,71.53549194335938,98.94377136230469,99.9843978881836,98.66252136230469,99.36564636230469,8564058
2020-08-07,71.55583190917969,98.9719009399414,100.0969009399414,98.5781478881836,98.88752746582031,8026904
2020-08-10,72.08452606201172,99.7031478881836,100.57502746582031,99.1406478881836,99.4781494140625,7766140
2020-08-11,71.92183685302734,99.4781494140625,102.5718994140625,98.74690246582031,100.20939636230469,21833550
2020-08-12,72.40987396240234,100.15315246582031,100.9406509399414,97.4250259399414,99.1125259399414,19435650
2020-08-13,72.69454193115234,100.5468978881836,101.41877746582031,99.22502136230469,101.2219009399414,10641012
2020-08-14,71.3321533203125,98.66252136230469,101.61564636230469,97.9312744140625,101.61564636230469,17130105
2020-08-17,72.65387725830078,100.49064636230469,102.6562728881836,98.7750244140625,99.0000228881836,17368089
2020-08-18,72.28785705566406,99.9843978881836,101.19377136230469,99.30940246582031,101.1656494140625,13890131
2020-08-19,72.12519836425781,99.7593994140625,100.91252136230469,99.59065246582031,100.4062728881836,12400644
2020-08-20,73.69090270996094,101.9250259399414,105.8062744140625,99.2531509399414,99.6750259399414,44062975
2020-08-21,76.90370178222656,106.3687744140625,107.1562728881836,102.7125244140625,102.9375228881836,49949864
2020-08-24,75.33798217773438,104.2031478881836,107.24065399169922,103.72502136230469,106.67815399169922,19724617
2020-08-25,75.13462829589844,103.9218978881836,105.07502746582031,102.9375228881836,104.9062728881836,10109220
2020-08-26,75.37864685058594,104.2593994140625,106.67815399169922,103.5562744140625,105.1875228881836,18000615
2020-08-27,75.31765747070312,104.1750259399414,105.55315399169922,103.8937759399414,105.13127899169922,10363056
2020-08-28,74.1382827758789,102.54377746582031,105.0468978881836,102.26252746582031,104.9062728881836,12114955
2020-08-31,72.77587890625,100.6594009399414,104.2593994140625,100.1250228881836,103.2187728881836,24259718
2020-09-01,73.36556243896484,101.47502136230469,102.54377746582031,100.4625244140625,100.71565246582031,16505345
2020-09-02,75.37899780273438,101.9250259399414,102.9937744140625,98.5781478881836,100.0969009399414,30959608
2020-09-03,74.25582122802734,100.4062728881836,102.0656509399414,99.92814636230469,101.47502136230469,11884498
2020-09-04,72.82062530517578,98.46565246582031,100.1250228881836,97.7062759399414,99.6750259399414,17373558
2020-09-07,73.27821350097656,99.08439636230469,99.5344009399414,97.34065246582031,98.46565246582031,13069001
2020-09-08,72.75820922851562,98.38127136230469,99.0000228881836,97.7343978881836,98.9156494140625,9597878
2020-09-09,72.90381622314453,98.5781478881836,100.0969009399414,97.53752136230469,98.4375228881836,20122483
2020-09-10,73.88140869140625,99.9000244140625,100.3781509399414,97.95939636230469,99.0000228881836,19635358
2020-09-11,72.8622055053711,98.52189636230469,100.29377746582031,97.9312744140625,100.1812744140625,31182063
2020-09-14,71.34380340576172,96.4687728881836,99.8437728881836,96.0468978881836,99.8437728881836,14143608
2020-09-15,72.09261322021484,97.48127746582031,97.81877136230469,96.1875228881836,96.6656494140625,7858789
2020-09-16,71.53101348876953,96.7219009399414,97.5656509399414,96.07502746582031,97.3125228881836,13201491
2020-09-17,70.01262664794922,94.66876983642578,96.41252136230469,94.44377136230469,96.3843994140625,10765947
2020-09-18,71.5102310180664,96.69377136230469,97.3125228881836,94.10626983642578,95.1187744140625,23788415
2020-09-21,70.92781066894531,95.9062728881836,96.5812759399414,94.30314636230469,96.1875228881836,13331596
2020-09-22,70.22061157226562,94.95001983642578,95.8781509399414,93.6562728881836,94.95001983642578,9039386
2020-09-23,68.18222045898438,92.19377136230469,95.56877136230469,91.57501983642578,95.56877136230469,8404497
2020-09-24,66.28941345214844,89.6343994140625,92.84064483642578,89.1562728881836,91.2656478881836,20770480
2020-09-25,66.87183380126953,90.4218978881836,91.4062728881836,89.83126831054688,90.5625228881836,8761400
2020-09-28,69.95022583007812,94.58439636230469,95.09064483642578,90.5625228881836,90.5625228881836,16915185
2020-09-29,67.9326400756836,91.85626983642578,95.28752136230469,91.4062728881836,95.0625228881836,13468026
2020-09-30,67.57902526855469,91.37814331054688,91.8281478881836,90.16876983642578,91.65939331054688,14349950
2020-10-01,68.47343444824219,92.5875244140625,93.3750228881836,91.57501983642578,92.6718978881836,14856837
2020-10-05,67.74542999267578,91.6031494140625,93.60002136230469,91.20939636230469,92.2500228881836,10360105
2020-10-06,67.89102172851562,91.80001831054688,92.47502136230469,91.0406494140625,91.7437744140625,8989183
2020-10-07,66.39342498779297,89.7750244140625,91.80001831054688,89.4375228881836,91.6875228881836,17614061
2020-10-08,65.85263061523438,89.04376983642578,90.6187744140625,88.8750228881836,90.11251831054688,12953710
2020-10-09,65.72781372070312,88.8750228881836,89.6343994140625,88.14376831054688,89.26876831054688,11980039
2020-10-12,66.47662353515625,89.88751983642578,91.57501983642578,89.18439483642578,89.55001831054688,20670634
2020-10-13,66.74703216552734,90.25314331054688,91.1250228881836,89.55001831054688,90.0000228881836,11179799
2020-10-14,65.33263397216797,88.34064483642578,90.45001983642578,87.91876983642578,90.25314331054688,13362234
2020-10-15,64.79182434082031,87.6093978881836,88.34064483642578,86.9625244140625,88.0875244140625,15536883
2020-10-16,66.1230239868164,89.40939331054688,90.67501831054688,87.3843994140625,87.8062744140625,18673957
2020-10-19,66.4558334350586,89.8593978881836,91.35002136230469,89.66252136230469,89.97189331054688,18793008
2020-10-20,65.39501953125,88.42501831054688,90.22502136230469,88.25627136230469,90.0000228881836,13701957
2020-10-21,68.11981201171875,92.1093978881836,93.45939636230469,88.4531478881836,88.6500244140625,36573148
2020-10-22,68.6814193725586,92.8687744140625,93.31877136230469,90.67501831054688,91.20939636230469,39056262
2020-10-23,70.7822036743164,95.70939636230469,96.41252136230469,92.6437759399414,92.8687744140625,29149043
2020-10-26,71.57261657714844,96.77815246582031,97.2844009399414,95.42814636230469,95.65314483642578,36760149
2020-10-27,72.17581176757812,97.5937728881836,98.6343994140625,96.4687728881836,96.77815246582031,23610507
2020-10-28,71.9054183959961,97.2281494140625,98.18440246582031,96.49690246582031,98.18440246582031,14060472
2020-10-29,71.38542175292969,96.5250244140625,97.48127746582031,95.7656478881836,96.21565246582031,17654072
2020-10-30,71.13581848144531,96.1875228881836,96.7500228881836,95.23126983642578,95.9062728881836,22904945
2020-11-02,71.98861694335938,97.34065246582031,98.10002136230469,96.7219009399414,97.05940246582031,13423596
2020-11-03,74.85900115966797,101.2219009399414,101.6437759399414,97.7906494140625,97.8750228881836,27441682
2020-11-04,73.67340850830078,99.6187744140625,101.2500228881836,98.24064636230469,101.2219009399414,19461431
2020-11-05,74.4845962524414,100.71565246582031,101.13752746582031,99.3375244140625,100.1250228881836,10248002
2020-11-06,74.23501586914062,100.3781509399414,100.9406509399414,99.6187744140625,100.2656478881836,8815864
2020-11-09,76.56460571289062,103.52815246582031,103.8937759399414,100.7437744140625,101.19377136230469,15228920
2020-11-10,77.33419799804688,104.56877899169922,105.1031494140625,102.12190246582031,103.10627746582031,13815795
2020-11-11,78.89420318603516,106.67815399169922,107.4375228881836,103.44377136230469,103.44377136230469,15502357
2020-11-12,78.8318099975586,106.5937728881836,107.4094009399414,105.27190399169922,107.1562728881836,26079694
2020-11-13,78.56139373779297,106.2281494140625,106.8469009399414,104.7375259399414,106.0875244140625,11968619
2020-11-14,78.20781707763672,105.7500228881836,106.81877899169922,105.1875228881836,106.3125228881836,1162700
2020-11-17,77.70858764648438,105.07502746582031,106.4531478881836,104.5406494140625,105.1875228881836,16872514
2020-11-18,77.12621307373047,104.28752899169922,106.7062759399414,103.9218978881836,105.07502746582031,16685757
2020-11-19,78.95660400390625,106.76252746582031,110.9250259399414,100.35002136230469,100.4062728881836,64832376
2020-11-20,79.80937957763672,107.9156494140625,109.12503051757812,106.3687744140625,108.84378051757812,27479934
2020-11-23,81.01580047607422,109.54690551757812,110.19377899169922,107.1562728881836,108.00003051757812,20909280
2020-11-24,80.91179656982422,109.40628051757812,111.2062759399414,108.70315551757812,109.68753051757812,15308572
2020-11-25,81.24459838867188,109.85627746582031,111.0656509399414,108.87190246582031,109.40628051757812,19854793
2020-11-26,82.22219848632812,111.17815399169922,112.02190399169922,108.4781494140625,109.77190399169922,24879552
2020-11-27,80.0381851196289,108.22502899169922,111.17815399169922,106.1437759399414,111.17815399169922,46793847
2020-12-01,80.01739501953125,108.1968994140625,110.5031509399414,107.80315399169922,109.6031494140625,18193922
2020-12-02,80.76619720458984,109.20940399169922,109.8000259399414,106.62190246582031,108.4781494140625,15836732
2020-12-03,80.47499084472656,108.8156509399414,109.7437744140625,107.4375228881836,109.68753051757812,21308517
2020-12-04,80.84938049316406,109.3218994140625,110.7844009399414,108.42190551757812,109.2375259399414,14838659
2020-12-07,80.49579620361328,108.84378051757812,110.95315551757812,108.28128051757812,108.56253051757812,22078115
2020-12-08,79.70538330078125,107.7750244140625,109.4625244140625,107.4937744140625,109.12503051757812,15896364
2020-12-09,80.1629867553711,108.3937759399414,109.54690551757812,107.4937744140625,108.50627899169922,18701467
2020-12-10,80.18379211425781,108.42190551757812,109.91252899169922,107.7187728881836,108.56253051757812,13612880
2020-12-11,80.32937622070312,108.6187744140625,109.82815551757812,108.08440399169922,109.12503051757812,14876364
2020-12-14,80.82860565185547,109.29377746582031,110.81253051757812,108.45002746582031,110.25003051757812,20316890
2020-12-15,80.20460510253906,108.45002746582031,109.5187759399414,107.6343994140625,109.35002899169922,16084083
2020-12-16,81.6189956665039,110.3625259399414,110.7281494140625,108.30940246582031,109.5187759399414,35024972
2020-12-17,82.51542663574219,108.73127746582031,109.91252899169922,107.7750244140625,108.73127746582031,23058726
2020-12-18,82.77155303955078,109.06877899169922,109.57502746582031,108.02815246582031,108.73127746582031,20310375
2020-12-21,79.18578338623047,104.3437728881836,108.6750259399414,103.7531509399414,108.56253051757812,21609326
2020-12-22,81.23480224609375,107.04377746582031,107.46565246582031,104.0625228881836,104.3156509399414,23934507
2020-12-23,81.08538055419922,106.8469009399414,107.8312759399414,106.3125228881836,107.7187728881836,9836093
2020-12-24,81.10672760009766,106.8750228881836,108.14065551757812,106.5656509399414,107.0156478881836,12945145
2020-12-28,81.76840209960938,107.74690246582031,108.16877746582031,106.8750228881836,106.9875259399414,6879688
2020-12-29,80.97867584228516,106.7062759399414,108.36565399169922,106.3125228881836,107.7750244140625,8549660
2020-12-30,81.19213104248047,106.9875259399414,107.24065399169922,105.07502746582031,106.8750228881836,19132583
2020-12-31,81.04269409179688,106.7906494140625,107.4375228881836,105.77815246582031,107.1562728881836,23272111
2021-01-01,80.89330291748047,106.5937728881836,106.81877899169922,106.0312728881836,106.3125228881836,3074621
2021-01-04,80.44508361816406,106.0031509399414,107.10002899169922,105.7500228881836,106.8750228881836,7133203
2021-01-05,80.25299835205078,105.7500228881836,106.5937728881836,104.7375259399414,106.5937728881836,10478882
2021-01-06,83.73204040527344,110.33440399169922,111.1500244140625,105.1875228881836,105.7500228881836,54265234
2021-01-07,84.11621856689453,110.84065246582031,113.51252746582031,109.96878051757812,111.37503051757812,40129922
2021-01-08,86.89091491699219,114.49690246582031,114.75003051757812,111.12190246582031,111.79690551757812,29487917
2021-01-11,86.89091491699219,114.49690246582031,115.31253051757812,113.3156509399414,114.75003051757812,12726089
2021-01-12,86.9549560546875,114.5812759399414,115.17190551757812,112.4719009399414,113.09065246582031,31454127
2021-01-13,87.50990295410156,115.31253051757812,116.21253204345703,113.9625244140625,114.63752746582031,23792586
2021-01-14,87.5525894165039,115.3687744140625,116.71878051757812,114.5250244140625,115.8469009399414,12024674
2021-01-15,86.6561508178711,114.18753051757812,115.73440551757812,113.90628051757812,114.7219009399414,13530190
2021-01-18,83.56128692626953,110.10940551757812,113.62503051757812,109.43440246582031,113.20315551757812,26118654
2021-01-19,85.2260971069336,112.30315399169922,112.50003051757812,109.82815551757812,109.99690246582031,19382828
2021-01-20,83.73204040527344,110.33440399169922,112.8375244140625,109.77190399169922,112.50003051757812,21158179
2021-01-21,83.30514526367188,109.77190399169922,111.2062759399414,109.20940399169922,110.5031509399414,12509109
2021-01-22,82.89962005615234,109.2375259399414,110.41877746582031,108.56253051757812,109.68753051757812,16720401
2021-01-25,81.19213104248047,106.9875259399414,110.70002746582031,106.6500244140625,109.3781509399414,9393599
2021-01-27,82.10989379882812,108.1968994140625,109.3218994140625,106.48127746582031,106.8750228881836,18874916
2021-01-28,79.95417022705078,105.35627746582031,107.4094009399414,104.51252746582031,107.4094009399414,16072463
2021-01-29,78.7375717163086,103.7531509399414,106.3125228881836,102.9375228881836,106.1437759399414,13415015
2021-02-01,80.6371841430664,106.25627899169922,106.5656509399414,102.6562728881836,103.7531509399414,9485240
2021-02-02,82.89962005615234,109.2375259399414,110.05315399169922,106.4250259399414,107.4375228881836,10803602
2021-02-03,88.15021514892578,116.15628051757812,118.12503051757812,109.40628051757812,109.40628051757812,73411707
2021-02-04,87.65930938720703,115.5093994140625,116.80315399169922,114.8625259399414,116.15628051757812,23523019
2021-02-05,88.40635681152344,116.49378204345703,117.16877746582031,113.20315551757812,115.67815399169922,28755118
2021-02-08,90.73281860351562,119.55940246582031,120.03752899169922,115.7062759399414,116.15628051757812,28436890
2021-02-09,89.96444702148438,118.54690551757812,122.31565856933594,118.12503051757812,118.12503051757812,27738169
2021-02-10,89.83637237548828,118.3781509399414,120.37503051757812,116.43753051757812,118.43440246582031,34189378
2021-02-11,91.24507141113281,120.23440551757812,120.82502746582031,117.19690704345703,117.47815704345703,20504448
2021-02-12,90.77552032470703,119.61565399169922,123.18753051757812,118.43440246582031,123.18753051757812,25066544
2021-02-15,90.69013214111328,119.5031509399414,121.19065856933594,118.99690246582031,120.37503051757812,8599603
2021-02-16,96.2822265625,126.87190246582031,129.31878662109375,119.98127746582031,120.03752899169922,80200957
2021-02-17,98.20318603515625,129.4031524658203,130.05003356933594,124.98753356933594,126.84378051757812,39034960
2021-02-18,100.95652770996094,133.03128051757812,134.0437774658203,128.53128051757812,129.93753051757812,44291912
2021-02-19,99.12097930908203,130.61253356933594,132.80628967285156,128.67190551757812,131.34378051757812,36335681
2021-02-22,96.026123046875,126.53440856933594,131.56878662109375,125.77503204345703,130.75315856933594,25800846
2021-02-23,96.51700592041016,127.18128204345703,128.8687744140625,126.36565399169922,126.98440551757812,18293559
2021-02-24,95.08696746826172,125.29690551757812,128.36253356933594,124.65003204345703,127.20940399169922,11421326
2021-02-25,97.13599395751953,127.99691009521484,130.9500274658203,124.20002746582031,125.83128356933594,30696079
2021-02-26,91.4798583984375,120.54377746582031,127.82815551757812,118.8000259399414,124.59378051757812,38070699
2021-03-01,97.0079345703125,127.82815551757812,128.7000274658203,122.28752899169922,122.34378051757812,31441940
2021-03-02,96.06878662109375,126.59065246582031,129.0093994140625,125.63440704345703,128.81253051757812,18223787
2021-03-03,97.11463928222656,127.96878051757812,129.45941162109375,125.83128356933594,129.37503051757812,19350542
2021-03-04,96.11148071289062,126.64690399169922,129.34690856933594,125.46565246582031,125.46565246582031,22865747
2021-03-05,94.019775390625,123.89065551757812,127.12503051757812,123.38440704345703,127.12503051757812,17342685
2021-03-08,95.71540069580078,123.83440399169922,125.94377899169922,122.06253051757812,122.54065704345703,15749448
2021-03-09,93.91109466552734,121.50003051757812,124.93128204345703,119.95315551757812,124.03128051757812,12585004
2021-03-10,93.54154205322266,121.02190399169922,123.15940856933594,120.37503051757812,122.62503051757812,10661165
2021-03-12,95.67192077636719,123.77815246582031,124.25627899169922,121.16252899169922,121.33128356933594,18173078
2021-03-15,97.4544906616211,126.08440399169922,127.40628051757812,123.60940551757812,124.31253051757812,30092241
2021-03-16,97.58493041992188,126.25315856933594,127.80003356933594,125.71878051757812,126.64690399169922,14767699
2021-03-17,95.84584045410156,124.00315856933594,126.56253051757812,123.38440704345703,126.53440856933594,12571132
2021-03-18,96.10669708251953,124.34065246582031,125.71878051757812,123.83440399169922,124.31253051757812,14232655
2021-03-19,100.08487701416016,129.48753356933594,130.5562744140625,123.27190399169922,124.81877899169922,70334403
2021-03-22,97.19361114501953,125.74690246582031,131.85003662109375,124.98753356933594,131.85003662109375,29180881
2021-03-23,95.21540069580078,123.18753051757812,126.00003051757812,122.90628051757812,125.74690246582031,38455903
2021-03-24,96.10669708251953,124.34065246582031,125.94377899169922,122.00627899169922,122.09065246582031,24398959
2021-03-25,94.0849838256836,121.72502899169922,125.66252899169922,121.13440704345703,124.34065246582031,20272124
2021-03-26,93.30240631103516,120.71253204345703,124.87503051757812,119.33440399169922,123.38440704345703,25184863
2021-03-30,96.23712921142578,124.50940704345703,125.83128356933594,121.16252899169922,122.00627899169922,53328751
2021-03-31,93.7589111328125,121.30315399169922,124.36878204345703,120.74065399169922,123.69377899169922,20694060
2021-04-01,95.0849838256836,123.01878356933594,123.38440704345703,120.79690551757812,121.86565399169922,11229344
2021-04-05,93.10675811767578,120.45940399169922,123.18753051757812,120.00940704345703,121.05003356933594,14484908
2021-04-06,90.95462799072266,117.6750259399414,123.18753051757812,117.28128051757812,121.05003356933594,25301732
2021-04-07,91.54159545898438,118.43440246582031,121.61253356933594,117.87190246582031,118.63127899169922,22841720
2021-04-08,90.86767578125,117.56253051757812,120.09378051757812,117.28128051757812,119.2219009399414,20468881
2021-04-09,90.56331634521484,117.16877746582031,118.9406509399414,117.00003051757812,117.78752899169922,11773021
2021-04-12,87.45469665527344,113.14690399169922,116.24065399169922,111.65628051757812,116.24065399169922,18544315
2021-04-13,90.75899505615234,117.42190551757812,117.78752899169922,113.8781509399414,115.39690399169922,19831072
2021-04-15,90.345947265625,116.88752746582031,118.91252899169922,116.46565246582031,116.94377899169922,10159348
2021-04-16,91.23722076416016,118.04065704345703,120.82502746582031,116.57815551757812,116.71878051757812,22020846
2021-04-19,87.47643280029297,113.1750259399414,116.43753051757812,112.50003051757812,115.7906494140625,18404990
2021-04-20,88.56336975097656,114.5812759399414,115.7062759399414,113.42815399169922,115.31253051757812,14467660
2021-04-22,88.4546890258789,114.4406509399414,115.25627899169922,113.1750259399414,114.75003051757812,11626459
2021-04-23,91.80243682861328,118.77190399169922,119.75627899169922,114.75003051757812,114.91877746582031,38318040
2021-04-26,93.82413482666016,121.38752746582031,121.75315856933594,117.1125259399414,117.1125259399414,19139358
2021-04-27,94.19367980957031,121.86565399169922,124.03128051757812,121.38752746582031,121.52815246582031,15270611
2021-04-28,96.04149627685547,124.25627899169922,124.70628356933594,121.66877746582031,123.07502746582031,16383579
2021-04-29,95.71540069580078,123.83440399169922,125.80315399169922,123.21565246582031,125.49378204345703,14761969
2021-04-30,95.67192077636719,123.77815246582031,125.04377746582031,121.86565399169922,122.48440551757812,16897105
2021-05-03,95.99799346923828,124.20002746582031,125.35315704345703,121.92190551757812,122.34378051757812,15528063
2021-05-04,94.8023681640625,122.65315246582031,124.70628356933594,121.89378356933594,124.53752899169922,20857434
2021-05-05,94.86759185791016,122.73753356933594,123.94690704345703,121.95002746582031,122.65315246582031,23178237
2021-05-06,93.65023040771484,121.16252899169922,123.41252899169922,120.15003204345703,122.87815856933594,18823613
2021-05-07,93.2806625366211,120.68440246582031,121.95002746582031,120.09378051757812,121.69690704345703,12509591
2021-05-10,95.58496856689453,123.66565704345703,123.83440399169922,120.90940856933594,121.16252899169922,17845577
2021-05-11,97.12841796875,125.66252899169922,126.67503356933594,122.85002899169922,123.75003051757812,22995780
2021-05-12,98.23709869384766,127.09690856933594,132.18753051757812,125.46565246582031,125.66252899169922,55645370
2021-05-14,99.49791717529297,128.7281494140625,129.37503051757812,125.91565704345703,128.10940551757812,18820793
2021-05-17,99.3022689819336,128.47503662109375,129.93753051757812,127.74378204345703,129.90940856933594,10996347
2021-05-18,101.34571838378906,131.1187744140625,134.91566467285156,128.53128051757812,129.88128662109375,52885042
2021-05-19,101.62831115722656,131.48440551757812,133.87503051757812,130.16253662109375,131.73753356933594,28081040
2021-05-20,99.5414047241211,128.78440856933594,132.15940856933594,128.47503662109375,131.62503051757812,10707136
2021-05-21,99.10662078857422,128.22190856933594,128.95315551757812,127.12503051757812,128.2781524658203,21702883
2021-05-24,100.43268585205078,129.93753051757812,131.85003662109375,128.47503662109375,128.81253051757812,22028927
2021-05-25,101.25877380371094,131.00628662109375,131.87815856933594,130.02191162109375,131.06253051757812,9165363
2021-05-26,98.08491516113281,126.90003204345703,131.5125274658203,126.53440856933594,131.17503356933594,18322114
2021-05-27,99.2588119506836,128.4187774658203,129.1500244140625,125.57815551757812,127.51878356933594,51194207
2021-05-28,98.01970672607422,126.81565856933594,129.93753051757812,126.45002746582031,129.93753051757812,15307498
2021-05-31,98.10664367675781,126.92815399169922,127.46253204345703,125.85940551757812,127.12503051757812,13102261
2021-06-01,97.56318664550781,126.22502899169922,128.25003051757812,125.94377899169922,127.29377746582031,15733731
2021-06-02,98.88925170898438,127.94065856933594,128.33441162109375,126.05628204345703,126.11253356933594,7995532
2021-06-03,98.38924407958984,127.29377746582031,130.19065856933594,126.92815399169922,128.8406524658203,10291328
2021-06-04,98.32403564453125,127.20940399169922,128.33441162109375,126.45002746582031,127.12503051757812,6142487
2021-06-07,102.71524047851562,132.89065551757812,133.7625274658203,127.63127899169922,127.85627746582031,18058790
2021-06-08,101.75875091552734,131.6531524658203,134.40940856933594,130.5281524658203,134.40940856933594,22511761
2021-06-09,105.2586898803711,136.18128967285156,138.09378051757812,131.5125274658203,132.75003051757812,39865778
2021-06-10,105.06304168701172,135.92816162109375,139.50003051757812,135.14065551757812,139.50003051757812,32690784
2021-06-11,107.08472442626953,138.5437774658203,139.9500274658203,137.25003051757812,139.9500274658203,29142097
2021-06-14,108.12818145751953,139.89378356933594,140.5125274658203,136.18128967285156,139.47190856933594,18732629
2021-06-15,107.64993286132812,139.27503967285156,141.46878051757812,138.9656524658203,140.9344024658203,15026686
2021-06-16,105.28042602539062,136.20941162109375,139.21878051757812,135.53440856933594,138.85316467285156,30706682
2021-06-17,104.28043365478516,134.91566467285156,137.2781524658203,133.17190551757812,137.2781524658203,22261167
2021-06-18,101.30223846435547,131.06253051757812,137.81253051757812,129.4312744140625,137.25003051757812,49278209
2021-06-21,102.10658264160156,132.10316467285156,132.44065856933594,128.47503662109375,130.44378662109375,11719831
2021-06-22,101.75875091552734,131.6531524658203,133.31253051757812,130.5281524658203,130.5281524658203,10961545
2021-06-23,100.97615051269531,130.64065551757812,132.75003051757812,130.50003051757812,132.60940551757812,10721151
2021-06-24,100.49791717529297,130.02191162109375,131.03440856933594,128.3062744140625,130.64065551757812,12964208
2021-06-25,100.36746215820312,129.8531494140625,130.9500274658203,129.03753662109375,130.19065856933594,7736431
2021-06-28,100.80225372314453,130.4156494140625,130.78128051757812,129.76878356933594,130.50003051757812,9989595
2021-06-29,102.60655212402344,132.75003051757812,133.81878662109375,130.30316162109375,130.8375244140625,61089570
2021-06-30,101.0413818359375,130.72503662109375,133.65003967285156,130.50003051757812,133.39691162109375,17437744
2021-07-01,100.3457260131836,129.8250274658203,131.03440856933594,129.48753356933594,130.8094024658203,15924813
2021-07-02,99.10662078857422,128.22190856933594,129.9937744140625,128.0250244140625,129.8250274658203,9549992
2021-07-05,100.12835693359375,129.5437774658203,129.88128662109375,128.4468994140625,128.9812774658203,6849185
2021-07-06,99.47618103027344,128.7000274658203,129.65628051757812,128.4187774658203,129.03753662109375,5343938
2021-07-07,100.41094970703125,129.90940856933594,130.19065856933594,128.7000274658203,128.7000274658203,7228897
2021-07-08,100.49791717529297,130.02191162109375,131.14691162109375,129.1219024658203,129.4312744140625,8740010
2021-07-09,100.10660552978516,129.51565551757812,130.19065856933594,129.37503051757812,129.9656524658203,2990856
2021-07-12,99.56315612792969,128.81253051757812,130.35940551757812,128.36253356933594,129.76878356933594,5578309
2021-07-13,99.41097259521484,128.61566162109375,130.44378662109375,128.4187774658203,129.60003662109375,8264289
2021-07-14,99.97616577148438,129.34690856933594,130.19065856933594,128.50315856933594,128.61566162109375,9228746
2021-07-15,100.17182922363281,129.60003662109375,130.19065856933594,128.9812774658203,129.93753051757812,5376823
2021-07-16,101.67179107666016,131.5406494140625,133.03128051757812,129.65628051757812,130.30316162109375,15903784
2021-07-19,101.36746215820312,131.14691162109375,131.99066162109375,130.21878051757812,131.5406494140625,13725925
2021-07-20,100.56312561035156,130.1062774658203,132.9187774658203,129.90940856933594,132.13128662109375,14178067
2021-07-22,101.4109115600586,131.20315551757812,131.90628051757812,128.64378356933594,131.90628051757812,10378326
2021-07-23,101.30223846435547,131.06253051757812,131.59690856933594,130.5281524658203,131.48440551757812,6660369
2021-07-26,101.17180633544922,130.89378356933594,132.38441467285156,130.5281524658203,131.31565856933594,12963701
2021-07-27,100.80225372314453,130.4156494140625,132.10316467285156,129.74066162109375,131.06253051757812,10832912
2021-07-28,99.17183685302734,128.3062744140625,130.72503662109375,127.91252899169922,130.50003051757812,13828088
2021-07-29,97.04144287109375,125.55000305175781,130.16250610351562,125.36250305175781,128.25,28609665
2021-07-30,99.21530151367188,128.3625030517578,129.89999389648438,126.1500015258789,126.7874984741211,34142169
2021-08-02,99.12834930419922,128.25,129.0,126.9749984741211,128.625,9575755
2021-08-03,101.1282958984375,130.83749389648438,131.39999389648438,128.3249969482422,129.41250610351562,20959435
2021-08-04,101.59205627441406,131.4375,132.4499969482422,130.3874969482422,131.7375030517578,23323277
2021-08-05,101.56307983398438,131.39999389648438,131.8125,129.9375,131.4375,6621382
2021-08-06,101.44713592529297,131.25,132.375,130.91250610351562,131.625,5340311
2021-08-09,102.28768157958984,132.33749389648438,132.75,130.53750610351562,132.75,16415005
2021-08-10,100.05587005615234,129.4499969482422,132.0749969482422,128.5124969482422,132.0749969482422,11925263
2021-08-11,102.22972869873047,132.2624969482422,132.75,129.41250610351562,129.71249389648438,31279965
2021-08-12,108.40351867675781,140.25,140.77499389648438,132.22500610351562,132.75,58107755
2021-08-13,107.09918975830078,138.5625,140.47500610351562,137.6999969482422,138.14999389648438,26776843
2021-08-16,104.75141143798828,135.52499389648438,138.22500610351562,135.3000030517578,138.0,21308655
2021-08-17,106.2296371459961,137.4375,137.8125,135.75,135.78750610351562,15962459
2021-08-18,104.69343566894531,135.4499969482422,139.5,135.1125030517578,137.77499389648438,25227527
2021-08-20,103.53404235839844,133.9499969482422,135.03750610351562,132.78750610351562,132.97500610351562,18720467
2021-08-23,101.82395935058594,131.7375030517578,134.9250030517578,130.64999389648438,134.625,13112745
2021-08-24,102.3746566772461,132.4499969482422,134.47500610351562,131.58749389648438,132.97500610351562,11029463
2021-08-25,101.73699188232422,131.625,133.08749389648438,131.28750610351562,132.89999389648438,12001351
2021-08-26,100.345703125,129.8249969482422,131.5500030517578,128.6999969482422,131.5500030517578,12115246
2021-08-27,101.0703353881836,130.7624969482422,131.1374969482422,128.8125,130.35000610351562,8051699
2021-08-30,101.73699188232422,131.625,132.2624969482422,129.60000610351562,131.39999389648438,14512401
2021-08-31,101.65003204345703,131.5124969482422,132.78750610351562,131.21249389648438,131.625,43248333
2021-09-01,101.82395935058594,131.7375030517578,133.35000610351562,130.9875030517578,133.35000610351562,11817591
2021-09-02,101.88191223144531,131.8125,132.0749969482422,130.64999389648438,131.5500030517578,13545023
2021-09-03,101.76598358154297,131.66250610351562,132.60000610351562,130.8000030517578,132.0,12286475
2021-09-06,100.9254150390625,130.5749969482422,132.2624969482422,129.75,131.77499389648438,13950485
2021-09-07,100.28772735595703,129.75,130.6125030517578,129.33749389648438,130.5749969482422,12485031
2021-09-08,101.96903228759766,129.6374969482422,130.1999969482422,127.6500015258789,128.4375,25370295
2021-09-09,102.35248565673828,130.125,130.6125030517578,128.9250030517578,129.3000030517578,5078350
2021-09-13,102.58846282958984,130.4250030517578,130.72500610351562,129.52499389648438,130.6875,7522483
2021-09-14,102.70643615722656,130.5749969482422,131.3249969482422,130.125,130.4250030517578,8434427
2021-09-15,104.94818115234375,133.4250030517578,134.25,130.3125,130.5,20064238
2021-09-16,105.862548828125,134.58749389648438,136.2375030517578,133.72500610351562,134.21249389648438,16214883
2021-09-17,105.47911834716797,134.10000610351562,135.3000030517578,132.5625,134.66250610351562,21219226
2021-09-20,104.41724395751953,132.75,134.39999389648438,131.3249969482422,132.89999389648438,7833069
2021-09-21,103.768310546875,131.9250030517578,133.8000030517578,131.58749389648438,132.03750610351562,9481007
2021-09-22,104.26976013183594,132.5625,133.08749389648438,131.85000610351562,131.85000610351562,9165634
2021-09-23,105.15463256835938,133.6875,134.0625,132.75,132.75,10295913
2021-09-24,103.91580200195312,132.1125030517578,134.625,131.85000610351562,133.72500610351562,7093411
2021-09-27,103.82730865478516,132.0,132.8625030517578,131.3249969482422,132.375,5205649
2021-09-28,108.5172119140625,137.96249389648438,141.6750030517578,132.0749969482422,132.6374969482422,38873626
2021-09-29,115.0654525756836,146.28750610351562,147.22500610351562,136.83749389648438,137.625,53686662
2021-09-30,112.0273208618164,142.4250030517578,148.5,141.4875030517578,146.21249389648438,23618199
2021-10-01,113.17765808105469,143.8874969482422,145.125,142.2375030517578,143.10000610351562,16994903
2021-10-04,113.0596923828125,143.7375030517578,144.78750610351562,142.53750610351562,144.0,10757286
2021-10-05,112.05680084228516,142.46249389648438,146.3249969482422,142.0124969482422,143.7375030517578,17200858
2021-10-06,110.67046356201172,140.6999969482422,144.1125030517578,140.0625,143.96249389648438,8929507
2021-10-07,111.08342742919922,141.22500610351562,143.66250610351562,140.6999969482422,143.25,6733699
2021-10-08,110.72943878173828,140.77499389648438,142.6125030517578,140.25,141.75,8165175
2021-10-11,114.12152099609375,145.08749389648438,146.3249969482422,141.97500610351562,142.5,12982042
2021-10-12,114.06254577636719,145.0124969482422,145.9875030517578,143.7375030517578,145.4250030517578,8539966
2021-10-13,117.63162231445312,149.5500030517578,153.375,145.6125030517578,146.3249969482422,33075614
2021-10-14,120.728759765625,153.4875030517578,154.46249389648438,148.6875,150.14999389648438,19185455
2021-10-18,120.22730255126953,152.85000610351562,157.46249389648438,151.6125030517578,157.35000610351562,38546365
2021-10-19,117.1891860961914,148.9875030517578,153.60000610351562,147.75,153.0,16174177
2021-10-20,114.65248107910156,145.7624969482422,150.1875,145.0124969482422,150.0,21909934
2021-10-21,114.47550964355469,145.53750610351562,148.0124969482422,145.125,147.1875,16946547
2021-10-22,114.71147918701172,145.83749389648438,147.75,143.4375,146.9250030517578,7705870
2021-10-25,113.64961242675781,144.4875030517578,146.25,142.875,145.83749389648438,7862419
2021-10-26,112.322265625,142.8000030517578,144.71249389648438,142.27499389648438,144.4499969482422,8525850
2021-10-27,112.2337646484375,142.6875,143.8874969482422,141.41250610351562,142.6125030517578,9862679
2021-10-28,109.6676025390625,139.4250030517578,143.3249969482422,138.9375,143.02499389648438,11095238
2021-10-29,109.16616821289062,138.78750610351562,141.4875030517578,135.97500610351562,140.1750030517578,12988035
2021-11-01,110.75894927978516,140.8125,141.375,138.41250610351562,138.4499969482422,5475153
2021-11-02,109.4316177368164,139.125,143.4375,138.8625030517578,141.4875030517578,10946890
2021-11-03,108.5172119140625,137.96249389648438,140.47500610351562,137.25,139.125,13957727
2021-11-04,109.16616821289062,138.78750610351562,139.3874969482422,138.1875,138.71249389648438,830214
2021-11-08,111.5848617553711,141.8625030517578,142.7624969482422,138.4499969482422,140.6999969482422,11947323
2021-11-09,110.051025390625,139.91250610351562,142.7624969482422,138.97500610351562,142.7624969482422,10381150
2021-11-10,108.78270721435547,138.3000030517578,139.875,137.66250610351562,139.46249389648438,13857851
2021-11-11,107.45536804199219,136.6125030517578,138.9375,135.52499389648438,138.75,8851354
2021-11-12,107.36688232421875,136.5,137.77499389648438,135.22500610351562,137.77499389648438,9590673
2021-11-15,111.08342742919922,141.22500610351562,141.5625,136.5,136.64999389648438,24821341
2021-11-16,110.67046356201172,140.6999969482422,143.5124969482422,139.875,141.75,23206330
2021-11-17,112.7057113647461,143.28750610351562,145.35000610351562,140.25,140.25,18359498
2021-11-18,113.56111907958984,144.375,145.83749389648438,143.28750610351562,143.8874969482422,10742933
2021-11-22,114.56399536132812,145.64999389648438,147.75,144.0,145.8000030517578,25095721
2021-11-23,119.07694244384766,151.3874969482422,151.8000030517578,144.8625030517578,144.9375,19671538
2021-11-24,119.93236541748047,152.47500610351562,155.58749389648438,151.5,151.64999389648438,18120478
2021-11-25,120.49275970458984,153.1875,153.75,150.9375,151.9499969482422,18537454
2021-11-26,119.16544342041016,151.5,153.71249389648438,150.60000610351562,153.03750610351562,12814537
2021-11-29,118.133056640625,150.1875,153.0,148.875,149.25,16066147
2021-11-30,121.96758270263672,155.0625,157.125,150.22500610351562,150.22500610351562,37739647
2021-12-01,122.23303985595703,155.39999389648438,156.5625,153.52499389648438,155.25,20332817
2021-12-02,126.53953552246094,160.875,162.0,154.875,156.75,33758843
2021-12-03,121.5841293334961,154.5749969482422,162.33749389648438,154.125,159.8625030517578,47614182
2021-12-06,119.16544342041016,151.5,156.0,151.0124969482422,155.5124969482422,11322446
2021-12-07,121.40716552734375,154.35000610351562,155.21249389648438,151.6125030517578,151.9499969482422,8049102
2021-12-08,120.81724548339844,153.60000610351562,155.7375030517578,152.66250610351562,153.8625030517578,8788449
2021-12-09,119.87337493896484,152.39999389648438,154.83749389648438,151.5749969482422,154.125,5755422
2021-12-10,119.54890441894531,151.9875030517578,153.1875,151.3874969482422,153.1875,6164402
2021-12-13,120.58125305175781,153.3000030517578,157.2375030517578,152.77499389648438,154.125,21648126
2021-12-14,125.21220397949219,159.1875,159.8625030517578,152.39999389648438,153.0749969482422,48042035
2021-12-15,123.79637908935547,157.3874969482422,161.7375030517578,155.85000610351562,159.8249969482422,15207306
2021-12-16,122.82298278808594,156.14999389648438,158.85000610351562,154.72500610351562,158.5500030517578,13410737
2021-12-17,123.85536193847656,157.46249389648438,157.875,153.78750610351562,156.14999389648438,15209414
2021-12-20,123.79637908935547,157.3874969482422,159.4875030517578,155.625,158.0625,22539246
2021-12-21,121.87906646728516,154.9499969482422,158.8125,153.60000610351562,158.58749389648438,17566511
2021-12-22,123.06981658935547,151.16250610351562,152.25,148.5,149.85000610351562,14750231
2021-12-23,127.2220230102539,156.2624969482422,157.1999969482422,151.53750610351562,151.875,15932489
2021-12-24,125.42068481445312,154.0500030517578,156.52499389648438,153.6374969482422,156.14999389648438,8975969
2021-12-27,125.84810638427734,154.5749969482422,155.4375,153.75,154.0500030517578,8648187
2021-12-28,125.54278564453125,154.1999969482422,156.4875030517578,152.47500610351562,154.9875030517578,15736206
2021-12-29,124.93220520019531,153.4499969482422,154.4250030517578,152.02499389648438,152.25,17172943
2021-12-30,125.39013671875,154.0124969482422,158.5500030517578,151.2375030517578,153.4499969482422,87481206
2021-12-31,124.81008911132812,153.3000030517578,154.64999389648438,152.66250610351562,153.0,9842223
2022-01-03,125.17643737792969,153.75,155.21249389648438,153.1125030517578,154.0500030517578,7410054
2022-01-04,128.5958709716797,157.9499969482422,159.75,154.125,154.72500610351562,14784090
2022-01-05,127.4051742553711,156.4875030517578,158.5124969482422,156.03750610351562,157.5,9565107
2022-01-06,125.75652313232422,154.46249389648438,156.52499389648438,153.4875030517578,155.8125,5615931
2022-01-07,125.29855346679688,153.89999389648438,156.375,153.375,155.21249389648438,11908249
2022-01-10,124.5657958984375,153.0,155.4375,152.58749389648438,155.4375,11085710
2022-01-11,124.47423553466797,152.8874969482422,154.35000610351562,152.625,153.41250610351562,7208789
2022-01-12,125.14590454101562,153.71249389648438,155.02499389648438,153.2624969482422,154.5,11018139
2022-01-13,127.00830078125,156.0,158.625,154.91250610351562,155.6999969482422,20522807
2022-01-14,126.85562133789062,155.8125,157.2375030517578,154.91250610351562,155.96249389648438,14183654
2022-01-17,126.0007553100586,154.7624969482422,157.16250610351562,154.35000610351562,156.8625030517578,7574539
2022-01-18,125.26805114746094,153.8625030517578,155.8874969482422,153.4499969482422,154.6875,8475422
2022-01-19,124.96273803710938,153.4875030517578,155.5500030517578,150.78750610351562,154.5,13724367
2022-01-20,131.06890869140625,160.9875030517578,161.5124969482422,154.0500030517578,155.3249969482422,30170343
2022-01-21,131.34364318847656,161.3249969482422,164.4375,159.75,160.4250030517578,29509593
2022-01-24,130.67196655273438,160.5,163.3125,158.625,162.3000030517578,12850189
2022-01-25,133.63345336914062,164.1374969482422,165.14999389648438,158.96249389648438,160.125,27389035
2022-01-27,131.1909942626953,161.1374969482422,164.47500610351562,159.2624969482422,163.5,28512473
2022-01-28,128.3516387939453,157.64999389648438,163.125,156.9375,163.125,18932049
2022-01-31,131.52687072753906,161.5500030517578,162.5625,158.39999389648438,159.0,19907759
2022-02-01,130.0308380126953,159.71249389648438,162.78750610351562,158.47500610351562,162.75,8622355
2022-02-02,130.67196655273438,160.5,163.35000610351562,159.9375,161.1374969482422,9921099
2022-02-03,129.02333068847656,158.47500610351562,161.25,158.25,160.5,4594389
2022-02-04,128.04629516601562,157.27499389648438,160.0124969482422,156.8249969482422,159.0,7329263
2022-02-07,130.45828247070312,160.2375030517578,160.72500610351562,157.5,158.28750610351562,7869237
2022-02-08,128.2600555419922,157.53750610351562,161.5500030517578,156.375,160.5,9074237
2022-02-09,127.83260345458984,157.0124969482422,158.7375030517578,156.52499389648438,157.9499969482422,9833985
2022-02-10,129.4812774658203,159.03750610351562,161.77499389648438,157.53750610351562,157.53750610351562,19180334
2022-02-11,126.88615417480469,155.85000610351562,159.0,155.28750610351562,157.64999389648438,20071130
2022-02-14,123.25299072265625,151.3874969482422,155.21249389648438,150.9375,155.21249389648438,12109375
2022-02-15,124.22997283935547,152.58749389648438,152.8874969482422,149.25,151.5,19046061
2022-02-16,123.19447326660156,147.22500610351562,150.75,146.77499389648438,148.9499969482422,20270061
2022-02-17,123.6337661743164,147.75,149.1374969482422,147.0,148.6875,16405551
2022-02-18,122.81792449951172,146.77499389648438,150.1125030517578,146.4375,147.60000610351562,14600643
2022-02-21,124.35548400878906,148.6125030517578,149.25,146.66250610351562,146.77499389648438,10682638
2022-02-22,124.35548400878906,148.6125030517578,148.83749389648438,143.85000610351562,145.64999389648438,13606058
2022-02-23,124.29273986816406,148.53750610351562,149.625,148.1999969482422,148.7624969482422,6493463
2022-02-24,119.93102264404297,143.3249969482422,147.0,142.4250030517578,145.5,13145037
2022-02-25,123.82205963134766,147.97500610351562,148.4250030517578,144.1125030517578,144.41250610351562,10920938
2022-02-28,131.2589111328125,156.8625030517578,157.6875,147.03750610351562,148.08749389648438,31938385
2022-03-02,132.357177734375,158.1750030517578,159.8625030517578,154.64999389648438,155.8125,20502615
2022-03-03,136.7188720703125,163.3874969482422,164.5124969482422,158.02499389648438,158.02499389648438,19805555
2022-03-04,134.96165466308594,161.28750610351562,163.125,158.21249389648438,161.96249389648438,12794317
2022-03-07,133.549560546875,159.60000610351562,161.39999389648438,156.6374969482422,157.875,17635653
2022-03-08,133.2671356201172,159.2624969482422,167.5500030517578,157.35000610351562,160.5,28410490
2022-03-09,130.59994506835938,156.0749969482422,162.0,154.9499969482422,161.3625030517578,22830958
2022-03-10,131.0706329345703,156.6374969482422,158.5500030517578,155.28750610351562,158.25,16516553
2022-03-11,133.32994079589844,159.33749389648438,159.75,155.8125,156.97500610351562,12992850
2022-03-14,133.92613220214844,160.0500030517578,160.5,157.1999969482422,159.33749389648438,12598659
2022-03-15,131.5726776123047,157.2375030517578,161.28750610351562,156.22500610351562,159.89999389648438,14528285
2022-03-16,131.38441467285156,157.0124969482422,158.85000610351562,156.71249389648438,158.4375,11933774
2022-03-17,132.76510620117188,158.66250610351562,159.5625,155.8125,159.0,28464621
2022-03-21,128.5916748046875,153.6750030517578,162.0,153.375,162.0,17797415
2022-03-22,130.97647094726562,156.52499389648438,157.125,153.03750610351562,153.75,13285297
2022-03-23,131.85511779785156,157.5749969482422,157.9499969482422,156.22500610351562,157.125,9408783
2022-03-24,132.2630615234375,158.0625,158.39999389648438,156.0,157.5,11188958
2022-03-25,131.5726776123047,157.2375030517578,158.10000610351562,155.02499389648438,158.0625,9842670
2022-03-28,133.2357940673828,159.22500610351562,159.5625,155.625,157.2375030517578,12823578
2022-03-29,132.6082305908203,158.47500610351562,160.83749389648438,157.27499389648438,160.3874969482422,10470515
2022-03-30,136.2481689453125,162.8249969482422,164.02499389648438,158.85000610351562,159.8249969482422,54218485
2022-03-31,136.0599365234375,162.60000610351562,162.9375,161.0625,161.66250610351562,10326026
2022-04-01,141.2374725341797,168.78750610351562,169.3125,162.0749969482422,162.0749969482422,39663961
2022-04-04,142.71231079101562,170.5500030517578,171.0749969482422,168.03750610351562,169.5,9907530
2022-04-05,146.25814819335938,174.78750610351562,175.9499969482422,170.1750030517578,172.46249389648438,17167487
2022-04-06,148.51744079589844,177.4875030517578,178.83749389648438,173.3625030517578,173.5124969482422,17153675
2022-04-07,145.19125366210938,173.5124969482422,179.9250030517578,172.5,176.96249389648438,11913911
2022-04-08,145.9757080078125,174.4499969482422,175.5749969482422,172.9499969482422,174.75,6746769
2022-04-11,144.90882873535156,173.1750030517578,176.66250610351562,171.3000030517578,174.375,12413822
2022-04-12,146.28952026367188,174.8249969482422,175.2375030517578,171.4499969482422,171.9375,14769907
2022-04-13,144.03021240234375,172.125,176.5124969482422,170.66250610351562,176.21249389648438,11015439
2022-04-18,145.03433227539062,173.3249969482422,173.85000610351562,170.66250610351562,172.125,19069923
2022-04-19,142.99472045898438,170.8874969482422,175.0124969482422,169.875,174.52499389648438,15036942
2022-04-20,142.46124267578125,170.25,171.75,167.58749389648438,171.1875,9814641
2022-04-21,142.61814880371094,170.4375,171.4875030517578,168.9375,169.5749969482422,11134333
2022-04-22,141.48851013183594,169.08749389648438,172.64999389648438,168.52499389648438,168.78750610351562,12032249
2022-04-25,139.85678100585938,167.1374969482422,170.1750030517578,166.125,167.96249389648438,11042683
2022-04-26,145.34812927246094,173.6999969482422,174.14999389648438,168.2624969482422,170.25,15389155
2022-04-27,143.90472412109375,171.97500610351562,174.6374969482422,170.58749389648438,173.5124969482422,12680209
2022-04-28,147.8584747314453,176.6999969482422,177.1875,172.53750610351562,175.0500030517578,18378146
2022-04-29,142.9319305419922,170.8125,177.2624969482422,170.28750610351562,176.3249969482422,9026331
2022-05-02,145.3167724609375,173.66250610351562,174.9375,169.4250030517578,169.4250030517578,12634353
2022-05-04,149.11363220214844,178.1999969482422,179.58749389648438,174.6750030517578,174.75,23124643
2022-05-05,146.6974334716797,175.3125,180.4875030517578,174.6374969482422,178.8000030517578,16481935
2022-05-06,149.6156768798828,178.8000030517578,179.3625030517578,173.58749389648438,173.58749389648438,17715186
2022-05-09,153.8518524169922,183.8625030517578,184.83749389648438,176.7375030517578,179.25,54118806
2022-05-10,152.91050720214844,182.7375030517578,186.2624969482422,181.875,184.35000610351562,30997494
2022-05-11,150.11778259277344,179.39999389648438,186.0,179.02499389648438,183.0,15412618
2022-05-12,148.04672241210938,176.9250030517578,181.4250030517578,174.1125030517578,179.25,26538994
2022-05-13,148.29779052734375,177.22500610351562,179.8874969482422,174.8249969482422,179.8874969482422,15074553
2022-05-16,147.607421875,176.39999389648438,178.4250030517578,174.75,176.625,7960529
2022-05-17,149.77261352539062,178.9875030517578,179.47500610351562,174.5625,176.1750030517578,15470937
2022-05-18,143.0260772705078,170.9250030517578,178.6875,170.3249969482422,178.125,19181550
2022-05-19,143.277099609375,171.22500610351562,172.2375030517578,166.2375030517578,167.25,15085602
2022-05-20,143.74781799316406,171.78750610351562,174.8249969482422,170.0625,173.0625,15148281
2022-05-23,140.9550323486328,168.4499969482422,174.0,168.14999389648438,174.0,11572501
2022-05-24,142.46124267578125,170.25,172.2375030517578,168.4499969482422,168.75,16336858
2022-05-25,141.1119384765625,168.6374969482422,172.0500030517578,166.91250610351562,171.3000030517578,11062614
2022-05-26,142.58677673339844,170.39999389648438,171.8249969482422,167.9250030517578,170.25,14150454
2022-05-27,141.017822265625,168.52499389648438,171.4875030517578,167.5500030517578,171.4499969482422,8430491
2022-05-30,143.2457275390625,171.1875,172.4250030517578,168.22500610351562,168.375,9305758
2022-05-31,146.16400146484375,174.6750030517578,176.3625030517578,171.14999389648438,171.1875,26351545
2022-06-01,143.84193420410156,171.89999389648438,174.75,171.1125030517578,174.1125030517578,10282009
2022-06-02,141.55126953125,169.16250610351562,172.0500030517578,168.41250610351562,172.0500030517578,10071898
2022-06-03,141.8336639404297,169.5,171.0749969482422,168.75,169.5,16082518
2022-06-06,141.08056640625,168.60000610351562,170.58749389648438,167.66250610351562,169.5,12693293
2022-06-07,141.2061004638672,168.75,169.6875,167.77499389648438,167.96249389648438,9103195
2022-06-08,140.9236602783203,168.41250610351562,169.875,167.28750610351562,167.28750610351562,11240130
2022-06-09,141.1119384765625,168.6374969482422,169.27499389648438,165.75,168.52499389648438,9468041
2022-06-10,140.86093139648438,168.33749389648438,170.58749389648438,166.53750610351562,166.53750610351562,9019239
2022-06-13,139.5430145263672,166.7624969482422,169.125,166.125,166.3874969482422,10186775
2022-06-14,140.547119140625,167.96249389648438,170.47500610351562,166.5,166.7624969482422,17023962
2022-06-15,139.48020935058594,166.6875,169.72500610351562,166.4250030517578,168.1875,5898563
2022-06-16,135.77749633789062,162.2624969482422,168.22500610351562,161.7375030517578,167.5124969482422,11883333
2022-06-17,132.6395721435547,158.5124969482422,162.6750030517578,157.6875,160.64999389648438,19675226
2022-06-20,130.69407653808594,156.1875,158.1750030517578,154.7624969482422,156.8249969482422,7402273
2022-06-21,132.01197814941406,157.7624969482422,159.8625030517578,155.47500610351562,156.78750610351562,9459619
2022-06-22,132.20028686523438,157.9875030517578,158.4375,156.14999389648438,158.10000610351562,10257637
2022-06-23,130.88235473632812,156.41250610351562,158.77499389648438,154.6125030517578,157.5749969482422,13114525
2022-06-24,131.1333770751953,156.71249389648438,159.0,155.8125,159.0,9499105
2022-06-27,132.76510620117188,158.66250610351562,160.0124969482422,157.2375030517578,160.0124969482422,17545390
2022-06-28,131.98060607910156,157.72500610351562,158.66250610351562,156.2624969482422,157.16250610351562,6770087
2022-06-29,132.48268127441406,158.3249969482422,161.25,156.33749389648438,156.8249969482422,41502918
2022-06-30,132.9847412109375,158.9250030517578,161.0625,157.8000030517578,158.625,22260722
2022-07-01,129.59580993652344,154.875,159.6750030517578,153.89999389648438,158.28750610351562,11133663
2022-07-04,132.231689453125,158.02499389648438,159.1125030517578,153.78750610351562,153.78750610351562,20178279
2022-07-05,134.3968048095703,160.6125030517578,161.96249389648438,158.21249389648438,158.25,20083997
2022-07-06,132.07473754882812,157.83749389648438,160.6125030517578,156.14999389648438,160.5,19203527
2022-07-07,133.39271545410156,159.41250610351562,161.47500610351562,159.0749969482422,159.9375,14069302
2022-07-08,137.3150634765625,164.10000610351562,164.5500030517578,159.4875030517578,160.5,17142257
2022-07-11,136.216796875,162.78750610351562,165.9375,162.14999389648438,165.0,10826079
2022-07-12,133.98887634277344,160.125,162.71249389648438,159.8625030517578,161.3249969482422,8503695
2022-07-13,134.5850830078125,160.83749389648438,162.52499389648438,160.08749389648438,160.875,10210005
2022-07-14,134.83612060546875,161.1374969482422,164.4375,159.6374969482422,164.4375,10898403
2022-07-15,131.35304260253906,156.97500610351562,162.75,156.60000610351562,162.75,22067479
2022-07-18,131.94924926757812,157.6875,159.3000030517578,156.6750030517578,157.7624969482422,15155654
2022-07-19,131.79237365722656,157.5,158.625,157.1999969482422,157.4250030517578,14922395
2022-07-20,131.32167053222656,156.9375,159.22500610351562,156.375,158.47500610351562,14181034
2022-07-21,133.2357940673828,159.22500610351562,159.89999389648438,157.08749389648438,157.46249389648438,12461554
2022-07-22,131.79237365722656,157.5,160.46249389648438,157.125,160.46249389648438,9272199
2022-07-25,130.47442626953125,155.9250030517578,158.25,155.5500030517578,157.5,6635194
2022-07-26,131.22752380371094,156.8249969482422,158.25,155.3249969482422,155.9250030517578,11451315
2022-07-27,132.20028686523438,157.9875030517578,158.25,157.0500030517578,157.4250030517578,9209354
2022-07-28,134.42819213867188,160.64999389648438,161.10000610351562,157.53750610351562,158.25,13192642
2022-07-29,134.2712860107422,160.46249389648438,163.35000610351562,159.6374969482422,162.3000030517578,15433067
2022-08-01,137.40921020507812,164.21249389648438,165.1125030517578,160.6125030517578,161.28750610351562,12136557
2022-08-02,139.6998748779297,166.9499969482422,167.5500030517578,163.0124969482422,164.96249389648438,17748747
2022-08-03,140.3274688720703,167.6999969482422,168.5625,164.7375030517578,167.5124969482422,12406038
2022-08-04,138.5702362060547,165.60000610351562,168.14999389648438,164.3249969482422,168.0,9712267
2022-08-05,140.3588409423828,167.7375030517578,168.5625,164.1374969482422,166.27499389648438,14099223
2022-08-08,139.2606201171875,166.4250030517578,169.72500610351562,165.8249969482422,168.75,8392041
2022-08-10,140.2646942138672,167.625,168.6750030517578,165.41250610351562,165.5625,8585266
2022-08-11,139.85678100585938,167.1374969482422,170.1750030517578,166.27499389648438,168.4875030517578,5040626
2022-08-12,143.12020874023438,171.03750610351562,171.4499969482422,166.5,167.25,13279062
2022-08-16,143.62228393554688,171.6374969482422,172.46249389648438,170.28750610351562,171.89999389648438,11298246
2022-08-17,143.4026336669922,171.375,173.21249389648438,170.77499389648438,171.6374969482422,11225465
2022-08-18,145.19125366210938,173.5124969482422,173.77499389648438,170.8125,170.96249389648438,11360485
2022-08-19,144.58921813964844,171.1125030517578,172.27499389648438,169.27499389648438,171.33749389648438,9829530
2022-08-22,143.19493103027344,169.46249389648438,173.10000610351562,169.2375030517578,171.0749969482422,9190493
2022-08-23,144.2089385986328,170.66250610351562,171.6374969482422,168.14999389648438,168.71249389648438,8903751
2022-08-24,145.4130401611328,172.08749389648438,172.46249389648438,169.875,170.5124969482422,13007225
2022-08-25,143.416748046875,169.72500610351562,173.25,168.8249969482422,172.875,12124365
2022-08-26,146.0467987060547,172.83749389648438,173.39999389648438,169.9499969482422,169.9499969482422,7966045
2022-08-29,143.89207458496094,170.28750610351562,171.6750030517578,169.1999969482422,171.1875,7517013
2022-08-30,145.50808715820312,172.1999969482422,172.6875,171.0749969482422,171.14999389648438,7214498
2022-09-01,143.29002380371094,169.5749969482422,172.5749969482422,168.75,168.78750610351562,13109081
2022-09-02,142.08587646484375,168.14999389648438,171.6374969482422,167.85000610351562,170.625,6897237
2022-09-05,141.57888793945312,167.5500030517578,169.16250610351562,166.27499389648438,168.75,18055474
2022-09-06,142.62457275390625,168.78750610351562,171.0,168.0,168.0,14103701
2022-09-07,142.21261596679688,168.3000030517578,170.21249389648438,167.28750610351562,167.28750610351562,7866745
2022-09-08,142.21261596679688,168.3000030517578,170.1750030517578,167.58749389648438,169.5,7187735
2022-09-09,141.2620086669922,167.1750030517578,169.6125030517578,166.875,169.53750610351562,9162027
2022-09-12,141.9274444580078,167.96249389648438,168.52499389648438,166.64999389648438,167.66250610351562,8778919
2022-09-13,143.73361206054688,170.10000610351562,170.625,167.85000610351562,168.22500610351562,11278383
2022-09-14,147.37767028808594,174.41250610351562,174.89999389648438,168.52499389648438,168.75,25072958
2022-09-15,150.57806396484375,178.1999969482422,178.6875,174.2624969482422,175.08749389648438,23606369
2022-09-16,149.34228515625,176.7375030517578,178.83749389648438,175.0500030517578,178.8000030517578,29399642
2022-09-19,147.75791931152344,174.8625030517578,178.5749969482422,173.7375030517578,176.96249389648438,13920046
2022-09-20,147.4727020263672,174.52499389648438,177.1875,174.0749969482422,175.5,20162973
2022-09-21,143.89207458496094,170.28750610351562,175.7624969482422,168.22500610351562,175.3874969482422,14468837
2022-09-22,139.48751831054688,165.0749969482422,169.8000030517578,164.3625030517578,168.0,26264530
2022-09-23,128.3652801513672,151.91250610351562,164.8125,148.5749969482422,163.72500610351562,87162722
2022-09-26,127.28792572021484,150.6374969482422,157.0124969482422,139.7624969482422,150.0,167547134
2022-09-27,129.82289123535156,153.6374969482422,155.9250030517578,150.9375,154.35000610351562,54127095
2022-09-28,131.62904357910156,155.77499389648438,157.8000030517578,151.91250610351562,153.89999389648438,52877873
2022-09-29,131.81919860839844,156.0,159.0749969482422,154.53750610351562,156.71249389648438,36761869
2022-09-30,134.48094177246094,159.14999389648438,164.02499389648438,155.25,155.25,62897614
2022-10-03,133.5936737060547,158.10000610351562,160.9875030517578,156.75,159.75,11740863
2022-10-04,132.10435485839844,156.33749389648438,159.2624969482422,156.0,159.0749969482422,19179333
2022-10-06,130.74183654785156,154.72500610351562,158.1750030517578,154.1999969482422,156.6374969482422,20692745
2022-10-07,132.70645141601562,157.0500030517578,157.3125,153.0,153.0,14282850
2022-10-10,132.42123413085938,156.71249389648438,158.96249389648438,155.66250610351562,155.96249389648438,16834226
2022-10-11,132.04098510742188,156.2624969482422,158.58749389648438,154.91250610351562,157.5,17807162
2022-10-12,136.6039581298828,161.66250610351562,161.96249389648438,157.0124969482422,157.83749389648438,35288330
2022-10-13,135.58999633789062,160.46249389648438,162.97500610351562,159.9375,161.21249389648438,16436903
2022-10-14,134.76614379882812,159.4875030517578,163.5,158.66250610351562,163.5,23365190
2022-10-17,134.25912475585938,158.8874969482422,161.21249389648438,158.25,158.96249389648438,9520537
2022-10-18,134.5759735107422,159.2624969482422,161.25,158.66250610351562,159.71249389648438,13256574
2022-10-19,135.55831909179688,160.4250030517578,162.6750030517578,159.71249389648438,159.75,11595367
2022-10-20,137.83978271484375,163.125,163.5,159.2624969482422,159.41250610351562,16371066
2022-10-21,137.71302795410156,162.97500610351562,164.1750030517578,160.5,161.5124969482422,11634491
2022-10-24,138.69534301757812,164.1374969482422,165.1875,163.9499969482422,164.85000610351562,1132859
2022-10-25,138.47354125976562,163.875,164.5500030517578,160.6875,164.1374969482422,20622687
2022-10-27,141.89576721191406,167.9250030517578,168.6374969482422,163.0124969482422,164.47500610351562,24298489
2022-10-28,143.73361206054688,170.10000610351562,171.75,167.39999389648438,167.85000610351562,11669879
2022-10-31,144.58921813964844,171.1125030517578,172.6875,170.02499389648438,170.96249389648438,11755682
2022-11-01,149.02540588378906,176.3625030517578,176.9250030517578,172.35000610351562,172.9875030517578,15220278
2022-11-02,147.8529815673828,174.97500610351562,177.41250610351562,174.6374969482422,176.3625030517578,12884449
2022-11-03,144.5258026123047,171.03750610351562,175.1999969482422,170.02499389648438,174.75,9358215
2022-11-04,143.3217010498047,169.6125030517578,172.08749389648438,168.75,171.0,8059667
2022-11-07,144.49412536621094,171.0,173.9250030517578,169.8000030517578,170.47500610351562,14862038
2022-11-09,138.63197326660156,164.0625,173.25,163.53750610351562,173.25,22831150
2022-11-10,136.1920623779297,161.1750030517578,165.1125030517578,160.125,162.0,16217631
2022-11-11,135.65338134765625,160.53750610351562,163.3874969482422,160.16250610351562,162.0,12123886
2022-11-14,137.1458282470703,158.5124969482422,160.27499389648438,157.6875,158.21249389648438,18460862
2022-11-15,140.16323852539062,162.0,162.375,157.2375030517578,157.5,15258103
2022-11-16,140.8770294189453,162.8249969482422,163.08749389648438,160.08749389648438,161.96249389648438,9825807
2022-11-17,141.65570068359375,163.72500610351562,165.33749389648438,162.1875,162.6750030517578,9449665
2022-11-18,141.68814086914062,163.7624969482422,164.10000610351562,162.6374969482422,163.7624969482422,5828998
2022-11-21,142.14239501953125,164.28750610351562,164.625,162.375,163.125,4712051
2022-11-22,141.33126831054688,163.35000610351562,164.39999389648438,162.6750030517578,163.875,4366445
2022-11-23,139.61167907714844,161.3625030517578,164.10000610351562,160.6875,163.6875,13510578
2022-11-24,143.24554443359375,165.5625,165.75,161.3249969482422,161.5500030517578,7622243
2022-11-25,143.148193359375,165.4499969482422,165.6750030517578,162.4499969482422,165.5625,10989671
2022-11-28,143.60243225097656,165.97500610351562,166.64999389648438,164.3625030517578,164.3625030517578,4526153
2022-11-29,142.33705139160156,164.5124969482422,166.6875,163.91250610351562,165.97500610351562,6476054
2022-11-30,145.35447692871094,168.0,168.71249389648438,163.2375030517578,164.5124969482422,17317951
2022-12-01,143.9917755126953,166.4250030517578,168.6374969482422,165.375,168.0,13241961
2022-12-02,142.62905883789062,164.85000610351562,166.125,163.91250610351562,163.91250610351562,12880949
2022-12-05,143.9917755126953,166.4250030517578,166.6875,162.89999389648438,164.77499389648438,16477957
2022-12-06,145.02999877929688,167.625,168.1125030517578,164.5500030517578,166.16250610351562,11299945
2022-12-07,143.44020080566406,165.78750610351562,168.0749969482422,165.33749389648438,167.1374969482422,5813973
2022-12-08,141.33126831054688,163.35000610351562,166.3874969482422,162.6750030517578,166.35000610351562,11176439
2022-12-09,140.94189453125,162.89999389648438,164.21249389648438,161.77499389648438,163.8000030517578,6020031
2022-12-12,139.87123107910156,161.66250610351562,163.5,160.9499969482422,162.0,8194429
2022-12-13,140.35794067382812,162.22500610351562,162.60000610351562,159.78750610351562,161.66250610351562,8235450
2022-12-14,142.23973083496094,164.39999389648438,165.41250610351562,162.22500610351562,162.22500610351562,10055353
2022-12-15,140.3903350830078,162.2624969482422,165.3000030517578,161.9250030517578,164.625,5385778
2022-12-16,138.3463134765625,159.89999389648438,163.64999389648438,159.4499969482422,161.25,11166617
2022-12-19,142.0450439453125,164.1750030517578,164.39999389648438,160.125,160.53750610351562,7758862
2022-12-20,141.00680541992188,162.97500610351562,164.1750030517578,160.4250030517578,164.1750030517578,6541929
2022-12-21,140.19569396972656,162.03750610351562,163.6875,160.3874969482422,162.78750610351562,7005861
2022-12-22,139.5143280029297,161.25,162.75,159.6374969482422,162.0749969482422,6961415
2022-12-23,137.08096313476562,158.4375,161.47500610351562,157.83749389648438,160.0500030517578,4554651
2022-12-26,137.47027587890625,158.8874969482422,160.6875,158.21249389648438,158.625,6864331
2022-12-27,137.9894256591797,159.4875030517578,161.39999389648438,158.85000610351562,159.71249389648438,13115851
2022-12-28,140.00099182128906,161.8125,163.8000030517578,159.375,159.375,16815549
2022-12-29,140.00099182128906,161.8125,162.375,160.125,160.53750610351562,22536873
2022-12-30,138.67074584960938,160.27499389648438,162.5625,159.9375,162.03750610351562,4643134
2023-01-02,139.54676818847656,161.28750610351562,161.625,159.75,160.91250610351562,5959394
2023-01-03,139.9036407470703,161.6999969482422,162.14999389648438,160.7624969482422,161.4375,2873110
2023-01-04,136.95114135742188,158.28750610351562,161.5500030517578,157.875,161.5500030517578,9954542
2023-01-05,135.4911346435547,156.60000610351562,158.9250030517578,154.9499969482422,158.9250030517578,21273509
2023-01-06,135.0369110107422,156.0749969482422,157.72500610351562,155.66250610351562,156.1125030517578,11510471
2023-01-09,135.68577575683594,156.8249969482422,158.96249389648438,153.1875,156.89999389648438,52485126
2023-01-10,137.43785095214844,158.85000610351562,159.33749389648438,156.75,157.4250030517578,17248326
2023-01-11,137.53518676757812,158.96249389648438,159.78750610351562,157.5749969482422,159.14999389648438,9164361
2023-01-12,138.54098510742188,160.125,160.4250030517578,158.5500030517578,160.16250610351562,21179555
2023-01-13,138.8654327392578,160.5,161.5124969482422,159.97500610351562,160.1999969482422,6560245
2023-01-16,139.9361114501953,161.7375030517578,161.9250030517578,159.52499389648438,161.25,8362194
2023-01-17,141.72061157226562,163.8000030517578,164.02499389648438,161.1750030517578,161.7375030517578,13000571
2023-01-18,142.33705139160156,164.5124969482422,165.1125030517578,162.3000030517578,163.72500610351562,11171369
2023-01-19,143.24554443359375,165.5625,165.9375,163.9875030517578,164.10000610351562,11586815
2023-01-20,144.86778259277344,167.4375,167.9250030517578,165.75,165.75,10112645
2023-01-23,146.06826782226562,168.8249969482422,171.22500610351562,167.66250610351562,168.0,14393610
2023-01-24,143.37527465820312,165.71249389648438,169.9499969482422,165.375,169.6875,6150893
2023-01-25,142.3695068359375,164.5500030517578,165.9375,163.35000610351562,165.52499389648438,5790331
2023-01-27,142.27218627929688,164.4375,166.08749389648438,162.75,164.47500610351562,10458603
2023-01-30,137.47027587890625,158.8874969482422,164.1374969482422,157.91250610351562,163.5,24288177
2023-01-31,140.5850372314453,162.4875030517578,165.14999389648438,159.1125030517578,159.4499969482422,20997546
2023-02-01,140.52015686035156,162.41250610351562,168.75,160.1999969482422,168.75,20246369
2023-02-02,138.0218505859375,159.52499389648438,162.8249969482422,158.5124969482422,162.0,12820663
2023-02-03,139.4169921875,161.1374969482422,161.3625030517578,157.8000030517578,159.89999389648438,10815686
2023-02-06,140.84457397460938,162.78750610351562,163.0124969482422,159.78750610351562,160.08749389648438,6948201
2023-02-07,140.71478271484375,162.6374969482422,163.64999389648438,161.3249969482422,163.5,10035526
2023-02-08,140.814453125,159.0,159.9375,157.83749389648438,159.6374969482422,12432719
2023-02-09,141.3790283203125,159.6374969482422,160.46249389648438,159.0,159.0,7011082
2023-02-10,142.20928955078125,160.5749969482422,160.83749389648438,158.8874969482422,158.9250030517578,10892159
2023-02-13,143.4713134765625,162.0,162.375,160.5,160.5749969482422,7710133
2023-02-14,142.80709838867188,161.25,162.78750610351562,159.5625,162.78750610351562,6010681
2023-02-15,142.4750213623047,160.875,161.39999389648438,159.75,159.9375,8107497
2023-02-16,142.54139709472656,160.9499969482422,162.6750030517578,160.5,162.6750030517578,3963115
2023-02-17,142.010009765625,160.35000610351562,161.9250030517578,159.75,160.5,6491149
2023-02-20,143.33847045898438,161.85000610351562,162.75,160.64999389648438,161.6999969482422,6841917
2023-02-21,144.2683563232422,162.89999389648438,164.0625,162.03750610351562,163.16250610351562,6701434
2023-02-22,142.57461547851562,160.9875030517578,162.97500610351562,159.75,162.0,9128659
2023-02-23,141.64471435546875,159.9375,161.9250030517578,159.4499969482422,161.25,10345874
2023-02-24,142.8402862548828,161.28750610351562,161.5500030517578,159.3000030517578,159.3000030517578,9808830
2023-02-27,145.59681701660156,164.39999389648438,164.96249389648438,160.91250610351562,162.33749389648438,17763618
2023-02-28,147.62266540527344,166.6875,167.25,164.0625,165.4499969482422,36559278
2023-03-01,145.39755249023438,164.1750030517578,166.6875,163.0500030517578,166.16250610351562,12896085
2023-03-02,146.3606719970703,165.2624969482422,165.75,161.85000610351562,163.5,79708558
2023-03-03,147.52304077148438,166.5749969482422,169.08749389648438,165.3000030517578,165.3000030517578,9951869
2023-03-06,150.87734985351562,170.3625030517578,171.60000610351562,167.25,168.0,15659957
2023-03-08,151.47515869140625,171.03750610351562,171.2624969482422,169.27499389648438,170.21249389648438,11591495
2023-03-09,149.98065185546875,169.35000610351562,172.83749389648438,169.125,171.75,13941653
2023-03-10,150.47885131835938,169.91250610351562,171.1125030517578,166.6875,166.6875,9605434
2023-03-13,150.17994689941406,169.5749969482422,172.53750610351562,169.0500030517578,171.03750610351562,13209653
2023-03-14,149.5821075439453,168.89999389648438,170.8125,168.0,168.8625030517578,9583405
2023-03-15,151.64120483398438,171.22500610351562,172.53750610351562,169.27499389648438,169.9499969482422,12228069
2023-03-16,154.1984405517578,174.1125030517578,174.6750030517578,171.2624969482422,172.08749389648438,18437817
2023-03-17,152.57110595703125,172.27499389648438,175.5,171.22500610351562,175.46249389648438,33711025
2023-03-20,151.10984802246094,170.625,172.0500030517578,168.97500610351562,168.97500610351562,9281411
2023-03-21,148.22047424316406,167.3625030517578,170.77499389648438,166.83749389648438,170.4375,11272787
2023-03-22,148.8514862060547,168.0749969482422,168.52499389648438,165.60000610351562,167.25,7589846
2023-03-23,147.55625915527344,166.6125030517578,168.375,165.9375,168.0,17091298
2023-03-24,147.72232055664062,166.8000030517578,168.1875,165.60000610351562,167.25,10371666
2023-03-27,146.19461059570312,165.0749969482422,169.6875,164.66250610351562,167.1750030517578,19983733
2023-03-28,147.52304077148438,166.5749969482422,167.3249969482422,164.02499389648438,165.9375,8689166
2023-03-29,147.7555389404297,166.83749389648438,167.77499389648438,165.41250610351562,166.5749969482422,19743258
2023-03-31,149.9142303466797,169.27499389648438,170.0625,167.25,168.0,10202058
2023-04-03,149.18359375,168.4499969482422,170.5124969482422,167.8874969482422,170.5124969482422,7643214
2023-04-05,149.8810272216797,169.2375030517578,169.9499969482422,167.77499389648438,169.9499969482422,12019382
2023-04-06,149.61534118652344,168.9375,170.5500030517578,168.4875030517578,170.39999389648438,4282875
2023-04-10,152.1393585205078,171.78750610351562,172.0500030517578,168.75,168.89999389648438,4145643
2023-04-11,153.6670684814453,173.5124969482422,174.0,171.33749389648438,171.6750030517578,5106602
2023-04-12,150.97695922851562,170.47500610351562,173.66250610351562,170.28750610351562,173.5500030517578,9118795
2023-04-13,153.5674285888672,173.39999389648438,173.7375030517578,170.25,170.47500610351562,11428621
2023-04-17,157.18743896484375,177.4875030517578,179.9250030517578,174.22500610351562,174.4499969482422,21815047
2023-04-18,152.96966552734375,172.72500610351562,178.125,172.2375030517578,177.6750030517578,13482833
2023-04-19,152.73716735839844,172.46249389648438,173.5500030517578,171.4875030517578,171.75,8264190
2023-04-20,153.3681640625,173.1750030517578,174.6750030517578,172.2375030517578,173.1374969482422,7308750
2023-04-21,153.7999267578125,173.66250610351562,174.2624969482422,172.1999969482422,173.85000610351562,5030650
2023-04-24,154.0655975341797,173.96249389648438,174.22500610351562,172.46249389648438,173.25,5725067
2023-04-25,154.69662475585938,174.6750030517578,175.4250030517578,172.9875030517578,173.47500610351562,8338703
2023-04-26,158.28338623046875,178.72500610351562,179.625,174.0,175.53750610351562,13581018
2023-04-27,156.7224884033203,176.96249389648438,178.72500610351562,175.125,178.5,9794457
2023-04-28,157.58595275878906,177.9375,178.46249389648438,174.8249969482422,177.71249389648438,10585487
2023-05-02,159.47898864746094,180.0749969482422,180.8625030517578,178.6875,179.02499389648438,6732907
2023-05-03,159.21331787109375,179.77499389648438,181.5,179.10000610351562,180.0,4789217
2023-05-04,158.64869689941406,179.1374969482422,180.52499389648438,176.21249389648438,179.7375030517578,9189783
2023-05-05,160.11001586914062,180.78750610351562,181.125,178.64999389648438,179.10000610351562,3896441
2023-05-08,162.56759643554688,183.5625,184.6875,180.8249969482422,181.3874969482422,8758321
2023-05-09,161.6708984375,182.5500030517578,185.1750030517578,182.02499389648438,183.03750610351562,9166941
2023-05-10,164.4938507080078,185.7375030517578,185.96249389648438,183.4499969482422,183.8625030517578,9689409
2023-05-11,165.09165954589844,186.41250610351562,186.89999389648438,184.9499969482422,185.77499389648438,12616726
2023-05-12,160.574951171875,181.3125,187.1999969482422,180.8625030517578,186.6374969482422,13853807
2023-05-15,161.5712890625,182.4375,184.2375030517578,181.7624969482422,182.5500030517578,12187763
2023-05-16,159.8111114501953,180.4499969482422,183.41250610351562,180.0,182.66250610351562,11418509
2023-05-17,158.61549377441406,179.10000610351562,181.4250030517578,178.08749389648438,180.6750030517578,11560929
2023-05-18,156.52322387695312,176.7375030517578,180.75,175.9499969482422,180.75,14497723
2023-05-19,155.2279815673828,175.27499389648438,178.125,174.0,176.7375030517578,10071694
2023-05-22,155.65972900390625,175.7624969482422,179.25,174.4875030517578,176.02499389648438,12566129
2023-05-23,155.49366760253906,175.5749969482422,177.41250610351562,175.0124969482422,175.53750610351562,12458561
2023-05-24,156.62286376953125,176.85000610351562,178.3874969482422,176.1374969482422,178.35000610351562,8877971
2023-05-25,158.05091857910156,178.46249389648438,180.22500610351562,177.22500610351562,178.27499389648438,12502747
2023-05-26,157.6191864013672,177.97500610351562,178.4250030517578,176.10000610351562,178.3874969482422,6811801
2023-05-29,155.75936889648438,175.875,178.7624969482422,175.5749969482422,178.64999389648438,13638297
2023-05-30,156.15786743164062,176.3249969482422,176.9250030517578,175.27499389648438,176.9250030517578,9469926
2023-05-31,155.32763671875,175.3874969482422,176.39999389648438,172.5,176.25,48104157
2023-06-01,154.7630157470703,174.75,175.5749969482422,172.53750610351562,174.71249389648438,8804790
2023-06-02,155.82577514648438,175.9499969482422,176.3249969482422,174.8249969482422,175.5,6617781
2023-06-05,156.489990234375,176.6999969482422,178.5,176.10000610351562,177.33749389648438,27428302
2023-06-06,156.29074096679688,176.47500610351562,177.75,175.83749389648438,177.33749389648438,6898603
2023-06-07,158.88119506835938,179.39999389648438,180.03750610351562,177.1125030517578,177.52499389648438,11153571
2023-06-08,160.50852966308594,181.2375030517578,184.08749389648438,179.4375,179.4375,19300834
2023-06-09,162.66725158691406,183.6750030517578,184.125,181.35000610351562,182.66250610351562,11037141
2023-06-12,160.50852966308594,181.2375030517578,184.83749389648438,180.89999389648438,183.75,8188909
2023-06-13,160.90704345703125,181.6875,182.58749389648438,181.08749389648438,181.5,6443218
2023-06-14,163.72999572753906,184.875,185.39999389648438,181.5749969482422,181.5749969482422,10297426
2023-06-15,163.69677734375,184.83749389648438,185.21249389648438,182.85000610351562,185.21249389648438,9732749
2023-06-16,163.69677734375,184.83749389648438,185.5124969482422,183.375,184.8000030517578,9702361
2023-06-19,161.47164916992188,182.3249969482422,186.22500610351562,181.8000030517578,184.83749389648438,10431647
2023-06-20,165.22447204589844,186.5625,187.27499389648438,182.8125,182.8874969482422,13426365
2023-06-21,171.50135803222656,193.64999389648438,194.28750610351562,186.5625,186.60000610351562,31172093
2023-06-22,168.41275024414062,190.16250610351562,193.5,189.52499389648438,193.5,7430965
2023-06-23,166.12115478515625,187.5749969482422,190.9875030517578,187.16250610351562,190.1999969482422,5593393
2023-06-26,165.0584259033203,186.375,187.6875,185.3625030517578,187.5,7305362
2023-06-27,165.75584411621094,187.16250610351562,187.53750610351562,185.7375030517578,186.0749969482422,11142907
2023-06-28,166.1543731689453,187.6125030517578,189.375,184.83749389648438,188.10000610351562,17808717
2023-06-30,169.47549438476562,191.3625030517578,194.77499389648438,188.39999389648438,192.375,17659979
2023-07-03,166.3868865966797,187.875,191.21249389648438,187.125,190.91250610351562,12467239
2023-07-04,165.7890625,187.1999969482422,189.375,186.89999389648438,189.375,8637967
2023-07-05,168.2134552001953,189.9375,190.46249389648438,187.125,187.27499389648438,5340907
2023-07-06,174.49032592773438,197.02499389648438,197.6999969482422,190.8000030517578,194.96249389648438,16705046
2023-07-07,169.6747589111328,191.58749389648438,196.91250610351562,191.02499389648438,196.91250610351562,13149183
2023-07-10,166.0547637939453,187.5,192.3000030517578,186.375,191.58749389648438,15319047
2023-07-11,168.37953186035156,190.125,191.5500030517578,187.53750610351562,189.0,7486045
2023-07-12,167.41641235351562,189.03750610351562,191.0625,188.3625030517578,190.5,9390877
2023-07-13,161.47164916992188,182.3249969482422,189.14999389648438,181.27499389648438,188.8125,30591450
2023-07-14,159.44578552246094,180.03750610351562,183.3000030517578,177.52499389648438,182.25,72085831
2023-07-17,160.0767822265625,180.75,183.71249389648438,179.39999389648438,181.875,11474161
2023-07-18,160.1764373779297,180.8625030517578,182.77499389648438,179.6999969482422,180.75,14940593
2023-07-19,161.5712890625,182.4375,184.64999389648438,180.41250610351562,180.75,22954874
2023-07-20,162.23550415039062,183.1875,184.3874969482422,181.72500610351562,182.96249389648438,10249082
2023-07-21,162.1358642578125,183.0749969482422,184.72500610351562,181.64999389648438,182.4375,18466409
2023-07-24,164.36097717285156,185.58749389648438,186.1125030517578,182.1374969482422,183.03750610351562,14825562
2023-07-25,166.81861877441406,188.3625030517578,188.625,186.1125030517578,186.71249389648438,10500017
2023-07-26,166.71896362304688,188.25,191.7375030517578,187.5,190.4250030517578,12898171
2023-07-27,166.5196990966797,188.02499389648438,190.0500030517578,187.27499389648438,189.0,10836773
2023-07-28,171.50135803222656,193.64999389648438,195.8625030517578,187.5749969482422,188.85000610351562,17518458
2023-07-31,176.7154998779297,199.53750610351562,200.25,194.3625030517578,196.5,24269734
2023-08-01,167.2503662109375,188.85000610351562,196.5,187.875,196.5,31395702
2023-08-02,165.09165954589844,186.41250610351562,190.35000610351562,184.9499969482422,189.6750030517578,20825405
2023-08-03,165.1912841796875,186.52499389648438,187.9499969482422,184.5749969482422,186.75,10882019
2023-08-04,164.29458618164062,185.5124969482422,186.78750610351562,184.9499969482422,186.0,7406390
2023-08-07,164.69308471679688,185.96249389648438,186.71249389648438,184.5,186.60000610351562,6345966
2023-08-08,163.54188537597656,181.125,183.9375,180.4875030517578,183.9375,15171726
2023-08-09,162.76312255859375,180.2624969482422,182.625,179.8125,182.25,18442141
2023-08-10,163.74505615234375,181.35000610351562,181.9875030517578,180.03750610351562,180.41250610351562,9962450
2023-08-11,165.4380340576172,183.22500610351562,184.6875,182.10000610351562,184.125,23866073
2023-08-14,165.57345581054688,183.375,183.97500610351562,180.5625,183.6374969482422,9188486
2023-08-16,167.97750854492188,186.03750610351562,186.4875030517578,182.28750610351562,183.4499969482422,9191471
2023-08-17,165.0316925048828,182.77499389648438,186.60000610351562,181.64999389648438,186.03750610351562,15301142
2023-08-18,163.20327758789062,180.75,182.7375030517578,180.0749969482422,182.7375030517578,12292241
2023-08-21,167.40187072753906,185.39999389648438,185.77499389648438,181.27499389648438,181.72500610351562,9129526
2023-08-22,167.8082275390625,185.85000610351562,187.6125030517578,185.02499389648438,186.0,11107830
2023-08-23,169.02716064453125,187.1999969482422,187.5,185.39999389648438,187.5,8487619
2023-08-24,166.79241943359375,184.72500610351562,189.4875030517578,184.35000610351562,187.5,18982087
2023-08-25,163.88047790527344,181.5,185.5500030517578,181.0500030517578,184.6125030517578,12851343
2023-08-28,168.2822265625,186.375,186.75,181.91250610351562,182.25,11908665
2023-08-29,170.07679748535156,188.3625030517578,189.75,186.4499969482422,187.1999969482422,12363321
2023-08-30,167.33416748046875,185.3249969482422,188.6999969482422,184.83749389648438,188.47500610351562,6748007
2023-08-31,165.60731506347656,183.41250610351562,187.1999969482422,182.66250610351562,185.8874969482422,20715819
2023-09-01,170.787841796875,189.14999389648438,189.4499969482422,183.89999389648438,185.25,13120723
2023-09-04,172.9548797607422,191.5500030517578,192.375,188.10000610351562,190.1999969482422,10240031
2023-09-05,172.20999145507812,190.72500610351562,192.75,189.75,191.47500610351562,10893186
2023-09-06,172.34539794921875,190.875,192.9375,189.1125030517578,192.52499389648438,10018473
2023-09-07,174.03836059570312,192.75,193.27499389648438,189.1125030517578,190.5,13760453
2023-09-08,175.1557159423828,193.9875030517578,195.97500610351562,192.8249969482422,193.6875,16781751
2023-09-11,179.1173095703125,198.375,198.75,193.1999969482422,195.2624969482422,17683806
2023-09-12,172.72914123535156,191.3000030517578,204.25,190.64999389648438,203.0,29826173
2023-09-13,174.44467163085938,193.1999969482422,194.60000610351562,191.3000030517578,193.1999969482422,10692151
2023-09-14,176.2053680419922,195.14999389648438,195.64999389648438,193.6999969482422,194.1999969482422,10941807
2023-09-15,175.25732421875,194.10000610351562,196.1999969482422,192.1999969482422,196.14999389648438,20516593
2023-09-18,180.67483520507812,200.10000610351562,200.5,194.10000610351562,195.25,25627043
2023-09-20,184.78314208984375,204.64999389648438,205.9499969482422,198.4499969482422,198.6999969482422,33369524
2023-09-21,182.02923583984375,201.60000610351562,205.5500030517578,200.39999389648438,205.0,20332556
2023-09-22,179.81704711914062,199.14999389648438,202.89999389648438,196.39999389648438,200.5500030517578,21193988
2023-09-25,179.59132385253906,198.89999389648438,200.64999389648438,196.6999969482422,200.0,11951847
2023-09-26,179.0947265625,198.35000610351562,200.0500030517578,197.60000610351562,199.10000610351562,7440011
2023-09-27,179.99766540527344,199.35000610351562,199.60000610351562,197.3000030517578,199.3000030517578,6736870
2023-09-28,181.26174926757812,200.75,204.4499969482422,197.8000030517578,200.10000610351562,50185120
2023-09-29,180.3588409423828,199.75,201.89999389648438,199.10000610351562,200.9499969482422,16293959
2023-10-03,180.17822265625,199.5500030517578,200.0,196.89999389648438,198.75,10830728
2023-10-04,179.68161010742188,199.0,199.39999389648438,195.39999389648438,198.89999389648438,14120040
2023-10-05,177.51461791992188,196.60000610351562,199.5,195.35000610351562,199.5,14575590
2023-10-06,177.92092895507812,197.0500030517578,197.4499969482422,194.85000610351562,197.0,12857229
2023-10-09,177.19857788085938,196.25,196.89999389648438,193.75,196.5,7853369
2023-10-10,178.73355102539062,197.9499969482422,198.5500030517578,195.6999969482422,196.25,7440527
2023-10-11,179.23016357421875,198.5,199.14999389648438,197.35000610351562,197.35000610351562,10031916
2023-10-12,181.26174926757812,200.75,202.0,197.35000610351562,197.35000610351562,21872719
2023-10-13,182.20982360839844,201.8000030517578,202.39999389648438,199.3000030517578,200.4499969482422,13105921
2023-10-16,183.3385009765625,203.0500030517578,203.85000610351562,200.10000610351562,200.3000030517578,18336656
2023-10-17,187.0404510498047,207.14999389648438,209.0,202.60000610351562,203.5500030517578,19378328
2023-10-18,186.4535369873047,206.5,208.4499969482422,204.0,208.4499969482422,14923328
2023-10-19,185.82151794433594,205.8000030517578,207.39999389648438,202.1999969482422,204.0,13192888
2023-10-20,183.1578826904297,202.85000610351562,205.1999969482422,200.89999389648438,205.1999969482422,22081120
2023-10-23,180.3588409423828,199.75,205.14999389648438,199.0,202.0,6988219
2023-10-25,180.13308715820312,199.5,200.4499969482422,197.8000030517578,199.0,16817158
2023-10-26,179.63648986816406,198.9499969482422,200.0,196.3000030517578,198.75,11070090
2023-10-27,181.44232177734375,200.9499969482422,201.8000030517578,199.14999389648438,199.25,9995487
2023-10-30,181.35205078125,200.85000610351562,202.1999969482422,197.64999389648438,200.9499969482422,7679981
2023-10-31,182.5258331298828,202.14999389648438,202.9499969482422,200.5500030517578,201.5,7474770
2023-11-01,181.44232177734375,200.9499969482422,202.35000610351562,200.5,202.35000610351562,5598615
2023-11-02,183.3836212158203,203.10000610351562,203.64999389648438,200.89999389648438,201.75,12924797
2023-11-03,184.5574188232422,204.39999389648438,206.5,203.10000610351562,203.39999389648438,8684015
2023-11-06,187.988525390625,208.1999969482422,208.9499969482422,204.9499969482422,205.0,9804415
2023-11-07,187.8079376220703,208.0,209.10000610351562,205.75,208.1999969482422,10730361
2023-11-08,186.90499877929688,207.0,209.60000610351562,206.64999389648438,209.0,7435543
2023-11-09,189.43321228027344,209.8000030517578,210.5,206.10000610351562,207.3000030517578,13777877
2023-11-10,190.6521453857422,211.14999389648438,213.0,209.60000610351562,210.5,12066023
2023-11-13,191.69052124023438,212.3000030517578,215.10000610351562,210.6999969482422,212.0,11352269
2023-11-15,189.7492218017578,210.14999389648438,215.0,209.8000030517578,215.0,19182861
2023-11-16,190.71568298339844,207.1999969482422,208.85000610351562,205.6999969482422,206.6999969482422,27533260
2023-11-17,192.83270263671875,209.5,210.6999969482422,206.89999389648438,207.6999969482422,16705395
2023-11-20,192.64862060546875,209.3000030517578,211.1999969482422,208.85000610351562,210.10000610351562,11156900
2023-11-21,192.32644653320312,208.9499969482422,210.14999389648438,207.9499969482422,210.0,9608081
2023-11-22,194.765625,211.60000610351562,212.60000610351562,208.1999969482422,208.1999969482422,13079580
2023-11-23,194.12130737304688,210.89999389648438,213.10000610351562,209.25,212.0500030517578,11382709
2023-11-24,193.70713806152344,210.4499969482422,212.10000610351562,209.5,211.3000030517578,7250200
2023-11-28,193.4770050048828,210.1999969482422,214.4499969482422,209.5,214.4499969482422,15629209
2023-11-29,194.25938415527344,211.0500030517578,211.4499969482422,209.10000610351562,210.3000030517578,10062023
2023-11-30,192.32644653320312,208.9499969482422,212.8000030517578,208.25,210.39999389648438,60354322
2023-12-01,193.4770050048828,210.1999969482422,212.4499969482422,209.4499969482422,211.5,20719909
2023-12-04,195.9622039794922,212.89999389648438,214.10000610351562,211.6999969482422,211.6999969482422,27914088
2023-12-05,204.61436462402344,222.3000030517578,223.25,211.5500030517578,213.6999969482422,40709207
2023-12-06,206.5472869873047,224.39999389648438,226.25,222.5,226.0,29544730
2023-12-07,211.70176696777344,230.0,232.39999389648438,224.25,225.0,24534268
2023-12-08,210.41317749023438,228.60000610351562,233.39999389648438,226.4499969482422,231.8000030517578,22206320
2023-12-11,212.57618713378906,230.9499969482422,232.89999389648438,226.5500030517578,228.0,19106395
2023-12-12,212.9443817138672,231.35000610351562,233.3000030517578,229.5,230.0,14355329
2023-12-13,218.0988311767578,236.9499969482422,237.5,230.60000610351562,231.0,26878281
2023-12-14,213.63470458984375,232.10000610351562,237.60000610351562,231.10000610351562,237.25,29972018
2023-12-15,218.467041015625,237.35000610351562,238.10000610351562,227.14999389648438,235.0,41341690
2023-12-18,213.40460205078125,231.85000610351562,236.89999389648438,231.4499969482422,236.89999389648438,29051897
2023-12-19,214.9693603515625,233.5500030517578,234.39999389648438,230.85000610351562,232.14999389648438,12612164
2023-12-20,209.0784912109375,227.14999389648438,235.39999389648438,226.1999969482422,234.9499969482422,20400245
2023-12-21,213.86483764648438,232.35000610351562,233.1999969482422,222.6999969482422,224.4499969482422,17755207
2023-12-22,213.3125457763672,231.75,234.1999969482422,230.5,233.0,9735375
2023-12-26,214.78524780273438,233.35000610351562,235.8000030517578,231.0500030517578,232.0,6772092
2023-12-27,215.42955017089844,234.0500030517578,235.85000610351562,232.5,235.0,10231881
2023-12-28,220.0778045654297,239.10000610351562,239.9499969482422,234.10000610351562,235.10000610351562,39164340
2023-12-29,218.32896423339844,237.1999969482422,238.25,234.75,237.8000030517578,12665999
2024-01-01,219.29542541503906,238.25,239.5,236.39999389648438,237.89999389648438,5952776
2024-01-02,218.92726135253906,237.85000610351562,240.10000610351562,236.14999389648438,240.0,9128513
2024-01-03,218.19090270996094,237.0500030517578,238.6999969482422,234.60000610351562,236.0,8284439
2024-01-04,222.2408447265625,241.4499969482422,243.10000610351562,237.0500030517578,238.0,19663959
2024-01-05,222.05674743652344,241.25,245.0,239.3000030517578,242.0,16345257
2024-01-08,223.06924438476562,242.35000610351562,245.25,240.39999389648438,242.39999389648438,13585746
2024-01-09,223.02322387695312,242.3000030517578,244.64999389648438,241.5,242.60000610351562,8688409
2024-01-10,220.1238250732422,239.14999389648438,242.10000610351562,238.0,241.0,16872195
2024-01-11,222.70106506347656,241.9499969482422,243.10000610351562,239.1999969482422,240.25,18812468
2024-01-12,220.4459686279297,239.5,242.64999389648438,238.8000030517578,242.5,11296498
2024-01-15,221.96469116210938,241.14999389648438,241.5,237.0,240.39999389648438,12597366
2024-01-16,220.0317840576172,239.0500030517578,242.39999389648438,237.6999969482422,241.64999389648438,7478450
2024-01-17,220.1698455810547,239.1999969482422,241.1999969482422,237.6999969482422,238.5,13620300
2024-01-18,214.87730407714844,233.4499969482422,235.6999969482422,226.0500030517578,227.25,25522629
2024-01-19,216.6721649169922,235.39999389648438,236.9499969482422,232.39999389648438,235.0,20931080
2024-01-23,219.01927185058594,237.9499969482422,246.8000030517578,236.25,241.0,27492163
2024-01-24,226.61294555664062,246.1999969482422,247.0,235.0,236.14999389648438,28309825
2024-01-25,225.96865844726562,245.5,248.6999969482422,243.10000610351562,244.75,20651484
2024-01-29,233.74636840820312,253.9499969482422,255.0,245.14999389648438,245.4499969482422,26181011
2024-01-30,233.88442993164062,254.10000610351562,256.95001220703125,251.5,254.0,16031367
2024-01-31,238.6707305908203,259.29998779296875,260.0,252.39999389648438,254.0,34369455
2024-02-01,244.65359497070312,265.79998779296875,270.95001220703125,258.29998779296875,259.0,29929092
2024-02-02,255.05459594726562,277.1000061035156,281.3999938964844,263.95001220703125,264.5,33900724
2024-02-05,260.3931579589844,282.8999938964844,289.3999938964844,274.8999938964844,277.5,27440927
2024-02-06,252.43133544921875,274.25,282.8999938964844,272.29998779296875,282.8999938964844,29668277
2024-02-07,246.63255310058594,267.95001220703125,274.3999938964844,266.79998779296875,272.1000061035156,27335466
2024-02-08,254.2262420654297,276.20001220703125,288.04998779296875,270.79998779296875,270.79998779296875,69776717
2024-02-09,251.28079223632812,273.0,279.45001220703125,269.1000061035156,278.6000061035156,24496638
2024-02-12,248.7956085205078,270.29998779296875,276.0,266.25,273.20001220703125,19140023
2024-02-13,248.7495574951172,270.25,270.8500061035156,264.25,270.29998779296875,22031847
2024-02-14,251.8790740966797,273.6499938964844,275.0,267.0,269.5,13546941
2024-02-15,263.5769958496094,281.6499938964844,283.3500061035156,271.3500061035156,272.0,25475670
2024-02-16,256.93255615234375,274.54998779296875,282.8999938964844,273.29998779296875,282.0,25129188
2024-02-19,258.6170959472656,276.3500061035156,278.29998779296875,273.29998779296875,275.1000061035156,11429901
2024-02-20,269.42596435546875,287.8999938964844,288.75,277.70001220703125,278.3500061035156,43053543
2024-02-21,262.1264343261719,280.1000061035156,289.45001220703125,279.25,287.54998779296875,24651085
2024-02-22,264.46600341796875,282.6000061035156,283.5,273.25,280.1000061035156,26793590
2024-02-23,263.8577575683594,281.95001220703125,285.20001220703125,279.0,282.54998779296875,14313526
2024-02-26,269.33233642578125,287.79998779296875,291.5,282.04998779296875,282.95001220703125,31012494
2024-02-27,273.7308044433594,292.5,293.3999938964844,284.1000061035156,284.1000061035156,36510093
2024-02-28,261.6116638183594,279.54998779296875,293.6499938964844,278.3999938964844,291.5,18824161
2024-02-29,264.70001220703125,282.8500061035156,285.0,274.3999938964844,279.6000061035156,35043015
2024-03-01,269.2388000488281,287.70001220703125,289.3999938964844,284.6000061035156,285.0,15149735
2024-03-04,275.7427978515625,294.6499938964844,297.0,288.0,288.0,23131460
2024-03-05,276.0703430175781,295.0,295.45001220703125,289.75,292.04998779296875,13220556
2024-03-06,274.853759765625,293.70001220703125,294.8999938964844,286.5,290.29998779296875,15969436
2024-03-07,273.8711242675781,292.6499938964844,298.8999938964844,291.0,294.0,14908694
2024-03-11,267.2267150878906,285.54998779296875,291.95001220703125,284.3999938964844,288.3999938964844,19020659
2024-03-12,266.8523864746094,285.1499938964844,288.6499938964844,282.75,284.8999938964844,17906155
2024-03-13,247.34030151367188,264.29998779296875,283.8999938964844,261.79998779296875,283.29998779296875,39389523
2024-03-14,249.25875854492188,266.3500061035156,268.3999938964844,260.70001220703125,264.04998779296875,26005940
2024-03-15,248.8844451904297,265.95001220703125,272.0,257.6499938964844,268.1000061035156,43817794
2024-03-18,247.9018096923828,264.8999938964844,266.6499938964844,259.5,265.95001220703125,12423655
2024-03-19,242.38040161132812,259.0,266.5,258.29998779296875,262.1499938964844,20031514
2024-03-20,247.6678924560547,264.6499938964844,265.1499938964844,258.95001220703125,259.95001220703125,11308487
2024-03-21,256.1839294433594,273.75,274.5,267.1000061035156,267.79998779296875,23559105
2024-03-22,258.0555725097656,275.75,278.25,271.3500061035156,273.75,22097588
2024-03-26,252.72134399414062,270.04998779296875,274.1000061035156,266.1000061035156,270.1000061035156,28477120
2024-03-27,252.90847778320312,270.25,272.79998779296875,269.20001220703125,271.0,18094214
2024-03-28,259.13177490234375,276.8999938964844,279.5,271.6499938964844,272.0,26646830
2024-04-01,262.1732177734375,280.1499938964844,281.6000061035156,277.6499938964844,280.75,8945400
2024-04-02,261.6116638183594,279.54998779296875,281.70001220703125,278.5,279.25,13229425
2024-04-03,262.1264343261719,280.1000061035156,283.1000061035156,278.54998779296875,280.1499938964844,14499308
2024-04-04,259.8336486816406,277.6499938964844,286.70001220703125,275.04998779296875,282.79998779296875,23722104
2024-04-05,260.53558349609375,278.3999938964844,279.95001220703125,275.1499938964844,279.95001220703125,9308711
2024-04-08,263.67059326171875,281.75,284.20001220703125,279.04998779296875,280.54998779296875,14473340
2024-04-09,263.1558837890625,281.20001220703125,284.3500061035156,281.0,282.8500061035156,5780865
2024-04-10,264.41925048828125,282.54998779296875,285.3500061035156,280.0,280.0,8809693
2024-04-12,257.587646484375,275.25,284.45001220703125,274.6499938964844,281.5,17731780
2024-04-15,256.4646911621094,274.04998779296875,276.20001220703125,268.3999938964844,270.25,13378690
2024-04-16,256.6518249511719,274.25,275.54998779296875,271.25,273.0,9662195
2024-04-18,262.1264343261719,280.1000061035156,289.8999938964844,277.70001220703125,287.8999938964844,51039603
2024-04-19,263.5769958496094,281.6499938964844,282.25,274.70001220703125,278.1000061035156,18755469
2024-04-22,265.44866943359375,283.6499938964844,284.70001220703125,281.70001220703125,284.0,14965203
2024-04-23,267.0395812988281,285.3500061035156,287.1499938964844,280.70001220703125,283.6499938964844,11464036
2024-04-24,271.7655029296875,290.3999938964844,291.8500061035156,284.3999938964844,285.0,19324163
2024-04-25,274.47943115234375,293.29998779296875,294.5,289.25,292.0,22022414
2024-04-26,273.4967956542969,292.25,296.1499938964844,291.45001220703125,294.25,15581578
2024-04-29,274.853759765625,293.70001220703125,294.6000061035156,289.6000061035156,292.29998779296875,9804396
2024-04-30,282.4808349609375,301.8500061035156,304.3500061035156,293.04998779296875,293.70001220703125,33288857
2024-05-02,293.47686767578125,313.6000061035156,317.25,301.8500061035156,301.95001220703125,44059506
2024-05-03,290.9032897949219,310.8500061035156,316.1000061035156,308.25,312.0,27074447
2024-05-06,287.1599426269531,306.8500061035156,310.79998779296875,303.1000061035156,310.20001220703125,16855909
2024-05-07,276.3042907714844,295.25,308.29998779296875,294.5,307.0,13857464
2024-05-08,282.62115478515625,302.0,302.8500061035156,292.0,292.0,18754452
2024-05-09,277.14654541015625,296.1499938964844,304.3500061035156,295.25,302.75,11196567
2024-05-10,284.2588195800781,303.75,304.45001220703125,296.25,296.25,11786977
2024-05-13,286.8791809082031,306.54998779296875,307.6499938964844,297.6000061035156,304.20001220703125,11710605
2024-05-14,289.4059753417969,309.25,313.0,307.75,308.0,9957875
2024-05-15,294.6466064453125,314.8500061035156,316.29998779296875,308.8500061035156,310.0,11397656
2024-05-16,292.4473876953125,312.5,315.6000061035156,305.29998779296875,314.5,19843532
2024-05-17,293.0556640625,313.1499938964844,316.0,310.75,314.8999938964844,9069551
2024-05-21,304.7535705566406,325.6499938964844,327.45001220703125,311.0,311.0,21976662
2024-05-22,304.84716796875,325.75,327.75,320.20001220703125,327.75,10287081
2024-05-23,299.3725280761719,319.8999938964844,320.70001220703125,309.0,319.45001220703125,35705284
2024-05-24,298.3431091308594,318.79998779296875,322.95001220703125,317.3999938964844,318.0,15058182
2024-05-27,297.5476989746094,317.95001220703125,321.5,314.5,321.5,12857918
2024-05-28,292.7281799316406,312.79998779296875,319.5,312.0,319.0,10935739
2024-05-29,297.313720703125,317.70001220703125,318.70001220703125,309.1000061035156,309.1000061035156,16812268
2024-05-30,287.01959228515625,306.70001220703125,317.6499938964844,303.79998779296875,314.6000061035156,22768893
2024-05-31,290.1078186035156,310.0,311.5,305.70001220703125,308.54998779296875,36929443
2024-06-03,315.98358154296875,337.6499938964844,348.70001220703125,325.6000061035156,335.0,55218939
2024-06-04,276.95941162109375,295.95001220703125,334.95001220703125,279.75,334.95001220703125,73262478
2024-06-05,279.6264343261719,298.79998779296875,301.04998779296875,279.20001220703125,296.29998779296875,45312613
2024-06-06,281.170654296875,300.45001220703125,311.45001220703125,298.1000061035156,303.3999938964844,36508044
2024-06-07,289.4995422363281,309.3500061035156,310.6499938964844,296.79998779296875,298.04998779296875,38016104
2024-06-10,295.5356140136719,315.79998779296875,323.3500061035156,311.6000061035156,313.0,25478964
2024-06-11,296.237548828125,316.54998779296875,319.70001220703125,315.1499938964844,316.20001220703125,12238518
2024-06-12,303.8177795410156,324.6499938964844,327.1000061035156,316.8999938964844,319.8999938964844,20346144
2024-06-13,300.8231201171875,321.45001220703125,327.95001220703125,320.6499938964844,327.0,11756503
2024-06-14,300.8699035644531,321.5,326.0,319.3500061035156,326.0,14159988
2024-06-18,310.5089416503906,331.79998779296875,332.5,322.0,322.0,21653702
2024-06-19,306.2977294921875,327.29998779296875,334.8500061035156,325.3999938964844,334.0,14235150
2024-06-20,303.72418212890625,324.54998779296875,328.29998779296875,322.29998779296875,327.5,11749507
2024-06-21,305.03436279296875,325.95001220703125,329.6000061035156,323.0,326.70001220703125,17209541
2024-06-24,311.58514404296875,332.95001220703125,334.0,322.54998779296875,323.1000061035156,18044357
2024-06-25,306.39129638671875,327.3999938964844,335.0,325.79998779296875,335.0,13979671
2024-06-26,305.7362365722656,326.70001220703125,330.20001220703125,324.95001220703125,325.70001220703125,12946277
2024-06-27,310.27496337890625,331.54998779296875,332.5,324.3500061035156,328.54998779296875,27061015
2024-06-28,309.7135009765625,330.95001220703125,337.3500061035156,329.6000061035156,333.0,21676594
2024-07-01,308.4501037597656,329.6000061035156,331.75,325.25,331.0,11959181
2024-07-02,309.5731201171875,330.79998779296875,334.3999938964844,328.04998779296875,330.04998779296875,12684459
2024-07-03,313.64398193359375,335.1499938964844,336.8999938964844,329.1000061035156,331.1000061035156,9369793
2024-07-04,313.50360107421875,335.0,338.70001220703125,333.8999938964844,337.0,12878827
2024-07-05,317.6212463378906,339.3999938964844,339.8999938964844,332.8500061035156,335.0,10894118
2024-07-08,317.6212463378906,339.3999938964844,341.0,336.8500061035156,341.0,7828162
2024-07-09,319.2590026855469,341.1499938964844,342.3500061035156,338.1000061035156,340.0,9214579
2024-07-10,323.84454345703125,346.04998779296875,347.79998779296875,335.5,343.0,10662609
2024-07-11,320.8031311035156,342.79998779296875,348.75,342.0,348.5,12642065
2024-07-12,321.08380126953125,343.1000061035156,345.8999938964844,340.1000061035156,342.79998779296875,11380570
2024-07-15,321.78570556640625,343.8500061035156,345.3999938964844,340.20001220703125,345.3999938964844,5277531
2024-07-16,320.4755554199219,342.45001220703125,347.0,341.5,342.75,11363095
2024-07-18,319.3525695800781,341.25,344.70001220703125,336.95001220703125,342.0,13908161
2024-07-19,310.8833312988281,332.20001220703125,341.8500061035156,331.0,339.54998779296875,12937990
2024-07-22,316.8725891113281,338.6000061035156,339.3999938964844,329.5,330.0,10678640
2024-07-23,312.8017272949219,334.25,340.5,321.1000061035156,339.1000061035156,15954324
2024-07-24,315.515625,337.1499938964844,338.79998779296875,330.29998779296875,330.8999938964844,12573882
2024-07-25,317.6680603027344,339.45001220703125,342.6000061035156,330.45001220703125,330.45001220703125,16271884
2024-07-26,322.1132507324219,344.20001220703125,345.54998779296875,338.5,340.3500061035156,11468068
2024-07-29,320.3819885253906,342.3500061035156,345.8999938964844,337.75,339.79998779296875,31849674
2024-07-30,327.3538818359375,349.79998779296875,356.95001220703125,343.29998779296875,345.0,25813219
2024-07-31,325.8565979003906,348.20001220703125,350.6499938964844,342.6000061035156,348.25,17976593
2024-08-01,337.9288330078125,361.1000061035156,362.5,350.1499938964844,351.1499938964844,26792459
2024-08-02,335.26171875,358.25,361.04998779296875,354.0,358.0,13771470
2024-08-05,320.8031311035156,342.79998779296875,354.79998779296875,341.5,352.75,13566586
2024-08-06,318.8846740722656,340.75,350.79998779296875,339.25,342.79998779296875,12273667
2024-08-07,329.4595031738281,352.04998779296875,352.54998779296875,343.3999938964844,345.8500061035156,12441847
2024-08-08,320.6627197265625,342.6499938964844,355.0,341.25,355.0,15489731
2024-08-09,323.79779052734375,346.0,348.95001220703125,344.29998779296875,347.8999938964844,8720610
2024-08-12,319.2590026855469,341.1499938964844,343.79998779296875,339.5,343.0,12521136
2024-08-13,315.3284606933594,336.95001220703125,342.45001220703125,335.1499938964844,337.0,10435954
2024-08-14,312.0998840332031,333.5,338.3500061035156,332.5,337.0,12385993
2024-08-16,319.5072021484375,338.6000061035156,339.54998779296875,330.6000061035156,333.0,13013828
2024-08-19,321.1113586425781,340.29998779296875,343.29998779296875,339.29998779296875,342.6499938964844,5891370
2024-08-20,321.3000793457031,340.5,342.6499938964844,338.79998779296875,340.45001220703125,6393840
2024-08-21,317.6671447753906,336.6499938964844,340.95001220703125,336.1499938964844,340.0,10118601
2024-08-22,315.1666259765625,334.0,337.70001220703125,330.5,336.0,18370039
2024-08-23,317.2897644042969,336.25,336.95001220703125,333.3500061035156,334.6499938964844,7494822
2024-08-26,319.17694091796875,338.25,341.5,335.8500061035156,336.45001220703125,7993675
2024-08-27,316.44049072265625,335.3500061035156,341.45001220703125,335.0,339.0,9589690
2024-08-28,315.5912170410156,334.45001220703125,338.8999938964844,333.75,335.3500061035156,8790600
2024-08-29,314.5060729980469,333.29998779296875,335.8999938964844,328.79998779296875,332.5,17653536
2024-08-30,318.3748779296875,337.3999938964844,340.8500061035156,334.04998779296875,335.0,22713812
2024-09-02,316.6291809082031,335.54998779296875,339.8999938964844,334.20001220703125,338.3999938964844,9789776
2024-09-03,315.7799987792969,334.6499938964844,337.95001220703125,334.0,336.0,8434423
2024-09-04,314.1286315917969,332.8999938964844,334.70001220703125,331.0,331.20001220703125,9025610
2024-09-05,312.5716552734375,331.25,334.29998779296875,329.6000061035156,332.3500061035156,13912371
2024-09-06,311.2034606933594,329.79998779296875,333.1000061035156,325.0,333.04998779296875,23755639
2024-09-09,310.0238952636719,328.54998779296875,329.20001220703125,323.54998779296875,327.70001220703125,18597200
2024-09-10,315.30816650390625,334.1499938964844,335.29998779296875,327.0,327.0,15472387
2024-09-11,314.4117431640625,333.20001220703125,337.25,332.0,336.8999938964844,10134008
2024-09-12,319.1297912597656,338.20001220703125,339.0,333.25,334.8500061035156,18410837
2024-09-13,318.2333679199219,337.25,341.25,336.1000061035156,339.79998779296875,10417461
2024-09-16,319.17694091796875,338.25,341.5,337.04998779296875,337.25,7748570
2024-09-17,317.903076171875,336.8999938964844,340.0,334.5,336.70001220703125,11451846
2024-09-18,315.4496765136719,334.29998779296875,338.8999938964844,333.1000061035156,338.5,6583254
2024-09-19,316.0158386230469,334.8999938964844,338.3500061035156,333.1000061035156,336.20001220703125,10589610
2024-09-20,321.63037109375,340.8500061035156,342.95001220703125,334.75,338.1499938964844,31236123
2024-09-23,321.9134521484375,341.1499938964844,342.5,340.25,342.0,6542941
2024-09-24,330.3116149902344,350.04998779296875,351.0,342.3500061035156,344.54998779296875,26145769
2024-09-25,343.2390441894531,363.75,366.25,352.3500061035156,353.8500061035156,40770462
2024-09-26,344.84326171875,365.45001220703125,366.1000061035156,357.20001220703125,364.04998779296875,18733959
2024-09-27,334.27471923828125,354.25,363.29998779296875,353.3500061035156,362.20001220703125,33148043
2024-09-30,332.9537048339844,352.8500061035156,357.45001220703125,349.70001220703125,354.25,16356171
2024-10-01,331.019287109375,350.79998779296875,356.0,349.95001220703125,351.1000061035156,9856291
2024-10-03,324.7442626953125,344.1499938964844,349.8999938964844,342.6000061035156,343.0,19350466
2024-10-04,319.7431335449219,338.8500061035156,347.45001220703125,337.75,343.0,20121706
2024-10-07,310.4013671875,328.95001220703125,340.0,325.0,340.0,13851446
2024-10-08,308.7028503417969,327.1499938964844,331.0,322.3500061035156,327.29998779296875,21148292
2024-10-09,311.15625,329.75,331.79998779296875,325.5,327.0,9228363
2024-10-10,315.49688720703125,334.3500061035156,338.1000061035156,330.1000061035156,330.20001220703125,20773976
2024-10-11,311.4393005371094,330.04998779296875,335.3500061035156,329.5,334.45001220703125,6098468
2024-10-14,312.05267333984375,330.70001220703125,331.5,327.79998779296875,330.04998779296875,5944216
2024-10-15,311.2506103515625,329.8500061035156,333.45001220703125,327.5,333.45001220703125,12415489
2024-10-16,308.7500305175781,327.20001220703125,332.6499938964844,324.95001220703125,331.70001220703125,22085298
2024-10-17,312.4773254394531,331.1499938964844,331.8999938964844,324.6000061035156,328.5,17039729
2024-10-18,313.3265380859375,332.04998779296875,333.8500061035156,328.25,331.5,10569021
2024-10-21,312.4773254394531,331.1499938964844,333.75,329.45001220703125,333.0,8745904
2024-10-22,304.55096435546875,322.75,335.6499938964844,321.04998779296875,332.8999938964844,11219831
2024-10-23,299.0307922363281,316.8999938964844,321.8999938964844,313.8500061035156,319.20001220703125,12541589
2024-10-24,301.1539306640625,319.1499938964844,320.79998779296875,315.25,315.25,8327779
2024-10-25,297.9928283691406,315.79998779296875,321.5,313.25,321.5,12979410
2024-10-28,300.35186767578125,318.29998779296875,320.45001220703125,310.75,314.5,9610615
2024-10-29,302.4750061035156,320.54998779296875,321.20001220703125,314.1499938964844,316.1000061035156,15856332
2024-10-30,300.49346923828125,318.45001220703125,325.3999938964844,316.75,318.54998779296875,14498110
2024-10-31,302.7109069824219,320.79998779296875,322.70001220703125,317.8500061035156,320.3999938964844,9900390
2024-11-01,303.890380859375,322.04998779296875,322.70001220703125,320.0,322.45001220703125,847672
2024-11-04,297.66259765625,315.45001220703125,324.70001220703125,311.6000061035156,324.54998779296875,9249409
2024-11-05,298.74774169921875,316.6000061035156,317.70001220703125,312.0,312.3500061035156,7518195
2024-11-06,300.54058837890625,318.5,320.3500061035156,313.8999938964844,317.3999938964844,11019250
2024-11-07,295.3035888671875,312.95001220703125,319.0,311.70001220703125,319.0,14504208
2024-11-08,298.4174499511719,316.25,317.54998779296875,308.70001220703125,311.8500061035156,15740539
2024-11-11,311.2034606933594,329.79998779296875,332.3999938964844,312.79998779296875,313.54998779296875,22838987
2024-11-12,304.5037841796875,322.70001220703125,332.5,321.79998779296875,331.5,12069181
2024-11-13,300.0688171386719,318.0,324.6000061035156,317.1499938964844,322.6499938964844,12918639
2024-11-14,298.7287902832031,312.1000061035156,318.79998779296875,310.6000061035156,315.1000061035156,12500377
2024-11-18,298.680908203125,312.04998779296875,315.54998779296875,310.1000061035156,314.0,9408101
2024-11-19,301.5523681640625,315.04998779296875,318.25,312.25,313.04998779296875,13157158
2024-11-21,311.93756103515625,325.8999938964844,326.75,313.0,316.0,25406386
2024-11-22,322.5141296386719,336.95001220703125,337.6000061035156,324.0,325.79998779296875,31523269
2024-11-25,328.0656433105469,342.75,345.3999938964844,336.1499938964844,341.8500061035156,29419152
2024-11-26,324.2848815917969,338.79998779296875,344.6000061035156,337.8999938964844,342.0,13997179
2024-11-27,324.715576171875,339.25,341.29998779296875,336.5,337.25,12177260
2024-11-28,319.35552978515625,333.6499938964844,341.75,332.20001220703125,339.25,16920231
2024-11-29,315.2875671386719,329.3999938964844,332.5,326.5,331.3500061035156,13890537
2024-12-02,313.8040466308594,327.8500061035156,331.95001220703125,326.20001220703125,328.1499938964844,16003524
2024-12-03,315.5268859863281,329.6499938964844,331.3500061035156,324.25,324.25,23174488
2024-12-04,311.1239318847656,325.04998779296875,331.25,321.1000061035156,329.04998779296875,17880011
2024-12-05,314.2826232910156,328.3500061035156,330.45001220703125,319.54998779296875,325.0,19785053
2024-12-06,314.80902099609375,328.8999938964844,332.75,326.70001220703125,327.1000061035156,8802058
2024-12-09,315.00042724609375,329.1000061035156,330.6499938964844,326.70001220703125,327.75,9376929
2024-12-10,313.85186767578125,327.8999938964844,331.8500061035156,325.3500061035156,331.8500061035156,14994365
2024-12-11,313.516845703125,327.54998779296875,329.0,326.8500061035156,327.25,5013051
2024-12-12,315.0961608886719,329.20001220703125,329.8999938964844,325.8500061035156,328.0,10414162
2024-12-13,319.5469665527344,333.8500061035156,334.29998779296875,325.04998779296875,330.6499938964844,14973536
2024-12-16,320.6476745605469,335.0,336.25,331.6000061035156,333.8500061035156,12695136
2024-12-17,315.67047119140625,329.79998779296875,335.54998779296875,328.0,332.5,17360248
2024-12-18,307.7738952636719,321.54998779296875,329.1000061035156,320.6499938964844,328.0,15037099
2024-12-19,307.8695983886719,321.6499938964844,323.8500061035156,316.8500061035156,318.0,10234715
2024-12-20,302.270263671875,315.79998779296875,325.6000061035156,313.6000061035156,321.29998779296875,13973399
2024-12-23,301.7916564941406,315.29998779296875,318.29998779296875,311.54998779296875,318.0,5984169
2024-12-24,296.8144836425781,310.1000061035156,316.6499938964844,308.75,314.1000061035156,4833589
2024-12-26,297.0058898925781,310.29998779296875,313.1000061035156,308.75,310.1000061035156,3775101
2024-12-27,296.1444091796875,309.3999938964844,312.29998779296875,308.79998779296875,310.75,3981693
2024-12-30,294.3736877441406,307.54998779296875,312.0,306.29998779296875,309.0,12489142
2024-12-31,295.4744567871094,308.70001220703125,309.75,305.1499938964844,307.3500061035156,8402716
2025-01-01,297.10162353515625,310.3999938964844,311.3500061035156,305.8999938964844,308.70001220703125,4239498
2025-01-02,301.6481018066406,315.1499938964844,317.20001220703125,308.75,309.8500061035156,10766571
2025-01-03,302.509521484375,316.04998779296875,318.0,313.6499938964844,316.3500061035156,7636948
2025-01-06,292.89013671875,306.0,316.5,304.79998779296875,315.79998779296875,6722495
2025-01-07,291.9808044433594,305.04998779296875,310.70001220703125,303.0,306.0,10137739
2025-01-08,293.51226806640625,306.6499938964844,307.8500061035156,303.0,306.1499938964844,6907996
2025-01-09,292.1722412109375,305.25,306.8999938964844,303.6499938964844,306.6499938964844,8244909
2025-01-10,286.86004638671875,299.70001220703125,305.25,298.5,304.04998779296875,6540783
2025-01-13,275.2784729003906,287.6000061035156,298.54998779296875,286.75,295.0,19474228
2025-01-14,277.8149108886719,290.25,293.04998779296875,286.79998779296875,287.75,15954608
2025-01-15,285.8550109863281,298.6499938964844,302.5,291.1000061035156,295.0,12198882
2025-01-16,284.8978576660156,297.6499938964844,301.6000061035156,296.6000061035156,299.0,11694289
2025-01-17,289.63580322265625,302.6000061035156,305.0,295.70001220703125,297.6499938964844,7593230
2025-01-20,293.1294250488281,306.25,308.79998779296875,301.95001220703125,302.6000061035156,9435937
2025-01-21,289.396484375,302.3500061035156,309.95001220703125,301.5,307.0,13911546
2025-01-22,284.8021545410156,297.54998779296875,302.29998779296875,295.79998779296875,302.0,9723333
2025-01-23,281.7392578125,294.3500061035156,299.6000061035156,293.6000061035156,297.5,12228286
2025-01-24,283.17498779296875,295.8500061035156,302.5,294.3500061035156,295.29998779296875,11142914
2025-01-27,274.7041320800781,287.0,295.0,283.75,295.0,13477947
2025-01-28,271.7847900390625,283.95001220703125,288.79998779296875,279.3500061035156,287.1499938964844,11298068
2025-01-29,275.5177307128906,287.8500061035156,289.1499938964844,283.29998779296875,285.3500061035156,4800024
2025-01-30,282.6963806152344,295.3500061035156,297.1000061035156,287.8500061035156,287.8500061035156,10969499
2025-01-31,288.72650146484375,301.6499938964844,303.45001220703125,295.8999938964844,297.0,14141459
2025-02-01,277.4320373535156,289.8500061035156,305.3500061035156,288.6499938964844,301.6499938964844,6945157
2025-02-03,271.6412048339844,283.79998779296875,292.0,278.0,290.0,14978897
2025-02-04,273.4119873046875,285.6499938964844,286.3999938964844,272.1000061035156,281.0,19836427
2025-02-05,272.98126220703125,285.20001220703125,290.75,284.54998779296875,285.6000061035156,15337191
2025-02-06,269.104736328125,281.1499938964844,290.95001220703125,279.75,287.5,21418561
2025-02-07,269.3468322753906,278.1499938964844,281.8999938964844,270.0,273.1000061035156,17193482
2025-02-10,260.1959228515625,268.70001220703125,276.0,268.1000061035156,275.0,16709670
2025-02-11,253.17539978027344,261.45001220703125,268.79998779296875,260.0,268.70001220703125,22083955
2025-02-12,248.9146270751953,257.04998779296875,262.1000061035156,254.0,259.5,17861265
2025-02-13,250.9481658935547,259.1499938964844,261.3500061035156,256.1000061035156,257.25,12257226
2025-02-14,249.2051544189453,257.3500061035156,261.5,254.75,260.3999938964844,11339563
2025-02-17,254.8699951171875,263.20001220703125,264.0,252.1999969482422,256.8999938964844,8332653
2025-02-18,258.5013427734375,266.95001220703125,267.8999938964844,260.20001220703125,263.8500061035156,10483635
2025-02-19,254.72471618652344,263.04998779296875,268.5,262.29998779296875,262.5,14602009
2025-02-20,257.33929443359375,265.75,266.45001220703125,261.29998779296875,262.75,15312926
2025-02-21,253.61114501953125,261.8999938964844,265.75,259.3999938964844,265.29998779296875,10757038
2025-02-24,250.9481658935547,259.1499938964844,261.79998779296875,257.25,258.0,14599185
2025-02-25,247.65579223632812,255.75,259.95001220703125,254.89999389648438,258.79998779296875,21287363
2025-02-27,248.13995361328125,256.25,257.45001220703125,253.4499969482422,254.0,13614799
2025-02-28,242.91087341308594,250.85000610351562,257.0,247.3000030517578,255.89999389648438,38512868
2025-03-03,244.50863647460938,252.5,253.8000030517578,248.5,253.0,9873539
2025-03-04,245.96116638183594,254.0,257.1499938964844,249.4499969482422,250.0,11947033
2025-03-05,256.0320129394531,264.3999938964844,267.20001220703125,255.75,256.95001220703125,14536637
2025-03-06,258.2108154296875,266.6499938964844,267.29998779296875,260.70001220703125,265.1499938964844,11926868
2025-03-07,254.96682739257812,263.29998779296875,268.6499938964844,261.6000061035156,266.0,10043068
2025-03-10,262.7136535644531,271.29998779296875,274.25,261.04998779296875,261.04998779296875,30233763
2025-03-11,258.8402404785156,267.29998779296875,271.8500061035156,265.8500061035156,270.0,9255499
2025-03-12,258.64654541015625,267.1000061035156,272.3999938964844,263.6000061035156,270.70001220703125,11875548
2025-03-13,259.1791687011719,267.6499938964844,270.6499938964844,265.5,269.79998779296875,9270442
2025-03-17,258.888671875,267.3500061035156,270.6499938964844,264.95001220703125,270.0,11987667
2025-03-18,258.888671875,267.3500061035156,267.3500061035156,267.3500061035156,267.3500061035156,0
2025-03-19,268.4269104003906,277.20001220703125,278.29998779296875,269.79998779296875,272.0,13089950
2025-03-20,271.47723388671875,280.3500061035156,283.54998779296875,277.04998779296875,283.5,13710249
2025-03-21,274.14019775390625,283.1000061035156,285.1499938964844,280.04998779296875,281.0,26003527
2025-03-24,282.61328125,291.8500061035156,293.95001220703125,284.45001220703125,285.0,19966817
2025-03-25,281.7901611328125,291.0,295.25,287.6499938964844,291.0,16983852
2025-03-26,281.6448974609375,290.8500061035156,296.75,289.54998779296875,291.70001220703125,20367015
2025-03-27,286.14776611328125,295.5,297.25,289.0,289.0,37203166
2025-03-28,281.1607360839844,290.3500061035156,294.25,288.29998779296875,293.8999938964844,10834900
2025-04-01,280.1439208984375,289.29998779296875,296.95001220703125,287.0,289.6000061035156,11603556
2025-04-02,277.6746520996094,286.75,289.75,284.5,286.8500061035156,11679536
2025-04-03,289.6337890625,299.1000061035156,299.95001220703125,285.1000061035156,289.3500061035156,23478876
2025-04-04,284.598388671875,293.8999938964844,300.8999938964844,292.1000061035156,300.0,21020875
2025-04-07,280.24078369140625,289.3999938964844,293.8999938964844,282.29998779296875,283.6000061035156,22847548
2025-04-08,279.8050537109375,288.95001220703125,294.0,284.6499938964844,291.95001220703125,20831596
2025-04-09,284.11419677734375,293.3999938964844,299.5,289.29998779296875,289.95001220703125,21342531
2025-04-11,294.4755554199219,304.1000061035156,305.0,293.25,293.25,19831004
2025-04-15,294.91131591796875,304.54998779296875,310.45001220703125,303.70001220703125,307.20001220703125,16563441
2025-04-16,296.0733337402344,305.75,307.0,302.79998779296875,304.45001220703125,7032401
2025-04-17,299.2204895019531,309.0,309.79998779296875,302.0,305.45001220703125,8528993
2025-04-21,309.8723449707031,320.0,322.0,308.45001220703125,310.0,13369014
2025-04-22,302.6581115722656,312.54998779296875,319.75,312.1000061035156,319.75,10027268
2025-04-23,304.982177734375,314.95001220703125,316.1000061035156,309.45001220703125,314.1499938964844,8225575
2025-04-24,304.4495544433594,314.3999938964844,315.8500061035156,312.8500061035156,314.8999938964844,8021180
2025-04-25,296.7995910644531,306.5,315.3999938964844,303.3999938964844,313.0,11475773
2025-04-28,298.78472900390625,308.54998779296875,310.95001220703125,303.54998779296875,304.20001220703125,7314824
2025-04-29,293.3619689941406,302.95001220703125,310.79998779296875,301.20001220703125,308.54998779296875,14678005
2025-04-30,297.71954345703125,307.45001220703125,310.0,301.8999938964844,304.45001220703125,17619987
2025-05-02,293.4587707519531,303.04998779296875,309.0,302.29998779296875,305.5,5688285
2025-05-05,298.4458312988281,308.20001220703125,310.70001220703125,304.6499938964844,304.79998779296875,4342960
2025-05-06,297.86480712890625,307.6000061035156,310.45001220703125,305.54998779296875,307.6000061035156,9124804
2025-05-07,301.2540283203125,311.1000061035156,313.1499938964844,307.0,308.0,14679327
2025-05-08,298.4942321777344,308.25,317.3999938964844,304.0,313.3999938964844,19253478
2025-05-09,289.8274230957031,299.29998779296875,303.04998779296875,296.3999938964844,300.0,11981497
2025-05-12,299.2688903808594,309.04998779296875,311.1000061035156,304.04998779296875,304.04998779296875,7145884
2025-05-13,289.00439453125,298.45001220703125,308.75,298.0,305.0,17988336
2025-05-14,286.5835266113281,295.95001220703125,300.54998779296875,294.04998779296875,299.20001220703125,10359258
2025-05-15,290.1664123535156,299.6499938964844,300.3999938964844,291.04998779296875,295.8999938964844,22640626
2025-05-16,290.6990051269531,300.20001220703125,302.20001220703125,295.5,300.0,16763668
2025-05-19,294.4271545410156,304.04998779296875,304.5,299.0,302.0,12575289
2025-05-20,288.4718017578125,297.8999938964844,305.29998779296875,297.1000061035156,304.3999938964844,21339095
2025-05-21,286.77716064453125,296.1499938964844,302.25,295.6499938964844,297.75,11997632
2025-05-22,281.69329833984375,290.8999938964844,296.3500061035156,286.54998779296875,295.8999938964844,26158839
2025-05-23,288.66546630859375,298.1000061035156,298.75,291.75,292.0,9872024
2025-05-26,287.30975341796875,296.70001220703125,303.79998779296875,295.75,300.04998779296875,16469130
2025-05-27,285.227783203125,294.54998779296875,297.6000061035156,292.20001220703125,297.0,17074710
2025-05-28,281.9353942871094,291.1499938964844,295.6499938964844,290.5,294.54998779296875,10099453
2025-05-29,283.8236999511719,293.1000061035156,293.8999938964844,291.3500061035156,291.3500061035156,9773818
2025-05-30,280.5797424316406,289.75,294.6499938964844,288.25,292.0,21788566
2025-06-02,283.7752685546875,293.04998779296875,293.6499938964844,288.3999938964844,290.29998779296875,7255782
2025-06-03,279.127197265625,288.25,295.3999938964844,287.75,292.5,10989055
2025-06-04,279.4176940917969,288.54998779296875,289.79998779296875,287.04998779296875,288.25,8580196
2025-06-05,284.93731689453125,294.25,295.25,290.1000061035156,291.0,13110486
2025-06-06,286.4382629394531,295.79998779296875,297.0,292.95001220703125,293.54998779296875,7935393
2025-06-09,290.989501953125,300.5,301.1499938964844,296.1499938964844,298.0,8666186
2025-06-10,291.5220642089844,301.04998779296875,301.79998779296875,298.25,300.54998779296875,7273892
2025-06-11,286.09930419921875,295.45001220703125,301.3999938964844,294.0,301.1000061035156,10941604
2025-06-12,279.8534240722656,289.0,295.79998779296875,288.5,295.1499938964844,14071159
2025-06-13,276.4642639160156,285.5,286.45001220703125,281.79998779296875,282.54998779296875,16028417
2025-06-16,279.5145263671875,288.6499938964844,290.5,286.29998779296875,287.95001220703125,11067299
2025-06-17,279.4176940917969,288.54998779296875,290.45001220703125,287.20001220703125,288.6499938964844,7286868
2025-06-18,278.2072448730469,287.29998779296875,288.29998779296875,285.5,287.5,11904855
2025-06-19,277.3841857910156,286.45001220703125,287.6499938964844,285.29998779296875,286.79998779296875,13573824
2025-06-20,283.8236999511719,293.1000061035156,294.5,285.04998779296875,285.54998779296875,33014151
2025-06-23,281.06390380859375,290.25,293.45001220703125,288.1000061035156,291.3999938964844,6833477
2025-06-24,276.8999938964844,285.95001220703125,294.70001220703125,285.3500061035156,293.45001220703125,15007849
2025-06-25,281.257568359375,290.45001220703125,291.1000061035156,286.5,286.5,10838516
2025-06-26,284.2110290527344,293.5,294.25,289.75,290.79998779296875,10232220
2025-06-27,289.779052734375,299.25,300.70001220703125,294.1499938964844,295.0,15523628
2025-06-30,290.4084777832031,299.8999938964844,301.0,296.25,300.3999938964844,8415241
2025-07-01,288.13287353515625,297.54998779296875,301.5,297.0,301.0,12349270
2025-07-02,285.518310546875,294.8500061035156,298.75,293.3999938964844,297.54998779296875,10826029
2025-07-03,284.4047546386719,293.70001220703125,298.95001220703125,293.1000061035156,298.3999938964844,10373094
2025-07-04,284.6951904296875,294.0,295.1499938964844,291.6499938964844,293.70001220703125,14193884
2025-07-07,286.5350646972656,295.8999938964844,296.6499938964844,293.5,294.70001220703125,6220756
2025-07-08,288.3265380859375,297.75,298.3999938964844,293.04998779296875,294.1499938964844,6254288
2025-07-09,290.1664123535156,299.6499938964844,300.0,296.3999938964844,298.25,5650646
2025-07-10,289.779052734375,299.25,302.70001220703125,298.0,300.0,9307817
2025-07-11,289.1011962890625,298.54998779296875,300.8999938964844,296.95001220703125,299.25,7073217
2025-07-14,288.7623291015625,298.20001220703125,300.45001220703125,297.45001220703125,299.5,5484223
2025-07-15,288.6170349121094,298.04998779296875,300.0,296.8500061035156,298.1000061035156,6173407
2025-07-16,287.6486511230469,297.04998779296875,298.95001220703125,295.70001220703125,298.95001220703125,8144630
2025-07-17,287.21295166015625,296.6000061035156,298.20001220703125,295.79998779296875,297.54998779296875,8318287
2025-07-18,284.8404541015625,294.1499938964844,301.5,293.5,296.5,8702106
2025-07-21,287.6002502441406,297.0,297.25,292.25,294.0,5298012
2025-07-22,288.37493896484375,297.79998779296875,298.8500061035156,294.54998779296875,297.1000061035156,7775653
2025-07-23,289.779052734375,299.25,299.6499938964844,297.1000061035156,298.8500061035156,5310964
2025-07-24,289.8758850097656,299.3500061035156,301.3500061035156,296.5,299.8500061035156,6294709
2025-07-25,282.8553771972656,292.1000061035156,297.75,290.8999938964844,297.1499938964844,8202572
2025-07-28,282.6616516113281,291.8999938964844,295.25,290.75,292.0,7037396
2025-07-29,283.8236999511719,293.1000061035156,293.8999938964844,289.79998779296875,290.5,6586034
2025-07-30,279.8050537109375,288.95001220703125,296.5,286.6000061035156,293.0,10515572
2025-07-31,281.7901611328125,291.0,294.29998779296875,284.95001220703125,284.95001220703125,14283621
2025-08-01,282.0322265625,291.25,292.79998779296875,286.29998779296875,291.6499938964844,6697683
2025-08-04,278.8367004394531,287.95001220703125,291.54998779296875,285.70001220703125,291.20001220703125,10397121
2025-08-05,276.94842529296875,286.0,288.6499938964844,285.1000061035156,287.1000061035156,15561914
2025-08-06,275.7863464355469,284.79998779296875,288.3999938964844,284.04998779296875,287.6000061035156,12985269
2025-08-07,276.51263427734375,285.54998779296875,286.29998779296875,283.3999938964844,284.5,8893659
2025-08-08,275.8348083496094,284.8500061035156,286.25,283.6000061035156,284.79998779296875,6172968
2025-08-11,275.8348083496094,284.8500061035156,286.3999938964844,283.29998779296875,284.8500061035156,8755499
2025-08-12,275.64111328125,284.6499938964844,287.54998779296875,284.0,284.3999938964844,13184438
2025-08-13,279.0787658691406,288.20001220703125,289.3999938964844,286.04998779296875,287.0,9928283
2025-08-14,279.5629577636719,288.70001220703125,290.1499938964844,287.1499938964844,289.04998779296875,8464495
2025-08-18,281.1607360839844,290.3500061035156,291.29998779296875,288.5,289.5,9836105
2025-08-19,280.0909423828125,288.0,290.1000061035156,286.54998779296875,290.0,7196772
2025-08-20,280.4799499511719,288.3999938964844,289.0,286.95001220703125,288.20001220703125,3106073
2025-08-21,276.2007751464844,284.0,289.54998779296875,283.6000061035156,288.3999938964844,7389271
2025-08-22,275.5686340332031,283.3500061035156,284.54998779296875,281.79998779296875,284.0,6824793
2025-08-25,276.3466796875,284.1499938964844,284.6000061035156,282.20001220703125,283.3500061035156,7426789
2025-08-26,272.21337890625,279.8999938964844,283.79998779296875,278.8999938964844,283.0,22905910
2025-08-28,266.9130554199219,274.45001220703125,282.0,273.6000061035156,282.0,12455072
2025-08-29,267.6910705566406,275.25,276.1000061035156,272.25,273.6000061035156,12841075
2025-09-01,272.1647644042969,279.8500061035156,280.6000061035156,276.0,276.0,10820878
2025-09-02,278.8266296386719,286.70001220703125,287.8999938964844,279.8500061035156,280.20001220703125,16983677
2025-09-03,278.1944580078125,286.04998779296875,289.20001220703125,285.6000061035156,289.0,30178885
2025-09-04,274.0611877441406,281.79998779296875,287.95001220703125,280.8999938964844,286.8500061035156,5946090
2025-09-05,277.5137023925781,285.3500061035156,286.6499938964844,282.3500061035156,282.3500061035156,9695914
2025-09-08,275.0337219238281,282.79998779296875,287.70001220703125,282.1000061035156,286.3999938964844,5186605
2025-09-09,276.0549011230469,283.8500061035156,284.3500061035156,281.70001220703125,283.04998779296875,7093190
2025-09-10,275.17962646484375,282.95001220703125,286.45001220703125,282.5,284.70001220703125,7767863
2025-09-11,278.92388916015625,286.79998779296875,288.70001220703125,282.54998779296875,282.54998779296875,7406625
2025-09-12,279.7505187988281,287.6499938964844,288.6000061035156,285.1000061035156,287.25,7618852
2025-09-15,278.3890075683594,286.25,288.79998779296875,285.75,288.29998779296875,5420800
2025-09-16,280.43133544921875,288.3500061035156,289.70001220703125,286.3500061035156,286.54998779296875,8626429
2025-09-17,279.2642517089844,287.1499938964844,289.20001220703125,285.95001220703125,289.0,19010126
2025-09-18,281.1607360839844,289.1000061035156,289.8500061035156,286.1000061035156,287.0,16842964
2025-09-19,278.34039306640625,286.20001220703125,290.20001220703125,284.8999938964844,290.0,14993879
2025-09-22,278.7779846191406,286.6499938964844,289.0,285.8999938964844,287.0,9456933
2025-09-23,280.6744689941406,288.6000061035156,289.0,285.3999938964844,288.6499938964844,13619147
2025-09-24,285.245361328125,293.29998779296875,294.54998779296875,286.95001220703125,287.8999938964844,14032389
2025-09-25,276.58978271484375,284.3999938964844,294.8500061035156,283.6000061035156,294.0,16242837
2025-09-26,274.49884033203125,282.25,284.1499938964844,280.1000061035156,283.5,8959035
2025-09-29,272.8941650390625,280.6000061035156,286.1000061035156,279.95001220703125,283.8999938964844,14600560
2025-09-30,272.5537414550781,280.25,286.0,279.0,282.0,18772881
2025-10-01,272.9427795410156,280.6499938964844,282.8500061035156,279.8999938964844,281.0,11812449
2025-10-03,281.7442626953125,289.70001220703125,290.0,281.04998779296875,283.3500061035156,19597461
2025-10-06,279.0211181640625,286.8999938964844,288.6499938964844,284.54998779296875,288.3500061035156,11702722
2025-10-07,281.0634460449219,289.0,292.3500061035156,287.1000061035156,288.95001220703125,11371062
2025-10-08,277.4650573730469,285.29998779296875,290.3500061035156,284.6499938964844,290.3500061035156,9989251
2025-10-09,278.2917175292969,286.1499938964844,286.95001220703125,282.25,285.0,10714949
2025-10-10,281.2093505859375,289.1499938964844,291.25,285.25,285.25,10773268
2025-10-13,278.2917175292969,286.1499938964844,288.20001220703125,284.8999938964844,287.75,8950161
2025-10-14,279.60467529296875,287.5,287.8999938964844,285.3999938964844,286.5,7667654
2025-10-15,282.9599304199219,290.95001220703125,293.25,287.04998779296875,287.1499938964844,8125514
2025-10-16,283.8352355957031,291.8500061035156,293.25,290.6000061035156,292.3999938964844,7824732
2025-10-17,281.7928771972656,289.75,291.5,288.0,291.0,14275188
2025-10-20,280.2854309082031,288.20001220703125,292.1000061035156,287.1000061035156,290.1499938964844,13536721
2025-10-21,280.6744689941406,288.6000061035156,289.6000061035156,288.20001220703125,288.29998779296875,398291
2025-10-23,281.69561767578125,289.6499938964844,291.1499938964844,288.0,288.95001220703125,21031287
2025-10-24,280.5771789550781,288.5,290.75,286.54998779296875,289.6499938964844,16350189
2025-10-27,283.0571594238281,291.04998779296875,292.79998779296875,288.20001220703125,289.0,13396182
2025-10-28,280.3340759277344,288.25,292.6000061035156,286.79998779296875,290.54998779296875,13543174
2025-10-29,287.23907470703125,295.3500061035156,296.6499938964844,288.75,289.0,14608714
2025-10-30,283.49481201171875,291.5,296.45001220703125,290.95001220703125,296.29998779296875,10329750
2025-10-31,280.23681640625,288.1499938964844,292.0,287.0,292.0,10088802
2025-11-03,280.0909423828125,288.0,290.1499938964844,287.1499938964844,289.0,8578207
2025-11-04,271.38671875,279.04998779296875,284.95001220703125,278.1000061035156,284.5,26098629
2025-11-06,262.7797546386719,270.20001220703125,278.5,269.8500061035156,278.0,21919591
2025-11-07,264.53033447265625,272.0,272.79998779296875,268.75,270.20001220703125,11379131
2025-11-10,265.2225646972656,268.20001220703125,270.54998779296875,266.54998779296875,268.6000061035156,10717941
2025-11-11,264.67864990234375,267.6499938964844,269.1499938964844,264.6499938964844,268.25,11154806
2025-11-12,264.134765625,267.1000061035156,270.25,266.5,269.0,16444701
2025-11-13,266.854248046875,269.8500061035156,270.45001220703125,265.6499938964844,267.1000061035156,12573141
2025-11-14,268.2881164550781,271.29998779296875,272.29998779296875,269.5,270.3500061035156,10308317
2025-11-17,270.5131530761719,273.54998779296875,273.95001220703125,270.0,272.1000061035156,9884392
2025-11-18,271.15594482421875,274.20001220703125,276.79998779296875,272.29998779296875,274.0,16434280
2025-11-19,272.09539794921875,275.1499938964844,276.0,272.5,275.95001220703125,15765235
2025-11-20,274.1226501464844,277.20001220703125,279.04998779296875,274.5,275.25,15337345
2025-11-21,274.5181884765625,277.6000061035156,279.0,275.3999938964844,277.20001220703125,12941485
2025-11-24,272.7381591796875,275.79998779296875,279.04998779296875,272.5,278.0,49791096
2025-11-25,270.4142761230469,273.45001220703125,276.8999938964844,272.6499938964844,275.0,12114606
2025-11-26,271.9964904785156,275.04998779296875,276.95001220703125,273.5,274.0,8352869
2025-11-27,270.6614990234375,273.70001220703125,277.0,273.29998779296875,277.0,9865039
2025-11-28,266.953125,269.95001220703125,274.3500061035156,269.45001220703125,273.79998779296875,12580231
2025-12-01,266.65643310546875,269.6499938964844,272.45001220703125,268.75,272.45001220703125,10428760
2025-12-02,264.48089599609375,267.45001220703125,270.6499938964844,266.8999938964844,269.0,11029817
2025-12-03,265.46978759765625,268.45001220703125,269.0,264.5,267.45001220703125,9063557
2025-12-04,266.1125793457031,269.1000061035156,270.20001220703125,265.6000061035156,266.54998779296875,5103204
2025-12-05,266.8047790527344,269.79998779296875,271.5,267.79998779296875,268.20001220703125,5535798
2025-12-08,262.255859375,265.20001220703125,269.3999938964844,264.75,268.79998779296875,10203843
2025-12-09,261.6130676269531,264.54998779296875,265.75,262.8999938964844,264.1000061035156,10686557
2025-12-10,262.5525207519531,265.5,267.25,264.29998779296875,264.8999938964844,7157092
2025-12-11,261.86029052734375,264.79998779296875,266.3500061035156,262.5,264.25,8336183
2025-12-12,260.6736145019531,263.6000061035156,266.75,263.29998779296875,265.0,5522827
2025-12-15,259.2891845703125,262.20001220703125,263.8500061035156,260.5,263.6000061035156,6400400
2025-12-16,257.459716796875,260.3500061035156,263.3500061035156,259.70001220703125,262.1499938964844,9241981
2025-12-17,258.2013854980469,261.1000061035156,262.75,259.29998779296875,260.3500061035156,10944698
2025-12-18,255.0863494873047,257.95001220703125,261.70001220703125,255.8000030517578,260.75,10930748
2025-12-19,260.5252990722656,263.45001220703125,263.95001220703125,257.95001220703125,258.04998779296875,16657897
2025-12-22,262.0580749511719,265.0,265.6000061035156,259.04998779296875,259.1000061035156,10054250
2025-12-23,264.0358581542969,267.0,269.29998779296875,264.3999938964844,265.0,10526826
2025-12-24,265.0741882324219,268.04998779296875,270.04998779296875,266.29998779296875,267.79998779296875,6131188
2025-12-26,262.5030822753906,265.45001220703125,269.29998779296875,264.8500061035156,268.0,6029003
2025-12-29,257.7069396972656,260.6000061035156,266.45001220703125,260.0,265.95001220703125,7270521
2025-12-30,257.459716796875,260.3500061035156,261.45001220703125,258.95001220703125,260.0,10929200
2025-12-31,261.66253662109375,264.6000061035156,265.20001220703125,260.54998779296875,261.3999938964844,5145868
2026-01-01,263.83807373046875,266.79998779296875,267.54998779296875,264.1000061035156,264.1000061035156,4298196
2026-01-02,267.9420471191406,270.95001220703125,272.1000061035156,266.25,267.5,13348375
2026-01-05,268.6342468261719,271.6499938964844,272.79998779296875,268.70001220703125,271.25,11526602
2026-01-06,265.56866455078125,268.54998779296875,273.29998779296875,266.0,266.0,11777253
2026-01-07,261.1680603027344,264.1000061035156,268.95001220703125,263.45001220703125,268.5,14877056
2026-01-08,256.4213562011719,259.29998779296875,265.29998779296875,257.95001220703125,264.0,11762204
2026-01-09,255.1357879638672,258.0,263.79998779296875,256.25,260.29998779296875,14100782
2026-01-12,255.67967224121094,258.54998779296875,259.5,254.3000030517578,258.0,9698555
2026-01-13,255.92689514160156,258.79998779296875,259.95001220703125,256.1000061035156,259.04998779296875,9734559
2026-01-14,255.48190307617188,258.3500061035156,259.70001220703125,256.75,257.1000061035156,15435341
2026-01-15,255.48190307617188,258.3500061035156,258.3500061035156,258.3500061035156,258.3500061035156,0
2026-01-16,254.44354248046875,257.29998779296875,261.54998779296875,256.20001220703125,258.29998779296875,9648251
2026-01-19,254.7896728515625,257.6499938964844,258.79998779296875,256.6499938964844,256.8999938964844,10588722
2026-01-20,251.22964477539062,254.0500030517578,257.8500061035156,253.39999389648438,257.6499938964844,12452441
2026-01-21,252.96022033691406,255.8000030517578,258.8500061035156,252.0500030517578,252.0500030517578,14263346
2026-01-22,256.3719177246094,259.25,259.8500061035156,255.4499969482422,256.6000061035156,15520530
2026-01-23,251.32852172851562,254.14999389648438,259.95001220703125,252.60000610351562,259.25,18022018
2026-01-27,251.52630615234375,254.35000610351562,258.3500061035156,252.0500030517578,256.5,17375059
2026-01-28,256.9158020019531,259.79998779296875,260.75,254.0,254.0,16046343
2026-01-29,257.6080322265625,260.5,263.04998779296875,258.75,262.6000061035156,26914029
2026-01-30,253.65243530273438,256.5,262.3999938964844,254.0500030517578,261.29998779296875,23292764
2026-02-02,267.39813232421875,270.3999938964844,271.20001220703125,250.0,251.25,37109237
2026-02-03,280.0560302734375,283.20001220703125,284.5,273.25,276.04998779296875,52651170
2026-02-04,286.18719482421875,289.3999938964844,292.0,282.8999938964844,288.79998779296875,27775044
2026-02-05,286.13775634765625,289.3500061035156,291.0,286.1499938964844,291.0,9870342
2026-02-06,289.5,292.75,293.5,289.3999938964844,292.20001220703125,19951107
2026-02-09,289.75,289.75,292.54998779296875,288.0,292.5,13114576
2026-02-10,294.3500061035156,294.3500061035156,295.29998779296875,286.5,290.0,21823214
2026-02-11,294.45001220703125,294.45001220703125,297.6499938964844,292.20001220703125,297.6499938964844,10508852
2026-02-12,293.8999938964844,293.8999938964844,296.0,291.75,294.45001220703125,10482579
2026-02-13,287.20001220703125,287.20001220703125,294.29998779296875,286.8500061035156,292.0,10914157
2026-02-16,300.5,300.5,300.95001220703125,287.25,288.0,22196951
2026-02-17,300.75,300.75,301.6000061035156,297.0,299.29998779296875,11190989
2026-02-18,300.54998779296875,300.54998779296875,302.25,298.45001220703125,299.45001220703125,9147320
2026-02-19,294.6499938964844,294.6499938964844,301.6000061035156,293.1000061035156,300.1000061035156,7552362
2026-02-20,298.95001220703125,298.95001220703125,302.04998779296875,294.25,295.54998779296875,11762183
2026-02-23,303.3500061035156,303.3500061035156,304.29998779296875,299.0,302.0,11774742
2026-02-24,304.79998779296875,304.79998779296875,306.20001220703125,300.79998779296875,304.0,15863867
2026-02-25,307.25,307.25,311.70001220703125,305.1499938964844,307.0,14240500
2026-02-26,303.25,303.25,307.70001220703125,301.3999938964844,307.1000061035156,14249515
2026-02-27,298.6499938964844,298.6499938964844,305.79998779296875,297.8999938964844,305.79998779296875,21400679
2026-03-02,296.79998779296875,296.79998779296875,298.6000061035156,289.5,290.0,15690227
2026-03-04,291.95001220703125,291.95001220703125,296.0,288.8999938964844,296.0,28191826
2026-03-05,299.45001220703125,299.45001220703125,300.1000061035156,291.8999938964844,292.0,19467441
2026-03-06,299.1499938964844,299.1499938964844,302.75,297.0,299.95001220703125,15887540
2026-03-09,295.20001220703125,295.20001220703125,296.25,285.5,285.5,21591866
2026-03-10,298.6499938964844,298.6499938964844,300.04998779296875,293.75,298.1499938964844,14627316
2026-03-11,298.79998779296875,298.79998779296875,302.8999938964844,298.04998779296875,298.6499938964844,12618289
2026-03-12,303.6000061035156,303.6000061035156,304.8999938964844,295.1000061035156,295.79998779296875,15284297
2026-03-13,300.95001220703125,300.95001220703125,309.5,298.70001220703125,308.6499938964844,23615092
2026-03-16,297.75,297.75,303.0,291.3999938964844,300.95001220703125,25911819
2026-03-17,298.5,298.5,302.0,292.1499938964844,302.0,12300000
2026-03-18,299.3999938964844,299.3999938964844,304.20001220703125,297.54998779296875,299.54998779296875,8691698
2026-03-19,296.70001220703125,296.70001220703125,300.5,295.95001220703125,297.6499938964844,8594078
2026-03-20,297.6000061035156,297.6000061035156,305.0,296.6000061035156,300.1000061035156,28392470
2026-03-23,302.1000061035156,302.1000061035156,304.3500061035156,293.1000061035156,298.0,23771660
2026-03-24,299.0,299.0,309.0,292.3999938964844,309.0,24123621
2026-03-25,295.0,295.0,302.25,294.20001220703125,299.8999938964844,16423641
2026-03-27,295.5,295.5,297.29998779296875,290.29998779296875,294.45001220703125,27444747
2026-03-30,296.1000061035156,296.1000061035156,297.8999938964844,292.0,292.04998779296875,23105779
2026-04-01,292.79998779296875,292.79998779296875,305.8999938964844,290.20001220703125,305.0,18635698
2026-04-02,289.95001220703125,289.95001220703125,292.0,283.5,290.20001220703125,17222200
2026-04-06,295.1499938964844,295.1499938964844,295.6000061035156,287.29998779296875,294.8999938964844,9291741
2026-04-07,295.3999938964844,295.3999938964844,296.25,291.0,292.5,9318575
2026-04-08,294.8500061035156,294.8500061035156,301.75,293.6000061035156,301.0,10887876
2026-04-09,298.1000061035156,298.1000061035156,300.70001220703125,293.8500061035156,295.45001220703125,17644642
2026-04-10,302.75,302.75,303.5,299.75,301.1000061035156,13245074
2026-04-13,300.3500061035156,300.3500061035156,302.3500061035156,297.6499938964844,299.95001220703125,15681799
2026-04-15,312.45001220703125,312.45001220703125,313.3999938964844,301.25,303.3999938964844,21897202
2026-04-16,312.25,312.25,317.0,310.5,315.0,21510277
2026-04-17,318.1000061035156,318.1000061035156,318.95001220703125,311.3999938964844,313.29998779296875,13609827
2026-04-20,319.70001220703125,319.70001220703125,323.04998779296875,315.54998779296875,319.0,10955277
2026-04-21,319.3500061035156,319.3500061035156,322.0,318.0,318.95001220703125,8342335
2026-04-22,319.75,319.75,322.0,316.0,319.75,7112538
2026-04-23,319.1499938964844,319.1499938964844,321.8500061035156,318.04998779296875,320.0,7294961
2026-04-24,316.3999938964844,316.3999938964844,317.8999938964844,314.5,316.0,9980241
2026-04-27,320.8999938964844,320.8999938964844,324.95001220703125,316.95001220703125,318.0,9334181
2026-04-28,319.0,319.0,322.79998779296875,317.6499938964844,322.79998779296875,9083528
2026-04-29,320.3500061035156,320.3500061035156,323.79998779296875,318.25,320.1000061035156,10372929
2026-04-30,318.3500061035156,318.3500061035156,321.25,315.95001220703125,319.6000061035156,9521058
2026-05-01,318.3500061035156,318.3500061035156,318.3500061035156,318.3500061035156,318.3500061035156,0
2026-05-04,319.04998779296875,319.04998779296875,323.8999938964844,314.0,314.0,7370269
2026-05-05,319.45001220703125,319.45001220703125,321.29998779296875,315.0,318.8999938964844,8569582
2026-05-06,315.95001220703125,315.95001220703125,321.5,314.6000061035156,320.04998779296875,4884118
2026-05-07,313.79998779296875,313.79998779296875,316.75,312.5,315.75,9126203
2026-05-08,313.95001220703125,313.95001220703125,315.20001220703125,310.6000061035156,315.20001220703125,7929393
2026-05-11,310.8999938964844,310.8999938964844,314.04998779296875,309.95001220703125,313.95001220703125,8204425
2026-05-12,306.29998779296875,306.29998779296875,310.75,305.5,309.45001220703125,7952584
2026-05-13,301.5,301.5,305.3999938964844,295.6499938964844,304.25,23775882
2026-05-14,301.75,301.75,307.54998779296875,300.6000061035156,306.0,14012601
2026-05-15,305.8500061035156,305.8500061035156,308.1499938964844,302.8999938964844,307.79998779296875,10092811
2026-05-18,296.54998779296875,296.54998779296875,298.45001220703125,290.20001220703125,296.29998779296875,16036198
2026-05-19,298.6000061035156,298.6000061035156,300.0,294.54998779296875,296.6000061035156,12580156
2026-05-20,299.8999938964844,299.8999938964844,300.79998779296875,294.54998779296875,297.5,5672695
2026-05-21,299.54998779296875,299.54998779296875,304.5,298.70001220703125,302.3999938964844,10353164
2026-05-22,294.29998779296875,294.29998779296875,300.54998779296875,293.54998779296875,298.70001220703125,15105294
2026-05-25,295.3500061035156,295.3500061035156,298.5,294.1499938964844,298.5,5896815
2026-05-26,292.54998779296875,292.54998779296875,295.95001220703125,292.04998779296875,295.0,5625947
2026-05-27,300.1499938964844,300.1499938964844,301.25,292.0,292.0,9883025
2026-05-28,300.1499938964844,300.1499938964844,300.1499938964844,300.1499938964844,300.1499938964844,0
2026-05-29,290.54998779296875,290.54998779296875,303.0,285.45001220703125,303.0,77407363
2026-06-01,286.1499938964844,286.1499938964844,292.3500061035156,284.70001220703125,291.0,17628347
2026-06-02,282.1499938964844,282.1499938964844,285.25,278.3999938964844,281.75,15198142
2026-06-03,285.04998779296875,285.04998779296875,286.0,280.3500061035156,282.0,13002063
2026-06-04,284.6000061035156,284.6000061035156,286.04998779296875,280.0,280.0,16292818
2026-06-05,285.6499938964844,285.6499938964844,286.54998779296875,283.0,284.0,6955072
2026-06-08,290.29998779296875,290.29998779296875,292.1000061035156,282.6000061035156,283.0,8748933
2026-06-09,285.70001220703125,285.70001220703125,293.04998779296875,284.75,292.8999938964844,7973130
2026-06-10,287.20001220703125,287.20001220703125,289.5,284.04998779296875,285.0,8330040
2026-06-11,286.6499938964844,286.6499938964844,290.45001220703125,286.0,289.25,12064071
2026-06-12,284.79998779296875,284.79998779296875,288.8999938964844,282.70001220703125,288.8999938964844,5478294
2026-06-15,285.70001220703125,285.70001220703125,290.0,284.04998779296875,290.0,9319070
2026-06-16,285.1499938964844,285.1499938964844,286.3999938964844,282.8500061035156,286.1000061035156,8146761
2026-06-17,286.3500061035156,286.3500061035156,286.6499938964844,283.25,286.20001220703125,6008101
2026-06-18,288.70001220703125,288.70001220703125,289.45001220703125,283.29998779296875,286.3500061035156,8381654
2026-06-19,292.25,292.25,292.8999938964844,287.6499938964844,288.95001220703125,10295261
2026-06-22,289.75,289.75,292.8500061035156,288.79998779296875,289.0,11678414
2026-06-23,291.95001220703125,291.95001220703125,293.04998779296875,289.6000061035156,290.45001220703125,12328516
2026-06-24,290.8999938964844,290.8999938964844,295.25,288.75,293.0,10221176
2026-06-25,283.8999938964844,283.8999938964844,291.5,283.04998779296875,290.70001220703125,16305770
2026-06-26,283.8999938964844,283.8999938964844,283.8999938964844,283.8999938964844,283.8999938964844,0
2026-06-29,286.25,286.25,287.6499938964844,283.5,287.0,16957025
2026-06-30,286.29998779296875,286.29998779296875,288.8999938964844,284.45001220703125,287.20001220703125,11985195
2026-07-01,287.54998779296875,287.54998779296875,288.3500061035156,285.6499938964844,287.79998779296875,8147424
2026-07-02,288.20001220703125,288.20001220703125,289.3999938964844,284.20001220703125,287.54998779296875,6456861
2026-07-03,287.8500061035156,287.8500061035156,292.0,287.1000061035156,288.5,10260404
2026-07-06,285.3999938964844,285.3999938964844,287.95001220703125,284.70001220703125,287.20001220703125,7799856
2026-07-07,284.3500061035156,284.3500061035156,287.3500061035156,283.3500061035156,285.3500061035156,7251465
2026-07-08,279.70001220703125,279.70001220703125,285.3999938964844,279.20001220703125,282.8999938964844,7306244
2026-07-09,281.3500061035156,281.3500061035156,283.95001220703125,280.0,280.0,6800579
2026-07-10,283.1000061035156,283.1000061035156,283.79998779296875,281.3500061035156,283.1000061035156,6812700
2026-07-13,286.0,286.0,286.45001220703125,281.6499938964844,282.79998779296875,8083023
2026-07-14,286.1499938964844,286.1499938964844,286.95001220703125,282.29998779296875,282.3500061035156,7596298
2026-07-15,280.70001220703125,280.70001220703125,286.79998779296875,278.8999938964844,285.8999938964844,9907688
2026-07-16,280.75,280.75,284.3999938964844,280.0,280.3999938964844,7143529
2026-07-17,283.54998779296875,283.54998779296875,284.3500061035156,279.6499938964844,280.75,10985155
2026-07-20,288.70001220703125,288.70001220703125,289.54998779296875,283.3500061035156,284.70001220703125,11380170
2026-07-21,286.70001220703125,286.70001220703125,290.3999938964844,284.45001220703125,289.0,7517060
2026-07-22,289.29998779296875,289.29998779296875,289.75,284.3999938964844,285.6499938964844,4595987
2026-07-23,289.79998779296875,289.79998779296875,290.95001220703125,287.0,287.29998779296875,7407258
2026-07-24,288.20001220703125,288.20001220703125,290.04998779296875,286.3999938964844,286.5,8474555
2026-07-27,288.8500061035156,288.8500061035156,290.54998779296875,286.54998779296875,288.29998779296875,12143388
2026-07-28,285.29998779296875,285.29998779296875,288.0,283.1000061035156,287.29998779296875,7118852
2026-07-29,282.8500061035156,282.8500061035156,284.75,281.04998779296875,284.0,12375693
2026-07-30,285.70001220703125,285.70001220703125,287.1000061035156,283.0,283.3999938964844,7903593
2026-07-31,284.25,284.25,287.3999938964844,283.0,286.29998779296875,7804310
2026-08-03,287.0,287.0,287.0,283.8999938964844,285.0,8749092
2026-08-04,283.3999938964844,283.3999938964844,294.1000061035156,281.70001220703125,294.1000061035156,7656558
2026-08-05,281.75,281.75,285.20001220703125,281.25,284.0,7544704
2026-08-06,270.75,270.75,281.0,269.6499938964844,279.75,18258733
2026-08-07,271.6000061035156,271.6000061035156,272.8500061035156,268.3500061035156,268.6499938964844,7795199
2026-08-10,270.1000061035156,270.1000061035156,271.6000061035156,268.79998779296875,271.5,8329347
2026-08-11,267.95001220703125,267.95001220703125,270.79998779296875,266.6499938964844,270.0,7553241
2026-08-12,269.45001220703125,269.45001220703125,270.0,266.29998779296875,267.95001220703125,6699919
2026-08-13,266.6000061035156,266.6000061035156,269.0,266.04998779296875,269.0,9715149
2026-08-14,266.04998779296875,266.04998779296875,268.20001220703125,265.75,267.0,6758273
2026-08-17,266.1499938964844,266.1499938964844,268.0,265.25,266.04998779296875,6631423
2026-08-18,268.0,268.0,268.95001220703125,266.04998779296875,266.20001220703125,6792173
2026-08-19,263.5,263.5,267.5,262.04998779296875,267.04998779296875,9674185
2026-08-20,264.79998779296875,264.79998779296875,267.1000061035156,262.79998779296875,264.0,7029993
2026-08-21,272.3999938964844,272.3999938964844,275.95001220703125,264.20001220703125,264.6000061035156,18031357
2026-08-24,271.3999938964844,271.3999938964844,274.3500061035156,268.29998779296875,274.0,7643689
2026-08-25,271.0,271.0,271.70001220703125,268.3500061035156,271.3999938964844,5435918
2026-08-26,265.20001220703125,265.20001220703125,271.1499938964844,265.20001220703125,270.1000061035156,5303523
