Price,Adj Close,Close,High,Low,Open,Volume
Ticker,TMPV.NS,TMPV.NS,TMPV.NS,TMPV.NS,TMPV.NS,TMPV.NS
Date,,,,,,
2010-01-04,149.19464111328125,163.53591918945312,164.04049682617188,156.1847686767578,156.30348205566406,27906448
2010-01-05,146.59506225585938,160.6864776611328,167.14718627929688,153.24627685546875,162.2595977783203,23669317
2010-01-06,146.82073974609375,160.93382263183594,162.93238830566406,159.3112335205078,162.2002410888672,14990820
2010-01-07,141.80215454101562,155.43283081054688,161.9232177734375,154.34449768066406,161.17127990722656,22722030
2010-01-08,142.57843017578125,156.28370666503906,159.25186157226562,155.34378051757812,156.32327270507812,16495776
2010-01-11,142.64161682128906,156.3529510498047,158.1041717529297,154.7897186279297,158.1041717529297,11776347
2010-01-12,141.9465789794922,155.59112548828125,157.7084197998047,154.55227661132812,155.92752075195312,10657130
2010-01-13,141.70286560058594,155.32398986816406,157.19393920898438,152.78126525878906,155.33389282226562,17659374
2010-01-14,141.19740295410156,154.7699432373047,156.7783966064453,154.2554473876953,155.53176879882812,8626217
2010-01-15,143.91429138183594,157.7480010986328,158.99462890625,153.35511779785156,154.93812561035156,18955837
2010-01-18,146.37844848632812,160.4490203857422,161.01296997070312,155.38336181640625,157.0455322265625,18756613
2010-01-19,145.62928771972656,159.62783813476562,162.02215576171875,158.70770263671875,160.8744659423828,11559642
2010-01-20,145.31333923339844,159.2815399169922,160.7557373046875,158.11407470703125,160.28082275390625,10185363
2010-01-21,141.30572509765625,154.88865661621094,159.02430725097656,154.40386962890625,158.24269104003906,9291983
2010-01-22,140.4572296142578,153.95863342285156,155.82858276367188,149.19967651367188,150.8618621826172,12698513
2010-01-25,138.76026916503906,152.0985870361328,154.93812561035156,150.38694763183594,153.9883270263672,8448704
2010-01-27,129.6077117919922,142.06619262695312,150.8618621826172,140.73052978515625,148.80392456054688,16092885
2010-01-28,128.37110900878906,140.7107391357422,145.37075805664062,138.9595184326172,143.4612274169922,27120072
2010-01-29,125.34730529785156,137.3962860107422,140.8492431640625,132.87478637695312,139.50367736816406,20899408
2010-02-01,129.95071411132812,142.44216918945312,143.13473510742188,134.23023986816406,136.0803985595703,24102055
2010-02-02,128.07321166992188,140.3842315673828,146.4293975830078,139.51358032226562,144.45062255859375,21818956
2010-02-03,130.25759887695312,142.778564453125,143.85699462890625,140.3644561767578,141.48245239257812,11665708
2010-02-04,124.48985290527344,136.4563751220703,143.4612274169922,135.7637939453125,142.6697235107422,14364089
2010-02-05,121.34870910644531,133.0133056640625,134.2599334716797,130.23312377929688,132.57797241210938,22246872
2010-02-08,121.53826141357422,133.2210693359375,136.11997985839844,125.4049072265625,133.57725524902344,17350173
2010-02-09,122.09786987304688,133.83448791503906,136.1397705078125,131.40060424804688,131.63804626464844,13384786
2010-02-10,120.89738464355469,132.5186004638672,137.3270263671875,131.9843292236328,135.54612731933594,13442883
2010-02-11,124.1648941040039,136.10018920898438,136.91148376464844,133.2804412841797,133.56735229492188,10099224
2010-02-15,123.32544708251953,135.1800537109375,138.98919677734375,134.6556854248047,137.30723571777344,12144363
2010-02-16,126.9359130859375,139.13760375976562,140.29519653320312,135.54612731933594,135.961669921875,10227647
2010-02-17,128.44332885742188,140.78988647460938,142.8675994873047,140.10720825195312,140.49307250976562,12520479
2010-02-18,128.1454620361328,140.46339416503906,142.45205688476562,139.2068634033203,141.38351440429688,11860551
2010-02-19,126.33118438720703,138.47471618652344,140.3743438720703,136.0210418701172,139.30580139160156,12664376
2010-02-22,127.2789306640625,139.51358032226562,141.423095703125,138.8209991455078,140.49307250976562,8688478
2010-02-23,126.31312561035156,138.45492553710938,140.86903381347656,137.52490234375,138.31642150878906,13054284
2010-02-24,123.56011962890625,135.4373016357422,138.1877899169922,133.56735229492188,136.9312744140625,15428009
2010-02-25,120.48218536376953,132.06349182128906,136.1397705078125,130.8663330078125,136.1397705078125,23716569
2010-02-26,128.38916015625,140.73052978515625,142.6004638671875,131.5885772705078,131.5885772705078,27928931
2010-03-02,144.06771850585938,157.9161834716797,159.80592346191406,142.4718475341797,142.4718475341797,49889228
2010-03-03,146.089599609375,160.13241577148438,161.06243896484375,157.35223388671875,160.28082275390625,34628599
2010-03-04,146.7666015625,160.8744659423828,164.17901611328125,158.13385009765625,160.0631561279297,36989165
2010-03-05,143.3817596435547,157.1642608642578,161.8638458251953,156.65966796875,161.8638458251953,27008963
2010-03-08,143.99551391601562,157.8370361328125,161.68576049804688,156.94659423828125,158.3020477294922,20424255
2010-03-09,140.09619140625,153.56288146972656,155.33389282226562,150.98057556152344,155.33389282226562,57668210
2010-03-10,140.58360290527344,154.09715270996094,156.87733459472656,153.44415283203125,153.94874572753906,22771045
2010-03-11,139.0762176513672,152.4448699951172,154.8985595703125,151.72262573242188,154.34449768066406,13225081
2010-03-12,137.36122131347656,150.56503295898438,154.15650939941406,150.15939331054688,152.9593505859375,18038608
2010-03-15,138.84153747558594,152.18763732910156,153.49362182617188,148.80392456054688,149.39756774902344,17543044
2010-03-16,141.90142822265625,155.54165649414062,155.9967803955078,152.78126525878906,152.9593505859375,14401329
2010-03-17,140.89950561523438,154.4434356689453,157.46107482910156,153.94874572753906,156.28370666503906,18807902
2010-03-18,140.8634490966797,154.40386962890625,156.12539672851562,153.19680786132812,154.87876892089844,10309081
2010-03-19,141.4681854248047,155.06675720214844,155.6208038330078,153.35511779785156,153.4540557861328,9961296
2010-03-22,137.23484802246094,150.42652893066406,154.9875946044922,150.10992431640625,153.75086975097656,15177582
2010-03-23,133.46189880371094,146.29087829589844,152.05902099609375,145.6378936767578,150.38694763183594,24082386
2010-03-25,130.91651916503906,143.5008087158203,149.00180053710938,141.33404541015625,147.41879272460938,44001415
2010-03-26,135.348388671875,148.35870361328125,149.7537384033203,144.13401794433594,144.7474365234375,39431276
2010-03-29,133.69659423828125,146.54812622070312,150.2880096435547,145.4499053955078,149.02159118652344,26307691
2010-03-30,136.46762084960938,149.58554077148438,150.30780029296875,146.54812622070312,147.3990020751953,27946856
2010-03-31,136.78355407714844,149.93182373046875,151.67315673828125,148.6456298828125,149.99119567871094,16156899
2010-04-01,140.3850555419922,153.87948608398438,154.34449768066406,150.38694763183594,150.38694763183594,20006815
2010-04-05,141.07101440429688,154.6314239501953,155.92752075195312,149.59544372558594,154.9678192138672,16111998
2010-04-06,139.75318908691406,153.18692016601562,155.51197814941406,152.06890869140625,155.31410217285156,11920952
2010-04-07,143.580322265625,157.38192749023438,157.9062957763672,153.2561798095703,153.34521484375,20079249
2010-04-08,140.4572296142578,153.95863342285156,157.7084197998047,152.2469940185547,157.5105438232422,11364522
2010-04-09,146.16180419921875,160.21156311035156,161.1416015625,154.34449768066406,155.33389282226562,29347237
2010-04-12,140.9988250732422,154.55227661132812,160.27093505859375,153.96853637695312,160.27093505859375,29781931
2010-04-13,139.85247802734375,153.29574584960938,155.67027282714844,150.6046142578125,154.93812561035156,49489395
2010-04-15,139.96983337402344,153.42437744140625,157.78756713867188,152.761474609375,154.34449768066406,30353385
2010-04-16,141.66676330566406,155.284423828125,156.21444702148438,153.2165985107422,153.35511779785156,17014035
2010-04-19,140.05104064941406,153.51341247558594,154.2455596923828,151.0597381591797,151.62368774414062,18251422
2010-04-20,143.0387420654297,156.7882843017578,158.07449340820312,153.75086975097656,153.75086975097656,21190375
2010-04-21,146.11668395996094,160.16209411621094,160.67657470703125,153.38479614257812,157.15435791015625,24958473
2010-04-22,151.0359649658203,165.55426025390625,169.12596130371094,158.4999237060547,159.6674041748047,53118709
2010-04-23,152.444091796875,167.0977020263672,167.89910888671875,163.74368286132812,165.82139587402344,28966138
2010-04-26,153.59039306640625,168.35423278808594,170.3330078125,165.22776794433594,167.602294921875,15735528
2010-04-27,152.82318115234375,167.51324462890625,169.14573669433594,166.8206787109375,168.0574188232422,22734583
2010-04-28,148.31005859375,162.56631469726562,166.98887634277344,138.51429748535156,164.25816345214844,19690948
2010-04-29,152.10108947753906,166.72174072265625,168.1761474609375,162.92250061035156,164.21859741210938,41823624
2010-04-30,157.5258331298828,172.66796875,173.83543395996094,167.20654296875,167.8001708984375,30858379
2010-05-03,154.24935913085938,169.0764923095703,174.66651916503906,167.7309112548828,172.3513641357422,23773791
2010-05-04,152.03790283203125,166.65248107910156,172.05453491210938,165.8411865234375,169.98672485351562,18968476
2010-05-05,150.71104431152344,165.19808959960938,166.53375244140625,159.55857849121094,162.2595977783203,18946811
2010-05-06,146.84780883789062,160.9635009765625,165.22776794433594,159.52890014648438,165.22776794433594,24010448
2010-05-07,137.69520568847656,150.9311065673828,159.25186157226562,150.010986328125,159.25186157226562,28801931
2010-05-10,146.87489318847656,160.99319458007812,161.6659698486328,151.48516845703125,156.71902465820312,22222064
2010-05-11,144.40170288085938,158.28225708007812,162.0617218017578,156.9663848876953,161.58682250976562,21729699
2010-05-12,144.89816284179688,158.82643127441406,160.65679931640625,156.62008666992188,157.33245849609375,19139875
2010-05-13,149.98892211914062,164.4065704345703,165.60372924804688,160.1126251220703,160.27093505859375,23865686
2010-05-14,147.353271484375,161.51756286621094,165.22776794433594,160.39955139160156,164.63414001464844,13830264
2010-05-17,142.47010803222656,156.16497802734375,159.68719482421875,153.2759552001953,159.68719482421875,24175191
2010-05-18,139.42823791503906,152.8307342529297,157.3126678466797,151.41590881347656,157.3126678466797,22833144
2010-05-19,129.0570831298828,141.46267700195312,151.3763427734375,139.90933227539062,151.3763427734375,42604941
2010-05-20,128.5155487060547,140.86903381347656,144.90574645996094,137.5941619873047,142.0760955810547,32478158
2010-05-21,128.1454620361328,140.46339416503906,141.3439483642578,133.86416625976562,136.5355224609375,42409395
2010-05-24,127.62191009521484,139.88954162597656,146.3106689453125,138.91004943847656,142.4718475341797,27683087
2010-05-25,121.57437133789062,133.26065063476562,138.39556884765625,132.57797241210938,138.31642150878906,22896567
2010-05-26,128.08229064941406,140.39413452148438,141.26478576660156,133.56735229492188,133.56735229492188,26941684
2010-05-27,133.90420532226562,146.7756805419922,148.40817260742188,139.3948516845703,139.91921997070312,46147010
2010-05-28,135.30325317382812,148.30923461914062,153.09786987304688,146.93399047851562,150.38694763183594,39059693
2010-05-31,136.296142578125,149.39756774902344,151.23782348632812,146.6272735595703,149.17990112304688,22413182
2010-06-01,130.87139892578125,143.4513397216797,150.07034301757812,142.58067321777344,148.03221130371094,24048880
2010-06-02,134.6985321044922,147.64634704589844,148.3784942626953,143.67889404296875,145.44000244140625,28703946
2010-06-03,138.50755310058594,151.82156372070312,152.761474609375,149.39756774902344,149.39756774902344,24720427
2010-06-04,139.2928466796875,152.6823272705078,153.5233154296875,149.5162811279297,151.9105987548828,17680584
2010-06-07,133.0647735595703,145.85556030273438,149.59544372558594,144.92552185058594,149.59544372558594,27858317
2010-06-08,132.83006286621094,145.5983123779297,149.6943817138672,144.64849853515625,145.8357696533203,26978136
2010-06-09,131.43101501464844,144.06475830078125,147.3594207763672,143.1050567626953,145.44000244140625,33286679
2010-06-10,137.0363006591797,150.2088623046875,150.8717498779297,144.45062255859375,146.16226196289062,24950044
2010-06-11,138.0833282470703,151.35655212402344,152.9395751953125,149.92193603515625,152.26678466796875,26420786
2010-06-14,137.243896484375,150.43641662597656,152.91978454589844,149.2293701171875,151.969970703125,17644648
2010-06-15,137.14462280273438,150.3275909423828,152.1678466796875,148.28944396972656,150.58482360839844,16351196
2010-06-16,140.87242126464844,154.41375732421875,155.92752075195312,151.3763427734375,151.3763427734375,26018942
2010-06-17,144.81689453125,158.7373809814453,159.390380859375,153.35511779785156,155.13601684570312,23857959
2010-06-18,144.74468994140625,158.65823364257812,160.67657470703125,156.9169158935547,159.29144287109375,20921856
2010-06-21,145.73757934570312,159.74655151367188,162.92250061035156,159.3112335205078,160.08294677734375,19993034
2010-06-22,143.99551391601562,157.8370361328125,160.181884765625,156.63987731933594,160.181884765625,15775037
2010-06-23,142.80406188964844,156.5310516357422,159.6674041748047,155.93740844726562,156.3430633544922,17385856
2010-06-24,141.74798583984375,155.3734588623047,157.86671447753906,154.69078063964844,156.7783966064453,15245467
2010-06-25,138.805419921875,152.14805603027344,156.12539672851562,151.52474975585938,155.3734588623047,17019276
2010-06-28,142.47909545898438,156.17486572265625,157.08509826660156,152.36572265625,152.36572265625,12556784
2010-06-29,139.175537109375,152.5537109375,156.12539672851562,151.67315673828125,156.12539672851562,14291135
2010-06-30,140.53848266601562,154.0476837158203,154.7105712890625,150.1494903564453,150.43641662597656,17480177
2010-07-01,137.69520568847656,150.9311065673828,154.36428833007812,150.614501953125,153.90916442871094,12274979
2010-07-02,138.35415649414062,151.6533660888672,153.5233154296875,150.98057556152344,152.36572265625,12038767
2010-07-05,137.77642822265625,151.02015686035156,154.29502868652344,150.2088623046875,151.36643981933594,16098868
2010-07-06,138.62489318847656,151.95018005371094,152.72190856933594,150.58482360839844,151.36643981933594,14020533
2010-07-07,135.56500244140625,148.59616088867188,152.34593200683594,148.09156799316406,151.67315673828125,12754144
2010-07-08,136.5037384033203,149.6251220703125,151.59400939941406,149.32830810546875,150.38694763183594,11395778
2010-07-09,139.13040161132812,152.50424194335938,152.86041259765625,150.18907165527344,150.58482360839844,15919247
2010-07-12,142.64161682128906,156.3529510498047,156.95648193359375,152.8208465576172,153.75086975097656,22252204
2010-07-13,144.7627716064453,158.6780242919922,159.23207092285156,155.83847045898438,156.52114868164062,14691923
2010-07-14,144.4197540283203,158.3020477294922,161.2306365966797,157.3126678466797,159.68719482421875,13678058
2010-07-15,146.1347198486328,160.181884765625,160.67657470703125,156.52114868164062,158.3020477294922,15651496
2010-07-16,150.26878356933594,164.71328735351562,165.39596557617188,160.07305908203125,160.28082275390625,26426881
2010-07-19,148.9870147705078,163.308349609375,165.01010131835938,162.48716735839844,163.64474487304688,9332836
2010-07-20,146.77561950683594,160.8843536376953,164.83201599121094,160.08294677734375,164.04049682617188,8860549
2010-07-21,148.0934295654297,162.328857421875,163.4270782470703,161.5472412109375,161.8638458251953,9242644
2010-07-22,151.09918212890625,165.62351989746094,166.21714782714844,161.2702178955078,162.0617218017578,13248283
2010-07-23,151.35191345214844,165.90054321289062,167.5924072265625,164.51541137695312,166.6326904296875,13194906
2010-07-26,148.24688720703125,162.49705505371094,166.45460510253906,161.88363647460938,166.4150390625,8951373
2010-07-27,152.4621124267578,167.11749267578125,167.790283203125,162.4574737548828,162.4574737548828,14545160
2010-07-28,154.31248474121094,169.14573669433594,169.8778839111328,166.6129150390625,166.6129150390625,14313133
2010-07-29,156.4607696533203,171.50048828125,172.00506591796875,167.2856903076172,169.40298461914062,18101253
2010-07-30,152.78707885742188,167.4736785888672,170.3330078125,166.86026000976562,168.98744201660156,10827028
2010-08-02,152.9675750732422,167.6715545654297,170.74855041503906,166.85035705566406,168.9775390625,11074418
2010-08-03,151.9656982421875,166.57333374023438,169.38319396972656,166.0390625,169.16552734375,14728713
2010-08-04,152.444091796875,167.0977020263672,167.8001708984375,165.22776794433594,166.810791015625,7603626
2010-08-05,155.43177795410156,170.37258911132812,171.5103759765625,166.79100036621094,167.4044189453125,14736203
2010-08-06,161.3349151611328,176.8431854248047,178.44598388671875,169.8284149169922,170.17471313476562,34896871
2010-08-09,165.97442626953125,181.9286346435547,182.39364624023438,177.1004180908203,177.8325653076172,21464474
2010-08-10,175.68255615234375,189.42819213867188,191.3476104736328,175.55697631835938,183.0367431640625,81052897
2010-08-11,184.7483673095703,199.20333862304688,202.72557067871094,190.2691650390625,190.40768432617188,82490235
2010-08-12,188.0517120361328,202.76513671875,204.4470977783203,196.00762939453125,199.26271057128906,34680035
2010-08-13,185.97796630859375,200.5291290283203,204.80328369140625,199.3616485595703,203.2202606201172,19571364
2010-08-16,183.76658630371094,198.1446990966797,202.3594970703125,196.4330596923828,201.21180725097656,13504956
2010-08-17,184.7392120361328,199.19345092773438,201.59765625,197.4818115234375,198.83726501464844,20910035
2010-08-18,192.3827667236328,207.43505859375,209.45339965820312,200.44996643066406,200.64785766601562,33446080
2010-08-19,190.94215393066406,205.8817138671875,207.7714385986328,204.1997528076172,205.79266357421875,15331571
2010-08-20,186.33580017089844,200.91497802734375,205.39691162109375,200.4202880859375,203.55665588378906,20173575
2010-08-23,186.33580017089844,200.91497802734375,203.06195068359375,199.06483459472656,201.80543518066406,12888823
2010-08-24,185.6751251220703,200.20262145996094,201.83511352539062,199.28250122070312,201.02381896972656,9869360
2010-08-25,182.105712890625,196.35391235351562,200.5390167236328,194.53343200683594,199.3616485595703,15772252
2010-08-26,183.04165649414062,197.3630828857422,201.42947387695312,195.3348388671875,195.89878845214844,30891404
2010-08-27,181.8304443359375,196.05709838867188,200.23231506347656,195.324951171875,197.283935546875,12903049
2010-08-30,181.65609741210938,195.86911010742188,199.8365478515625,193.9595947265625,198.6690673828125,13117949
2010-08-31,185.418212890625,199.92559814453125,200.82594299316406,194.18714904785156,194.90940856933594,32532480
2010-09-01,185.49163818359375,200.00474548339844,201.73617553710938,198.50088500976562,200.84573364257812,14422741
2010-09-02,186.6294403076172,201.23158264160156,204.1997528076172,200.64785766601562,202.03298950195312,13703574
2010-09-03,186.0421600341797,200.59837341308594,202.8739776611328,199.9058074951172,201.8549041748047,5986873
2010-09-06,189.9419708251953,204.80328369140625,205.79266357421875,201.75596618652344,201.75596618652344,10815687
2010-09-07,190.70355224609375,205.6244659423828,209.84915161132812,204.4075164794922,204.4075164794922,11105372
2010-09-08,189.55657958984375,204.3877410888672,206.52481079101562,203.05206298828125,204.80328369140625,7991987
2010-09-09,186.24404907226562,200.8160400390625,206.4654541015625,199.58920288085938,204.60540771484375,11910673
2010-09-13,188.47381591796875,203.2202606201172,204.704345703125,201.30084228515625,202.07257080078125,12417880
2010-09-14,193.6490478515625,208.80039978027344,211.33323669433594,202.8245086669922,204.80328369140625,28712790
2010-09-15,188.0333709716797,202.74534606933594,213.5098876953125,201.6570281982422,210.73960876464844,32875429
2010-09-16,188.8041229248047,203.57644653320312,205.99053955078125,201.83511352539062,202.92344665527344,18527507
2010-09-17,190.03372192382812,204.9022216796875,207.35589599609375,203.71495056152344,205.59478759765625,14344420
2010-09-20,194.0619659423828,209.24563598632812,209.96788024902344,205.19903564453125,205.78277587890625,13433877
2010-09-21,198.31044006347656,213.8264923095703,214.69715881347656,208.04847717285156,209.35446166992188,24206907
2010-09-22,196.53028869628906,211.90708923339844,219.4462127685547,209.601806640625,217.44766235351562,15792487
2010-09-23,197.15426635742188,212.57986450195312,213.707763671875,210.2449188232422,212.5205078125,11276250
2010-09-24,196.89730834960938,212.30284118652344,213.1833953857422,210.1756591796875,211.13536071777344,8037616
2010-09-27,198.87930297851562,214.43991088867188,216.67593383789062,211.78836059570312,215.7854766845703,11043551
2010-09-28,198.2920684814453,213.80670166015625,214.69715881347656,211.0364227294922,213.5,8215034
2010-09-29,203.05441284179688,218.94163513183594,219.61441040039062,213.8166046142578,213.87596130371094,20404829
2010-09-30,201.52198791503906,217.2893524169922,220.63348388671875,214.9445037841797,219.6342010498047,15719417
2010-10-01,204.46746826171875,220.4652862548828,228.548583984375,217.8632049560547,218.6547088623047,34713076
2010-10-04,209.037109375,225.39244079589844,226.96556091308594,217.66531372070312,222.79034423828125,17769624
2010-10-05,208.17454528808594,224.46241760253906,226.5994873046875,223.24546813964844,226.55992126464844,10861094
2010-10-06,208.9728546142578,225.32318115234375,227.73728942871094,224.59103393554688,226.36204528808594,14441525
2010-10-07,207.1376495361328,223.3444061279297,227.16343688964844,221.15786743164062,225.58042907714844,9498570
2010-10-08,202.4120635986328,218.24905395507812,225.51116943359375,216.28018188476562,224.47230529785156,13647423
2010-10-11,211.3402557373047,227.8758087158203,229.29063415527344,218.8525848388672,221.22711181640625,13036338
2010-10-12,212.2578582763672,228.8651885986328,230.507568359375,226.6588592529297,227.72740173339844,14779922
2010-10-13,215.88233947753906,232.7732696533203,233.99021911621094,227.33163452148438,228.8651885986328,13505826
2010-10-14,217.1486358642578,234.1386260986328,236.46368408203125,231.82345581054688,233.0997772216797,13352852
2010-10-15,212.15687561035156,228.75636291503906,235.43472290039062,227.6977081298828,234.2870330810547,9338355
2010-10-18,214.5242919921875,231.30897521972656,233.05030822753906,224.046875,226.56980895996094,15690758
2010-10-19,215.47860717773438,232.3379364013672,235.07855224609375,231.51675415039062,233.4955291748047,10234859
2010-10-20,212.45054626464844,229.07296752929688,232.9019012451172,228.15283203125,231.49696350097656,7828280
2010-10-21,214.18478393554688,230.94290161132812,233.18881225585938,229.73585510253906,230.52735900878906,10193262
2010-10-22,210.83555603027344,227.33163452148438,232.5160369873047,226.5994873046875,232.1895294189453,10673084
2010-10-25,217.58908081054688,234.61354064941406,235.4545135498047,228.6079559326172,228.6079559326172,9469365
2010-10-26,219.25909423828125,236.41421508789062,237.4530792236328,233.20860290527344,234.64321899414062,14224144
2010-10-27,219.49766540527344,236.6714630126953,237.8488311767578,234.18809509277344,235.47430419921875,8511909
2010-10-28,218.8645477294922,235.98878479003906,239.43185424804688,234.5343780517578,237.4530792236328,16175042
2010-10-29,212.6982879638672,229.34010314941406,236.80007934570312,225.798095703125,235.98878479003906,10778624
2010-11-01,214.82711791992188,231.63548278808594,234.45523071289062,230.1909637451172,233.4163818359375,7876703
2010-11-02,211.8265838623047,228.40017700195312,232.70401000976562,226.5797119140625,232.54571533203125,11642340
2010-11-03,217.57070922851562,234.59375,235.8502655029297,229.87437438964844,229.92384338378906,8046298
2010-11-04,226.47137451171875,244.19081115722656,245.36817932128906,233.0997772216797,236.44390869140625,18715401
2010-11-08,232.9312286376953,251.15609741210938,253.26348876953125,245.87277221679688,247.34695434570312,14387391
2010-11-09,233.050537109375,251.2847137451172,256.0535583496094,249.65223693847656,253.4712677001953,19715842
2010-11-10,239.0332489013672,257.73553466796875,266.73895263671875,256.686767578125,266.34320068359375,28740933
2010-11-11,234.1608123779297,252.48187255859375,261.83160400390625,250.25575256347656,261.0005187988281,19481339
2010-11-12,228.7103271484375,246.60491943359375,255.44015502929688,245.68478393554688,250.31512451171875,15998145
2010-11-15,229.80224609375,247.78228759765625,248.89039611816406,242.20213317871094,246.75332641601562,14427209
2010-11-16,221.24110412597656,238.55130004882812,250.4140625,234.95982360839844,250.31512451171875,18540530
2010-11-18,225.86575317382812,243.53781127929688,244.77455139160156,232.78317260742188,241.01487731933594,25559314
2010-11-19,218.203857421875,235.27642822265625,246.35757446289062,232.9019012451172,245.36817932128906,16342448
2010-11-22,225.30604553222656,242.9342803955078,244.12155151367188,235.68206787109375,238.64035034179688,10901483
2010-11-23,222.7000732421875,240.12442016601562,243.2706756591797,233.7329864501953,241.01487731933594,17503687
2010-11-24,223.68190002441406,241.18307495117188,249.46424865722656,238.46224975585938,240.63890075683594,20702923
2010-11-25,221.28697204589844,238.60076904296875,247.32716369628906,237.4629669189453,243.48834228515625,18600774
2010-11-26,214.06552124023438,230.8142852783203,240.99508666992188,225.18466186523438,239.82760620117188,23512958
2010-11-29,217.6532745361328,234.6827850341797,236.2954864501953,226.56980895996094,230.70545959472656,11346172
2010-11-30,226.6365509033203,244.368896484375,246.20916748046875,230.20086669921875,232.5160369873047,18689167
2010-12-01,236.14279174804688,254.61895751953125,257.83447265625,242.64736938476562,243.389404296875,30293120
2010-12-02,242.27232360839844,261.2280578613281,262.8803405761719,256.4097595214844,257.0033874511719,28966482
2010-12-03,241.2721710205078,260.1496276855469,266.4817199707031,257.8245849609375,260.4068603515625,28659135
2010-12-06,249.1909942626953,268.68804931640625,273.466796875,261.8019104003906,262.1877746582031,44883612
2010-12-07,245.07095336914062,264.2456970214844,267.58984375,259.6549377441406,267.1545104980469,24262518
2010-12-08,245.19944763183594,264.38421630859375,266.52130126953125,256.4493103027344,263.5729064941406,37380826
2010-12-09,233.77540588378906,252.0663299560547,265.15594482421875,249.1278533935547,264.57220458984375,27527774
2010-12-10,228.95803833007812,246.87205505371094,250.90875244140625,239.82760620117188,250.71087646484375,22295766
2010-12-13,234.39024353027344,252.72923278808594,256.0140075683594,247.98016357421875,248.5342254638672,16594175
2010-12-14,239.6663818359375,258.418212890625,260.208984375,250.96810913085938,254.66842651367188,19158776
2010-12-15,242.77699279785156,261.772216796875,264.1665344238281,255.28184509277344,257.7948913574219,18236064
2010-12-16,247.19985961914062,266.54107666015625,270.7756652832031,255.5093994140625,261.0005187988281,19317192
2010-12-20,247.93389892578125,267.33258056640625,269.8852233886719,261.6930847167969,263.5729064941406,14196879
2010-12-21,247.7503662109375,267.13470458984375,269.8852233886719,263.7312316894531,267.33258056640625,10812054
2010-12-22,250.5307159423828,270.132568359375,271.3692932128906,266.54107666015625,268.3417663574219,12828124
2010-12-23,248.25506591796875,267.6788635253906,271.98272705078125,264.3248596191406,269.3113708496094,10304407
2010-12-24,239.7030792236328,258.4577941894531,266.93682861328125,257.6563720703125,265.55169677734375,16127932
2010-12-27,238.7763214111328,257.45849609375,261.37646484375,255.8260040283203,258.0323486328125,8742582
2010-12-28,232.8670196533203,251.0868377685547,258.6655578613281,249.96884155273438,258.32916259765625,18243573
2010-12-29,233.77540588378906,252.0663299560547,253.26348876953125,247.74270629882812,251.30450439453125,15456785
2010-12-30,238.60195922851562,257.2705078125,258.230224609375,251.93771362304688,252.0960235595703,14592932
2010-12-31,240.1068115234375,258.8930969238281,260.3870849609375,256.4493103027344,258.4281005859375,8846131
2011-01-03,240.1251678466797,258.91290283203125,264.1665344238281,257.4783020019531,262.7220458984375,8480698
2011-01-04,238.2808380126953,256.9242248535156,261.3171081542969,254.28256225585938,259.9913330078125,11792059
2011-01-05,235.4179229736328,253.83734130859375,259.1998291015625,252.4917755126953,257.2408447265625,7965283
2011-01-06,231.41720581054688,249.5236053466797,257.4189147949219,247.0204620361328,255.103759765625,11030563
2011-01-07,218.42408752441406,235.51388549804688,249.98861694335938,229.53797912597656,249.3257293701172,21823221
2011-01-10,215.94654846191406,232.842529296875,238.8184356689453,229.02349853515625,235.67218017578125,24076605
2011-01-11,212.52395629882812,229.15211486816406,237.23541259765625,225.6892547607422,234.26724243164062,21430559
2011-01-12,223.52590942382812,241.01487731933594,242.0240478515625,232.70401000976562,233.4955291748047,24175519
2011-01-13,226.95770263671875,244.71517944335938,246.74342346191406,239.82760620117188,241.60850524902344,28974199
2011-01-14,216.9926300048828,233.97042846679688,242.4000244140625,231.91250610351562,242.4000244140625,17378776
2011-01-17,216.34109497070312,233.26795959472656,235.07855224609375,228.64752197265625,234.96971130371094,12138596
2011-01-18,220.13998413085938,237.36402893066406,239.1548309326172,233.8912811279297,234.4849090576172,14289937
2011-01-19,218.8920440673828,236.01846313476562,239.0163116455078,234.14852905273438,238.99652099609375,12275924
2011-01-20,219.24990844726562,236.40432739257812,237.8488311767578,229.96340942382812,234.4651336669922,11811864
2011-01-21,217.9102325439453,234.95982360839844,238.2445831298828,231.9817657470703,235.47430419921875,10804575
2011-01-24,218.07540893554688,235.13790893554688,237.0177459716797,232.5259246826172,234.95982360839844,6420389
2011-01-25,213.98289489746094,230.72523498535156,237.2156219482422,229.5181884765625,237.2156219482422,12718970
2011-01-27,219.4609832763672,236.6318817138672,237.35414123535156,231.71463012695312,233.8813934326172,21052972
2011-01-28,211.10166931152344,227.61856079101562,235.4545135498047,222.0186309814453,235.07855224609375,15697246
2011-01-31,210.50523376464844,226.9754638671875,229.34010314941406,220.0596466064453,220.63348388671875,12785820
2011-02-01,196.19076538085938,211.541015625,227.8461151123047,210.34385681152344,227.8461151123047,25801333
2011-02-02,204.48583984375,220.48507690429688,223.3839874267578,213.1735076904297,215.15228271484375,22464911
2011-02-03,212.29457092285156,228.90476989746094,230.4284210205078,216.47805786132812,217.62574768066406,14176336
2011-02-04,211.20262145996094,227.72740173339844,235.4644012451172,225.58042907714844,227.60867309570312,24900735
2011-02-07,210.3767852783203,226.83694458007812,229.50830078125,219.80239868164062,225.798095703125,17675020
2011-02-08,204.11880493164062,220.08932495117188,229.10264587402344,218.5063018798828,227.5592041015625,15107437
2011-02-09,197.0258026123047,212.4413604736328,221.1875457763672,208.26614379882812,217.66531372070312,24693875
2011-02-10,202.32948303222656,218.16001892089844,221.0094451904297,212.4413604736328,212.916259765625,15376154
2011-02-11,209.70697021484375,226.1147003173828,231.51675415039062,217.41796875,219.32749938964844,18418788
2011-02-14,221.92013549804688,239.283447265625,241.76681518554688,235.8403778076172,236.1668701171875,22358249
2011-02-15,227.07699584960938,244.84381103515625,246.93141174316406,237.81915283203125,240.20358276367188,20341477
2011-02-16,227.27886962890625,245.06146240234375,246.29820251464844,240.88626098632812,244.180908203125,8898446
2011-02-17,229.14157104492188,247.06993103027344,248.22750854492188,242.43959045410156,243.7752685546875,8783062
2011-02-18,221.24110412597656,238.55130004882812,248.91018676757812,237.67074584960938,247.14907836914062,13037718
2011-02-21,213.20298767089844,229.88426208496094,239.1746063232422,224.67018127441406,238.4424591064453,22259966
2011-02-22,208.6333465576172,224.9571075439453,228.3507080078125,222.15713500976562,227.5592041015625,12652636
2011-02-23,209.92715454101562,226.35214233398438,230.13160705566406,223.62142944335938,224.59103393554688,10373475
2011-02-24,193.502197265625,208.64210510253906,225.95639038085938,205.52552795410156,225.38255310058594,27479492
2011-02-25,203.8343048095703,219.78260803222656,222.6122589111328,212.23358154296875,214.10353088378906,23675008
2011-02-28,198.70498657226562,214.25193786621094,222.8892822265625,208.76083374023438,220.63348388671875,32936017
2011-03-01,209.5509490966797,225.94650268554688,226.76768493652344,217.1013641357422,217.46743774414062,16617058
2011-03-03,215.90988159179688,232.80294799804688,234.42555236816406,221.6228790283203,225.1450958251953,24321630
2011-03-04,215.772216796875,232.654541015625,236.36474609375,230.70545959472656,236.20645141601562,16747431
2011-03-07,207.00003051757812,223.1959991455078,228.548583984375,221.8207550048828,228.548583984375,15032881
2011-03-08,213.27638244628906,229.96340942382812,230.507568359375,222.6122589111328,222.8101348876953,11187862
2011-03-09,213.48741149902344,230.1909637451172,232.80294799804688,228.15283203125,231.77398681640625,8613937
2011-03-10,213.79940795898438,230.52735900878906,232.48634338378906,227.757080078125,230.74502563476562,9448044
2011-03-11,213.3589630126953,230.05245971679688,231.91250610351562,223.99740600585938,228.7464599609375,10636263
2011-03-14,215.7814178466797,232.66444396972656,233.4361572265625,225.6199951171875,228.548583984375,7874601
2011-03-15,209.59683227539062,225.9959716796875,229.528076171875,223.3345184326172,225.63978576660156,9013856
2011-03-16,214.07469177246094,230.8241729736328,232.3874053955078,226.94578552246094,227.9549560546875,9036527
2011-03-17,209.20223999023438,225.57052612304688,230.01287841796875,224.10623168945312,227.16343688964844,9032721
2011-03-18,205.07310485839844,221.1182861328125,228.15283203125,220.23773193359375,228.15283203125,12633716
2011-03-21,205.7612762451172,221.86032104492188,224.27442932128906,220.67306518554688,223.42355346679688,9665340
2011-03-22,208.49569702148438,224.80870056152344,226.3125762939453,223.62142944335938,223.62142944335938,10590215
2011-03-23,208.6425323486328,224.96701049804688,226.5104522705078,222.82003784179688,223.90835571289062,8258485
2011-03-24,212.38629150390625,229.0037078857422,229.9139404296875,226.60939025878906,226.7874755859375,5973436
2011-03-25,217.2587432861328,234.25735473632812,235.8502655029297,229.7952117919922,231.69483947753906,8578910
2011-03-28,224.6269989013672,242.20213317871094,242.97386169433594,235.35557556152344,235.87005615234375,10631114
2011-03-29,227.46238708496094,245.2593536376953,246.55545043945312,239.92654418945312,243.6664276123047,10904318
2011-03-30,229.21498107910156,247.14907836914062,249.06849670410156,245.09115600585938,245.6649932861328,8188538
2011-03-31,229.09571838378906,247.0204620361328,249.50381469726562,241.60850524902344,248.31655883789062,12968559
2011-04-01,227.89366149902344,245.724365234375,247.32716369628906,244.2501678466797,245.56605529785156,6426352
2011-04-04,230.16928100585938,248.17803955078125,248.9299774169922,244.77455139160156,245.36817932128906,6545193
2011-04-05,234.96829223632812,253.3525390625,254.2528839111328,246.16958618164062,249.02891540527344,9861795
2011-04-06,238.33584594726562,256.98358154296875,257.9729919433594,252.956787109375,254.73768615722656,12918993
2011-04-07,236.90443420410156,255.44015502929688,257.6365966796875,252.59071350097656,255.21258544921875,7981152
2011-04-08,230.00411987304688,247.9999542236328,254.80694580078125,246.5752410888672,254.07479858398438,6889310
2011-04-11,223.8103485107422,241.3215789794922,247.32716369628906,239.58026123046875,244.97242736816406,6465806
2011-04-13,229.18746948242188,247.11940002441406,247.871337890625,238.4226837158203,239.39227294921875,10990760
2011-04-15,226.8017120361328,244.54698181152344,251.10662841796875,243.09259033203125,247.14907836914062,7786713
2011-04-18,221.296142578125,238.61065673828125,249.87979125976562,237.6509552001953,244.86358642578125,8936854
2011-04-19,220.4611358642578,237.71031188964844,240.21347045898438,235.14779663085938,237.23541259765625,8257848
2011-04-20,229.71963500976562,247.6932373046875,248.44517517089844,240.24314880371094,240.36187744140625,9279930
2011-04-21,228.2515106201172,246.11021423339844,248.9299774169922,243.9830322265625,248.29676818847656,6037869
2011-04-25,228.03128051757812,245.87277221679688,248.7321014404297,244.60635375976562,244.60635375976562,3600964
2011-04-26,231.4722900390625,249.58297729492188,250.71087646484375,242.3010711669922,245.56605529785156,5786749
2011-04-27,229.30674743652344,247.24801635742188,251.8585662841797,246.5752410888672,249.1278533935547,6580068
2011-04-28,226.1502227783203,243.8445281982422,248.9794464111328,243.0035400390625,248.1384735107422,6905431
2011-04-29,226.9852294921875,244.744873046875,256.57794189453125,240.22335815429688,243.1915283203125,6356607
2011-05-02,224.87478637695312,242.46926879882812,246.15969848632812,241.1632843017578,245.6649932861328,5867512
2011-05-03,213.4507293701172,230.15139770507812,242.76608276367188,227.16343688964844,241.8162841796875,10442426
2011-05-04,212.75335693359375,229.3994598388672,232.68423461914062,225.422119140625,230.13160705566406,8152829
2011-05-05,208.68841552734375,225.0164794921875,232.46656799316406,223.79953002929688,229.53797912597656,5394325
2011-05-06,220.21339416503906,237.4431915283203,239.03610229492188,226.75779724121094,227.51962280273438,11239677
2011-05-09,215.97412109375,232.87220764160156,237.927978515625,231.29908752441406,237.2552032470703,6402004
2011-05-10,217.69918823242188,234.7322540283203,238.13575744628906,231.71463012695312,232.70401000976562,7554666
2011-05-11,222.36056518554688,239.7583465576172,240.42123413085938,233.7428741455078,234.6827850341797,8956174
2011-05-12,217.8368377685547,234.88067626953125,241.41062927246094,234.00010681152344,237.03753662109375,9508238
2011-05-13,222.2504425048828,239.63961791992188,244.22048950195312,234.9103546142578,236.18666076660156,10128121
2011-05-16,223.11297607421875,240.5696563720703,241.3710479736328,234.50469970703125,237.4530792236328,12026138
2011-05-17,218.203857421875,235.27642822265625,241.01487731933594,233.21849060058594,239.62973022460938,7890571
2011-05-18,210.89064025878906,227.39100646972656,235.2665252685547,226.1245880126953,235.12802124023438,12912545
2011-05-19,211.20262145996094,227.72740173339844,230.67576599121094,225.98606872558594,228.37049865722656,10150008
2011-05-20,214.46925354003906,231.24961853027344,233.87149047851562,227.79664611816406,227.79664611816406,7206966
2011-05-23,207.2753143310547,223.49281311035156,228.3507080078125,222.23629760742188,228.3507080078125,9471877
2011-05-24,205.8805694580078,221.98895263671875,225.96627807617188,220.0299530029297,223.42355346679688,10603819
2011-05-25,208.07362365722656,224.35357666015625,225.96627807617188,221.6426544189453,221.72181701660156,9051142
2011-05-26,213.322265625,230.01287841796875,231.25950622558594,225.64967346191406,225.81787109375,14230926
2011-05-27,199.82443237304688,215.458984375,232.50613403320312,214.10353088378906,232.50613403320312,36507473
2011-05-30,197.71400451660156,213.1833953857422,218.001708984375,212.29293823242188,216.66604614257812,14337441
2011-05-31,201.0081329345703,216.73529052734375,217.6851043701172,212.85690307617188,213.93533325195312,21812058
2011-06-01,198.1819610595703,213.68798828125,217.07168579101562,212.8371124267578,216.87380981445312,12190917
2011-06-02,192.36439514160156,207.41526794433594,211.72898864746094,206.22799682617188,211.72898864746094,13160850
2011-06-03,187.8865509033203,202.58705139160156,209.35446166992188,200.69732666015625,207.3756866455078,18193522
2011-06-06,187.86819458007812,202.5672607421875,204.17007446289062,199.9058074951172,200.1531524658203,10494787
2011-06-07,188.51051330566406,203.2598419189453,204.56582641601562,200.97434997558594,201.24148559570312,10702375
2011-06-08,188.7582550048828,203.52696228027344,206.51492309570312,202.03298950195312,202.40896606445312,10460791
2011-06-09,187.4001922607422,202.0626678466797,204.0018768310547,198.55035400390625,203.6160125732422,15309118
2011-06-10,187.11578369140625,201.75596618652344,202.6958770751953,200.05421447753906,202.50790405273438,10366693
2011-06-13,185.40904235839844,199.91571044921875,201.5877685546875,198.68885803222656,201.04360961914062,9117445
2011-06-14,180.5824737548828,194.71151733398438,199.8365478515625,194.14756774902344,199.5595245361328,18158005
2011-06-15,182.44522094726562,196.71998596191406,197.50160217285156,192.77232360839844,194.71151733398438,17065451
2011-06-16,180.5182647705078,194.64227294921875,197.6796875,193.94969177246094,195.4040985107422,8892139
2011-06-17,180.02276611328125,194.10800170898438,196.41326904296875,193.16807556152344,196.28465270996094,7010420
2011-06-20,170.85601806640625,184.22401428222656,194.70162963867188,183.1455841064453,194.21682739257812,12139966
2011-06-21,171.81028747558594,185.2529754638672,187.93421936035156,184.02613830566406,185.60916137695312,15616489
2011-06-22,171.7552490234375,185.19361877441406,187.10313415527344,183.5017547607422,186.99429321289062,10873971
2011-06-23,173.42526245117188,186.99429321289062,188.3695526123047,183.28408813476562,185.01551818847656,14139804
2011-06-24,177.36172485351562,191.23876953125,192.4161376953125,187.6374053955078,187.6374053955078,12766323
2011-06-27,179.43551635742188,193.47479248046875,194.79067993164062,188.0331573486328,189.36883544921875,10943666
2011-06-28,180.71095275878906,194.85003662109375,195.9977264404297,191.5059051513672,194.71151733398438,8802407
2011-06-29,182.99575805664062,197.31361389160156,200.40049743652344,195.57229614257812,196.07687377929688,15611249
2011-06-30,182.45440673828125,196.72987365722656,198.6492919921875,194.18714904785156,197.4818115234375,12195990
2011-07-01,182.54615783691406,196.8288116455078,199.85633850097656,195.10728454589844,199.85633850097656,9831675
2011-07-04,185.65679931640625,200.18283081054688,202.79481506347656,198.57012939453125,199.65846252441406,10758485
2011-07-05,186.4459228515625,201.03370666503906,203.49728393554688,199.65846252441406,201.83511352539062,11706177
2011-07-06,190.03372192382812,204.9022216796875,205.38702392578125,200.16305541992188,201.6570281982422,12015444
2011-07-07,193.69491577148438,208.84986877441406,209.38414001464844,203.2202606201172,204.42730712890625,13654837
2011-07-08,193.4287872314453,208.56295776367188,212.57986450195312,206.9799346923828,209.15658569335938,9533475
2011-07-11,193.21775817871094,208.33538818359375,210.34385681152344,206.9403533935547,208.56295776367188,5947490
2011-07-12,188.08840942382812,202.80471801757812,206.287353515625,198.86695861816406,205.00115966796875,10584332
2011-07-13,191.9055938720703,206.92056274414062,207.47462463378906,202.8245086669922,203.4181365966797,7318116
2011-07-14,196.01644897460938,211.35302734375,214.0045928955078,204.87254333496094,205.79266357421875,11520113
2011-07-15,189.5841064453125,204.41741943359375,210.14598083496094,203.67538452148438,210.04702758789062,8878692
2011-07-18,186.23489379882812,200.80615234375,207.06898498535156,200.25209045410156,204.80328369140625,8426639
2011-07-19,184.20367431640625,194.70162963867188,198.30300903320312,193.52426147460938,198.075439453125,15781460
2011-07-20,181.3768310546875,191.71368408203125,197.0167999267578,190.7737579345703,195.89878845214844,9583774
2011-07-21,182.902587890625,193.32638549804688,194.89950561523438,190.50662231445312,192.51507568359375,6784341
2011-07-22,186.63735961914062,197.27403259277344,198.86695861816406,193.99916076660156,195.30516052246094,10848728
2011-07-25,188.406494140625,199.14398193359375,200.23231506347656,195.324951171875,196.69029235839844,6866089
2011-07-26,182.1630859375,192.54476928710938,200.46975708007812,191.08047485351562,199.4407958984375,9788931
2011-07-27,179.2894744873047,189.50733947753906,193.4945831298828,187.6472930908203,192.93063354492188,8775628
2011-07-28,177.97898864746094,188.12220764160156,191.1497344970703,187.08334350585938,188.35964965820312,8238114
2011-07-29,177.4922332763672,187.6077117919922,189.1511688232422,186.00491333007812,187.76602172851562,6880178
2011-08-01,180.00083923339844,190.25927734375,191.33770751953125,188.1123046875,188.9730682373047,5798914
2011-08-02,179.04608154296875,189.25010681152344,190.5363006591797,187.9836883544922,188.98297119140625,8020515
2011-08-03,173.75746154785156,183.66006469726562,186.99429321289062,182.30459594726562,186.99429321289062,9026071
2011-08-04,171.0990753173828,180.85020446777344,183.7490997314453,180.13784790039062,182.58163452148438,18964954
2011-08-05,166.54055786132812,176.03187561035156,176.5067901611328,172.1534881591797,173.9343719482422,12329189
2011-08-08,154.95237731933594,163.78326416015625,172.5492401123047,163.00164794921875,172.3612518310547,15712513
2011-08-09,148.65280151367188,157.1246795654297,162.4574737548828,155.14590454101562,156.9169158935547,25192785
2011-08-10,158.04129028320312,167.04823303222656,168.07720947265625,161.4680938720703,163.15005493164062,15591080
2011-08-11,158.9398956298828,167.998046875,170.75843811035156,161.6659698486328,164.04049682617188,19839717
2011-08-12,149.76669311523438,158.3020477294922,168.3839111328125,156.9366912841797,168.3839111328125,26623265
2011-08-16,150.05686950683594,158.6087646484375,162.2398223876953,157.3225555419922,160.6963653564453,11608592
2011-08-17,145.80722045898438,154.116943359375,158.33172607421875,152.78126525878906,158.1041717529297,12842158
2011-08-18,140.7900390625,148.81382751464844,155.78900146484375,147.9926300048828,155.67027282714844,12730058
2011-08-19,133.35787963867188,140.9580841064453,146.3898162841797,138.93972778320312,145.88523864746094,28247800
2011-08-22,137.9725799560547,145.8357696533203,146.84494018554688,138.51429748535156,141.57150268554688,22426448
2011-08-23,136.21279907226562,143.97572326660156,147.7947540283203,141.48245239257812,145.44000244140625,18259149
2011-08-24,131.18626403808594,138.66270446777344,145.7961883544922,137.53480529785156,143.85699462890625,18160077
2011-08-25,133.71356201171875,141.33404541015625,142.82803344726562,139.5432586669922,140.70083618164062,17495480
2011-08-26,130.76504516601562,138.2174835205078,144.91563415527344,137.2478790283203,141.5022430419922,15389329
2011-08-29,136.78379821777344,144.57923889160156,145.717041015625,140.49307250976562,140.88882446289062,17960125
2011-08-30,138.96478271484375,146.884521484375,148.09156799316406,143.82730102539062,147.51773071289062,16232188
2011-09-02,141.2954864501953,149.3480987548828,151.03994750976562,146.8251495361328,149.99119567871094,19816233
2011-09-05,141.0053253173828,149.0413818359375,150.18907165527344,146.6866455078125,148.01242065429688,10451048
2011-09-06,143.36415100097656,151.53463745117188,153.0780792236328,148.05198669433594,148.05198669433594,19074648
2011-09-07,143.98196411132812,152.18763732910156,154.47311401367188,149.2293701171875,152.61306762695312,14902265
2011-09-08,148.0163116455078,156.45188903808594,156.9169158935547,152.1678466796875,153.18692016601562,13366123
2011-09-09,143.1956787109375,151.35655212402344,156.60031127929688,150.4858856201172,156.60031127929688,10160626
2011-09-12,136.98971557617188,144.79690551757812,147.61666870117188,141.97715759277344,144.40115356445312,11310876
2011-09-13,130.6714324951172,138.11854553222656,146.6272735595703,136.09030151367188,145.73683166503906,16215981
2011-09-14,133.38597106933594,140.98776245117188,142.1255645751953,138.51429748535156,139.50367736816406,11644242
2011-09-15,141.529541015625,149.59544372558594,150.78269958496094,140.0478515625,141.48245239257812,13412005
2011-09-16,151.49835205078125,160.13241577148438,161.76490783691406,150.78269958496094,152.21731567382812,33598796
2011-09-19,151.3579559326172,159.9840087890625,162.95217895507812,156.12539672851562,158.3020477294922,16555452
2011-09-20,155.57015991210938,164.43624877929688,165.02989196777344,159.73666381835938,159.73666381835938,14652145
2011-09-21,154.30650329589844,163.1005859375,165.1288299560547,161.76490783691406,163.24899291992188,11410808
2011-09-22,144.7588653564453,153.00881958007812,159.83560180664062,151.969970703125,158.99462890625,11588731
2011-09-23,137.45773315429688,145.29159545898438,150.18907165527344,144.45062255859375,148.90286254882812,21565164
2011-09-26,137.36412048339844,145.19265747070312,146.92408752441406,140.74041748046875,145.93470764160156,9238603
2011-09-27,145.7885284423828,154.09715270996094,155.33389282226562,149.00180053710938,149.7438507080078,11703282
2011-09-28,146.06932067871094,154.3939666748047,158.00523376464844,151.57421875,155.23495483398438,13007360
2011-09-29,150.60911560058594,159.1925048828125,161.12181091308594,149.59544372558594,151.87103271484375,20271766
2011-09-30,146.06932067871094,154.3939666748047,161.17127990722656,153.6024627685547,158.59886169433594,12077181
2011-10-03,143.77601623535156,151.969970703125,155.72964477539062,150.7332305908203,152.36572265625,7956053
2011-10-04,137.3173370361328,145.1431884765625,150.98057556152344,143.21388244628906,150.58482360839844,17778524
2011-10-05,137.9725799560547,145.8357696533203,150.23854064941406,145.09371948242188,146.6272735595703,8976242
2011-10-07,148.97108459472656,157.46107482910156,158.64833068847656,151.42581176757812,151.42581176757812,15888950
2011-10-10,159.82911682128906,168.93797302246094,170.61993408203125,157.21372985839844,157.3126678466797,20441091
2011-10-11,165.44540405273438,174.87429809570312,176.0615692138672,169.53160095214844,170.86727905273438,23070737
2011-10-12,169.18955993652344,178.83184814453125,187.9836883544922,168.8390350341797,174.13226318359375,27429984
2011-10-13,164.60293579101562,173.98385620117188,184.22401428222656,172.89552307128906,181.45372009277344,18865685
2011-10-14,168.53431701660156,178.1392822265625,179.3265380859375,171.9061279296875,172.1534881591797,15041251
2011-10-17,176.06947326660156,186.10385131835938,189.17095947265625,181.05796813964844,181.05796813964844,24399749
2011-10-18,169.65757751464844,179.3265380859375,182.69046020507812,175.9131622314453,182.2452392578125,15186937
2011-10-19,174.9929962158203,184.96604919433594,186.25225830078125,181.94842529296875,181.94842529296875,12285365
2011-10-20,171.38926696777344,181.1569061279297,182.54205322265625,178.83184814453125,180.51380920410156,13764843
2011-10-21,166.75584411621094,176.2594451904297,183.63038635253906,175.27005004882812,182.8388671875,12452690
2011-10-24,174.24420166015625,184.17454528808594,185.46075439453125,180.71168518066406,180.71168518066406,13060616
2011-10-25,179.53280639648438,189.76458740234375,191.3476104736328,182.8388671875,186.00491333007812,16613851
2011-10-28,193.57345581054688,204.60540771484375,205.79266357421875,195.15675354003906,195.6514434814453,18062425
2011-10-31,185.7575225830078,196.34400939941406,203.31919860839844,195.6514434814453,203.31919860839844,13437473
2011-11-01,181.07730102539062,191.39707946777344,200.3015594482422,189.76458740234375,193.02957153320312,20701234
2011-11-02,179.81361389160156,190.0614013671875,194.81045532226562,186.10385131835938,188.28050231933594,23264805
2011-11-03,176.63108825683594,186.69747924804688,190.20980834960938,183.4324951171875,188.9730682373047,22020039
2011-11-04,176.06947326660156,186.10385131835938,191.64442443847656,183.77879333496094,191.44654846191406,18172797
2011-11-08,177.56710815429688,187.68687438964844,188.67625427246094,183.28408813476562,187.48899841308594,12369112
2011-11-09,172.9337158203125,182.78939819335938,189.91299438476562,181.8494873046875,189.36883544921875,14049057
2011-11-11,169.84478759765625,179.5244140625,186.1533203125,178.58450317382812,182.09683227539062,18714170
2011-11-14,166.42823791503906,175.9131622314453,183.5314483642578,174.28067016601562,182.09683227539062,15936797
2011-11-15,169.65757751464844,179.3265380859375,182.54205322265625,170.0757598876953,171.9061279296875,22496796
2011-11-16,170.64041137695312,180.3654022216797,181.8494873046875,175.8636932373047,180.06858825683594,16710245
2011-11-17,163.94772338867188,173.29127502441406,181.05796813964844,171.95559692382812,180.06858825683594,12718626
2011-11-18,159.4079132080078,168.4927520751953,170.17471313476562,165.1782989501953,170.17471313476562,13024356
2011-11-21,151.21755981445312,159.83560180664062,167.45388793945312,158.45045471191406,167.45388793945312,13593370
2011-11-22,161.42041015625,170.61993408203125,173.3407440185547,161.2702178955078,161.2702178955078,23977749
2011-11-23,157.5826416015625,166.56344604492188,169.33372497558594,163.79315185546875,168.1959228515625,14250198
2011-11-24,161.9820556640625,171.21356201171875,173.09339904785156,162.4080047607422,165.1288299560547,19639212
2011-11-25,160.8588104248047,170.0262908935547,177.89193725585938,167.75070190429688,167.75070190429688,20140276
2011-11-28,170.21920776367188,179.92018127441406,181.0084991455078,172.00506591796875,172.64817810058594,15485331
2011-11-29,166.1006317138672,175.56686401367188,179.87071228027344,173.83543395996094,178.9307861328125,13421718
2011-11-30,161.74801635742188,170.96621704101562,174.52801513671875,167.75070190429688,172.64817810058594,15219712
2011-12-01,171.295654296875,181.05796813964844,183.4819793701172,178.98025512695312,179.07919311523438,16657469
2011-12-02,179.62644958496094,189.863525390625,190.70449829101562,179.8212432861328,180.06858825683594,15915130
2011-12-05,179.34561157226562,189.56671142578125,192.5348663330078,187.19216918945312,188.8246612548828,11551076
2011-12-07,179.1584014892578,189.36883544921875,193.67266845703125,187.9836883544922,188.9730682373047,12558395
2011-12-08,176.49069213867188,186.549072265625,189.4677734375,183.8777313232422,188.2310333251953,12275776
2011-12-09,171.295654296875,181.05796813964844,183.7293243408203,178.18875122070312,181.75054931640625,15030855
2011-12-12,166.00698852539062,175.46792602539062,185.80703735351562,174.33013916015625,185.0649871826172,14557815
2011-12-13,167.4578857421875,177.00148010253906,180.4148712158203,172.4008331298828,172.64817810058594,14435173
2011-12-14,165.77301025390625,175.2205810546875,179.7717742919922,174.33013916015625,174.97323608398438,14651520
2011-12-15,161.60760498046875,170.81781005859375,174.13226318359375,165.7224578857422,173.1428680419922,18271794
2011-12-16,161.37362670898438,170.57046508789062,177.84246826171875,168.4927520751953,173.5386199951172,16090287
2011-12-19,168.30032348632812,177.89193725585938,178.38662719726562,167.45388793945312,170.17471313476562,20733578
2011-12-20,163.71372985839844,173.04393005371094,178.83184814453125,172.00506591796875,178.08981323242188,14724475
2011-12-21,165.67941284179688,175.12164306640625,179.9696502685547,172.84605407714844,177.84246826171875,21303228
2011-12-22,171.8572998046875,181.651611328125,182.49258422851562,171.65878295898438,173.1428680419922,12456091
2011-12-23,173.12094116210938,182.98727416992188,185.36181640625,180.7611541748047,182.93780517578125,10706784
2011-12-26,174.80580139160156,184.76817321777344,186.64801025390625,183.13568115234375,184.02613830566406,7173974
2011-12-27,170.45321655273438,180.1675262451172,184.42189025878906,178.9307861328125,184.02613830566406,6266197
2011-12-28,168.6747283935547,178.28768920898438,181.55267333984375,176.95201110839844,179.07919311523438,8871334
2011-12-29,167.69187927246094,177.2488250732422,180.5632781982422,176.20997619628906,176.5067901611328,10089218
2011-12-30,167.2706756591797,176.80360412597656,181.8494873046875,174.92376708984375,178.58450317382812,9387655
2012-01-02,172.18490600585938,181.99789428710938,183.08621215820312,176.9025421142578,179.02972412109375,10175802
2012-01-03,181.5453338623047,191.8917694091797,192.7327423095703,184.22401428222656,184.2734832763672,15868503
2012-01-04,188.3316192626953,199.06483459472656,200.3510284423828,190.95184326171875,191.79283142089844,22752471
2012-01-05,189.17404174804688,199.9552764892578,203.56654357910156,198.075439453125,198.81748962402344,21640778
2012-01-06,190.57809448242188,201.43936157226562,202.8245086669922,196.3934783935547,197.8775634765625,13553191
2012-01-09,187.76998901367188,198.47119140625,200.5489044189453,196.09666442871094,199.7079315185547,11603434
2012-01-10,191.982177734375,202.92344665527344,204.2591094970703,198.86695861816406,198.86695861816406,11914873
2012-01-11,191.7949676513672,202.72557067871094,205.10009765625,199.60899353027344,204.0117645263672,15624783
2012-01-12,193.01182556152344,204.0117645263672,207.27674865722656,200.40049743652344,200.84573364257812,12188062
2012-01-13,195.44552612304688,206.5841827392578,210.93748474121094,204.30857849121094,207.9198455810547,19211059
2012-01-16,200.07894897460938,211.4816436767578,212.3226318359375,201.78564453125,203.8138885498047,21707417
2012-01-17,203.4954833984375,215.09291076660156,219.0504608154297,213.85617065429688,215.68653869628906,24063235
2012-01-18,200.1725311279297,211.58058166503906,217.6158447265625,210.39332580566406,215.04344177246094,24532641
2012-01-19,204.4783477783203,216.13177490234375,217.9126739501953,214.10353088378906,214.69715881347656,14566560
2012-01-20,205.08676147460938,216.77487182617188,218.95152282714844,213.31201171875,217.56637573242188,10653576
2012-01-23,205.08676147460938,216.77487182617188,220.88082885742188,215.29078674316406,218.55577087402344,9225387
2012-01-24,207.75450134277344,219.59463500976562,222.11756896972656,214.2024688720703,218.6547088623047,13943106
2012-01-25,216.17884826660156,228.49911499023438,231.863037109375,220.336669921875,220.63348388671875,22641750
2012-01-27,224.50962829589844,237.30467224121094,238.83822631835938,230.13160705566406,232.11038208007812,26387260
2012-01-30,218.940185546875,231.41781616210938,236.1668701171875,228.9443359375,235.67218017578125,17473960
2012-01-31,228.1602020263672,241.1632843017578,242.94418334960938,232.60507202148438,232.60507202148438,13113944
2012-02-01,232.5127716064453,245.76393127441406,249.1278533935547,240.81700134277344,241.26222229003906,20475253
2012-02-02,230.6875,243.83462524414062,250.018310546875,242.35055541992188,249.82041931152344,17569303
2012-02-03,231.81076049804688,245.0218963623047,247.34695434570312,238.09617614746094,244.6261444091797,14121308
2012-02-06,235.64852905273438,249.07838439941406,250.31512451171875,243.04312133789062,247.84164428710938,11866463
2012-02-07,234.3380584716797,247.6932373046875,252.0465545654297,245.4671173095703,252.0465545654297,12778968
2012-02-08,234.57208251953125,247.94058227539062,250.71087646484375,242.94418334960938,249.22679138183594,10246037
2012-02-09,240.84356689453125,254.56948852539062,256.10302734375,245.96180725097656,246.55545043945312,16813705
2012-02-10,240.89035034179688,254.61895751953125,259.12066650390625,252.78858947753906,253.97586059570312,15829072
2012-02-13,241.77960205078125,255.55886840820312,258.0323486328125,251.05715942382812,254.56948852539062,10942166
2012-02-14,250.8124237060547,265.1064758300781,269.8060607910156,256.20196533203125,256.6966857910156,21793874
2012-02-15,269.43963623046875,284.7952880859375,289.59381103515625,275.0498046875,275.7424011230469,37216737
2012-02-16,258.25396728515625,272.97210693359375,281.282958984375,271.3890686035156,279.99676513671875,22926916
2012-02-17,256.42864990234375,271.04278564453125,280.491455078125,268.27252197265625,278.4137268066406,17046866
2012-02-21,253.9481201171875,268.4209289550781,273.071044921875,266.6894836425781,272.279541015625,18509808
2012-02-22,251.28042602539062,265.6011657714844,273.071044921875,263.0782165527344,269.1134948730469,19514897
2012-02-23,251.28042602539062,265.6011657714844,270.84490966796875,262.8803405761719,265.15594482421875,17424076
2012-02-24,248.47230529785156,262.63299560546875,268.86614990234375,260.4068603515625,267.13470458984375,9397628
2012-02-27,243.32408142089844,257.1913757324219,265.0570068359375,252.6401824951172,265.0570068359375,13464090
2012-02-28,255.8670196533203,270.44915771484375,272.5268859863281,259.2196044921875,259.6648254394531,14977178
2012-02-29,253.6205596923828,268.07464599609375,275.8413391113281,264.46337890625,273.071044921875,13142282
2012-03-01,250.11041259765625,264.36444091796875,270.9933166503906,262.5835266113281,267.0357666015625,10340977
2012-03-02,250.53160095214844,264.8096618652344,269.1134948730469,261.84149169921875,266.6400146484375,11080128
2012-03-05,256.6158447265625,271.24066162109375,272.67529296875,263.42449951171875,264.1665344238281,13871949
2012-03-06,249.92315673828125,264.1665344238281,276.0392150878906,261.1983947753906,271.1911926269531,11683494
2012-03-07,250.8124237060547,265.1064758300781,266.93682861328125,259.6153564453125,262.1877746582031,8605146
2012-03-09,262.70013427734375,277.67169189453125,278.9578857421875,269.36083984375,269.36083984375,12104133
2012-03-12,266.0231018066406,281.18402099609375,283.8553771972656,274.1098937988281,279.99676513671875,12373643
2012-03-13,264.8998718261719,279.99676513671875,284.5479431152344,279.3536376953125,283.1133117675781,9553515
2012-03-14,271.4521179199219,286.9224548339844,288.9012451171875,282.8164978027344,283.4596252441406,10136227
2012-03-15,271.8733825683594,287.3677062988281,291.0284423828125,281.6787109375,286.87298583984375,9871044
2012-03-16,268.3631896972656,283.6575012207031,294.6891784667969,279.6504821777344,285.4383850097656,16463280
2012-03-19,265.321044921875,280.4419860839844,289.39593505859375,278.3642578125,284.49847412109375,9453260
2012-03-20,254.04173278808594,268.5198669433594,282.9154357910156,266.7884216308594,280.6893310546875,18382920
2012-03-21,258.4411315917969,273.16998291015625,274.5056457519531,261.2973327636719,268.965087890625,23277086
2012-03-22,252.8249053955078,267.233642578125,279.40313720703125,265.15594482421875,271.43853759765625,14674460
2012-03-23,255.25860595703125,269.8060607910156,272.67529296875,264.8096618652344,269.1134948730469,12244453
2012-03-26,251.23365783691406,265.55169677734375,269.8060607910156,263.4739685058594,269.8060607910156,10809962
2012-03-27,255.3522186279297,269.9049987792969,272.57635498046875,262.9792785644531,270.0039367675781,11072644
2012-03-28,253.80776977539062,268.27252197265625,269.756591796875,265.650634765625,269.0145568847656,7597363
2012-03-29,254.5565948486328,269.06402587890625,271.0922546386719,264.36444091796875,265.9969177246094,9912451
2012-03-30,257.6455078125,272.3290100097656,273.6646728515625,270.0039367675781,272.0816650390625,6411121
2012-04-02,259.0964050292969,273.862548828125,277.0285949707031,272.77423095703125,276.9296569824219,8010959
2012-04-03,263.2617492675781,278.26531982421875,279.0073547363281,272.37847900390625,275.54449462890625,8305886
2012-04-04,260.73443603515625,275.5939636230469,278.8094787597656,274.35723876953125,277.0285949707031,4834356
2012-04-09,257.97314453125,272.67529296875,275.89080810546875,270.7954406738281,274.0604248046875,3980653
2012-04-10,265.60186767578125,280.7388000488281,281.6787109375,272.57635498046875,273.16998291015625,8246056
2012-04-11,264.9466552734375,280.0462341308594,283.41015625,277.7211608886719,278.1663818359375,9951166
2012-04-12,267.8951416015625,283.16278076171875,284.6468811035156,280.98614501953125,282.2228698730469,5723171
2012-04-13,270.7969055175781,286.2298889160156,291.4736633300781,283.9543151855469,284.9436950683594,7798081
2012-04-16,281.4678039550781,297.5089111328125,298.6961975097656,283.805908203125,286.67510986328125,12367613
2012-04-17,282.076171875,298.1520080566406,301.71380615234375,293.50189208984375,300.7738952636719,14091462
2012-04-18,289.9389343261719,306.462890625,307.94696044921875,299.7845153808594,300.2792053222656,17069529
2012-04-19,298.83135986328125,315.862060546875,316.9009094238281,306.3144836425781,308.0458984375,15746331
2012-04-20,296.3976745605469,313.2896423339844,317.34613037109375,309.1836853027344,314.3285217285156,9064027
2012-04-23,289.9389343261719,306.462890625,316.5051574707031,305.3745422363281,313.1412353515625,7917321
2012-04-24,291.9046325683594,308.54058837890625,310.9151306152344,305.7702941894531,306.2155456542969,6222982
2012-04-25,293.870361328125,310.6183166503906,312.1023864746094,305.9681701660156,309.52996826171875,8708476
2012-04-26,292.1386413574219,308.7879333496094,312.547607421875,307.0565185546875,312.547607421875,6841205
2012-04-27,292.6534423828125,309.33209228515625,310.3709716796875,304.43463134765625,309.4804992675781,5664196
2012-04-30,296.3040466308594,313.1907043457031,314.1306457519531,306.6607666015625,306.7102355957031,4698115
2012-05-02,285.0247497558594,301.2685852050781,309.62890625,300.4276123046875,309.62890625,10281065
2012-05-03,281.7017822265625,297.7562561035156,301.7632751464844,296.22271728515625,300.92230224609375,10155565
2012-05-04,282.4974060058594,298.5972595214844,300.4770812988281,292.1662292480469,295.332275390625,11727629
2012-05-07,288.67529296875,305.127197265625,306.7102355957031,288.4560241699219,294.7386474609375,13212481
2012-05-08,277.4427795410156,293.2545471191406,306.2650146484375,291.8694152832031,304.7314453125,10848195
2012-05-09,274.119873046875,289.7422180175781,294.1449890136719,286.3288269042969,288.8517761230469,11324380
2012-05-10,270.70330810546875,286.1309509277344,293.99658203125,284.0532531738281,290.92950439453125,6723272
2012-05-11,278.4724426269531,294.3428649902344,298.6961975097656,284.9931640625,284.9931640625,8032875
2012-05-14,272.0137939453125,287.51611328125,297.4594421386719,282.6186218261719,295.82696533203125,7124356
2012-05-15,271.7797546386719,287.2687683105469,289.39593505859375,281.6292419433594,284.9436950683594,9218412
2012-05-16,251.7952117919922,266.14532470703125,274.1098937988281,264.9085998535156,273.96148681640625,23292626
2012-05-17,253.80776977539062,268.27252197265625,272.97210693359375,260.85211181640625,265.74957275390625,13815822
2012-05-18,243.2772979736328,257.14190673828125,263.8697204589844,253.2832794189453,262.1877746582031,12727154
2012-05-21,245.10255432128906,259.0711975097656,261.44573974609375,255.36099243164062,257.438720703125,7933464
2012-05-22,248.1446990966797,262.2867126464844,266.7884216308594,260.6047668457031,264.0675964355469,8598735
2012-05-23,244.72813415527344,258.6754455566406,262.63299560546875,256.74615478515625,259.31854248046875,7857292
2012-05-24,249.92315673828125,264.1665344238281,265.2054138183594,254.17373657226562,260.0111083984375,8885965
2012-05-25,251.842041015625,266.1947937011719,268.9156188964844,259.5658874511719,262.9298095703125,5253962
2012-05-28,258.9091796875,273.6646728515625,274.7035217285156,265.2054138183594,267.8272705078125,8186826
2012-05-29,258.1135559082031,272.8236999511719,280.095703125,270.15234375,277.9190368652344,12691931
2012-05-30,227.50497436523438,240.47071838378906,257.04296875,238.98663330078125,256.2514343261719,40931062
2012-05-31,218.09774780273438,230.52735900878906,236.5626220703125,227.85601806640625,235.3753662109375,37837266
2012-06-01,210.18820190429688,222.1670379638672,233.4955291748047,220.18826293945312,232.50613403320312,24109675
2012-06-04,214.2131805419922,226.42140197753906,227.9549560546875,214.9445037841797,218.01161193847656,18637993
2012-06-05,207.4736785888672,219.2978057861328,226.9160919189453,218.7041778564453,225.77830505371094,15562153
2012-06-06,219.408203125,231.91250610351562,233.8912811279297,220.78189086914062,220.78189086914062,27016727
2012-06-07,221.32708740234375,233.9407501220703,236.36474609375,229.5874481201172,233.05030822753906,13735046
2012-06-08,223.90118408203125,236.6615753173828,237.4036102294922,230.4284210205078,231.51675415039062,10482024
2012-06-11,220.4378662109375,233.00083923339844,241.3611602783203,231.12100219726562,238.4424591064453,9973988
2012-06-12,227.41134643554688,240.37176513671875,241.21275329589844,230.08213806152344,230.2305450439453,13088053
2012-06-13,222.21636962890625,234.88067626953125,241.41062927246094,233.7428741455078,241.41062927246094,9961504
2012-06-14,212.20066833496094,224.29421997070312,236.90892028808594,223.2058868408203,235.47430419921875,12796631
2012-06-15,224.9308624267578,237.74989318847656,238.8876953125,225.6793670654297,225.6793670654297,16572219
2012-06-18,222.7311553955078,235.42483520507812,245.36817932128906,231.76409912109375,240.42123413085938,18359404
2012-06-19,222.9183807373047,235.62271118164062,240.02548217773438,233.7428741455078,236.46368408203125,10551632
2012-06-20,230.21949768066406,243.33993530273438,244.77455139160156,237.4530792236328,238.4424591064453,13310576
2012-06-21,232.32557678222656,245.56605529785156,247.14907836914062,240.074951171875,242.35055541992188,11344719
2012-06-22,231.29592895507812,244.4777374267578,248.5342254638672,239.72866821289062,242.25160217285156,12999744
2012-06-25,230.45350646972656,243.5872802734375,249.22679138183594,242.4000244140625,245.76393127441406,11474845
2012-06-26,230.92152404785156,244.08197021484375,246.15969848632812,241.5095672607422,242.89471435546875,4864293
2012-06-27,223.90118408203125,236.6615753173828,246.5059814453125,235.72164916992188,245.36817932128906,9351574
2012-06-28,224.97764587402344,237.7993621826172,239.43185424804688,230.28001403808594,236.26580810546875,14884028
2012-06-29,226.94332885742188,239.8770751953125,243.63674926757812,237.94776916503906,240.42123413085938,13286035
2012-07-02,222.7311553955078,235.42483520507812,239.8770751953125,235.02908325195312,237.2057342529297,9325132
2012-07-03,222.3567657470703,235.02908325195312,238.83822631835938,232.60507202148438,237.7993621826172,9242399
2012-07-04,221.0930938720703,233.6934051513672,238.6898193359375,233.05030822753906,235.62271118164062,10654075
2012-07-05,224.65005493164062,237.4530792236328,238.09617614746094,232.0609130859375,233.6934051513672,11523077
2012-07-06,225.2584686279297,238.09617614746094,241.1138153076172,234.88067626953125,238.4424591064453,12442040
2012-07-09,225.44566345214844,238.29405212402344,240.7180633544922,235.67218017578125,235.67218017578125,10330684
2012-07-10,230.73431396484375,243.88409423828125,245.76393127441406,239.283447265625,239.8770751953125,12579287
2012-07-11,226.00729370117188,238.8876953125,243.68621826171875,237.2552032470703,241.7074432373047,8793244
2012-07-12,221.65472412109375,234.2870330810547,238.2445831298828,233.2976531982422,237.94776916503906,9513820
2012-07-13,220.8590850830078,233.44606018066406,235.968994140625,231.76409912109375,233.4955291748047,8303185
2012-07-16,214.58758544921875,226.81715393066406,235.7711181640625,226.17405700683594,234.9796142578125,8741929
2012-07-17,211.45184326171875,223.50271606445312,229.88426208496094,222.85960388183594,229.4390411376953,12015166
2012-07-18,211.1659698486328,219.2483367919922,221.52394104003906,216.08230590820312,221.37551879882812,11897419
2012-07-19,214.21531677246094,222.4143829345703,224.09634399414062,221.42498779296875,222.11756896972656,6677436
2012-07-20,212.8812255859375,221.02923583984375,223.05747985839844,219.69357299804688,221.6228790283203,3940979
2012-07-23,205.87728881835938,213.75723266601562,218.6547088623047,212.7183837890625,218.55577087402344,5761220
2012-07-24,205.68670654296875,213.55935668945312,215.48866271972656,211.0858917236328,214.2024688720703,7368372
2012-07-25,202.9709014892578,210.73960876464844,212.916259765625,208.85977172851562,211.4321746826172,6799635
2012-07-26,195.44287109375,202.92344665527344,211.0364227294922,200.89520263671875,209.84915161132812,14572162
2012-07-27,202.82797241210938,210.59120178222656,213.1141357421875,206.9799346923828,208.26614379882812,11852257
2012-07-30,211.26126098632812,219.34727478027344,220.43560791015625,213.06466674804688,214.10353088378906,9094027
2012-07-31,215.59701538085938,223.8489990234375,224.59103393554688,214.84556579589844,219.64410400390625,11297966
2012-08-01,216.64523315429688,224.93731689453125,227.26239013671875,220.83135986328125,222.1670379638672,10425962
2012-08-02,212.2141571044922,220.336669921875,224.59103393554688,219.2483367919922,223.70059204101562,5808700
2012-08-03,210.5465850830078,218.60523986816406,219.64410400390625,213.85617065429688,218.6547088623047,7327872
2012-08-06,218.2651824951172,226.61927795410156,227.50973510742188,223.70059204101562,224.09634399414062,7596745
2012-08-07,227.5561065673828,236.26580810546875,236.95838928222656,228.64752197265625,228.89486694335938,12277598
2012-08-08,230.1289825439453,238.93716430664062,243.1915283203125,237.15626525878906,237.6014862060547,15104047
2012-08-09,228.0325927734375,236.76051330566406,243.389404296875,229.1916961669922,239.82760620117188,29687040
2012-08-10,221.0286407470703,229.48851013183594,234.38597106933594,228.30123901367188,233.79234313964844,11210638
2012-08-13,217.50286865234375,225.82777404785156,229.04327392578125,221.3260498046875,228.64752197265625,9158452
2012-08-14,223.9350128173828,232.50613403320312,233.39659118652344,225.08572387695312,225.08572387695312,8542236
2012-08-16,224.3638458251953,232.9513702392578,237.2057342529297,229.73585510253906,232.55560302734375,12083860
2012-08-17,228.8901824951172,237.6509552001953,240.7180633544922,234.03968811035156,234.18809509277344,12816446
2012-08-21,234.60768127441406,243.5872802734375,244.6261444091797,238.54139709472656,238.54139709472656,9961580
2012-08-22,236.418212890625,245.4671173095703,247.24801635742188,241.41062927246094,242.05372619628906,8780180
2012-08-23,233.7500762939453,242.69683837890625,245.6649932861328,241.01487731933594,244.8734893798828,10646487
2012-08-24,234.46475219726562,243.43887329101562,245.8134002685547,238.83822631835938,240.42123413085938,8630281
2012-08-27,229.7001495361328,238.49192810058594,244.08197021484375,237.6509552001953,243.29046630859375,6697001
2012-08-28,226.12673950195312,234.78173828125,237.8488311767578,232.654541015625,236.8594512939453,7092818
2012-08-29,222.41038513183594,230.92311096191406,234.4849090576172,229.6369171142578,234.4849090576172,6451372
2012-08-30,225.60263061523438,234.23756408691406,236.6615753173828,227.361328125,228.69699096679688,8955071
2012-08-31,223.2679901123047,231.81356811523438,235.67218017578125,228.20230102539062,234.0891571044922,6881868
2012-09-03,220.028076171875,228.44964599609375,236.8594512939453,226.22352600097656,233.6934051513672,8998041
2012-09-04,223.79209899902344,232.35772705078125,233.00083923339844,227.70761108398438,228.3507080078125,6006269
2012-09-05,217.93167114257812,226.2729949951172,232.70401000976562,225.18466186523438,229.93373107910156,6181538
2012-09-06,222.0768585205078,230.5768280029297,232.30825805664062,222.66172790527344,224.39315795898438,9322795
2012-09-07,231.84423828125,240.7180633544922,241.5590362548828,236.01846313476562,236.95838928222656,13411363
2012-09-10,237.18055725097656,246.25863647460938,247.19854736328125,240.02548217773438,242.597900390625,8956200
2012-09-11,238.03817749023438,247.14907836914062,248.23741149902344,243.09259033203125,243.389404296875,8887159
2012-09-12,250.85487365722656,260.45635986328125,261.4952087402344,248.28688049316406,248.3363494873047,14929009
2012-09-13,247.18618774414062,256.647216796875,261.64361572265625,254.86630249023438,261.5941467285156,8498861
2012-09-14,257.57293701171875,267.4315185546875,269.1134948730469,260.30792236328125,262.1877746582031,14965006
2012-09-17,264.7674255371094,274.9013977050781,286.2298889160156,271.7848205566406,273.36785888671875,22424239
2012-09-18,260.6222839355469,270.5975646972656,275.4950256347656,269.65765380859375,272.37847900390625,11982766
2012-09-20,258.81170654296875,268.7177429199219,275.4950256347656,264.9085998535156,266.14532470703125,12655817
2012-09-21,262.48046875,272.5268859863281,274.25830078125,268.0251770019531,269.6081848144531,14142394
2012-09-24,260.8128356933594,270.7954406738281,276.9296569824219,269.4103088378906,271.8837890625,11404905
2012-09-25,256.2388000488281,266.04638671875,272.97210693359375,263.6718444824219,271.2901306152344,6942239
2012-09-26,250.7119598388672,260.30792236328125,265.6011657714844,259.6153564453125,263.8697204589844,6749862
2012-09-27,247.56735229492188,257.04296875,264.36444091796875,255.85569763183594,261.44573974609375,10587573
2012-09-28,254.952392578125,264.7107238769531,269.1134948730469,260.3573913574219,261.3962707519531,11663992
2012-10-01,261.7657470703125,271.7848205566406,273.2689208984375,265.15594482421875,265.15594482421875,9521185
2012-10-03,260.6222839355469,270.5975646972656,273.071044921875,267.33258056640625,272.0816650390625,9234921
2012-10-04,261.3845520019531,271.3890686035156,276.0392150878906,270.25128173828125,272.3290100097656,7662621
2012-10-05,267.3403015136719,277.57275390625,279.5020751953125,217.12115478515625,273.56573486328125,17278699
2012-10-08,259.6217346191406,269.5587158203125,280.6893310546875,268.1241149902344,278.46319580078125,7672267
2012-10-09,257.00115966796875,266.837890625,275.2971496582031,263.2760925292969,272.279541015625,7948882
2012-10-10,254.85714721679688,264.6117858886719,270.1028747558594,263.7707824707031,264.2655029296875,7446704
2012-10-11,260.90814208984375,270.8943786621094,271.98272705078125,262.3856506347656,265.8485107421875,7936504
2012-10-12,258.47821044921875,268.3714599609375,271.43853759765625,267.0357666015625,270.8943786621094,7601135
2012-10-15,256.71533203125,266.54107666015625,268.3714599609375,263.3750305175781,267.7778015136719,4803032
2012-10-16,249.9495849609375,259.51641845703125,263.127685546875,258.4281005859375,262.1877746582031,9626107
2012-10-17,252.4271697998047,262.0888366699219,264.859130859375,258.230224609375,262.1877746582031,7653892
2012-10-18,257.5252380371094,267.3820495605469,268.9156188964844,263.1771545410156,263.1771545410156,6699061
2012-10-19,256.3341064453125,266.14532470703125,270.4986267089844,263.7213134765625,267.13470458984375,3971067
2012-10-22,254.4759521484375,264.21600341796875,265.8485107421875,261.7920227050781,264.6612548828125,4518858
2012-10-23,252.14132690429688,261.7920227050781,264.3149719238281,260.30792236328125,263.1771545410156,3154106
2012-10-25,248.9490509033203,258.4775695800781,262.73193359375,257.4881896972656,261.7920227050781,7612764
2012-10-29,244.6609344482422,254.02532958984375,261.544677734375,251.50238037109375,259.31854248046875,4740882
2012-10-30,235.98941040039062,245.0218963623047,255.01470947265625,242.4000244140625,254.42108154296875,9663502
2012-10-31,242.755126953125,252.0465545654297,252.59071350097656,245.12083435058594,245.36817932128906,9220851
2012-11-01,254.85714721679688,264.6117858886719,266.6894836425781,254.27267456054688,254.27267456054688,10581994
2012-11-02,257.3346862792969,267.1841735839844,269.1134948730469,262.2867126464844,269.1134948730469,11189638
2012-11-05,257.0964660644531,266.93682861328125,271.7848205566406,263.7213134765625,267.13470458984375,7893034
2012-11-06,254.3806610107422,264.1170654296875,269.5587158203125,262.2867126464844,266.14532470703125,9670450
2012-11-07,256.66766357421875,266.4916076660156,270.44915771484375,263.7213134765625,263.9686584472656,9780477
2012-11-08,270.5802307128906,280.9366760253906,282.47021484375,262.4845886230469,264.6612548828125,24674466
2012-11-09,267.387939453125,277.6222229003906,281.57977294921875,276.1381530761719,280.98614501953125,7264686
2012-11-12,267.5308837890625,277.7706298828125,280.88720703125,275.14874267578125,275.98974609375,7007130
2012-11-15,259.43115234375,269.36083984375,271.8837890625,266.93682861328125,270.1028747558594,13209072
2012-11-16,252.5224609375,262.1877746582031,271.3890686035156,260.208984375,270.1028747558594,7400661
2012-11-19,251.66485595703125,261.2973327636719,264.3149719238281,259.2196044921875,262.43511962890625,6687932
2012-11-20,253.57069396972656,263.2760925292969,267.4809875488281,258.92279052734375,265.2054138183594,6937720
2012-11-21,252.9989471435547,262.6824645996094,265.15594482421875,261.1983947753906,264.0675964355469,5341383
2012-11-22,246.5667724609375,256.00408935546875,265.55169677734375,254.66842651367188,261.44573974609375,7592394
2012-11-23,248.23435974121094,257.73553466796875,259.0711975097656,253.2832794189453,253.2832794189453,8584881
2012-11-26,250.80722045898438,260.4068603515625,264.36444091796875,258.9722595214844,259.2196044921875,7711505
2012-11-27,254.09478759765625,263.82025146484375,265.0570068359375,260.9510498046875,261.544677734375,8565140
2012-11-29,265.3392028808594,275.4950256347656,276.7317810058594,264.76019287109375,265.15594482421875,20224810
2012-11-30,260.57464599609375,270.548095703125,280.98614501953125,269.06402587890625,275.0498046875,71756552
2012-12-03,259.2882385253906,269.2124328613281,273.862548828125,268.2230529785156,270.1028747558594,9740016
2012-12-04,258.76409912109375,268.66827392578125,272.4774169921875,266.442138671875,270.3502197265625,6787421
2012-12-05,262.0039978027344,272.0321960449219,276.0392150878906,269.2124328613281,269.2124328613281,10690761
2012-12-06,267.6261901855469,277.86956787109375,278.9578857421875,270.94384765625,274.35723876953125,10675043
2012-12-07,268.6267395019531,278.9084167480469,284.4490051269531,276.08868408203125,278.3147888183594,12945998
2012-12-10,266.7685852050781,276.9791259765625,283.1133117675781,275.0498046875,280.3430480957031,9616075
2012-12-11,265.005615234375,275.14874267578125,279.8483581542969,270.3007507324219,278.1663818359375,9112658
2012-12-12,263.48101806640625,273.56573486328125,277.7706298828125,271.98272705078125,276.0392150878906,7716295
2012-12-13,274.34423828125,284.8447570800781,287.2687683105469,278.3642578125,279.2052307128906,19676825
2012-12-14,278.3464660644531,289.00018310546875,291.0779113769531,281.6292419433594,284.4490051269531,12382276
2012-12-17,280.20465087890625,290.92950439453125,292.6609191894531,288.01080322265625,289.79168701171875,8384957
2012-12-18,284.30224609375,295.1838684082031,297.2615661621094,290.8800048828125,293.6502990722656,14616479
2012-12-19,293.2596130371094,304.4841003417969,305.3250732421875,296.3216552734375,296.81634521484375,11758081
2012-12-20,290.5437927246094,301.6643371582031,305.918701171875,299.2898254394531,304.5335693359375,8167302
2012-12-21,285.3027648925781,296.22271728515625,299.93292236328125,294.4418029785156,297.3605041503906,5492708
2012-12-24,292.49725341796875,303.6925964355469,307.1059875488281,293.9471130371094,298.20147705078125,9931563
2012-12-26,291.68731689453125,302.85162353515625,305.1766662597656,300.52655029296875,302.1590270996094,4879983
2012-12-27,294.64129638671875,305.918701171875,310.66778564453125,301.71380615234375,303.7420654296875,13238093
2012-12-28,295.4512939453125,306.75970458984375,309.0847473144531,304.9293212890625,307.4028015136719,7661891
2012-12-31,297.9288330078125,309.33209228515625,310.46990966796875,306.2155456542969,306.2155456542969,3575899
2013-01-01,301.8358459472656,313.3885803222656,314.9221496582031,311.1624755859375,312.64654541015625,3980484
2013-01-02,303.0270080566406,314.6253356933594,317.5440368652344,312.8938903808594,315.1200256347656,6929285
2013-01-03,303.12225341796875,314.7242736816406,318.3355407714844,313.78436279296875,316.6040954589844,6165017
2013-01-04,300.5494079589844,312.05291748046875,315.1200256347656,309.87628173828125,315.1200256347656,8965650
2013-01-07,298.50067138671875,309.9257507324219,315.2189636230469,309.2826232910156,314.4274597167969,4943021
2013-01-08,299.3582763671875,310.8161926269531,312.9928283691406,309.8267822265625,310.66778564453125,7304340
2013-01-09,311.9367370605469,323.8760986328125,326.8442687988281,315.56524658203125,315.6147155761719,16678960
2013-01-10,317.98779296875,330.1587219238281,333.8194580078125,327.1410827636719,327.9820556640625,12753232
2013-01-11,314.8431701660156,326.89373779296875,332.58270263671875,323.3319396972656,331.2965087890625,7367759
2013-01-14,312.2702331542969,324.2223815917969,329.41668701171875,323.38140869140625,327.7347106933594,7210052
2013-01-15,315.93896484375,328.0315246582031,330.1092529296875,324.4202575683594,326.3990478515625,6790183
2013-01-16,304.98040771484375,316.653564453125,326.3990478515625,315.1200256347656,326.0032958984375,12745712
2013-01-17,313.4614562988281,325.4591369628906,327.7347106933594,320.66058349609375,320.66058349609375,10058966
2013-01-18,313.08026123046875,325.0633850097656,328.8725280761719,322.5404357910156,326.596923828125,5015295
2013-01-21,308.02978515625,319.8196105957031,326.49798583984375,318.8302307128906,325.6075439453125,3909899
2013-01-22,303.55108642578125,315.16949462890625,321.1058044433594,311.9539794921875,320.0174865722656,6102524
2013-01-23,298.3100280761719,309.72784423828125,315.3179016113281,306.8091735839844,313.63592529296875,7285144
2013-01-24,279.6329040527344,290.3358459472656,292.8587951660156,278.8094787597656,283.6575012207031,36895208
2013-01-25,286.8274841308594,297.80572509765625,301.6643371582031,287.07086181640625,291.7704772949219,15546885
2013-01-28,294.02191162109375,305.2756042480469,306.9081115722656,297.1626281738281,297.80572509765625,10711327
2013-01-29,289.9243469238281,301.021240234375,312.547607421875,299.7845153808594,302.752685546875,13434477
2013-01-30,285.1121520996094,296.02484130859375,300.7738952636719,294.9859924316406,299.8834533691406,8020234
2013-01-31,283.9687194824219,294.83758544921875,296.61846923828125,291.8694152832031,294.1944580078125,7071041
2013-02-01,268.3885192871094,278.66107177734375,297.31103515625,265.4032897949219,294.6396789550781,17259036
2013-02-04,278.2511901855469,288.9012451171875,293.7492370605469,286.3288269042969,289.9400939941406,11186459
2013-02-05,273.67718505859375,284.1521911621094,288.2581481933594,281.97552490234375,285.9330749511719,6279891
2013-02-06,272.7242431640625,283.16278076171875,287.1698303222656,281.0356140136719,286.7245788574219,6908199
2013-02-07,275.01129150390625,285.5373229980469,287.7139892578125,282.2723388671875,282.37127685546875,5762713
2013-02-08,271.9619445800781,282.37127685546875,292.0672912597656,281.6787109375,288.9012451171875,10002314
2013-02-11,277.2029724121094,287.81292724609375,289.19805908203125,285.4383850097656,286.9224548339844,5212706
2013-02-12,284.4927673339844,295.3817443847656,296.6679382324219,288.3570861816406,291.12738037109375,6687500
2013-02-13,290.3532409667969,301.4664611816406,308.6889953613281,299.8834533691406,305.7702941894531,9919800
2013-02-14,283.2063293457031,294.0460510253906,302.752685546875,291.6220703125,301.7632751464844,7547699
2013-02-15,290.1149597167969,301.2191162109375,302.65374755859375,284.9436950683594,284.9931640625,12615814
2013-02-18,291.4013977050781,302.5548095703125,304.9293212890625,298.39935302734375,301.4169921875,8381949
2013-02-19,292.30670166015625,303.4947204589844,305.22613525390625,300.0318603515625,302.2579650878906,5444056
2013-02-20,289.6385192871094,300.72442626953125,305.9681701660156,298.3004150390625,303.9894104003906,7103039
2013-02-21,283.5398864746094,294.392333984375,298.4983215332031,292.1662292480469,297.9046630859375,7695041
2013-02-22,279.1087951660156,289.79168701171875,294.392333984375,286.7740478515625,291.8199462890625,8354663
2013-02-25,285.0645446777344,295.9753723144531,298.0530700683594,291.9683532714844,293.6502990722656,5979261
2013-02-26,275.77362060546875,286.3288269042969,292.7598571777344,282.56915283203125,291.6715393066406,9178538
2013-02-27,272.7719421386719,283.2122497558594,287.7634582519531,278.5621337890625,286.971923828125,8834384
2013-02-28,274.0107421875,284.49847412109375,290.1379699707031,277.57275390625,290.1379699707031,14609922
2013-03-01,274.8206787109375,285.3394470214844,290.0885009765625,278.7105407714844,287.911865234375,15816820
2013-03-04,276.10711669921875,286.67510986328125,289.3464660644531,282.7175598144531,285.9330749511719,9775545
2013-03-05,286.3509521484375,297.31103515625,299.1908874511719,287.4666442871094,287.4666442871094,13305765
2013-03-06,294.8319396972656,306.1166076660156,308.14483642578125,299.438232421875,299.8834533691406,14142959
2013-03-07,291.4967346191406,302.65374755859375,304.83038330078125,299.33929443359375,303.7420654296875,9946359
2013-03-08,289.4955749511719,300.5760192871094,304.63250732421875,297.4594421386719,302.65374755859375,7530733
2013-03-11,287.35150146484375,298.3498840332031,303.64312744140625,296.915283203125,301.1696472167969,5816185
2013-03-12,290.3532409667969,301.4664611816406,304.6819763183594,298.3004150390625,303.04949951171875,7992772
2013-03-13,286.8274841308594,297.80572509765625,302.9010925292969,293.8481750488281,302.752685546875,9409055
2013-03-14,286.8274841308594,297.80572509765625,299.4877014160156,289.890625,295.82696533203125,8530551
2013-03-15,277.3935546875,288.01080322265625,298.0530700683594,286.9224548339844,297.7562561035156,9581779
2013-03-18,273.3436584472656,283.805908203125,286.9224548339844,282.074462890625,286.8235168457031,5963578
2013-03-19,268.3408508300781,278.6116027832031,286.87298583984375,275.3960876464844,285.0426330566406,9587224
2013-03-20,272.2001647949219,282.6186218261719,283.70697021484375,273.56573486328125,278.6116027832031,9664586
2013-03-21,260.717529296875,270.6965026855469,281.18402099609375,266.7884216308594,281.1345520019531,11868436
2013-03-22,257.62054443359375,267.4809875488281,275.34661865234375,262.2867126464844,271.98272705078125,12958381
2013-03-25,258.00177001953125,267.8767395019531,272.8731689453125,265.9969177246094,270.548095703125,8422537
2013-03-26,262.8139953613281,272.8731689453125,274.95086669921875,263.5234375,268.6188049316406,9475104
2013-03-28,256.47705078125,266.2937316894531,270.1028747558594,263.9686584472656,269.6081848144531,14679776
2013-04-01,252.9989471435547,262.6824645996094,264.6117858886719,259.31854248046875,264.1170654296875,5474334
2013-04-02,254.61892700195312,264.36444091796875,265.8979797363281,255.8062286376953,259.813232421875,10570395
2013-04-03,245.08973693847656,254.47055053710938,264.1665344238281,252.98646545410156,263.22662353515625,13154097
2013-04-04,245.5662078857422,254.96524047851562,260.65423583984375,251.74972534179688,253.33274841308594,9469654
2013-04-05,243.18394470214844,252.4917755126953,258.6259765625,249.1278533935547,254.81683349609375,8796642
2013-04-08,244.61328125,253.97586059570312,258.0323486328125,250.51300048828125,255.1136474609375,4790263
2013-04-09,250.4737091064453,260.0605773925781,262.73193359375,256.2514343261719,256.2514343261719,14757966
2013-04-10,255.38124084472656,265.15594482421875,266.14532470703125,254.96524047851562,261.1983947753906,7410152
2013-04-11,265.0533142089844,275.1982116699219,278.4137268066406,272.5268859863281,275.0498046875,14232233
2013-04-12,262.1946105957031,272.2300720214844,277.3748779296875,269.3113708496094,271.8343200683594,5438703
2013-04-15,256.3341064453125,266.14532470703125,269.4103088378906,261.2973327636719,267.53045654296875,7842745
2013-04-16,258.1923522949219,268.07464599609375,269.5587158203125,260.0111083984375,262.1877746582031,6584166
2013-04-17,258.43060302734375,268.3219909667969,272.1311340332031,266.04638671875,271.1417236328125,9809091
2013-04-18,269.15087890625,279.4526062011719,281.38189697265625,264.6612548828125,265.4527587890625,10865859
2013-04-22,271.81903076171875,282.2228698730469,284.49847412109375,278.760009765625,280.2441101074219,6589410
2013-04-23,268.24560546875,278.5126647949219,281.4808349609375,274.0604248046875,281.18402099609375,4353427
2013-04-25,279.4900207519531,290.18743896484375,292.90826416015625,281.7281799316406,282.47021484375,9855500
2013-04-26,282.34869384765625,293.1556091308594,294.83758544921875,287.120361328125,290.8800048828125,8141858
2013-04-29,282.2057800292969,293.0072021484375,295.5796203613281,288.9507141113281,291.52313232421875,5102563
2013-04-30,285.87451171875,296.81634521484375,297.80572509765625,288.01080322265625,293.0566711425781,8048396
2013-05-02,283.3492736816406,294.1944580078125,297.60784912109375,288.9507141113281,292.5619812011719,9283384
2013-05-03,272.15252685546875,282.56915283203125,291.226318359375,281.5303039550781,290.8305358886719,8493169
2013-05-06,277.3459167480469,287.9613342285156,290.2369079589844,279.8483581542969,281.97552490234375,7899580
2013-05-07,284.3498229980469,295.23333740234375,297.5089111328125,289.4454040527344,289.4454040527344,5538329
2013-05-08,286.11273193359375,297.0636901855469,302.5053405761719,295.43121337890625,296.7174072265625,6528547
2013-05-09,285.9698181152344,296.915283203125,300.52655029296875,291.9683532714844,297.80572509765625,5637191
2013-05-10,294.4983825683594,305.7702941894531,306.7102355957031,296.0743103027344,296.915283203125,7473050
2013-05-13,283.4445495605469,294.29339599609375,306.5123596191406,292.7598571777344,302.4064025878906,3826127
2013-05-14,286.16033935546875,297.1131591796875,300.62548828125,292.2651672363281,294.6396789550781,6771202
2013-05-15,294.30780029296875,305.5724182128906,308.6395263671875,298.8940734863281,299.2403564453125,8505170
2013-05-16,289.3526611328125,300.4276123046875,306.16607666015625,299.0919494628906,303.7420654296875,5241812
2013-05-17,289.0667724609375,300.13079833984375,305.127197265625,297.60784912109375,298.0530700683594,7050707
2013-05-20,287.8280029296875,298.8446044921875,312.84442138671875,296.81634521484375,302.35693359375,9370712
2013-05-21,279.1564636230469,289.8411560058594,299.8834533691406,288.9012451171875,298.3004150390625,7548763
2013-05-22,277.4411926269531,288.0602722167969,294.9859924316406,285.9330749511719,292.9577331542969,6000824
2013-05-23,277.3459167480469,287.9613342285156,290.4842529296875,282.2228698730469,284.2511291503906,8006116
2013-05-24,274.5347900390625,285.0426330566406,293.0072021484375,279.8483581542969,289.39593505859375,9198727
2013-05-27,280.63348388671875,291.3747253417969,292.7598571777344,282.1239318847656,283.5585632324219,5573830
2013-05-28,281.87225341796875,292.6609191894531,295.43121337890625,287.51611328125,290.8800048828125,7200695
2013-05-29,289.4955749511719,300.5760192871094,302.10955810546875,292.41357421875,295.82696533203125,10779034
2013-05-30,302.1217346191406,313.6854248046875,315.7136535644531,307.5017395019531,311.65716552734375,15049731
2013-05-31,298.5483093261719,309.9752197265625,316.1094055175781,308.7879333496094,312.8938903808594,6906041
2013-06-03,299.2629699707031,310.7172546386719,312.44866943359375,304.1378173828125,306.462890625,8077455
2013-06-04,291.68731689453125,302.85162353515625,314.4274597167969,299.73504638671875,306.7102355957031,7869007
2013-06-05,292.8307800292969,304.03887939453125,306.7102355957031,300.4770812988281,301.31805419921875,5727698
2013-06-06,292.2590026855469,303.44525146484375,306.4134216308594,300.7738952636719,300.7738952636719,5575044
2013-06-07,287.68499755859375,298.6961975097656,306.6112976074219,294.83758544921875,302.2579650878906,5902315
2013-06-10,282.1105041503906,292.90826416015625,300.5760192871094,289.2969970703125,298.3498840332031,6544044
2013-06-11,279.3470458984375,290.0390319824219,294.392333984375,285.68572998046875,293.2545471191406,9852423
2013-06-12,279.7281799316406,290.4347839355469,293.3534851074219,286.9224548339844,287.911865234375,6532087
2013-06-13,269.6273193359375,279.9472961425781,287.3182373046875,277.1275329589844,287.3182373046875,7930995
2013-06-14,282.8252258300781,293.6502990722656,295.23333740234375,284.3500671386719,285.9330749511719,7692355
2013-06-17,285.3503723144531,296.2721862792969,297.40997314453125,285.48785400390625,293.6502990722656,7282859
2013-06-18,283.5874938964844,294.4418029785156,296.3216552734375,289.890625,294.83758544921875,8346448
2013-06-19,278.3464660644531,289.00018310546875,292.6114501953125,287.6645202636719,291.8694152832031,4863850
2013-06-20,275.1542053222656,285.68572998046875,289.1485900878906,280.3430480957031,284.0532531738281,13570927
2013-06-21,273.53424072265625,284.0037841796875,286.180419921875,279.15576171875,281.97552490234375,8484907
2013-06-24,270.5326232910156,280.88720703125,284.597412109375,277.5232849121094,281.97552490234375,9803184
2013-06-25,268.19793701171875,278.46319580078125,281.7281799316406,269.2124328613281,280.2441101074219,12782945
2013-06-26,259.812255859375,269.756591796875,279.7494201660156,266.2937316894531,278.0179748535156,10490521
2013-06-27,257.57293701171875,267.4315185546875,274.5056457519531,260.30792236328125,271.63641357421875,21327052
2013-06-28,268.05499267578125,278.3147888183594,279.0073547363281,272.279541015625,272.279541015625,8200858
2013-07-01,276.1547546386719,286.7245788574219,287.9613342285156,274.0604248046875,275.0498046875,7853378
2013-07-02,272.9625549316406,283.41015625,285.1910400390625,279.0073547363281,283.9543151855469,6371655
2013-07-03,270.8184509277344,281.18402099609375,286.27935791015625,274.8024597167969,279.15576171875,10618339
2013-07-04,278.537109375,289.19805908203125,290.6326599121094,279.25469970703125,282.96490478515625,7101124
2013-07-05,282.2534484863281,293.0566711425781,295.1343994140625,289.98956298828125,292.8587951660156,6451932
2013-07-08,274.24896240234375,284.7458190917969,286.4277648925781,279.3041687011719,285.8341369628906,7421045
2013-07-09,275.48773193359375,286.0320129394531,287.3677062988281,281.6292419433594,285.4383850097656,7151284
2013-07-10,270.675537109375,281.0356140136719,285.4383850097656,277.8200988769531,284.6468811035156,9992393
2013-07-11,271.4855041503906,281.8765869140625,288.5054931640625,279.7494201660156,284.6468811035156,5973509
2013-07-12,278.7276306152344,289.39593505859375,291.1768493652344,282.074462890625,282.17340087890625,8685593
2013-07-15,274.8683166503906,285.388916015625,288.703369140625,283.0143737792969,287.7139892578125,5369818
2013-07-16,277.8223571777344,288.4560241699219,289.2475280761719,278.7105407714844,280.98614501953125,7012019
2013-07-17,271.81903076171875,282.2228698730469,287.9613342285156,279.3041687011719,287.5655822753906,5431074
2013-07-18,273.391357421875,283.8553771972656,285.0426330566406,277.7706298828125,281.57977294921875,5264223
2013-07-19,280.7764892578125,291.52313232421875,294.4418029785156,283.9543151855469,283.9543151855469,6314977
2013-07-22,283.82574462890625,294.6891784667969,297.60784912109375,290.18743896484375,290.8800048828125,5387381
2013-07-23,284.73101806640625,295.62908935546875,298.3004150390625,291.12738037109375,295.03546142578125,7396291
2013-07-24,283.3016357421875,294.1449890136719,297.7562561035156,291.5726013183594,294.83758544921875,4847043
2013-07-25,285.7792053222656,296.7174072265625,300.0318603515625,291.5726013183594,294.83758544921875,8189806
2013-07-26,276.2976989746094,286.87298583984375,298.4488220214844,284.2511291503906,297.80572509765625,4301036
2013-07-29,281.8246154785156,292.6114501953125,293.8481750488281,284.9436950683594,284.9436950683594,4637896
2013-07-30,273.33392333984375,281.8765869140625,294.49127197265625,279.3041687011719,292.809326171875,6450196
2013-07-31,278.7065734863281,287.41717529296875,289.39593505859375,275.0498046875,279.5020751953125,6140049
2013-08-01,277.2194519042969,285.88360595703125,290.58319091796875,281.18402099609375,288.40655517578125,4108886
2013-08-02,278.6585693359375,287.3677062988281,288.80230712890625,279.25469970703125,284.7458190917969,5585970
2013-08-05,273.19000244140625,281.7281799316406,298.7951354980469,276.2370910644531,287.1698303222656,6432230
2013-08-06,275.8763122558594,284.49847412109375,285.8341369628906,277.4243469238281,281.4313659667969,8021889
2013-08-07,267.5774841308594,275.9402770996094,283.70697021484375,268.9156188964844,281.0850830078125,19514500
2013-08-08,267.4815368652344,275.8413391113281,290.18743896484375,272.37847900390625,282.47021484375,16320666
2013-08-12,269.8800048828125,278.3147888183594,282.37127685546875,275.2971496582031,279.0073547363281,6924266
2013-08-13,279.0423583984375,287.7634582519531,290.8800048828125,273.1205139160156,277.9190368652344,12221945
2013-08-14,306.1455078125,315.7136535644531,320.9573974609375,295.03546142578125,295.0849304199219,22815260
2013-08-16,301.20458984375,310.6183166503906,319.968017578125,308.0458984375,314.1306457519531,15776944
2013-08-19,289.451904296875,298.4983215332031,305.4734802246094,294.2439270019531,303.93994140625,9729411
2013-08-20,276.26007080078125,284.89422607421875,295.23333740234375,282.56915283203125,293.8481750488281,11309909
2013-08-21,271.84686279296875,280.3430480957031,291.4736633300781,275.5939636230469,287.7139892578125,6701845
2013-08-22,280.0976867675781,288.8517761230469,291.7704772949219,280.98614501953125,280.98614501953125,10558499
2013-08-23,288.7322998046875,297.7562561035156,301.3675231933594,290.9789733886719,291.8694152832031,10360596
2013-08-26,285.998046875,294.9365234375,301.0707092285156,290.38531494140625,298.3004150390625,5473629
2013-08-27,278.2747802734375,286.971923828125,292.3641052246094,284.69635009765625,291.8694152832031,6685315
2013-08-28,285.8540954589844,294.7881164550781,296.3216552734375,283.26171875,286.971923828125,10516418
2013-08-29,293.57733154296875,302.752685546875,305.7208251953125,292.1662292480469,296.3216552734375,10606219
2013-08-30,287.101318359375,296.0743103027344,305.42401123046875,290.38531494140625,304.7809143066406,6446936
2013-09-02,287.5330505371094,296.51953125,298.7951354980469,288.9507141113281,292.8587951660156,6626720
2013-09-03,285.2784423828125,294.1944580078125,308.0458984375,292.51251220703125,298.7951354980469,8253806
2013-09-04,299.0458984375,308.3921813964844,310.4204406738281,297.0636901855469,299.1908874511719,7834512
2013-09-05,305.18609619140625,314.7242736816406,320.9079284667969,311.3108825683594,312.6960144042969,8818699
2013-09-06,304.8982849121094,314.4274597167969,316.6040954589844,308.8868713378906,314.9221496582031,5228061
2013-09-10,335.4072570800781,345.8899841308594,349.6001892089844,316.7030334472656,316.7030334472656,19224771
2013-09-11,326.6287536621094,336.83709716796875,346.82989501953125,332.6322021484375,344.8016662597656,9215459
2013-09-12,319.91290283203125,329.911376953125,338.3706359863281,326.0032958984375,338.2716979980469,6661518
2013-09-13,320.4885559082031,330.5050048828125,334.70989990234375,326.596923828125,328.47674560546875,5971621
2013-09-16,317.8981628417969,327.8336486816406,337.1833801269531,321.40264892578125,335.4024658203125,5795207
2013-09-17,321.4479675292969,331.494384765625,334.0668029785156,324.76654052734375,325.50860595703125,4927964
2013-09-18,323.1748962402344,333.2752990722656,337.3812561035156,329.41668701171875,337.3812561035156,6614676
2013-09-19,334.9755554199219,345.44476318359375,347.81927490234375,337.7770080566406,341.14093017578125,9417331
2013-09-20,324.6139831542969,334.7593688964844,351.0842590332031,328.8725280761719,341.2398681640625,11725374
2013-09-23,320.2966613769531,330.30712890625,337.7275390625,327.5863037109375,334.0668029785156,3980816
2013-09-24,323.4147033691406,333.52264404296875,338.61798095703125,330.60394287109375,330.9502258300781,8949693
2013-09-25,330.1305847167969,340.4483642578125,343.7627868652344,335.50140380859375,335.50140380859375,9778598
2013-09-26,329.6028747558594,339.9041748046875,343.6143798828125,337.3812561035156,338.6674499511719,4884351
2013-09-27,326.29296875,336.4908142089844,342.52606201171875,334.7593688964844,339.3600158691406,3361138
2013-09-30,319.00152587890625,328.9714660644531,335.89715576171875,326.49798583984375,334.51202392578125,3529492
2013-10-01,322.0235290527344,332.0880126953125,336.1939697265625,326.7947998046875,329.3672180175781,5084572
2013-10-03,331.9054870605469,342.2787170410156,344.65325927734375,330.5544738769531,332.1374816894531,8317379
2013-10-04,335.8390197753906,346.335205078125,360.9286804199219,340.74517822265625,341.33880615234375,12392631
2013-10-07,333.7762451171875,344.2080383300781,349.0560302734375,339.8547058105469,346.2857360839844,5579954
2013-10-08,336.3186950683594,346.82989501953125,355.58599853515625,346.0878601074219,348.46240234375,7376181
2013-10-09,339.8205261230469,350.441162109375,352.568359375,346.2857360839844,347.0772399902344,8902894
2013-10-10,356.5621032714844,367.70599365234375,369.88262939453125,348.36346435546875,350.2432861328125,12500036
2013-10-11,369.657958984375,381.21112060546875,385.4654846191406,364.6388854980469,371.02044677734375,18217505
2013-10-14,374.598876953125,386.3064880371094,389.126220703125,381.60687255859375,382.00262451171875,7250344
2013-10-15,373.0638122558594,384.72344970703125,388.82940673828125,378.2429504394531,386.7022399902344,8382534
2013-10-17,358.2410583496094,369.4374084472656,381.3595275878906,366.6671142578125,381.3595275878906,10044506
2013-10-18,364.2373046875,375.62109375,377.7482604980469,370.5257263183594,372.5539855957031,7006105
2013-10-21,364.6210632324219,376.016845703125,387.3453369140625,374.6317138671875,375.9673767089844,6983295
2013-10-22,364.5731201171875,375.9673767089844,381.01324462890625,372.1087646484375,376.3631286621094,5220688
2013-10-23,359.4403381347656,370.6741638183594,378.2924499511719,364.19366455078125,377.10516357421875,6433606
2013-10-24,363.90155029296875,375.2748107910156,380.61749267578125,370.4267883300781,373.09814453125,7415137
2013-10-25,360.9753112792969,372.2571716308594,375.3737487792969,368.6459045410156,374.0875244140625,2997007
2013-10-28,362.2705383300781,373.59283447265625,377.7482604980469,370.1299743652344,373.1476135253906,3457771
2013-10-29,366.1561279296875,377.599853515625,380.122802734375,371.02044677734375,373.6917724609375,5728430
2013-10-30,364.18939208984375,375.5716247558594,380.0733337402344,373.19708251953125,378.935546875,5382081
2013-10-31,365.6764221191406,377.10516357421875,382.2994689941406,375.1758728027344,375.9673767089844,9207354
2013-11-01,368.9863586425781,380.5185546875,384.8718566894531,379.1334228515625,379.9249267578125,4537774
2013-11-05,379.2519836425781,391.1050109863281,396.6950378417969,382.8930969238281,382.8930969238281,9161527
2013-11-06,375.174560546875,386.9001159667969,396.546630859375,385.86126708984375,393.0837707519531,6589128
2013-11-07,364.717041015625,376.11578369140625,390.7092590332031,373.3454895019531,386.751708984375,5746480
2013-11-08,368.5546569824219,380.0733337402344,386.85064697265625,367.31024169921875,374.7801208496094,12795552
2013-11-11,361.7908630371094,373.09814453125,381.9036865234375,370.5257263183594,375.9673767089844,10867678
2013-11-12,345.3850402832031,356.17962646484375,375.32427978515625,354.2997741699219,373.79071044921875,8371308
2013-11-13,351.3333435058594,362.3138122558594,365.5293273925781,358.15838623046875,358.15838623046875,7569112
2013-11-14,371.3368835449219,382.94256591796875,384.12982177734375,368.1512145996094,368.1512145996094,12412670
2013-11-18,376.3258056640625,388.0873718261719,389.8188171386719,377.99560546875,383.8824768066406,11666439
2013-11-19,375.46234130859375,387.1969299316406,391.55023193359375,382.9920349121094,390.8081970214844,4708349
2013-11-20,370.3294982910156,381.9036865234375,388.23577880859375,380.3206787109375,384.6739807128906,4937027
2013-11-21,367.59527587890625,379.0839538574219,382.3984069824219,377.30303955078125,379.331298828125,3671278
2013-11-22,358.9605712890625,370.179443359375,380.6669616699219,368.0522766113281,380.6669616699219,6255613
2013-11-25,370.4734802246094,382.0521240234375,382.9920349121094,373.19708251953125,373.19708251953125,3853065
2013-11-26,374.406982421875,386.1086120605469,387.24639892578125,375.0274658203125,383.53619384765625,5239356
2013-11-27,382.99365234375,394.963623046875,395.65618896484375,388.43365478515625,389.3240966796875,6778369
2013-11-28,381.7464599609375,393.67742919921875,400.75152587890625,390.4124450683594,398.8222351074219,9209776
2013-11-29,382.51397705078125,394.46893310546875,397.58551025390625,391.1050109863281,394.7657470703125,4868508
2013-12-02,383.66522216796875,395.65618896484375,399.56427001953125,391.8965148925781,393.7763671875,7712473
2013-12-03,382.8497314453125,394.8152160644531,399.4158630371094,391.0060729980469,396.7445068359375,7643867
2013-12-04,376.7095947265625,388.4831237792969,396.546630859375,386.45489501953125,393.0837707519531,4973951
2013-12-05,374.4549865722656,386.1580810546875,396.7445068359375,384.0803527832031,396.24981689453125,5074094
2013-12-06,375.0306396484375,386.751708984375,390.4124450683594,381.8542175292969,382.8930969238281,4703974
2013-12-09,377.47711181640625,389.2746276855469,398.3275451660156,385.3665466308594,398.2286071777344,7931898
2013-12-10,374.8387756347656,386.5538330078125,392.1933288574219,385.2181396484375,390.6103210449219,7677943
2013-12-11,362.4624328613281,373.79071044921875,382.645751953125,372.1087646484375,381.1121826171875,8412969
2013-12-12,345.8168029785156,356.6248474121094,370.1299743652344,355.1902160644531,370.1299743652344,15588961
2013-12-13,355.3148498535156,366.4197692871094,367.9533386230469,359.5435485839844,360.2361145019531,8694409
2013-12-16,353.1082763671875,364.1441955566406,367.1618347167969,361.967529296875,364.0947265625,4804778
2013-12-17,351.9569396972656,362.9569091796875,370.9709777832031,360.7802734375,367.7554626464844,7048915
2013-12-18,353.53997802734375,364.58941650390625,366.91448974609375,358.653076171875,363.1053466796875,8827030
2013-12-19,354.5473937988281,365.6282653808594,369.0416564941406,360.1866455078125,368.0522766113281,7497623
2013-12-20,358.5289001464844,369.7342224121094,372.5045166015625,363.40216064453125,363.40216064453125,5363939
2013-12-23,360.39971923828125,371.6635437011719,374.4338073730469,369.1405944824219,369.8331604003906,3263969
2013-12-24,357.5215148925781,368.69537353515625,372.00982666015625,367.5575866699219,371.7130126953125,2297787
2013-12-26,355.21893310546875,366.3208312988281,372.5539855957031,364.0947265625,369.0416564941406,5597813
2013-12-27,356.8019714355469,367.9533386230469,370.4267883300781,364.98516845703125,367.1618347167969,3337688
2013-12-30,359.5842590332031,370.82257080078125,374.0875244140625,368.3985595703125,370.179443359375,3732808
2013-12-31,361.1192932128906,372.40557861328125,374.0875244140625,370.1299743652344,370.1299743652344,4388182
2014-01-01,359.7281494140625,370.9709777832031,374.7801208496094,370.08050537109375,373.5433654785156,1364747
2014-01-02,357.2336730957031,368.3985595703125,372.20770263671875,365.281982421875,370.9709777832031,3015089
2014-01-03,347.9754638671875,358.8509521484375,364.0947265625,356.17962646484375,364.0947265625,5004049
2014-01-06,352.0528564453125,363.05584716796875,366.56817626953125,360.3350524902344,363.60003662109375,5490077
2014-01-07,350.27801513671875,361.2254943847656,366.073486328125,359.88983154296875,363.1053466796875,4020899
2014-01-08,355.21893310546875,366.3208312988281,367.6565246582031,360.68133544921875,361.2254943847656,5455728
2014-01-09,353.0122985839844,364.0452575683594,368.4480285644531,361.1265563964844,368.2501525878906,3603790
2014-01-10,352.1008605957031,363.1053466796875,366.6671142578125,361.6212463378906,366.073486328125,3100755
2014-01-13,360.8794250488281,372.1582336425781,375.4232177734375,367.804931640625,368.69537353515625,6706639
2014-01-14,356.70599365234375,367.8544006347656,371.51513671875,364.19366455078125,371.119384765625,3272370
2014-01-15,361.9827575683594,373.2960205078125,374.1369934082031,368.7448425292969,370.0310363769531,4846708
2014-01-16,354.7392272949219,365.8261413574219,374.9779968261719,362.9074401855469,374.9779968261719,7788351
2014-01-17,354.6912841796875,365.77667236328125,369.9320983886719,363.1548156738281,363.60003662109375,5000974
2014-01-20,359.68017578125,370.9215087890625,372.7518615722656,366.56817626953125,367.11236572265625,3246922
2014-01-21,369.1782531738281,380.7164306640625,383.6846008300781,368.2501525878906,371.02044677734375,5781491
2014-01-22,370.42547607421875,382.00262451171875,383.3877868652344,376.016845703125,377.4019775390625,5654756
2014-01-23,368.0269470214844,379.5291748046875,384.8718566894531,376.6599426269531,381.1616516113281,3790225
2014-01-24,355.3628234863281,366.46923828125,377.99560546875,364.88623046875,374.9779968261719,3620342
2014-01-27,334.1120910644531,344.5543212890625,359.14776611328125,341.8829650878906,359.14776611328125,9238425
2014-01-28,341.7873229980469,352.46942138671875,355.58599853515625,341.83349609375,341.83349609375,6612172
2014-01-29,337.469970703125,348.0171813964844,358.7025451660156,346.82989501953125,356.278564453125,3287502
2014-01-30,347.0639953613281,357.9110412597656,363.60003662109375,345.2963562011719,345.5931701660156,9116541
2014-01-31,335.3592834472656,345.84051513671875,354.5965881347656,343.31756591796875,354.5965881347656,6933187
2014-02-03,322.7431335449219,332.830078125,346.03839111328125,332.0385437011719,343.31756591796875,5637192
2014-02-04,331.8094787597656,342.1797790527344,343.020751953125,328.57568359375,328.57568359375,11461601
2014-02-05,340.6839599609375,351.33160400390625,354.6955261230469,335.9466247558594,339.3600158691406,9438000
2014-02-06,343.13043212890625,353.85455322265625,356.4269714355469,345.2963562011719,349.3033752441406,8085726
2014-02-07,345.5769348144531,356.37750244140625,359.14776611328125,352.3210144042969,356.17962646484375,5491087
2014-02-10,349.2706604003906,360.1866455078125,363.5010986328125,354.2008361816406,361.1265563964844,6579782
2014-02-11,359.2964172363281,370.5257263183594,378.63873291015625,366.7165832519531,377.0062255859375,15829803
2014-02-12,361.3591003417969,372.6529235839844,378.935546875,371.1688537597656,372.00982666015625,7803372
2014-02-13,360.68756103515625,371.9603576660156,379.3807678222656,370.7236328125,375.9673767089844,6825757
2014-02-14,373.015869140625,384.6739807128906,385.86126708984375,376.1652526855469,376.1652526855469,6760699
2014-02-17,370.90521240234375,382.4973449707031,391.25341796875,380.1722717285156,387.8894958496094,8642839
2014-02-18,375.51031494140625,387.24639892578125,390.066162109375,381.21112060546875,383.8330078125,6076398
2014-02-19,375.60626220703125,387.3453369140625,388.82940673828125,383.7835388183594,387.84002685546875,3946755
2014-02-20,375.9420471191406,387.6916198730469,390.8081970214844,385.2676086425781,387.3453369140625,6735367
2014-02-21,380.11541748046875,391.9954528808594,393.5784912109375,388.6809997558594,390.8081970214844,6397085
2014-02-24,380.4512634277344,392.34173583984375,396.5960998535156,390.0166931152344,392.83642578125,5249755
2014-02-25,382.32208251953125,394.27105712890625,395.45831298828125,389.3735656738281,394.7657470703125,3064479
2014-02-26,384.91241455078125,396.9423828125,398.278076171875,391.8470458984375,392.8858947753906,7317594
2014-02-28,400.0231018066406,412.5252685546875,413.7619934082031,400.0589599609375,405.6490173339844,12677990
2014-03-03,394.02679443359375,406.3415832519531,410.595947265625,403.9175720214844,410.595947265625,6684037
2014-03-04,396.137451171875,408.5182189941406,416.2354431152344,401.49359130859375,406.8857421875,5615889
2014-03-05,392.9714660644531,405.2532653808594,411.783203125,402.8292541503906,410.595947265625,4045134
2014-03-06,391.8681640625,404.1154479980469,407.9245910644531,400.1084289550781,407.1330871582031,5718053
2014-03-07,392.49169921875,404.758544921875,411.4369201660156,401.19677734375,404.1649169921875,6061674
2014-03-10,379.923583984375,391.7975769042969,402.3345642089844,389.2746276855469,400.1084289550781,5839956
2014-03-11,381.7944030761719,393.7268981933594,400.2073669433594,388.82940673828125,388.82940673828125,6113727
2014-03-12,373.0638122558594,384.72344970703125,393.7763671875,383.8824768066406,392.8858947753906,4526604
2014-03-13,372.2483215332031,383.8824768066406,392.440673828125,380.7658996582031,389.2746276855469,3899249
2014-03-14,377.28515625,389.0767517089844,390.5113830566406,378.935546875,378.935546875,3242784
2014-03-18,365.77239990234375,377.2041015625,393.13323974609375,376.4620666503906,389.8188171386719,6884223
2014-03-19,368.7464904785156,380.2712097167969,383.53619384765625,375.52215576171875,381.80474853515625,6332285
2014-03-20,364.2852783203125,375.6705627441406,380.914306640625,374.73065185546875,377.9461364746094,4136724
2014-03-21,373.35162353515625,385.020263671875,385.86126708984375,377.8471984863281,378.09454345703125,5746378
2014-03-24,375.60626220703125,387.3453369140625,390.2640380859375,385.11920166015625,386.85064697265625,3193454
2014-03-25,374.9826354980469,386.7022399902344,389.3240966796875,382.54681396484375,387.84002685546875,3932786
2014-03-26,385.34423828125,397.38763427734375,398.7232971191406,390.4124450683594,390.4124450683594,7426496
2014-03-27,380.5951232910156,392.4901428222656,400.652587890625,389.5714416503906,398.7232971191406,9264824
2014-03-28,381.1707763671875,393.0837707519531,399.069580078125,391.2039489746094,396.546630859375,3401201
2014-03-31,382.4659729003906,394.4194641113281,399.861083984375,392.440673828125,396.7445068359375,4162936
2014-04-01,386.7832946777344,398.8717041015625,402.1861572265625,395.26043701171875,400.8504638671875,3988380
2014-04-02,397.2887878417969,409.70550537109375,410.595947265625,400.7020568847656,402.48297119140625,6361767
2014-04-03,394.650390625,406.98468017578125,413.5641174316406,402.77978515625,411.48638916015625,5358380
2014-04-04,389.03790283203125,401.19677734375,410.0023193359375,400.15789794921875,410.0023193359375,2931936
2014-04-07,387.5987548828125,399.7126770019531,405.6490173339844,396.5960998535156,400.75152587890625,3833276
2014-04-09,403.8127136230469,416.433349609375,418.31317138671875,403.175537109375,403.67022705078125,6959992
2014-04-10,413.3108215332031,426.228271484375,430.3836975097656,418.51104736328125,418.51104736328125,6388136
2014-04-11,406.4031066894531,419.10467529296875,433.15399169921875,417.71954345703125,424.34844970703125,6147582
2014-04-15,395.22601318359375,407.57830810546875,424.8926086425781,404.7090759277344,421.0834655761719,6939177
2014-04-16,394.4585266113281,406.78680419921875,414.5040283203125,405.00592041015625,405.1543273925781,3823079
2014-04-17,411.6798400878906,424.54632568359375,426.0303955078125,410.89276123046875,410.9422302246094,4626464
2014-04-21,414.5579833984375,427.51446533203125,429.9384765625,419.6488342285156,420.3908996582031,2848869
2014-04-22,411.3919982910156,424.24951171875,430.0868835449219,422.0728454589844,426.32720947265625,2514731
2014-04-23,407.7942199707031,420.539306640625,429.0975036621094,417.8184814453125,425.73358154296875,5441306
2014-04-24,407.7942199707031,420.539306640625,420.539306640625,420.539306640625,420.539306640625,0
2014-04-25,406.0672912597656,418.7583923339844,426.1788024902344,418.11529541015625,420.539306640625,4162636
2014-04-28,399.5433349609375,412.0305480957031,418.6099853515625,410.595947265625,418.6099853515625,3555731
2014-04-29,392.3478088378906,404.6101379394531,414.3556213378906,403.27447509765625,411.6347961425781,2405270
2014-04-30,397.912353515625,410.3486022949219,413.5641174316406,399.9105529785156,409.30975341796875,5643784
2014-05-02,397.912353515625,410.3486022949219,415.8396911621094,406.8362731933594,413.5641174316406,2847110
2014-05-05,397.6245422363281,410.0517883300781,411.48638916015625,404.2143859863281,404.2143859863281,2476756
2014-05-06,402.13372802734375,414.701904296875,417.52166748046875,410.10125732421875,410.49700927734375,2765256
2014-05-07,399.7831726074219,412.27789306640625,417.224853515625,411.09063720703125,414.5534973144531,3416541
2014-05-08,405.87542724609375,418.5605163574219,419.69830322265625,413.118896484375,415.4439392089844,3073390
2014-05-09,410.14471435546875,422.9632873535156,424.54632568359375,414.80084228515625,419.4509582519531,5055987
2014-05-12,427.126220703125,440.4754638671875,441.76165771484375,421.9739074707031,422.8643493652344,6378245
2014-05-13,423.04876708984375,436.27056884765625,450.91351318359375,434.14337158203125,442.5036926269531,5529371
2014-05-14,424.3918762207031,437.65570068359375,441.36590576171875,429.44378662109375,435.3306579589844,2909047
2014-05-15,421.8014831542969,434.9843444824219,443.88885498046875,432.5108947753906,440.277587890625,4399959
2014-05-16,431.58740234375,445.07611083984375,460.0653381347656,438.7934875488281,439.38714599609375,9495197
2014-05-19,426.3587341308594,439.6839599609375,452.9417419433594,438.1009216308594,451.1608581542969,5885250
2014-05-20,421.9933776855469,435.1822204589844,447.0549011230469,431.96673583984375,441.3164367675781,6295237
2014-05-21,419.2110900878906,432.3130187988281,440.2281188964844,429.4932556152344,437.6062316894531,5302879
2014-05-22,413.3108215332031,426.228271484375,436.46844482421875,423.705322265625,432.857177734375,7668503
2014-05-23,413.7904968261719,426.72296142578125,435.231689453125,420.4898376464844,422.81488037109375,7404500
2014-05-26,426.02288818359375,439.3376770019531,448.9347229003906,433.35186767578125,433.35186767578125,9211965
2014-05-27,418.8753356933594,431.96673583984375,446.5601806640625,428.8996276855469,442.6026306152344,5553985
2014-05-28,411.3440246582031,424.2000427246094,431.1752014160156,419.0057373046875,428.4049377441406,8522101
2014-05-29,407.0746765136719,419.7972412109375,427.7618408203125,416.8785705566406,419.9456481933594,7166289
2014-05-30,398.2001647949219,410.6454162597656,417.71954345703125,402.7303161621094,407.1330871582031,11146212
2014-06-02,403.6687927246094,416.284912109375,418.2142333984375,406.19317626953125,410.595947265625,5511595
2014-06-03,403.8127136230469,416.433349609375,419.50042724609375,411.8326721191406,412.9210205078125,8909589
2014-06-04,404.916015625,417.5711364746094,424.94207763671875,416.53228759765625,420.4898376464844,6501247
2014-06-05,417.3402404785156,430.3836975097656,431.42254638671875,412.72314453125,415.5428771972656,9086539
2014-06-06,421.2738037109375,434.440185546875,435.8253479003906,423.95269775390625,432.36248779296875,8151455
2014-06-09,430.3881530761719,443.8393859863281,448.58843994140625,434.8359375,434.8359375,7065184
2014-06-10,434.9932861328125,448.58843994140625,450.5672302246094,437.754638671875,445.5213317871094,6419352
2014-06-11,427.6538391113281,441.0196228027344,448.6873779296875,433.1045227050781,447.20330810546875,5884465
2014-06-12,431.2995910644531,444.779296875,446.6591491699219,437.06207275390625,440.277587890625,4270136
2014-06-13,420.45831298828125,433.5992126464844,445.47186279296875,430.3836975097656,445.175048828125,5456728
2014-06-16,413.3587341308594,426.2777404785156,433.5992126464844,424.4968566894531,431.8677978515625,4802036
2014-06-17,423.000732421875,436.2210998535156,438.4966735839844,422.61700439453125,429.4932556152344,4886836
2014-06-18,415.56536865234375,428.5533447265625,440.277587890625,425.9809265136719,439.78289794921875,3046408
2014-06-19,420.7941589355469,433.94549560546875,439.09033203125,430.3836975097656,433.35186767578125,6736247
2014-06-20,420.2664794921875,433.4013366699219,437.35888671875,428.35546875,436.5179138183594,4781531
2014-06-23,417.91595458984375,430.9773254394531,437.8041076660156,426.6240234375,431.76885986328125,3799762
2014-06-24,424.1999816894531,437.45782470703125,440.8712158203125,429.4932556152344,429.4932556152344,4020018
2014-06-25,425.2553405761719,438.546142578125,443.8393859863281,434.53912353515625,436.3695068359375,4478733
2014-06-26,420.2184753417969,433.35186767578125,444.08673095703125,431.57098388671875,438.2987976074219,4074119
2014-06-27,414.7978820800781,427.7618408203125,436.171630859375,425.53570556640625,432.46142578125,2621189
2014-06-30,413.7904968261719,426.72296142578125,431.57098388671875,424.4968566894531,429.3943176269531,3244342
2014-07-01,432.49884033203125,446.0160217285156,448.09375,428.2070617675781,428.2070617675781,6431546
2014-07-02,437.2958984375,450.9629821777344,453.7332458496094,440.37652587890625,446.6096496582031,5826459
2014-07-03,450.67950439453125,464.7649230957031,467.7825622558594,450.17144775390625,450.9629821777344,10138512
2014-07-04,450.3917236328125,464.4681091308594,469.2171630859375,461.5494079589844,465.01226806640625,7059490
2014-07-07,459.4101257324219,473.76837158203125,474.856689453125,467.0899963378906,468.9698181152344,5301439
2014-07-08,450.9194030761719,465.01226806640625,479.5562744140625,460.41162109375,474.4114685058594,6757729
2014-07-09,440.56170654296875,452.3975830078125,464.913330078125,448.19268798828125,464.81439208984375,3927485
2014-07-10,436.6113586425781,448.3410949707031,469.7118835449219,444.9771728515625,455.3162841796875,5359992
2014-07-11,429.6741638183594,441.2174987792969,456.5530090332031,439.09033203125,450.4187927246094,2738220
2014-07-14,439.3573303222656,451.1608581542969,453.9805908203125,437.9030456542969,440.277587890625,3611521
2014-07-15,446.0054931640625,457.98760986328125,459.9664001464844,451.8534240722656,453.386962890625,3609319
2014-07-16,453.1354064941406,465.30908203125,466.5953063964844,457.19610595703125,461.2525939941406,3592346
2014-07-17,457.9530029296875,470.25604248046875,472.2842712402344,460.2137451171875,462.04412841796875,5114632
2014-07-18,457.9530029296875,470.25604248046875,472.43267822265625,461.4010009765625,466.7931823730469,4148084
2014-07-21,457.61572265625,469.9097595214844,473.37261962890625,465.01226806640625,471.1959533691406,2147835
2014-07-22,468.9368591308594,481.5350646972656,483.0191345214844,467.2384033203125,469.9097595214844,4245591
2014-07-23,467.1543884277344,479.7046813964844,482.7223205566406,471.6906433105469,480.3477783203125,4745188
2014-07-24,467.539794921875,480.1004333496094,482.0297546386719,472.03692626953125,478.07220458984375,3338881
2014-07-25,444.27117919921875,456.20672607421875,480.84246826171875,451.5566101074219,480.84246826171875,6343512
2014-07-28,437.2857971191406,449.0336608886719,465.0617370605469,446.5107116699219,451.6555480957031,8392066
2014-07-30,434.8770751953125,446.5601806640625,450.61669921875,437.3094177246094,450.17144775390625,13595305
2014-07-31,430.4449462890625,442.0090026855469,449.8746337890625,440.3270568847656,448.19268798828125,9472953
2014-08-01,423.9413146972656,435.3306579589844,450.91351318359375,433.35186767578125,440.0797119140625,8882644
2014-08-04,430.3003845214844,441.860595703125,443.6415100097656,436.46844482421875,437.6062316894531,7517951
2014-08-05,440.1281433105469,451.9523620605469,453.0406799316406,439.486083984375,444.9277038574219,4030664
2014-08-06,431.2156982421875,442.8005065917969,450.17144775390625,440.4754638671875,450.17144775390625,4859128
2014-08-07,425.8682556152344,437.3094177246094,445.57080078125,435.5285339355469,442.8499755859375,4871343
2014-08-08,417.1004638671875,428.3059997558594,433.2034606933594,425.83251953125,432.857177734375,6491179
2014-08-11,430.2522277832031,441.8111267089844,443.69097900390625,432.36248779296875,434.93487548828125,8735749
2014-08-12,456.7003479003906,468.9698181152344,476.8849182128906,463.42926025390625,475.8955383300781,14887582
2014-08-13,456.2186584472656,468.4751281738281,474.75775146484375,461.1536560058594,471.9874572753906,6299304
2014-08-14,466.91351318359375,479.45733642578125,480.6940612792969,468.62353515625,469.31610107421875,6417376
2014-08-18,485.41278076171875,498.4535827636719,500.2839660644531,483.7117004394531,483.860107421875,8656402
2014-08-19,499.91351318359375,513.3438720703125,515.1742553710938,500.1850280761719,502.11431884765625,9965688
2014-08-20,493.5543518066406,506.81390380859375,516.46044921875,505.4782409667969,513.4923095703125,5467442
2014-08-21,494.0361328125,507.30859375,512.6513061523438,500.7786560058594,510.52410888671875,5463932
2014-08-22,492.8799133300781,506.121337890625,515.124755859375,505.1814270019531,509.7820739746094,4404241
2014-08-25,489.8448791503906,503.0047607421875,512.5028686523438,499.9871520996094,511.5135192871094,4005516
2014-08-26,493.93975830078125,507.20965576171875,509.73260498046875,491.0826416015625,493.2098388671875,4724406
2014-08-27,502.65948486328125,516.1636352539062,518.439208984375,510.72198486328125,513.3933715820312,3905433
2014-08-28,505.8872375488281,519.4780883789062,526.008056640625,517.1035766601562,518.1423950195312,5597525
2014-09-01,501.02154541015625,514.481689453125,523.880859375,511.2661437988281,520.41796875,6321716
2014-09-02,497.40838623046875,510.7714538574219,515.2236938476562,506.61602783203125,514.481689453125,4700852
2014-09-03,503.5266418457031,517.0540771484375,524.8702392578125,515.7678833007812,520.5169067382812,7395355
2014-09-04,494.2770080566406,507.55596923828125,517.1530151367188,503.84576416015625,517.1530151367188,7887159
2014-09-05,487.5325012207031,500.6302490234375,511.11773681640625,497.81048583984375,507.55596923828125,10061738
2014-09-08,491.48291015625,504.6867370605469,506.5665588378906,497.5631408691406,502.6090087890625,9265718
2014-09-09,498.2755126953125,511.66192626953125,512.8986206054688,502.2132568359375,505.6761169433594,9134923
2014-09-10,497.69744873046875,511.0682678222656,515.4215698242188,506.9623107910156,508.34747314453125,7315474
2014-09-11,495.5777587890625,508.8916320800781,512.7996826171875,505.5771789550781,512.5028686523438,3994427
2014-09-12,498.32373046875,511.7113952636719,513.8385620117188,507.95172119140625,509.53472900390625,4645545
2014-09-15,493.6988830566406,506.9623107910156,509.93048095703125,504.7362060546875,506.5665588378906,3002542
2014-09-16,481.5106201171875,494.4465637207031,505.329833984375,489.40069580078125,504.5877990722656,5795527
2014-09-17,488.4478454589844,501.5701599121094,504.0931091308594,486.1851806640625,496.6726989746094,5000801
2014-09-18,506.22442626953125,519.8243408203125,521.2095336914062,495.386474609375,500.33343505859375,7126911
2014-09-19,499.9617004394531,513.3933715820312,523.3861694335938,511.0682678222656,519.62646484375,5187142
2014-09-22,520.3397827148438,534.3189086914062,536.742919921875,508.54534912109375,509.53472900390625,7973384
2014-09-23,498.90179443359375,512.3049926757812,536.8418579101562,510.623046875,535.9513549804688,7528891
2014-09-24,494.6623840332031,507.95172119140625,512.2555541992188,501.1744079589844,510.52410888671875,3887411
2014-09-25,485.94268798828125,498.99774169921875,509.2873840332031,494.69390869140625,507.2591247558594,6390237
2014-09-26,492.4463806152344,505.6761169433594,507.6054382324219,487.1250915527344,496.7716369628906,7252440
2014-09-29,492.1091003417969,505.329833984375,510.12835693359375,502.2627258300781,504.6867370605469,5160966
2014-09-30,483.822998046875,496.82110595703125,509.2379150390625,494.99072265625,509.2379150390625,5576865
2014-10-01,484.401123046875,497.41473388671875,502.015380859375,493.9518737792969,495.88116455078125,3727045
2014-10-07,486.5207824707031,499.59136962890625,511.31561279296875,497.41473388671875,497.41473388671875,5462324
2014-10-08,490.4230041503906,503.598388671875,507.2591247558594,496.6726989746094,501.61962890625,3963078
2014-10-09,501.59967041015625,515.0753173828125,516.9551391601562,507.852783203125,509.4852600097656,3758873
2014-10-10,474.7178955078125,487.47137451171875,509.0400390625,484.15692138671875,509.0400390625,7535919
2014-10-13,478.13836669921875,490.98370361328125,492.91302490234375,474.95562744140625,484.800048828125,5193538
2014-10-14,470.1894226074219,482.8212585449219,494.89178466796875,480.9414367675781,493.6055908203125,3886857
2014-10-15,470.1894226074219,482.8212585449219,482.8212585449219,482.8212585449219,482.8212585449219,0
2014-10-16,466.1427307128906,478.66583251953125,495.7822265625,476.5881042480469,480.2983093261719,6643744
2014-10-17,458.4346923828125,470.750732421875,478.6163635253906,463.03350830078125,478.6163635253906,9595387
2014-10-20,476.5967102050781,489.40069580078125,491.7257385253906,479.45733642578125,482.7223205566406,5839603
2014-10-21,483.1485595703125,496.1285400390625,498.79986572265625,488.51025390625,493.7539978027344,3972592
2014-10-22,500.2025451660156,513.6406860351562,514.9763793945312,503.2521057128906,503.2521057128906,5842953
2014-10-27,485.3164367675781,498.3546447753906,512.5028686523438,496.9200439453125,511.5135192871094,3177278
2014-10-28,490.0857238769531,503.2521057128906,505.8739929199219,497.7115478515625,500.33343505859375,2422395
2014-10-29,506.9952392578125,520.6158447265625,521.8526000976562,510.0294189453125,510.0294189453125,4416090
2014-10-30,507.7178649902344,521.35791015625,525.7112426757812,514.5806274414062,516.8067016601562,6242397
2014-10-31,516.29296875,530.1634521484375,532.7853393554688,515.4215698242188,520.7642822265625,3956550
2014-11-03,512.0054321289062,525.7606811523438,530.2129516601562,520.6653442382812,524.9691772460938,2794484
2014-11-05,516.4376220703125,530.3118896484375,534.071533203125,515.7183837890625,523.3861694335938,6584901
2014-11-07,513.8843383789062,527.6900024414062,538.177490234375,526.5521850585938,531.4002075195312,2480434
2014-11-10,503.2375793457031,516.7572631835938,528.7783203125,513.2449340820312,525.1176147460938,3389879
2014-11-11,502.65948486328125,516.1636352539062,521.902099609375,511.6124572753906,519.4285888671875,2551014
2014-11-12,512.4390869140625,526.2059326171875,531.2023315429688,516.3615112304688,517.8455810546875,3617680
2014-11-13,507.5251770019531,521.1600341796875,530.3118896484375,517.8950805664062,527.3436889648438,2799445
2014-11-14,504.7791748046875,518.3402709960938,531.1033935546875,514.1353759765625,524.2271118164062,4717775
2014-11-17,525.3499755859375,539.4636840820312,541.7393188476562,514.481689453125,514.481689453125,7159194
2014-11-18,521.8330688476562,535.8524169921875,544.8558959960938,534.7640991210938,542.82763671875,4548021
2014-11-19,510.1748352050781,523.880859375,539.1668701171875,516.9551391601562,538.2764282226562,4678498
2014-11-20,505.59820556640625,519.1812744140625,528.1846923828125,514.7785034179688,527.3436889648438,3828955
2014-11-21,511.6200256347656,525.3649291992188,533.67578125,521.6052856445312,522.94091796875,4019464
2014-11-24,507.1878356933594,520.813720703125,532.9337768554688,519.4285888671875,525.3649291992188,3793347
2014-11-25,502.803955078125,516.31201171875,523.4356079101562,507.55596923828125,522.94091796875,4359660
2014-11-26,500.9733581542969,514.4321899414062,519.230712890625,509.53472900390625,516.1636352539062,4638623
2014-11-27,500.9733581542969,514.4321899414062,517.3014526367188,506.0718688964844,509.53472900390625,5701903
2014-11-28,514.0287475585938,527.83837890625,533.280029296875,515.9657592773438,518.8349609375,8262478
2014-12-01,516.4376220703125,530.3118896484375,534.1210327148438,524.4744873046875,534.1210327148438,5148090
2014-12-02,509.6448669433594,523.336669921875,530.114013671875,522.4957275390625,530.0150756835938,3593679
2014-12-03,509.69305419921875,523.3861694335938,533.0821533203125,520.7147827148438,529.5203857421875,4040047
2014-12-04,508.48858642578125,522.1494140625,531.548583984375,516.46044921875,528.3330688476562,3639457
2014-12-05,506.17633056640625,519.77490234375,525.1176147460938,516.9056396484375,518.8844604492188,2469524
2014-12-08,496.87847900390625,510.227294921875,524.8702392578125,508.24853515625,519.5275268554688,3135332
2014-12-09,484.8828430175781,497.909423828125,515.3226318359375,496.0295715332031,511.7608642578125,5562200
2014-12-10,492.3500061035156,505.5771789550781,509.435791015625,487.966064453125,490.7363586425781,5621126
2014-12-11,485.5091247558594,498.5525207519531,507.3580627441406,492.71514892578125,501.4217529296875,4069618
2014-12-12,481.70330810546875,494.6444396972656,502.3616638183594,490.7363586425781,493.6055908203125,3900394
2014-12-15,475.9222717285156,488.7081298828125,496.4748229980469,487.1250915527344,489.6480407714844,3896475
2014-12-16,464.0711975097656,476.53863525390625,486.48199462890625,473.4220886230469,484.800048828125,4813220
2014-12-17,458.4346923828125,470.750732421875,481.2382507324219,463.6766052246094,473.5210266113281,6238806
2014-12-18,467.20257568359375,479.754150390625,484.800048828125,475.74713134765625,475.94500732421875,4417769
2014-12-19,468.16607666015625,480.7435302734375,492.51727294921875,479.0121154785156,485.09686279296875,4665944
2014-12-22,476.6448974609375,489.4501647949219,492.0225524902344,476.2418212890625,480.9414367675781,3225905
2014-12-23,470.3339538574219,482.96966552734375,496.1285400390625,480.44671630859375,491.5278625488281,4165774
2014-12-24,466.2872314453125,478.8142395019531,487.5208435058594,476.439697265625,484.9484558105469,6510045
2014-12-26,467.4434509277344,480.0014953613281,482.37603759765625,473.8673095703125,477.87432861328125,2339159
2014-12-29,476.9821472167969,489.79644775390625,492.71514892578125,480.0014953613281,480.0014953613281,2818585
2014-12-30,475.7295837402344,488.51025390625,494.19921875,485.0473937988281,493.70452880859375,1701736
2014-12-31,477.4638977050781,490.2911376953125,493.40771484375,485.8388977050781,489.2522888183594,3217611
2015-01-01,480.258056640625,493.1603698730469,494.1497497558594,487.0261535644531,489.2522888183594,944551
2015-01-02,493.12078857421875,506.3686828613281,511.9092712402344,491.97308349609375,491.97308349609375,4193093
2015-01-05,504.6828308105469,518.2413330078125,520.41796875,501.32281494140625,504.6867370605469,6758676
2015-01-06,483.1003723144531,496.0790710449219,508.8916320800781,493.9518737792969,508.8916320800781,7979598
2015-01-07,475.825927734375,488.60919189453125,495.08966064453125,484.0085144042969,489.7469787597656,9232656
2015-01-08,493.3135070800781,506.5665588378906,509.33685302734375,495.68328857421875,498.6514587402344,5535587
2015-01-09,503.2375793457031,516.7572631835938,519.379150390625,510.0294189453125,515.7183837890625,4053562
2015-01-12,503.2375793457031,516.7572631835938,519.1317749023438,505.82452392578125,512.99755859375,2560568
2015-01-13,500.4916076660156,513.9375,520.1211547851562,509.7820739746094,514.8279418945312,4328812
2015-01-14,501.35870361328125,514.8279418945312,521.0610961914062,508.4958801269531,515.9657592773438,6070608
2015-01-15,513.4989624023438,527.2942504882812,530.3118896484375,518.19189453125,522.693603515625,6902556
2015-01-16,506.5616760253906,520.170654296875,530.114013671875,516.856201171875,525.4638671875,4250137
2015-01-19,518.8463134765625,532.7853393554688,533.8736572265625,517.5982666015625,520.9127197265625,4617341
2015-01-20,538.7908325195312,553.2656860351562,555.0465698242188,529.0751342773438,533.03271484375,6140342
2015-01-21,531.3718872070312,545.6473999023438,552.5236206054688,540.2057495117188,550.9406127929688,6521363
2015-01-22,545.824462890625,560.4882202148438,562.6648559570312,542.7286987304688,544.806396484375,6010572
2015-01-23,566.9733276367188,582.2052612304688,584.8765869140625,567.9086303710938,568.8980102539062,7764736
2015-01-27,582.4856567382812,598.1343994140625,601.2509765625,589.724609375,589.724609375,7213518
2015-01-28,567.6959228515625,582.9473266601562,592.8411865234375,580.7706298828125,592.643310546875,8297785
2015-01-29,576.7528686523438,592.24755859375,594.3252563476562,574.4385986328125,579.78125,5874507
2015-01-30,563.7937622070312,578.9403076171875,598.2828369140625,574.9332885742188,595.017822265625,4180985
2015-02-02,570.87548828125,586.2122802734375,589.5762329101562,574.6859130859375,581.5621337890625,4363228
2015-02-03,581.2814331054688,596.897705078125,605.901123046875,589.873046875,591.3076171875,6100343
2015-02-04,569.8156127929688,585.1239624023438,600.2120971679688,581.9579467773438,600.2120971679688,3398715
2015-02-05,567.6959228515625,582.9473266601562,596.5018920898438,575.82373046875,584.7282104492188,6847443
2015-02-06,539.1762084960938,553.6614379882812,565.9298095703125,546.3399658203125,561.0323486328125,12221202
2015-02-09,522.8447875976562,536.8912963867188,548.5661010742188,535.5556030273438,544.163330078125,4628548
2015-02-10,543.5120239257812,558.1136474609375,561.9722900390625,537.5838623046875,538.2269897460938,5617236
2015-02-11,538.5018310546875,552.9688720703125,565.336181640625,547.477783203125,560.98291015625,4637550
2015-02-12,541.2958984375,555.8380737304688,559.9935302734375,546.6367797851562,556.2338256835938,5488927
2015-02-13,544.9089965820312,559.5482788085938,561.1807861328125,549.1102294921875,556.728515625,3506531
2015-02-16,553.1951293945312,568.0570068359375,574.2901611328125,559.4988403320312,562.961669921875,5793607
2015-02-18,562.9747314453125,578.0993041992188,580.7706298828125,554.7002563476562,566.6224365234375,5846505
2015-02-19,555.5076293945312,570.4315795898438,586.2617797851562,566.0287475585938,579.78125,4316943
2015-02-20,558.7353515625,573.7459716796875,578.7918701171875,566.1771850585938,573.3502197265625,3907248
2015-02-23,553.2434692382812,568.1065063476562,578.2477416992188,565.9793090820312,575.82373046875,3040407
2015-02-24,543.8010864257812,558.4104614257812,571.8661499023438,554.0076904296875,570.8767700195312,4350356
2015-02-25,547.4623413085938,562.170166015625,569.8873901367188,558.0147094726562,560.6860961914062,3082740
2015-02-26,540.18798828125,554.7002563476562,565.9793090820312,551.435302734375,564.0499877929688,3570924
2015-02-27,554.15869140625,569.04638671875,574.8343505859375,557.52001953125,561.0323486328125,4357037
2015-03-02,563.6492309570312,578.7918701171875,594.6220703125,567.0181884765625,591.060302734375,4951897
2015-03-03,553.1470947265625,568.007568359375,576.3184204101562,565.9298095703125,576.3184204101562,3593208
2015-03-04,553.1470947265625,568.007568359375,585.8165283203125,564.0499877929688,575.3290405273438,6242783
2015-03-05,549.87109375,564.6436157226562,571.6682739257812,561.6754760742188,569.8873901367188,3354510
2015-03-09,544.4754638671875,559.1030883789062,567.5128784179688,556.0359497070312,564.9404296875,3566055
2015-03-10,539.7543334960938,554.2550659179688,566.6224365234375,552.77099609375,561.8733520507812,3917160
2015-03-11,530.7938232421875,545.0537719726562,559.2020263671875,542.3823852539062,555.0465698242188,3184841
2015-03-12,543.3192749023438,557.915771484375,560.9334106445312,548.4176635742188,549.0112915039062,3430749
2015-03-13,537.9718627929688,552.4246826171875,559.6967163085938,549.2091674804688,559.647216796875,5382475
2015-03-16,536.5748291015625,550.9900512695312,559.6967163085938,548.3682250976562,553.1172485351562,2786971
2015-03-17,550.6901245117188,565.484619140625,572.8555297851562,556.4317016601562,558.0147094726562,5395883
2015-03-18,539.7543334960938,554.2550659179688,564.9404296875,550.5942993164062,564.29736328125,4569613
2015-03-19,533.5878295898438,547.9229736328125,562.9122314453125,545.4000244140625,559.004150390625,3295114
2015-03-20,527.6141357421875,541.7887573242188,544.806396484375,535.2587890625,543.1244506835938,5119749
2015-03-23,531.3236083984375,545.597900390625,551.8805541992188,542.2340087890625,542.2340087890625,3153860
2015-03-24,512.8244018554688,526.6016845703125,546.6367797851562,522.7925415039062,545.9442138671875,4519046
2015-03-25,522.0740966796875,536.0997924804688,539.8099975585938,527.83837890625,529.8171997070312,8625253
2015-03-26,505.1164245605469,518.6865844726562,533.280029296875,515.273193359375,525.2659912109375,6544581
2015-03-27,515.811279296875,529.6687622070312,531.1033935546875,512.6513061523438,520.0717163085938,4721243
2015-03-30,520.2916870117188,534.2694091796875,535.3082885742188,525.7112426757812,531.15283203125,4012522
2015-03-31,530.1192626953125,544.3612060546875,553.8593139648438,531.8948974609375,534.4178466796875,5409542
2015-04-01,544.2827758789062,558.9052124023438,560.3892822265625,542.1845092773438,543.2728271484375,4222512
2015-04-06,553.2858276367188,568.1500244140625,573.5,555.3499755859375,563.9000244140625,5728358
2015-04-07,545.6897583007812,560.3499755859375,570.7000122070312,554.0499877929688,569.0499877929688,3201751
2015-04-08,546.809814453125,561.5,569.5999755859375,559.2000122070312,565.0,3774897
2015-04-09,545.2516479492188,559.9000244140625,564.8499755859375,552.25,562.7999877929688,3043135
2015-04-10,547.9296264648438,562.6500244140625,569.4000244140625,555.5499877929688,558.7999877929688,2808049
2015-04-13,541.6970825195312,556.25,563.9000244140625,552.4500122070312,563.0,2889208
2015-04-15,526.3104858398438,540.4500122070312,551.25,538.25,551.25,4118983
2015-04-16,527.0895385742188,541.25,551.25,534.2000122070312,543.75,4027716
2015-04-17,521.3438720703125,535.3499755859375,544.7999877929688,534.1500244140625,541.5,2728290
2015-04-20,519.2501831054688,533.2000122070312,543.1500244140625,521.0499877929688,543.1500244140625,5011252
2015-04-21,513.6018676757812,527.4000244140625,538.0,523.5,531.4500122070312,3243871
2015-04-22,509.80389404296875,523.5,529.7000122070312,510.6499938964844,529.0,4311384
2015-04-23,498.60479736328125,512.0,527.7999877929688,508.45001220703125,527.7999877929688,4961920
2015-04-24,502.6949157714844,516.2000122070312,520.0,508.6000061035156,515.25,4302328
2015-04-27,503.327880859375,516.8499755859375,523.0,513.0499877929688,521.0,3082875
2015-04-28,515.9877319335938,529.8499755859375,533.7999877929688,518.3499755859375,520.5,6417077
2015-04-29,507.2720031738281,520.9000244140625,528.0,516.7999877929688,526.75,3685760
2015-04-30,494.952880859375,508.25,520.7999877929688,506.75,518.2000122070312,10009172
2015-05-04,493.1999816894531,506.45001220703125,516.0,497.5,511.75,5849866
2015-05-05,497.0953674316406,510.45001220703125,515.7000122070312,506.04998779296875,509.5,3398712
2015-05-06,484.82501220703125,497.8500061035156,508.5,495.79998779296875,508.5,5925410
2015-05-07,475.330078125,488.1000061035156,503.0,482.6000061035156,493.5,5504557
2015-05-08,500.26031494140625,513.7000122070312,515.9000244140625,497.3500061035156,498.75,6229295
2015-05-11,515.8417358398438,529.7000122070312,530.9500122070312,517.0,522.25,5520513
2015-05-12,500.11419677734375,513.5499877929688,525.7000122070312,511.1499938964844,525.7000122070312,4569616
2015-05-13,506.8337707519531,520.4500122070312,525.5499877929688,506.54998779296875,517.0,4442178
2015-05-14,503.0843811035156,516.5999755859375,519.0,510.1000061035156,519.0,3587736
2015-05-15,506.29815673828125,519.9000244140625,524.5,517.0499877929688,519.0,4038816
2015-05-18,507.07720947265625,520.7000122070312,524.4000244140625,510.29998779296875,517.25,4363711
2015-05-19,496.4623107910156,509.79998779296875,518.75,508.70001220703125,516.9000244140625,5500642
2015-05-20,492.0313720703125,505.25,513.8499755859375,503.54998779296875,511.0,6385674
2015-05-21,497.82574462890625,511.20001220703125,512.5,505.0,506.5,4708702
2015-05-22,501.18548583984375,514.6500244140625,516.9500122070312,510.20001220703125,511.75,4744826
2015-05-25,492.080078125,505.29998779296875,514.0,503.0,513.0,3080546
2015-05-26,484.5815124511719,497.6000061035156,506.0,493.54998779296875,505.0,7389680
2015-05-27,459.4078063964844,471.75,474.95001220703125,463.54998779296875,473.6000061035156,15936377
2015-05-28,471.6781921386719,484.3500061035156,487.45001220703125,472.25,473.8500061035156,11792862
2015-05-29,469.048828125,481.6499938964844,490.25,479.3999938964844,485.20001220703125,7892019
2015-06-01,459.699951171875,472.04998779296875,482.8999938964844,471.0,482.8999938964844,4610219
2015-06-02,454.7334289550781,466.95001220703125,478.3999938964844,465.0,473.1000061035156,6237231
2015-06-03,444.8976745605469,456.8500061035156,468.75,434.70001220703125,467.0,9702740
2015-06-04,439.3954772949219,451.20001220703125,458.45001220703125,445.45001220703125,456.8500061035156,8001049
2015-06-05,430.53350830078125,442.1000061035156,449.54998779296875,439.5,445.6499938964844,11195670
2015-06-08,424.2035827636719,435.6000061035156,438.0,429.04998779296875,435.29998779296875,7072020
2015-06-09,428.5372009277344,440.04998779296875,443.79998779296875,431.29998779296875,431.29998779296875,7741629
2015-06-10,434.91583251953125,446.6000061035156,449.3999938964844,436.0,439.8999938964844,9716102
2015-06-11,418.94488525390625,430.20001220703125,446.79998779296875,428.1000061035156,446.5,9668308
2015-06-12,410.7646484375,421.79998779296875,429.5,417.25,426.54998779296875,10871836
2015-06-15,415.19561767578125,426.3500061035156,427.95001220703125,418.1000061035156,426.0,7287773
2015-06-16,421.4768371582031,432.79998779296875,435.79998779296875,421.25,427.04998779296875,6192559
2015-06-17,422.3533020019531,433.70001220703125,437.3999938964844,426.5,436.0,7034146
2015-06-18,433.7958984375,445.45001220703125,447.5,431.3999938964844,434.8999938964844,8198142
2015-06-19,421.72027587890625,433.04998779296875,444.79998779296875,431.6000061035156,444.79998779296875,6891821
2015-06-22,428.9754333496094,440.5,444.0,435.0,435.0,5281379
2015-06-23,424.5931091308594,436.0,447.3999938964844,435.0,441.0,5762483
2015-06-24,419.33441162109375,430.6000061035156,438.70001220703125,428.1000061035156,438.70001220703125,7081258
2015-06-25,421.08734130859375,432.3999938964844,436.1000061035156,429.5,433.0,7745469
2015-06-26,426.15130615234375,437.6000061035156,438.79998779296875,431.20001220703125,435.0,5009173
2015-06-29,417.0458984375,428.25,432.5,418.1499938964844,428.79998779296875,7143044
2015-06-30,422.7915344238281,434.1499938964844,436.25,422.70001220703125,428.0,6387312
2015-07-01,432.8707275390625,444.5,447.3999938964844,431.3999938964844,436.75,6054910
2015-07-02,424.982666015625,436.3999938964844,445.0,435.0,445.0,4641851
2015-07-03,421.81768798828125,433.1499938964844,436.0,430.45001220703125,436.0,3709457
2015-07-06,419.82135009765625,431.1000061035156,433.5,420.70001220703125,428.0,4600687
2015-07-07,420.25958251953125,431.54998779296875,435.70001220703125,428.0,434.3500061035156,5667938
2015-07-08,394.35552978515625,404.95001220703125,424.0,400.0,424.0,15521757
2015-07-09,387.39251708984375,397.79998779296875,403.3500061035156,394.25,400.1499938964844,9351601
2015-07-10,391.3852844238281,401.8999938964844,405.79998779296875,398.04998779296875,400.25,13661389
2015-07-13,391.5800476074219,402.1000061035156,406.70001220703125,397.04998779296875,406.70001220703125,8047912
2015-07-14,375.85260009765625,385.95001220703125,403.5,380.95001220703125,403.5,11333562
2015-07-15,383.984130859375,394.29998779296875,395.0,382.6000061035156,387.0,15561638
2015-07-16,384.9092712402344,395.25,398.6499938964844,392.45001220703125,394.8999938964844,5199913
2015-07-17,387.635986328125,398.04998779296875,403.25,390.3999938964844,395.95001220703125,6590110
2015-07-20,380.5269775390625,390.75,401.8999938964844,389.29998779296875,399.0,5777196
2015-07-21,378.9201354980469,389.1000061035156,393.29998779296875,386.1000061035156,391.79998779296875,6461958
2015-07-22,379.3583679199219,389.54998779296875,392.79998779296875,385.95001220703125,388.0,5955109
2015-07-23,390.8496398925781,401.3500061035156,403.3999938964844,385.0,388.75,9510349
2015-07-24,380.0400390625,390.25,399.3500061035156,389.0,397.54998779296875,7059848
2015-07-27,367.57501220703125,377.45001220703125,385.25,373.0,384.25,8450904
2015-07-28,360.417236328125,370.1000061035156,374.8999938964844,366.1000061035156,373.0,10975840
2015-07-29,366.60113525390625,376.45001220703125,379.95001220703125,372.70001220703125,373.8999938964844,9532212
2015-07-30,367.57501220703125,377.45001220703125,382.5,376.0,381.6499938964844,6562559
2015-07-31,373.8075256347656,383.8500061035156,390.5,380.04998779296875,380.79998779296875,6947628
2015-08-03,378.0436706542969,388.20001220703125,394.3999938964844,382.0,386.3500061035156,6647982
2015-08-04,370.7886047363281,380.75,387.0,378.0,385.8999938964844,5621275
2015-08-05,366.5523986816406,376.3999938964844,388.5,375.1000061035156,378.75,8298929
2015-08-06,373.0771179199219,383.1000061035156,384.70001220703125,373.20001220703125,376.5,7976356
2015-08-07,383.107666015625,393.3999938964844,396.0,382.3999938964844,382.3999938964844,10706804
2015-08-10,375.6091003417969,385.70001220703125,395.29998779296875,382.1000061035156,384.0,14494111
2015-08-11,359.4920959472656,369.1499938964844,388.0,367.54998779296875,387.1000061035156,9984809
2015-08-12,345.9070739746094,355.20001220703125,365.8500061035156,353.54998779296875,365.0,11107801
2015-08-13,340.2587890625,349.3999938964844,360.95001220703125,348.0,356.8999938964844,11147702
2015-08-14,345.95574951171875,355.25,359.75,345.1000061035156,351.45001220703125,6400810
2015-08-17,346.78350830078125,356.1000061035156,362.29998779296875,345.25,354.3999938964844,5812093
2015-08-18,339.4797668457031,348.6000061035156,358.3500061035156,347.70001220703125,355.8500061035156,5623977
2015-08-19,342.0604553222656,351.25,354.8999938964844,344.0,348.70001220703125,6435894
2015-08-20,333.2471923828125,342.20001220703125,349.70001220703125,341.0,348.0,7789676
2015-08-21,323.7035827636719,332.3999938964844,339.3999938964844,327.75,339.3999938964844,8793065
2015-08-24,300.1853942871094,308.25,317.0,301.6000061035156,317.0,14753473
2015-08-25,320.2464294433594,328.8500061035156,331.3500061035156,305.79998779296875,308.0,13398318
2015-08-26,326.3329162597656,335.1000061035156,341.3999938964844,318.25,322.0,13781660
2015-08-27,325.3103942871094,334.04998779296875,342.54998779296875,327.25,338.3999938964844,17224851
2015-08-28,331.1534423828125,340.04998779296875,342.0,335.25,342.0,7123909
2015-08-31,331.2508239746094,340.1499938964844,348.75,332.45001220703125,340.0,7244287
2015-09-01,321.26898193359375,329.8999938964844,339.3500061035156,325.1000061035156,334.95001220703125,8606005
2015-09-02,315.9615783691406,324.45001220703125,332.5,321.45001220703125,328.8500061035156,8097313
2015-09-03,324.8234558105469,333.54998779296875,339.79998779296875,326.20001220703125,326.20001220703125,8138855
2015-09-04,314.4521179199219,322.8999938964844,330.79998779296875,316.0,330.0,6592654
2015-09-07,314.4034729003906,322.8500061035156,333.0,320.0,327.79998779296875,5357928
2015-09-08,322.2428283691406,330.8999938964844,333.25,316.29998779296875,326.0,6729868
2015-09-09,335.87652587890625,344.8999938964844,350.70001220703125,333.6000061035156,335.3500061035156,8833492
2015-09-10,344.8358459472656,354.1000061035156,356.45001220703125,331.0,340.04998779296875,9872906
2015-09-11,335.5843505859375,344.6000061035156,358.8999938964844,342.25,354.8999938964844,8569963
2015-09-14,337.7268371582031,346.79998779296875,350.8999938964844,342.25,348.8999938964844,5480940
2015-09-15,325.6025695800781,334.3500061035156,345.95001220703125,333.04998779296875,345.95001220703125,5802405
2015-09-16,329.20574951171875,338.04998779296875,340.3999938964844,332.5,337.70001220703125,5708786
2015-09-18,321.6098327636719,330.25,333.79998779296875,326.8500061035156,329.20001220703125,14893326
2015-09-21,323.02191162109375,331.70001220703125,334.8999938964844,325.6499938964844,326.8500061035156,5172386
2015-09-22,307.5378723144531,315.79998779296875,333.6000061035156,314.0,332.0,7122834
2015-09-23,302.1817321777344,310.29998779296875,312.54998779296875,306.25,311.0,8954516
2015-09-24,295.4622802734375,303.3999938964844,312.0,301.6000061035156,309.70001220703125,13799813
2015-09-28,277.543701171875,285.0,304.3999938964844,283.5,304.3999938964844,13577316
2015-09-29,281.195556640625,288.75,294.79998779296875,279.1000061035156,281.20001220703125,12304403
2015-09-30,290.7878723144531,298.6000061035156,299.75,288.1000061035156,289.25,12926187
2015-10-01,289.9601135253906,297.75,301.5,291.5,301.45001220703125,7501080
2015-10-05,306.9049072265625,315.1499938964844,322.1000061035156,302.5,302.5,14527820
2015-10-06,324.9696044921875,333.70001220703125,334.70001220703125,319.54998779296875,320.54998779296875,18806867
2015-10-07,332.41943359375,341.3500061035156,345.0,329.0,333.8999938964844,17802539
2015-10-08,334.2696838378906,343.25,347.29998779296875,341.54998779296875,343.79998779296875,12085332
2015-10-09,347.1243591308594,356.45001220703125,359.20001220703125,341.1000061035156,346.20001220703125,11635790
2015-10-12,352.8699951171875,362.3500061035156,367.0,356.3999938964844,356.5,10509775
2015-10-13,351.6526794433594,361.1000061035156,365.25,355.04998779296875,360.0,9969583
2015-10-14,343.0829162597656,352.29998779296875,360.25,351.1000061035156,358.75,7009418
2015-10-15,371.32421875,381.29998779296875,383.75,355.29998779296875,355.29998779296875,19487376
2015-10-16,376.63165283203125,386.75,390.95001220703125,380.6499938964844,388.6000061035156,16497652
2015-10-19,368.79229736328125,378.70001220703125,384.0,376.25,384.0,7455714
2015-10-20,373.12579345703125,383.1499938964844,395.75,377.3999938964844,379.0,15426131
2015-10-21,371.47027587890625,381.45001220703125,386.3999938964844,378.54998779296875,379.95001220703125,8720671
2015-10-23,372.979736328125,383.0,388.79998779296875,382.0,383.8999938964844,6744440
2015-10-26,374.5379333496094,384.6000061035156,389.8999938964844,383.25,386.45001220703125,5064657
2015-10-27,373.32061767578125,383.3500061035156,386.95001220703125,382.20001220703125,383.0,4423221
2015-10-28,376.1934509277344,386.29998779296875,390.75,382.20001220703125,382.79998779296875,8018683
2015-10-29,380.9652099609375,391.20001220703125,396.79998779296875,384.25,388.95001220703125,15381516
2015-10-30,374.8787841796875,384.95001220703125,390.79998779296875,383.5,389.75,6651831
2015-11-02,377.8002624511719,387.95001220703125,392.04998779296875,384.3999938964844,386.1000061035156,7511675
2015-11-03,372.0545654296875,382.04998779296875,391.25,380.79998779296875,391.25,5887746
2015-11-04,394.25811767578125,404.8500061035156,407.25,390.04998779296875,390.04998779296875,13985828
2015-11-05,393.4303283691406,404.0,412.79998779296875,401.45001220703125,403.6000061035156,12912937
2015-11-06,385.78570556640625,396.1499938964844,404.3999938964844,392.5,399.8999938964844,11016134
2015-11-09,400.97760009765625,411.75,413.5,373.04998779296875,374.0,22128119
2015-11-10,396.79010009765625,407.45001220703125,417.3999938964844,402.70001220703125,408.0,12654616
2015-11-13,393.38165283203125,403.95001220703125,417.5,401.79998779296875,411.3500061035156,11007237
2015-11-16,389.7784423828125,400.25,404.8500061035156,394.20001220703125,401.0,7673487
2015-11-17,396.83880615234375,407.5,410.70001220703125,398.54998779296875,403.0,6063987
2015-11-18,395.6214904785156,406.25,413.5,403.25,407.95001220703125,6960097
2015-11-19,396.30316162109375,406.95001220703125,409.8999938964844,403.5,409.8999938964844,5645524
2015-11-20,392.3104553222656,402.8500061035156,410.70001220703125,401.3500061035156,408.5,5420173
2015-11-23,391.5800476074219,402.1000061035156,404.3999938964844,396.5,400.3500061035156,4658448
2015-11-24,390.4601135253906,400.95001220703125,406.5,397.04998779296875,399.1000061035156,5624579
2015-11-26,413.296630859375,424.3999938964844,426.45001220703125,404.0,404.75,15070353
2015-11-27,406.72320556640625,417.6499938964844,431.8999938964844,416.45001220703125,425.54998779296875,9720127
2015-11-30,412.420166015625,423.5,429.6000061035156,418.0,419.8999938964844,9901753
2015-12-01,406.4310607910156,417.3500061035156,427.0,416.1000061035156,427.0,6402692
2015-12-02,402.3409423828125,413.1499938964844,418.8999938964844,410.29998779296875,415.8999938964844,6543300
2015-12-03,394.98846435546875,405.6000061035156,411.8999938964844,404.25,408.70001220703125,5999323
2015-12-04,389.4862976074219,399.95001220703125,411.5,398.70001220703125,402.5,8477407
2015-12-07,388.70721435546875,399.1499938964844,403.0,395.29998779296875,402.8999938964844,6156323
2015-12-08,391.8721923828125,402.3999938964844,406.95001220703125,396.1000061035156,396.95001220703125,7851653
2015-12-09,383.6432800292969,393.95001220703125,405.0,392.75,402.79998779296875,6103583
2015-12-10,379.4071044921875,389.6000061035156,401.20001220703125,385.25,401.20001220703125,10684178
2015-12-11,368.0618896484375,377.95001220703125,392.6499938964844,375.29998779296875,390.8999938964844,6537672
2015-12-14,361.8780212402344,371.6000061035156,373.5,360.5,369.75,12682481
2015-12-15,369.5713195800781,379.5,380.95001220703125,365.5,371.25,7717531
2015-12-16,370.4964599609375,380.45001220703125,385.0,372.8500061035156,375.8999938964844,11874858
2015-12-17,372.93109130859375,382.95001220703125,387.0,376.04998779296875,385.0,7604665
2015-12-18,368.35406494140625,378.25,384.79998779296875,376.79998779296875,381.8999938964844,6454322
2015-12-21,370.2043151855469,380.1499938964844,382.54998779296875,377.5,379.1000061035156,4015631
2015-12-22,368.20794677734375,378.1000061035156,382.79998779296875,377.20001220703125,380.8999938964844,3802024
2015-12-23,368.5487976074219,378.45001220703125,380.8500061035156,377.5,379.8999938964844,3953766
2015-12-24,372.39544677734375,382.3999938964844,384.75,377.6000061035156,380.8999938964844,4568751
2015-12-28,383.6919860839844,394.0,395.0,383.75,384.8999938964844,7166351
2015-12-29,381.5982360839844,391.8500061035156,397.5,388.75,392.8999938964844,7359611
2015-12-30,383.1563720703125,393.45001220703125,395.0,390.5,392.0,4866177
2015-12-31,381.0626220703125,391.29998779296875,395.75,389.1499938964844,394.0,6410622
2016-01-01,391.3852844238281,401.8999938964844,403.0,373.0,392.5,4377363
2016-01-04,367.1853942871094,377.04998779296875,400.1000061035156,375.04998779296875,400.0,7822660
2016-01-05,364.6534729003906,374.45001220703125,382.45001220703125,372.1000061035156,381.04998779296875,6901068
2016-01-06,356.3271179199219,365.8999938964844,375.5,364.6000061035156,374.25,7211230
2016-01-07,334.56182861328125,343.54998779296875,358.0,338.1000061035156,356.25,11782307
2016-01-08,344.1054382324219,353.3500061035156,355.8500061035156,345.6000061035156,345.6000061035156,8770370
2016-01-11,350.7762756347656,360.20001220703125,364.75,341.6499938964844,343.8999938964844,10576721
2016-01-12,345.7123107910156,355.0,363.95001220703125,351.6000061035156,362.70001220703125,8363062
2016-01-13,355.0611572265625,364.6000061035156,369.79998779296875,356.29998779296875,360.45001220703125,14191511
2016-01-14,345.03057861328125,354.29998779296875,359.3999938964844,346.79998779296875,356.1000061035156,10673343
2016-01-15,332.3707275390625,341.29998779296875,353.8999938964844,339.3500061035156,353.8999938964844,6557584
2016-01-18,331.2995300292969,340.20001220703125,343.29998779296875,334.3999938964844,341.0,6285144
2016-01-19,344.884521484375,354.1499938964844,357.20001220703125,342.0,343.0,7304555
2016-01-20,333.2958984375,342.25,349.6499938964844,338.79998779296875,349.6499938964844,9156596
2016-01-21,319.9542541503906,328.54998779296875,344.1499938964844,323.0,340.6499938964844,16524035
2016-01-22,330.6177978515625,339.5,345.8999938964844,331.5,335.5,9595392
2016-01-25,323.89837646484375,332.6000061035156,345.5,331.1499938964844,345.5,6106931
2016-01-27,328.2319030761719,337.04998779296875,341.0,333.20001220703125,338.0,8333202
2016-01-28,325.4565124511719,334.20001220703125,341.3999938964844,332.29998779296875,336.29998779296875,13153617
2016-01-29,328.0858154296875,336.8999938964844,340.6000061035156,324.20001220703125,332.0,10350998
2016-02-01,329.64398193359375,338.5,342.3999938964844,332.25,338.75,6563774
2016-02-02,320.9281311035156,329.54998779296875,344.70001220703125,327.70001220703125,343.79998779296875,9179304
2016-02-03,311.9201354980469,320.29998779296875,325.95001220703125,317.04998779296875,325.54998779296875,6685445
2016-02-04,316.9840393066406,325.5,329.29998779296875,321.20001220703125,325.29998779296875,6086981
2016-02-05,328.2806091308594,337.1000061035156,339.0,326.6499938964844,330.5,9236577
2016-02-08,315.03643798828125,323.5,334.95001220703125,321.3500061035156,334.95001220703125,6974342
2016-02-09,302.5225830078125,310.6499938964844,322.6499938964844,308.79998779296875,319.5,12489713
2016-02-10,283.92230224609375,291.54998779296875,309.95001220703125,288.25,309.8500061035156,21756193
2016-02-11,269.1199951171875,276.3500061035156,300.0,265.79998779296875,298.5,21632886
2016-02-12,290.54443359375,298.3500061035156,303.95001220703125,271.6000061035156,281.0,21542152
2016-02-15,308.9499206542969,317.25,320.75,297.70001220703125,297.8999938964844,18888699
2016-02-16,293.2711486816406,301.1499938964844,324.20001220703125,298.8999938964844,319.3999938964844,13598374
2016-02-17,302.03570556640625,310.1499938964844,313.5,298.6499938964844,302.95001220703125,13717526
2016-02-18,305.78497314453125,314.0,319.1000061035156,306.20001220703125,315.1499938964844,12498247
2016-02-19,309.8750915527344,318.20001220703125,320.0,311.1000061035156,312.1000061035156,7706462
2016-02-22,310.5080871582031,318.8500061035156,324.20001220703125,313.6000061035156,320.0,8699779
2016-02-23,310.2159118652344,318.54998779296875,324.75,314.45001220703125,324.0,11635881
2016-02-24,298.2864074707031,306.29998779296875,316.0,304.75,316.0,7629905
2016-02-25,290.3983459472656,298.20001220703125,312.20001220703125,296.20001220703125,309.79998779296875,12959812
2016-02-26,293.9041442871094,301.79998779296875,305.20001220703125,297.6000061035156,303.20001220703125,9181680
2016-02-29,291.8591003417969,299.70001220703125,305.75,290.25,303.20001220703125,12607181
2016-03-01,307.0996398925781,315.3500061035156,317.0,301.1000061035156,301.1000061035156,11440045
2016-03-02,308.8038635253906,317.1000061035156,326.0,314.3500061035156,322.8999938964844,12418149
2016-03-03,327.89111328125,336.70001220703125,339.79998779296875,321.5,324.5,12844057
2016-03-04,334.51318359375,343.5,348.75,338.6499938964844,340.1499938964844,8197520
2016-03-08,336.9964294433594,346.04998779296875,353.75,341.5,346.5,7888999
2016-03-09,338.6033020019531,347.70001220703125,349.0,336.0,339.8999938964844,6383925
2016-03-10,339.38238525390625,348.5,353.6000061035156,341.3999938964844,347.0,7443048
2016-03-11,344.98193359375,354.25,355.8999938964844,345.1499938964844,348.5,7641330
2016-03-14,356.8627624511719,366.45001220703125,370.54998779296875,358.95001220703125,359.8999938964844,13066837
2016-03-15,350.9710388183594,360.3999938964844,370.70001220703125,359.54998779296875,366.8999938964844,9800731
2016-03-16,350.14324951171875,359.54998779296875,362.75,353.29998779296875,359.95001220703125,7554537
2016-03-17,351.45794677734375,360.8999938964844,367.3999938964844,358.6000061035156,366.8999938964844,6914296
2016-03-18,356.47320556640625,366.04998779296875,367.79998779296875,362.5,362.5,6594019
2016-03-21,364.8968811035156,374.70001220703125,375.5,365.75,367.25,9325793
2016-03-22,367.3315124511719,377.20001220703125,381.5,370.3999938964844,376.95001220703125,8909026
2016-03-23,367.1367492675781,377.0,379.45001220703125,374.04998779296875,378.0,5766182
2016-03-28,353.7951354980469,363.29998779296875,375.5,361.5,375.5,8062793
2016-03-29,362.7057800292969,372.45001220703125,378.95001220703125,363.04998779296875,364.0,9364810
2016-03-30,378.4332580566406,388.6000061035156,391.5,376.79998779296875,380.5,10295891
2016-03-31,376.485595703125,386.6000061035156,393.6000061035156,380.5,387.8999938964844,10738707
2016-04-01,369.71734619140625,379.6499938964844,386.3999938964844,377.70001220703125,386.3999938964844,5683771
2016-04-04,378.23846435546875,388.3999938964844,391.0,382.3999938964844,385.95001220703125,6011729
2016-04-05,360.8067626953125,370.5,386.0,369.0,386.0,6058241
2016-04-06,366.8446044921875,376.70001220703125,382.3999938964844,372.04998779296875,373.70001220703125,7323269
2016-04-07,365.38385009765625,375.20001220703125,384.79998779296875,370.29998779296875,375.95001220703125,8724110
2016-04-08,361.73193359375,371.45001220703125,380.04998779296875,370.5,375.5,4860484
2016-04-11,376.5342712402344,386.6499938964844,387.79998779296875,373.8999938964844,373.95001220703125,6827449
2016-04-12,385.44488525390625,395.79998779296875,397.3999938964844,387.1499938964844,387.95001220703125,7702684
2016-04-13,398.0560607910156,408.75,411.75,398.1499938964844,400.0,12373115
2016-04-18,396.6926574707031,407.3500061035156,409.8999938964844,402.5,407.6499938964844,5571076
2016-04-20,393.5277404785156,404.1000061035156,410.3500061035156,400.6499938964844,407.0,7589901
2016-04-21,400.734130859375,411.5,417.20001220703125,406.0,408.70001220703125,9211869
2016-04-22,406.0902099609375,417.0,420.5,408.0,412.1000061035156,5995998
2016-04-25,401.41583251953125,412.20001220703125,417.6000061035156,410.0,417.6000061035156,3272996
2016-04-26,408.0865783691406,419.04998779296875,423.6499938964844,405.04998779296875,408.6499938964844,6998505
2016-04-27,407.59967041015625,418.54998779296875,425.25,414.6499938964844,418.95001220703125,6227941
2016-04-28,400.58807373046875,411.3500061035156,420.95001220703125,409.70001220703125,418.79998779296875,7546101
2016-04-29,397.6665344238281,408.3500061035156,413.70001220703125,403.04998779296875,410.0,6251095
2016-05-02,397.0335388183594,407.70001220703125,410.45001220703125,402.5,407.95001220703125,4178821
2016-05-03,398.9325256347656,409.6499938964844,422.0,407.79998779296875,410.8999938964844,9620804
2016-05-04,371.8111267089844,381.79998779296875,405.5,380.1000061035156,405.5,12069134
2016-05-05,380.91650390625,391.1499938964844,396.04998779296875,383.1499938964844,384.0,9601341
2016-05-06,388.2690124511719,398.70001220703125,400.8999938964844,384.5,388.6000061035156,9953672
2016-05-09,392.7973327636719,403.3500061035156,405.20001220703125,395.1499938964844,400.3500061035156,8700283
2016-05-10,378.7740783691406,388.95001220703125,400.79998779296875,387.1499938964844,400.79998779296875,9166453
2016-05-11,369.91217041015625,379.8500061035156,391.95001220703125,376.1000061035156,384.79998779296875,11595875
2016-05-12,376.9237976074219,387.04998779296875,388.6000061035156,379.0,379.0,6506343
2016-05-13,379.7479248046875,389.95001220703125,394.0,385.5,391.25,14027896
2016-05-16,382.4259948730469,392.70001220703125,396.70001220703125,389.0,393.79998779296875,8248193
2016-05-17,379.5044860839844,389.70001220703125,395.0,386.6000061035156,392.6000061035156,9425555
2016-05-18,374.7813415527344,384.8500061035156,387.3500061035156,381.6000061035156,383.5,8589315
2016-05-19,376.7777404785156,386.8999938964844,393.29998779296875,381.95001220703125,386.25,10988676
2016-05-20,374.39178466796875,384.45001220703125,392.70001220703125,383.5,386.70001220703125,6537509
2016-05-23,371.7624206542969,381.75,389.95001220703125,380.1000061035156,388.54998779296875,8153090
2016-05-24,378.9201354980469,389.1000061035156,391.75,382.6499938964844,383.79998779296875,10568106
2016-05-25,386.61346435546875,397.0,399.95001220703125,394.0,394.0,8897382
2016-05-26,388.8045959472656,399.25,402.0,396.75,400.5,8469732
2016-05-27,393.33294677734375,403.8999938964844,405.0,396.0,400.0,9035525
2016-05-30,410.2290344238281,421.25,423.6000061035156,401.29998779296875,404.79998779296875,15767133
2016-05-31,447.6243896484375,459.6499938964844,464.8999938964844,445.0,456.0,110744326
2016-06-01,437.44781494140625,449.20001220703125,458.29998779296875,445.0,455.75,10389215
2016-06-02,441.58660888671875,453.45001220703125,460.5,444.1000061035156,444.1000061035156,13674434
2016-06-03,442.073486328125,453.95001220703125,461.79998779296875,452.5,458.04998779296875,11672544
2016-06-06,448.4521789550781,460.5,465.0,450.20001220703125,457.79998779296875,9356808
2016-06-07,450.9354248046875,463.04998779296875,466.45001220703125,459.0,466.45001220703125,12568902
2016-06-08,453.954345703125,466.1499938964844,468.79998779296875,463.20001220703125,465.5,10467158
2016-06-09,454.92822265625,467.1499938964844,470.25,465.0,469.45001220703125,8525017
2016-06-10,444.9950256347656,456.95001220703125,466.75,454.5,466.75,7039858
2016-06-13,432.6272888183594,444.25,451.3999938964844,436.70001220703125,451.0,9507282
2016-06-14,436.6687316894531,448.3999938964844,453.8500061035156,441.1499938964844,446.8999938964844,9615226
2016-06-15,440.27191162109375,452.1000061035156,453.0,447.25,449.8999938964844,5704865
2016-06-16,442.46307373046875,454.3500061035156,455.5,446.04998779296875,449.70001220703125,7255454
2016-06-17,452.2500915527344,464.3999938964844,465.75,457.29998779296875,461.0,7836702
2016-06-20,469.4383544921875,482.04998779296875,484.20001220703125,460.25,464.75,9261350
2016-06-21,472.2137756347656,484.8999938964844,486.20001220703125,477.6000061035156,484.0,8907801
2016-06-22,460.3330078125,472.70001220703125,484.79998779296875,468.04998779296875,483.04998779296875,7660165
2016-06-23,475.1839904785156,487.95001220703125,489.8999938964844,476.1000061035156,476.1000061035156,9628216
2016-06-24,437.642578125,449.3999938964844,453.75,421.25,439.20001220703125,40998600
2016-06-27,437.2043762207031,448.95001220703125,457.25,443.6000061035156,451.79998779296875,12450283
2016-06-28,428.87799072265625,440.3999938964844,448.0,433.0,448.0,10190394
2016-06-29,435.5488586425781,447.25,449.79998779296875,445.3999938964844,447.1000061035156,6285461
2016-06-30,447.23486328125,459.25,462.25,451.54998779296875,454.29998779296875,13214064
2016-07-01,445.920166015625,457.8999938964844,464.75,454.70001220703125,463.6000061035156,7027759
2016-07-04,457.2166748046875,469.5,474.8500061035156,467.0,467.0,8413087
2016-07-05,448.8416748046875,460.8999938964844,469.0,459.5,468.5,4934087
2016-07-07,443.24212646484375,455.1499938964844,465.45001220703125,454.1000061035156,460.95001220703125,6580663
2016-07-08,454.1004333496094,466.29998779296875,468.20001220703125,462.6499938964844,464.29998779296875,9263727
2016-07-11,471.9216613769531,484.6000061035156,486.79998779296875,472.1000061035156,472.1000061035156,10477166
2016-07-12,471.62945556640625,484.29998779296875,488.6499938964844,481.1000061035156,486.0,6767972
2016-07-13,468.51318359375,481.1000061035156,488.1000061035156,477.95001220703125,485.95001220703125,5855718
2016-07-14,473.38238525390625,486.1000061035156,489.29998779296875,478.95001220703125,480.1000061035156,5983007
2016-07-15,481.07574462890625,494.0,501.70001220703125,479.6499938964844,480.0,8889558
2016-07-18,479.955322265625,492.6499938964844,505.0,490.0,495.0,7463954
2016-07-19,486.38525390625,499.25,503.5,493.45001220703125,493.8999938964844,7665519
2016-07-20,481.1731262207031,493.8999938964844,502.45001220703125,492.45001220703125,496.29998779296875,5697901
2016-07-21,478.39654541015625,491.04998779296875,500.0,489.70001220703125,498.45001220703125,3658371
2016-07-22,494.1304016113281,507.20001220703125,508.45001220703125,493.5,494.45001220703125,5588143
2016-07-25,495.884033203125,509.0,510.95001220703125,503.3500061035156,505.5,4638151
2016-07-26,490.2822265625,503.25,513.3499755859375,502.1000061035156,506.04998779296875,6187499
2016-07-27,496.9556884765625,510.1000061035156,513.0499877929688,505.5,507.75,5193425
2016-07-28,493.7893981933594,506.8500061035156,511.8999938964844,498.75,510.0,6338260
2016-07-29,490.2335205078125,503.20001220703125,510.5,501.1000061035156,507.79998779296875,3746332
2016-08-01,495.1533508300781,508.25,514.9000244140625,505.5,506.79998779296875,4748497
2016-08-02,480.58856201171875,493.29998779296875,511.20001220703125,491.1499938964844,510.0,5251838
2016-08-03,466.072509765625,478.3999938964844,499.5,475.5,494.5,7925049
2016-08-04,487.1159362792969,500.0,501.45001220703125,488.6000061035156,490.1000061035156,9476008
2016-08-05,503.0933532714844,516.4000244140625,518.7000122070312,502.1499938964844,507.20001220703125,6393514
2016-08-08,501.5345458984375,514.7999877929688,522.5999755859375,513.4000244140625,518.2000122070312,4649302
2016-08-09,500.5603332519531,513.7999877929688,522.0,509.20001220703125,521.0,6015760
2016-08-10,490.47705078125,503.45001220703125,516.5,502.29998779296875,515.5999755859375,6371139
2016-08-11,490.2822265625,503.25,505.0,495.1000061035156,503.75,4112806
2016-08-12,503.4830627441406,516.7999877929688,519.5,506.1499938964844,506.8999938964844,7167435
2016-08-16,494.5201110839844,507.6000061035156,515.0,503.29998779296875,512.9500122070312,6034295
2016-08-17,497.2479553222656,510.3999938964844,514.25,505.8500061035156,511.1000061035156,5853980
2016-08-18,498.85546875,512.0499877929688,517.9000244140625,510.75,512.4000244140625,4990558
2016-08-19,496.8582763671875,510.0,515.0,508.20001220703125,514.0,4567273
2016-08-22,490.9641418457031,503.95001220703125,513.5999755859375,503.1000061035156,509.1000061035156,4330313
2016-08-23,491.01287841796875,504.0,508.6000061035156,500.45001220703125,505.25,5342115
2016-08-24,485.5084533691406,498.3500061035156,506.04998779296875,493.6000061035156,504.70001220703125,5189459
2016-08-25,481.12445068359375,493.8500061035156,503.29998779296875,491.29998779296875,498.3500061035156,8787262
2016-08-26,490.769287109375,503.75,515.3499755859375,486.0,502.0,16347856
2016-08-29,511.7640380859375,525.2999877929688,528.75,515.4000244140625,522.5,12534399
2016-08-30,515.36865234375,529.0,530.7999877929688,524.0999755859375,528.5,6611147
2016-08-31,523.844482421875,537.7000122070312,548.7999877929688,529.0,529.0,15725942
2016-09-01,529.6411743164062,543.6500244140625,546.6500244140625,540.0,540.5,7571854
2016-09-02,535.681396484375,549.8499755859375,555.9000244140625,549.0999755859375,552.0,10097146
2016-09-06,573.5303344726562,588.7000122070312,593.2999877929688,556.3499755859375,556.3499755859375,15813178
2016-09-07,572.2637939453125,587.4000244140625,598.4000244140625,584.0,590.0,13408927
2016-09-08,569.146240234375,584.2000122070312,591.7000122070312,577.75,590.75,10456258
2016-09-09,558.4783325195312,573.25,582.9500122070312,571.7000122070312,580.0,7159068
2016-09-12,539.1885986328125,553.4500122070312,560.0,549.25,551.0,7055294
2016-09-14,546.0569458007812,560.5,565.3499755859375,544.0999755859375,556.25,12364724
2016-09-15,543.1829833984375,557.5499877929688,566.25,555.4000244140625,562.0,5258859
2016-09-16,534.5610961914062,548.7000122070312,568.2000122070312,546.3499755859375,562.4000244140625,10931845
2016-09-19,540.162841796875,554.4500122070312,556.4000244140625,549.4500122070312,553.7999877929688,6979269
2016-09-20,534.3174438476562,548.4500122070312,556.2999877929688,545.5,555.0,6874462
2016-09-21,535.7301635742188,549.9000244140625,556.4000244140625,544.0,548.5999755859375,5919149
2016-09-22,544.0597534179688,558.4500122070312,562.9500122070312,551.3499755859375,561.2000122070312,6012388
2016-09-23,538.7988891601562,553.0499877929688,558.5,551.2000122070312,558.5,4840360
2016-09-26,521.50634765625,535.2999877929688,549.9500122070312,533.75,549.9500122070312,6858574
2016-09-27,518.24267578125,531.9500122070312,542.0,530.25,537.7000122070312,4912743
2016-09-28,526.085205078125,540.0,545.4000244140625,531.5,533.0,6604953
2016-09-29,512.7382202148438,526.2999877929688,546.9000244140625,516.6500244140625,543.0,9315794
2016-09-30,521.06787109375,534.8499755859375,536.5499877929688,521.2000122070312,525.5999755859375,5659248
2016-10-03,526.8645629882812,540.7999877929688,546.0,539.0,539.4000244140625,4505939
2016-10-04,535.7788696289062,549.9500122070312,552.4000244140625,540.6500244140625,547.4000244140625,5715454
2016-10-05,545.2288818359375,559.6500244140625,562.4000244140625,549.75,555.2999877929688,5929204
2016-10-06,537.240234375,551.4500122070312,564.2000122070312,549.0999755859375,563.0999755859375,4273945
2016-10-07,551.1229858398438,565.7000122070312,567.2999877929688,552.5999755859375,554.5,9122002
2016-10-10,547.5670166015625,562.0499877929688,571.0999755859375,560.9000244140625,571.0999755859375,3673211
2016-10-13,530.8102416992188,544.8499755859375,556.9000244140625,537.0,556.9000244140625,9510827
2016-10-14,541.7703247070312,556.0999755859375,557.4500122070312,545.0,546.0,5872827
2016-10-17,533.440673828125,547.5499877929688,557.8499755859375,545.9000244140625,557.8499755859375,3463154
2016-10-18,539.968017578125,554.25,556.0,549.2000122070312,549.2000122070312,3965424
2016-10-19,536.3146362304688,550.5,554.9000244140625,545.0499877929688,552.0499877929688,4275157
2016-10-20,532.7586669921875,546.8499755859375,554.0,546.0,553.0499877929688,2770011
2016-10-21,530.4692993164062,544.5,550.0,541.5,549.0,2789747
2016-10-24,545.375,559.7999877929688,564.0,543.5499877929688,544.0,5161299
2016-10-25,539.5296020507812,553.7999877929688,561.0,549.0999755859375,549.8499755859375,5690576
2016-10-26,516.3916015625,530.0499877929688,548.0,523.1500244140625,548.0,6665017
2016-10-27,508.5490417480469,522.0,525.75,510.75,515.5999755859375,18470182
2016-10-28,523.1625366210938,537.0,539.9500122070312,525.0999755859375,527.0,5665910
2016-11-01,516.9273681640625,530.5999755859375,537.9000244140625,525.0499877929688,534.4000244140625,6848662
2016-11-02,500.07318115234375,513.2999877929688,526.0,512.3499755859375,522.5999755859375,4750117
2016-11-03,497.0531005859375,510.20001220703125,521.4500122070312,505.20001220703125,509.79998779296875,6909458
2016-11-04,499.0989990234375,512.2999877929688,516.3499755859375,501.6000061035156,509.25,7564243
2016-11-07,493.30230712890625,506.3500061035156,521.2999877929688,505.04998779296875,513.0,5507954
2016-11-08,526.280029296875,540.2000122070312,543.0,517.0,518.4000244140625,12739083
2016-11-09,519.752685546875,533.5,544.0,500.0,501.1499938964844,10276017
2016-11-10,519.9475708007812,533.7000122070312,549.3499755859375,531.5,536.0,6906437
2016-11-11,494.2278137207031,507.29998779296875,530.0,505.0,526.5,7823667
2016-11-15,445.6136779785156,457.3999938964844,484.8999938964844,453.0,484.8999938964844,15356070
2016-11-16,446.6366271972656,458.45001220703125,471.70001220703125,450.0,468.45001220703125,10855618
2016-11-17,460.66552734375,472.8500061035156,476.0,459.6499938964844,460.0,8949767
2016-11-18,459.1067810058594,471.25,473.8500061035156,461.8500061035156,469.8999938964844,7246244
2016-11-21,445.1752624511719,456.95001220703125,472.79998779296875,451.5,468.0,7325876
2016-11-22,452.8717041015625,464.8500061035156,471.0,453.29998779296875,464.04998779296875,6644867
2016-11-23,459.3503112792969,471.5,475.29998779296875,462.0,467.0,6727083
2016-11-24,441.2783203125,452.95001220703125,466.3500061035156,449.70001220703125,466.3500061035156,8046995
2016-11-25,440.6938171386719,452.3500061035156,456.3500061035156,443.1499938964844,454.1000061035156,7426347
2016-11-28,442.9832458496094,454.70001220703125,460.0,450.5,451.25,5025929
2016-11-29,448.0005187988281,459.8500061035156,466.29998779296875,451.3500061035156,455.0,8570549
2016-11-30,447.46466064453125,459.29998779296875,463.79998779296875,455.1000061035156,460.0,8377510
2016-12-01,436.6507263183594,448.20001220703125,457.70001220703125,446.8999938964844,457.0,7706825
2016-12-02,421.7449645996094,432.8999938964844,453.5,431.1499938964844,445.0,10450654
2016-12-05,427.9800720214844,439.29998779296875,441.0,428.29998779296875,436.0,8211182
2016-12-06,429.73370361328125,441.1000061035156,445.8999938964844,438.1000061035156,441.0,4209420
2016-12-07,433.8741760253906,445.3500061035156,449.20001220703125,439.25,440.0,5559803
2016-12-08,449.6567077636719,461.54998779296875,464.3999938964844,451.20001220703125,451.20001220703125,8176055
2016-12-09,452.1410217285156,464.1000061035156,468.54998779296875,460.6000061035156,464.95001220703125,5690877
2016-12-12,442.6909484863281,454.3999938964844,461.95001220703125,451.04998779296875,461.95001220703125,3837786
2016-12-13,458.522216796875,470.6499938964844,486.25,462.25,476.79998779296875,63880404
2016-12-14,460.1784362792969,472.3500061035156,476.79998779296875,462.6499938964844,470.20001220703125,7660437
2016-12-15,451.26422119140625,463.20001220703125,473.6000061035156,462.5,464.0,6539067
2016-12-16,460.9577941894531,473.1499938964844,474.8999938964844,464.20001220703125,465.0,9015744
2016-12-19,459.642578125,471.79998779296875,478.54998779296875,465.5,470.8999938964844,5445624
2016-12-20,460.9577941894531,473.1499938964844,475.0,469.1000061035156,473.0,3690160
2016-12-21,456.4276428222656,468.5,474.5,467.1000061035156,473.5,3492856
2016-12-22,457.499267578125,469.6000061035156,472.95001220703125,464.79998779296875,468.1499938964844,5436494
2016-12-23,453.65106201171875,465.6499938964844,468.29998779296875,460.0,464.95001220703125,3957854
2016-12-26,446.0520935058594,457.8500061035156,465.5,455.6000061035156,465.5,3282425
2016-12-27,454.9176025390625,466.95001220703125,468.75,457.3999938964844,460.0,3164664
2016-12-28,451.41033935546875,463.3500061035156,468.6499938964844,462.0,467.0,3772181
2016-12-29,458.7657775878906,470.8999938964844,472.70001220703125,459.3500061035156,462.75,4763171
2016-12-30,459.8374328613281,472.0,475.0,467.5,471.0,3605555
2017-01-02,474.4996337890625,487.04998779296875,488.70001220703125,469.04998779296875,472.0,4024156
2017-01-03,468.70294189453125,481.1000061035156,492.70001220703125,479.8999938964844,491.0,5814518
2017-01-04,474.10992431640625,486.6499938964844,493.70001220703125,484.1000061035156,484.6499938964844,4769872
2017-01-05,489.21051025390625,502.1499938964844,503.3999938964844,495.54998779296875,496.0,7961242
2017-01-06,484.9239196777344,497.75,507.95001220703125,496.25,502.95001220703125,4907475
2017-01-09,487.2620544433594,500.1499938964844,504.6000061035156,492.1499938964844,499.3999938964844,3932710
2017-01-10,502.94720458984375,516.25,518.0,505.95001220703125,506.54998779296875,7973024
2017-01-11,505.8699035644531,519.25,523.9500122070312,517.1500244140625,520.25,4886398
2017-01-12,504.8956604003906,518.25,524.0,513.2000122070312,521.7000122070312,4219627
2017-01-13,501.583251953125,514.8499755859375,523.25,507.5,523.25,6367248
2017-01-16,512.8356323242188,526.4000244140625,529.4500122070312,517.0,518.6500244140625,6084582
2017-01-17,510.20526123046875,523.7000122070312,530.7999877929688,521.0,528.0999755859375,4297426
2017-01-18,508.9874572753906,522.4500122070312,529.5999755859375,521.2000122070312,523.0499877929688,5874608
2017-01-19,517.7555541992188,531.4500122070312,535.5999755859375,522.7000122070312,523.0,5810128
2017-01-20,509.7181701660156,523.2000122070312,529.2999877929688,521.25,527.4000244140625,5013928
2017-01-23,518.9733276367188,532.7000122070312,534.9500122070312,523.0,523.2000122070312,4209879
2017-01-24,527.59521484375,541.5499877929688,543.0,532.3499755859375,533.0,5183630
2017-01-25,534.7559204101562,548.9000244140625,551.9000244140625,541.5499877929688,543.25,4504941
2017-01-27,527.9849853515625,541.9500122070312,552.0,539.75,549.0,4493803
2017-01-30,518.5835571289062,532.2999877929688,543.5,530.7999877929688,542.0,4163428
2017-01-31,510.05908203125,523.5499877929688,531.5,518.0,530.2000122070312,6035022
2017-02-01,528.2772216796875,542.25,544.5,522.9000244140625,527.5,4786720
2017-02-02,517.80419921875,531.5,537.5999755859375,526.7999877929688,537.5999755859375,6579801
2017-02-03,509.1335754394531,522.5999755859375,531.9000244140625,519.5,531.9000244140625,5298261
2017-02-06,512.2998657226562,525.8499755859375,531.4500122070312,523.2000122070312,527.9000244140625,3642527
2017-02-07,493.7406921386719,506.79998779296875,524.7999877929688,502.0,524.7999877929688,7987282
2017-02-08,499.82965087890625,513.0499877929688,514.9500122070312,506.29998779296875,512.3499755859375,5975054
2017-02-09,499.634765625,512.8499755859375,518.0,505.75,515.4000244140625,4099871
2017-02-10,496.4198303222656,509.54998779296875,514.7999877929688,506.5,513.0,4732032
2017-02-13,492.27935791015625,505.29998779296875,512.7000122070312,503.29998779296875,512.7000122070312,4700518
2017-02-14,469.62847900390625,482.04998779296875,506.70001220703125,466.54998779296875,503.0,14901414
2017-02-15,425.2035217285156,436.45001220703125,453.0,434.3500061035156,449.04998779296875,38638630
2017-02-16,434.5074462890625,446.0,447.6000061035156,435.3999938964844,442.54998779296875,11622714
2017-02-17,441.2783203125,452.95001220703125,456.6000061035156,442.3999938964844,447.8999938964844,10063504
2017-02-20,443.71392822265625,455.45001220703125,458.45001220703125,449.0,451.5,5866707
2017-02-21,446.8314208984375,458.6499938964844,462.79998779296875,454.5,456.8999938964844,6875914
2017-02-22,448.19537353515625,460.04998779296875,466.70001220703125,455.79998779296875,460.25,7315280
2017-02-23,450.43609619140625,462.3500061035156,464.70001220703125,457.25,464.0,9492419
2017-02-27,446.0033264160156,457.79998779296875,464.0,455.1000061035156,464.0,5510484
2017-02-28,444.9804382324219,456.75,460.0,454.1000061035156,460.0,5722402
2017-03-01,437.8685302734375,449.45001220703125,455.8999938964844,448.0,455.8999938964844,8367579
2017-03-02,449.8028564453125,461.70001220703125,467.8999938964844,453.20001220703125,457.8500061035156,13667695
2017-03-03,448.09796142578125,459.95001220703125,466.8500061035156,458.6000061035156,463.29998779296875,7085620
2017-03-06,458.6683349609375,470.79998779296875,472.70001220703125,462.1000061035156,462.5,4036291
2017-03-07,455.5021057128906,467.54998779296875,475.8999938964844,466.04998779296875,469.5,7114541
2017-03-08,450.87451171875,462.79998779296875,469.6000061035156,461.1499938964844,469.3999938964844,5351597
2017-03-09,455.5508728027344,467.6000061035156,469.70001220703125,462.0,462.45001220703125,3837624
2017-03-10,457.01214599609375,469.1000061035156,471.8500061035156,465.1000061035156,471.0,5766815
2017-03-14,457.6454162597656,469.75,483.0,468.45001220703125,481.0,6348198
2017-03-15,461.25006103515625,473.45001220703125,476.54998779296875,470.6499938964844,475.0,4801312
2017-03-16,468.5568542480469,480.95001220703125,482.0,476.1499938964844,478.70001220703125,6272947
2017-03-17,464.22149658203125,476.5,484.20001220703125,471.70001220703125,481.3500061035156,6338248
2017-03-20,463.734375,476.0,478.20001220703125,470.75,476.54998779296875,2871104
2017-03-21,461.5423583984375,473.75,478.04998779296875,470.6499938964844,478.0,4685410
2017-03-22,448.0491943359375,459.8999938964844,469.95001220703125,458.5,469.95001220703125,4695648
2017-03-23,460.7142639160156,472.8999938964844,477.0,461.29998779296875,461.29998779296875,8665384
2017-03-24,458.2786560058594,470.3999938964844,474.79998779296875,467.54998779296875,470.75,4296510
2017-03-27,452.7742614746094,464.75,469.1499938964844,462.1000061035156,469.0,4417413
2017-03-28,460.2271423339844,472.3999938964844,473.0,467.5,467.5,2982614
2017-03-29,456.96343994140625,469.04998779296875,475.0,463.6000061035156,474.8999938964844,6680569
2017-03-30,456.3301696777344,468.3999938964844,469.79998779296875,462.8500061035156,463.5,9482785
2017-03-31,453.8459167480469,465.8500061035156,472.5,464.5,466.5,6400088
2017-04-03,458.2786560058594,470.3999938964844,472.29998779296875,467.6000061035156,468.25,2951896
2017-04-05,461.2987976074219,473.5,475.0,467.25,470.3999938964844,5287168
2017-04-06,461.0065612792969,473.20001220703125,478.5,470.6000061035156,474.29998779296875,6703078
2017-04-07,456.2327575683594,468.29998779296875,480.54998779296875,466.6499938964844,468.45001220703125,8089461
2017-04-10,462.6627502441406,474.8999938964844,478.29998779296875,467.54998779296875,471.6499938964844,5437523
2017-04-11,460.0810241699219,472.25,478.3500061035156,471.1000061035156,477.8999938964844,4887918
2017-04-12,452.57940673828125,464.54998779296875,471.54998779296875,461.6000061035156,468.70001220703125,5991598
2017-04-13,441.66802978515625,453.3500061035156,463.3500061035156,451.20001220703125,461.8500061035156,5930185
2017-04-17,437.6249694824219,449.20001220703125,455.70001220703125,447.29998779296875,452.0,4913930
2017-04-18,432.2666931152344,443.70001220703125,455.75,442.5,452.0,4235130
2017-04-19,431.6334228515625,443.04998779296875,449.5,438.29998779296875,443.0,6319332
2017-04-20,432.51025390625,443.95001220703125,447.8500061035156,442.1000061035156,447.8500061035156,3288900
2017-04-21,429.24658203125,440.6000061035156,448.45001220703125,437.6000061035156,446.75,5325590
2017-04-24,432.4128112792969,443.8500061035156,449.0,438.75,439.79998779296875,6214069
2017-04-25,434.16644287109375,445.6499938964844,447.75,443.29998779296875,445.8500061035156,5894090
2017-04-26,439.1837158203125,450.79998779296875,454.3999938964844,445.5,446.0,8438042
2017-04-27,443.61651611328125,455.3500061035156,460.8999938964844,452.70001220703125,455.0,10589249
2017-04-28,447.07501220703125,458.8999938964844,462.0,454.3999938964844,457.1000061035156,5126904
2017-05-02,439.6221008300781,451.25,457.20001220703125,448.54998779296875,456.6000061035156,6071958
2017-05-03,435.09197998046875,446.6000061035156,456.0,444.6499938964844,451.3500061035156,5158586
2017-05-04,425.2522277832031,436.5,448.1000061035156,435.1499938964844,446.6499938964844,6204022
2017-05-05,408.7877197265625,419.6000061035156,436.5,418.0,436.5,9487539
2017-05-08,411.7591247558594,422.6499938964844,428.70001220703125,417.25,424.75,7427873
2017-05-09,415.8021545410156,426.79998779296875,428.79998779296875,422.70001220703125,424.75,2833132
2017-05-10,421.160400390625,432.29998779296875,433.0,424.0,427.79998779296875,5378402
2017-05-11,416.4354248046875,427.45001220703125,434.5,425.3999938964844,434.0,4049649
2017-05-12,419.7478332519531,430.8500061035156,433.79998779296875,427.45001220703125,429.6499938964844,3850940
2017-05-15,420.770751953125,431.8999938964844,434.0,430.1000061035156,434.0,1885702
2017-05-16,425.9828796386719,437.25,439.5,432.25,432.25,3452072
2017-05-17,437.5275573730469,449.1000061035156,452.5,435.1000061035156,436.5,6572678
2017-05-18,426.6648864746094,437.95001220703125,448.70001220703125,436.0,442.0,6158546
2017-05-19,431.9256896972656,443.3500061035156,444.95001220703125,434.6000061035156,439.0,4387481
2017-05-22,438.0633850097656,449.6499938964844,452.75,442.6000061035156,446.0,6145914
2017-05-23,438.89141845703125,450.5,456.45001220703125,444.29998779296875,451.45001220703125,10330814
2017-05-24,457.4505615234375,469.54998779296875,473.3500061035156,458.1000061035156,470.0,27370795
2017-05-25,463.734375,476.0,479.0,464.70001220703125,470.0,15108872
2017-05-26,468.70294189453125,481.1000061035156,488.25,473.5,474.1000061035156,7692869
2017-05-29,469.0926208496094,481.5,485.0,471.79998779296875,482.5,4253044
2017-05-30,468.8977966308594,481.29998779296875,487.0,480.0,482.70001220703125,3101380
2017-05-31,463.8805236816406,476.1499938964844,483.0,474.79998779296875,482.29998779296875,5393856
2017-06-01,464.3676452636719,476.6499938964844,479.70001220703125,473.54998779296875,476.95001220703125,3001232
2017-06-02,466.41351318359375,478.75,485.95001220703125,477.70001220703125,480.0,4319080
2017-06-05,465.8289489746094,478.1499938964844,481.8999938964844,475.20001220703125,478.29998779296875,2464819
2017-06-06,449.1208801269531,461.0,484.3500061035156,457.6000061035156,482.8999938964844,8016939
2017-06-07,446.1982116699219,458.0,463.6499938964844,453.5,462.54998779296875,5250544
2017-06-08,448.9260559082031,460.79998779296875,463.45001220703125,457.3500061035156,459.5,4066322
2017-06-09,455.0636901855469,467.1000061035156,468.0,455.0,459.95001220703125,4598706
2017-06-12,444.4932861328125,456.25,465.25,455.20001220703125,463.75,4341696
2017-06-13,437.9659423828125,449.54998779296875,458.75,448.0,457.1499938964844,3577406
2017-06-14,440.3041076660156,451.95001220703125,453.3999938964844,447.04998779296875,450.79998779296875,3605931
2017-06-15,436.7481689453125,448.29998779296875,457.8500061035156,446.95001220703125,452.0,3879154
2017-06-16,444.0061950683594,455.75,458.3999938964844,452.0,454.70001220703125,7042094
2017-06-19,440.6938171386719,452.3500061035156,456.3999938964844,450.5,453.79998779296875,3869675
2017-06-20,455.35595703125,467.3999938964844,470.75,456.0,457.0,12014975
2017-06-21,445.5162048339844,457.29998779296875,466.0,455.5,466.0,5436141
2017-06-22,441.0347595214844,452.70001220703125,463.0,451.6000061035156,458.8500061035156,5008885
2017-06-23,431.7308349609375,443.1499938964844,456.5,442.3999938964844,454.0,6753648
2017-06-27,430.9027404785156,442.29998779296875,444.5,434.3999938964844,443.79998779296875,5915274
2017-06-28,431.0975646972656,442.5,446.79998779296875,440.1499938964844,443.8999938964844,4960238
2017-06-29,424.3753967285156,435.6000061035156,446.25,434.0,444.5,11085101
2017-06-30,421.4039611816406,432.54998779296875,435.6000061035156,428.04998779296875,433.8999938964844,4776892
2017-07-03,419.1632385253906,430.25,434.70001220703125,426.25,431.5,6230025
2017-07-04,415.89959716796875,426.8999938964844,436.3999938964844,426.0,434.20001220703125,5020683
2017-07-05,420.6246337890625,431.75,433.95001220703125,427.3999938964844,428.8999938964844,5050749
2017-07-06,425.8367614746094,437.1000061035156,438.79998779296875,433.79998779296875,435.3999938964844,4038188
2017-07-07,425.59320068359375,436.8500061035156,441.45001220703125,432.25,434.45001220703125,5311730
2017-07-10,435.4329528808594,446.95001220703125,448.1000061035156,444.0,446.6000061035156,1154721
2017-07-11,445.1752624511719,456.95001220703125,462.29998779296875,451.0,452.0,12069006
2017-07-12,449.1208801269531,461.0,463.79998779296875,456.6000061035156,461.0,6051540
2017-07-13,447.2210998535156,459.04998779296875,464.5,455.54998779296875,464.5,4382063
2017-07-14,439.67083740234375,451.29998779296875,460.0,450.3999938964844,460.0,3974269
2017-07-17,442.4473876953125,454.1499938964844,458.3500061035156,453.25,455.0,4922453
2017-07-18,444.3958740234375,456.1499938964844,459.5,452.6000061035156,452.6000061035156,2349268
2017-07-19,448.731201171875,460.6000061035156,462.8999938964844,453.0,453.0,3395937
2017-07-20,448.29278564453125,460.1499938964844,464.3500061035156,457.3500061035156,463.5,3318626
2017-07-21,452.6281433105469,464.6000061035156,465.8999938964844,457.6000061035156,460.0,3150269
2017-07-24,452.0435791015625,464.0,468.3500061035156,461.0,464.95001220703125,3773074
2017-07-25,444.34716796875,456.1000061035156,464.70001220703125,454.70001220703125,462.1499938964844,7052112
2017-07-26,445.5162048339844,457.29998779296875,458.70001220703125,455.0,457.20001220703125,3641559
2017-07-27,433.9228515625,445.3999938964844,460.95001220703125,440.29998779296875,459.0,13738611
2017-07-28,434.36126708984375,445.8500061035156,447.45001220703125,442.45001220703125,444.6000061035156,3365171
2017-07-31,433.14349365234375,444.6000061035156,449.70001220703125,443.70001220703125,446.25,3804621
2017-08-01,435.3842468261719,446.8999938964844,452.3500061035156,445.70001220703125,446.54998779296875,4012791
2017-08-02,429.0030212402344,440.3500061035156,449.95001220703125,438.1499938964844,449.5,4045533
2017-08-03,420.3323669433594,431.45001220703125,441.5,429.6000061035156,441.0,6197142
2017-08-04,424.3753967285156,435.6000061035156,438.75,433.45001220703125,435.1000061035156,4166729
2017-08-07,418.9197082519531,430.0,439.79998779296875,425.29998779296875,438.6000061035156,6461815
2017-08-08,418.9197082519531,430.0,435.5,426.0,432.0,7134979
2017-08-09,405.32916259765625,416.04998779296875,429.8999938964844,415.0,428.79998779296875,10849567
2017-08-10,370.4029541015625,380.20001220703125,403.6000061035156,375.25,401.0,28114017
2017-08-11,364.849853515625,374.5,379.1000061035156,358.5,376.0,14699477
2017-08-14,365.72662353515625,375.3999938964844,381.79998779296875,372.6000061035156,380.0,8216208
2017-08-16,379.2197570800781,389.25,390.70001220703125,375.5,379.45001220703125,11019760
2017-08-17,375.37152099609375,385.29998779296875,392.45001220703125,384.5,392.45001220703125,5971420
2017-08-18,370.5977783203125,380.3999938964844,383.0,377.0,381.75,5856198
2017-08-21,364.7037048339844,374.3500061035156,382.54998779296875,371.29998779296875,382.0,5123101
2017-08-22,363.9730224609375,373.6000061035156,379.95001220703125,372.25,378.79998779296875,4163794
2017-08-23,370.159423828125,379.95001220703125,381.1499938964844,373.3500061035156,376.0,4448871
2017-08-24,374.25115966796875,384.1499938964844,385.95001220703125,380.1000061035156,380.1000061035156,5208541
2017-08-28,369.526123046875,379.29998779296875,387.3999938964844,378.29998779296875,385.8500061035156,4403872
2017-08-29,366.40863037109375,376.1000061035156,382.3500061035156,374.45001220703125,379.0,4689547
2017-08-30,368.74676513671875,378.5,382.75,377.45001220703125,380.8500061035156,3734824
2017-08-31,366.8470153808594,376.54998779296875,380.45001220703125,375.79998779296875,380.04998779296875,4685511
2017-09-01,380.77850341796875,390.8500061035156,392.8500061035156,378.6499938964844,379.3500061035156,7380325
2017-09-04,373.5205078125,383.3999938964844,396.04998779296875,380.5,393.0,8433560
2017-09-05,378.1480712890625,388.1499938964844,389.5,383.3999938964844,385.70001220703125,4477993
2017-09-06,372.8385314941406,382.70001220703125,386.70001220703125,381.8500061035156,385.0,5953907
2017-09-07,368.4057922363281,378.1499938964844,384.3999938964844,376.0,383.70001220703125,7938665
2017-09-08,365.3856506347656,375.04998779296875,381.79998779296875,374.04998779296875,381.0,7471355
2017-09-11,365.62921142578125,375.29998779296875,380.0,374.20001220703125,380.0,5402725
2017-09-12,378.2455139160156,388.25,390.0,375.5,378.70001220703125,9266823
2017-09-13,379.6094665527344,389.6499938964844,393.95001220703125,387.20001220703125,391.0,6537279
2017-09-14,393.9793395996094,404.3999938964844,406.6000061035156,390.25,390.75,11476571
2017-09-15,391.3976745605469,401.75,406.75,400.0,402.8500061035156,9675506
2017-09-18,394.5152282714844,404.95001220703125,413.0,403.20001220703125,411.8500061035156,8966503
2017-09-19,412.73333740234375,423.6499938964844,427.70001220703125,414.0,415.0,28208471
2017-09-20,404.1113586425781,414.79998779296875,422.75,413.0,422.75,5179160
2017-09-21,402.99102783203125,413.6499938964844,418.45001220703125,408.79998779296875,415.3999938964844,6946502
2017-09-22,401.18865966796875,411.79998779296875,422.1499938964844,408.8500061035156,414.0,9781308
2017-09-25,397.68145751953125,408.20001220703125,415.29998779296875,404.6000061035156,413.6499938964844,6957357
2017-09-26,400.65289306640625,411.25,413.8999938964844,403.29998779296875,409.3999938964844,5077291
2017-09-27,394.46649169921875,404.8999938964844,414.25,402.0,413.5,4727360
2017-09-28,391.0566711425781,401.3999938964844,406.95001220703125,399.0,406.95001220703125,4850748
2017-09-29,391.15411376953125,401.5,405.0,397.3999938964844,401.3999938964844,7520906
2017-10-03,405.28045654296875,416.0,428.0,415.0,428.0,9696920
2017-10-04,412.6358947753906,423.54998779296875,426.0,412.70001220703125,417.54998779296875,7663143
2017-10-05,412.3923645019531,423.29998779296875,425.79998779296875,420.1000061035156,423.0,4606192
2017-10-06,413.90240478515625,424.8500061035156,426.0,416.20001220703125,422.0,5308695
2017-10-09,414.633056640625,425.6000061035156,432.1000061035156,423.04998779296875,424.0,4414381
2017-10-10,412.6846008300781,423.6000061035156,428.8999938964844,421.3999938964844,425.6000061035156,5057869
2017-10-11,404.7933349609375,415.5,424.8999938964844,414.1000061035156,424.8999938964844,4320451
2017-10-12,409.3235168457031,420.1499938964844,421.79998779296875,409.3500061035156,415.5,5442846
2017-10-13,413.85369873046875,424.79998779296875,429.29998779296875,418.8999938964844,421.0,6969434
2017-10-16,425.78802490234375,437.04998779296875,438.0,425.8500061035156,426.29998779296875,8476709
2017-10-17,421.160400390625,432.29998779296875,435.75,430.20001220703125,435.75,5135763
2017-10-18,422.0372314453125,433.20001220703125,437.29998779296875,426.6000061035156,432.25,5539785
2017-10-19,415.94830322265625,426.95001220703125,433.1000061035156,424.25,433.0,1313380
2017-10-23,411.8565368652344,422.75,430.8500061035156,421.0,429.1000061035156,4013418
2017-10-24,405.32916259765625,416.04998779296875,423.79998779296875,415.04998779296875,422.75,4541742
2017-10-25,411.0771789550781,421.95001220703125,424.3999938964844,415.1000061035156,421.0,5666968
2017-10-26,408.59283447265625,419.3999938964844,422.3999938964844,417.0,421.70001220703125,6207936
2017-10-27,418.8222961425781,429.8999938964844,434.3500061035156,422.04998779296875,422.04998779296875,7414741
2017-10-30,425.3009033203125,436.54998779296875,440.95001220703125,428.25,428.25,7675104
2017-10-31,417.3609313964844,428.3999938964844,438.8500061035156,427.29998779296875,438.8500061035156,6214996
2017-11-01,426.4700012207031,437.75,439.95001220703125,428.45001220703125,430.95001220703125,7310931
2017-11-02,423.69342041015625,434.8999938964844,440.3999938964844,429.8999938964844,435.70001220703125,8262211
2017-11-03,436.16363525390625,447.70001220703125,449.3500061035156,432.6499938964844,434.0,8116263
2017-11-06,450.9719543457031,462.8999938964844,468.0,443.54998779296875,445.75,19456789
2017-11-07,440.2066345214844,451.8500061035156,465.8999938964844,450.04998779296875,458.20001220703125,13266543
2017-11-08,426.9084167480469,438.20001220703125,455.0,431.29998779296875,448.0,11193613
2017-11-09,428.8081970214844,440.1499938964844,450.8999938964844,425.6499938964844,442.1000061035156,40547266
2017-11-10,411.6616516113281,422.54998779296875,438.95001220703125,420.0,438.95001220703125,22534490
2017-11-13,407.32635498046875,418.1000061035156,427.5,416.1000061035156,423.0,9857544
2017-11-14,403.624267578125,414.29998779296875,421.8500061035156,410.6499938964844,418.54998779296875,8987515
2017-11-15,398.1198425292969,408.6499938964844,417.54998779296875,407.0,414.29998779296875,9867270
2017-11-16,402.7961730957031,413.45001220703125,415.8999938964844,411.3500061035156,411.3500061035156,6291441
2017-11-17,410.9309997558594,421.79998779296875,423.45001220703125,417.0,419.45001220703125,6191428
2017-11-20,412.10009765625,423.0,425.70001220703125,420.1000061035156,421.0,4051153
2017-11-21,413.3178405761719,424.25,430.0,422.5,424.45001220703125,6745407
2017-11-22,417.5557861328125,428.6000061035156,433.0,424.5,425.45001220703125,7899417
2017-11-23,415.2663269042969,426.25,431.04998779296875,422.45001220703125,428.6000061035156,7374216
2017-11-24,414.53564453125,425.5,429.95001220703125,424.25,427.0,5108182
2017-11-27,410.54132080078125,421.3999938964844,424.75,417.79998779296875,423.0,7946028
2017-11-28,405.2317810058594,415.95001220703125,422.25,414.5,419.79998779296875,6217480
2017-11-29,403.2833251953125,413.95001220703125,419.45001220703125,412.04998779296875,415.8999938964844,4327453
2017-11-30,393.73583984375,404.1499938964844,412.25,402.25,410.3999938964844,25646262
2017-12-01,388.6210632324219,398.8999938964844,410.25,396.5,407.8999938964844,7959197
2017-12-04,393.2486877441406,403.6499938964844,411.25,401.70001220703125,405.79998779296875,10043491
2017-12-05,391.884765625,402.25,405.5,396.54998779296875,404.54998779296875,7144542
2017-12-06,386.8187561035156,397.04998779296875,404.0,395.0,400.20001220703125,5573968
2017-12-07,391.6412048339844,402.0,405.29998779296875,397.1499938964844,398.0,7998863
2017-12-08,400.555419921875,411.1499938964844,413.75,406.0,406.0,12288946
2017-12-11,399.5812072753906,410.1499938964844,415.20001220703125,409.04998779296875,412.0,5066242
2017-12-12,396.3662414550781,406.8500061035156,415.5,405.95001220703125,411.54998779296875,6151197
2017-12-13,391.592529296875,401.95001220703125,409.8500061035156,400.0,407.0,5140689
2017-12-14,392.0309143066406,402.3999938964844,404.54998779296875,398.20001220703125,404.0,4674026
2017-12-15,394.661376953125,405.1000061035156,409.0,404.20001220703125,406.5,5614113
2017-12-18,395.3432922363281,405.79998779296875,409.8999938964844,389.29998779296875,399.0,5356208
2017-12-19,409.2748107910156,420.1000061035156,421.70001220703125,407.3500061035156,407.3500061035156,9686883
2017-12-20,411.71038818359375,422.6000061035156,427.75,419.25,421.95001220703125,11191127
2017-12-21,409.9567565917969,420.79998779296875,426.04998779296875,419.54998779296875,424.0,4885225
2017-12-22,411.1258850097656,422.0,426.3999938964844,420.8999938964844,422.04998779296875,5345261
2017-12-26,413.2691345214844,424.20001220703125,425.1499938964844,421.1499938964844,422.0,3700655
2017-12-27,411.56427001953125,422.45001220703125,428.45001220703125,420.29998779296875,423.5,3673355
2017-12-28,407.8134765625,418.6000061035156,423.70001220703125,416.0,423.5,5018893
2017-12-29,420.7220458984375,431.8500061035156,433.45001220703125,417.1499938964844,418.0,8640908
2018-01-01,413.5127258300781,424.45001220703125,436.3999938964844,422.25,430.95001220703125,6807536
2018-01-02,427.9800720214844,439.29998779296875,440.8500061035156,422.0,428.8500061035156,15331261
2018-01-03,422.7192077636719,433.8999938964844,441.3999938964844,431.95001220703125,440.3999938964844,9794953
2018-01-04,418.8710021972656,429.95001220703125,433.29998779296875,425.75,430.0,8395377
2018-01-05,420.478515625,431.6000061035156,436.3500061035156,429.79998779296875,431.25,7021611
2018-01-08,422.3782043457031,433.54998779296875,436.20001220703125,431.6499938964844,432.0,4635214
2018-01-09,426.2751770019531,437.54998779296875,443.5,433.0,434.25,12629045
2018-01-10,422.1346435546875,433.29998779296875,439.29998779296875,431.29998779296875,438.0,4702579
2018-01-11,423.5472717285156,434.75,437.6000061035156,432.8999938964844,433.5,4564895
2018-01-12,425.8367614746094,437.1000061035156,441.45001220703125,432.1000061035156,437.0,7408870
2018-01-15,421.2091064453125,432.3500061035156,440.04998779296875,431.04998779296875,438.04998779296875,4042775
2018-01-16,411.0284423828125,421.8999938964844,435.20001220703125,419.5,433.0,5623745
2018-01-17,412.0513610839844,422.95001220703125,424.5,410.1000061035156,422.04998779296875,10204447
2018-01-18,408.15447998046875,418.95001220703125,428.29998779296875,414.45001220703125,424.0,9579830
2018-01-19,407.2776184082031,418.04998779296875,421.95001220703125,415.04998779296875,415.20001220703125,3894062
2018-01-22,411.0284423828125,421.8999938964844,424.3999938964844,418.45001220703125,419.04998779296875,4643782
2018-01-23,407.22894287109375,418.0,422.79998779296875,414.75,422.79998779296875,6185011
2018-01-24,393.20001220703125,403.6000061035156,416.25,402.6499938964844,416.0,10789570
2018-01-25,389.9850158691406,400.29998779296875,407.6499938964844,398.0,403.45001220703125,16312167
2018-01-29,388.9620666503906,399.25,405.8999938964844,398.1000061035156,402.5,5789602
2018-01-30,385.6496887207031,395.8500061035156,402.29998779296875,395.0,400.0,6963005
2018-01-31,389.20562744140625,399.5,400.95001220703125,395.25,395.5,5111454
2018-02-01,383.5063781738281,393.6499938964844,403.79998779296875,390.54998779296875,399.8999938964844,7259426
2018-02-02,373.8614807128906,383.75,397.3999938964844,381.29998779296875,392.0,10070356
2018-02-05,385.6009826660156,395.79998779296875,398.0,380.0,381.0,9876017
2018-02-06,365.775390625,375.45001220703125,379.8500061035156,356.5,363.0,25294860
2018-02-07,368.0648193359375,377.79998779296875,385.3999938964844,375.20001220703125,380.3999938964844,12706795
2018-02-08,365.1908264160156,374.8500061035156,380.0,372.20001220703125,379.8999938964844,12452396
2018-02-09,359.2480163574219,368.75,373.20001220703125,368.0,369.8999938964844,8816777
2018-02-12,362.21942138671875,371.79998779296875,376.20001220703125,370.20001220703125,373.3999938964844,6002369
2018-02-14,367.1392822265625,376.8500061035156,382.29998779296875,370.6000061035156,372.8999938964844,9623436
2018-02-15,366.1163330078125,375.79998779296875,382.20001220703125,373.1000061035156,379.79998779296875,10225880
2018-02-16,361.19647216796875,370.75,379.3999938964844,367.6000061035156,378.0,8545282
2018-02-19,359.2480163574219,368.75,374.70001220703125,362.79998779296875,373.70001220703125,5658765
2018-02-20,359.7838439941406,369.29998779296875,370.8999938964844,366.5,370.3500061035156,3972114
2018-02-21,355.0588073730469,364.45001220703125,372.5,362.8500061035156,372.5,8640166
2018-02-22,349.2621154785156,358.5,363.0,357.5,363.0,10870704
2018-02-23,350.9183349609375,360.20001220703125,364.6000061035156,358.75,360.1000061035156,6751064
2018-02-26,362.46295166015625,372.04998779296875,373.5,362.0,362.0,10576794
2018-02-27,362.9500427246094,372.54998779296875,376.6000061035156,370.3500061035156,375.0,6156672
2018-02-28,360.36834716796875,369.8999938964844,373.6499938964844,367.1499938964844,370.0,8009429
2018-03-01,361.19647216796875,370.75,376.29998779296875,369.04998779296875,369.75,6991806
2018-03-05,342.97833251953125,352.04998779296875,368.75,350.1000061035156,368.75,14665325
2018-03-06,337.57135009765625,346.5,357.95001220703125,345.0,355.1499938964844,8876632
2018-03-07,338.8378601074219,347.79998779296875,355.29998779296875,343.25,345.0,15599393
2018-03-08,336.2561340332031,345.1499938964844,351.8999938964844,341.04998779296875,350.79998779296875,7674221
2018-03-09,332.7001953125,341.5,348.70001220703125,340.1499938964844,345.54998779296875,5519224
2018-03-12,343.51416015625,352.6000061035156,353.79998779296875,340.3500061035156,345.0,8238960
2018-03-13,344.0499267578125,353.1499938964844,356.45001220703125,350.0,352.6000061035156,6184241
2018-03-14,344.9267883300781,354.04998779296875,354.8999938964844,349.6000061035156,351.0,3820313
2018-03-15,344.0012512207031,353.1000061035156,358.3999938964844,351.1000061035156,354.04998779296875,4331145
2018-03-16,330.99530029296875,339.75,352.6000061035156,338.3999938964844,352.04998779296875,14205582
2018-03-19,327.0496520996094,335.70001220703125,342.1000061035156,332.54998779296875,341.20001220703125,9391347
2018-03-20,330.06976318359375,338.79998779296875,340.3999938964844,333.54998779296875,335.5,5080453
2018-03-21,325.247314453125,333.8500061035156,342.25,332.25,339.8999938964844,6812442
2018-03-22,329.4852294921875,338.20001220703125,340.25,334.79998779296875,338.5,9255091
2018-03-23,322.3246154785156,330.8500061035156,334.79998779296875,329.6000061035156,330.0,8578297
2018-03-26,323.7859802246094,332.3500061035156,333.8999938964844,324.29998779296875,328.79998779296875,8907023
2018-03-27,322.61688232421875,331.1499938964844,335.79998779296875,330.1000061035156,333.95001220703125,6822448
2018-03-28,318.4276428222656,326.8500061035156,333.6499938964844,325.20001220703125,331.5,10975624
2018-04-02,330.4107360839844,339.1499938964844,340.79998779296875,332.70001220703125,335.0,9874486
2018-04-03,334.2590026855469,343.1000061035156,344.5,337.1499938964844,338.3999938964844,6989584
2018-04-04,346.4368591308594,355.6000061035156,363.70001220703125,346.25,346.79998779296875,27157199
2018-04-05,352.8667907714844,362.20001220703125,372.3500061035156,359.79998779296875,362.6000061035156,28886070
2018-04-06,354.7178039550781,364.1000061035156,368.3500061035156,356.45001220703125,362.0,13297051
2018-04-09,349.0672912597656,358.29998779296875,368.6000061035156,357.0,361.8999938964844,9555113
2018-04-10,344.14739990234375,353.25,362.3500061035156,351.5,360.5,8201215
2018-04-11,346.6316833496094,355.79998779296875,357.1499938964844,350.5,355.0,5622957
2018-04-12,349.1647033691406,358.3999938964844,364.3999938964844,357.0,358.0,13145938
2018-04-13,347.8494873046875,357.04998779296875,361.0,354.3999938964844,357.8999938964844,5935628
2018-04-16,330.4107360839844,339.1499938964844,352.79998779296875,337.54998779296875,350.79998779296875,19157051
2018-04-17,327.7803039550781,336.45001220703125,344.20001220703125,332.6000061035156,342.29998779296875,14241074
2018-04-18,326.17279052734375,334.79998779296875,339.75,333.3999938964844,338.20001220703125,6699271
2018-04-19,325.6369934082031,334.25,337.0,332.5,336.5,7087115
2018-04-20,327.3419189453125,336.0,343.25,334.6000061035156,335.95001220703125,11908652
2018-04-23,325.442138671875,334.04998779296875,339.5,333.0,335.95001220703125,8056732
2018-04-24,323.0065612792969,331.54998779296875,335.0,330.6000061035156,334.79998779296875,9210931
2018-04-25,320.13262939453125,328.6000061035156,334.0,327.75,330.79998779296875,6306039
2018-04-26,321.7400817871094,330.25,335.95001220703125,326.0,329.8999938964844,16647689
2018-04-27,328.21868896484375,336.8999938964844,337.6499938964844,331.04998779296875,333.0,8804236
2018-04-30,331.6285400390625,340.3999938964844,342.75,337.25,338.5,5937740
2018-05-02,327.3905944824219,336.04998779296875,351.6499938964844,335.0,349.20001220703125,16022148
2018-05-03,324.9063415527344,333.5,335.8999938964844,329.1499938964844,335.5,6870513
2018-05-04,325.7831115722656,334.3999938964844,337.29998779296875,329.5,333.75,6660062
2018-05-07,326.5137939453125,335.1499938964844,337.8500061035156,333.70001220703125,337.8500061035156,3888627
2018-05-08,323.59112548828125,332.1499938964844,336.6000061035156,330.25,336.29998779296875,8114997
2018-05-09,333.13861083984375,341.95001220703125,347.25,331.0,331.0,19019847
2018-05-10,325.0037536621094,333.6000061035156,343.75,332.75,343.75,11158000
2018-05-11,322.2759094238281,330.79998779296875,334.0,330.0,334.0,7365579
2018-05-14,315.261474609375,323.6000061035156,333.0,323.0,333.0,8312976
2018-05-15,302.10931396484375,310.1000061035156,324.04998779296875,305.70001220703125,324.0,15323964
2018-05-16,302.25543212890625,310.25,315.75,306.70001220703125,309.95001220703125,12051269
2018-05-17,306.7856140136719,314.8999938964844,319.5,309.29998779296875,313.1000061035156,10214660
2018-05-18,296.75103759765625,304.6000061035156,315.0,303.5,314.75,11688577
2018-05-21,288.27520751953125,295.8999938964844,307.20001220703125,294.70001220703125,304.75,11549490
2018-05-22,299.7711486816406,307.70001220703125,312.5,296.54998779296875,296.54998779296875,17199292
2018-05-23,301.4760437011719,309.45001220703125,317.25,305.3999938964844,311.1000061035156,17698475
2018-05-24,281.2120361328125,288.6499938964844,307.6499938964844,284.1000061035156,300.0,46104103
2018-05-25,286.5702819824219,294.1499938964844,297.45001220703125,286.25,290.3999938964844,19240172
2018-05-28,288.6648864746094,296.29998779296875,299.8999938964844,290.29998779296875,293.75,8516862
2018-05-29,287.0574035644531,294.6499938964844,300.0,293.0,296.79998779296875,9816561
2018-05-30,281.4555969238281,288.8999938964844,292.25,286.1499938964844,289.95001220703125,11649429
2018-05-31,275.22052001953125,282.5,290.8500061035156,281.6000061035156,289.95001220703125,28771987
2018-06-01,279.7994079589844,287.20001220703125,290.3500061035156,283.04998779296875,284.5,15840810
2018-06-04,279.2635803222656,286.6499938964844,293.8500061035156,286.0,292.5,10835487
2018-06-05,277.6073913574219,284.95001220703125,288.25,283.6000061035156,286.6499938964844,7456195
2018-06-06,288.0316467285156,295.6499938964844,296.8999938964844,285.25,286.8500061035156,19754001
2018-06-07,297.5304260253906,305.3999938964844,306.8999938964844,295.25,296.29998779296875,22839023
2018-06-08,301.9631652832031,309.95001220703125,315.54998779296875,302.3999938964844,305.70001220703125,27249374
2018-06-11,301.768310546875,309.75,313.8999938964844,306.6499938964844,310.8999938964844,14650133
2018-06-12,299.8685302734375,307.79998779296875,313.6499938964844,307.20001220703125,310.95001220703125,7932388
2018-06-13,300.4530944824219,308.3999938964844,311.25,307.0,309.20001220703125,7280886
2018-06-14,298.01751708984375,305.8999938964844,309.6000061035156,303.79998779296875,308.5,6532693
2018-06-15,295.1435852050781,302.95001220703125,307.6499938964844,300.54998779296875,305.75,8224497
2018-06-18,300.8427734375,308.79998779296875,311.0,302.1000061035156,302.8999938964844,8787098
2018-06-19,297.1894226074219,305.04998779296875,312.79998779296875,303.29998779296875,309.6000061035156,10498362
2018-06-20,297.7252502441406,305.6000061035156,308.25,304.04998779296875,304.8999938964844,6607472
2018-06-21,299.0892333984375,307.0,308.5,305.5,307.8999938964844,5085379
2018-06-22,300.06341552734375,308.0,308.8999938964844,303.20001220703125,306.8500061035156,6033095
2018-06-25,281.94268798828125,289.3999938964844,306.29998779296875,287.6000061035156,306.29998779296875,16392183
2018-06-26,269.7160949707031,276.8500061035156,288.3999938964844,275.1000061035156,288.3999938964844,30728620
2018-06-27,264.0655517578125,271.04998779296875,279.5,270.0,278.5,19077416
2018-06-28,256.56396484375,263.3500061035156,272.6499938964844,261.8500061035156,272.0,19507165
2018-06-29,262.36065673828125,269.29998779296875,270.5,262.6499938964844,265.45001220703125,14765516
2018-07-02,259.82763671875,266.70001220703125,276.04998779296875,265.6000061035156,276.0,16495647
2018-07-03,262.5068054199219,269.45001220703125,271.5,267.20001220703125,269.5,11484332
2018-07-04,260.1686096191406,267.04998779296875,271.5,265.6499938964844,270.0,7394858
2018-07-05,254.8103485107422,261.54998779296875,263.75,252.5500030517578,263.5,20820454
2018-07-06,263.8706970214844,270.8500061035156,272.5,261.8500061035156,262.0,19215897
2018-07-09,266.4524230957031,273.5,277.0,272.04998779296875,274.6000061035156,9387556
2018-07-10,268.3521728515625,275.45001220703125,276.8999938964844,272.8999938964844,274.8999938964844,6351033
2018-07-11,260.8992614746094,267.79998779296875,276.3999938964844,267.1000061035156,276.3999938964844,7356582
2018-07-12,259.24310302734375,266.1000061035156,272.0,265.5,269.6000061035156,8573517
2018-07-13,256.8075256347656,263.6000061035156,269.3999938964844,262.70001220703125,267.29998779296875,8352827
2018-07-16,245.60385131835938,252.10000610351562,260.79998779296875,250.5,260.5,11067012
2018-07-17,251.30313110351562,257.95001220703125,259.0,252.3000030517578,253.0,6350966
2018-07-18,245.3603057861328,251.85000610351562,259.45001220703125,247.3000030517578,259.45001220703125,9348644
2018-07-19,245.99354553222656,252.5,257.8500061035156,251.1999969482422,254.0,9556686
2018-07-20,246.87034606933594,253.39999389648438,254.0,251.0,252.6999969482422,6422014
2018-07-23,252.08248901367188,258.75,259.5,251.10000610351562,254.9499969482422,8891743
2018-07-24,252.13121032714844,258.79998779296875,263.75,257.1000061035156,258.75,9906160
2018-07-25,251.20570373535156,257.8500061035156,261.70001220703125,256.1000061035156,260.0,6721386
2018-07-26,251.5953826904297,258.25,263.0,257.5,260.1000061035156,8817721
2018-07-27,261.2402648925781,268.1499938964844,269.70001220703125,258.54998779296875,259.1000061035156,15275469
2018-07-30,260.60699462890625,267.5,271.6499938964844,266.20001220703125,267.75,7801098
2018-07-31,257.29461669921875,264.1000061035156,270.45001220703125,262.20001220703125,268.95001220703125,10026055
2018-08-01,258.22015380859375,265.04998779296875,268.0,250.0,250.0,53282545
2018-08-02,254.12838745117188,260.8500061035156,266.45001220703125,258.70001220703125,263.45001220703125,17421472
2018-08-03,251.7902374267578,258.45001220703125,263.8500061035156,257.6000061035156,262.1499938964844,9041836
2018-08-06,247.50360107421875,254.0500030517578,261.79998779296875,252.5,259.95001220703125,11371744
2018-08-07,245.11676025390625,251.60000610351562,256.0,250.5500030517578,255.1999969482422,14490727
2018-08-08,248.57525634765625,255.14999389648438,258.25,251.85000610351562,253.5,16125867
2018-08-09,251.20570373535156,257.8500061035156,260.3999938964844,255.5,256.6499938964844,7777719
2018-08-10,243.65541076660156,250.10000610351562,258.6499938964844,249.5500030517578,257.25,14606037
2018-08-13,242.2914581298828,248.6999969482422,249.6999969482422,243.10000610351562,249.25,13877900
2018-08-14,242.38888549804688,248.8000030517578,249.85000610351562,247.1999969482422,248.60000610351562,9171033
2018-08-16,244.82447814941406,251.3000030517578,252.8000030517578,245.25,245.8000030517578,14148347
2018-08-17,251.5953826904297,258.25,260.1000061035156,253.0,253.6999969482422,16117660
2018-08-20,263.1400146484375,270.1000061035156,271.8500061035156,259.20001220703125,261.8500061035156,25576718
2018-08-21,261.8735046386719,268.79998779296875,274.70001220703125,266.70001220703125,271.8500061035156,19505584
2018-08-23,250.28016662597656,256.8999938964844,269.20001220703125,256.0,269.20001220703125,18667622
2018-08-24,248.916259765625,255.5,258.6499938964844,255.0,257.0,8703468
2018-08-27,252.13121032714844,258.79998779296875,259.5,256.5,257.0,6127707
2018-08-28,253.30027770996094,260.0,263.25,259.04998779296875,261.70001220703125,8506857
2018-08-29,254.9564971923828,261.70001220703125,263.5,261.0,261.04998779296875,5117552
2018-08-30,252.66702270507812,259.3500061035156,263.0,259.0,262.29998779296875,6333570
2018-08-31,260.60699462890625,267.5,268.25,258.1000061035156,259.1000061035156,12360078
2018-09-03,259.730224609375,266.6000061035156,273.0,265.25,271.3999938964844,14597832
2018-09-04,255.20004272460938,261.95001220703125,270.79998779296875,260.3500061035156,270.5,14775900
2018-09-05,259.6327819824219,266.5,271.0,255.39999389648438,261.0,10084307
2018-09-06,262.9939270019531,269.95001220703125,272.0,263.8500061035156,269.70001220703125,14736214
2018-09-07,270.2519226074219,277.3999938964844,279.8999938964844,269.25,269.54998779296875,26189156
2018-09-10,268.59576416015625,275.70001220703125,282.0,271.75,276.0,21322969
2018-09-11,260.41217041015625,267.29998779296875,278.8500061035156,265.70001220703125,277.25,13444031
2018-09-12,255.63844299316406,262.3999938964844,268.20001220703125,258.8500061035156,268.20001220703125,14456273
2018-09-14,259.730224609375,266.6000061035156,269.6000061035156,263.3999938964844,265.0,10710620
2018-09-17,253.54385375976562,260.25,264.1000061035156,259.6499938964844,263.3500061035156,9461420
2018-09-18,245.01931762695312,251.5,259.79998779296875,250.60000610351562,257.75,11554420
2018-09-19,246.09095764160156,252.60000610351562,255.0,251.0,253.5500030517578,7845650
2018-09-21,243.89895629882812,250.35000610351562,257.70001220703125,228.85000610351562,255.0500030517578,18547453
2018-09-24,234.010498046875,240.1999969482422,251.0,239.35000610351562,250.1999969482422,8889259
2018-09-25,234.59503173828125,240.8000030517578,243.5,235.4499969482422,241.0,9030367
2018-09-26,227.33700561523438,233.35000610351562,243.1999969482422,229.5500030517578,242.3000030517578,17810869
2018-09-27,219.44570922851562,225.25,236.5500030517578,223.10000610351562,234.8000030517578,17430781
2018-09-28,217.9356689453125,223.6999969482422,230.6999969482422,219.5,227.89999389648438,14196824
2018-10-01,223.4401092529297,229.35000610351562,230.4499969482422,220.0,225.0,9743094
2018-10-03,221.73516845703125,227.60000610351562,232.8000030517578,225.8000030517578,230.0,9094685
2018-10-04,217.4972686767578,223.25,230.8000030517578,221.75,224.0,13898979
2018-10-05,210.67764282226562,216.25,226.4499969482422,214.75,222.75,10471026
2018-10-08,206.87814331054688,212.35000610351562,218.5,208.10000610351562,217.8000030517578,11854170
2018-10-09,179.5996551513672,184.35000610351562,206.0,170.3000030517578,205.6999969482422,142760251
2018-10-10,183.8862762451172,188.75,190.9499969482422,185.0500030517578,186.0,35670907
2018-10-11,178.2357177734375,182.9499969482422,187.75,178.0,180.64999389648438,19323517
2018-10-12,179.01510620117188,183.75,188.39999389648438,182.60000610351562,185.9499969482422,18014894
2018-10-15,179.5996551513672,184.35000610351562,186.5,182.6999969482422,186.5,11658409
2018-10-16,181.0609893798828,185.85000610351562,187.25,184.5500030517578,185.1999969482422,9695745
2018-10-17,175.31301879882812,179.9499969482422,187.8000030517578,179.10000610351562,187.60000610351562,12004524
2018-10-19,170.19830322265625,174.6999969482422,179.75,174.0,178.9499969482422,10469358
2018-10-22,166.35009765625,170.75,176.85000610351562,170.0500030517578,176.39999389648438,11721075
2018-10-23,166.25267028808594,170.64999389648438,175.6999969482422,169.5500030517578,170.0,15588511
2018-10-24,166.25267028808594,170.64999389648438,175.0,169.0,173.89999389648438,15421903
2018-10-25,161.08924865722656,165.35000610351562,169.75,164.60000610351562,168.9499969482422,14877057
2018-10-26,164.15806579589844,168.5,172.8000030517578,165.89999389648438,166.0,19584723
2018-10-29,170.83157348632812,175.35000610351562,176.5,167.6999969482422,169.9499969482422,14171750
2018-10-30,172.68258666992188,177.25,181.5,176.0500030517578,177.0,15602414
2018-10-31,174.48492431640625,179.10000610351562,180.0,173.4499969482422,178.3000030517578,12579712
2018-11-01,174.82591247558594,179.4499969482422,186.0500030517578,178.1999969482422,182.0,28947802
2018-11-02,185.3963165283203,190.3000030517578,191.85000610351562,180.89999389648438,180.9499969482422,29425248
2018-11-05,184.90921020507812,189.8000030517578,191.3000030517578,186.64999389648438,191.3000030517578,14818506
2018-11-06,188.2703094482422,193.25,199.9499969482422,191.75,192.4499969482422,35339222
2018-11-07,189.82908630371094,194.85000610351562,195.75,193.35000610351562,194.9499969482422,3932893
2018-11-09,190.21876525878906,195.25,200.75,192.0,192.89999389648438,22341961
2018-11-12,181.25584411621094,186.0500030517578,194.4499969482422,185.1999969482422,194.4499969482422,20789180
2018-11-13,174.87461853027344,179.5,183.0,178.35000610351562,180.75,22189598
2018-11-14,172.24420166015625,176.8000030517578,183.0,176.25,180.5,15795883
2018-11-15,175.5565948486328,180.1999969482422,182.6999969482422,177.5,178.0,18740276
2018-11-16,175.26431274414062,179.89999389648438,181.85000610351562,177.85000610351562,180.89999389648438,10022823
2018-11-19,179.8432159423828,184.60000610351562,185.5,179.10000610351562,180.60000610351562,14522581
2018-11-20,179.01510620117188,183.75,188.3000030517578,183.1999969482422,184.0500030517578,13114982
2018-11-21,179.40478515625,184.14999389648438,186.75,183.75,184.39999389648438,8097107
2018-11-22,177.84603881835938,182.5500030517578,186.14999389648438,181.75,185.5,9135857
2018-11-26,177.06663513183594,181.75,184.4499969482422,177.0,183.89999389648438,9865426
2018-11-27,175.41046142578125,180.0500030517578,184.5500030517578,178.5500030517578,181.6999969482422,11639680
2018-11-28,169.95474243164062,174.4499969482422,181.35000610351562,174.0,181.0,12504717
2018-11-29,172.68258666992188,177.25,179.35000610351562,173.4499969482422,175.9499969482422,20892744
2018-11-30,167.5191650390625,171.9499969482422,174.89999389648438,170.35000610351562,172.0,18393012
2018-12-03,170.92898559570312,175.4499969482422,176.4499969482422,170.0,173.25,14068885
2018-12-04,171.2212677001953,175.75,178.75,175.3000030517578,177.9499969482422,11481923
2018-12-05,164.8400421142578,169.1999969482422,173.0,168.60000610351562,173.0,14960527
2018-12-06,158.4588165283203,162.64999389648438,168.6999969482422,161.60000610351562,168.5,15428019
2018-12-07,158.2152557373047,162.39999389648438,164.1999969482422,160.8000030517578,162.25,13545006
2018-12-10,153.05184936523438,157.10000610351562,160.5,156.5,159.89999389648438,13520495
2018-12-11,154.0260772705078,158.10000610351562,159.5,154.64999389648438,155.0,12094881
2018-12-12,159.8714599609375,164.10000610351562,167.10000610351562,158.0,159.5,22461175
2018-12-13,162.5506134033203,166.85000610351562,168.0,165.5500030517578,166.0,12235499
2018-12-14,162.64801025390625,166.9499969482422,168.39999389648438,164.85000610351562,166.0,10091732
2018-12-17,169.46763610839844,173.9499969482422,175.9499969482422,167.25,167.25,28526103
2018-12-18,170.2470245361328,174.75,177.60000610351562,173.10000610351562,174.0,18015933
2018-12-19,169.41893005371094,173.89999389648438,176.5,172.5,176.5,11540042
2018-12-20,171.8544921875,176.39999389648438,177.3000030517578,171.75,173.0,15819006
2018-12-21,171.7083740234375,176.25,180.5,175.14999389648438,177.0,23742481
2018-12-24,168.05499267578125,172.5,177.85000610351562,171.5,176.25,11374468
2018-12-26,166.49623107910156,170.89999389648438,172.1999969482422,167.60000610351562,171.4499969482422,12044191
2018-12-27,163.9145050048828,168.25,173.39999389648438,167.6999969482422,172.75,15231581
2018-12-28,166.447509765625,170.85000610351562,172.1999969482422,169.14999389648438,169.39999389648438,8669584
2018-12-31,168.2498321533203,172.6999969482422,173.89999389648438,171.75,172.4499969482422,8511388
2019-01-01,168.9805145263672,173.4499969482422,174.1999969482422,171.3000030517578,173.5,6715543
2019-01-02,164.206787109375,168.5500030517578,171.75,168.0,170.60000610351562,13410104
2019-01-03,161.77120971679688,166.0500030517578,170.14999389648438,165.10000610351562,169.0,9321842
2019-01-04,166.54493713378906,170.9499969482422,171.9499969482422,168.5,169.0,17650435
2019-01-07,170.83157348632812,175.35000610351562,178.1999969482422,173.1999969482422,173.1999969482422,21438351
2019-01-08,175.31301879882812,179.9499969482422,180.5,176.10000610351562,176.10000610351562,20128985
2019-01-09,178.33314514160156,183.0500030517578,183.60000610351562,180.1999969482422,181.5,17468948
2019-01-10,180.9635772705078,185.75,186.85000610351562,183.5500030517578,183.64999389648438,16961888
2019-01-11,175.65402221679688,180.3000030517578,187.75,179.39999389648438,186.5500030517578,25902974
2019-01-14,177.69989013671875,182.39999389648438,198.3000030517578,177.4499969482422,180.3000030517578,18935120
2019-01-15,180.57388305664062,185.35000610351562,185.8000030517578,181.25,183.3000030517578,13536578
2019-01-16,180.67127990722656,185.4499969482422,187.35000610351562,184.0500030517578,186.0,11874245
2019-01-17,180.13548278808594,184.89999389648438,187.3000030517578,183.39999389648438,186.0,9365756
2019-01-18,178.5767059326172,183.3000030517578,185.64999389648438,181.3000030517578,185.64999389648438,6797621
2019-01-21,176.82308959960938,181.5,184.9499969482422,180.64999389648438,184.3000030517578,6918258
2019-01-22,176.18983459472656,180.85000610351562,181.5,175.9499969482422,181.5,9775717
2019-01-23,175.6053009033203,180.25,182.6999969482422,178.5500030517578,181.6999969482422,9778926
2019-01-24,170.88026428222656,175.39999389648438,180.3000030517578,173.6999969482422,180.0,13461254
2019-01-25,168.78567504882812,173.25,178.89999389648438,171.9499969482422,175.9499969482422,12136892
2019-01-28,167.86013793945312,172.3000030517578,175.35000610351562,169.39999389648438,173.3000030517578,8167430
2019-01-29,169.12664794921875,173.60000610351562,174.89999389648438,170.89999389648438,172.35000610351562,6141180
2019-01-30,170.10089111328125,174.60000610351562,176.75,173.3000030517578,174.3000030517578,7757847
2019-01-31,176.5308074951172,181.1999969482422,183.89999389648438,175.8000030517578,175.8000030517578,22277646
2019-02-01,176.96920776367188,181.64999389648438,185.89999389648438,179.5500030517578,182.0,14931422
2019-02-04,175.6053009033203,180.25,183.6999969482422,178.1999969482422,181.0,11854351
2019-02-05,171.2699737548828,175.8000030517578,181.14999389648438,174.6999969482422,180.6999969482422,12064426
2019-02-06,173.90040588378906,178.5,179.4499969482422,171.89999389648438,176.0,10334594
2019-02-07,178.1383056640625,182.85000610351562,185.0,178.89999389648438,179.0,16152722
2019-02-08,146.8167266845703,150.6999969482422,164.60000610351562,129.0,164.60000610351562,102256857
2019-02-11,148.7165069580078,152.64999389648438,153.25,145.85000610351562,150.14999389648438,26161867
2019-02-12,147.88839721679688,151.8000030517578,154.39999389648438,150.60000610351562,152.9499969482422,14174912
2019-02-14,155.73097229003906,159.85000610351562,161.0,153.8000030517578,155.9499969482422,16348306
2019-02-15,157.48458862304688,161.64999389648438,162.3000030517578,153.14999389648438,159.8000030517578,20705576
2019-02-18,158.70236206054688,162.89999389648438,163.4499969482422,159.1999969482422,162.8000030517578,13503666
2019-02-19,159.53045654296875,163.75,165.9499969482422,161.5500030517578,164.0,14533142
2019-02-20,160.5534210205078,164.8000030517578,166.6999969482422,163.75,164.4499969482422,11610728
2019-02-21,165.3271484375,169.6999969482422,170.60000610351562,165.10000610351562,165.60000610351562,14811723
2019-02-22,169.80862426757812,174.3000030517578,175.3000030517578,167.85000610351562,170.0,13011477
2019-02-25,171.2212677001953,175.75,177.5,173.5,175.14999389648438,15554532
2019-02-26,177.94345092773438,182.64999389648438,183.4499969482422,172.5,173.0,31859427
2019-02-27,172.780029296875,177.35000610351562,186.10000610351562,176.10000610351562,183.5500030517578,19723906
2019-02-28,172.87745666503906,177.4499969482422,181.5500030517578,176.60000610351562,180.0,18692372
2019-03-01,175.65402221679688,180.3000030517578,184.0,177.35000610351562,178.64999389648438,20539919
2019-03-05,189.0496826171875,194.0500030517578,198.35000610351562,181.39999389648438,183.8000030517578,58138551
2019-03-06,183.9349822998047,188.8000030517578,195.39999389648438,187.75,195.39999389648438,22468702
2019-03-07,184.422119140625,189.3000030517578,193.4499969482422,187.8000030517578,191.39999389648438,27051501
2019-03-08,176.5308074951172,181.1999969482422,187.9499969482422,180.0,187.8000030517578,28012914
2019-03-11,177.1640625,181.85000610351562,184.60000610351562,181.0500030517578,182.0,25669662
2019-03-12,180.03805541992188,184.8000030517578,186.0,183.5500030517578,184.39999389648438,18657724
2019-03-13,177.01792907714844,181.6999969482422,184.89999389648438,180.39999389648438,184.4499969482422,9769821
2019-03-14,174.92333984375,179.5500030517578,182.4499969482422,177.64999389648438,181.5,15737080
2019-03-15,175.36175537109375,180.0,181.39999389648438,177.60000610351562,180.1999969482422,17490993
2019-03-18,177.5537567138672,182.25,184.6999969482422,179.5,181.0,14690339
2019-03-19,178.1383056640625,182.85000610351562,184.5,180.75,182.0,10318028
2019-03-20,175.5565948486328,180.1999969482422,183.4499969482422,179.60000610351562,183.0,7543753
2019-03-22,170.88026428222656,175.39999389648438,182.0,174.89999389648438,181.9499969482422,11505994
2019-03-25,166.8859405517578,171.3000030517578,173.8000030517578,170.5500030517578,173.6999969482422,11864723
2019-03-26,168.63954162597656,173.10000610351562,173.60000610351562,171.60000610351562,171.89999389648438,7820112
2019-03-27,165.47329711914062,169.85000610351562,175.0,169.14999389648438,174.0,10047628
2019-03-28,166.15525817871094,170.5500030517578,171.39999389648438,167.5500030517578,169.0,13203927
2019-04-01,182.5223388671875,187.35000610351562,189.75,176.35000610351562,176.35000610351562,46389181
2019-04-02,197.72035217285156,202.9499969482422,204.39999389648438,185.3000030517578,188.0500030517578,100834335
2019-04-03,196.16159057617188,201.35000610351562,208.9499969482422,199.1999969482422,205.0,81779620
2019-04-04,200.83790588378906,206.14999389648438,206.89999389648438,201.0500030517578,201.85000610351562,41268908
2019-04-05,199.86366271972656,205.14999389648438,209.5,202.3000030517578,208.0,32057373
2019-04-08,195.38221740722656,200.5500030517578,207.39999389648438,198.8000030517578,206.0,23877595
2019-04-09,200.59432983398438,205.89999389648438,207.60000610351562,198.14999389648438,200.0,29611268
2019-04-10,210.48281860351562,216.0500030517578,217.39999389648438,205.60000610351562,206.0,69349488
2019-04-11,212.577392578125,218.1999969482422,219.1999969482422,213.3000030517578,216.60000610351562,41859862
2019-04-12,210.3853759765625,215.9499969482422,219.0,215.0,218.9499969482422,21788548
2019-04-15,225.7782440185547,231.75,233.25,217.14999389648438,217.14999389648438,57283251
2019-04-16,224.56044006347656,230.5,234.10000610351562,225.64999389648438,233.8000030517578,41653657
2019-04-18,230.1622772216797,236.25,239.3000030517578,230.60000610351562,231.89999389648438,42451178
2019-04-22,228.79835510253906,234.85000610351562,239.35000610351562,231.6999969482422,235.0,30282217
2019-04-23,225.68080139160156,231.64999389648438,235.85000610351562,230.25,235.0,18975358
2019-04-24,217.83824157714844,223.60000610351562,232.9499969482422,217.60000610351562,231.64999389648438,50317411
2019-04-25,216.1333465576172,221.85000610351562,225.89999389648438,220.25,223.39999389648438,27132908
2019-04-26,210.04440307617188,215.60000610351562,221.89999389648438,214.0,221.89999389648438,26038093
2019-04-30,208.77789306640625,214.3000030517578,218.64999389648438,210.3000030517578,216.1999969482422,21289116
2019-05-02,201.95826721191406,207.3000030517578,212.64999389648438,206.5,211.0,21986007
2019-05-03,204.0528564453125,209.4499969482422,213.64999389648438,203.0500030517578,205.0,37153857
2019-05-06,194.65151977539062,199.8000030517578,204.5,198.0,204.0,30117667
2019-05-07,186.02957153320312,190.9499969482422,202.85000610351562,189.35000610351562,201.6999969482422,30516908
2019-05-08,180.330322265625,185.10000610351562,190.89999389648438,183.8000030517578,190.0,28443735
2019-05-09,181.54811096191406,186.35000610351562,189.8000030517578,182.3000030517578,184.3000030517578,32841616
2019-05-10,181.10971069335938,185.89999389648438,190.60000610351562,184.3000030517578,187.0,28910719
2019-05-13,176.09239196777344,180.75,187.14999389648438,179.60000610351562,186.1999969482422,15373536
2019-05-14,179.74578857421875,184.5,186.0500030517578,177.8000030517578,178.25,21412933
2019-05-15,165.08358764648438,169.4499969482422,185.9499969482422,167.39999389648438,185.5500030517578,31427815
2019-05-16,170.88026428222656,175.39999389648438,177.5500030517578,172.8000030517578,176.0,30308248
2019-05-17,172.29290771484375,176.85000610351562,177.6999969482422,170.1999969482422,174.9499969482422,21575989
2019-05-20,185.25018310546875,190.14999389648438,192.0,179.25,181.4499969482422,29873588
2019-05-21,172.24420166015625,176.8000030517578,186.89999389648438,174.0500030517578,185.25,57822527
2019-05-22,174.48492431640625,179.10000610351562,180.39999389648438,174.8000030517578,177.60000610351562,25845734
2019-05-23,170.63671875,175.14999389648438,182.85000610351562,173.5,182.85000610351562,22912106
2019-05-24,177.60247802734375,182.3000030517578,183.5,175.35000610351562,177.0,22494409
2019-05-27,176.6769561767578,181.35000610351562,183.5,179.3000030517578,181.75,14774311
2019-05-28,175.6053009033203,180.25,185.3000030517578,179.8000030517578,181.35000610351562,23272915
2019-05-29,171.8057861328125,176.35000610351562,180.0,175.35000610351562,179.85000610351562,15222008
2019-05-30,170.63671875,175.14999389648438,178.5,173.10000610351562,177.5,18078726
2019-05-31,168.15243530273438,172.60000610351562,177.85000610351562,170.0,177.8000030517578,21488115
2019-06-03,170.0034637451172,174.5,175.0,168.39999389648438,170.5,21288078
2019-06-04,168.78567504882812,173.25,177.1999969482422,172.39999389648438,174.25,17428731
2019-06-06,165.3271484375,169.6999969482422,175.85000610351562,168.85000610351562,174.0500030517578,16874819
2019-06-07,165.13229370117188,169.5,171.6999969482422,167.25,169.89999389648438,14465703
2019-06-10,161.91734313964844,166.1999969482422,172.0500030517578,163.5500030517578,170.89999389648438,20209862
2019-06-11,166.35009765625,170.75,171.89999389648438,165.64999389648438,166.85000610351562,20363493
2019-06-12,164.69390869140625,169.0500030517578,172.1999969482422,168.10000610351562,170.89999389648438,12819208
2019-06-13,163.08639526367188,167.39999389648438,168.89999389648438,164.5,166.89999389648438,15144315
2019-06-14,159.9688720703125,164.1999969482422,167.5,163.5,167.5,10920508
2019-06-17,154.6593017578125,158.75,164.14999389648438,158.0,163.75,14381813
2019-06-18,154.2209014892578,158.3000030517578,161.0,156.75,159.0,14003043
2019-06-19,150.66494750976562,154.64999389648438,163.75,152.5,160.0,25257018
2019-06-20,155.1464385986328,159.25,160.0,152.14999389648438,153.4499969482422,19247947
2019-06-21,154.80543518066406,158.89999389648438,160.75,154.5,155.0,23304207
2019-06-24,155.1951446533203,159.3000030517578,160.1999969482422,156.1999969482422,158.6999969482422,13185118
2019-06-25,156.3155059814453,160.4499969482422,161.0,156.85000610351562,158.0,13368928
2019-06-26,156.94876098632812,161.10000610351562,162.1999969482422,158.75,160.10000610351562,18481332
2019-06-27,161.5763702392578,165.85000610351562,168.0,161.10000610351562,161.85000610351562,26612983
2019-06-28,158.36138916015625,162.5500030517578,166.75,161.35000610351562,165.1999969482422,15092229
2019-07-01,163.67095947265625,168.0,169.39999389648438,163.1999969482422,163.6999969482422,23990900
2019-07-02,159.53045654296875,163.75,167.35000610351562,161.35000610351562,166.8000030517578,16903683
2019-07-03,158.1178436279297,162.3000030517578,165.0,161.6999969482422,163.75,13606179
2019-07-04,160.94309997558594,165.1999969482422,167.75,162.0,162.5,19512938
2019-07-05,156.07192993164062,160.1999969482422,166.9499969482422,159.5,165.14999389648438,14374084
2019-07-08,150.5675506591797,154.5500030517578,159.5,153.5,159.35000610351562,15149035
2019-07-09,151.7853240966797,155.8000030517578,157.14999389648438,152.75,154.0,16112345
2019-07-10,147.7422637939453,151.64999389648438,156.25,149.10000610351562,156.25,31737846
2019-07-11,152.75955200195312,156.8000030517578,157.6999969482422,150.35000610351562,153.0,24099895
2019-07-12,155.1951446533203,159.3000030517578,162.85000610351562,154.0,155.89999389648438,27307153
2019-07-15,156.80262756347656,160.9499969482422,162.60000610351562,157.85000610351562,159.0,19924720
2019-07-16,165.61940002441406,170.0,170.9499969482422,159.0500030517578,159.8000030517578,39025331
2019-07-17,163.5735321044922,167.89999389648438,172.35000610351562,166.3000030517578,170.0,25236730
2019-07-18,156.6077880859375,160.75,167.25,160.0,167.25,19055022
2019-07-19,150.8598175048828,154.85000610351562,162.39999389648438,153.85000610351562,161.4499969482422,18954216
2019-07-22,152.71084594726562,156.75,159.3000030517578,155.25,155.4499969482422,15995349
2019-07-23,152.17501831054688,156.1999969482422,159.0,154.8000030517578,157.39999389648438,12942555
2019-07-24,147.35256958007812,151.25,157.5500030517578,150.5,156.35000610351562,16292964
2019-07-25,140.5816650390625,144.3000030517578,152.5,143.75,151.3000030517578,34364032
2019-07-26,143.35821533203125,147.14999389648438,150.14999389648438,138.10000610351562,138.10000610351562,83905651
2019-07-29,134.00558471679688,137.5500030517578,146.89999389648438,136.85000610351562,146.89999389648438,38844222
2019-07-30,130.01124572753906,133.4499969482422,139.6999969482422,132.60000610351562,138.0,35725524
2019-07-31,132.10585021972656,135.60000610351562,136.39999389648438,132.5,133.5,27024859
2019-08-01,126.21174621582031,129.5500030517578,136.3000030517578,127.55000305175781,135.5,38991424
2019-08-02,127.33210754394531,130.6999969482422,133.1999969482422,127.0,128.5,44016138
2019-08-05,120.56118774414062,123.75,128.1999969482422,122.30000305175781,128.0,35452262
2019-08-06,119.34339904785156,122.5,126.55000305175781,121.75,123.05000305175781,34790369
2019-08-07,114.37481689453125,117.4000015258789,123.8499984741211,116.5,122.5999984741211,37287779
2019-08-08,120.85346221923828,124.05000305175781,125.0,116.9000015258789,118.0,35876237
2019-08-09,118.90499877929688,122.05000305175781,126.5,120.69999694824219,124.5,39245417
2019-08-13,118.80757141113281,121.94999694824219,126.30000305175781,121.0,123.80000305175781,35498118
2019-08-14,117.78462982177734,120.9000015258789,123.80000305175781,118.5999984741211,122.69999694824219,30136178
2019-08-16,118.2230453491211,121.3499984741211,122.44999694824219,117.3499984741211,119.9000015258789,35264621
2019-08-19,117.68721008300781,120.80000305175781,122.5999984741211,120.0,121.19999694824219,23194786
2019-08-20,120.65860748291016,123.8499984741211,124.80000305175781,119.0,120.0,34809225
2019-08-21,109.50366973876953,112.4000015258789,123.0,109.5,123.0,83509593
2019-08-22,104.92477416992188,107.69999694824219,114.0,106.19999694824219,112.0,58612708
2019-08-23,108.1884536743164,111.05000305175781,111.5999984741211,107.6500015258789,108.9000015258789,41178606
2019-08-26,107.70133972167969,110.55000305175781,115.4000015258789,106.80000305175781,114.55000305175781,47757623
2019-08-27,117.2488021850586,120.3499984741211,121.4000015258789,111.80000305175781,112.69999694824219,70636441
2019-08-28,113.35187530517578,116.3499984741211,124.0,114.80000305175781,120.55000305175781,74245952
2019-08-29,111.35470581054688,114.30000305175781,118.5,112.0999984741211,116.5,48098849
2019-08-30,113.69286346435547,116.69999694824219,117.30000305175781,112.0,115.5999984741211,42250518
2019-09-03,109.7472152709961,112.6500015258789,115.3499984741211,111.19999694824219,113.05000305175781,36905736
2019-09-04,106.67839050292969,109.5,113.0,106.0,112.0,76317447
2019-09-05,115.00807189941406,118.05000305175781,119.3499984741211,109.5,109.75,75789807
2019-09-06,118.12562561035156,121.25,122.30000305175781,116.55000305175781,118.3499984741211,67761586
2019-09-09,118.75886535644531,121.9000015258789,122.5999984741211,117.3499984741211,119.0,51297512
2019-09-11,130.8880615234375,134.35000610351562,135.0,125.30000305175781,127.0,96568372
2019-09-12,124.65296936035156,127.94999694824219,135.35000610351562,126.69999694824219,134.60000610351562,72084195
2019-09-13,126.21174621582031,129.5500030517578,130.9499969482422,125.5,129.1999969482422,69088728
2019-09-16,125.28622436523438,128.60000610351562,130.3000030517578,126.5,128.0,40951047
2019-09-17,118.85628509521484,122.0,130.5,121.3499984741211,129.0,47652658
2019-09-18,118.61272430419922,121.75,125.9000015258789,120.5,123.05000305175781,53048836
2019-09-19,120.99960327148438,124.19999694824219,125.3499984741211,121.19999694824219,123.5,51011848
2019-09-20,129.81639099121094,133.25,137.75,122.5999984741211,125.0,89223235
2019-09-23,124.60425567626953,127.9000015258789,138.39999389648438,126.5,135.0,51032391
2019-09-24,127.52696228027344,130.89999389648438,132.1999969482422,128.0,128.0500030517578,41659100
2019-09-25,119.87924194335938,123.05000305175781,129.89999389648438,121.5,129.89999389648438,47567575
2019-09-26,121.29186248779297,124.5,127.25,122.80000305175781,123.9000015258789,45866398
2019-09-27,116.81040954589844,119.9000015258789,122.44999694824219,118.19999694824219,122.0,45875793
2019-09-30,114.42352294921875,117.44999694824219,120.8499984741211,116.4000015258789,120.6500015258789,32158885
2019-10-01,112.32893371582031,115.30000305175781,119.8499984741211,113.0,118.0,40232789
2019-10-03,119.24598693847656,122.4000015258789,123.5,112.6500015258789,112.6500015258789,65103359
2019-10-04,116.56684875488281,119.6500015258789,123.80000305175781,118.80000305175781,122.80000305175781,35712218
2019-10-07,114.47224426269531,117.5,120.55000305175781,116.3499984741211,120.25,35471184
2019-10-09,117.78462982177734,120.9000015258789,121.69999694824219,115.44999694824219,118.5,44666296
2019-10-10,113.79029083251953,116.80000305175781,119.69999694824219,116.19999694824219,119.30000305175781,31229192
2019-10-11,118.17433166503906,121.30000305175781,122.19999694824219,117.25,118.05000305175781,41027561
2019-10-14,124.55554962158203,127.8499984741211,130.0,122.5,122.5999984741211,68048611
2019-10-15,123.67872619628906,126.94999694824219,128.89999389648438,123.69999694824219,127.0999984741211,57548920
2019-10-16,122.6070785522461,125.8499984741211,128.3000030517578,124.5,127.30000305175781,31522518
2019-10-17,135.9053497314453,139.5,144.35000610351562,125.0999984741211,127.0999984741211,67933615
2019-10-18,133.32363891601562,136.85000610351562,141.8000030517578,135.60000610351562,139.0,64884113
2019-10-22,128.3550567626953,131.75,135.60000610351562,129.8000030517578,133.35000610351562,53532482
2019-10-23,129.23184204101562,132.64999389648438,133.8000030517578,127.25,130.4499969482422,50293574
2019-10-24,130.05995178222656,133.5,135.14999389648438,130.5,133.0,41951668
2019-10-25,123.58131408691406,126.8499984741211,133.0,125.69999694824219,132.0,42868958
2019-10-27,143.89404296875,147.6999969482422,150.6999969482422,139.5,139.5,39489993
2019-10-29,168.0062713623047,172.4499969482422,175.5,151.1999969482422,151.89999389648438,184435614
2019-10-30,167.47044372558594,171.89999389648438,175.64999389648438,166.5500030517578,175.0,90759545
2019-10-31,173.12100219726562,177.6999969482422,179.64999389648438,168.9499969482422,169.8000030517578,81392641
2019-11-01,170.53929138183594,175.0500030517578,178.0,172.39999389648438,175.1999969482422,40613555
2019-11-04,167.76272583007812,172.1999969482422,178.4499969482422,170.85000610351562,171.60000610351562,40641411
2019-11-05,167.56787109375,172.0,175.75,169.9499969482422,173.25,36268596
2019-11-06,170.0034637451172,174.5,176.35000610351562,170.5,172.0,28923778
2019-11-07,167.08078002929688,171.5,174.6999969482422,167.60000610351562,174.6999969482422,38625387
2019-11-08,164.69390869140625,169.0500030517578,178.89999389648438,167.8000030517578,170.75,39102947
2019-11-11,167.56787109375,172.0,172.9499969482422,169.0500030517578,169.1999969482422,22192924
2019-11-13,166.20396423339844,170.60000610351562,176.0,169.39999389648438,171.5,33926248
2019-11-14,162.74545288085938,167.0500030517578,170.3000030517578,165.5,170.1999969482422,25433481
2019-11-15,164.206787109375,168.5500030517578,173.39999389648438,167.35000610351562,169.0,29614682
2019-11-18,165.71685791015625,170.10000610351562,172.10000610351562,169.25,172.10000610351562,19053232
2019-11-19,163.42739868164062,167.75,171.75,167.10000610351562,170.8000030517578,19599195
2019-11-20,163.08639526367188,167.39999389648438,170.1999969482422,166.1999969482422,167.75,19504078
2019-11-21,159.920166015625,164.14999389648438,170.10000610351562,163.0,166.9499969482422,21609120
2019-11-22,158.1665496826172,162.35000610351562,165.25,160.5500030517578,164.89999389648438,21200979
2019-11-25,161.81991577148438,166.10000610351562,166.60000610351562,159.89999389648438,160.6999969482422,26131453
2019-11-26,159.18946838378906,163.39999389648438,167.3000030517578,162.5500030517578,166.64999389648438,25520822
2019-11-27,161.62506103515625,165.89999389648438,169.3000030517578,165.0,165.3000030517578,29527702
2019-11-28,160.5534210205078,164.8000030517578,166.3000030517578,163.5500030517578,165.75,16609775
2019-11-29,157.33843994140625,161.5,167.75,160.60000610351562,164.8000030517578,20010205
2019-12-02,156.90003967285156,161.0500030517578,163.0,158.9499969482422,160.9499969482422,19441998
2019-12-03,154.1234893798828,158.1999969482422,162.9499969482422,157.39999389648438,162.9499969482422,21156471
2019-12-04,165.03488159179688,169.39999389648438,170.35000610351562,157.6999969482422,158.5,72084687
2019-12-05,161.81991577148438,166.10000610351562,172.1999969482422,165.1999969482422,170.35000610351562,31787128
2019-12-06,157.33843994140625,161.5,168.0,160.0500030517578,167.0,27727162
2019-12-09,156.36422729492188,160.5,166.4499969482422,159.75,162.0,30920409
2019-12-10,155.58482360839844,159.6999969482422,163.25,159.0500030517578,162.14999389648438,26259395
2019-12-11,157.6307373046875,161.8000030517578,163.0,157.39999389648438,160.39999389648438,21154277
2019-12-12,168.88308715820312,173.35000610351562,174.89999389648438,162.5,163.4499969482422,66138915
2019-12-13,172.14675903320312,176.6999969482422,183.9499969482422,175.5,177.25,93019636
2019-12-16,170.44187927246094,174.9499969482422,178.8000030517578,173.35000610351562,177.0,26249975
2019-12-17,175.5565948486328,180.1999969482422,181.14999389648438,175.35000610351562,176.0,38213263
2019-12-18,170.2957305908203,174.8000030517578,184.5,170.4499969482422,182.10000610351562,63861334
2019-12-19,174.5336456298828,179.14999389648438,180.1999969482422,174.0,174.64999389648438,53466924
2019-12-20,171.41610717773438,175.9499969482422,181.6999969482422,174.85000610351562,180.39999389648438,48818008
2019-12-23,171.5135040283203,176.0500030517578,179.0,174.14999389648438,176.85000610351562,27192195
2019-12-24,170.97769165039062,175.5,178.0,174.64999389648438,177.64999389648438,20560311
2019-12-26,170.10089111328125,174.60000610351562,176.4499969482422,174.10000610351562,175.89999389648438,18785333
2019-12-27,171.61093139648438,176.14999389648438,176.9499969482422,174.85000610351562,176.0,12095797
2019-12-30,178.96640014648438,183.6999969482422,184.35000610351562,176.3000030517578,177.1999969482422,40948394
2019-12-31,180.37901306152344,185.14999389648438,187.89999389648438,181.5500030517578,184.0,52869996
2020-01-01,179.6970672607422,184.4499969482422,186.6999969482422,183.60000610351562,185.14999389648438,25968357
2020-01-02,188.75743103027344,193.75,194.6999969482422,184.60000610351562,185.0,57289863
2020-01-03,186.17572021484375,191.10000610351562,195.64999389648438,189.25,192.89999389648438,47572728
2020-01-06,180.86611938476562,185.64999389648438,191.0,185.0500030517578,191.0,28621212
2020-01-07,179.94064331054688,184.6999969482422,189.39999389648438,182.3000030517578,187.0,34995035
2020-01-08,177.84603881835938,182.5500030517578,184.1999969482422,180.1999969482422,180.1999969482422,21862695
2020-01-09,187.05252075195312,192.0,192.75,184.25,184.85000610351562,40803142
2020-01-10,191.29043579101562,196.35000610351562,199.0,190.0,192.0,60252338
2020-01-13,191.1929931640625,196.25,197.75,191.39999389648438,194.75,40535961
2020-01-14,190.80331420898438,195.85000610351562,198.25,193.60000610351562,195.6999969482422,29867542
2020-01-15,195.18736267089844,200.35000610351562,201.6999969482422,194.0,195.0,38485962
2020-01-16,192.45950317382812,197.5500030517578,200.60000610351562,196.89999389648438,199.5,28118140
2020-01-17,192.2159423828125,197.3000030517578,199.4499969482422,195.6999969482422,197.25,18204088
2020-01-20,189.97520446777344,195.0,201.4499969482422,194.3000030517578,198.0,28976013
2020-01-21,186.46795654296875,191.39999389648438,196.39999389648438,190.1999969482422,195.5,20859400
2020-01-22,180.8174285888672,185.60000610351562,192.5,184.25,191.9499969482422,32952072
2020-01-23,183.5452880859375,188.39999389648438,190.39999389648438,183.8000030517578,186.75,33032086
2020-01-24,181.69422912597656,186.5,191.0,185.0,188.0,21791825
2020-01-27,177.5050506591797,182.1999969482422,186.89999389648438,180.85000610351562,185.6999969482422,30132428
2020-01-28,171.56224060058594,176.10000610351562,184.3000030517578,174.89999389648438,183.89999389648438,38283588
2020-01-29,183.20431518554688,188.0500030517578,188.89999389648438,178.5500030517578,178.8000030517578,61585660
2020-01-30,181.4019775390625,186.1999969482422,192.5500030517578,184.25,190.9499969482422,70900581
2020-01-31,172.0493621826172,176.60000610351562,188.35000610351562,175.9499969482422,186.3000030517578,75621897
2020-02-03,159.6278839111328,163.85000610351562,168.3000030517578,159.5500030517578,163.5,66616190
2020-02-04,161.4302215576172,165.6999969482422,168.60000610351562,161.1999969482422,166.5500030517578,49034642
2020-02-05,179.01510620117188,183.75,184.9499969482422,166.60000610351562,167.39999389648438,92982265
2020-02-06,174.2413787841797,178.85000610351562,183.39999389648438,175.75,182.0,61821140
2020-02-07,169.12664794921875,173.60000610351562,178.14999389648438,173.0,177.39999389648438,45195760
2020-02-10,164.54776000976562,168.89999389648438,173.1999969482422,168.0,173.1999969482422,33279372
2020-02-11,165.3758544921875,169.75,175.14999389648438,168.39999389648438,171.85000610351562,42868276
2020-02-12,166.54493713378906,170.9499969482422,173.3000030517578,169.0,173.0,34621395
2020-02-13,165.13229370117188,169.5,172.35000610351562,168.10000610351562,171.35000610351562,25049848
2020-02-14,164.74261474609375,169.10000610351562,176.1999969482422,168.3000030517578,172.0,56676430
2020-02-17,164.74261474609375,169.10000610351562,171.35000610351562,166.35000610351562,170.39999389648438,32893274
2020-02-18,157.43588256835938,161.60000610351562,168.0,158.60000610351562,168.0,52744122
2020-02-19,153.9773712158203,158.0500030517578,164.60000610351562,153.0500030517578,162.85000610351562,78914233
2020-02-20,154.41574096679688,158.5,162.3000030517578,156.0,157.9499969482422,54328194
2020-02-24,146.7680206298828,150.64999389648438,155.89999389648438,149.60000610351562,154.0,39706007
2020-02-25,146.037353515625,149.89999389648438,153.39999389648438,147.4499969482422,152.1999969482422,52719851
2020-02-26,140.82521057128906,144.5500030517578,147.89999389648438,143.6999969482422,146.89999389648438,47605927
2020-02-27,141.50718688964844,145.25,146.75,141.10000610351562,144.14999389648438,51328153
2020-02-28,125.627197265625,128.9499969482422,139.60000610351562,127.05000305175781,138.85000610351562,94469619
2020-03-02,122.16868591308594,125.4000015258789,133.89999389648438,123.80000305175781,133.0,111585697
2020-03-03,126.99112701416016,130.35000610351562,131.39999389648438,125.25,127.5,86765576
2020-03-04,122.94805145263672,126.19999694824219,129.60000610351562,120.55000305175781,129.60000610351562,97546902
2020-03-05,122.50965881347656,125.75,129.14999389648438,124.25,127.55000305175781,87795649
2020-03-06,111.25727844238281,114.19999694824219,117.30000305175781,112.80000305175781,115.0,83971462
2020-03-09,102.97631072998047,105.69999694824219,109.8499984741211,104.25,109.0,81549809
2020-03-11,96.3515396118164,98.9000015258789,106.5,97.80000305175781,104.8499984741211,111146790
2020-03-12,85.73240661621094,88.0,94.9000015258789,84.0999984741211,91.0999984741211,143550830
2020-03-13,87.43730926513672,89.75,94.1500015258789,78.05000305175781,81.9000015258789,106151311
2020-03-16,80.81253051757812,82.94999694824219,87.6500015258789,82.19999694824219,85.5999984741211,73702778
2020-03-17,75.94137573242188,77.94999694824219,85.0,77.4000015258789,83.05000305175781,71842549
2020-03-18,73.55451202392578,75.5,80.44999694824219,75.0999984741211,79.9000015258789,70105052
2020-03-19,71.07020568847656,72.94999694824219,76.5,68.75,70.0,68122549
2020-03-20,75.3081283569336,77.30000305175781,79.5999984741211,72.6500015258789,74.0,86043342
2020-03-23,64.494140625,66.19999694824219,72.0,66.0,70.0,34184325
2020-03-24,66.7835922241211,68.55000305175781,71.5,63.5,69.9000015258789,49551990
2020-03-25,68.43978118896484,70.25,71.69999694824219,67.25,67.75,57713806
2020-03-26,68.97561645507812,70.80000305175781,73.5,68.30000305175781,71.44999694824219,63821068
2020-03-27,68.87818908691406,70.69999694824219,75.9000015258789,69.3499984741211,72.05000305175781,58814757
2020-03-30,66.3938980102539,68.1500015258789,70.0,67.25,68.80000305175781,35278010
2020-03-31,69.21917724609375,71.05000305175781,71.5,68.19999694824219,70.5999984741211,46157286
2020-04-01,66.19905090332031,67.94999694824219,71.6500015258789,67.55000305175781,70.5,38149007
2020-04-03,63.61735153198242,65.30000305175781,66.9000015258789,64.80000305175781,66.9000015258789,35346301
2020-04-07,65.51709747314453,67.25,69.30000305175781,66.9000015258789,68.55000305175781,42066469
2020-04-08,65.85807037353516,67.5999984741211,71.5999984741211,65.4000015258789,66.5,82179303
2020-04-09,72.67769622802734,74.5999984741211,76.25,69.0999984741211,69.5999984741211,112677273
2020-04-13,72.33672332763672,74.25,77.5999984741211,72.69999694824219,76.0,70409900
2020-04-15,71.02149963378906,72.9000015258789,78.69999694824219,71.94999694824219,75.4000015258789,81121081
2020-04-16,72.72640991210938,74.6500015258789,75.4000015258789,71.0,71.75,47910164
2020-04-17,74.8697280883789,76.8499984741211,78.30000305175781,74.69999694824219,78.30000305175781,58333485
2020-04-20,78.37694549560547,80.44999694824219,83.4000015258789,75.5,76.8499984741211,125425355
2020-04-21,72.72640991210938,74.6500015258789,78.0,74.0,78.0,58248325
2020-04-22,73.94419860839844,75.9000015258789,76.55000305175781,72.55000305175781,74.44999694824219,56529293
2020-04-23,73.70064544677734,75.6500015258789,78.6500015258789,75.4000015258789,76.75,50366856
2020-04-24,72.28799438476562,74.19999694824219,76.9000015258789,74.0,75.0,40047438
2020-04-27,73.31094360351562,75.25,76.19999694824219,74.80000305175781,75.9000015258789,27835340
2020-04-28,74.96713256835938,76.94999694824219,78.19999694824219,75.19999694824219,75.6500015258789,34825405
2020-04-29,76.13622283935547,78.1500015258789,79.30000305175781,76.55000305175781,77.44999694824219,40784783
2020-04-30,90.84711456298828,93.25,93.75,85.94999694824219,85.94999694824219,170634033
2020-05-04,81.73805236816406,83.9000015258789,87.19999694824219,81.5,87.0,91159477
2020-05-05,78.81536865234375,80.9000015258789,86.80000305175781,80.4000015258789,86.0,57122148
2020-05-06,81.05608367919922,83.19999694824219,83.94999694824219,80.3499984741211,81.55000305175781,53739248
2020-05-07,80.37413024902344,82.5,84.6500015258789,82.0999984741211,82.9000015258789,31159970
2020-05-08,78.96150207519531,81.05000305175781,84.94999694824219,80.55000305175781,84.5,35362751
2020-05-11,83.88136291503906,86.0999984741211,90.6500015258789,81.4000015258789,81.44999694824219,152588401
2020-05-12,83.9787826538086,86.19999694824219,87.69999694824219,83.5,85.94999694824219,77551590
2020-05-13,84.95301818847656,87.19999694824219,92.5,86.25,92.5,68086031
2020-05-14,81.640625,83.80000305175781,85.30000305175781,82.55000305175781,83.94999694824219,46340453
2020-05-15,82.17645263671875,84.3499984741211,85.3499984741211,82.80000305175781,84.69999694824219,38592209
2020-05-18,78.5718002319336,80.6500015258789,84.5,79.5999984741211,84.5,44221170
2020-05-19,79.6921615600586,81.80000305175781,85.6500015258789,81.5,82.5,65378983
2020-05-20,81.29965209960938,83.44999694824219,84.4000015258789,80.69999694824219,81.25,36351053
2020-05-21,81.93289947509766,84.0999984741211,85.19999694824219,82.9000015258789,83.0999984741211,37290144
2020-05-22,80.6664047241211,82.80000305175781,83.9000015258789,82.0,83.4000015258789,29252676
2020-05-26,80.95867156982422,83.0999984741211,85.69999694824219,82.5999984741211,83.9000015258789,38014864
2020-05-27,82.37130737304688,84.55000305175781,86.0,84.0,84.0999984741211,57947903
2020-05-28,84.75817108154297,87.0,88.1500015258789,84.55000305175781,86.0,96179680
2020-05-29,84.75817108154297,87.0,87.5,84.6500015258789,85.55000305175781,80813537
2020-06-01,87.24246215820312,89.55000305175781,91.19999694824219,88.0,88.9000015258789,71070852
2020-06-02,94.01338195800781,96.5,97.30000305175781,89.75,90.0,125407771
2020-06-03,96.20539855957031,98.75,101.44999694824219,97.4000015258789,100.0,90598067
2020-06-04,95.96184539794922,98.5,101.4000015258789,96.80000305175781,99.0,72078707
2020-06-05,107.89617919921875,110.75,112.44999694824219,99.05000305175781,100.44999694824219,187209208
2020-06-08,112.47506713867188,115.44999694824219,119.1500015258789,113.3499984741211,114.0,136943010
2020-06-09,108.57813262939453,111.44999694824219,117.9000015258789,110.25,117.44999694824219,79473751
2020-06-10,108.52943420410156,111.4000015258789,113.0,108.5,111.0,84038431
2020-06-11,103.41471099853516,106.1500015258789,111.1500015258789,105.0,109.9000015258789,55485897
2020-06-12,102.58661651611328,105.30000305175781,106.25,98.0,98.0,92989560
2020-06-15,97.9103012084961,100.5,104.6500015258789,100.05000305175781,104.6500015258789,69318356
2020-06-16,92.30846405029297,94.75,103.5,92.0,102.0,215476711
2020-06-17,92.94172668457031,95.4000015258789,96.4000015258789,91.80000305175781,93.0,110830038
2020-06-18,93.86724090576172,96.3499984741211,97.19999694824219,94.1500015258789,95.0,58964344
2020-06-19,99.85877227783203,102.5,103.9000015258789,95.5999984741211,96.5,135462757
2020-06-22,100.0049057006836,102.6500015258789,104.9000015258789,101.0,102.3499984741211,68545834
2020-06-23,101.7098159790039,104.4000015258789,106.0,101.9000015258789,103.0,68638552
2020-06-24,102.09949493408203,104.80000305175781,110.80000305175781,104.19999694824219,105.25,125457492
2020-06-25,101.1252670288086,103.80000305175781,106.30000305175781,101.6500015258789,103.8499984741211,63198285
2020-06-26,98.787109375,101.4000015258789,106.05000305175781,100.3499984741211,105.4000015258789,56327855
2020-06-29,96.8873519897461,99.44999694824219,101.4000015258789,98.05000305175781,101.4000015258789,43274006
2020-06-30,95.7182846069336,98.25,102.30000305175781,97.30000305175781,101.75,50764363
2020-07-01,98.15386199951172,100.75,101.44999694824219,98.19999694824219,99.0,50857376
2020-07-02,98.9332504272461,101.55000305175781,102.94999694824219,100.4000015258789,100.75,48083736
2020-07-03,100.78428649902344,103.44999694824219,106.3499984741211,102.0999984741211,102.8499984741211,87310642
2020-07-06,106.19126892089844,109.0,109.9000015258789,104.5,105.0,91970198
2020-07-07,106.23998260498047,109.05000305175781,112.5999984741211,108.05000305175781,109.80000305175781,85835716
2020-07-08,102.63533020019531,105.3499984741211,110.8499984741211,104.19999694824219,109.5,55887256
2020-07-09,104.19409942626953,106.94999694824219,108.94999694824219,104.6500015258789,106.30000305175781,54492650
2020-07-10,104.82735443115234,107.5999984741211,108.5999984741211,105.4000015258789,106.69999694824219,64694173
2020-07-13,105.21704864501953,108.0,112.0999984741211,106.8499984741211,108.8499984741211,81893001
2020-07-14,102.44049072265625,105.1500015258789,107.55000305175781,104.0999984741211,106.9000015258789,46924623
2020-07-15,100.54072570800781,103.19999694824219,106.80000305175781,102.5,106.80000305175781,49687046
2020-07-16,100.29716491699219,102.94999694824219,103.94999694824219,100.5999984741211,103.94999694824219,44333785
2020-07-17,103.65826416015625,106.4000015258789,106.94999694824219,103.30000305175781,103.6500015258789,42080157
2020-07-20,102.34306335449219,105.05000305175781,106.3499984741211,103.8499984741211,106.3499984741211,39786731
2020-07-21,105.65544128417969,108.44999694824219,109.69999694824219,105.5,106.0,66008143
2020-07-22,102.44049072265625,105.1500015258789,109.75,104.25,108.5,50735592
2020-07-23,103.3172836303711,106.05000305175781,106.44999694824219,104.69999694824219,105.44999694824219,30722413
2020-07-24,101.07655334472656,103.75,105.5,102.69999694824219,104.69999694824219,39363520
2020-07-27,99.07937622070312,101.69999694824219,104.5,101.30000305175781,104.0,29644533
2020-07-28,103.70697784423828,106.44999694824219,107.19999694824219,102.0,102.30000305175781,64271161
2020-07-29,103.0250244140625,105.75,108.75,104.8499984741211,108.0999984741211,44561639
2020-07-30,100.97913360595703,103.6500015258789,106.75,102.8499984741211,106.4000015258789,33378340
2020-07-31,101.953369140625,104.6500015258789,105.4000015258789,102.30000305175781,104.0,33809018
2020-08-03,110.13690948486328,113.05000305175781,114.4000015258789,102.9000015258789,103.0,194765344
2020-08-04,108.57813262939453,111.44999694824219,115.0999984741211,110.80000305175781,112.94999694824219,95906477
2020-08-05,112.42635345458984,115.4000015258789,117.6500015258789,112.0,112.4000015258789,99371050
2020-08-06,113.79029083251953,116.80000305175781,117.69999694824219,115.5,116.19999694824219,60092530
2020-08-07,116.03101348876953,119.0999984741211,119.69999694824219,116.0,117.0,56489390
2020-08-10,120.65860748291016,123.8499984741211,124.69999694824219,119.69999694824219,119.94999694824219,71093810
2020-08-11,119.14856719970703,122.30000305175781,125.80000305175781,121.4000015258789,125.0,50224665
2020-08-12,122.11996459960938,125.3499984741211,126.4000015258789,120.5999984741211,121.0,50713617
2020-08-13,127.7705078125,131.14999389648438,131.89999389648438,124.4000015258789,126.0999984741211,95489249
2020-08-14,121.3892822265625,124.5999984741211,132.64999389648438,123.69999694824219,131.14999389648438,75032834
2020-08-17,120.3663558959961,123.55000305175781,126.25,120.5999984741211,124.5,61154250
2020-08-18,122.363525390625,125.5999984741211,127.5,123.5999984741211,124.0,62153763
2020-08-19,121.92511749267578,125.1500015258789,127.5999984741211,124.75,127.0,45128613
2020-08-20,118.56401824951172,121.69999694824219,125.6500015258789,121.0999984741211,123.44999694824219,43530882
2020-08-21,117.78462982177734,120.9000015258789,124.19999694824219,120.1500015258789,124.19999694824219,48650204
2020-08-24,118.076904296875,121.19999694824219,123.0,120.80000305175781,122.0,31294253
2020-08-25,123.82487487792969,127.0999984741211,128.35000610351562,121.0999984741211,121.80000305175781,90263366
2020-08-26,134.34657287597656,137.89999389648438,139.0,128.35000610351562,130.5,197510376
2020-08-27,140.532958984375,144.25,146.85000610351562,139.3000030517578,140.10000610351562,181380747
2020-08-28,139.1203155517578,142.8000030517578,146.1999969482422,140.5,144.14999389648438,95194825
2020-08-31,139.50999450683594,143.1999969482422,147.9499969482422,138.1999969482422,144.5,160564488
2020-09-01,140.0945587158203,143.8000030517578,145.14999389648438,140.39999389648438,143.39999389648438,58811543
2020-09-02,146.4270477294922,150.3000030517578,151.64999389648438,141.4499969482422,144.3000030517578,74947929
2020-09-03,147.93711853027344,151.85000610351562,155.1999969482422,149.5500030517578,151.60000610351562,110156350
2020-09-04,143.99148559570312,147.8000030517578,153.64999389648438,147.0,147.89999389648438,95560889
2020-09-07,145.5502166748047,149.39999389648438,152.0,148.0,150.0,82617101
2020-09-08,138.63319396972656,142.3000030517578,149.60000610351562,141.1999969482422,149.4499969482422,76286731
2020-09-09,136.48989868164062,140.10000610351562,141.75,135.6999969482422,141.0,105355010
2020-09-10,139.607421875,143.3000030517578,144.5,138.0,142.8000030517578,79606504
2020-09-11,140.5816650390625,144.3000030517578,146.8000030517578,141.64999389648438,143.10000610351562,65135339
2020-09-14,144.72215270996094,148.5500030517578,151.10000610351562,145.5,147.1999969482422,84505930
2020-09-15,144.57598876953125,148.39999389648438,149.39999389648438,146.5500030517578,149.39999389648438,42886817
2020-09-16,147.5474090576172,151.4499969482422,154.3000030517578,148.5500030517578,149.1999969482422,85056501
2020-09-17,143.8453369140625,147.64999389648438,151.0,146.1999969482422,150.8000030517578,48119360
2020-09-18,144.08888244628906,147.89999389648438,150.5,146.25,148.6999969482422,46270863
2020-09-21,133.9081573486328,137.4499969482422,147.75,135.5,147.75,64734493
2020-09-22,129.67027282714844,133.10000610351562,138.14999389648438,129.64999389648438,138.0,87298020
2020-09-23,128.01405334472656,131.39999389648438,136.6999969482422,127.9000015258789,135.5,74981613
2020-09-24,119.63567352294922,122.80000305175781,128.8000030517578,122.1500015258789,127.9000015258789,62420957
2020-09-25,123.97100830078125,127.25,128.35000610351562,123.0999984741211,123.69999694824219,65040759
2020-09-28,129.4267120361328,132.85000610351562,134.3000030517578,127.5,128.89999389648438,61830817
2020-09-29,128.30633544921875,131.6999969482422,136.0,130.6999969482422,134.9499969482422,63366932
2020-09-30,129.8651123046875,133.3000030517578,134.39999389648438,130.3000030517578,131.5500030517578,48859088
2020-10-01,130.05995178222656,133.5,136.5,132.5500030517578,135.89999389648438,40491744
2020-10-05,130.4496307373047,133.89999389648438,137.5,132.0500030517578,136.9499969482422,55268322
2020-10-06,141.0200653076172,144.75,145.8000030517578,136.0,138.0,161987221
2020-10-07,137.36668395996094,141.0,144.5,139.8000030517578,144.25,68273641
2020-10-08,137.31796264648438,140.9499969482422,143.5,139.60000610351562,142.85000610351562,40900948
2020-10-09,134.8824005126953,138.4499969482422,142.64999389648438,138.0,141.14999389648438,37097190
2020-10-12,132.39810180664062,135.89999389648438,139.64999389648438,133.0,139.64999389648438,39279109
2020-10-13,130.64450073242188,134.10000610351562,137.10000610351562,132.85000610351562,135.39999389648438,38973506
2020-10-14,127.33210754394531,130.6999969482422,134.64999389648438,128.8000030517578,133.75,45791440
2020-10-15,123.67872619628906,126.94999694824219,134.35000610351562,126.5,131.5,64002864
2020-10-16,124.4581298828125,127.75,130.0500030517578,126.0,129.39999389648438,62553775
2020-10-19,124.94523620605469,128.25,130.39999389648438,127.80000305175781,129.8000030517578,33157664
2020-10-20,126.30915832519531,129.64999389648438,130.3000030517578,126.3499984741211,128.10000610351562,27465829
2020-10-21,126.89370727539062,130.25,133.10000610351562,128.3000030517578,131.0500030517578,39252663
2020-10-22,130.05995178222656,133.5,134.60000610351562,128.4499969482422,129.6999969482422,48808592
2020-10-23,133.4697723388672,137.0,138.89999389648438,134.10000610351562,134.89999389648438,68711352
2020-10-26,130.25479125976562,133.6999969482422,140.8000030517578,131.25,138.39999389648438,88531579
2020-10-27,132.15455627441406,135.64999389648438,136.75,130.85000610351562,134.14999389648438,56856159
2020-10-28,131.3264617919922,134.8000030517578,143.25,133.5,139.0,152359338
2020-10-29,128.5011749267578,131.89999389648438,133.0,130.0,132.0,66632704
2020-10-30,129.23184204101562,132.64999389648438,134.5,130.3000030517578,133.1999969482422,51128530
2020-11-02,129.4267120361328,132.85000610351562,134.0,131.10000610351562,133.64999389648438,40388690
2020-11-03,130.64450073242188,134.10000610351562,137.39999389648438,133.5500030517578,135.0,52071476
2020-11-04,132.39810180664062,135.89999389648438,137.0,134.0,135.60000610351562,44675934
2020-11-05,134.10302734375,137.64999389648438,138.0,136.0,137.0,38928602
2020-11-06,135.41824340820312,139.0,142.3000030517578,137.64999389648438,137.64999389648438,67966815
2020-11-09,137.36668395996094,141.0,141.5,138.6999969482422,140.60000610351562,40277460
2020-11-10,142.2378387451172,146.0,146.6999969482422,142.75,144.0500030517578,68794369
2020-11-11,147.060302734375,150.9499969482422,151.5,145.64999389648438,146.5,78583629
2020-11-12,147.30386352539062,151.1999969482422,153.85000610351562,150.0,150.9499969482422,56145517
2020-11-13,142.57884216308594,146.35000610351562,150.0,145.35000610351562,150.0,32566537
2020-11-14,145.01443481445312,148.85000610351562,150.8000030517578,148.0,148.6999969482422,11749453
2020-11-17,153.9286346435547,158.0,159.35000610351562,152.1999969482422,152.5,82644841
2020-11-18,169.0292205810547,173.5,178.8000030517578,158.5500030517578,158.85000610351562,171801183
2020-11-19,163.6222381591797,167.9499969482422,176.35000610351562,166.5500030517578,171.39999389648438,109449407
2020-11-20,164.74261474609375,169.10000610351562,171.5500030517578,165.5500030517578,170.0500030517578,66935703
2020-11-23,166.3013916015625,170.6999969482422,173.89999389648438,165.5500030517578,169.5,54566251
2020-11-24,167.61659240722656,172.0500030517578,175.5,171.10000610351562,171.85000610351562,47695247
2020-11-25,167.0320587158203,171.4499969482422,176.8000030517578,169.25,175.0,54366608
2020-11-26,169.27279663085938,173.75,175.0,171.0500030517578,171.60000610351562,39094724
2020-11-27,175.70272827148438,180.35000610351562,183.85000610351562,174.64999389648438,174.64999389648438,125926062
2020-12-01,175.11817932128906,179.75,182.39999389648438,178.10000610351562,182.35000610351562,48881250
2020-12-02,178.86898803710938,183.60000610351562,187.35000610351562,181.10000610351562,184.0,88107889
2020-12-03,180.0867919921875,184.85000610351562,186.0,183.25,185.0,33332481
2020-12-04,179.40478515625,184.14999389648438,188.8000030517578,182.1999969482422,186.5,47995639
2020-12-07,178.8202667236328,183.5500030517578,186.4499969482422,182.6999969482422,184.4499969482422,29802472
2020-12-08,177.11534118652344,181.8000030517578,185.6999969482422,178.9499969482422,184.9499969482422,42143391
2020-12-09,177.99215698242188,182.6999969482422,186.39999389648438,181.64999389648438,183.0,40300535
2020-12-10,173.02359008789062,177.60000610351562,182.6999969482422,176.39999389648438,182.6999969482422,38368777
2020-12-11,174.2413787841797,178.85000610351562,181.4499969482422,176.5,177.9499969482422,43065542
2020-12-14,173.07229614257812,177.64999389648438,181.5,176.6999969482422,181.0,33186273
2020-12-15,174.29006958007812,178.89999389648438,179.6999969482422,173.25,176.4499969482422,41190341
2020-12-16,177.84603881835938,182.5500030517578,183.8000030517578,180.10000610351562,181.0,51259394
2020-12-17,177.01792907714844,181.6999969482422,184.0,180.64999389648438,184.0,34101954
2020-12-18,175.89755249023438,180.5500030517578,181.5,176.64999389648438,180.89999389648438,46065197
2020-12-21,160.3098602294922,164.5500030517578,177.5500030517578,162.5,176.0,75582907
2020-12-22,160.69955444335938,164.9499969482422,169.1999969482422,156.6999969482422,164.5500030517578,110009846
2020-12-23,164.8400421142578,169.1999969482422,169.6999969482422,163.39999389648438,165.0,56930071
2020-12-24,171.41610717773438,175.9499969482422,178.0,172.0,172.0,73831319
2020-12-28,181.54811096191406,186.35000610351562,187.39999389648438,179.0,179.85000610351562,98012135
2020-12-29,178.72283935546875,183.4499969482422,188.4499969482422,181.10000610351562,187.89999389648438,71318085
2020-12-30,179.40478515625,184.14999389648438,185.39999389648438,180.39999389648438,183.10000610351562,38576159
2020-12-31,179.112548828125,183.85000610351562,187.5,182.8000030517578,184.85000610351562,48978310
2021-01-01,181.69422912597656,186.5,187.0,184.5,184.9499969482422,27334421
2021-01-04,186.3705596923828,191.3000030517578,193.0,188.75,191.8000030517578,63980597
2021-01-05,188.2216033935547,193.1999969482422,193.89999389648438,185.0500030517578,187.10000610351562,75752593
2021-01-06,190.36489868164062,195.39999389648438,197.60000610351562,190.64999389648438,194.4499969482422,75621947
2021-01-07,191.6801300048828,196.75,200.35000610351562,195.10000610351562,197.0,66024848
2021-01-08,193.04403686523438,198.14999389648438,201.5,197.10000610351562,198.75,53991568
2021-01-11,214.96426391601562,220.64999389648438,225.39999389648438,199.64999389648438,199.89999389648438,182483100
2021-01-12,231.67234802246094,237.8000030517578,252.39999389648438,224.10000610351562,227.0,390577839
2021-01-13,236.34866333007812,242.60000610351562,248.8000030517578,238.39999389648438,242.89999389648438,164649387
2021-01-14,238.78424072265625,245.10000610351562,249.8000030517578,238.60000610351562,242.85000610351562,86819519
2021-01-15,253.59254455566406,260.29998779296875,264.6499938964844,242.60000610351562,246.0,250038029
2021-01-18,239.61233520507812,245.9499969482422,262.45001220703125,241.14999389648438,261.6499938964844,173383224
2021-01-19,251.9850616455078,258.6499938964844,261.70001220703125,251.3000030517578,251.5,136861059
2021-01-20,267.8163146972656,274.8999938964844,277.5,258.8500061035156,260.0,205145151
2021-01-21,283.1117858886719,290.6000061035156,299.0,280.0,281.0,283614463
2021-01-22,281.8940124511719,289.3500061035156,306.8999938964844,278.3500061035156,295.95001220703125,316008609
2021-01-25,271.95684814453125,279.1499938964844,299.5,277.3500061035156,296.8999938964844,164346913
2021-01-27,260.60699462890625,267.5,275.0,265.70001220703125,274.8999938964844,126586833
2021-01-28,259.925048828125,266.79998779296875,273.3999938964844,259.04998779296875,260.04998779296875,129156876
2021-01-29,255.93072509765625,262.70001220703125,278.79998779296875,260.6000061035156,273.0,138442348
2021-02-01,272.3952331542969,279.6000061035156,282.0,255.35000610351562,269.75,165655500
2021-02-02,313.7026672363281,322.0,328.8500061035156,290.3999938964844,293.6000061035156,251965965
2021-02-03,322.47076416015625,331.0,341.8999938964844,326.20001220703125,339.20001220703125,224190114
2021-02-04,317.7456970214844,326.1499938964844,334.5,322.45001220703125,329.0,121033002
2021-02-05,307.7598571777344,315.8999938964844,330.0,312.6000061035156,327.6000061035156,103512235
2021-02-08,327.2931823730469,335.95001220703125,339.25,318.0,318.75,102123614
2021-02-09,316.674072265625,325.04998779296875,338.5,322.20001220703125,337.0,105981081
2021-02-10,320.42486572265625,328.8999938964844,332.6499938964844,319.5,326.0,93466949
2021-02-11,316.6253662109375,325.0,331.3500061035156,323.3999938964844,326.45001220703125,55257166
2021-02-12,317.0150146484375,325.3999938964844,330.5,321.25,326.3999938964844,64093642
2021-02-15,324.7602233886719,333.3500061035156,335.79998779296875,324.0,329.8999938964844,78680452
2021-02-16,320.7171325683594,329.20001220703125,337.8999938964844,327.5,335.45001220703125,65943843
2021-02-17,321.64263916015625,330.1499938964844,334.25,325.45001220703125,326.8999938964844,52150941
2021-02-18,315.5050048828125,323.8500061035156,331.75,321.1000061035156,331.5,49204247
2021-02-19,303.814208984375,311.8500061035156,321.95001220703125,301.3999938964844,321.95001220703125,80274683
2021-02-22,296.65362548828125,304.5,313.8999938964844,302.1499938964844,312.45001220703125,57723298
2021-02-23,315.6511535644531,324.0,328.8999938964844,308.5,308.5,133310157
2021-02-24,313.3616638183594,321.6499938964844,330.0,316.5,325.0,50821757
2021-02-25,324.5653381347656,333.1499938964844,334.70001220703125,323.25,325.3500061035156,64514912
2021-02-26,314.6282043457031,322.95001220703125,332.95001220703125,318.8500061035156,323.0,91901339
2021-03-01,319.84033203125,328.29998779296875,331.8500061035156,322.70001220703125,330.0,61190868
2021-03-02,336.8406677246094,345.75,347.20001220703125,326.45001220703125,331.1000061035156,127708761
2021-03-03,339.51983642578125,348.5,357.0,346.5,348.6499938964844,92006451
2021-03-04,330.45947265625,339.20001220703125,345.3999938964844,337.29998779296875,339.0,59863169
2021-03-05,316.771484375,325.1499938964844,337.8500061035156,319.70001220703125,333.0,86738909
2021-03-08,312.97198486328125,321.25,331.75,318.79998779296875,331.75,81925952
2021-03-09,307.0779113769531,315.20001220703125,328.3500061035156,309.6000061035156,325.0,74702208
2021-03-10,313.1668395996094,321.45001220703125,324.45001220703125,316.70001220703125,319.5,58643853
2021-03-12,309.3673095703125,317.54998779296875,326.5,314.1499938964844,325.04998779296875,48360842
2021-03-15,310.341552734375,318.54998779296875,320.3999938964844,310.04998779296875,320.0,45081385
2021-03-16,311.70550537109375,319.95001220703125,321.8999938964844,315.1000061035156,321.0,39267404
2021-03-17,297.92010498046875,305.79998779296875,320.0,304.0,318.6000061035156,47262481
2021-03-18,299.0892333984375,307.0,316.6000061035156,299.75,311.0,73731921
2021-03-19,300.9889221191406,308.95001220703125,311.0,290.20001220703125,303.5,109932681
2021-03-22,295.240966796875,303.04998779296875,307.5,300.1000061035156,306.45001220703125,56385019
2021-03-23,299.4789123535156,307.3999938964844,312.25,304.0,305.0,60240483
2021-03-24,286.8625793457031,294.45001220703125,305.0,293.20001220703125,303.54998779296875,61523819
2021-03-25,278.19189453125,285.54998779296875,294.0,282.25,294.0,84528317
2021-03-26,288.7623291015625,296.3999938964844,301.3999938964844,290.5,290.5,80924011
2021-03-30,289.39556884765625,297.04998779296875,301.29998779296875,292.70001220703125,300.5,45257233
2021-03-31,294.0231628417969,301.79998779296875,307.5,297.5,299.0,58569012
2021-04-01,299.8198547363281,307.75,309.8500061035156,303.04998779296875,306.75,44088352
2021-04-05,297.1894226074219,305.04998779296875,311.70001220703125,297.20001220703125,306.79998779296875,66178755
2021-04-06,299.8198547363281,307.75,313.79998779296875,304.79998779296875,306.1499938964844,63031783
2021-04-07,299.8685302734375,307.79998779296875,310.6499938964844,305.1000061035156,306.75,39073986
2021-04-08,305.860107421875,313.95001220703125,319.79998779296875,307.5,307.8999938964844,62459774
2021-04-09,310.0005798339844,318.20001220703125,325.0,312.5,313.20001220703125,75462572
2021-04-12,279.1661376953125,286.54998779296875,307.8500061035156,282.8999938964844,307.8500061035156,105342538
2021-04-13,295.0461120605469,302.8500061035156,304.54998779296875,280.54998779296875,287.25,116874853
2021-04-15,295.6793518066406,303.5,307.54998779296875,296.5,303.0,75262749
2021-04-16,302.0118713378906,310.0,315.0,300.1499938964844,302.0,75330709
2021-04-19,293.6334533691406,301.3999938964844,304.5,292.79998779296875,295.0,65791784
2021-04-20,290.3697814941406,298.04998779296875,308.1499938964844,294.20001220703125,307.70001220703125,56740291
2021-04-22,286.9599914550781,294.54998779296875,302.5,292.20001220703125,294.0,61022978
2021-04-23,286.4241638183594,294.0,300.0,290.5,291.0,58158986
2021-04-26,287.7880859375,295.3999938964844,299.0,294.6000061035156,297.0,30583139
2021-04-27,293.73089599609375,301.5,302.5,295.1000061035156,295.70001220703125,35040532
2021-04-28,298.01751708984375,305.8999938964844,309.5,303.0,303.5,44668126
2021-04-29,294.12060546875,301.8999938964844,310.0,301.25,308.8999938964844,36647292
2021-04-30,286.278076171875,293.8500061035156,301.29998779296875,292.54998779296875,298.20001220703125,36121668
2021-05-03,285.449951171875,293.0,294.75,285.0,289.29998779296875,35376618
2021-05-04,281.991455078125,289.45001220703125,299.75,288.04998779296875,296.3500061035156,38640006
2021-05-05,283.98858642578125,291.5,293.8999938964844,288.5,293.5,29350536
2021-05-06,293.48736572265625,301.25,302.0,290.29998779296875,291.5,45032502
2021-05-07,294.9486999511719,302.75,305.95001220703125,300.5,303.0,41591323
2021-05-10,306.7369079589844,314.8500061035156,315.70001220703125,304.0,304.5,53260388
2021-05-11,307.41888427734375,315.54998779296875,320.75,308.1000061035156,309.54998779296875,58472304
2021-05-12,317.5995788574219,326.0,334.75,316.25,318.25,111584920
2021-05-14,304.2038879394531,312.25,329.5,310.0,329.3500061035156,81305325
2021-05-17,312.82586669921875,321.1000061035156,323.8500061035156,311.3999938964844,315.3999938964844,51162423
2021-05-18,323.8834228515625,332.45001220703125,336.6499938964844,324.0,325.95001220703125,86153088
2021-05-19,306.34722900390625,314.45001220703125,322.95001220703125,312.1000061035156,313.0,119407026
2021-05-20,299.7711486816406,307.70001220703125,316.6000061035156,306.1000061035156,316.0,54043899
2021-05-21,305.0320129394531,313.1000061035156,315.70001220703125,309.5,312.0,40358753
2021-05-24,303.814208984375,311.8500061035156,315.79998779296875,310.20001220703125,314.75,31963997
2021-05-25,307.1266174316406,315.25,319.0,313.8500061035156,315.54998779296875,37382263
2021-05-26,307.37017822265625,315.5,320.0,314.79998779296875,316.1000061035156,28639717
2021-05-27,310.3902893066406,318.6000061035156,323.45001220703125,316.54998779296875,317.04998779296875,49484106
2021-05-28,310.536376953125,318.75,324.5,316.5,322.6499938964844,26618815
2021-05-31,310.536376953125,318.75,319.75,312.1000061035156,318.70001220703125,30917309
2021-06-01,309.9031677246094,318.1000061035156,325.70001220703125,317.29998779296875,319.20001220703125,32595728
2021-06-02,314.6768798828125,323.0,324.3999938964844,315.6000061035156,315.95001220703125,26323777
2021-06-03,317.25860595703125,325.6499938964844,327.70001220703125,323.6499938964844,325.29998779296875,21408371
2021-06-04,326.3189697265625,334.95001220703125,336.8999938964844,324.25,325.1499938964844,41278749
2021-06-07,336.59710693359375,345.5,351.0,339.75,339.75,64986814
2021-06-08,343.6602783203125,352.75,356.6499938964844,337.5,346.25,44104954
2021-06-09,334.5024719238281,343.3500061035156,358.8999938964844,339.75,356.20001220703125,59334814
2021-06-10,335.866455078125,344.75,347.8500061035156,342.3999938964844,345.20001220703125,24351860
2021-06-11,341.7118225097656,350.75,352.8999938964844,344.3500061035156,346.0,36441967
2021-06-14,346.7778625488281,355.95001220703125,357.8999938964844,341.1000061035156,350.04998779296875,38482142
2021-06-15,343.611572265625,352.70001220703125,360.75,351.5,355.75,35526159
2021-06-16,340.3479309082031,349.3500061035156,356.0,348.1000061035156,350.1000061035156,27550588
2021-06-17,336.74322509765625,345.6499938964844,352.8999938964844,342.25,348.3999938964844,29236974
2021-06-18,328.705810546875,337.3999938964844,346.8999938964844,329.0,345.6499938964844,49440514
2021-06-21,325.6856994628906,334.29998779296875,335.79998779296875,326.20001220703125,330.8999938964844,29123887
2021-06-22,329.19293212890625,337.8999938964844,344.29998779296875,336.1499938964844,337.1000061035156,26708459
2021-06-23,326.6112060546875,335.25,343.25,334.29998779296875,341.0,25741628
2021-06-24,326.0267028808594,334.6499938964844,337.3999938964844,333.3500061035156,335.0,15580223
2021-06-25,330.8978576660156,339.6499938964844,342.79998779296875,335.8999938964844,335.8999938964844,22426352
2021-06-28,333.9667053222656,342.79998779296875,345.0,337.54998779296875,340.79998779296875,17843975
2021-06-29,332.7489013671875,341.54998779296875,346.5,339.6000061035156,342.6499938964844,22462297
2021-06-30,330.8491516113281,339.6000061035156,345.3500061035156,338.8500061035156,342.0,18277841
2021-07-01,335.3793029785156,344.25,347.3999938964844,341.20001220703125,341.5,27944816
2021-07-02,336.0125427246094,344.8999938964844,345.54998779296875,340.5,345.29998779296875,18304387
2021-07-05,337.1816711425781,346.1000061035156,350.1000061035156,344.0,347.04998779296875,18399524
2021-07-06,308.73406982421875,316.8999938964844,358.20001220703125,311.5,348.0,164083830
2021-07-07,308.9289245605469,317.1000061035156,319.1000061035156,306.25,316.0,112183313
2021-07-08,298.4559631347656,306.3500061035156,314.79998779296875,305.0,314.79998779296875,87360324
2021-07-09,298.4072265625,306.29998779296875,308.8500061035156,301.8500061035156,305.79998779296875,48807214
2021-07-12,299.5276184082031,307.45001220703125,312.0,306.1000061035156,310.79998779296875,32282319
2021-07-13,302.9374084472656,310.95001220703125,312.25,308.1499938964844,310.0,25736308
2021-07-14,301.5734558105469,309.54998779296875,313.29998779296875,308.6499938964844,310.0,21863250
2021-07-15,302.25543212890625,310.25,312.8500061035156,307.6000061035156,310.5,23617599
2021-07-16,303.22967529296875,311.25,315.45001220703125,310.5,311.1000061035156,25148606
2021-07-19,300.8915100097656,308.8500061035156,310.29998779296875,306.0,308.95001220703125,21346348
2021-07-20,294.3641357421875,302.1499938964844,308.0,301.04998779296875,307.0,27672567
2021-07-22,294.7538146972656,302.54998779296875,307.45001220703125,301.04998779296875,305.5,21338361
2021-07-23,287.9342346191406,295.54998779296875,301.8999938964844,295.0,300.5,33435130
2021-07-26,285.5960693359375,293.1499938964844,297.0,291.0,295.0,27502360
2021-07-27,283.8911437988281,291.3999938964844,297.6499938964844,288.6000061035156,293.0,55132877
2021-07-28,277.1202697753906,284.45001220703125,290.8999938964844,283.6000061035156,290.0,36139725
2021-07-29,285.3525085449219,292.8999938964844,295.3999938964844,287.54998779296875,287.54998779296875,57733359
2021-07-30,286.37548828125,293.95001220703125,300.0,293.25,294.0,30589609
2021-08-02,289.20074462890625,296.8500061035156,299.3999938964844,295.6000061035156,299.1499938964844,19273390
2021-08-03,295.8742370605469,303.70001220703125,304.5,297.70001220703125,298.5,31063992
2021-08-04,290.4672546386719,298.1499938964844,306.45001220703125,297.20001220703125,304.75,26186248
2021-08-05,291.977294921875,299.70001220703125,300.8999938964844,292.75,295.5,20704901
2021-08-06,292.3182373046875,300.04998779296875,303.3999938964844,297.6499938964844,300.04998779296875,16001898
2021-08-09,290.4185485839844,298.1000061035156,304.20001220703125,296.04998779296875,300.75,16985859
2021-08-10,286.6190185546875,294.20001220703125,300.20001220703125,291.0,297.8999938964844,15173990
2021-08-11,287.8367919921875,295.45001220703125,297.79998779296875,286.45001220703125,295.29998779296875,20802022
2021-08-12,298.1149597167969,306.0,307.3999938964844,297.29998779296875,297.29998779296875,33652880
2021-08-13,299.3327331542969,307.25,311.5,303.04998779296875,308.79998779296875,34922863
2021-08-16,295.8742370605469,303.70001220703125,307.8500061035156,303.04998779296875,305.95001220703125,14348786
2021-08-17,290.02886962890625,297.70001220703125,302.79998779296875,292.79998779296875,302.79998779296875,25539214
2021-08-18,285.7909240722656,293.3500061035156,297.75,292.6000061035156,296.8999938964844,18004320
2021-08-20,275.8050537109375,283.1000061035156,290.70001220703125,281.0,289.5,32578752
2021-08-23,269.81353759765625,276.95001220703125,288.29998779296875,275.0,287.20001220703125,24498294
2021-08-24,272.5900573730469,279.79998779296875,281.5,268.45001220703125,278.5,37589121
2021-08-25,277.071533203125,284.3999938964844,289.20001220703125,282.45001220703125,282.79998779296875,31538128
2021-08-26,276.9740905761719,284.29998779296875,287.3500061035156,281.6499938964844,284.8500061035156,17864053
2021-08-27,278.3867492675781,285.75,286.79998779296875,281.70001220703125,282.8999938964844,13477390
2021-08-30,284.427001953125,291.95001220703125,293.5,289.8999938964844,290.1000061035156,17217097
2021-08-31,279.8968200683594,287.29998779296875,291.95001220703125,286.1000061035156,291.75,36951003
2021-09-01,287.6419677734375,295.25,297.3999938964844,287.29998779296875,289.0,33103168
2021-09-02,285.5960693359375,293.1499938964844,296.29998779296875,291.70001220703125,295.25,14907001
2021-09-03,287.9342346191406,295.54998779296875,296.45001220703125,292.0,292.5,16594135
2021-09-06,289.7852783203125,297.45001220703125,298.95001220703125,296.0,297.5,16622865
2021-09-07,287.00872802734375,294.6000061035156,297.79998779296875,290.8999938964844,297.3500061035156,14325904
2021-09-08,287.6419677734375,295.25,298.79998779296875,291.6000061035156,293.5,14920479
2021-09-09,291.24664306640625,298.95001220703125,303.5,293.54998779296875,294.0,34020970
2021-09-13,293.4386291503906,301.20001220703125,302.0,295.5,299.0,16339860
2021-09-14,298.2123718261719,306.1000061035156,307.20001220703125,302.20001220703125,302.25,23234649
2021-09-15,303.91162109375,311.95001220703125,313.0,306.1000061035156,306.1000061035156,26808872
2021-09-16,303.6193542480469,311.6499938964844,315.0,307.6499938964844,313.3999938964844,26249369
2021-09-17,300.6479187011719,308.6000061035156,315.3500061035156,306.0,312.0,24972069
2021-09-20,291.24664306640625,298.95001220703125,310.25,297.29998779296875,304.8999938964844,19632688
2021-09-21,294.1693420410156,301.95001220703125,302.70001220703125,293.1000061035156,298.6000061035156,19439330
2021-09-22,302.10931396484375,310.1000061035156,313.79998779296875,303.0,303.1499938964844,29545253
2021-09-23,313.215576171875,321.5,324.0,313.20001220703125,313.20001220703125,52701665
2021-09-24,309.75701904296875,317.95001220703125,326.95001220703125,316.04998779296875,325.1000061035156,28901243
2021-09-27,323.10400390625,331.6499938964844,333.6000061035156,323.1499938964844,323.1499938964844,56305136
2021-09-28,320.8145446777344,329.29998779296875,336.0,324.5,334.0,28497009
2021-09-29,321.7400817871094,330.25,333.0,324.0,325.0,19740150
2021-09-30,324.7602233886719,333.3500061035156,337.8999938964844,329.1000061035156,331.25,30268517
2021-10-01,324.7115173339844,333.29998779296875,337.29998779296875,325.70001220703125,332.6499938964844,29877695
2021-10-04,333.1872863769531,342.0,343.25,335.1499938964844,336.79998779296875,29553072
2021-10-05,336.061279296875,344.95001220703125,351.5,338.8500061035156,340.45001220703125,31861985
2021-10-06,327.3905944824219,336.04998779296875,348.70001220703125,335.0,347.0,25272592
2021-10-07,366.79833984375,376.5,383.0,339.25,341.1000061035156,163238084
2021-10-08,373.0821228027344,382.95001220703125,397.54998779296875,380.0,385.8999938964844,93728117
2021-10-11,405.036865234375,415.75,420.8999938964844,388.0,390.1499938964844,113404983
2021-10-12,410.0054931640625,420.8500061035156,435.70001220703125,413.6000061035156,423.0,97349265
2021-10-13,493.8381042480469,506.8999938964844,523.8499755859375,462.8999938964844,462.8999938964844,197949387
2021-10-14,484.77777099609375,497.6000061035156,530.0,492.0,530.0,103630901
2021-10-18,496.46856689453125,509.6000061035156,525.0,503.6000061035156,507.0,72322623
2021-10-19,469.4822998046875,481.8999938964844,517.4000244140625,476.04998779296875,512.4500122070312,57428637
2021-10-20,474.3534851074219,486.8999938964844,497.0,471.25,481.79998779296875,55444814
2021-10-21,494.9097900390625,508.0,510.3999938964844,485.75,491.75,52608672
2021-10-22,478.25042724609375,490.8999938964844,510.70001220703125,487.3999938964844,509.8999938964844,42742785
2021-10-25,467.53387451171875,479.8999938964844,496.0,473.25,493.8999938964844,33107841
2021-10-26,495.54302978515625,508.6499938964844,510.0,483.25,483.5,58027770
2021-10-27,485.0700378417969,497.8999938964844,506.54998779296875,496.0,505.75,30361263
2021-10-28,468.65423583984375,481.04998779296875,493.8999938964844,478.54998779296875,493.8999938964844,25182748
2021-10-29,471.2359924316406,483.70001220703125,491.6000061035156,467.70001220703125,482.0,31054342
2021-11-01,473.1844482421875,485.70001220703125,489.70001220703125,469.79998779296875,486.45001220703125,34315690
2021-11-02,475.27899169921875,487.8500061035156,510.0,486.5,506.5,51580720
2021-11-03,472.405029296875,484.8999938964844,495.0,481.6000061035156,483.79998779296875,22950198
2021-11-04,477.08135986328125,489.70001220703125,493.54998779296875,488.0,489.79998779296875,5531940
2021-11-08,488.4798583984375,501.3999938964844,504.8500061035156,490.25,493.8999938964844,31736426
2021-11-09,496.5173034667969,509.6499938964844,520.6500244140625,503.5,505.0,50458762
2021-11-10,497.58892822265625,510.75,515.9500122070312,500.20001220703125,506.25,26615777
2021-11-11,490.47705078125,503.45001220703125,519.0,501.0,510.0,29256213
2021-11-12,493.9842529296875,507.04998779296875,509.54998779296875,497.3500061035156,506.95001220703125,20731808
2021-11-15,492.4255065917969,505.45001220703125,514.9000244140625,504.5,506.25,18014977
2021-11-16,505.675048828125,519.0499877929688,526.8499755859375,506.20001220703125,506.8999938964844,55897781
2021-11-17,516.4890747070312,530.1500244140625,536.7000122070312,520.25,520.25,48463415
2021-11-18,496.5660095214844,509.70001220703125,534.2000122070312,501.29998779296875,531.4500122070312,47197742
2021-11-22,473.5740966796875,486.1000061035156,512.25,478.3999938964844,512.25,40044849
2021-11-23,482.73187255859375,495.5,499.3500061035156,477.0,484.3999938964844,27553684
2021-11-24,476.0583801269531,488.6499938964844,501.79998779296875,485.29998779296875,499.0,20915837
2021-11-25,480.0527648925781,492.75,495.1499938964844,486.5,490.79998779296875,15336539
2021-11-26,448.34149169921875,460.20001220703125,486.75,458.0,486.0,51787989
2021-11-29,449.5592956542969,461.45001220703125,470.75,443.1000061035156,457.0,42819150
2021-11-30,446.7827453613281,458.6000061035156,478.0,455.6499938964844,466.54998779296875,35471800
2021-12-01,463.00372314453125,475.25,478.3999938964844,463.54998779296875,467.8500061035156,28256188
2021-12-02,466.7544860839844,479.1000061035156,480.45001220703125,471.70001220703125,479.3999938964844,21012008
2021-12-03,467.7287292480469,480.1000061035156,484.70001220703125,477.29998779296875,480.0,20948900
2021-12-06,455.1611633300781,467.20001220703125,480.8999938964844,466.0,480.1000061035156,17473075
2021-12-07,469.3848876953125,481.79998779296875,484.8999938964844,471.0,476.8500061035156,21280797
2021-12-08,481.1731262207031,493.8999938964844,495.95001220703125,483.5,484.5,20581817
2021-12-09,481.22186279296875,493.95001220703125,498.5,489.54998779296875,498.0,16951593
2021-12-10,481.708984375,494.45001220703125,496.79998779296875,486.54998779296875,487.75,14567815
2021-12-13,482.58575439453125,495.3500061035156,506.3999938964844,494.20001220703125,499.45001220703125,21921272
2021-12-14,476.7890930175781,489.3999938964844,491.95001220703125,483.29998779296875,491.95001220703125,17722547
2021-12-15,478.9810791015625,491.6499938964844,497.70001220703125,487.25,487.79998779296875,16263723
2021-12-16,479.27337646484375,491.95001220703125,496.5,487.3999938964844,495.0,13581352
2021-12-17,458.0838623046875,470.20001220703125,488.8500061035156,468.20001220703125,488.0,27341178
2021-12-20,435.53033447265625,447.04998779296875,460.0,440.0,459.8999938964844,33007516
2021-12-21,441.9115905761719,453.6000061035156,460.8999938964844,449.8500061035156,452.1000061035156,18838054
2021-12-22,458.3760986328125,470.5,472.1499938964844,458.1499938964844,458.1499938964844,22730750
2021-12-23,460.1784362792969,472.3500061035156,478.0,470.95001220703125,476.0,12116814
2021-12-24,455.5508728027344,467.6000061035156,474.8999938964844,460.0,474.8999938964844,15487368
2021-12-27,459.00933837890625,471.1499938964844,472.45001220703125,460.1000061035156,465.70001220703125,12557565
2021-12-28,467.8261413574219,480.20001220703125,482.79998779296875,472.6499938964844,475.20001220703125,22860916
2021-12-29,463.734375,476.0,481.6000061035156,474.25,478.75,10263884
2021-12-30,458.2786560058594,470.3999938964844,476.3999938964844,468.6000061035156,472.54998779296875,11923961
2021-12-31,469.969482421875,482.3999938964844,483.6000061035156,471.8500061035156,472.70001220703125,15541446
2022-01-03,484.77777099609375,497.6000061035156,500.8500061035156,492.0,493.5,32748423
2022-01-04,476.98394775390625,489.6000061035156,499.0,484.04998779296875,496.79998779296875,24100985
2022-01-05,477.13006591796875,489.75,492.75,483.54998779296875,486.95001220703125,15420105
2022-01-06,476.2532653808594,488.8500061035156,492.95001220703125,477.1000061035156,481.5,16563230
2022-01-07,477.9581604003906,490.6000061035156,495.5,483.75,490.04998779296875,15532165
2022-01-10,490.7206115722656,503.70001220703125,504.8999938964844,491.29998779296875,493.1000061035156,25193771
2022-01-11,488.3824462890625,501.29998779296875,507.8999938964844,498.1499938964844,503.0,16269193
2022-01-12,494.17913818359375,507.25,511.8500061035156,503.5,505.8500061035156,16255334
2022-01-13,498.75799560546875,511.95001220703125,513.7999877929688,494.79998779296875,504.0,27572553
2022-01-14,496.76080322265625,509.8999938964844,515.4000244140625,505.6499938964844,509.0,12655602
2022-01-17,511.4717712402344,525.0,526.9000244140625,512.0,514.7999877929688,27942414
2022-01-18,497.6376647949219,510.79998779296875,528.5,507.1499938964844,527.9000244140625,19353195
2022-01-19,507.42864990234375,520.8499755859375,522.2000122070312,504.79998779296875,510.0,21799071
2022-01-20,502.4114074707031,515.7000122070312,523.2000122070312,512.0,519.9500122070312,18364451
2022-01-21,488.91827392578125,501.8500061035156,513.8499755859375,494.25,510.3999938964844,17946821
2022-01-24,466.1212463378906,478.45001220703125,504.29998779296875,473.3500061035156,499.70001220703125,25228959
2022-01-25,477.9094543457031,490.54998779296875,492.5,467.6499938964844,473.79998779296875,22565698
2022-01-27,481.6602478027344,494.3999938964844,502.70001220703125,476.6000061035156,480.75,26676094
2022-01-28,484.4855041503906,497.29998779296875,509.3500061035156,495.29998779296875,500.5,21784640
2022-01-31,504.4085388183594,517.75,520.0,498.20001220703125,505.0,27306578
2022-02-01,491.30511474609375,504.29998779296875,514.75,493.0,508.0,48030231
2022-02-02,493.35101318359375,506.3999938964844,514.4500122070312,505.1499938964844,508.6000061035156,14311040
2022-02-03,491.4999694824219,504.5,514.2999877929688,502.8500061035156,509.1000061035156,15249245
2022-02-04,487.7004699707031,500.6000061035156,507.79998779296875,499.0,503.79998779296875,12663199
2022-02-07,481.8551025390625,494.6000061035156,504.3500061035156,492.5,502.8999938964844,13392910
2022-02-08,480.0527648925781,492.75,498.5,479.1499938964844,498.0,23378623
2022-02-09,488.333740234375,501.25,503.70001220703125,494.70001220703125,496.5,12430730
2022-02-10,494.3739929199219,507.45001220703125,510.5,504.20001220703125,506.70001220703125,14537945
2022-02-11,485.9955749511719,498.8500061035156,507.0,497.0,503.25,13534899
2022-02-14,459.3016357421875,471.45001220703125,488.5,468.79998779296875,487.0,22157389
2022-02-15,491.01287841796875,504.0,505.5,467.29998779296875,476.1499938964844,30623088
2022-02-16,485.6058654785156,498.45001220703125,507.8999938964844,496.6000061035156,504.0,20176993
2022-02-17,487.0672302246094,499.95001220703125,511.5,498.29998779296875,505.8999938964844,27943077
2022-02-18,480.4424743652344,493.1499938964844,502.6499938964844,491.5,498.0,15476803
2022-02-21,481.708984375,494.45001220703125,500.3999938964844,486.1000061035156,490.1499938964844,22592161
2022-02-22,465.9263916015625,478.25,486.29998779296875,471.45001220703125,480.54998779296875,27957544
2022-02-23,464.7085876464844,477.0,485.3999938964844,475.29998779296875,481.75,17703998
2022-02-24,416.92254638671875,427.95001220703125,461.54998779296875,405.45001220703125,455.95001220703125,57265685
2022-02-25,447.9031066894531,459.75,465.70001220703125,441.6000061035156,444.8500061035156,48876182
2022-02-28,442.3499755859375,454.04998779296875,457.3500061035156,440.45001220703125,445.0,34475468
2022-03-02,436.0661926269531,447.6000061035156,454.25,444.54998779296875,452.95001220703125,25791134
2022-03-03,425.8367614746094,437.1000061035156,458.5,435.0,458.5,29599672
2022-03-04,406.4982604980469,417.25,431.8500061035156,414.75,431.8500061035156,38765185
2022-03-07,383.8473815917969,394.0,401.75,387.5,401.75,44836205
2022-03-08,381.65533447265625,391.75,395.45001220703125,376.3500061035156,390.5,55543383
2022-03-09,395.4407043457031,405.8999938964844,409.25,389.5,394.95001220703125,48376222
2022-03-10,408.7877197265625,419.6000061035156,434.95001220703125,414.0,427.0,59776817
2022-03-11,407.3750305175781,418.1499938964844,421.1499938964844,407.3999938964844,413.6000061035156,51510243
2022-03-14,401.0912780761719,411.70001220703125,419.0,404.0,418.75,40721277
2022-03-15,402.99102783203125,413.6499938964844,424.20001220703125,408.0,409.8500061035156,47706136
2022-03-16,413.95111083984375,424.8999938964844,428.54998779296875,420.70001220703125,427.04998779296875,27191170
2022-03-17,422.62176513671875,433.79998779296875,435.70001220703125,429.54998779296875,432.0,26704541
2022-03-21,416.92254638671875,427.95001220703125,436.29998779296875,427.1000061035156,435.5,18270995
2022-03-22,429.0030212402344,440.3500061035156,441.45001220703125,421.20001220703125,428.1000061035156,30441493
2022-03-23,424.57025146484375,435.79998779296875,447.0,434.6000061035156,443.5,25466395
2022-03-24,422.0372314453125,433.20001220703125,435.3999938964844,427.54998779296875,430.0,17109723
2022-03-25,420.96563720703125,432.1000061035156,437.0,427.6499938964844,437.0,15104414
2022-03-28,421.55010986328125,432.70001220703125,434.95001220703125,426.5,432.0,16757901
2022-03-29,422.52435302734375,433.70001220703125,439.3500061035156,431.3999938964844,436.0,18710736
2022-03-30,424.4241027832031,435.6499938964844,442.5,434.25,438.45001220703125,18149488
2022-03-31,422.5730895996094,433.75,438.29998779296875,432.6000061035156,436.0,14248045
2022-04-01,429.7823791503906,441.1499938964844,442.25,430.8500061035156,434.0,19380324
2022-04-04,435.2380676269531,446.75,449.5,441.29998779296875,444.3999938964844,18657201
2022-04-05,446.2469177246094,458.04998779296875,461.8999938964844,448.29998779296875,450.0,28530470
2022-04-06,444.3958740234375,456.1499938964844,462.70001220703125,452.6000061035156,455.8999938964844,24974477
2022-04-07,437.917236328125,449.5,459.1000061035156,448.5,456.5,19950241
2022-04-08,440.4015197753906,452.04998779296875,456.25,449.70001220703125,450.0,16315704
2022-04-11,440.4015197753906,452.04998779296875,458.8999938964844,451.0,457.0,14339854
2022-04-12,427.00579833984375,438.29998779296875,450.79998779296875,435.0,450.79998779296875,22698696
2022-04-13,419.9426574707031,431.04998779296875,442.8500061035156,430.1000061035156,441.79998779296875,16817981
2022-04-18,422.62176513671875,433.79998779296875,436.3500061035156,423.6499938964844,430.0,15298361
2022-04-19,413.99981689453125,424.95001220703125,440.25,417.0,436.75,12669041
2022-04-20,429.1978759765625,440.54998779296875,441.70001220703125,428.25,431.0,19639290
2022-04-21,436.50457763671875,448.04998779296875,449.3500061035156,441.04998779296875,444.5,14124872
2022-04-22,427.54168701171875,438.8500061035156,447.25,438.0,442.04998779296875,14362036
2022-04-25,414.19464111328125,425.1499938964844,436.0,423.1499938964844,432.75,14729009
2022-04-26,423.69342041015625,434.8999938964844,437.45001220703125,431.6000061035156,433.8999938964844,13577513
2022-04-27,419.1632385253906,430.25,432.95001220703125,425.1000061035156,429.25,13701069
2022-04-28,424.81378173828125,436.04998779296875,439.20001220703125,430.79998779296875,434.79998779296875,13875650
2022-04-29,426.3238830566406,437.6000061035156,447.75,436.0,440.20001220703125,21991752
2022-05-02,421.6962890625,432.8500061035156,442.95001220703125,428.5,437.95001220703125,18945234
2022-05-04,412.5871887207031,423.5,440.6000061035156,420.70001220703125,437.95001220703125,14934742
2022-05-05,415.31500244140625,426.29998779296875,434.0,423.70001220703125,429.0,12240729
2022-05-06,398.02239990234375,408.54998779296875,420.20001220703125,407.0,418.8500061035156,25142225
2022-05-09,393.5409851074219,403.95001220703125,407.3999938964844,395.0,407.1499938964844,18076956
2022-05-10,381.65533447265625,391.75,408.5,389.6000061035156,400.0,16540303
2022-05-11,378.1480712890625,388.1499938964844,397.0,377.54998779296875,396.0,29215175
2022-05-12,362.7065124511719,372.29998779296875,384.6499938964844,366.20001220703125,382.0,33511538
2022-05-13,393.8819274902344,404.29998779296875,419.3500061035156,387.0,387.0,71425747
2022-05-16,394.9049072265625,405.3500061035156,411.8999938964844,396.25,411.8999938964844,24938704
2022-05-17,413.2204284667969,424.1499938964844,425.6499938964844,405.0,408.3999938964844,24651585
2022-05-18,404.45233154296875,415.1499938964844,427.3500061035156,414.04998779296875,424.0,20490516
2022-05-19,388.37750244140625,398.6499938964844,406.79998779296875,396.20001220703125,400.0,17706724
2022-05-20,407.22894287109375,418.0,421.3999938964844,410.0,410.0,23504236
2022-05-23,410.5900573730469,421.45001220703125,431.1499938964844,419.54998779296875,421.6499938964844,16345308
2022-05-24,414.77923583984375,425.75,427.5,416.0,423.8999938964844,14525617
2022-05-25,406.2546691894531,417.0,429.0,413.45001220703125,428.45001220703125,13540006
2022-05-26,409.8106384277344,420.6499938964844,422.6499938964844,405.0,422.0,17712299
2022-05-27,418.530029296875,429.6000061035156,433.25,425.20001220703125,426.04998779296875,16867431
2022-05-30,431.0001525878906,442.3999938964844,445.20001220703125,436.0,437.0,18500266
2022-05-31,432.12054443359375,443.54998779296875,449.5,440.3999938964844,443.95001220703125,22308219
2022-06-01,433.14349365234375,444.6000061035156,446.0,439.6000061035156,445.1000061035156,11930669
2022-06-02,427.83392333984375,439.1499938964844,445.6000061035156,435.6499938964844,445.0,12742438
2022-06-03,420.770751953125,431.8999938964844,445.04998779296875,430.5,444.8999938964844,12780122
2022-06-06,421.2091064453125,432.3500061035156,433.95001220703125,424.6000061035156,427.8999938964844,11896105
2022-06-07,424.6189880371094,435.8500061035156,438.20001220703125,429.1000061035156,432.5,11153869
2022-06-08,424.4241027832031,435.6499938964844,440.3999938964844,432.0,438.70001220703125,12844475
2022-06-09,417.4583435058594,428.5,435.6499938964844,426.1000061035156,431.8999938964844,13043367
2022-06-10,417.01995849609375,428.04998779296875,428.8500061035156,422.0,423.0,11914234
2022-06-13,396.2200927734375,406.70001220703125,418.1499938964844,405.6000061035156,414.8999938964844,17442641
2022-06-14,394.7100524902344,405.1499938964844,411.8500061035156,397.70001220703125,403.0,19626627
2022-06-15,403.4294128417969,414.1000061035156,416.3999938964844,407.45001220703125,410.0,15192826
2022-06-16,382.8244323730469,392.95001220703125,420.8999938964844,390.1000061035156,420.0,22261032
2022-06-17,378.927490234375,388.95001220703125,394.45001220703125,382.6499938964844,387.95001220703125,24824899
2022-06-20,372.8385314941406,382.70001220703125,392.95001220703125,376.6499938964844,390.54998779296875,17049013
2022-06-21,387.35455322265625,397.6000061035156,399.0,387.0,389.0,14743366
2022-06-22,382.9705810546875,393.1000061035156,397.0,390.5,396.3999938964844,12426604
2022-06-23,396.70721435546875,407.20001220703125,409.8999938964844,394.54998779296875,396.29998779296875,26514004
2022-06-24,398.7530822753906,409.29998779296875,412.8500061035156,406.1499938964844,410.0,14806456
2022-06-27,403.8190612792969,414.5,419.45001220703125,412.3500061035156,417.54998779296875,12018949
2022-06-28,406.35211181640625,417.1000061035156,418.20001220703125,409.1499938964844,411.29998779296875,13238339
2022-06-29,406.20599365234375,416.95001220703125,419.8999938964844,411.54998779296875,412.04998779296875,13104313
2022-06-30,401.18865966796875,411.79998779296875,424.0,410.0,418.29998779296875,20121916
2022-07-01,402.0655212402344,412.70001220703125,414.6000061035156,402.29998779296875,410.6499938964844,14725989
2022-07-04,397.92498779296875,408.45001220703125,414.8999938964844,405.0,411.54998779296875,11525133
2022-07-05,401.3835144042969,412.0,418.79998779296875,410.20001220703125,415.0,16771012
2022-07-06,405.6214599609375,416.3500061035156,417.29998779296875,410.6499938964844,414.0,12196920
2022-07-07,419.7478332519531,430.8500061035156,432.95001220703125,419.29998779296875,419.8999938964844,17616800
2022-07-08,430.17205810546875,441.54998779296875,443.8500061035156,429.29998779296875,436.25,23730027
2022-07-11,425.78802490234375,437.04998779296875,441.20001220703125,433.45001220703125,438.04998779296875,12619654
2022-07-12,419.4555358886719,430.54998779296875,435.0,428.1499938964844,433.0,9518822
2022-07-13,416.0944519042969,427.1000061035156,435.8500061035156,425.6499938964844,432.70001220703125,10181698
2022-07-14,417.01995849609375,428.04998779296875,431.25,423.29998779296875,428.0,10744547
2022-07-15,428.8569030761719,440.20001220703125,441.75,429.70001220703125,430.6499938964844,15774084
2022-07-18,439.2811279296875,450.8999938964844,453.79998779296875,443.20001220703125,443.95001220703125,21185764
2022-07-19,437.47882080078125,449.04998779296875,451.8500061035156,444.45001220703125,446.75,11553440
2022-07-20,441.76544189453125,453.45001220703125,460.75,451.75,454.3500061035156,17154184
2022-07-21,443.12939453125,454.8500061035156,455.5,450.1000061035156,452.95001220703125,10931800
2022-07-22,443.1780700683594,454.8999938964844,459.95001220703125,452.29998779296875,456.6000061035156,10340910
2022-07-25,437.9659423828125,449.54998779296875,457.6000061035156,446.29998779296875,456.0,12505062
2022-07-26,429.7823791503906,441.1499938964844,448.70001220703125,439.75,448.70001220703125,11563528
2022-07-27,432.6076354980469,444.04998779296875,445.0,436.1000061035156,441.1499938964844,10081023
2022-07-28,430.8540344238281,442.25,449.25,427.3999938964844,440.25,36380444
2022-07-29,438.0146789550781,449.6000061035156,452.70001220703125,445.1499938964844,445.1499938964844,16004096
2022-08-01,466.8518981933594,479.20001220703125,481.0,451.04998779296875,451.95001220703125,43084536
2022-08-02,463.97796630859375,476.25,479.8999938964844,469.25,478.8999938964844,19065689
2022-08-03,455.7456970214844,467.79998779296875,476.25,459.6000061035156,475.0,19125906
2022-08-04,456.81732177734375,468.8999938964844,473.95001220703125,456.45001220703125,473.1499938964844,18540405
2022-08-05,453.2613830566406,465.25,472.8999938964844,464.0,468.8999938964844,11917799
2022-08-08,456.1840515136719,468.25,471.8999938964844,464.45001220703125,466.0,10561754
2022-08-10,463.29595947265625,475.54998779296875,477.20001220703125,463.3500061035156,470.0,13360759
2022-08-11,464.3676452636719,476.6499938964844,485.0,475.6000061035156,482.54998779296875,12777503
2022-08-12,465.244384765625,477.54998779296875,481.45001220703125,470.0,475.75,13482890
2022-08-16,477.22747802734375,489.8500061035156,491.3999938964844,478.20001220703125,479.6000061035156,16796376
2022-08-17,472.8921813964844,485.3999938964844,494.3999938964844,484.20001220703125,490.8999938964844,15948755
2022-08-18,472.3076171875,484.79998779296875,486.79998779296875,479.25,484.0,12070974
2022-08-19,458.86322021484375,471.0,488.1000061035156,468.1000061035156,486.75,16636593
2022-08-22,442.88580322265625,454.6000061035156,468.95001220703125,452.54998779296875,468.5,15050653
2022-08-23,448.5850830078125,460.45001220703125,462.1000061035156,447.6000061035156,449.0,17779238
2022-08-24,451.26422119140625,463.20001220703125,464.8999938964844,457.70001220703125,459.0,12214113
2022-08-25,447.3672790527344,459.20001220703125,468.79998779296875,457.3999938964844,466.0,11255809
2022-08-26,453.0665283203125,465.04998779296875,470.45001220703125,463.95001220703125,465.0,11252560
2022-08-29,441.66802978515625,453.3500061035156,456.8999938964844,450.1499938964844,451.0,11647725
2022-08-30,458.96063232421875,471.1000061035156,472.3999938964844,457.1000061035156,458.6499938964844,14421066
2022-09-01,454.8688659667969,466.8999938964844,474.3999938964844,462.1499938964844,462.5,13385159
2022-09-02,449.8515930175781,461.75,471.79998779296875,460.1499938964844,470.8500061035156,10806707
2022-09-05,447.17242431640625,459.0,463.95001220703125,457.0,459.75,9378108
2022-09-06,445.95465087890625,457.75,463.70001220703125,456.6000061035156,462.70001220703125,9805875
2022-09-07,434.36126708984375,445.8500061035156,456.5,443.6499938964844,453.20001220703125,20764508
2022-09-08,430.80535888671875,442.20001220703125,452.54998779296875,440.0,452.45001220703125,19336014
2022-09-09,434.4100036621094,445.8999938964844,449.6499938964844,440.6000061035156,447.5,14294289
2022-09-12,439.3785705566406,451.0,453.0,447.0,447.70001220703125,8962633
2022-09-13,445.02911376953125,456.79998779296875,458.95001220703125,453.54998779296875,454.29998779296875,10661280
2022-09-14,438.59918212890625,450.20001220703125,454.70001220703125,447.0,447.6000061035156,10360461
2022-09-15,435.7252502441406,447.25,455.8500061035156,446.04998779296875,452.3999938964844,10356713
2022-09-16,421.35528564453125,432.5,446.3999938964844,429.1000061035156,446.0,20992324
2022-09-19,414.4869384765625,425.45001220703125,431.6000061035156,424.04998779296875,431.5,15236142
2022-09-20,423.0601806640625,434.25,443.3500061035156,430.6000061035156,430.6000061035156,17557661
2022-09-21,416.6302185058594,427.6499938964844,436.0,425.5,433.95001220703125,10831068
2022-09-22,421.06304931640625,432.20001220703125,434.6000061035156,422.54998779296875,425.0,13600786
2022-09-23,412.1975402832031,423.1000061035156,431.8999938964844,420.54998779296875,431.8999938964844,13441609
2022-09-26,387.25714111328125,397.5,417.8999938964844,393.1499938964844,416.0,33230938
2022-09-27,388.5236511230469,398.79998779296875,404.0,390.3500061035156,403.8999938964844,21932747
2022-09-28,388.8159484863281,399.1000061035156,406.6000061035156,392.8500061035156,394.8999938964844,18114880
2022-09-29,391.884765625,402.25,413.25,399.6000061035156,411.0,20725995
2022-09-30,394.1742248535156,404.6000061035156,408.25,392.5,398.0,20951277
2022-10-03,387.4032897949219,397.6499938964844,406.54998779296875,395.5,405.5,20332430
2022-10-04,397.3891906738281,407.8999938964844,408.95001220703125,402.8999938964844,406.0,12761425
2022-10-06,403.4294128417969,414.1000061035156,417.6499938964844,409.5,409.6000061035156,12771199
2022-10-07,401.5296630859375,412.1499938964844,414.0,408.70001220703125,413.3999938964844,10670854
2022-10-10,385.7471008300781,395.95001220703125,403.3999938964844,393.04998779296875,403.3999938964844,32914630
2022-10-11,383.214111328125,393.3500061035156,399.5,391.29998779296875,397.0,14641301
2022-10-12,386.3316345214844,396.54998779296875,398.20001220703125,391.1000061035156,394.54998779296875,14287344
2022-10-13,388.718505859375,399.0,403.5,394.54998779296875,396.54998779296875,12584114
2022-10-14,386.03936767578125,396.25,409.20001220703125,395.29998779296875,407.0,12875470
2022-10-17,385.8932800292969,396.1000061035156,398.8999938964844,392.5,394.0,9543556
2022-10-18,393.833251953125,404.25,406.70001220703125,400.70001220703125,401.0,14215544
2022-10-19,388.7672424316406,399.04998779296875,406.95001220703125,397.29998779296875,406.20001220703125,8648435
2022-10-20,387.84173583984375,398.1000061035156,399.8999938964844,393.1000061035156,397.0,10747183
2022-10-21,387.79296875,398.04998779296875,402.25,394.70001220703125,397.0,10279618
2022-10-24,391.25152587890625,401.6000061035156,406.0,400.1499938964844,406.0,2871205
2022-10-25,394.1255187988281,404.54998779296875,410.5,403.20001220703125,404.3500061035156,17979661
2022-10-27,397.1943359375,407.70001220703125,411.70001220703125,404.0,408.54998779296875,14614841
2022-10-28,399.337646484375,409.8999938964844,411.20001220703125,406.1000061035156,408.0,12488938
2022-10-31,402.11419677734375,412.75,416.29998779296875,411.6000061035156,414.3500061035156,9928218
2022-11-01,410.49261474609375,421.3500061035156,422.3999938964844,412.79998779296875,414.8999938964844,17324893
2022-11-02,411.27197265625,422.1499938964844,425.1000061035156,420.1499938964844,423.04998779296875,12433578
2022-11-03,405.5240173339844,416.25,423.29998779296875,414.5,419.3999938964844,10987519
2022-11-04,414.3895263671875,425.3500061035156,426.0,416.8999938964844,418.20001220703125,12277023
2022-11-07,423.7908630371094,435.0,437.5,428.25,428.25,15058076
2022-11-09,421.988525390625,433.1499938964844,441.20001220703125,432.0,439.20001220703125,14471443
2022-11-10,401.5783996582031,412.20001220703125,420.54998779296875,409.20001220703125,420.5,26251660
2022-11-11,412.5871887207031,423.5,425.5,414.70001220703125,420.0,19296401
2022-11-14,422.52435302734375,433.70001220703125,437.70001220703125,423.5,424.0,17996083
2022-11-15,425.8854675292969,437.1499938964844,438.5,434.1000061035156,434.8999938964844,10696024
2022-11-16,420.4297790527344,431.54998779296875,438.20001220703125,429.6000061035156,436.95001220703125,8206169
2022-11-17,412.2462463378906,423.1499938964844,427.54998779296875,419.6000061035156,422.0,15621809
2022-11-18,412.8794250488281,423.79998779296875,426.45001220703125,421.1499938964844,424.0,9851962
2022-11-21,410.2490539550781,421.1000061035156,427.6000061035156,420.0,425.6000061035156,9497812
2022-11-22,413.75628662109375,424.70001220703125,426.3999938964844,420.5,421.0,6407614
2022-11-23,413.1230163574219,424.04998779296875,429.29998779296875,422.8500061035156,426.8500061035156,6568241
2022-11-24,412.48974609375,423.3999938964844,425.25,420.70001220703125,424.5,6768613
2022-11-25,422.0372314453125,433.20001220703125,435.1499938964844,424.0,425.0,18764073
2022-11-28,422.0859680175781,433.25,440.3500061035156,432.3999938964844,435.0,10701208
2022-11-29,421.988525390625,433.1499938964844,437.8999938964844,429.54998779296875,432.5,8630105
2022-11-30,428.0774841308594,439.3999938964844,441.0,433.29998779296875,435.0,14727892
2022-12-01,426.9571228027344,438.25,443.6000061035156,436.8500061035156,443.0,8909310
2022-12-02,424.1805419921875,435.3999938964844,441.1499938964844,435.0,439.0,8352658
2022-12-05,417.7019348144531,428.75,437.5,427.79998779296875,435.5,12857807
2022-12-06,416.0944519042969,427.1000061035156,431.3500061035156,425.3500061035156,428.79998779296875,8461831
2022-12-07,409.2748107910156,420.1000061035156,428.0,419.1000061035156,428.0,12133315
2022-12-08,406.4495544433594,417.20001220703125,421.3999938964844,415.3500061035156,421.0,9539923
2022-12-09,402.6500244140625,413.29998779296875,420.95001220703125,409.54998779296875,419.29998779296875,9920219
2022-12-12,403.4781188964844,414.1499938964844,416.8999938964844,408.0,412.0,8009229
2022-12-13,407.7160339355469,418.5,421.5,417.25,419.95001220703125,9717894
2022-12-14,407.1315002441406,417.8999938964844,421.3500061035156,417.3500061035156,420.54998779296875,6314883
2022-12-15,405.96240234375,416.70001220703125,422.79998779296875,415.70001220703125,418.8500061035156,7542601
2022-12-16,410.73614501953125,421.6000061035156,427.79998779296875,413.1000061035156,417.3500061035156,50949198
2022-12-19,407.22894287109375,418.0,422.8500061035156,415.5,421.8999938964844,9809103
2022-12-20,399.9222106933594,410.5,418.0,408.0,418.0,12341042
2022-12-21,392.2257385253906,402.6000061035156,414.3999938964844,401.0,412.6000061035156,11606059
2022-12-22,384.2857971191406,394.45001220703125,404.70001220703125,390.20001220703125,404.1000061035156,14908929
2022-12-23,368.60064697265625,378.3500061035156,390.0,377.0,390.0,19902886
2022-12-26,374.8843994140625,384.79998779296875,390.70001220703125,375.20001220703125,380.25,16979026
2022-12-27,383.99346923828125,394.1499938964844,397.45001220703125,388.5,390.0,14372461
2022-12-28,381.2169494628906,391.29998779296875,395.8999938964844,390.3999938964844,394.0,8443917
2022-12-29,375.95611572265625,385.8999938964844,390.0,383.04998779296875,389.0,15627403
2022-12-30,377.9532775878906,387.95001220703125,392.20001220703125,387.0,391.0,9198673
2023-01-02,384.6267395019531,394.79998779296875,396.0,391.0,392.5,10501357
2023-01-03,383.74993896484375,393.8999938964844,398.3500061035156,393.0,396.0,9431220
2023-01-04,375.663818359375,385.6000061035156,394.79998779296875,385.0,394.79998779296875,16121049
2023-01-05,376.9303283691406,386.8999938964844,388.75,382.5,387.8999938964844,10443908
2023-01-06,372.1565856933594,382.0,388.3999938964844,381.0,386.1000061035156,8715469
2023-01-09,379.41461181640625,389.45001220703125,392.70001220703125,385.0,386.3500061035156,14693099
2023-01-10,402.2603454589844,412.8999938964844,417.75,400.0,400.0,54021379
2023-01-11,407.42376708984375,418.20001220703125,420.0,413.54998779296875,415.75,22224361
2023-01-12,401.6271057128906,412.25,420.5,410.04998779296875,420.29998779296875,12479034
2023-01-13,400.89642333984375,411.5,416.3500061035156,408.0,413.0,10449630
2023-01-16,402.3577880859375,413.0,414.8999938964844,407.6000061035156,413.5,11462140
2023-01-17,404.5984802246094,415.29998779296875,419.45001220703125,412.5,413.0,12337969
2023-01-18,397.87628173828125,408.3999938964844,415.95001220703125,407.45001220703125,415.8999938964844,13310316
2023-01-19,390.4234313964844,400.75,407.79998779296875,400.1000061035156,406.5,13126520
2023-01-20,392.7615661621094,403.1499938964844,412.5,401.20001220703125,404.0,23906114
2023-01-23,397.87628173828125,408.3999938964844,410.95001220703125,405.0,407.0,13113183
2023-01-24,411.27197265625,422.1499938964844,424.0,410.0,410.0,30197475
2023-01-25,408.2518615722656,419.04998779296875,427.25,417.70001220703125,423.75,22975581
2023-01-27,434.11773681640625,445.6000061035156,453.3999938964844,435.1499938964844,438.0,63360467
2023-01-30,432.21795654296875,443.6499938964844,450.0,437.6499938964844,445.6000061035156,18316743
2023-01-31,440.4502258300781,452.1000061035156,454.79998779296875,440.8999938964844,443.70001220703125,25154475
2023-02-01,435.1406555175781,446.6499938964844,461.5,437.6499938964844,456.79998779296875,23798589
2023-02-02,433.33831787109375,444.79998779296875,449.20001220703125,440.70001220703125,446.75,11344554
2023-02-03,433.9715881347656,445.45001220703125,450.79998779296875,442.3500061035156,447.0,13067403
2023-02-06,430.6104736328125,442.0,447.0,439.54998779296875,444.45001220703125,6795084
2023-02-07,424.22930908203125,435.45001220703125,443.3999938964844,432.8999938964844,441.70001220703125,9023645
2023-02-08,428.75946044921875,440.1000061035156,441.0,431.54998779296875,435.45001220703125,8668267
2023-02-09,425.4957580566406,436.75,440.70001220703125,433.54998779296875,440.0,7349418
2023-02-10,434.36126708984375,445.8500061035156,447.79998779296875,431.20001220703125,437.95001220703125,14798390
2023-02-13,429.6849670410156,441.04998779296875,446.8999938964844,438.8999938964844,445.5,8333767
2023-02-14,429.1978759765625,440.54998779296875,444.29998779296875,434.3999938964844,442.0,8565559
2023-02-15,432.7050476074219,444.1499938964844,444.8999938964844,438.1499938964844,438.5,9857016
2023-02-16,430.2207946777344,441.6000061035156,448.25,440.5,445.0,7670688
2023-02-17,428.5646057128906,439.8999938964844,442.45001220703125,436.0,436.0,6955445
2023-02-20,431.584716796875,443.0,445.29998779296875,436.25,441.79998779296875,9717197
2023-02-21,425.2522277832031,436.5,445.20001220703125,435.25,445.20001220703125,8957930
2023-02-22,418.3839111328125,429.45001220703125,435.8500061035156,428.25,435.29998779296875,7209130
2023-02-23,422.0372314453125,433.20001220703125,436.45001220703125,427.20001220703125,428.6499938964844,9278920
2023-02-24,416.7276916503906,427.75,436.70001220703125,427.0,435.3999938964844,7895024
2023-02-27,407.1802062988281,417.95001220703125,428.04998779296875,413.04998779296875,427.75,10438928
2023-02-28,409.859375,420.70001220703125,424.79998779296875,419.0,419.0,9652088
2023-03-01,415.02276611328125,426.0,428.0,421.5,421.5,7595114
2023-03-02,409.61578369140625,420.45001220703125,426.25,419.54998779296875,426.0,5661103
2023-03-03,416.9712219238281,428.0,430.5,421.95001220703125,422.6000061035156,8027522
2023-03-06,428.75946044921875,440.1000061035156,441.45001220703125,430.0,430.95001220703125,11307064
2023-03-08,427.9800720214844,439.29998779296875,441.25,436.1000061035156,439.0,7850052
2023-03-09,421.06304931640625,432.20001220703125,442.04998779296875,431.29998779296875,439.1000061035156,5696737
2023-03-10,424.6189880371094,435.8500061035156,437.79998779296875,430.79998779296875,433.0,10417015
2023-03-13,411.51556396484375,422.3999938964844,437.0,419.1000061035156,436.1000061035156,8780169
2023-03-14,405.9136962890625,416.6499938964844,424.20001220703125,413.3999938964844,422.8500061035156,9189043
2023-03-15,400.75030517578125,411.3500061035156,425.0,410.1000061035156,422.0,7681009
2023-03-16,404.9881896972656,415.70001220703125,418.5,405.0,413.29998779296875,11854885
2023-03-17,408.2031555175781,419.0,423.45001220703125,414.54998779296875,419.0,8658701
2023-03-20,400.16571044921875,410.75,416.95001220703125,405.5,415.6000061035156,10075022
2023-03-21,401.91937255859375,412.54998779296875,413.8999938964844,407.70001220703125,412.8500061035156,7391950
2023-03-22,405.37786865234375,416.1000061035156,418.3999938964844,413.75,416.0,5728054
2023-03-23,408.3492736816406,419.1499938964844,422.5,416.0,416.0,9817460
2023-03-24,405.7675476074219,416.5,420.54998779296875,414.79998779296875,419.0,6877960
2023-03-27,401.4322204589844,412.04998779296875,418.5,410.25,416.0,7433933
2023-03-28,391.25152587890625,401.6000061035156,414.5,400.45001220703125,414.1499938964844,9553659
2023-03-29,398.65570068359375,409.20001220703125,410.6000061035156,401.6000061035156,401.6000061035156,10478506
2023-03-31,409.9567565917969,420.79998779296875,421.75,411.0,411.3500061035156,11037881
2023-04-03,413.3178405761719,424.25,424.95001220703125,419.5,423.0,6948329
2023-04-05,415.55859375,426.54998779296875,428.75,423.1499938964844,424.25,8821326
2023-04-06,426.3725891113281,437.6499938964844,439.29998779296875,423.75,426.5,10907492
2023-04-10,449.41314697265625,461.29998779296875,473.29998779296875,452.0,452.04998779296875,50462653
2023-04-11,446.8802185058594,458.70001220703125,463.75,455.79998779296875,463.75,14495222
2023-04-12,453.5049743652344,465.5,468.6000061035156,458.20001220703125,459.3500061035156,13552440
2023-04-13,457.40185546875,469.5,472.0,463.25,464.95001220703125,12733670
2023-04-17,459.9835510253906,472.1499938964844,473.0,465.79998779296875,471.0,10710167
2023-04-18,460.8116760253906,473.0,483.3500061035156,468.1000061035156,475.0,16140056
2023-04-19,457.3044128417969,469.3999938964844,475.5,467.8500061035156,473.0,7368610
2023-04-20,464.51373291015625,476.79998779296875,479.70001220703125,469.3999938964844,473.70001220703125,14264206
2023-04-21,459.0580749511719,471.20001220703125,476.70001220703125,467.20001220703125,476.70001220703125,8478118
2023-04-24,462.95501708984375,475.20001220703125,476.0,468.29998779296875,471.20001220703125,8020593
2023-04-25,461.3475341796875,473.54998779296875,476.3999938964844,471.8999938964844,475.20001220703125,6888352
2023-04-26,465.877685546875,478.20001220703125,479.5,472.6000061035156,473.0,7791425
2023-04-27,469.1900634765625,481.6000061035156,482.0,476.5,478.5,7085793
2023-04-28,472.4537658691406,484.95001220703125,488.0,478.3500061035156,481.3999938964844,9947813
2023-05-02,467.87481689453125,480.25,484.0,474.54998779296875,482.5,11542592
2023-05-03,471.2359924316406,483.70001220703125,485.1000061035156,477.75,480.25,8529233
2023-05-04,468.4106750488281,480.79998779296875,486.3999938964844,478.75,483.6000061035156,5650101
2023-05-05,464.8059997558594,477.1000061035156,484.70001220703125,476.1499938964844,481.6499938964844,4830674
2023-05-08,487.6030578613281,500.5,502.29998779296875,478.1000061035156,480.0,23515333
2023-05-09,490.671875,503.6499938964844,512.7999877929688,501.54998779296875,502.0,19818780
2023-05-10,496.3711242675781,509.5,512.9000244140625,504.3500061035156,508.0,12481404
2023-05-11,498.4170227050781,511.6000061035156,514.1500244140625,505.5,512.0,11454020
2023-05-12,502.6549377441406,515.9500122070312,520.5,510.29998779296875,513.9000244140625,19766717
2023-05-15,517.1709594726562,530.8499755859375,537.1500244140625,521.5,523.8499755859375,38270067
2023-05-16,507.7209777832031,521.1500244140625,535.9500122070312,518.8499755859375,533.9500122070312,16514882
2023-05-17,502.2165222167969,515.5,523.9500122070312,512.5,522.5,13684847
2023-05-18,495.34820556640625,508.45001220703125,520.9000244140625,507.1000061035156,518.7999877929688,12293322
2023-05-19,511.4230651855469,524.9500122070312,526.4000244140625,504.75,509.79998779296875,19343560
2023-05-22,509.0361633300781,522.5,527.0,519.3499755859375,524.9500122070312,9978339
2023-05-23,514.8815307617188,528.5,531.0,521.1500244140625,522.5,12256902
2023-05-24,506.7954406738281,520.2000122070312,529.6500244140625,519.1500244140625,527.1500244140625,7648284
2023-05-25,501.583251953125,514.8499755859375,518.0,509.1000061035156,518.0,11543712
2023-05-26,505.0905456542969,518.4500122070312,519.75,512.2000122070312,514.9000244140625,8360570
2023-05-29,508.0132141113281,521.4500122070312,525.0999755859375,519.7000122070312,525.0,6596504
2023-05-30,505.4314880371094,518.7999877929688,523.5,518.0,521.4500122070312,5134688
2023-05-31,512.7382202148438,526.2999877929688,527.5,516.4000244140625,519.9500122070312,12327284
2023-06-01,521.408935546875,535.2000122070312,536.25,522.8499755859375,527.5,12511265
2023-06-02,522.0908813476562,535.9000244140625,541.25,532.75,537.0,12294728
2023-06-05,532.1741943359375,546.25,548.7999877929688,537.9000244140625,539.0,15008325
2023-06-06,541.4293212890625,555.75,557.0,545.3499755859375,549.4500122070312,15395092
2023-06-07,553.3150024414062,567.9500122070312,575.0,552.1500244140625,558.7999877929688,20855239
2023-06-08,545.277587890625,559.7000122070312,576.5499877929688,557.0,570.0,21527339
2023-06-09,547.810546875,562.2999877929688,566.4500122070312,559.2999877929688,564.4000244140625,9361533
2023-06-12,549.6129760742188,564.1500244140625,568.9000244140625,560.6500244140625,567.0,7599572
2023-06-13,547.713134765625,562.2000122070312,571.0499877929688,560.75,567.7000122070312,12845897
2023-06-14,555.6044311523438,570.2999877929688,571.2000122070312,564.0,566.0,12713256
2023-06-15,553.8021240234375,568.4500122070312,575.0,567.75,571.7999877929688,12475759
2023-06-16,555.1173095703125,569.7999877929688,572.2000122070312,566.0499877929688,569.6500244140625,8736313
2023-06-19,551.4639282226562,566.0499877929688,573.2000122070312,564.2000122070312,570.6500244140625,6280388
2023-06-20,568.2207641601562,583.25,583.9500122070312,562.5,566.0499877929688,18074902
2023-06-21,566.4183959960938,581.4000244140625,585.9000244140625,574.5,584.9500122070312,9146332
2023-06-22,554.6788940429688,569.3499755859375,584.7000122070312,568.2000122070312,584.0,11229179
2023-06-23,545.2288818359375,559.6500244140625,571.1500244140625,557.7000122070312,570.0,9362695
2023-06-26,553.217529296875,567.8499755859375,569.0,557.7999877929688,560.0,6986621
2023-06-27,558.332275390625,573.0999755859375,576.9000244140625,568.4500122070312,570.0,9404450
2023-06-28,571.5331420898438,586.6500244140625,590.0,575.5,579.0,16720940
2023-06-30,580.2037963867188,595.5499877929688,599.0,588.0,588.3499755859375,12488047
2023-07-03,575.576171875,590.7999877929688,602.2999877929688,590.0,600.0,11131048
2023-07-04,576.2094116210938,591.4500122070312,596.4000244140625,589.5,594.4000244140625,6917886
2023-07-05,573.0918579101562,588.25,593.0,584.9500122070312,592.0,8715919
2023-07-06,585.3184814453125,600.7999877929688,604.9500122070312,588.5499877929688,590.7999877929688,14356681
2023-07-07,602.2702026367188,618.2000122070312,624.7999877929688,592.2000122070312,600.0,21066726
2023-07-10,602.7085571289062,618.6500244140625,634.7999877929688,617.5499877929688,624.0,23802524
2023-07-11,612.3047485351562,628.5,630.4500122070312,622.1500244140625,624.9500122070312,12051173
2023-07-12,605.4364624023438,621.4500122070312,630.7999877929688,619.3499755859375,629.9500122070312,10785502
2023-07-13,604.656982421875,620.6500244140625,626.5,615.5,625.0,9689708
2023-07-14,608.7974853515625,624.9000244140625,626.0,619.5,623.0,7010179
2023-07-17,602.5623779296875,618.5,627.0,617.1500244140625,626.9000244140625,7580645
2023-07-18,596.3273315429688,612.0999755859375,620.8499755859375,607.0,620.4000244140625,10359400
2023-07-19,604.6082153320312,620.5999755859375,625.2999877929688,610.1500244140625,614.0,11128348
2023-07-20,605.63134765625,621.6500244140625,623.5999755859375,616.2000122070312,622.6500244140625,7834891
2023-07-21,609.6255493164062,625.75,631.0,617.7000122070312,621.0,12914610
2023-07-24,613.035400390625,629.25,634.4500122070312,626.25,627.9500122070312,12247844
2023-07-25,622.9725952148438,639.4500122070312,642.5,633.3499755859375,636.0,13988137
2023-07-26,624.580078125,641.0999755859375,665.4000244140625,639.0,640.0,31673714
2023-07-27,627.1130981445312,643.7000122070312,648.4500122070312,636.75,647.0,11696851
2023-07-28,620.8585205078125,635.2999877929688,646.0,631.7999877929688,646.0,9299530
2023-07-31,629.6539916992188,644.2999877929688,645.5499877929688,635.9000244140625,640.2000122070312,7502361
2023-08-01,629.0187377929688,643.6500244140625,652.9000244140625,642.0,645.0,8924219
2023-08-02,608.49609375,622.6500244140625,644.2999877929688,616.4500122070312,644.0,15762687
2023-08-03,604.8801879882812,618.9500122070312,626.4500122070312,614.1500244140625,623.0,11458920
2023-08-04,601.0199584960938,615.0,625.0,613.2999877929688,624.8499755859375,11806739
2023-08-07,595.64501953125,609.5,619.0,608.5,619.0,9893466
2023-08-08,593.4950561523438,607.2999877929688,614.75,605.25,612.5499877929688,8863640
2023-08-09,608.3983154296875,622.5499877929688,624.0,605.3499755859375,610.5999755859375,13362350
2023-08-10,604.1961059570312,618.25,628.2999877929688,598.0,623.0,53116980
2023-08-11,597.8927001953125,611.7999877929688,624.75,610.0,619.75,9347707
2023-08-14,593.5438842773438,607.3499755859375,612.0,594.5,612.0,14492164
2023-08-16,604.6847534179688,618.75,621.3499755859375,597.2999877929688,606.7000122070312,14562074
2023-08-17,599.79833984375,613.75,622.0,611.0,620.0,12119293
2023-08-18,601.8017578125,615.7999877929688,620.0999755859375,610.9000244140625,612.7999877929688,11190760
2023-08-21,606.3949584960938,620.5,623.2999877929688,614.7999877929688,617.0,9580365
2023-08-22,606.101806640625,620.2000122070312,626.5,618.5999755859375,621.7999877929688,8534395
2023-08-23,599.9449462890625,613.9000244140625,622.75,613.1500244140625,622.75,8248333
2023-08-24,597.0620727539062,610.9500122070312,619.0,609.6500244140625,618.0,7096025
2023-08-25,591.344970703125,605.0999755859375,616.7000122070312,593.2999877929688,610.8499755859375,16075509
2023-08-28,588.7063598632812,602.4000244140625,608.5,601.5499877929688,605.4000244140625,7479254
2023-08-29,593.348388671875,607.1500244140625,610.5,603.5999755859375,603.5999755859375,6956667
2023-08-30,591.7847900390625,605.5499877929688,612.9000244140625,605.0,611.2000122070312,5676055
2023-08-31,587.3381958007812,601.0,609.6500244140625,599.0499877929688,608.7999877929688,10544271
2023-09-01,597.3063354492188,611.2000122070312,614.9000244140625,601.9000244140625,604.2000122070312,10297492
2023-09-04,595.1563720703125,609.0,615.5999755859375,606.0,615.5999755859375,8392665
2023-09-05,597.2575073242188,611.1500244140625,618.9000244140625,608.0499877929688,610.0,8560651
2023-09-06,596.3779296875,610.25,612.5499877929688,605.5999755859375,611.1500244140625,6520064
2023-09-07,600.9222412109375,614.9000244140625,616.5,609.0499877929688,610.9000244140625,6520293
2023-09-08,612.9915161132812,627.25,628.9000244140625,614.2000122070312,617.9500122070312,16190749
2023-09-11,620.4187622070312,634.8499755859375,635.4000244140625,630.5,634.6500244140625,8780510
2023-09-12,606.6881103515625,620.7999877929688,639.0,615.25,638.0,12541377
2023-09-13,611.6722412109375,625.9000244140625,628.5,619.5499877929688,621.0,6988358
2023-09-14,610.4017333984375,624.5999755859375,630.7999877929688,623.2999877929688,628.0999755859375,5722295
2023-09-15,619.8323974609375,634.25,636.5,627.1500244140625,628.7000122070312,18917805
2023-09-18,626.0869750976562,640.6500244140625,644.2000122070312,633.1500244140625,635.9000244140625,11108349
2023-09-20,623.9857788085938,638.5,647.0,637.0,640.7000122070312,11777925
2023-09-21,612.7960815429688,627.0499877929688,641.7000122070312,624.0,638.5,9266854
2023-09-22,606.3460693359375,620.4500122070312,630.7999877929688,619.0,628.0,6551917
2023-09-25,604.6359252929688,618.7000122070312,625.2000122070312,617.9000244140625,623.8499755859375,6390681
2023-09-26,605.7108764648438,619.7999877929688,625.7000122070312,617.9500122070312,618.7000122070312,6271108
2023-09-27,606.052978515625,620.1500244140625,621.9000244140625,616.75,619.9500122070312,5960490
2023-09-28,600.1404418945312,614.0999755859375,623.7999877929688,612.25,622.9000244140625,6768196
2023-09-29,615.87451171875,630.2000122070312,633.0,617.0,618.7000122070312,8969405
2023-10-03,606.3460693359375,620.4500122070312,632.6500244140625,618.5999755859375,632.5999755859375,6894577
2023-10-04,599.6517944335938,613.5999755859375,620.7999877929688,608.2999877929688,620.7999877929688,7612709
2023-10-05,605.515380859375,619.5999755859375,621.3499755859375,614.6500244140625,619.0,7893892
2023-10-06,608.3006591796875,622.4500122070312,627.3499755859375,620.0,627.0,7922379
2023-10-09,603.3165283203125,617.3499755859375,622.0,613.7000122070312,620.7999877929688,6381189
2023-10-10,616.2164916992188,630.5499877929688,632.5,617.5999755859375,620.0,9833429
2023-10-11,619.5880737304688,634.0,637.7999877929688,632.5999755859375,633.0,7701931
2023-10-12,622.4710083007812,636.9500122070312,640.2000122070312,635.0499877929688,637.0,5928732
2023-10-13,651.9356079101562,667.0999755859375,669.0,633.0,633.9500122070312,28011678
2023-10-16,651.05615234375,666.2000122070312,677.7999877929688,661.25,668.5499877929688,20005816
2023-10-17,640.7947998046875,655.7000122070312,670.9000244140625,654.6500244140625,670.0,10263992
2023-10-18,653.3038330078125,668.5,672.25,653.7999877929688,658.5999755859375,14908778
2023-10-19,653.5969848632812,668.7999877929688,672.2999877929688,658.5999755859375,662.9500122070312,10633043
2023-10-20,648.1243286132812,663.2000122070312,676.4000244140625,660.5,666.6500244140625,11759568
2023-10-23,632.6345825195312,647.3499755859375,667.25,645.0,663.6500244140625,8564004
2023-10-25,623.3505249023438,637.8499755859375,651.9000244140625,636.0499877929688,650.0,8229559
2023-10-26,612.307373046875,626.5499877929688,635.6500244140625,624.1500244140625,635.0,8889373
2023-10-27,626.4778442382812,641.0499877929688,643.9500122070312,628.4500122070312,630.0,10232856
2023-10-30,614.2130737304688,628.5,643.7999877929688,621.8499755859375,643.7999877929688,12786883
2023-10-31,614.3596801757812,628.6500244140625,642.0,627.2999877929688,642.0,11395766
2023-11-01,613.4312744140625,627.7000122070312,633.7999877929688,626.2999877929688,630.0,8785264
2023-11-02,621.982421875,636.4500122070312,638.2000122070312,630.0999755859375,632.0,9934305
2023-11-03,632.7811889648438,647.5,666.0,646.2000122070312,662.0,23087856
2023-11-06,631.3641357421875,646.0499877929688,652.8499755859375,643.2000122070312,652.8499755859375,10801301
2023-11-07,630.3380126953125,645.0,649.9000244140625,643.2999877929688,645.0,6588073
2023-11-08,627.9436645507812,642.5499877929688,649.0499877929688,641.9000244140625,648.0,6551864
2023-11-09,634.589111328125,649.3499755859375,653.6500244140625,642.7000122070312,644.0,10155047
2023-11-10,636.2505493164062,651.0499877929688,652.9500122070312,644.0,649.3499755859375,6425792
2023-11-13,638.4005126953125,653.25,654.0,649.2999877929688,653.0,3279829
2023-11-15,656.2844848632812,671.5499877929688,673.5,656.5499877929688,660.0,11324434
2023-11-16,664.933349609375,680.4000244140625,685.5,670.9000244140625,674.0,17501373
2023-11-17,666.0571899414062,681.5499877929688,687.6500244140625,679.5999755859375,682.5,9563220
2023-11-20,658.9719848632812,674.2999877929688,686.75,670.7000122070312,682.0,8324354
2023-11-21,666.2037353515625,681.7000122070312,683.2999877929688,675.0,677.0,7291057
2023-11-22,665.7151489257812,681.2000122070312,687.3499755859375,676.0499877929688,683.9500122070312,9279642
2023-11-23,664.4935302734375,679.9500122070312,685.9000244140625,677.0499877929688,683.2000122070312,5885370
2023-11-24,658.3856811523438,673.7000122070312,681.9500122070312,671.25,681.4000244140625,6951690
2023-11-28,681.6445922851562,697.5,699.4500122070312,674.25,677.4500122070312,16015860
2023-11-29,696.156982421875,712.3499755859375,714.4000244140625,694.3499755859375,702.75,16122864
2023-11-30,690.3423461914062,706.4000244140625,717.25,697.0,716.2999877929688,24275245
2023-12-01,689.4138793945312,705.4500122070312,711.0,703.0,708.0,10565415
2023-12-04,689.5604248046875,705.5999755859375,717.0,704.7999877929688,716.0,9348036
2023-12-05,692.8342895507812,708.9500122070312,714.9000244140625,705.0,705.9000244140625,9601509
2023-12-06,706.0274658203125,722.4500122070312,724.7999877929688,709.0,709.0499877929688,12148825
2023-12-07,705.5388793945312,721.9500122070312,727.5,716.0,725.0,10451801
2023-12-08,698.3070068359375,714.5499877929688,727.5999755859375,707.5,722.0499877929688,8557203
2023-12-11,704.4149780273438,720.7999877929688,726.5,716.5499877929688,717.7999877929688,6403209
2023-12-12,699.1377563476562,715.4000244140625,724.7999877929688,713.0,724.7999877929688,6461539
2023-12-13,703.92626953125,720.2999877929688,721.4500122070312,713.5,716.0,5807736
2023-12-14,703.3887939453125,719.75,724.7000122070312,718.5999755859375,724.0,6732352
2023-12-15,715.7512817382812,732.4000244140625,734.0,721.25,723.9000244140625,12082079
2023-12-18,714.1876220703125,730.7999877929688,734.75,728.0999755859375,732.9000244140625,5450397
2023-12-19,712.3796997070312,728.9500122070312,732.5999755859375,726.0,732.5999755859375,4511101
2023-12-20,689.2184448242188,705.25,733.0,703.0499877929688,730.9500122070312,8107602
2023-12-21,692.736572265625,708.8499755859375,711.9000244140625,696.25,703.0,7702232
2023-12-22,708.226318359375,724.7000122070312,731.0,712.0,716.7999877929688,12062238
2023-12-26,703.193359375,719.5499877929688,727.5,716.5999755859375,727.4000244140625,7229143
2023-12-27,724.05810546875,740.9000244140625,741.8499755859375,725.1500244140625,728.0,15052800
2023-12-28,736.7625122070312,753.9000244140625,757.9500122070312,739.0499877929688,742.6500244140625,14906199
2023-12-29,762.2203979492188,779.9500122070312,802.9000244140625,754.0,755.0,41170191
2024-01-01,772.628173828125,790.5999755859375,798.7000122070312,781.0499877929688,785.0,12570717
2024-01-02,766.5692138671875,784.4000244140625,804.0,779.0,800.5,13791090
2024-01-03,763.686279296875,781.4500122070312,790.0,776.25,786.0499877929688,8559060
2024-01-04,777.6611938476562,795.75,801.7999877929688,791.2999877929688,798.0,14298444
2024-01-05,772.9703369140625,790.9500122070312,805.9000244140625,787.0999755859375,799.0,11091198
2024-01-08,771.162353515625,789.0999755859375,800.3499755859375,787.5,798.4000244140625,7668471
2024-01-09,781.6190795898438,799.7999877929688,809.2000122070312,793.1500244140625,799.9500122070312,12872757
2024-01-10,790.072509765625,808.4500122070312,811.0,792.6500244140625,800.0,9980044
2024-01-11,797.10888671875,815.6500244140625,817.5,808.4500122070312,813.5,11075167
2024-01-12,797.8906860351562,816.4500122070312,818.5499877929688,809.1500244140625,818.1500244140625,7664094
2024-01-15,793.9816284179688,812.4500122070312,820.4000244140625,810.2999877929688,820.0,4835856
2024-01-16,800.236083984375,818.8499755859375,827.0,812.4500122070312,812.4500122070312,10159066
2024-01-17,787.2384643554688,805.5499877929688,813.7000122070312,804.0,811.0,7895439
2024-01-18,800.4315795898438,819.0499877929688,822.9500122070312,797.0,807.0,11500495
2024-01-19,804.8292236328125,823.5499877929688,826.0,819.5,823.8499755859375,5706888
2024-01-23,782.25439453125,800.4500122070312,827.5999755859375,796.2999877929688,824.9000244140625,9436209
2024-01-24,792.4668579101562,810.9000244140625,812.0,788.5,802.4000244140625,7217542
2024-01-25,793.3952026367188,811.8499755859375,814.1500244140625,800.2999877929688,814.0,10109720
2024-01-29,821.882568359375,841.0,843.7999877929688,811.0499877929688,811.8499755859375,12823686
2024-01-30,839.3268432617188,858.8499755859375,885.9500122070312,842.8499755859375,843.0,19734613
2024-01-31,864.1005859375,884.2000122070312,896.5,865.2000122070312,865.2000122070312,24562392
2024-02-01,858.5301513671875,878.5,900.1500244140625,876.2999877929688,900.0,14505885
2024-02-02,858.7744750976562,878.75,895.75,876.8499755859375,886.0,13003437
2024-02-05,905.732177734375,926.7999877929688,950.0,915.3499755859375,934.0,38686871
2024-02-06,918.1923217773438,939.5499877929688,941.2999877929688,928.4000244140625,936.4000244140625,12714803
2024-02-07,912.5730590820312,933.7999877929688,944.0,928.0499877929688,944.0,7913010
2024-02-08,903.2890625,924.2999877929688,939.7000122070312,918.7999877929688,937.0,11576253
2024-02-09,894.200439453125,915.0,927.4000244140625,906.0499877929688,926.0,7904881
2024-02-12,890.8777465820312,911.5999755859375,925.0,908.0,916.0999755859375,7286778
2024-02-13,886.2846069335938,906.9000244140625,919.0999755859375,894.0,911.5999755859375,8574218
2024-02-14,897.4254760742188,918.2999877929688,919.9500122070312,894.3499755859375,900.0,6570939
2024-02-15,899.624267578125,920.5499877929688,927.0,916.3499755859375,923.7000122070312,6430799
2024-02-16,917.2639770507812,938.5999755859375,948.7999877929688,924.0999755859375,925.0,12826164
2024-02-19,911.4003295898438,932.5999755859375,942.9500122070312,931.0499877929688,942.9500122070312,4632214
2024-02-20,905.2924194335938,926.3499755859375,934.6500244140625,920.4000244140625,934.4500122070312,4733639
2024-02-21,900.1129150390625,921.0499877929688,937.2000122070312,916.5,926.3499755859375,6011018
2024-02-22,911.107177734375,932.2999877929688,933.8499755859375,914.5999755859375,924.6500244140625,6437014
2024-02-23,916.0912475585938,937.4000244140625,939.7999877929688,929.4000244140625,933.0999755859375,7047473
2024-02-26,915.6515502929688,936.9500122070312,945.0,930.7000122070312,937.0999755859375,5600234
2024-02-27,940.8162231445312,962.7000122070312,965.0,935.5,936.75,12810206
2024-02-28,936.2718505859375,958.0499877929688,976.0,950.2999877929688,966.1500244140625,15219187
2024-02-29,928.600341796875,950.2000122070312,959.25,942.9000244140625,959.0,10346657
2024-03-01,955.1820068359375,977.4000244140625,980.4000244140625,956.7000122070312,958.9500122070312,10645369
2024-03-04,964.7592163085938,987.2000122070312,995.0,980.0999755859375,993.25,6084495
2024-03-05,998.67041015625,1021.9000244140625,1065.5999755859375,1005.3499755859375,1027.0,59811033
2024-03-06,994.5170288085938,1017.6500244140625,1030.6500244140625,1009.0,1025.0,14214823
2024-03-07,1015.6748657226562,1039.300048828125,1047.0,1014.0499877929688,1025.0,16877082
2024-03-11,1004.6317749023438,1028.0,1035.949951171875,1021.0,1034.75,7502450
2024-03-12,993.3931274414062,1016.5,1037.0,1011.2999877929688,1027.800048828125,8763820
2024-03-13,951.0774536132812,973.2000122070312,1021.0,963.5499877929688,1019.0,16564155
2024-03-14,945.7513427734375,967.75,982.0,955.4000244140625,964.9500122070312,22931801
2024-03-15,924.3491821289062,945.8499755859375,979.75,940.0,968.4000244140625,23390913
2024-03-18,950.3445434570312,972.4500122070312,974.7999877929688,936.6500244140625,945.8499755859375,12121719
2024-03-19,935.9786376953125,957.75,970.5999755859375,951.5999755859375,968.5499877929688,9483750
2024-03-20,919.0719604492188,940.4500122070312,965.1500244140625,921.2000122070312,960.9000244140625,13900321
2024-03-21,942.9661254882812,964.9000244140625,969.25,946.0,951.0,11074207
2024-03-22,957.5274047851562,979.7999877929688,986.2000122070312,950.3499755859375,964.9000244140625,13638296
2024-03-26,963.781982421875,986.2000122070312,995.0,976.0,977.0,9461531
2024-03-27,956.403564453125,978.6500244140625,995.0,976.7000122070312,991.5999755859375,6640537
2024-03-28,970.23193359375,992.7999877929688,999.9000244140625,979.0,982.5,9862996
2024-04-01,969.6944580078125,992.25,1009.8499755859375,987.4500122070312,1000.0,8629407
2024-04-02,981.8125610351562,1004.6500244140625,1008.0,993.4000244140625,999.0,7995931
2024-04-03,986.2103271484375,1009.1500244140625,1014.4500122070312,992.5499877929688,1004.0,8040366
2024-04-04,988.6044921875,1011.5999755859375,1017.0,998.1500244140625,1016.0,9138276
2024-04-05,984.2068481445312,1007.0999755859375,1012.5,1004.4000244140625,1011.5999755859375,4519120
2024-04-08,990.1682739257812,1013.2000122070312,1016.4000244140625,1004.0,1010.0499877929688,5188052
2024-04-09,985.5750122070312,1008.5,1029.5,1005.0,1021.0,8539041
2024-04-10,990.4613647460938,1013.5,1021.0,1010.0,1012.25,4554077
2024-04-12,995.34765625,1018.5,1029.0,1013.5,1014.0,11575194
2024-04-15,976.0955200195312,998.7999877929688,1006.9500122070312,978.5,998.0999755859375,12632409
2024-04-16,970.23193359375,992.7999877929688,1004.9000244140625,982.0999755859375,990.0,9574762
2024-04-18,949.26953125,971.3499755859375,1003.0999755859375,966.25,996.3499755859375,13540490
2024-04-19,941.3047485351562,963.2000122070312,967.9500122070312,944.0,964.0,15381310
2024-04-22,951.4194946289062,973.5499877929688,978.75,966.0,978.75,7187959
2024-04-23,964.3194580078125,986.75,994.5,974.0499877929688,976.0,7994116
2024-04-24,969.108154296875,991.6500244140625,995.9000244140625,988.0,992.4000244140625,4671450
2024-04-25,978.4898681640625,1001.25,1003.2999877929688,989.5,992.5,8366455
2024-04-26,976.7796020507812,999.5,1008.9500122070312,996.5999755859375,1007.7999877929688,7937500
2024-04-29,977.8546142578125,1000.5999755859375,1005.75,999.0,1003.0499877929688,4764750
2024-04-30,984.9887084960938,1007.9000244140625,1019.4500122070312,997.5,1005.0,9047011
2024-05-02,1004.4363403320312,1027.800048828125,1030.0,1011.5499877929688,1020.0,12695047
2024-05-03,990.3637084960938,1013.4000244140625,1040.199951171875,996.0,1038.0,11871773
2024-05-06,993.0999755859375,1016.2000122070312,1019.7999877929688,1005.0,1015.0,5724760
2024-05-07,966.0784912109375,988.5499877929688,1017.9500122070312,982.0499877929688,1016.2000122070312,8877426
2024-05-08,989.0932006835938,1012.0999755859375,1015.0,977.0,986.9500122070312,7519352
2024-05-09,1006.8795166015625,1030.300048828125,1043.199951171875,1007.2999877929688,1011.0,19189798
2024-05-10,1022.85791015625,1046.6500244140625,1050.3499755859375,1030.4000244140625,1037.0,13383183
2024-05-13,937.9331665039062,959.75,1008.7000122070312,947.2000122070312,1005.0,58974762
2024-05-14,942.7218627929688,964.6500244140625,968.0,953.25,965.0999755859375,16325689
2024-05-15,925.7662353515625,947.2999877929688,972.9500122070312,945.0999755859375,970.9500122070312,19668239
2024-05-16,915.1140747070312,936.4000244140625,954.4000244140625,919.0,953.2000122070312,31240770
2024-05-17,924.2025756835938,945.7000122070312,953.4000244140625,941.0,944.0,13205512
2024-05-21,929.67529296875,951.2999877929688,956.6500244140625,948.7000122070312,954.0,10055258
2024-05-22,925.961669921875,947.5,954.9000244140625,942.5499877929688,952.0,9495279
2024-05-23,940.4740600585938,962.3499755859375,963.4500122070312,945.0499877929688,950.0,11211074
2024-05-24,938.715087890625,960.5499877929688,970.9500122070312,958.0,962.5,9590588
2024-05-27,936.7116088867188,958.5,966.4500122070312,952.0,964.9000244140625,6916555
2024-05-28,926.010498046875,947.5499877929688,961.9000244140625,946.0,959.0,6618946
2024-05-29,922.1502685546875,943.5999755859375,950.5,938.7999877929688,946.9500122070312,8184019
2024-05-30,902.947021484375,923.9500122070312,951.4500122070312,921.0,943.5,10170912
2024-05-31,902.0186157226562,923.0,937.25,920.0999755859375,931.6500244140625,14289102
2024-06-03,928.8446655273438,950.4500122070312,963.0,934.0,963.0,12314329
2024-06-04,883.352783203125,903.9000244140625,948.0,855.4000244140625,948.0,26554598
2024-06-05,908.8106079101562,929.9500122070312,933.75,890.0,924.9500122070312,13752553
2024-06-06,916.921875,938.25,946.0,931.2000122070312,940.0,11792640
2024-06-07,948.4387817382812,970.5,973.0,935.25,940.0,15577866
2024-06-10,952.983154296875,975.1500244140625,984.9000244140625,969.0999755859375,977.0,9258931
2024-06-11,970.6337280273438,987.0999755859375,992.5499877929688,966.6500244140625,973.7999877929688,14828702
2024-06-12,972.20703125,988.7000122070312,1010.25,987.0,994.5,17527993
2024-06-13,969.404541015625,985.8499755859375,1002.0,980.75,1002.0,12157226
2024-06-14,976.8286743164062,993.4000244140625,997.25,981.4000244140625,990.0,11591421
2024-06-18,969.4537963867188,985.9000244140625,1003.5499877929688,984.0,1000.0,9845075
2024-06-19,961.0463256835938,977.3499755859375,994.9000244140625,975.1500244140625,990.0,7605719
2024-06-20,961.931396484375,978.25,988.4000244140625,976.3499755859375,980.0,7299571
2024-06-21,945.7557373046875,961.7999877929688,980.9000244140625,958.0999755859375,979.0,14303735
2024-06-24,942.068359375,958.0499877929688,963.5,950.0499877929688,960.9000244140625,6655577
2024-06-25,939.0692138671875,955.0,962.8499755859375,949.2999877929688,960.0,7304128
2024-06-26,935.9717407226562,951.8499755859375,962.5,950.0999755859375,956.0,6908988
2024-06-27,955.8839721679688,972.0999755859375,974.8499755859375,948.0499877929688,952.5,19385412
2024-06-28,973.2395629882812,989.75,998.5,972.5499877929688,975.0,23025267
2024-07-01,985.3343505859375,1002.0499877929688,1005.5,985.2000122070312,989.75,14006105
2024-07-02,964.9304809570312,981.2999877929688,1005.0,979.0999755859375,1004.0499877929688,12284132
2024-07-03,959.374755859375,975.6500244140625,987.3499755859375,973.5,984.9500122070312,7346258
2024-07-04,981.548583984375,998.2000122070312,1004.0,979.5999755859375,984.0,12139832
2024-07-05,977.0745239257812,993.6500244140625,1006.5999755859375,989.9500122070312,1005.0,9050375
2024-07-08,985.8751831054688,1002.5999755859375,1016.5999755859375,996.2000122070312,1005.0,13312085
2024-07-09,998.0191650390625,1014.9500122070312,1017.0,998.0999755859375,1000.9500122070312,10948094
2024-07-10,988.726806640625,1005.5,1019.8499755859375,986.0499877929688,1015.0,13412206
2024-07-11,1003.7715454101562,1020.7999877929688,1025.5,1007.0499877929688,1008.0,11983571
2024-07-12,999.7891235351562,1016.75,1025.9000244140625,1015.0,1023.8499755859375,7339644
2024-07-15,1007.360595703125,1024.449951171875,1029.800048828125,1017.2999877929688,1021.3499755859375,5847297
2024-07-16,1004.11572265625,1021.1500244140625,1029.5999755859375,1019.2000122070312,1025.5,4824555
2024-07-18,1007.4590454101562,1024.550048828125,1027.0,1008.0,1022.9500122070312,8010324
2024-07-19,973.4853515625,990.0,1024.0,986.6500244140625,1024.0,7400178
2024-07-22,986.416015625,1003.1500244140625,1008.0,976.5499877929688,990.0,7396198
2024-07-23,985.0885009765625,1001.7999877929688,1008.6500244140625,967.2000122070312,1007.9000244140625,10384177
2024-07-24,1010.556396484375,1027.699951171875,1034.25,995.1500244140625,997.7999877929688,11469098
2024-07-25,1072.751220703125,1090.949951171875,1094.0,1024.3499755859375,1029.0,32766835
2024-07-26,1099.6451416015625,1118.300048828125,1120.5,1083.5999755859375,1111.949951171875,21232845
2024-07-29,1105.25,1124.0,1139.9000244140625,1118.5999755859375,1124.0,11850624
2024-07-30,1142.4686279296875,1161.8499755859375,1179.0,1118.5999755859375,1125.800048828125,28592304
2024-07-31,1137.3553466796875,1156.6500244140625,1167.9000244140625,1145.300048828125,1164.0,10860623
2024-08-01,1125.309814453125,1144.4000244140625,1176.0,1136.5,1167.0,14375948
2024-08-02,1078.3563232421875,1096.6500244140625,1120.0,1090.050048828125,1120.0,21967812
2024-08-05,999.494140625,1016.4500122070312,1065.0,1014.0499877929688,1059.949951171875,26651144
2024-08-06,996.8391723632812,1013.75,1060.6500244140625,1008.4000244140625,1030.0,16726393
2024-08-07,1008.1965942382812,1025.300048828125,1040.199951171875,1015.0499877929688,1036.050048828125,9978703
2024-08-08,1024.3720703125,1041.75,1056.4000244140625,1027.0,1034.949951171875,19529790
2024-08-09,1050.282470703125,1068.0999755859375,1082.949951171875,1052.050048828125,1055.0,15443008
2024-08-12,1058.1982421875,1076.1500244140625,1079.9000244140625,1055.0,1065.0,11311050
2024-08-13,1035.876953125,1053.449951171875,1075.5,1048.199951171875,1074.8499755859375,7508231
2024-08-14,1044.62841796875,1062.3499755859375,1067.050048828125,1047.0,1057.0,8211830
2024-08-16,1080.0279541015625,1098.3499755859375,1099.949951171875,1070.0,1072.0,11435650
2024-08-19,1069.5555419921875,1087.699951171875,1107.0,1085.0,1105.9000244140625,6911441
2024-08-20,1068.7689208984375,1086.9000244140625,1098.050048828125,1082.050048828125,1097.0,5625723
2024-08-21,1067.0972900390625,1085.199951171875,1095.300048828125,1083.300048828125,1089.0,4869876
2024-08-22,1050.626708984375,1068.449951171875,1094.75,1064.949951171875,1090.0,9377476
2024-08-23,1067.048095703125,1085.1500244140625,1092.5999755859375,1071.0,1073.0,10179655
2024-08-26,1074.17724609375,1092.4000244140625,1103.3499755859375,1082.8499755859375,1089.0,9415039
2024-08-27,1059.2799072265625,1077.25,1096.6500244140625,1075.0,1093.050048828125,8813305
2024-08-28,1056.625,1074.550048828125,1088.699951171875,1070.0999755859375,1082.949951171875,8145376
2024-08-29,1102.939208984375,1121.6500244140625,1142.0,1066.0,1079.050048828125,40658159
2024-08-30,1092.81103515625,1111.3499755859375,1115.0,1097.449951171875,1113.949951171875,17647545
2024-09-02,1074.423095703125,1092.6500244140625,1105.0,1087.3499755859375,1105.0,8116675
2024-09-03,1066.9990234375,1085.0999755859375,1100.0,1082.199951171875,1097.5999755859375,5088731
2024-09-04,1062.426513671875,1080.449951171875,1085.0,1072.0999755859375,1079.0,4665908
2024-09-05,1051.3150634765625,1069.1500244140625,1085.8499755859375,1066.949951171875,1081.0,7900593
2024-09-06,1031.8453369140625,1049.3499755859375,1072.949951171875,1040.5,1068.800048828125,8717377
2024-09-09,1021.3729248046875,1038.699951171875,1049.949951171875,1026.25,1049.3499755859375,7206054
2024-09-10,1018.5213623046875,1035.800048828125,1049.0,1032.199951171875,1049.0,6919238
2024-09-11,960.013916015625,976.2999877929688,1011.5499877929688,971.25,1000.0,36140411
2024-09-12,969.6995849609375,986.1500244140625,988.0,958.0,976.2999877929688,25675836
2024-09-13,975.55029296875,992.0999755859375,1006.0,988.0,994.9000244140625,13203676
2024-09-16,971.912109375,988.4000244140625,999.9000244140625,984.5,997.0,5836274
2024-09-17,958.6864624023438,974.9500122070312,995.0,960.0,995.0,44516613
2024-09-18,946.0015869140625,962.0499877929688,983.7000122070312,957.1500244140625,978.2000122070312,12044431
2024-09-19,950.8690185546875,967.0,978.9500122070312,956.3499755859375,970.4000244140625,13466770
2024-09-20,954.65478515625,970.8499755859375,977.5,949.2000122070312,967.0,16764981
2024-09-23,955.5889282226562,971.7999877929688,979.2000122070312,966.0499877929688,973.5,10254297
2024-09-24,960.9971923828125,977.2999877929688,985.0,972.5999755859375,974.0,12755422
2024-09-25,947.5256958007812,963.5999755859375,982.5,959.25,982.4000244140625,12959075
2024-09-26,976.5828247070312,993.1500244140625,994.9500122070312,965.5999755859375,970.7999877929688,21640021
2024-09-27,976.4353637695312,993.0,1000.4000244140625,989.1500244140625,996.0,10360030
2024-09-30,958.3914184570312,974.6500244140625,996.9500122070312,971.7999877929688,993.0,12225895
2024-10-01,949.0990600585938,965.2000122070312,984.5,958.9000244140625,976.9000244140625,10085203
2024-10-03,910.2579956054688,925.7000122070312,950.1500244140625,925.0,939.0,24418517
2024-10-04,915.2236938476562,930.75,949.2000122070312,920.0,930.0,19187758
2024-10-07,912.3720703125,927.8499755859375,944.4500122070312,915.0,942.0,11772546
2024-10-08,904.4563598632812,919.7999877929688,924.7999877929688,893.8499755859375,916.0,21177886
2024-10-09,923.483642578125,939.1500244140625,948.4500122070312,925.5,926.7999877929688,11557737
2024-10-10,913.0112915039062,928.5,943.5999755859375,912.3499755859375,933.75,13249851
2024-10-11,915.174560546875,930.7000122070312,937.0,928.5,932.0,4459529
2024-10-14,912.7654418945312,928.25,940.0,925.3499755859375,930.0,5740649
2024-10-15,901.998046875,917.2999877929688,935.3499755859375,913.0,932.9500122070312,9058919
2024-10-16,892.3124389648438,907.4500122070312,923.0,900.0,917.0499877929688,10298258
2024-10-17,876.7267456054688,891.5999755859375,914.9500122070312,890.0499877929688,914.9500122070312,13864583
2024-10-18,894.9674072265625,910.1500244140625,917.7000122070312,886.7999877929688,894.2999877929688,11527914
2024-10-21,888.2316284179688,903.2999877929688,917.6500244140625,898.0999755859375,912.0499877929688,7390557
2024-10-22,864.82861328125,879.5,906.0999755859375,875.25,905.0,13617490
2024-10-23,863.0095825195312,877.6500244140625,885.5999755859375,863.2999877929688,879.0,10553771
2024-10-24,865.3203125,880.0,890.0,875.25,875.25,7233484
2024-10-25,849.8822021484375,864.2999877929688,885.75,857.2999877929688,883.9000244140625,10873022
2024-10-28,863.7962036132812,878.4500122070312,886.75,860.2000122070312,867.8499755859375,7106045
2024-10-29,828.6917114257812,842.75,882.5,825.7000122070312,880.25,26818871
2024-10-30,826.1842651367188,840.2000122070312,853.5999755859375,838.0499877929688,846.0,12933218
2024-10-31,820.1368408203125,834.0499877929688,843.8499755859375,831.8499755859375,843.8499755859375,11904413
2024-11-01,829.3800659179688,843.4500122070312,847.9500122070312,840.0,847.9500122070312,2900548
2024-11-04,810.352783203125,824.0999755859375,844.4500122070312,814.5,840.0,15514419
2024-11-05,821.7101440429688,835.6500244140625,843.5999755859375,820.4000244140625,821.5,10215249
2024-11-06,825.6925659179688,839.7000122070312,843.9000244140625,826.0,843.9000244140625,10579596
2024-11-07,806.0753784179688,819.75,842.75,817.2999877929688,841.0,13237161
2024-11-08,792.013916015625,805.4500122070312,822.0,801.0999755859375,821.9500122070312,16072692
2024-11-11,791.2764282226562,804.7000122070312,831.4500122070312,792.0,801.0,27587619
2024-11-12,771.757568359375,784.8499755859375,813.0999755859375,783.0499877929688,806.0,16526921
2024-11-13,773.1342163085938,786.25,792.6500244140625,775.5499877929688,787.0,14674022
2024-11-14,761.383544921875,774.2999877929688,792.0,772.0,786.5999755859375,11740909
2024-11-18,759.0236206054688,771.9000244140625,781.75,759.2000122070312,778.0,17053446
2024-11-19,770.1351318359375,783.2000122070312,799.9000244140625,771.9000244140625,771.9000244140625,14012014
2024-11-21,760.9410400390625,773.8499755859375,785.9500122070312,766.25,784.9500122070312,14194678
2024-11-22,777.8049926757812,791.0,794.0,775.0,775.0,14535112
2024-11-25,783.3115234375,796.5999755859375,810.2000122070312,793.6500244140625,808.0499877929688,15194167
2024-11-26,769.9384155273438,783.0,801.7999877929688,780.1500244140625,797.1500244140625,10310838
2024-11-27,770.8726196289062,783.9500122070312,791.9000244140625,779.0999755859375,785.0499877929688,10014685
2024-11-28,766.4476318359375,779.4500122070312,792.5499877929688,778.0,783.0,10939142
2024-11-29,773.3308715820312,786.4500122070312,789.4000244140625,777.0499877929688,779.5,10358590
2024-12-02,776.870849609375,790.0499877929688,796.75,785.0,787.2999877929688,8425826
2024-12-03,787.8839721679688,801.25,806.0,790.0,795.0,9874135
2024-12-04,774.9533081054688,788.0999755859375,806.0,784.0499877929688,805.0,12392259
2024-12-05,779.3291015625,792.5499877929688,797.5,781.0,793.0,12169428
2024-12-06,803.174560546875,816.7999877929688,818.8499755859375,785.2999877929688,793.0,19716910
2024-12-09,785.4257202148438,798.75,820.3499755859375,797.0,816.7999877929688,15573233
2024-12-10,786.5565185546875,799.9000244140625,810.4500122070312,797.4500122070312,804.7999877929688,13113082
2024-12-11,785.7698364257812,799.0999755859375,806.9500122070312,798.2000122070312,802.9000244140625,7763357
2024-12-12,773.2324829101562,786.3499755859375,802.0,785.5,799.2000122070312,10602758
2024-12-13,777.1166381835938,790.2999877929688,792.5,775.0,789.0,14101869
2024-12-16,771.7083740234375,784.7999877929688,793.9500122070312,783.0,791.4000244140625,10015361
2024-12-17,766.7426147460938,779.75,796.3499755859375,778.0,785.5,10270253
2024-12-18,743.0938720703125,755.7000122070312,774.25,754.0,774.0,19085263
2024-12-19,731.6381225585938,744.0499877929688,755.7999877929688,741.4000244140625,744.4500122070312,17119599
2024-12-20,711.9718017578125,724.0499877929688,749.5499877929688,721.5,744.2999877929688,17962656
2024-12-23,710.1526489257812,722.2000122070312,734.4000244140625,717.7000122070312,733.7000122070312,9653868
2024-12-24,723.82080078125,736.0999755859375,745.2999877929688,722.5,723.5,12553555
2024-12-26,728.4423828125,740.7999877929688,747.7999877929688,735.5499877929688,736.0999755859375,9343210
2024-12-27,737.9805908203125,750.5,766.8499755859375,745.7000122070312,749.0,15835079
2024-12-30,721.4116821289062,733.6500244140625,754.9000244140625,730.7000122070312,753.9000244140625,17441198
2024-12-31,727.8032836914062,740.1500244140625,743.4000244140625,732.75,733.6500244140625,7092699
2025-01-01,736.7514038085938,749.25,751.0999755859375,736.0,740.4500122070312,7792251
2025-01-02,752.287841796875,765.0499877929688,767.3499755859375,749.3499755859375,759.2999877929688,15294572
2025-01-03,777.2149658203125,790.4000244140625,800.5999755859375,761.4500122070312,768.0,24773025
2025-01-06,763.301025390625,776.25,797.7000122070312,765.2999877929688,797.7000122070312,16948151
2025-01-07,780.0173950195312,793.25,796.9500122070312,772.5,776.0,15547971
2025-01-08,781.6890869140625,794.9500122070312,797.0,781.6500244140625,792.5999755859375,11861066
2025-01-09,767.0867919921875,780.0999755859375,810.0,769.4500122070312,800.0,17948464
2025-01-10,761.7277221679688,774.6500244140625,787.9500122070312,766.7999877929688,780.0499877929688,11144005
2025-01-13,738.4722290039062,751.0,773.5499877929688,748.7999877929688,769.0,12230175
2025-01-14,757.64697265625,770.5,779.0,751.5,751.5,11377053
2025-01-15,750.8619995117188,763.5999755859375,785.0,756.0499877929688,771.0,10500910
2025-01-16,761.4326782226562,774.3499755859375,781.0,767.3499755859375,769.9000244140625,8680163
2025-01-17,766.7426147460938,779.75,785.5,772.25,773.9000244140625,7007239
2025-01-20,761.4326782226562,774.3499755859375,783.0,767.0,780.0,9956101
2025-01-21,748.0595703125,760.75,786.6500244140625,758.4000244140625,775.0,11657178
2025-01-22,730.35986328125,742.75,765.4500122070312,731.0,764.1500244140625,12418474
2025-01-23,739.9472045898438,752.5,759.7000122070312,739.7999877929688,742.75,7916689
2025-01-24,721.8541259765625,734.0999755859375,754.1500244140625,732.2000122070312,750.0499877929688,9513166
2025-01-27,701.1552734375,713.0499877929688,732.9500122070312,709.2999877929688,732.9500122070312,14123990
2025-01-28,716.1017456054688,728.25,740.8499755859375,707.5,716.5,16104653
2025-01-29,739.9472045898438,752.5,755.0,726.5499877929688,731.5,12461404
2025-01-30,685.2254638671875,696.8499755859375,710.7000122070312,683.2000122070312,709.0,59390998
2025-01-31,704.1543579101562,716.0999755859375,717.0,696.4500122070312,706.0,19157717
2025-02-01,694.7637329101562,706.5499877929688,724.75,700.9000244140625,719.5,14087493
2025-02-03,675.9823608398438,687.4500122070312,700.0,686.0,700.0,17806760
2025-02-04,698.697021484375,710.5499877929688,713.3499755859375,693.75,696.2999877929688,16792005
2025-02-05,705.0885009765625,717.0499877929688,725.4500122070312,710.7000122070312,711.0,12907325
2025-02-06,697.81201171875,709.6500244140625,723.4000244140625,708.1500244140625,723.0,10016927
2025-02-07,694.9603881835938,706.75,715.9500122070312,703.0999755859375,711.0,12259132
2025-02-10,684.3897094726562,696.0,709.9000244140625,693.0499877929688,709.75,10981963
2025-02-11,666.4441528320312,677.75,697.0,675.0999755859375,696.0,11939990
2025-02-12,672.9340209960938,684.3499755859375,687.5499877929688,667.0499877929688,680.0,12312424
2025-02-13,672.4423217773438,683.8499755859375,693.1500244140625,679.3499755859375,684.3499755859375,8490769
2025-02-14,669.2957763671875,680.6500244140625,690.9500122070312,669.1500244140625,685.9500122070312,9968127
2025-02-17,675.146484375,686.5999755859375,690.7000122070312,667.0499877929688,678.0,10313575
2025-02-18,671.0166015625,682.4000244140625,687.9500122070312,672.1500244140625,686.5999755859375,7810143
2025-02-19,669.6399536132812,681.0,690.9500122070312,675.0499877929688,681.75,9986815
2025-02-20,678.2930908203125,689.7999877929688,692.8499755859375,675.0,680.0,8673335
2025-02-21,661.9700317382812,673.2000122070312,690.0,671.0999755859375,686.0,14577524
2025-02-24,657.1026000976562,668.25,676.5999755859375,666.0,670.0,8861769
2025-02-25,650.5635375976562,661.5999755859375,672.5,660.0,667.75,10251257
2025-02-27,637.7312622070312,648.5499877929688,665.0,645.6500244140625,662.0,12281857
2025-02-28,610.296630859375,620.6500244140625,645.0,618.4500122070312,645.0,20477619
2025-03-03,610.788330078125,621.1500244140625,626.8499755859375,606.2999877929688,620.6500244140625,18362700
2025-03-04,608.870849609375,619.2000122070312,629.1500244140625,613.0,613.4500122070312,11878225
2025-03-05,630.1104736328125,640.7999877929688,641.5999755859375,618.5999755859375,619.0,12373061
2025-03-06,628.979736328125,639.6500244140625,655.9500122070312,635.5999755859375,653.25,16991501
2025-03-07,637.4853515625,648.2999877929688,651.5,635.0,640.0,10123450
2025-03-10,637.3379516601562,648.1500244140625,654.25,643.3499755859375,648.2999877929688,10309166
2025-03-11,637.2395629882812,648.0499877929688,651.1500244140625,638.4500122070312,640.0,9534750
2025-03-12,657.1517944335938,668.2999877929688,671.9000244140625,652.25,654.5,18732785
2025-03-13,644.5653076171875,655.5,671.8499755859375,649.5999755859375,670.6500244140625,14004345
2025-03-17,650.022705078125,661.0499877929688,666.4500122070312,657.4500122070312,665.0499877929688,9174398
2025-03-18,650.022705078125,661.0499877929688,661.0499877929688,661.0499877929688,661.0499877929688,0
2025-03-19,670.8690795898438,682.25,685.75,678.5499877929688,685.4000244140625,9338414
2025-03-20,678.5389404296875,690.0499877929688,692.7000122070312,679.0,685.0,9712600
2025-03-21,691.2237548828125,702.9500122070312,705.0,688.5499877929688,693.0,14823483
2025-03-24,701.5977783203125,713.5,717.5,702.0499877929688,710.0,11671359
2025-03-25,698.4511108398438,710.2999877929688,723.0499877929688,706.3499755859375,719.0,13617465
2025-03-26,696.4353637695312,708.25,717.8499755859375,707.0,710.2999877929688,9363180
2025-03-27,657.3975830078125,668.5499877929688,676.5999755859375,661.0999755859375,668.0,34238666
2025-03-28,663.19921875,674.4500122070312,684.9500122070312,669.2999877929688,671.8499755859375,16013687
2025-04-01,660.6425170898438,671.8499755859375,681.8499755859375,665.75,670.5499877929688,9594669
2025-04-02,660.6917114257812,671.9000244140625,675.3499755859375,662.0999755859375,674.9500122070312,8025225
2025-04-03,643.0411987304688,653.9500122070312,669.0,652.5,660.0,13473832
2025-04-04,603.6100463867188,613.8499755859375,650.0,610.0,650.0,26621179
2025-04-07,570.0789184570312,579.75,582.0,535.75,560.5,49463598
2025-04-08,579.027099609375,588.8499755859375,606.5999755859375,584.2000122070312,591.2000122070312,20987855
2025-04-09,573.1763916015625,582.9000244140625,594.9000244140625,581.0499877929688,588.0,17483412
2025-04-11,585.1236572265625,595.0499877929688,612.7999877929688,591.0,610.0,21055814
2025-04-15,611.82080078125,622.2000122070312,628.2999877929688,612.6500244140625,614.0,19722072
2025-04-16,605.7733764648438,616.0499877929688,625.0,613.5999755859375,625.0,12318376
2025-04-17,611.181640625,621.5499877929688,627.0,608.25,616.0499877929688,14342652
2025-04-21,619.539794921875,630.0499877929688,635.75,620.2000122070312,624.5999755859375,12785568
2025-04-22,620.3264770507812,630.8499755859375,633.9500122070312,626.2000122070312,630.25,10292748
2025-04-23,648.8919677734375,659.9000244140625,661.5,633.3499755859375,635.9500122070312,23390570
2025-04-24,657.200927734375,668.3499755859375,671.0,660.0999755859375,660.0999755859375,15172229
2025-04-25,644.3195190429688,655.25,673.0,651.5,668.3499755859375,13207043
2025-04-28,657.0043334960938,668.1500244140625,669.5999755859375,652.5499877929688,654.2999877929688,10243493
2025-04-29,654.4967651367188,665.5999755859375,682.9000244140625,661.5999755859375,671.4500122070312,13754685
2025-04-30,633.5029296875,644.25,667.0,641.0999755859375,667.0,19485917
2025-05-02,638.2720947265625,649.0999755859375,661.3499755859375,635.5499877929688,641.0,11488717
2025-05-05,650.5143432617188,661.5499877929688,666.6500244140625,655.8499755859375,662.9500122070312,8868484
2025-05-06,637.3870849609375,648.2000122070312,663.2000122070312,645.5,661.5499877929688,12718175
2025-05-07,668.9515991210938,680.2999877929688,682.5,641.1500244140625,642.0,30390515
2025-05-08,671.4590454101562,682.8499755859375,704.5,677.2000122070312,700.0,29315465
2025-05-09,696.6812133789062,708.5,711.0,666.0,667.5,40183276
2025-05-12,708.7760009765625,720.7999877929688,732.0,711.2000122070312,728.0,20133616
2025-05-13,695.8945922851562,707.7000122070312,726.0,703.25,720.7999877929688,16125700
2025-05-14,687.29052734375,698.9500122070312,708.0,686.0,690.0,31505402
2025-05-15,715.9542236328125,728.0999755859375,729.7999877929688,696.1500244140625,698.75,28634074
2025-05-16,718.5108642578125,730.7000122070312,742.0,725.5499877929688,730.0,20631512
2025-05-19,717.3308715820312,729.5,738.0999755859375,728.0,732.0,10460217
2025-05-20,706.90771484375,718.9000244140625,737.75,717.0,730.0,14472506
2025-05-21,714.6759033203125,726.7999877929688,729.5,718.0,719.0,8998596
2025-05-22,705.4818725585938,717.4500122070312,725.0,710.6500244140625,725.0,10046820
2025-05-23,706.2685546875,718.25,721.7999877929688,715.0,718.75,7915166
2025-05-26,716.8392333984375,729.0,738.0,721.2000122070312,722.0,13017400
2025-05-27,704.4985961914062,716.4500122070312,729.3499755859375,715.2000122070312,729.0,12223125
2025-05-28,705.9735717773438,717.9500122070312,722.0,716.2000122070312,720.0,7568961
2025-05-29,712.3651123046875,724.4500122070312,728.7000122070312,720.0,724.5,8838921
2025-05-30,707.4976806640625,719.5,728.5499877929688,712.5,724.4500122070312,14533919
2025-06-02,699.7294311523438,711.5999755859375,719.0,707.4000244140625,717.0,9712446
2025-06-03,692.1087646484375,703.8499755859375,718.3499755859375,702.2999877929688,715.0,9161608
2025-06-04,703.3157958984375,709.1500244140625,715.4500122070312,698.4000244140625,701.7999877929688,11287991
2025-06-05,704.3075561523438,710.1500244140625,714.4500122070312,704.0,712.7999877929688,10203331
2025-06-06,705.1505737304688,711.0,715.9000244140625,701.2000122070312,710.0,11975812
2025-06-09,711.8945922851562,717.7999877929688,726.0,713.0999755859375,715.0,9900412
2025-06-10,726.2257690429688,732.25,734.75,715.3499755859375,721.0,19151889
2025-06-11,730.3416137695312,736.4000244140625,744.0,730.1500244140625,734.9500122070312,12626754
2025-06-12,709.4647827148438,715.3499755859375,737.7000122070312,711.25,737.0,12585149
2025-06-13,706.19189453125,712.0499877929688,714.9500122070312,698.2999877929688,700.0,10516625
2025-06-16,681.0009155273438,686.6500244140625,714.0,672.9500122070312,711.0,31246328
2025-06-17,669.1987915039062,674.75,686.1500244140625,672.0,686.0999755859375,17112867
2025-06-18,664.73583984375,670.25,679.3499755859375,668.0,671.8499755859375,12556088
2025-06-19,666.7689208984375,672.2999877929688,676.2999877929688,666.6500244140625,670.25,10895470
2025-06-20,670.6369018554688,676.2000122070312,678.7999877929688,670.0999755859375,673.4000244140625,11393470
2025-06-23,665.7276000976562,671.25,676.0,666.0999755859375,670.0,10265601
2025-06-24,668.1078491210938,673.6500244140625,686.5,672.0,678.0,15359947
2025-06-25,668.9508666992188,674.5,679.0,673.4500122070312,676.0,10456015
2025-06-26,677.1329956054688,682.75,683.7000122070312,674.4500122070312,677.0,10104914
2025-06-27,681.2488403320312,686.9000244140625,691.4500122070312,683.0,685.0,7198028
2025-06-30,682.3397827148438,688.0,691.9000244140625,685.0,688.9000244140625,6960104
2025-07-01,678.17431640625,683.7999877929688,693.8499755859375,680.4000244140625,691.0999755859375,6866073
2025-07-02,682.88525390625,688.5499877929688,692.4500122070312,680.6500244140625,683.7999877929688,8034013
2025-07-03,684.7200927734375,690.4000244140625,696.9500122070312,688.5,693.8499755859375,9668110
2025-07-04,683.3811645507812,689.0499877929688,692.8499755859375,686.3499755859375,691.0,4942900
2025-07-07,683.1828002929688,688.8499755859375,691.9500122070312,683.3499755859375,689.0499877929688,5428220
2025-07-08,687.4970092773438,693.2000122070312,696.9500122070312,687.5,693.0,7615926
2025-07-09,687.1002807617188,692.7999877929688,695.5,688.5,688.9500122070312,5478813
2025-07-10,689.8772583007812,695.5999755859375,696.75,685.0,692.0,7733963
2025-07-11,676.1907958984375,681.7999877929688,698.4000244140625,677.0499877929688,692.9500122070312,8280654
2025-07-14,668.9508666992188,674.5,681.0,672.0,681.0,7748550
2025-07-15,678.7694091796875,684.4000244140625,685.9500122070312,674.2999877929688,676.0,7041706
2025-07-16,673.413818359375,679.0,684.4000244140625,676.3499755859375,684.4000244140625,6244205
2025-07-17,676.0916137695312,681.7000122070312,686.9000244140625,678.1500244140625,679.0,6598144
2025-07-18,674.653564453125,680.25,686.0,678.0,683.2000122070312,5558670
2025-07-21,681.7943115234375,687.4500122070312,688.5,671.25,680.5,6731863
2025-07-22,667.8599243164062,673.4000244140625,688.8499755859375,672.3499755859375,688.0,7749518
2025-07-23,684.4224853515625,690.0999755859375,693.0999755859375,676.25,676.7000122070312,14460727
2025-07-24,694.7369384765625,700.5,706.5,692.2999877929688,692.7000122070312,15197664
2025-07-25,681.7447509765625,687.4000244140625,702.4500122070312,684.7000122070312,701.0,7271718
2025-07-28,677.2817993164062,682.9000244140625,700.5,681.4000244140625,690.7000122070312,7788718
2025-07-29,686.6539916992188,692.3499755859375,694.0,680.5999755859375,681.9000244140625,6239871
2025-07-30,662.9506225585938,668.4500122070312,690.0,665.25,690.0,18923129
2025-07-31,660.47119140625,665.9500122070312,673.4000244140625,652.3499755859375,659.8499755859375,18723710
2025-08-01,643.5118408203125,648.8499755859375,667.9500122070312,647.0,667.9500122070312,12546169
2025-08-04,648.2227783203125,653.5999755859375,656.7999877929688,646.0,650.0499877929688,8033881
2025-08-05,649.2145385742188,654.5999755859375,658.9000244140625,650.5499877929688,655.9500122070312,6714804
2025-08-06,647.4789428710938,652.8499755859375,658.0,650.4000244140625,655.0,6410830
2025-08-07,641.1812133789062,646.5,651.7000122070312,635.5,650.0,13609913
2025-08-08,628.4865112304688,633.7000122070312,652.9500122070312,630.0,647.9500122070312,10144452
2025-08-11,648.37158203125,653.75,655.0,627.0999755859375,636.2000122070312,17275390
2025-08-12,648.7186889648438,654.0999755859375,660.9500122070312,650.7999877929688,651.0999755859375,11212223
2025-08-13,658.289306640625,663.75,667.0,656.6500244140625,657.2000122070312,7557556
2025-08-14,659.1322631835938,664.5999755859375,666.5499877929688,657.7000122070312,666.0,6250494
2025-08-18,670.4385375976562,676.0,685.0,672.9000244140625,677.0,14226172
2025-08-19,694.489013671875,700.25,703.3499755859375,673.0999755859375,676.75,19440384
2025-08-20,683.9265747070312,689.5999755859375,700.7999877929688,689.0,700.25,10050137
2025-08-21,679.76123046875,685.4000244140625,694.9500122070312,685.0,694.0,8432614
2025-08-22,674.703125,680.2999877929688,691.5,678.5999755859375,685.9000244140625,6429718
2025-08-25,681.149658203125,686.7999877929688,688.9000244140625,680.2999877929688,683.75,6429311
2025-08-26,676.0420532226562,681.6500244140625,686.9500122070312,678.2999877929688,686.7999877929688,7496633
2025-08-28,669.89306640625,675.4500122070312,680.9000244140625,667.7999877929688,679.9000244140625,9466045
2025-08-29,663.49609375,669.0,681.1500244140625,668.0,675.4500122070312,8201917
2025-09-01,684.4721069335938,690.1500244140625,691.5,670.5499877929688,671.2999877929688,7644947
2025-09-02,678.7694091796875,684.4000244140625,694.6500244140625,681.6500244140625,690.1500244140625,7854694
2025-09-03,686.3564453125,692.0499877929688,693.4500122070312,685.0,688.0,6094892
2025-09-04,681.8439331054688,687.5,706.3499755859375,685.7000122070312,705.9000244140625,13439418
2025-09-05,686.0093383789062,691.7000122070312,697.3499755859375,683.0999755859375,690.9000244140625,6692975
2025-09-08,713.5806274414062,719.5,722.0,694.0499877929688,695.0,20531027
2025-09-09,709.6631469726562,715.5499877929688,722.25,713.5,721.1500244140625,9409853
2025-09-10,703.2661743164062,709.0999755859375,720.0,702.7000122070312,717.6500244140625,10363493
2025-09-11,700.0429077148438,705.8499755859375,712.0,704.5499877929688,710.2000122070312,5530633
2025-09-12,709.3656005859375,715.25,718.9000244140625,707.3499755859375,708.0,8252416
2025-09-15,707.0349731445312,712.9000244140625,721.9500122070312,711.5499877929688,715.2999877929688,6007524
2025-09-16,707.382080078125,713.25,719.7000122070312,705.0,715.0,9765743
2025-09-17,713.2335205078125,719.1500244140625,722.9500122070312,714.2999877929688,715.0,11872451
2025-09-18,705.3489379882812,711.2000122070312,725.25,707.5999755859375,722.0,12199357
2025-09-19,701.6297607421875,707.4500122070312,713.5,704.9500122070312,713.5,12127319
2025-09-22,690.5219116210938,696.25,712.0,694.8499755859375,709.0,9688597
2025-09-23,695.5799560546875,701.3499755859375,707.7999877929688,697.0,701.7999877929688,11904667
2025-09-24,677.3313598632812,682.9500122070312,703.2999877929688,681.2999877929688,700.5,13252215
2025-09-25,658.8347778320312,664.2999877929688,675.0,655.2999877929688,669.9000244140625,24687611
2025-09-26,667.364013671875,672.9000244140625,680.3499755859375,662.3499755859375,666.0,15780434
2025-09-29,666.96728515625,672.5,685.0,670.0,684.0,13014474
2025-09-30,674.6039428710938,680.2000122070312,683.5,666.6500244140625,672.0,15001606
2025-10-01,712.4400634765625,718.3499755859375,720.0,679.2000122070312,681.0,30163206
2025-10-03,710.2085571289062,716.0999755859375,739.7000122070312,715.0,718.5,27786917
2025-10-06,706.7869873046875,712.6500244140625,718.5,703.9500122070312,718.0,10333314
2025-10-07,692.3070678710938,698.0499877929688,712.9000244140625,697.1500244140625,712.6500244140625,13099357
2025-10-08,675.94287109375,681.5499877929688,702.0,679.0,694.9000244140625,16568975
2025-10-09,675.4965209960938,681.0999755859375,685.0,668.7999877929688,684.5999755859375,16202851
2025-10-10,673.3642578125,678.9500122070312,688.5999755859375,666.9000244140625,684.7999877929688,16069904
2025-10-13,655.31396484375,660.75,679.4000244140625,658.0999755859375,679.0,33288645
2025-10-14,392.1966247558594,395.45001220703125,421.54998779296875,376.29998779296875,400.0,52267874
2025-10-15,387.63446044921875,390.8500061035156,403.0,388.0,403.0,26953559
2025-10-16,393.5354919433594,396.79998779296875,400.45001220703125,389.54998779296875,395.45001220703125,21983752
2025-10-17,393.337158203125,396.6000061035156,402.5,392.25,396.79998779296875,16564547
2025-10-20,396.46124267578125,399.75,403.3999938964844,396.6000061035156,400.04998779296875,10471672
2025-10-21,398.5439758300781,401.8500061035156,403.3999938964844,400.04998779296875,402.79998779296875,3449156
2025-10-23,402.51104736328125,405.8500061035156,408.8999938964844,403.6000061035156,407.5,14126009
2025-10-24,399.9820251464844,403.29998779296875,408.5,401.0,406.95001220703125,6311744
2025-10-27,406.6764831542969,410.04998779296875,411.3999938964844,403.6499938964844,404.0,10699376
2025-10-28,408.11456298828125,411.5,414.1499938964844,408.54998779296875,411.29998779296875,10332279
2025-10-29,407.9658203125,411.3500061035156,415.0,407.04998779296875,412.5,8485023
2025-10-30,409.0567626953125,412.45001220703125,419.0,408.1000061035156,412.70001220703125,8783965
2025-10-31,406.6269226074219,410.0,417.5,409.04998779296875,414.04998779296875,8012169
2025-11-03,413.5693054199219,417.0,417.8500061035156,410.1000061035156,414.0,8952229
2025-11-04,403.15570068359375,406.5,417.5,405.1000061035156,417.3999938964844,8889004
2025-11-06,404.4945983886719,407.8500061035156,409.70001220703125,405.3999938964844,407.1499938964844,6862359
2025-11-07,402.3623046875,405.70001220703125,407.20001220703125,401.45001220703125,406.70001220703125,6930046
2025-11-10,407.0732116699219,410.45001220703125,412.95001220703125,406.0,406.0,7913640
2025-11-11,404.2466735839844,407.6000061035156,413.70001220703125,402.6499938964844,412.54998779296875,8120946
2025-11-12,398.84149169921875,402.1499938964844,411.3999938964844,401.8999938964844,407.6000061035156,12940220
2025-11-13,394.6760559082031,397.95001220703125,404.0,397.3999938964844,404.0,13165727
2025-11-14,387.9815979003906,391.20001220703125,399.6000061035156,387.29998779296875,397.95001220703125,21834856
2025-11-17,369.6337890625,372.70001220703125,380.0,363.0,380.0,32393346
2025-11-18,368.2452697753906,371.29998779296875,374.0,369.1499938964844,373.1000061035156,17484757
2025-11-19,357.88128662109375,360.8500061035156,371.25,360.3500061035156,371.20001220703125,17854517
2025-11-20,356.83990478515625,359.79998779296875,364.3999938964844,359.25,362.0,15999034
2025-11-21,359.2697448730469,362.25,364.25,358.0,359.0,10829322
2025-11-24,355.35223388671875,358.29998779296875,362.8500061035156,356.79998779296875,362.5,12671925
2025-11-25,349.5503845214844,352.45001220703125,358.1000061035156,352.0,358.0,12577566
2025-11-26,356.29443359375,359.25,362.8500061035156,354.29998779296875,354.45001220703125,13130211
2025-11-27,354.8563537597656,357.79998779296875,362.79998779296875,356.45001220703125,362.0,8871759
2025-11-28,353.86456298828125,356.79998779296875,359.75,355.1000061035156,358.0,10905212
2025-12-01,360.8069763183594,363.79998779296875,365.0,358.70001220703125,359.0,12714139
2025-12-02,358.77386474609375,361.75,364.0,359.6000061035156,364.0,8576018
2025-12-03,353.9141845703125,356.8500061035156,361.70001220703125,354.1000061035156,361.70001220703125,9504331
2025-12-04,353.5174865722656,356.45001220703125,359.5,354.29998779296875,357.0,9173145
2025-12-05,350.69091796875,353.6000061035156,356.54998779296875,353.0,355.0,5667381
2025-12-08,345.43450927734375,348.29998779296875,356.20001220703125,345.79998779296875,353.95001220703125,7186158
2025-12-09,341.8641357421875,344.70001220703125,348.6499938964844,341.70001220703125,348.5,9143402
2025-12-10,340.5748291015625,343.3999938964844,347.5,341.95001220703125,347.0,8705054
2025-12-11,343.798095703125,346.6499938964844,348.20001220703125,341.3999938964844,343.3999938964844,6756893
2025-12-12,344.5915222167969,347.45001220703125,349.3500061035156,344.75,348.0,7241621
2025-12-15,344.2939758300781,347.1499938964844,348.75,343.04998779296875,347.45001220703125,8169383
2025-12-16,342.60797119140625,345.45001220703125,349.3500061035156,343.8999938964844,347.1499938964844,8391226
2025-12-17,343.5005798339844,346.3500061035156,350.0,345.3999938964844,346.45001220703125,7045390
2025-12-18,342.955078125,345.79998779296875,347.45001220703125,337.70001220703125,346.3500061035156,15417506
2025-12-19,349.74871826171875,352.6499938964844,354.79998779296875,347.0,347.3999938964844,74052760
2025-12-22,356.19525146484375,359.1499938964844,360.95001220703125,353.6000061035156,356.25,10798315
2025-12-23,360.26153564453125,363.25,366.75,357.6499938964844,361.0,11885576
2025-12-24,356.2448425292969,359.20001220703125,364.8999938964844,358.54998779296875,364.0,9212351
2025-12-26,355.8481140136719,358.79998779296875,360.3999938964844,354.70001220703125,359.20001220703125,8589856
2025-12-29,355.6497802734375,358.6000061035156,362.79998779296875,357.8500061035156,358.5,10050266
2025-12-30,358.77386474609375,361.75,363.95001220703125,358.45001220703125,358.6000061035156,13807060
2025-12-31,364.3277893066406,367.3500061035156,368.5,360.6499938964844,361.75,10439184
2026-01-01,364.526123046875,367.54998779296875,371.0,365.54998779296875,368.8500061035156,7214281
2026-01-02,367.3031311035156,370.3500061035156,372.8999938964844,368.54998779296875,369.20001220703125,7077536
2026-01-05,370.4767761230469,373.54998779296875,375.0,369.1000061035156,370.3500061035156,9591926
2026-01-06,365.8650207519531,368.8999938964844,371.5,360.0,371.5,17493345
2026-01-07,360.3607177734375,363.3500061035156,367.25,359.20001220703125,367.04998779296875,10682229
2026-01-08,356.4927978515625,359.45001220703125,365.3500061035156,358.0,363.29998779296875,7353203
2026-01-09,351.23638916015625,354.1499938964844,359.75,352.20001220703125,358.0,8018768
2026-01-12,347.6659851074219,350.54998779296875,354.1499938964844,347.6499938964844,352.95001220703125,9771562
2026-01-13,346.8725891113281,349.75,351.8999938964844,345.6000061035156,350.6499938964844,7527115
2026-01-14,346.92218017578125,349.79998779296875,354.0,347.1000061035156,349.0,6249594
2026-01-15,346.92218017578125,349.79998779296875,349.79998779296875,349.79998779296875,349.79998779296875,0
2026-01-16,350.69091796875,353.6000061035156,359.70001220703125,349.6499938964844,349.70001220703125,10735620
2026-01-19,341.1698913574219,344.0,353.6000061035156,338.3500061035156,353.6000061035156,14364958
2026-01-20,335.07049560546875,337.8500061035156,346.6000061035156,336.75,344.8500061035156,11541904
2026-01-21,336.458984375,339.25,343.70001220703125,335.95001220703125,336.0,9873473
2026-01-22,344.4427185058594,347.29998779296875,351.75,343.1000061035156,344.45001220703125,10714263
2026-01-23,341.6162109375,344.45001220703125,351.0,342.1499938964844,347.1000061035156,8354700
2026-01-27,337.7482604980469,340.54998779296875,345.0,335.8999938964844,340.0,12510469
2026-01-28,337.64910888671875,340.45001220703125,346.6000061035156,337.04998779296875,341.8999938964844,9425163
2026-01-29,348.90570068359375,351.79998779296875,352.6499938964844,335.6000061035156,340.5,13586977
2026-01-30,347.17010498046875,350.04998779296875,353.0,348.3999938964844,350.79998779296875,9910289
2026-02-02,359.9143981933594,362.8999938964844,364.5,341.1000061035156,344.6499938964844,19654613
2026-02-03,368.9891052246094,372.04998779296875,384.6000061035156,366.0,381.1499938964844,16720225
2026-02-04,372.3611755371094,375.45001220703125,377.6000061035156,368.45001220703125,372.5,10142353
2026-02-05,371.07183837890625,374.1499938964844,375.6000061035156,364.29998779296875,375.0,14013838
2026-02-06,366.4601135253906,369.5,381.79998779296875,361.0,365.0,23116970
2026-02-09,374.29510498046875,377.3999938964844,379.8999938964844,369.6000061035156,370.29998779296875,8800284
2026-02-10,376.22906494140625,379.3500061035156,382.5,376.75,378.0,8921719
2026-02-11,381.5350646972656,384.70001220703125,387.3500061035156,382.1000061035156,382.5,10933658
2026-02-12,380.29534912109375,383.45001220703125,386.8999938964844,380.1499938964844,385.0,8324442
2026-02-13,377.1216735839844,380.25,387.5,374.3999938964844,379.0,15565868
2026-02-16,374.1463317871094,377.25,379.6000061035156,375.1000061035156,378.29998779296875,5004467
2026-02-17,379.7002868652344,382.8500061035156,383.6000061035156,373.54998779296875,376.1000061035156,7843059
2026-02-18,379.7002868652344,382.8500061035156,385.5,379.0,382.8500061035156,4796850
2026-02-19,372.6091003417969,375.70001220703125,386.79998779296875,374.0,381.95001220703125,6910527
2026-02-20,374.8901672363281,378.0,379.70001220703125,374.5,375.70001220703125,6324165
2026-02-23,376.82415771484375,379.95001220703125,384.0,376.04998779296875,378.79998779296875,11701520
2026-02-24,374.4438781738281,377.54998779296875,380.29998779296875,371.6499938964844,376.8500061035156,7213746
2026-02-25,378.70849609375,381.8500061035156,385.6000061035156,376.1000061035156,378.0,7748663
2026-02-26,388.32867431640625,391.54998779296875,393.29998779296875,380.1000061035156,381.70001220703125,14697484
2026-02-27,379.5019226074219,382.6499938964844,394.04998779296875,380.95001220703125,393.6499938964844,15951041
2026-03-02,367.5510559082031,370.6000061035156,378.3999938964844,355.5,358.0,11804909
2026-03-04,348.3106689453125,351.20001220703125,363.8999938964844,350.1000061035156,363.1499938964844,17733124
2026-03-05,352.2281494140625,355.1499938964844,357.1499938964844,347.95001220703125,353.1000061035156,10574236
2026-03-06,347.8643493652344,350.75,354.3500061035156,349.3500061035156,354.0,6929668
2026-03-09,329.26861572265625,332.0,342.8999938964844,328.6499938964844,342.0,17240937
2026-03-10,342.36004638671875,345.20001220703125,345.79998779296875,334.25,338.0,13770080
2026-03-11,332.591064453125,335.3500061035156,347.0,334.6499938964844,344.79998779296875,5949596
2026-03-12,321.8799133300781,324.54998779296875,333.0,323.3500061035156,332.5,9707654
2026-03-13,311.5158996582031,314.1000061035156,324.1499938964844,308.5,323.0,17073811
2026-03-16,311.81341552734375,314.3999938964844,316.45001220703125,306.8999938964844,313.0,10394023
2026-03-17,316.5739440917969,319.20001220703125,321.0,313.0,315.0,7953108
2026-03-18,322.0782775878906,324.75,330.20001220703125,319.8999938964844,321.0,7533727
2026-03-19,306.75537109375,309.29998779296875,318.95001220703125,307.5,318.0,10146164
2026-03-20,311.5158996582031,314.1000061035156,316.8999938964844,310.79998779296875,311.0,13905760
2026-03-23,302.7386779785156,305.25,311.04998779296875,303.5,311.04998779296875,10816349
2026-03-24,308.6397399902344,311.20001220703125,314.20001220703125,305.5,312.95001220703125,8524890
2026-03-25,315.334228515625,317.95001220703125,322.25,314.6000061035156,316.0,7857557
2026-03-27,300.70556640625,303.20001220703125,312.8500061035156,301.04998779296875,312.5,19009638
2026-03-30,293.7631530761719,296.20001220703125,303.5,294.29998779296875,297.25,16410266
2026-04-01,300.4576416015625,302.95001220703125,310.0,302.04998779296875,310.0,8911554
2026-04-02,300.8047180175781,303.29998779296875,304.29998779296875,295.04998779296875,298.0,9098035
2026-04-06,304.8710021972656,307.3999938964844,308.1000061035156,299.8500061035156,303.29998779296875,6425909
2026-04-07,306.1603088378906,308.70001220703125,309.3500061035156,301.8500061035156,306.5,8543428
2026-04-08,331.9960021972656,334.75,337.0,318.95001220703125,321.0,20930060
2026-04-09,330.5083312988281,333.25,339.20001220703125,330.45001220703125,334.5,11110200
2026-04-10,339.78143310546875,342.6000061035156,343.79998779296875,335.0,336.6000061035156,10666149
2026-04-13,342.6575622558594,345.5,346.79998779296875,332.0,332.0,13113105
2026-04-15,354.9555358886719,357.8999938964844,362.1000061035156,349.25,352.04998779296875,12495093
2026-04-16,353.3686828613281,356.29998779296875,360.0,354.1000061035156,360.0,6871023
2026-04-17,357.137451171875,360.1000061035156,361.3500061035156,352.0,352.04998779296875,7314044
2026-04-20,352.7736511230469,355.70001220703125,359.79998779296875,352.5,357.29998779296875,7216605
2026-04-21,352.97198486328125,355.8999938964844,358.8999938964844,353.45001220703125,354.0,5922373
2026-04-22,358.873046875,361.8500061035156,367.95001220703125,353.3999938964844,355.45001220703125,14994313
2026-04-23,349.05450439453125,351.95001220703125,361.20001220703125,350.0,359.95001220703125,11374109
2026-04-24,347.6164245605469,350.5,355.8500061035156,347.5,353.6499938964844,5722477
2026-04-27,351.43475341796875,354.3500061035156,356.79998779296875,350.25,351.0,9713765
2026-04-28,347.9139404296875,350.79998779296875,356.0,349.3500061035156,354.3500061035156,7247106
2026-04-29,349.79833984375,352.70001220703125,363.6499938964844,351.0,351.0,10581537
2026-04-30,338.74005126953125,341.54998779296875,352.0,337.5,352.0,12670807
2026-05-01,338.74005126953125,341.54998779296875,341.54998779296875,341.54998779296875,341.54998779296875,0
2026-05-04,340.2276916503906,343.04998779296875,345.8999938964844,338.0,338.3999938964844,7734863
2026-05-05,337.3515625,340.1499938964844,344.0,339.0,341.8999938964844,6084755
2026-05-06,355.2034606933594,358.1499938964844,358.95001220703125,343.6499938964844,345.3500061035156,11036464
2026-05-07,356.29443359375,359.25,361.45001220703125,357.04998779296875,360.20001220703125,6975162
2026-05-08,352.52569580078125,355.45001220703125,357.45001220703125,353.70001220703125,356.0,4615800
2026-05-11,343.1534423828125,346.0,352.29998779296875,345.20001220703125,352.29998779296875,4283236
2026-05-12,334.0787353515625,336.8500061035156,345.70001220703125,336.0,343.8500061035156,5758949
2026-05-13,334.0787353515625,336.8500061035156,342.3999938964844,334.0,335.0,5692558
2026-05-14,335.96307373046875,338.75,340.6000061035156,333.6499938964844,340.04998779296875,7975089
2026-05-15,353.61663818359375,356.54998779296875,366.95001220703125,352.0,352.0,51689818
2026-05-18,350.2445983886719,353.1499938964844,358.25,351.1000061035156,354.79998779296875,10409685
2026-05-19,358.2283935546875,361.20001220703125,365.79998779296875,352.8999938964844,352.8999938964844,15119605
2026-05-20,358.2779846191406,361.25,365.0,356.1000061035156,358.6499938964844,9875276
2026-05-21,358.3771667480469,361.3500061035156,366.0,359.0,364.0,10834385
2026-05-22,360.3607177734375,363.3500061035156,365.6499938964844,361.75,364.5,6934910
2026-05-25,370.17926025390625,373.25,374.29998779296875,366.1499938964844,366.1499938964844,10356089
2026-05-26,382.4276428222656,385.6000061035156,387.29998779296875,371.79998779296875,373.75,21346890
2026-05-27,397.6513671875,400.95001220703125,404.0,383.70001220703125,385.79998779296875,16294686
2026-05-28,397.6513671875,400.95001220703125,400.95001220703125,400.95001220703125,400.95001220703125,0
2026-05-29,390.65936279296875,393.8999938964844,408.0,390.70001220703125,400.95001220703125,31210075
2026-06-01,381.7333984375,384.8999938964844,398.8500061035156,383.8500061035156,395.0,8626860
2026-06-02,386.98980712890625,390.20001220703125,391.8999938964844,377.29998779296875,379.6000061035156,12789321
2026-06-03,394.8743896484375,398.1499938964844,399.79998779296875,384.8500061035156,392.04998779296875,8638483
2026-06-04,396.4116516113281,399.70001220703125,401.20001220703125,391.0,396.20001220703125,12067304
2026-06-05,394.5272521972656,397.79998779296875,403.04998779296875,393.6000061035156,401.0,9554051
2026-06-08,385.7996826171875,389.0,392.8999938964844,387.0,392.0,7585986
2026-06-09,384.6095275878906,387.79998779296875,395.45001220703125,386.79998779296875,393.95001220703125,8550946
2026-06-10,377.8655090332031,381.0,388.79998779296875,380.0,388.0,7251442
2026-06-11,372.80743408203125,375.8999938964844,378.3999938964844,372.3500061035156,375.0,6508792
2026-06-12,386.79144287109375,390.0,392.95001220703125,379.0,380.25,7787586
2026-06-15,393.1387939453125,396.3999938964844,407.79998779296875,395.25,398.20001220703125,11097635
2026-06-16,390.3618469238281,393.6000061035156,398.6499938964844,387.54998779296875,398.29998779296875,6432360
2026-06-17,357.98046875,360.95001220703125,395.6000061035156,355.0,395.5,51987488
2026-06-18,361.6499938964844,364.6499938964844,366.25,359.1499938964844,363.8999938964844,22656468
2026-06-19,359.5,359.5,363.75,356.5,363.75,11928855
2026-06-22,361.5,361.5,370.5,360.0,362.0,15447905
2026-06-23,354.54998779296875,354.54998779296875,361.8999938964844,350.1000061035156,361.5,16257406
2026-06-24,349.70001220703125,349.70001220703125,356.79998779296875,348.0,355.0,12569135
2026-06-25,353.20001220703125,353.20001220703125,360.5,351.0,352.29998779296875,15424509
2026-06-26,353.20001220703125,353.20001220703125,353.20001220703125,353.20001220703125,353.20001220703125,0
2026-06-29,345.04998779296875,345.04998779296875,354.45001220703125,343.3999938964844,350.0,11882122
2026-06-30,352.20001220703125,352.20001220703125,356.3999938964844,343.29998779296875,348.0,17609242
2026-07-01,347.79998779296875,347.79998779296875,354.6000061035156,346.5,353.5,12059086
2026-07-02,345.95001220703125,345.95001220703125,351.25,345.0,351.1499938964844,10423984
2026-07-03,344.1000061035156,344.1000061035156,347.54998779296875,341.0,346.5,12651872
2026-07-06,347.04998779296875,347.04998779296875,348.6499938964844,341.6000061035156,345.5,4980867
2026-07-07,342.29998779296875,342.29998779296875,348.79998779296875,341.70001220703125,348.79998779296875,7428187
2026-07-08,332.04998779296875,332.04998779296875,341.3999938964844,330.75,340.95001220703125,10789766
2026-07-09,331.5,331.5,334.6000061035156,330.0,332.8999938964844,11549474
2026-07-10,337.95001220703125,337.95001220703125,340.25,333.6499938964844,334.54998779296875,19331002
2026-07-13,342.25,342.25,344.0,334.3999938964844,339.3500061035156,8402444
2026-07-14,333.3500061035156,333.3500061035156,340.75,332.54998779296875,340.04998779296875,8043834
2026-07-15,333.0,333.0,335.1000061035156,330.79998779296875,335.0,7144390
2026-07-16,331.79998779296875,331.79998779296875,339.20001220703125,331.29998779296875,334.6499938964844,8194443
2026-07-17,335.6000061035156,335.6000061035156,336.79998779296875,330.20001220703125,332.1000061035156,7785825
2026-07-20,336.45001220703125,336.45001220703125,337.6000061035156,332.45001220703125,335.5,7562963
2026-07-21,333.79998779296875,333.79998779296875,337.6499938964844,331.79998779296875,336.1000061035156,5847490
2026-07-22,327.70001220703125,327.70001220703125,334.6000061035156,327.1000061035156,333.79998779296875,8609616
2026-07-23,324.29998779296875,324.29998779296875,328.5,323.79998779296875,326.95001220703125,6985396
2026-07-24,323.79998779296875,323.79998779296875,325.75,318.25,321.0,7171058
2026-07-27,327.6499938964844,327.6499938964844,329.04998779296875,326.1000061035156,326.75,4777294
2026-07-28,324.3999938964844,324.3999938964844,327.3500061035156,322.79998779296875,327.0,6650930
2026-07-29,329.79998779296875,329.79998779296875,330.5,325.3500061035156,326.0,7220810
2026-07-30,334.20001220703125,334.20001220703125,335.0,328.04998779296875,328.20001220703125,6078600
2026-07-31,339.75,339.75,341.95001220703125,334.5,335.54998779296875,8527463
2026-08-03,349.29998779296875,349.29998779296875,350.45001220703125,343.5,344.5,12027810
2026-08-04,348.54998779296875,348.54998779296875,349.54998779296875,345.0,348.95001220703125,8003110
2026-08-05,349.79998779296875,349.79998779296875,353.20001220703125,346.3999938964844,349.0,7110154
2026-08-06,345.3500061035156,345.3500061035156,349.0,343.0,349.0,5218339
2026-08-07,347.0,347.0,349.79998779296875,343.6499938964844,345.0,4274035
2026-08-10,347.1000061035156,347.1000061035156,351.3999938964844,344.6000061035156,347.0,5233700
2026-08-11,347.6000061035156,347.6000061035156,348.70001220703125,344.25,345.5,4864857
2026-08-12,343.0,343.0,351.25,334.20001220703125,348.3999938964844,22384343
2026-08-13,349.6000061035156,349.6000061035156,351.54998779296875,342.45001220703125,343.5,9528820
2026-08-14,334.5,334.5,337.75,329.0,329.0,31933028
2026-08-17,330.20001220703125,330.20001220703125,334.20001220703125,329.04998779296875,334.0,7337847
2026-08-18,322.79998779296875,322.79998779296875,331.70001220703125,322.79998779296875,330.5,9865820
2026-08-19,321.29998779296875,321.29998779296875,324.0,320.20001220703125,323.8500061035156,5659002
2026-08-20,320.25,320.25,324.54998779296875,318.45001220703125,323.3999938964844,10475953
2026-08-21,317.8999938964844,317.8999938964844,322.3999938964844,316.8999938964844,321.5,10824328
2026-08-24,314.3999938964844,314.3999938964844,319.6499938964844,312.6000061035156,318.79998779296875,8545165
2026-08-25,314.25,314.25,314.8999938964844,310.54998779296875,314.8999938964844,10984458
2026-08-26,313.1000061035156,313.1000061035156,316.3999938964844,313.1000061035156,316.0,5791487
