Price,Adj Close,Close,High,Low,Open,Volume
Ticker,WIPRO.NS,WIPRO.NS,WIPRO.NS,WIPRO.NS,WIPRO.NS,WIPRO.NS
Date,,,,,,
2010-01-04,63.20864486694336,78.05250549316406,78.41250610351562,76.04438018798828,77.0625,6819252
2010-01-05,64.20626068115234,79.28437805175781,79.6500015258789,78.02437591552734,78.33375549316406,9959403
2010-01-06,62.907997131347656,77.6812515258789,79.875,77.28750610351562,79.42500305175781,9150061
2010-01-07,61.79193878173828,76.30313110351562,78.2437515258789,75.9375,78.1875,9165297
2010-01-08,60.86268615722656,75.15562438964844,76.5,74.92500305175781,76.38750457763672,5713679
2010-01-11,60.256832122802734,74.40750122070312,76.6237564086914,73.828125,75.03750610351562,11355777
2010-01-12,63.20864486694336,78.05250549316406,79.17750549316406,75.60000610351562,75.60000610351562,20789812
2010-01-13,65.1947250366211,80.5050048828125,81.00000762939453,77.45063018798828,78.40687561035156,22567181
2010-01-14,67.5179214477539,83.3737564086914,84.67875671386719,79.67250061035156,80.97750091552734,38960389
2010-01-15,67.0441665649414,82.78875732421875,83.99250030517578,81.22500610351562,81.3375015258789,29355509
2010-01-18,68.10099029541016,84.09375762939453,84.51000213623047,82.1362533569336,82.68750762939453,15998674
2010-01-19,67.32202911376953,83.13188171386719,85.03312683105469,82.1362533569336,85.03312683105469,8197119
2010-01-20,66.19232177734375,81.73687744140625,84.37500762939453,81.17437744140625,84.37500762939453,20839012
2010-01-21,64.63442993164062,79.81312561035156,83.13750457763672,79.4362564086914,81.9000015258789,17143625
2010-01-22,63.77804946899414,78.75563049316406,80.43750762939453,78.24937438964844,78.75,15268319
2010-01-25,63.32706069946289,78.1987533569336,79.20000457763672,77.15250396728516,78.1875,7986515
2010-01-27,59.71021270751953,73.73250579833984,77.64750671386719,73.15312957763672,77.625,16430416
2010-01-28,61.35464859008789,75.76313018798828,77.49000549316406,73.7437515258789,75.82500457763672,13614123
2010-01-29,59.03147888183594,72.89437866210938,74.92500305175781,71.04375457763672,74.8125,19649012
2010-02-01,60.885459899902344,75.18375396728516,75.90375518798828,71.2237548828125,72.421875,10881732
2010-02-02,59.509761810302734,73.48500061035156,78.07500457763672,73.23750305175781,77.4000015258789,8321955
2010-02-03,61.19065475463867,75.56063079833984,75.81375122070312,73.4625015258789,73.6987533569336,6842337
2010-02-04,59.69198226928711,73.71000671386719,75.54375457763672,73.23750305175781,74.92500305175781,6571679
2010-02-05,58.67616271972656,72.45562744140625,73.58062744140625,71.4487533569336,71.4487533569336,12625057
2010-02-08,57.96097946166992,71.57250213623047,73.125,70.89187622070312,72.39375305175781,9483101
2010-02-09,59.60999298095703,73.60874938964844,74.05875396728516,71.10000610351562,71.10000610351562,8888212
2010-02-10,59.00871276855469,72.86625671386719,74.70000457763672,72.4893798828125,74.25,6836790
2010-02-11,59.737545013427734,73.76625061035156,74.50312805175781,73.125,73.50187683105469,4258168
2010-02-15,60.12017822265625,74.23875427246094,74.92500305175781,73.57500457763672,73.57500457763672,5581430
2010-02-16,61.0357780456543,75.36937713623047,75.4312515258789,73.6031265258789,74.36250305175781,5691173
2010-02-17,61.16788101196289,75.53250122070312,76.5,74.48062896728516,76.5,7391341
2010-02-18,60.84902572631836,75.13875579833984,76.16250610351562,74.71125030517578,75.9375,4323768
2010-02-19,60.65769577026367,74.90250396728516,75.65625,74.0250015258789,74.47500610351562,12808008
2010-02-22,60.871803283691406,75.16687774658203,76.5562515258789,74.83500671386719,75.03750610351562,3946053
2010-02-23,61.61884689331055,76.0893783569336,76.41000366210938,74.36250305175781,75.02625274658203,4919981
2010-02-24,61.24077224731445,75.62250518798828,76.60688018798828,75.234375,76.2750015258789,7261652
2010-02-25,60.98568344116211,75.30750274658203,76.72500610351562,74.82937622070312,76.16250610351562,8538986
2010-02-26,61.723628997802734,76.21875,77.4112548828125,74.8125,75.4987564086914,6495706
2010-03-02,63.88736343383789,78.890625,79.0875015258789,75.9375,75.9375,9523919
2010-03-03,63.636817932128906,78.58125305175781,79.6500015258789,77.8893814086914,79.3125,7529697
2010-03-04,63.20409393310547,78.046875,78.82875061035156,77.56875610351562,78.46875,8337839
2010-03-05,62.484352111816406,77.15812683105469,78.86250305175781,76.84312438964844,78.1875,5753786
2010-03-08,63.5639533996582,78.49125671386719,79.27312469482422,77.15812683105469,77.28750610351562,7363617
2010-03-09,63.96024703979492,78.98062896728516,80.15625762939453,78.75,78.97500610351562,6597235
2010-03-10,63.43640899658203,78.33375549316406,79.63875579833984,78.0300064086914,78.97500610351562,4676328
2010-03-11,64.62986755371094,79.80750274658203,80.32500457763672,78.63750457763672,78.97500610351562,10017466
2010-03-12,64.68907928466797,79.88063049316406,80.65125274658203,79.58250427246094,80.41500091552734,8515528
2010-03-15,66.38363647460938,81.97312927246094,82.23750305175781,79.6500015258789,80.43750762939453,11911234
2010-03-16,66.29711151123047,81.86625671386719,82.69313049316406,81.25312805175781,82.23750305175781,6906915
2010-03-17,67.33567810058594,83.14875030517578,83.47500610351562,82.11375427246094,82.57500457763672,6027573
2010-03-18,66.41098022460938,82.00688171386719,84.37500762939453,81.47250366210938,83.81250762939453,4858968
2010-03-19,66.18777465820312,81.73125457763672,82.8112564086914,81.46125030517578,82.33875274658203,4731057
2010-03-22,66.32440948486328,81.9000015258789,82.60875701904297,80.43750762939453,80.96625518798828,4472853
2010-03-23,65.61835479736328,81.02812957763672,82.67625427246094,80.79187774658203,81.00000762939453,5315893
2010-03-25,65.51815795898438,80.90438079833984,81.56250762939453,79.875,80.43750762939453,9379768
2010-03-26,65.36781311035156,80.71875762939453,82.02938079833984,80.12812805175781,81.67500305175781,5355804
2010-03-29,65.1947250366211,80.5050048828125,81.3375015258789,79.81875610351562,80.7750015258789,5849466
2010-03-30,63.91926956176758,78.93000030517578,80.88750457763672,78.22687530517578,79.875,14737465
2010-03-31,64.40666198730469,79.53187561035156,79.86375427246094,78.68250274658203,78.97500610351562,15829785
2010-04-01,65.71857452392578,81.1518783569336,81.6187515258789,79.6500015258789,79.98750305175781,5714577
2010-04-05,65.7914810180664,81.24188232421875,81.76500701904297,80.21813201904297,81.3375015258789,3468799
2010-04-06,65.15827178955078,80.46000671386719,81.67500305175781,79.91437530517578,81.56250762939453,4106639
2010-04-07,65.1172866821289,80.40937805175781,81.00000762939453,79.53750610351562,81.00000762939453,7111706
2010-04-08,65.29949951171875,80.6343765258789,81.55125427246094,79.875,80.43750762939453,5580835
2010-04-09,64.73463439941406,79.93687438964844,81.23062896728516,79.67250061035156,80.7750015258789,9105875
2010-04-12,63.93291091918945,78.9468765258789,80.43750762939453,78.27750396728516,80.43750762939453,5442399
2010-04-13,65.57280731201172,80.97187805175781,81.39375305175781,78.75,78.97500610351562,12863270
2010-04-15,65.7914810180664,81.24188232421875,82.62000274658203,80.84812927246094,81.19125366210938,11608248
2010-04-16,65.78691101074219,81.23625183105469,81.65812683105469,80.7750015258789,81.24188232421875,4142533
2010-04-19,64.14701080322266,79.21125030517578,80.98875427246094,78.8737564086914,80.66250610351562,4150933
2010-04-20,63.37716293334961,78.26062774658203,80.37000274658203,77.8893814086914,79.53750610351562,8713128
2010-04-21,64.22899627685547,79.3125,79.6050033569336,77.4112548828125,78.69375610351562,6454364
2010-04-22,64.1606674194336,79.2281265258789,80.42625427246094,78.47438049316406,79.07625579833984,5497048
2010-04-23,63.03553771972656,77.83875274658203,82.06875610351562,77.6362533569336,80.46562957763672,43050264
2010-04-26,63.691505432128906,78.64875030517578,79.25625610351562,77.99625396728516,78.1875,8264835
2010-04-27,63.62773132324219,78.56999969482422,79.3125,78.13125610351562,79.3125,7863981
2010-04-28,62.93532180786133,77.71500396728516,78.1875,77.28750610351562,78.07500457763672,15492950
2010-04-29,62.848793029785156,77.6081314086914,77.9625015258789,76.74187469482422,77.9625015258789,11541003
2010-04-30,61.176998138427734,75.54375457763672,78.27188110351562,75.375,78.1875,16536416
2010-05-03,61.463985443115234,75.89812469482422,76.359375,74.25,75.25125122070312,8842506
2010-05-04,60.12929153442383,74.25,76.65750122070312,73.95750427246094,76.65750122070312,4558746
2010-05-05,61.16788101196289,75.53250122070312,75.9375,72.83250427246094,73.6875,6147413
2010-05-06,60.07917404174805,74.18812561035156,77.0625,73.6875,75.48750305175781,5540888
2010-05-07,58.09764862060547,71.74125671386719,73.6875,70.98750305175781,73.125,9433643
2010-05-10,61.249881744384766,75.63375091552734,76.21875,72.01687622070312,73.01250457763672,12222914
2010-05-11,60.86268615722656,75.15562438964844,76.05000305175781,73.94062805175781,76.05000305175781,5592115
2010-05-12,62.03337097167969,76.60124969482422,76.87687683105469,74.953125,75.68437957763672,9876026
2010-05-13,61.340999603271484,75.74625396728516,77.92875671386719,75.29624938964844,77.38875579833984,9896017
2010-05-14,60.71236038208008,74.97000122070312,76.5,74.14875030517578,76.36500549316406,6250355
2010-05-17,58.803714752197266,72.61312866210938,74.25,71.66250610351562,73.35000610351562,12769572
2010-05-18,60.115631103515625,74.2331314086914,74.89125061035156,72.12937927246094,72.67500305175781,9031670
2010-05-19,59.19089889526367,73.09125518798828,73.6875,71.88750457763672,73.57500457763672,9592763
2010-05-20,59.591758728027344,73.58625030517578,74.56500244140625,72.45000457763672,73.14750671386719,15070843
2010-05-21,58.46207809448242,72.19125366210938,72.92250061035156,70.47000122070312,72.16875457763672,12193812
2010-05-24,59.03147888183594,72.89437866210938,73.71000671386719,71.60625457763672,73.35000610351562,5843608
2010-05-25,57.72867202758789,71.28562927246094,72.6187515258789,70.6500015258789,72.6187515258789,4875235
2010-05-26,59.236454010009766,73.14750671386719,73.4625015258789,71.63999938964844,71.79750061035156,6677590
2010-05-27,59.896968841552734,73.96312713623047,74.77875518798828,72.45000457763672,73.14750671386719,11863688
2010-05-28,60.47549057006836,74.67750549316406,74.92500305175781,73.71000671386719,74.8125,4980550
2010-05-31,61.008453369140625,75.33562469482422,76.0612564086914,73.96875,74.90250396728516,5011564
2010-06-01,59.974395751953125,74.05875396728516,75.90375518798828,73.6875,75.81375122070312,3667279
2010-06-02,59.21369171142578,73.11937713623047,74.8687515258789,72.78750610351562,74.25,6429795
2010-06-03,59.728424072265625,73.7550048828125,74.67750549316406,73.51313018798828,73.80000305175781,5393164
2010-06-04,59.714752197265625,73.73812866210938,74.12625122070312,73.26000213623047,73.6987533569336,2466035
2010-06-07,59.46876525878906,73.43437957763672,74.23875427246094,69.95249938964844,69.95249938964844,13229866
2010-06-08,58.52128601074219,72.2643814086914,74.13750457763672,72.0562515258789,73.6875,8246719
2010-06-09,57.33235549926758,70.79624938964844,72.67500305175781,70.53750610351562,72.55125427246094,11836390
2010-06-10,58.53950500488281,72.28688049316406,72.5625,70.3125,70.6500015258789,7566959
2010-06-11,58.981361389160156,72.83250427246094,73.56938171386719,72.5737533569336,73.125,7746195
2010-06-14,61.4229850769043,75.84750366210938,76.03874969482422,72.83250427246094,73.13063049316406,12259972
2010-06-15,62.5383186340332,76.53752136230469,79.20001983642578,75.76876831054688,79.20001983642578,7340451
2010-06-16,62.63022994995117,76.65001678466797,77.76564025878906,75.95626831054688,76.97814178466797,4167316
2010-06-17,63.33498764038086,77.51251983642578,77.98126983642578,75.60002136230469,76.80001831054688,5071705
2010-06-18,62.7528076171875,76.80001831054688,79.12501525878906,76.32189178466797,77.81251525878906,5824771
2010-06-21,63.649051666259766,77.89689636230469,78.37501525878906,76.89376831054688,77.25001525878906,4416473
2010-06-22,62.26254653930664,76.20001983642578,77.89689636230469,74.91564178466797,77.89689636230469,4767118
2010-06-23,62.025089263916016,75.90939331054688,76.68751525878906,75.06564331054688,76.12501525878906,6583246
2010-06-24,61.62675857543945,75.42189025878906,76.39689636230469,74.81251525878906,76.00314331054688,13296236
2010-06-25,59.64275360107422,72.99376678466797,75.93751525878906,72.56251525878906,75.93751525878906,9389117
2010-06-28,60.470062255859375,74.00627136230469,74.43751525878906,73.12501525878906,73.12501525878906,4882324
2010-06-29,59.696388244628906,73.05939483642578,74.60626983642578,72.53439331054688,74.08126831054688,5470979
2010-06-30,58.907371520996094,72.09376525878906,72.68439483642578,71.25001525878906,71.25001525878906,7927875
2010-07-01,57.474910736083984,70.34064483642578,72.00001525878906,69.76876831054688,72.00001525878906,6879747
2010-07-02,59.075904846191406,72.30001831054688,72.75001525878906,69.85314178466797,70.52814483642578,10941863
2010-07-05,59.75764083862305,73.13439178466797,73.38751983642578,71.96251678466797,72.37501525878906,3988831
2010-07-06,60.87604904174805,74.50314331054688,74.71876525878906,72.00001525878906,73.12501525878906,7622355
2010-07-07,60.25556564331055,73.74376678466797,74.75627136230469,73.12501525878906,74.62501525878906,3743444
2010-07-08,60.577293395996094,74.13751983642578,75.35626983642578,73.92189025878906,74.62501525878906,5022585
2010-07-09,61.465904235839844,75.22502136230469,75.49689483642578,74.33439636230469,74.62501525878906,5154601
2010-07-12,62.783447265625,76.83751678466797,77.25001525878906,75.33751678466797,75.56251525878906,6675112
2010-07-13,61.8871955871582,75.74064636230469,78.12189483642578,75.00939178466797,77.06251525878906,10933709
2010-07-14,61.151824951171875,74.84064483642578,76.68751525878906,74.06251525878906,75.93751525878906,5392611
2010-07-15,61.58845901489258,75.37501525878906,75.70314025878906,74.44689178466797,74.62501525878906,4326585
2010-07-16,61.62675857543945,75.42189025878906,76.87501525878906,74.64376831054688,75.56251525878906,6472014
2010-07-19,61.93317413330078,75.79689025878906,76.10626983642578,74.37189483642578,75.46876525878906,5917246
2010-07-20,62.50768280029297,76.50001525878906,76.78126525878906,75.58126831054688,75.93751525878906,5736878
2010-07-21,63.58778762817383,77.82189178466797,78.15939331054688,76.55626678466797,76.87501525878906,5904078
2010-07-22,63.64140319824219,77.88751983642578,78.71251678466797,77.09064483642578,78.18751525878906,5981763
2010-07-23,63.1894416809082,77.33439636230469,80.70939636230469,76.97814178466797,78.19689178466797,24232335
2010-07-26,63.3426513671875,77.52189636230469,78.39376831054688,77.18439483642578,77.83126831054688,6065043
2010-07-27,64.0473861694336,78.38439178466797,78.65626525878906,77.75627136230469,77.80314636230469,5463737
2010-07-28,63.549468994140625,77.77501678466797,78.91876983642578,77.41876983642578,78.56251525878906,2736057
2010-07-29,63.83292007446289,78.12189483642578,78.46876525878906,77.26876831054688,77.81251525878906,4504660
2010-07-30,63.16646957397461,77.30626678466797,78.18751525878906,76.59376525878906,77.81251525878906,4212244
2010-08-02,63.38861846923828,77.57814025878906,78.56251525878906,76.75314331054688,77.81251525878906,5558206
2010-08-03,63.11284637451172,77.24064636230469,78.41252136230469,77.06251525878906,78.18751525878906,2463828
2010-08-04,65.6943588256836,80.40001678466797,80.7187728881836,77.31564331054688,77.43751525878906,12225868
2010-08-05,66.0620346069336,80.85002136230469,81.55314636230469,79.79064178466797,80.3906478881836,8882040
2010-08-06,66.33014678955078,81.17814636230469,82.42501831054688,80.5312728881836,80.5781478881836,10607080
2010-08-09,66.9429702758789,81.92814636230469,82.2187728881836,80.2500228881836,81.1875228881836,7370478
2010-08-10,65.5411605834961,80.21251678466797,81.8437728881836,79.98751831054688,81.59064483642578,7296899
2010-08-11,64.18528747558594,78.55314636230469,81.1875228881836,78.20626831054688,81.1875228881836,4191401
2010-08-12,63.06689453125,77.18439483642578,78.34689331054688,76.37814331054688,78.34689331054688,6071385
2010-08-13,63.58013153076172,77.81251525878906,79.10626983642578,77.35314178466797,77.46564483642578,3902607
2010-08-16,63.44988250732422,77.65314483642578,78.56251525878906,76.87501525878906,77.47502136230469,4157657
2010-08-17,63.0975227355957,77.22189331054688,78.46876525878906,76.88439178466797,77.62501525878906,6562883
2010-08-18,64.43807220458984,78.86251831054688,79.40626525878906,77.36251831054688,77.48439025878906,4301193
2010-08-19,64.27721405029297,78.66564178466797,79.59376525878906,78.00939178466797,79.12501525878906,3844655
2010-08-20,63.074546813964844,77.19377136230469,78.69377136230469,77.06251525878906,78.69377136230469,3000276
2010-08-23,63.266048431396484,77.42814636230469,77.94377136230469,77.20314025878906,77.62501525878906,2625103
2010-08-24,62.523014068603516,76.51876831054688,77.88751983642578,76.31251525878906,77.43751525878906,3821209
2010-08-25,61.21309280395508,74.91564178466797,76.50001525878906,74.52189636230469,76.50001525878906,4489438
2010-08-26,61.25141906738281,74.96251678466797,75.90001678466797,74.51251983642578,75.18751525878906,7083288
2010-08-27,60.81477355957031,74.42814636230469,75.00001525878906,73.85626983642578,75.00001525878906,3358121
2010-08-30,60.97563934326172,74.62501525878906,76.25627136230469,73.69689178466797,74.65314483642578,5318942
2010-08-31,61.32033920288086,75.04689025878906,75.37501525878906,73.75314331054688,74.55001831054688,5464222
2010-09-01,61.825923919677734,75.66564178466797,75.84376525878906,74.74689483642578,75.04689025878906,10371266
2010-09-02,61.81060028076172,75.64689636230469,76.47189331054688,75.22502136230469,76.31251525878906,3506420
2010-09-03,61.48120880126953,75.24376678466797,76.35002136230469,74.67189025878906,76.35002136230469,3712756
2010-09-06,62.08637237548828,75.98439025878906,76.45314025878906,75.25314331054688,75.37501525878906,5971502
2010-09-07,62.54597091674805,76.54689025878906,76.80939483642578,75.59064483642578,76.30314636230469,8435880
2010-09-08,62.89834976196289,76.97814178466797,77.93439483642578,75.65626525878906,76.46251678466797,7231246
2010-09-09,62.50768280029297,76.50001525878906,77.54064178466797,76.07814025878906,77.06251525878906,5541593
2010-09-13,61.77229690551758,75.60002136230469,77.25001525878906,75.11251831054688,76.87501525878906,7995166
2010-09-14,64.02442932128906,78.35626983642578,78.69377136230469,75.71251678466797,75.93751525878906,8415224
2010-09-15,65.5794448852539,80.25939178466797,80.54064178466797,78.48751831054688,78.56251525878906,10421976
2010-09-16,64.87470245361328,79.39689636230469,80.98126983642578,79.05001831054688,80.4375228881836,8198365
2010-09-17,64.38442993164062,78.79689025878906,80.7656478881836,78.39376831054688,79.68751525878906,4966414
2010-09-20,64.39976501464844,78.81564331054688,79.87501525878906,78.31877136230469,79.12501525878906,5185982
2010-09-21,66.69019317626953,81.61876678466797,82.01251983642578,79.12501525878906,79.12501525878906,13331138
2010-09-22,67.35662841796875,82.43439483642578,83.40001678466797,80.7187728881836,81.7500228881836,13427612
2010-09-23,67.8928451538086,83.09064483642578,83.4375228881836,81.1875228881836,82.4062728881836,9072979
2010-09-24,68.49031829833984,83.82189178466797,84.3750228881836,82.18126678466797,83.2500228881836,7818264
2010-09-27,68.11498260498047,83.36251831054688,84.7500228881836,83.05314636230469,84.0562744140625,5430691
2010-09-28,67.64006805419922,82.7812728881836,84.3750228881836,82.1250228881836,83.36251831054688,5180590
2010-09-29,67.77027130126953,82.94064331054688,84.41252136230469,82.0312728881836,82.7812728881836,5951027
2010-09-30,68.8580322265625,84.27189636230469,85.20001983642578,82.15314483642578,83.4375228881836,8755704
2010-10-01,70.73481750488281,86.56877136230469,86.80314636230469,83.6250228881836,84.0000228881836,10721266
2010-10-04,71.13313293457031,87.0562744140625,88.5000228881836,86.4468994140625,87.0000228881836,7974280
2010-10-05,70.64289855957031,86.45626831054688,87.6562728881836,86.1656494140625,86.87814331054688,4162905
2010-10-06,71.22508239746094,87.16876983642578,88.11564636230469,86.4843978881836,87.0000228881836,2711508
2010-10-07,70.1219711303711,85.81877136230469,87.3750228881836,85.57501983642578,87.1875228881836,4297214
2010-10-08,70.85737609863281,86.7187728881836,87.7500228881836,85.1250228881836,86.0718994140625,5346601
2010-10-11,71.0335464477539,86.93439483642578,87.87189483642578,86.17501831054688,86.36251831054688,2593034
2010-10-12,71.0029067993164,86.89689636230469,88.5000228881836,86.26876831054688,87.3750228881836,7484835
2010-10-13,74.05933380126953,90.63751983642578,91.30314636230469,86.6250228881836,86.6250228881836,14037009
2010-10-14,75.13943481445312,91.95939636230469,93.7500228881836,90.62814331054688,91.5000228881836,12882471
2010-10-15,72.53495025634766,88.77189636230469,93.7031478881836,88.14376831054688,92.2500228881836,10849474
2010-10-18,71.67700958251953,87.72189331054688,89.0625228881836,86.4843978881836,88.70626831054688,13823751
2010-10-19,71.16378021240234,87.0937728881836,89.42814636230469,86.4375228881836,88.3125228881836,5106030
2010-10-20,71.08717346191406,87.0000228881836,88.5937728881836,86.2500228881836,86.4375228881836,4063988
2010-10-21,72.02938842773438,88.15314483642578,88.56564331054688,86.2500228881836,87.7500228881836,5074046
2010-10-22,68.77376556396484,84.16876983642578,86.94377136230469,83.27814483642578,86.94377136230469,20607248
2010-10-25,65.93181610107422,80.69064331054688,84.3750228881836,79.80939483642578,83.7187728881836,24662905
2010-10-26,65.9394760131836,80.70001983642578,82.2656478881836,79.81877136230469,79.88439178466797,25952046
2010-10-27,65.99309539794922,80.7656478881836,82.02189636230469,79.95001983642578,81.1875228881836,6545438
2010-10-28,65.4262466430664,80.07189178466797,81.7500228881836,79.03126525878906,81.5625228881836,17954598
2010-10-29,64.307861328125,78.70314025878906,80.6250228881836,77.81251525878906,80.5312728881836,5174238
2010-11-01,64.91300964355469,79.44377136230469,80.2500228881836,79.13439178466797,80.2500228881836,5253145
2010-11-02,66.46804809570312,81.34689331054688,81.86251831054688,79.21876525878906,79.69689178466797,7691032
2010-11-03,66.5982666015625,81.50627136230469,82.20939636230469,80.9062728881836,81.77814483642578,5501961
2010-11-04,66.91232299804688,81.8906478881836,82.5000228881836,81.5625228881836,82.3125228881836,3697295
2010-11-08,66.0620346069336,80.85002136230469,82.7812728881836,80.6250228881836,82.7812728881836,3652468
2010-11-09,66.13097381591797,80.93439483642578,81.88127136230469,79.92189025878906,81.13127136230469,4901358
2010-11-10,66.88169860839844,81.85314178466797,82.3125228881836,81.0000228881836,81.5625228881836,5237801
2010-11-11,65.67135620117188,80.37189483642578,82.29376983642578,80.17501831054688,81.7500228881836,1795396
2010-11-12,65.14280700683594,79.72502136230469,81.0000228881836,79.14376831054688,81.0000228881836,3225892
2010-11-15,66.36845397949219,81.22502136230469,81.97502136230469,78.57189178466797,79.22814178466797,5424713
2010-11-16,64.6142578125,79.07814025878906,81.71251678466797,78.20626831054688,81.71251678466797,5591379
2010-11-18,64.10102844238281,78.45001983642578,80.23126983642578,77.85939025878906,80.23126983642578,6091294
2010-11-19,61.41227722167969,75.15939331054688,78.93751525878906,74.53126525878906,78.93751525878906,5943950
2010-11-22,64.08570098876953,78.43126678466797,78.75001525878906,75.15939331054688,75.93751525878906,11306370
2010-11-23,63.8941764831543,78.19689178466797,79.12501525878906,76.40626525878906,78.18751525878906,8733624
2010-11-24,62.76814270019531,76.81877136230469,78.37501525878906,76.14376831054688,78.37501525878906,3495593
2010-11-25,62.23958206176758,76.17189025878906,78.93751525878906,74.83126831054688,76.96876525878906,10500392
2010-11-26,62.43108367919922,76.40626525878906,77.25001525878906,74.71876525878906,76.31251525878906,6194025
2010-11-29,64.00144958496094,78.32814025878906,78.93751525878906,76.50001525878906,77.02501678466797,6019667
2010-11-30,64.28486633300781,78.67501831054688,79.63127136230469,77.29689025878906,78.18751525878906,10995133
2010-12-01,63.534156799316406,77.75627136230469,79.07814025878906,77.27814483642578,78.93751525878906,9370450
2010-12-02,65.27305603027344,79.88439178466797,80.88751983642578,78.32814025878906,78.93751525878906,16088726
2010-12-03,65.51051330566406,80.17501831054688,81.31877136230469,79.50001525878906,79.68751525878906,8699923
2010-12-06,65.977783203125,80.74689483642578,81.86251831054688,80.41876983642578,80.6250228881836,7267358
2010-12-07,66.63655853271484,81.55314636230469,81.9375228881836,80.99064636230469,81.0000228881836,4539321
2010-12-08,66.69019317626953,81.61876678466797,82.49064636230469,81.0000228881836,81.88127136230469,7733891
2010-12-09,66.96595764160156,81.95626831054688,82.84689331054688,80.8125228881836,81.5625228881836,8175773
2010-12-10,69.08786010742188,84.55314636230469,85.10626983642578,81.19689178466797,81.9375228881836,11792871
2010-12-13,68.65886688232422,84.02814483642578,84.9375228881836,82.14376831054688,84.9375228881836,9045661
2010-12-14,69.61639404296875,85.20001983642578,85.62189483642578,83.41876983642578,84.35626983642578,9084200
2010-12-15,70.22921752929688,85.95001983642578,86.1562728881836,84.5625228881836,84.76876831054688,7994008
2010-12-16,72.01406860351562,88.1343994140625,89.1562728881836,85.71564483642578,86.00627136230469,17228187
2010-12-20,73.17074584960938,89.55001831054688,90.0000228881836,86.7656478881836,87.20626831054688,12656940
2010-12-21,74.38107299804688,91.0312728881836,92.7750244140625,89.8593978881836,90.0000228881836,21289280
2010-12-22,73.12480926513672,89.4937744140625,90.90939331054688,88.84689331054688,90.3750228881836,5792819
2010-12-23,73.46185302734375,89.9062728881836,91.25627136230469,89.3906478881836,90.3750228881836,6989907
2010-12-24,74.06702423095703,90.64689636230469,91.20939636230469,88.1250228881836,88.1250228881836,6555289
2010-12-27,74.31977844238281,90.95626831054688,91.25627136230469,90.01876831054688,90.01876831054688,4971028
2010-12-28,75.27732849121094,92.1281509399414,93.0468978881836,90.9375228881836,90.9375228881836,8527896
2010-12-29,74.84071350097656,91.5937728881836,92.2687759399414,91.1343994140625,92.0625228881836,3453263
2010-12-30,75.06283569335938,91.86564636230469,92.8125228881836,91.02189636230469,91.8750228881836,14624849
2010-12-31,75.26201629638672,92.1093978881836,92.55939483642578,91.1250228881836,91.5093994140625,4222105
2011-01-03,74.00572967529297,90.5718994140625,93.1500244140625,90.4312744140625,93.1500244140625,5221252
2011-01-04,74.2508544921875,90.87189483642578,91.85626983642578,90.58126831054688,90.76876831054688,7757976
2011-01-05,74.40406036376953,91.05939483642578,92.0250244140625,90.1875228881836,90.4781494140625,7435688
2011-01-06,74.51129913330078,91.19064331054688,91.86564636230469,89.47502136230469,90.81564331054688,6291630
2011-01-07,73.07117462158203,89.42814636230469,92.27814483642578,88.7343978881836,91.14376831054688,7085731
2011-01-10,71.17909240722656,87.11251831054688,89.23126983642578,86.38127136230469,89.0250244140625,8796179
2011-01-11,71.61573028564453,87.64689636230469,89.0625228881836,85.3593978881836,86.47502136230469,8810136
2011-01-12,71.6540298461914,87.69377136230469,88.62189483642578,85.6875228881836,88.62189483642578,6521395
2011-01-13,69.48616790771484,85.0406494140625,88.91252136230469,83.86876678466797,86.5312728881836,12213692
2011-01-14,70.94927978515625,86.83126831054688,87.7500228881836,84.6093978881836,84.6093978881836,10551720
2011-01-17,71.50848388671875,87.5156478881836,88.6875228881836,85.6031494140625,86.26876831054688,6262739
2011-01-18,73.3163070678711,89.7281494140625,90.7500228881836,88.35002136230469,88.35002136230469,8105160
2011-01-19,72.94096374511719,89.26876831054688,90.36564636230469,88.51876831054688,89.4375228881836,7748963
2011-01-20,73.15544891357422,89.5312728881836,90.40314483642578,87.2812728881836,89.03439331054688,9319304
2011-01-21,69.85388946533203,85.49064636230469,87.3750228881836,85.2187728881836,87.3750228881836,20853552
2011-01-24,68.00773620605469,83.23126983642578,85.1250228881836,81.6562728881836,84.97502136230469,12743020
2011-01-25,68.46736145019531,83.79376983642578,84.7031478881836,81.2343978881836,84.0000228881836,11654146
2011-01-27,67.50550842285156,82.24689483642578,84.3750228881836,81.38439178466797,84.3750228881836,15794801
2011-01-28,67.34393310546875,82.05001831054688,83.41876983642578,81.67501831054688,83.23126983642578,8651683
2011-01-31,67.42089080810547,82.14376831054688,83.79376983642578,79.61251831054688,79.68751525878906,9039645
2011-02-01,66.0743179321289,80.50314331054688,83.2500228881836,79.31251525878906,82.23751831054688,8167571
2011-02-02,67.38243103027344,82.09689331054688,82.93126678466797,80.6250228881836,80.94377136230469,6818275
2011-02-03,68.02107238769531,82.8750228881836,83.41876983642578,80.91564178466797,81.97502136230469,9068109
2011-02-04,67.20543670654297,81.88127136230469,83.25939178466797,80.6250228881836,82.7812728881836,9004232
2011-02-07,65.6972885131836,80.04376983642578,82.67814636230469,79.68751525878906,81.7031478881836,7515870
2011-02-08,65.52030181884766,79.82814025878906,80.87814331054688,78.93751525878906,80.2500228881836,7591331
2011-02-09,65.26638793945312,79.51876831054688,80.8125228881836,78.38439178466797,79.73439025878906,6771870
2011-02-10,64.31993103027344,78.36564636230469,79.70626831054688,77.82189178466797,79.50001525878906,6203225
2011-02-11,64.67386627197266,78.79689025878906,79.40626525878906,76.40626525878906,77.63439178466797,9018184
2011-02-14,65.31254577636719,79.57501983642578,80.21251678466797,78.01876831054688,79.03126525878906,7632984
2011-02-15,65.47413635253906,79.77189636230469,80.13751983642578,78.18751525878906,79.68751525878906,5791721
2011-02-16,67.2746810913086,81.96564483642578,82.46251678466797,78.93751525878906,79.04064178466797,8146248
2011-02-17,66.48982238769531,81.00939178466797,82.49064636230469,80.36251831054688,82.49064636230469,6053923
2011-02-18,66.58985900878906,81.13127136230469,82.81877136230469,80.6250228881836,81.16876983642578,5362809
2011-02-21,69.41380310058594,84.5718994140625,85.06877136230469,81.21564483642578,81.21564483642578,9849010
2011-02-22,68.45197296142578,83.40001678466797,86.2500228881836,81.60002136230469,84.3750228881836,9396317
2011-02-23,67.22081756591797,81.90001678466797,83.60626983642578,81.26251983642578,83.49376678466797,5918094
2011-02-24,65.73576354980469,80.09064483642578,82.65001678466797,79.14376831054688,80.8125228881836,11963757
2011-02-25,66.64372253417969,81.19689178466797,81.69377136230469,79.33126831054688,81.1406478881836,8558365
2011-02-28,67.43626403808594,82.16252136230469,84.5250244140625,81.12189483642578,81.3750228881836,9696834
2011-03-01,68.24422454833984,83.14689636230469,83.4375228881836,81.1875228881836,82.5000228881836,6894963
2011-03-03,68.37503051757812,83.30626678466797,83.60626983642578,81.5625228881836,81.5625228881836,8655379
2011-03-04,67.9287338256836,82.76251983642578,84.82501983642578,82.5000228881836,84.0000228881836,3932425
2011-03-07,68.82901000976562,83.8593978881836,84.2812728881836,81.77814483642578,82.04064178466797,4566510
2011-03-08,69.09833526611328,84.1875228881836,84.7500228881836,83.46564483642578,84.2812728881836,5622963
2011-03-09,69.3984375,84.55314636230469,84.96564483642578,83.16564178466797,84.0000228881836,3794788
2011-03-10,69.99092864990234,85.2750244140625,85.5000228881836,83.5312728881836,84.1875228881836,6066297
2011-03-11,69.1445083618164,84.2437744140625,85.63127136230469,83.68126678466797,84.4781494140625,7766696
2011-03-14,70.21407318115234,85.5468978881836,85.8375244140625,83.4375228881836,83.4375228881836,6949651
2011-03-15,68.08262634277344,82.95001983642578,85.6875228881836,82.53752136230469,83.4375228881836,5620089
2011-03-16,68.54432678222656,83.51251983642578,84.1875228881836,82.74376678466797,83.4375228881836,5474281
2011-03-17,68.24422454833984,83.14689636230469,83.7187728881836,82.33126831054688,82.33126831054688,3125396
2011-03-18,67.69789123535156,82.48126983642578,83.68126678466797,81.45939636230469,83.2500228881836,4854649
2011-03-21,66.77454376220703,81.35626983642578,83.4375228881836,80.88751983642578,82.6875228881836,5736078
2011-03-22,66.85148620605469,81.45001983642578,82.3125228881836,81.1875228881836,81.86251831054688,1399626
2011-03-23,67.1900405883789,81.86251831054688,82.48126983642578,81.0000228881836,81.45001983642578,2534623
2011-03-24,67.659423828125,82.43439483642578,83.55939483642578,82.05001831054688,82.05001831054688,4943545
2011-03-25,70.16019439697266,85.48126983642578,85.99689483642578,83.22189331054688,83.89689636230469,12249559
2011-03-28,71.08357238769531,86.60626983642578,87.02814483642578,85.0406494140625,85.0406494140625,9412328
2011-03-29,71.32979583740234,86.9062728881836,87.63751983642578,86.4375228881836,86.5312728881836,7706856
2011-03-30,72.76869201660156,88.65939331054688,89.0625228881836,86.7281494140625,86.7281494140625,4991609
2011-03-31,73.89982604980469,90.03752136230469,90.88127136230469,87.5625228881836,88.34064483642578,16940390
2011-04-01,73.26117706298828,89.2593994140625,89.92501831054688,88.1250228881836,89.4375228881836,3752735
2011-04-04,74.02293395996094,90.1875228881836,91.8750228881836,89.8593978881836,90.0000228881836,11645005
2011-04-05,74.02293395996094,90.1875228881836,90.9375228881836,88.5093994140625,90.4312744140625,7758995
2011-04-06,71.70683288574219,87.36564636230469,90.62814331054688,86.5312728881836,89.92501831054688,9027315
2011-04-07,72.70714569091797,88.58439636230469,88.8281478881836,85.99689483642578,87.17814636230469,5876334
2011-04-08,71.6452865600586,87.2906494140625,88.5000228881836,86.26876831054688,88.28439331054688,5007385
2011-04-11,70.7911605834961,86.2500228881836,87.1875228881836,85.6031494140625,87.1875228881836,5270457
2011-04-13,72.69945526123047,88.57501983642578,88.9687728881836,85.3125228881836,85.3125228881836,9665688
2011-04-15,69.221435546875,84.3375244140625,88.5000228881836,84.0000228881836,87.7500228881836,11003837
2011-04-18,68.54432678222656,83.51251983642578,85.3125228881836,83.2500228881836,84.39376831054688,6568019
2011-04-19,69.18296813964844,84.2906494140625,84.7125244140625,82.4062728881836,83.2500228881836,3410409
2011-04-20,71.35287475585938,86.93439483642578,87.3375244140625,84.7500228881836,84.7500228881836,7672584
2011-04-21,71.27591705322266,86.84064483642578,88.44377136230469,86.26876831054688,86.7281494140625,9538045
2011-04-25,71.74531555175781,87.41252136230469,87.82501983642578,86.37189483642578,87.0000228881836,2401775
2011-04-26,71.51446533203125,87.13127136230469,87.7125244140625,85.1343994140625,87.1875228881836,3864025
2011-04-27,69.42149353027344,84.58126831054688,85.25627136230469,83.32501983642578,84.1500244140625,24369049
2011-04-28,68.7289810180664,83.73751831054688,85.2750244140625,83.4375228881836,85.1250228881836,8312424
2011-04-29,69.29840087890625,84.4312744140625,84.68439483642578,83.27814483642578,83.6250228881836,4605438
2011-05-02,68.88287353515625,83.92501831054688,85.10626983642578,83.0625228881836,84.3750228881836,2876804
2011-05-03,67.19773864746094,81.87189483642578,84.35626983642578,81.1875228881836,83.4375228881836,4359961
2011-05-04,67.2515869140625,81.9375228881836,82.65001678466797,80.2500228881836,82.19064331054688,5011038
2011-05-05,66.55908203125,81.0937728881836,82.25627136230469,80.2500228881836,81.7500228881836,7146728
2011-05-06,68.09033203125,82.95939636230469,84.91876983642578,81.60002136230469,81.9375228881836,6553353
2011-05-09,67.12078094482422,81.77814483642578,82.9687728881836,81.60002136230469,82.60314178466797,1535119
2011-05-10,67.14388275146484,81.80626678466797,82.95939636230469,81.03752136230469,81.58126831054688,1928591
2011-05-11,67.58246612548828,82.34064483642578,83.04376983642578,81.6093978881836,82.48126983642578,3745167
2011-05-12,66.68219757080078,81.24376678466797,82.46251678466797,80.92501831054688,81.40314483642578,2799092
2011-05-13,68.10572052001953,82.97814178466797,83.47502136230469,81.0937728881836,81.1875228881836,6307534
2011-05-16,67.70559692382812,82.49064636230469,83.38127136230469,81.59064483642578,83.38127136230469,3992975
2011-05-17,67.32854461669922,82.0312728881836,83.19377136230469,81.43126678466797,81.97502136230469,4192292
2011-05-18,68.65973663330078,83.65314483642578,84.3750228881836,82.1250228881836,82.1250228881836,4657300
2011-05-19,68.14417266845703,83.02501678466797,84.11251831054688,82.53752136230469,84.11251831054688,1519450
2011-05-20,68.84439849853516,83.87814331054688,84.15939331054688,82.5937728881836,83.77501678466797,1988698
2011-05-23,67.72097778320312,82.50939178466797,82.8750228881836,81.5625228881836,82.5000228881836,1793631
2011-05-24,67.69789123535156,82.48126983642578,83.42814636230469,82.22814178466797,82.22814178466797,3769844
2011-05-25,67.03612518310547,81.67501831054688,82.8750228881836,80.72814178466797,82.8750228881836,5071326
2011-05-26,66.9284439086914,81.54376983642578,82.47189331054688,81.1406478881836,81.95626831054688,9102765
2011-05-27,68.02877807617188,82.88439178466797,83.38127136230469,81.20626831054688,81.20626831054688,3184303
2011-05-30,67.99027252197266,82.83751678466797,83.74689483642578,82.43439483642578,82.79064178466797,3290473
2011-05-31,68.69818878173828,83.70001983642578,84.4687728881836,82.57501983642578,82.57501983642578,10183597
2011-06-01,68.9906234741211,84.0562744140625,84.54376983642578,83.45626831054688,83.45626831054688,2381775
2011-06-02,68.1672592163086,83.05314636230469,83.89689636230469,82.74376678466797,83.4375228881836,3303193
2011-06-03,68.19035339355469,83.08126831054688,84.35626983642578,82.3125228881836,82.3125228881836,2907887
2011-06-06,68.49044799804688,83.44689178466797,83.80314636230469,82.1250228881836,82.8750228881836,2080799
2011-06-07,67.80561065673828,82.61251831054688,83.3437728881836,82.41564178466797,82.9687728881836,5020889
2011-06-08,67.89795684814453,82.72502136230469,83.11876678466797,82.05001831054688,82.83751678466797,2351295
2011-06-09,67.52861022949219,82.27501678466797,82.97814178466797,81.6562728881836,82.5937728881836,4917545
2011-06-10,67.32086944580078,82.02189636230469,82.8750228881836,81.39376831054688,82.08751678466797,3831887
2011-06-13,67.01307678222656,81.64689636230469,82.2187728881836,81.11251831054688,81.45939636230469,3674804
2011-06-14,67.22852325439453,81.90939331054688,82.5000228881836,81.6562728881836,81.6562728881836,2436452
2011-06-15,65.31254577636719,79.57501983642578,82.20939636230469,79.15314483642578,81.9375228881836,11062242
2011-06-16,64.02751922607422,78.00939178466797,79.31251525878906,77.76564025878906,79.24689483642578,6021593
2011-06-17,62.91947937011719,76.65939331054688,78.54376983642578,76.50001525878906,77.55001831054688,3986703
2011-06-20,61.911468505859375,75.43126678466797,77.33439636230469,71.52188873291016,76.87501525878906,9757096
2011-06-21,61.92687225341797,75.45001983642578,76.03126525878906,74.15626525878906,75.48751831054688,5365075
2011-06-22,62.14232635498047,75.71251678466797,76.67814636230469,75.28126525878906,75.48751831054688,4461705
2011-06-23,63.0810661315918,76.85626983642578,77.25001525878906,75.42189025878906,75.42189025878906,4314436
2011-06-24,65.28175354003906,79.53752136230469,79.83751678466797,76.51876831054688,76.80001831054688,5971683
2011-06-27,65.0432357788086,79.24689483642578,80.30626678466797,78.43126678466797,79.20939636230469,4761310
2011-06-28,64.49688720703125,78.58126831054688,79.50001525878906,77.43751525878906,78.95626831054688,6996558
2011-06-29,65.34370422363281,78.85314178466797,79.25627136230469,78.32814025878906,78.50627136230469,4189118
2011-06-30,64.88533782958984,78.30001831054688,79.50939178466797,77.17501831054688,79.20939636230469,8295048
2011-07-01,65.7476806640625,79.34064483642578,79.67814636230469,78.37501525878906,79.46251678466797,5657507
2011-07-04,65.94190979003906,79.57501983642578,80.19377136230469,79.18126678466797,80.19377136230469,8695656
2011-07-05,66.50126647949219,80.2500228881836,80.7187728881836,79.21876525878906,79.24689483642578,5429070
2011-07-06,66.01182556152344,79.65939331054688,80.58751678466797,79.23751831054688,80.21251678466797,13376673
2011-07-07,66.97516632080078,80.82189178466797,81.07501983642578,78.75939178466797,79.50001525878906,4766868
2011-07-08,67.04507446289062,80.9062728881836,81.5625228881836,65.62501525878906,80.8125228881836,6159043
2011-07-11,65.39808654785156,78.91876983642578,80.4375228881836,78.25314331054688,80.11876678466797,2478591
2011-07-12,64.41921997070312,77.73751831054688,78.30939483642578,76.42501831054688,77.34376525878906,9046296
2011-07-13,64.24829864501953,77.53126525878906,77.88751983642578,76.96876525878906,76.96876525878906,3558447
2011-07-14,63.93754959106445,77.15626525878906,77.79376983642578,76.88439178466797,77.09064483642578,3004265
2011-07-15,64.4502944946289,77.77501678466797,78.18751525878906,76.95001983642578,77.66252136230469,3040852
2011-07-18,64.27159881591797,77.55939483642578,78.05626678466797,76.93126678466797,77.27814483642578,2764937
2011-07-19,64.512451171875,77.85002136230469,78.18751525878906,76.99689483642578,77.78439331054688,4867422
2011-07-20,61.987552642822266,74.80314636230469,78.18751525878906,74.07189178466797,78.18751525878906,25016660
2011-07-21,62.32162857055664,75.20626831054688,75.52501678466797,73.67814636230469,74.62501525878906,4422654
2011-07-22,63.05965805053711,76.09689331054688,76.31251525878906,75.38439178466797,75.92814636230469,6737619
2011-07-25,63.727779388427734,76.90314483642578,77.17501831054688,75.33751678466797,76.12501525878906,3641625
2011-07-26,63.7744026184082,76.95939636230469,77.30626678466797,75.96564483642578,76.85626983642578,6123198
2011-07-27,62.54692840576172,75.47814178466797,76.85626983642578,75.27189636230469,76.50939178466797,6124499
2011-07-28,61.37384033203125,74.06251525878906,74.98126983642578,73.36876678466797,74.23126983642578,6436217
2011-07-29,60.48818588256836,72.99376678466797,75.00001525878906,72.75001525878906,73.41564178466797,5855806
2011-08-01,60.89216613769531,73.48126983642578,74.47502136230469,72.56251525878906,73.40626525878906,2656842
2011-08-02,59.579219818115234,71.89688873291016,73.48126983642578,71.64376831054688,73.32189178466797,4600814
2011-08-03,59.2296142578125,71.47501373291016,72.18751525878906,70.50001525878906,71.06251525878906,6747294
2011-08-04,58.375064849853516,70.44376373291016,71.93439483642578,70.31251525878906,71.18439483642578,5744729
2011-08-05,57.06989288330078,68.86876678466797,69.50626373291016,67.32189178466797,67.88439178466797,7163006
2011-08-08,55.601593017578125,67.09689331054688,67.57501220703125,63.18751525878906,66.56251525878906,15175121
2011-08-09,53.87690353393555,65.01564025878906,66.01876831054688,63.43126678466797,63.76876449584961,18650326
2011-08-10,55.14321517944336,66.54376220703125,67.18126678466797,65.46563720703125,66.18751525878906,11454087
2011-08-11,54.83246612548828,66.16876220703125,66.88126373291016,65.16564178466797,65.43751525878906,6614339
2011-08-12,53.28647232055664,64.30313873291016,67.06876373291016,63.18751525878906,66.75001525878906,9982973
2011-08-16,52.89025115966797,63.825016021728516,65.40939331054688,63.131263732910156,64.68751525878906,5105209
2011-08-17,53.49623489379883,64.55626678466797,66.04689025878906,63.37501525878906,63.37501525878906,8769683
2011-08-18,50.98688888549805,61.528141021728516,64.78126525878906,60.740638732910156,64.68751525878906,12779234
2011-08-19,49.77495193481445,60.06563949584961,61.490638732910156,58.21876525878906,60.00001525878906,8330568
2011-08-22,51.63947677612305,62.31563949584961,63.271888732910156,59.08126449584961,59.55001449584961,5572643
2011-08-23,51.73270034790039,62.428138732910156,63.37501525878906,60.131263732910156,62.81251525878906,6018718
2011-08-24,51.25103759765625,61.84688949584961,62.81251525878906,61.162513732910156,62.43751525878906,6812291
2011-08-25,50.994667053222656,61.537513732910156,62.418766021728516,60.98439025878906,62.21251678466797,9926408
2011-08-26,49.681724548339844,59.95314025878906,62.01564025878906,59.32501220703125,61.23751449584961,5362803
2011-08-29,51.10342025756836,61.668766021728516,62.95314025878906,60.590641021728516,60.590641021728516,6669902
2011-08-30,52.090065002441406,62.85939025878906,63.450016021728516,61.05001449584961,62.700016021728516,7372350
2011-09-02,51.950233459472656,62.69063949584961,66.17813873291016,61.61251449584961,64.70626831054688,8164787
2011-09-05,49.99248504638672,60.32814025878906,62.49376678466797,60.00001525878906,61.87501525878906,14572364
2011-09-06,50.19446563720703,60.57189178466797,61.87501525878906,58.5562629699707,60.00001525878906,10887117
2011-09-07,51.20442199707031,61.79064178466797,62.053138732910156,61.14376449584961,61.23751449584961,8159395
2011-09-08,52.5406608581543,63.403141021728516,64.50001525878906,61.88439178466797,61.88439178466797,11804343
2011-09-09,52.571739196777344,63.44063949584961,64.12501525878906,62.30626678466797,63.42189025878906,9626674
2011-09-12,50.52853012084961,60.975013732910156,62.30626678466797,60.56251525878906,61.68751525878906,9379149
2011-09-13,51.13450241088867,61.70626449584961,62.55001449584961,60.62813949584961,61.46251678466797,5932323
2011-09-14,53.20100402832031,64.20001220703125,64.95001220703125,61.19063949584961,61.89376449584961,11898551
2011-09-15,54.10219955444336,65.28751373291016,65.62501525878906,63.56251525878906,64.89376831054688,9918493
2011-09-16,52.63388442993164,63.51564025878906,66.44064331054688,63.32814025878906,65.47501373291016,8000440
2011-09-19,52.98347854614258,63.93751525878906,64.65001678466797,63.18751525878906,63.56251525878906,5113305
2011-09-20,54.52948760986328,65.80313873291016,66.56251525878906,63.787513732910156,64.11563873291016,11093421
2011-09-21,55.41511917114258,66.87188720703125,67.49063873291016,65.83126831054688,65.98126220703125,9111512
2011-09-22,52.882484436035156,63.81563949584961,66.13126373291016,63.215641021728516,65.76564025878906,8363629
2011-09-23,52.750423431396484,63.65626525878906,65.41876220703125,62.68126678466797,63.37501525878906,10475133
2011-09-26,52.83587646484375,63.75939178466797,64.96876525878906,63.225013732910156,63.81563949584961,8806051
2011-09-27,54.10219955444336,65.28751373291016,66.33751678466797,64.31251525878906,64.36876678466797,9855378
2011-09-28,54.00121307373047,65.16564178466797,67.20001220703125,64.71563720703125,65.88751220703125,9882925
2011-09-29,54.00897979736328,65.17501831054688,65.62501525878906,64.17189025878906,64.87501525878906,6924728
2011-09-30,52.95240783691406,63.90001678466797,66.15001678466797,62.83126449584961,65.34376525878906,6443081
2011-10-03,51.30541229248047,61.912513732910156,63.14064025878906,60.67501449584961,62.81251525878906,6815960
2011-10-04,51.825923919677734,62.54064178466797,63.37501525878906,61.00313949584961,61.22814178466797,6429545
2011-10-05,50.955814361572266,61.490638732910156,64.09689331054688,61.12501525878906,63.00939178466797,7177870
2011-10-07,51.86477279663086,62.58751678466797,64.68751525878906,61.87501525878906,63.37501525878906,9984712
2011-10-10,54.210968017578125,65.41876220703125,65.62501525878906,62.68126678466797,62.82189178466797,4069780
2011-10-11,53.09224319458008,64.06876373291016,66.36563873291016,63.496891021728516,66.05626678466797,5696590
2011-10-12,54.46733093261719,65.72814178466797,67.25626373291016,65.07189178466797,65.07189178466797,13322172
2011-10-13,54.30419921875,65.53126525878906,66.56251525878906,65.34376525878906,66.18751525878906,5183502
2011-10-14,56.448394775390625,68.11876678466797,68.42813873291016,65.00626373291016,65.00626373291016,8850099
2011-10-17,55.43843460083008,66.90001678466797,68.70001983642578,66.51564025878906,68.25939178466797,5389187
2011-10-18,53.76813888549805,64.88439178466797,65.94376373291016,64.25626373291016,65.37188720703125,2882724
2011-10-19,55.562740325927734,67.05001831054688,67.29376220703125,65.02501678466797,65.02501678466797,5043838
2011-10-20,55.08885192871094,66.47814178466797,66.73126220703125,65.06251525878906,66.04689025878906,2596047
2011-10-21,55.01115798950195,66.38439178466797,67.12501525878906,65.67189025878906,66.82501220703125,3281076
2011-10-24,55.640438079833984,67.14376831054688,68.43751525878906,66.69376373291016,66.94689178466797,3478100
2011-10-25,57.8234748840332,69.77814483642578,71.61563873291016,66.41251373291016,67.60314178466797,14059889
2011-10-28,58.11867904663086,70.13439178466797,73.12501525878906,68.55939483642578,70.60314178466797,9060056
2011-10-31,56.96112823486328,68.73751831054688,72.18751525878906,68.13751983642578,70.31251525878906,18695723
2011-11-01,57.80794143676758,69.75939178466797,70.29376983642578,68.42813873291016,68.95314025878906,10610568
2011-11-02,58.13421630859375,70.15314483642578,70.68751525878906,68.35314178466797,69.36563873291016,7702526
2011-11-03,57.61371612548828,69.52501678466797,70.09689331054688,68.76564025878906,70.09689331054688,5493059
2011-11-04,57.77685546875,69.72189331054688,70.68751525878906,69.09376525878906,69.97501373291016,5239465
2011-11-08,57.38064193725586,69.24376678466797,70.03126525878906,68.85001373291016,69.06564331054688,1999306
2011-11-09,58.499351501464844,70.59376525878906,71.34376525878906,69.24376678466797,69.24376678466797,6235667
2011-11-11,59.369476318359375,71.64376831054688,72.61876678466797,69.45938873291016,70.12501525878906,19978235
2011-11-14,60.19296646118164,72.63751983642578,73.02189636230469,71.69064331054688,71.69064331054688,8765789
2011-11-15,59.62583923339844,71.95314025878906,72.54376983642578,71.66251373291016,72.17814636230469,4719897
2011-11-16,58.13421630859375,70.15314483642578,72.01876831054688,69.04689025878906,71.62501525878906,7494558
2011-11-17,57.12427520751953,68.93439483642578,70.89376831054688,68.08126831054688,69.66564178466797,7882051
2011-11-18,58.11091232299805,70.12501525878906,70.68751525878906,67.50939178466797,68.45626831054688,10896018
2011-11-21,57.504940032958984,69.39376831054688,70.21876525878906,68.55939483642578,69.37501525878906,6821651
2011-11-22,58.70133972167969,70.83751678466797,71.25001525878906,69.04689025878906,69.39376831054688,7508611
2011-11-23,56.85236740112305,68.60626983642578,70.27501678466797,67.73439025878906,70.11563873291016,6319678
2011-11-24,57.59039306640625,69.49689483642578,70.20001983642578,67.85626220703125,68.11876678466797,8398952
2011-11-25,57.48163986206055,69.36563873291016,69.93751525878906,68.43751525878906,68.81251525878906,18398427
2011-11-28,57.80794143676758,69.75939178466797,70.65001678466797,69.22501373291016,70.27501678466797,11320893
2011-11-29,58.064300537109375,70.06876373291016,70.50001525878906,69.47814178466797,70.10626983642578,13632620
2011-11-30,58.608123779296875,70.72501373291016,71.62501525878906,69.71251678466797,70.10626983642578,16545409
2011-12-01,60.045345306396484,72.45939636230469,73.87501525878906,71.55939483642578,72.00001525878906,7552670
2011-12-02,60.87663650512695,73.46251678466797,75.00001525878906,71.07189178466797,72.15939331054688,26349593
2011-12-05,60.62025833129883,73.15314483642578,74.43751525878906,72.47814178466797,73.14376831054688,8393491
2011-12-07,62.78775405883789,75.76876831054688,76.05001831054688,72.75001525878906,73.12501525878906,17312785
2011-12-08,64.13176727294922,77.39064025878906,77.85939025878906,74.72814178466797,75.01876831054688,17071830
2011-12-09,62.919837951660156,75.92814636230469,77.41876983642578,75.29064178466797,76.59376525878906,7850750
2011-12-12,64.44252014160156,77.76564025878906,78.71251678466797,75.50627136230469,75.97502136230469,10878119
2011-12-13,64.10846710205078,77.36251831054688,78.91876983642578,75.98439025878906,77.56877136230469,10134008
2011-12-14,64.56682586669922,77.91564178466797,78.34689331054688,76.76251983642578,76.88439178466797,9080680
2011-12-15,63.17619705200195,76.23751831054688,78.37501525878906,75.46876525878906,77.81251525878906,23218330
2011-12-16,62.71784973144531,75.68439483642578,76.76251983642578,74.31564331054688,75.44064331054688,9400962
2011-12-19,62.772212982177734,75.75001525878906,75.96564483642578,73.55626678466797,74.82189178466797,5605523
2011-12-20,61.55252456665039,74.27814483642578,76.31251525878906,73.50001525878906,75.41252136230469,7377048
2011-12-21,63.261653900146484,76.34064483642578,77.23126983642578,73.76251983642578,75.54376983642578,11860743
2011-12-22,61.7700309753418,74.54064178466797,75.58126831054688,73.78126525878906,74.25939178466797,9848749
2011-12-23,63.08296585083008,76.12501525878906,76.68751525878906,74.20314025878906,75.18751525878906,6137865
2011-12-26,63.12958908081055,76.18126678466797,77.21251678466797,75.59064483642578,75.59064483642578,4881689
2011-12-27,63.21504592895508,76.28439331054688,77.19377136230469,75.75001525878906,76.50001525878906,3241673
2011-12-28,61.69234848022461,74.44689178466797,77.01564025878906,73.92189025878906,76.00314331054688,8841165
2011-12-29,61.89433670043945,74.69064331054688,75.07501983642578,73.96876525878906,74.25001525878906,7920979
2011-12-30,61.948726654052734,74.75627136230469,75.46876525878906,74.10002136230469,74.10002136230469,6401763
2012-01-02,61.995330810546875,74.81251525878906,75.35626983642578,74.13751983642578,74.81251525878906,3416916
2012-01-03,64.71442413330078,78.09376525878906,78.35626983642578,75.25314331054688,75.44064331054688,11529794
2012-01-04,64.98634338378906,78.42189025878906,79.68751525878906,77.87814331054688,78.50627136230469,10151554
2012-01-05,64.4736099243164,77.80314636230469,79.29376983642578,77.10002136230469,77.94377136230469,6062915
2012-01-06,63.04411315917969,76.07814025878906,77.42814636230469,75.58126831054688,77.42814636230469,6655273
2012-01-09,62.32938003540039,75.21564483642578,76.59376525878906,75.00939178466797,76.31251525878906,4517460
2012-01-10,62.70230484008789,75.66564178466797,76.42501831054688,75.35626983642578,75.75939178466797,6348942
2012-01-11,62.352699279785156,75.24376678466797,76.30314636230469,74.88751983642578,75.70314025878906,5411849
2012-01-12,60.82225036621094,73.39689636230469,74.52189636230469,71.71876525878906,73.12501525878906,15578113
2012-01-13,62.306095123291016,75.18751525878906,75.90939331054688,73.25627136230469,73.95001983642578,5836995
2012-01-16,63.30827331542969,76.39689636230469,76.65001678466797,74.54064178466797,74.71876525878906,4096516
2012-01-17,64.50467681884766,77.84064483642578,78.56251525878906,76.10626983642578,76.12501525878906,9409133
2012-01-18,62.78775405883789,75.76876831054688,77.60626983642578,75.47814178466797,76.89376831054688,4433806
2012-01-19,62.79551696777344,75.77814483642578,76.76251983642578,74.85939025878906,76.12501525878906,7129022
2012-01-20,64.28715515136719,77.57814025878906,79.66876983642578,76.89376831054688,77.81251525878906,22967252
2012-01-23,64.60566711425781,77.96251678466797,78.84376525878906,77.01564025878906,77.01564025878906,7889315
2012-01-24,65.42535400390625,78.57189178466797,79.12501525878906,77.83126831054688,77.95314025878906,6343641
2012-01-25,65.5033950805664,78.66564178466797,79.29376983642578,78.00001525878906,78.57189178466797,6229811
2012-01-27,65.26138305664062,78.37501525878906,79.12501525878906,77.94377136230469,78.93751525878906,4237188
2012-01-30,63.98115158081055,76.83751678466797,79.12501525878906,76.50001525878906,77.83126831054688,6447774
2012-01-31,64.62127685546875,77.60626983642578,77.90626525878906,76.89376831054688,76.97814178466797,6709454
2012-02-01,64.30121612548828,77.22189331054688,77.73751831054688,76.87501525878906,77.43751525878906,5648073
2012-02-02,66.51824188232422,79.88439178466797,80.4375228881836,77.43751525878906,77.43751525878906,17576662
2012-02-03,66.73680877685547,80.14689636230469,80.44689178466797,79.07814025878906,79.87501525878906,9915357
2012-02-06,66.68215942382812,80.08126831054688,81.02814483642578,79.23751831054688,80.61564636230469,4154532
2012-02-07,66.83049011230469,80.25939178466797,80.87814331054688,79.87501525878906,80.09064483642578,5023140
2012-02-08,67.85311889648438,81.48751831054688,82.2656478881836,80.30626678466797,80.31564331054688,8658296
2012-02-09,69.5705337524414,83.55001831054688,84.07501983642578,80.32501983642578,80.70939636230469,9806680
2012-02-10,70.156005859375,84.25314331054688,84.45939636230469,82.69689178466797,83.4375228881836,5260004
2012-02-13,68.16537475585938,81.86251831054688,84.0000228881836,81.64689636230469,83.6250228881836,4092329
2012-02-14,67.93118286132812,81.58126831054688,82.4531478881836,81.0000228881836,81.54376983642578,3296889
2012-02-15,68.0873031616211,81.76876831054688,82.6406478881836,81.26251983642578,81.76876831054688,5686318
2012-02-16,68.5947265625,82.37814331054688,82.5937728881836,81.19689178466797,81.5625228881836,4186100
2012-02-17,70.07794189453125,84.15939331054688,84.9375228881836,82.1718978881836,83.4375228881836,7942830
2012-02-21,69.27388763427734,83.19377136230469,84.50627136230469,82.72502136230469,83.83126831054688,7495368
2012-02-22,69.13336181640625,83.02501678466797,84.5625228881836,82.50939178466797,83.19377136230469,7544648
2012-02-23,68.92259216308594,82.77189636230469,83.61564636230469,81.82501983642578,82.3593978881836,7007662
2012-02-24,68.36834716796875,82.10626983642578,83.96251678466797,81.62814331054688,82.51876831054688,3726025
2012-02-27,66.32308197021484,79.65001678466797,82.65001678466797,79.15314483642578,82.5000228881836,4164265
2012-02-28,65.61268615722656,78.79689025878906,80.79376983642578,78.46876525878906,79.66876983642578,6853854
2012-02-29,67.50184631347656,81.06564331054688,81.7968978881836,78.99376678466797,79.62189483642578,6167059
2012-03-01,66.33087158203125,79.65939331054688,81.1875228881836,78.54376983642578,81.1875228881836,5487769
2012-03-02,66.97881317138672,80.4375228881836,83.07189178466797,78.81564331054688,79.89376831054688,6099251
2012-03-05,67.345703125,80.87814331054688,81.45939636230469,79.12501525878906,79.68751525878906,2700745
2012-03-06,67.46280670166016,81.01876831054688,82.3125228881836,79.96876525878906,80.23126983642578,4829801
2012-03-07,68.68841552734375,82.49064636230469,83.2500228881836,80.36251831054688,80.40001678466797,11105554
2012-03-09,67.47840881347656,81.03752136230469,84.0093994140625,80.4843978881836,83.1562728881836,8435901
2012-03-12,68.34490966796875,82.0781478881836,82.52814483642578,80.5312728881836,81.58126831054688,9255704
2012-03-13,67.28326416015625,80.80314636230469,81.3750228881836,80.16564178466797,81.01876831054688,5624846
2012-03-14,66.51824188232422,79.88439178466797,80.99064636230469,79.01251983642578,80.91564178466797,6394291
2012-03-15,66.73680877685547,80.14689636230469,80.96251678466797,78.85314178466797,79.09689331054688,7138771
2012-03-16,66.90855407714844,80.35314178466797,81.73126983642578,79.96876525878906,80.64376831054688,3770761
2012-03-19,66.82267761230469,80.2500228881836,80.4375228881836,78.74064636230469,79.71564483642578,5458985
2012-03-20,67.0724868774414,80.55001831054688,80.70001983642578,79.72502136230469,79.73439025878906,6445235
2012-03-21,66.76023864746094,80.17501831054688,81.36564636230469,79.35002136230469,80.3437728881836,4759412
2012-03-22,65.77661895751953,78.99376678466797,81.15001678466797,78.60939025878906,80.40001678466797,5730841
2012-03-23,66.39331817626953,79.73439025878906,80.17501831054688,78.76876831054688,78.79689025878906,9062083
2012-03-26,66.05764770507812,79.33126831054688,80.58751678466797,78.92814636230469,79.68751525878906,6650526
2012-03-27,66.88512420654297,80.32501983642578,80.56877136230469,78.04689025878906,79.50939178466797,8199683
2012-03-28,67.11151123046875,80.59689331054688,80.8125228881836,79.12501525878906,80.0625228881836,8356637
2012-03-29,68.19659423828125,81.90001678466797,82.3125228881836,79.04064178466797,80.40939331054688,16253313
2012-03-30,68.71183013916016,82.51876831054688,82.81877136230469,80.82189178466797,81.61876678466797,8091800
2012-04-02,69.18802642822266,83.09064483642578,83.2500228881836,81.80626678466797,82.05001831054688,6629209
2012-04-03,69.71102905273438,83.7187728881836,84.16876983642578,82.71564483642578,83.50314331054688,4076004
2012-04-04,69.28948211669922,83.21251678466797,84.69377136230469,82.5468978881836,83.0625228881836,5604537
2012-04-09,68.54788970947266,82.32189178466797,83.41876983642578,81.97502136230469,82.22814178466797,3251028
2012-04-10,69.53932189941406,83.51251983642578,84.2437744140625,82.36876678466797,82.36876678466797,7110995
2012-04-11,69.62516784667969,83.61564636230469,84.0000228881836,82.51876831054688,82.60314178466797,5333550
2012-04-12,68.55570983886719,82.33126831054688,83.64376831054688,82.02189636230469,83.11876678466797,1899871
2012-04-13,65.4643783569336,78.61876678466797,82.11564636230469,77.45626831054688,79.35002136230469,19089008
2012-04-16,65.72198486328125,78.92814636230469,80.18439483642578,77.47502136230469,78.56251525878906,12471026
2012-04-17,65.76101684570312,78.97502136230469,79.68751525878906,78.73126983642578,78.75001525878906,10814071
2012-04-18,66.72899627685547,80.13751983642578,80.5312728881836,79.62189483642578,79.72502136230469,3968468
2012-04-19,65.67514038085938,78.87189483642578,80.42814636230469,78.60002136230469,80.42814636230469,8542973
2012-04-20,66.32308197021484,79.65001678466797,80.23126983642578,78.88127136230469,78.91876983642578,5060756
2012-04-23,66.22158813476562,79.52814483642578,79.95939636230469,78.95626831054688,78.95626831054688,4303460
2012-04-24,69.00846862792969,82.8750228881836,83.26876831054688,80.04376983642578,80.04376983642578,9841501
2012-04-25,64.07482147216797,76.95001983642578,79.31251525878906,76.08751678466797,79.31251525878906,32140871
2012-04-26,62.8648567199707,75.49689483642578,77.37189483642578,74.71876525878906,77.25001525878906,24260703
2012-04-27,63.35664367675781,76.08751678466797,76.68751525878906,75.37501525878906,75.37501525878906,4885390
2012-04-30,63.23954391479492,75.94689178466797,76.65001678466797,75.37501525878906,75.95626831054688,4589273
2012-05-02,63.07561111450195,75.75001525878906,76.81877136230469,75.41252136230469,76.16252136230469,6152110
2012-05-03,64.37928771972656,77.31564331054688,77.55939483642578,75.50627136230469,75.71251678466797,9484509
2012-05-04,64.77740478515625,77.79376983642578,78.73126983642578,77.10939025878906,77.31564331054688,10624877
2012-05-07,64.61345672607422,77.59689331054688,78.84376525878906,76.31251525878906,76.85626983642578,5934905
2012-05-08,63.07561111450195,75.75001525878906,76.71564483642578,74.07189178466797,76.70626831054688,9687229
2012-05-09,63.42692184448242,76.17189025878906,76.82814025878906,74.87814331054688,75.23439025878906,6819635
2012-05-10,63.801612854003906,76.62189483642578,77.92501831054688,76.15314483642578,76.21876525878906,5233817
2012-05-11,62.59162139892578,75.16876983642578,77.17501831054688,74.46564483642578,75.93751525878906,4081614
2012-05-14,62.99753189086914,75.65626525878906,76.15314483642578,74.68126678466797,74.68126678466797,4356388
2012-05-15,63.11465835571289,75.79689025878906,76.85626983642578,74.69064331054688,74.69064331054688,5132462
2012-05-16,60.94447708129883,73.19064331054688,76.48126983642578,72.85314178466797,75.04689025878906,8174109
2012-05-17,61.00693893432617,73.26564025878906,74.22189331054688,72.33751678466797,73.32189178466797,8163448
2012-05-18,61.084983825683594,73.35939025878906,73.69689178466797,71.69064331054688,71.71876525878906,4661006
2012-05-21,59.82816696166992,71.85001373291016,73.85626983642578,71.25001525878906,72.75939178466797,5735518
2012-05-22,59.5549430847168,71.52188873291016,72.67501831054688,71.28751373291016,72.15001678466797,4514692
2012-05-23,60.10137939453125,72.17814636230469,72.54376983642578,71.00626373291016,71.71876525878906,3535951
2012-05-24,61.248924255371094,73.55626678466797,73.81877136230469,71.26876831054688,72.18751525878906,4557385
2012-05-25,61.52995681762695,73.89376831054688,74.25001525878906,72.79689025878906,73.50001525878906,2633098
2012-05-28,62.42768096923828,74.97189331054688,75.34689331054688,73.95001983642578,74.06251525878906,3323812
2012-05-29,63.97332000732422,76.82814025878906,77.12814331054688,74.43751525878906,74.72814178466797,3911055
2012-05-30,64.34806060791016,77.27814483642578,77.81251525878906,75.99376678466797,75.99376678466797,4400174
2012-05-31,64.01236724853516,76.87501525878906,77.95314025878906,75.75001525878906,76.05001831054688,8777635
2012-06-01,62.68529510498047,75.28126525878906,75.95626831054688,74.62501525878906,75.82501983642578,6308377
2012-06-04,61.865623474121094,74.29689025878906,75.51564025878906,73.89376831054688,74.04376983642578,2719460
2012-06-05,62.23251724243164,74.73751831054688,75.82501983642578,73.95939636230469,74.27814483642578,4166313
2012-06-06,64.10604858398438,76.98751831054688,77.33439636230469,75.03752136230469,75.03752136230469,6886979
2012-06-07,62.576011657714844,75.15001678466797,77.79376983642578,74.82189178466797,76.89376831054688,6122750
2012-06-08,62.97414016723633,75.62814331054688,75.93751525878906,74.47502136230469,74.90626525878906,5622494
2012-06-11,62.49013137817383,75.04689025878906,76.40626525878906,74.46564483642578,75.75001525878906,3897913
2012-06-12,61.38161849975586,73.71564483642578,74.51251983642578,72.56251525878906,74.25001525878906,11893730
2012-06-13,61.91246032714844,74.35314178466797,74.70939636230469,73.74376678466797,73.87501525878906,4865950
2012-06-14,61.56898498535156,73.94064331054688,74.77501678466797,73.51876831054688,74.77501678466797,4545924
2012-06-15,62.13103103637695,74.61564636230469,75.18751525878906,74.17501831054688,74.43751525878906,4039460
2012-06-18,61.71728515625,74.11876678466797,75.50627136230469,72.59064483642578,74.67189025878906,5802809
2012-06-19,62.3808479309082,74.91564178466797,75.18751525878906,73.87501525878906,73.87501525878906,3869503
2012-06-20,62.45109939575195,75.00001525878906,75.35626983642578,74.49376678466797,74.91564178466797,6817971
2012-06-21,62.724334716796875,75.32814025878906,75.65626525878906,74.29689025878906,74.45626831054688,6401022
2012-06-22,62.45889663696289,75.00939178466797,75.84376525878906,73.68751525878906,73.68751525878906,5996457
2012-06-25,62.45889663696289,75.00939178466797,75.45001983642578,74.53126525878906,74.86876678466797,3166479
2012-06-26,62.615047454833984,75.19689178466797,75.48751831054688,74.47502136230469,74.65314483642578,2772820
2012-06-27,62.32619857788086,74.85002136230469,75.88127136230469,74.64376831054688,75.40314483642578,2260644
2012-06-28,62.893959045410156,74.77501678466797,74.97189331054688,74.28752136230469,74.54064178466797,4247236
2012-06-29,63.067440032958984,74.98126983642578,76.82814025878906,74.67189025878906,75.26251983642578,9836088
2012-07-02,63.122623443603516,75.04689025878906,75.55314636230469,74.71876525878906,75.22502136230469,4752809
2012-07-03,63.16204833984375,75.09376525878906,75.84376525878906,74.71876525878906,75.18751525878906,5540585
2012-07-04,62.25523376464844,74.01564025878906,75.71251678466797,73.50001525878906,75.21564483642578,7251934
2012-07-05,62.39719009399414,74.18439483642578,74.40939331054688,73.32189178466797,74.01564025878906,7332643
2012-07-06,61.84519958496094,73.52814483642578,74.07189178466797,72.94689178466797,73.98751831054688,7485539
2012-07-09,60.85951232910156,72.35626983642578,73.45314025878906,72.01876831054688,72.94689178466797,6578083
2012-07-10,60.63873291015625,72.09376525878906,73.30314636230469,71.90626525878906,72.71251678466797,7958600
2012-07-11,59.03010559082031,70.18126678466797,72.17814636230469,69.65626525878906,72.00001525878906,24174249
2012-07-12,56.65659713745117,67.35939025878906,69.18751525878906,66.66564178466797,69.00001525878906,25391252
2012-07-13,56.59352111816406,67.28439331054688,68.38126373291016,66.93751525878906,67.78126525878906,9527389
2012-07-16,56.10462188720703,66.70314025878906,67.78126525878906,66.41251373291016,67.12501525878906,5662515
2012-07-17,57.19279098510742,67.99688720703125,68.31564331054688,66.22501373291016,66.93751525878906,8116445
2012-07-18,57.460906982421875,68.31564331054688,68.81251525878906,68.07189178466797,68.43751525878906,9843970
2012-07-19,58.12327575683594,69.10314178466797,69.31876373291016,68.48439025878906,68.67189025878906,5215630
2012-07-20,57.29531478881836,68.11876678466797,69.75001525878906,67.93126678466797,69.17813873291016,3355209
2012-07-23,56.21501541137695,66.83438873291016,67.81876373291016,66.18751525878906,67.61251831054688,4051017
2012-07-24,54.55118942260742,64.85626220703125,66.18751525878906,63.86251449584961,66.18751525878906,19284731
2012-07-25,53.40781021118164,63.496891021728516,65.60626220703125,62.68126678466797,64.87501525878906,17183371
2012-07-26,52.03574752807617,61.865638732910156,64.03126525878906,61.37813949584961,63.65626525878906,10289608
2012-07-27,52.73755645751953,62.700016021728516,63.225013732910156,62.193763732910156,62.44689178466797,8059032
2012-07-30,52.46944808959961,62.381263732910156,63.38439178466797,60.99376678466797,62.81251525878906,13946759
2012-07-31,53.62860870361328,63.75939178466797,64.38751220703125,63.075016021728516,63.075016021728516,9344205
2012-08-01,53.54975509643555,63.66564178466797,64.03126525878906,62.934391021728516,63.787513732910156,3582724
2012-08-02,53.62860870361328,63.75939178466797,64.03126525878906,63.20626449584961,63.37501525878906,2848809
2012-08-03,54.748321533203125,65.09063720703125,65.29689025878906,63.00001525878906,63.46876525878906,5954691
2012-08-06,54.535423278808594,64.83751678466797,66.18751525878906,64.41564178466797,65.62501525878906,6112227
2012-08-07,54.945457458496094,65.32501220703125,65.77501678466797,64.68751525878906,65.16564178466797,9079416
2012-08-08,55.2845344543457,65.72814178466797,66.09376525878906,65.12814331054688,65.62501525878906,4552654
2012-08-09,54.50388717651367,64.80001831054688,66.56251525878906,64.59376525878906,65.81251525878906,4239204
2012-08-10,55.15048599243164,65.56876373291016,66.00001525878906,64.36876678466797,64.53751373291016,3220281
2012-08-13,56.08096694946289,66.67501831054688,66.87188720703125,65.12814331054688,65.25001525878906,3566207
2012-08-14,56.06519317626953,66.65626525878906,67.04064178466797,66.07501220703125,66.75001525878906,2932633
2012-08-16,55.10316848754883,65.51251220703125,66.50626373291016,65.06251525878906,66.41251373291016,5917657
2012-08-17,55.74977493286133,66.28126525878906,66.46876525878906,64.96876525878906,65.51251220703125,5719715
2012-08-21,56.10462188720703,66.70314025878906,67.21876525878906,65.74688720703125,65.74688720703125,6029694
2012-08-22,55.907493591308594,66.46876525878906,67.02188873291016,65.67189025878906,66.56251525878906,8668600
2012-08-23,57.263771057128906,68.08126831054688,68.76564025878906,66.68438720703125,66.68438720703125,9705912
2012-08-24,57.57918930053711,68.45626831054688,68.71876525878906,67.54689025878906,68.05313873291016,5996542
2012-08-27,56.97200012207031,67.73439025878906,68.78439331054688,67.50939178466797,68.71876525878906,3219455
2012-08-28,57.35051727294922,68.18439483642578,68.43751525878906,67.31251525878906,67.59376525878906,4156841
2012-08-29,57.42936706542969,68.27814483642578,69.18751525878906,67.78126525878906,68.25001525878906,6192163
2012-08-30,58.194252014160156,69.18751525878906,69.37501525878906,67.89376831054688,68.25001525878906,8312696
2012-08-31,57.1849250793457,67.98751831054688,69.84376525878906,67.60314178466797,69.18751525878906,8815304
2012-09-03,57.437252044677734,68.28751373291016,69.84376525878906,67.80938720703125,68.04376983642578,5342275
2012-09-04,57.255882263183594,68.07189178466797,68.62501525878906,67.57501220703125,68.06251525878906,2983625
2012-09-05,57.10606384277344,67.89376831054688,68.25001525878906,67.06876373291016,67.68751525878906,3684121
2012-09-06,59.526878356933594,70.77188873291016,71.06251525878906,67.63126373291016,67.96876525878906,10376674
2012-09-07,59.58209228515625,70.83751678466797,72.15001678466797,70.66876983642578,71.53126525878906,6131321
2012-09-10,59.369163513183594,70.58438873291016,71.68126678466797,70.31251525878906,71.25001525878906,3768388
2012-09-11,59.116844177246094,70.28439331054688,70.68751525878906,69.76876831054688,70.03126525878906,2977567
2012-09-12,60.64659881591797,72.10314178466797,72.37501525878906,70.36876678466797,70.73439025878906,5354910
2012-09-13,61.17493438720703,72.73126983642578,73.00314331054688,72.28126525878906,72.58126831054688,3624041
2012-09-14,61.75056838989258,73.41564178466797,74.24064636230469,72.66564178466797,74.24064636230469,11206130
2012-09-17,60.68604278564453,72.15001678466797,74.05314636230469,71.34376525878906,73.76251983642578,5736963
2012-09-18,58.30464553833008,69.31876373291016,72.18751525878906,69.12189483642578,72.03752136230469,12077436
2012-09-20,58.83295822143555,69.94689178466797,70.31251525878906,69.00001525878906,69.37501525878906,10749565
2012-09-21,59.61362075805664,70.87501525878906,71.72814178466797,69.75001525878906,70.20001983642578,8321661
2012-09-24,60.000003814697266,71.33438873291016,71.93439483642578,69.58126831054688,70.36876678466797,11284066
2012-09-25,59.49534225463867,70.73439025878906,71.81251525878906,70.41564178466797,71.28751373291016,6629139
2012-09-26,59.9053840637207,71.22189331054688,71.53126525878906,70.52814483642578,70.52814483642578,2869839
2012-09-27,59.25089645385742,70.44376373291016,71.30626678466797,69.00001525878906,71.23126983642578,10881069
2012-09-28,60.09463882446289,71.44689178466797,71.93439483642578,70.87501525878906,70.87501525878906,11267538
2012-10-01,60.3548469543457,71.75626373291016,72.45001983642578,70.78126525878906,71.06251525878906,7247640
2012-10-03,59.96846389770508,71.29689025878906,72.60939025878906,71.10001373291016,72.04689025878906,11374018
2012-10-04,60.38639450073242,71.79376983642578,72.18751525878906,70.97814178466797,71.62501525878906,7612600
2012-10-05,58.864505767822266,69.98439025878906,72.11251831054688,67.96876525878906,71.91564178466797,10319800
2012-10-08,57.626502990722656,68.51251983642578,69.91876983642578,68.20314025878906,69.75001525878906,5128340
2012-10-09,57.902496337890625,68.84064483642578,69.05626678466797,67.58438873291016,68.81251525878906,5820457
2012-10-10,56.90892028808594,67.65939331054688,68.60626983642578,67.50001525878906,68.40939331054688,8180552
2012-10-11,56.49889373779297,67.17189025878906,68.34376525878906,67.04064178466797,67.87501525878906,15790908
2012-10-12,55.52110290527344,66.00939178466797,66.73126220703125,65.44689178466797,66.56251525878906,13801351
2012-10-15,55.497440338134766,65.98126220703125,66.30938720703125,65.76564025878906,65.81251525878906,3180585
2012-10-16,55.560523986816406,66.05626678466797,67.01251220703125,65.81251525878906,66.20626831054688,3950772
2012-10-17,55.52110290527344,66.00939178466797,66.65626525878906,65.57814025878906,66.29064178466797,5650275
2012-10-18,54.58273696899414,64.89376831054688,66.13126373291016,64.61251831054688,66.07501220703125,11659773
2012-10-19,54.338294982910156,64.60314178466797,65.53126525878906,64.31251525878906,65.17501831054688,7658254
2012-10-22,54.188472747802734,64.42501831054688,65.14688873291016,64.08751678466797,65.06251525878906,5580718
2012-10-23,54.07806396484375,64.29376220703125,64.68751525878906,63.95626449584961,64.13439178466797,5960131
2012-10-25,53.63648986816406,63.76876449584961,65.26876831054688,63.600013732910156,64.59376525878906,20299637
2012-10-29,54.38560485839844,64.65939331054688,64.86563873291016,63.37501525878906,63.75001525878906,9539469
2012-10-30,54.81142044067383,65.16564178466797,65.44689178466797,64.04064178466797,64.73439025878906,14855553
2012-10-31,55.30029296875,65.74688720703125,66.60939025878906,65.26876831054688,65.26876831054688,10483677
2012-11-01,56.97200012207031,67.73439025878906,68.62501525878906,65.25001525878906,65.25001525878906,36283388
2012-11-02,57.50033187866211,68.36251831054688,69.92813873291016,67.18126678466797,69.37501525878906,27223662
2012-11-05,57.16913986206055,67.96876525878906,68.90626525878906,67.58438873291016,68.42813873291016,4603364
2012-11-06,57.72112274169922,68.62501525878906,68.87814331054688,67.50001525878906,67.96876525878906,6640073
2012-11-07,58.012874603271484,68.97189331054688,69.56251525878906,68.54064178466797,68.62501525878906,5931203
2012-11-08,59.20359420776367,70.38751983642578,70.59376525878906,68.15626525878906,68.41876983642578,12551874
2012-11-09,58.47812271118164,69.52501678466797,70.88439178466797,69.23439025878906,70.39688873291016,4985289
2012-11-12,58.15482711791992,69.14064025878906,69.95626831054688,68.82189178466797,69.41251373291016,3834169
2012-11-15,57.05085754394531,67.82814025878906,69.25314331054688,67.54689025878906,69.03751373291016,3013177
2012-11-16,56.63294219970703,67.33126831054688,68.58751678466797,67.12501525878906,67.68751525878906,3073380
2012-11-19,56.483116149902344,67.15313720703125,67.95001220703125,66.59063720703125,67.19064331054688,3334916
2012-11-20,57.05085754394531,67.82814025878906,68.21251678466797,66.78751373291016,67.68751525878906,3553881
2012-11-21,57.847286224365234,68.77501678466797,69.00001525878906,67.66876220703125,67.80001831054688,3540612
2012-11-22,58.47812271118164,69.52501678466797,69.86251831054688,68.68126678466797,69.02814483642578,3810223
2012-11-23,57.85517120361328,68.78439331054688,70.43439483642578,68.43751525878906,69.75001525878906,3817129
2012-11-26,59.21148681640625,70.39688873291016,70.63126373291016,68.81251525878906,69.00001525878906,7435758
2012-11-27,59.76344680786133,71.05313873291016,71.37189483642578,70.43439483642578,70.50001525878906,9874418
2012-11-29,60.930477142333984,72.44064331054688,73.09689331054688,70.73439025878906,70.79064178466797,15358300
2012-11-30,62.018653869628906,73.73439025878906,74.25001525878906,72.15939331054688,72.24376678466797,10424909
2012-12-03,62.2315559387207,73.98751831054688,74.52189636230469,73.68751525878906,73.70626831054688,6359102
2012-12-04,61.206478118896484,72.76876831054688,74.99064636230469,72.29064178466797,74.08126831054688,5643849
2012-12-05,60.078853607177734,71.42813873291016,73.34064483642578,71.04376983642578,72.85314178466797,7427454
2012-12-06,59.9053840637207,71.22189331054688,71.81251525878906,70.35001373291016,71.74689483642578,5475758
2012-12-07,59.9605712890625,71.28751373291016,71.74689483642578,70.96876525878906,71.74689483642578,4505630
2012-12-10,60.26021194458008,71.64376831054688,73.12501525878906,71.43751525878906,73.09689331054688,6464473
2012-12-11,59.85808181762695,71.16564178466797,72.73126983642578,70.18126678466797,72.09376525878906,6431758
2012-12-12,59.108951568603516,70.27501678466797,72.28126525878906,69.69376373291016,71.51251983642578,8516243
2012-12-13,58.919708251953125,70.05001831054688,71.13751983642578,69.89064025878906,70.27501678466797,5523715
2012-12-14,59.29031753540039,70.49063873291016,70.81876373291016,69.81564331054688,69.81564331054688,4117817
2012-12-17,58.383487701416016,69.41251373291016,70.87501525878906,68.70001983642578,70.68751525878906,6110585
2012-12-18,59.274559020996094,70.47189331054688,71.15626525878906,68.99063873291016,69.51564025878906,6503678
2012-12-19,60.89894104003906,72.40314483642578,72.58126831054688,70.22814178466797,70.69689178466797,4991513
2012-12-20,60.252349853515625,71.63439178466797,73.31251525878906,71.09064483642578,72.65626525878906,6335950
2012-12-21,59.842288970947266,71.14688873291016,71.98126983642578,70.70626831054688,70.93126678466797,4364713
2012-12-24,60.86741256713867,72.36564636230469,72.54376983642578,71.27814483642578,71.27814483642578,3053033
2012-12-26,60.72545623779297,72.19689178466797,72.34689331054688,71.54064178466797,72.01876831054688,3819225
2012-12-27,60.796417236328125,72.28126525878906,72.75001525878906,71.67189025878906,72.65626525878906,7196264
2012-12-28,61.829429626464844,73.50939178466797,73.67814636230469,72.40314483642578,72.40314483642578,4168004
2012-12-31,62.215789794921875,73.96876525878906,74.71876525878906,73.61251831054688,73.81877136230469,12416551
2013-01-01,62.594295501708984,74.41876983642578,74.81251525878906,73.34064483642578,74.25939178466797,4247486
2013-01-02,62.097530364990234,73.82814025878906,74.85939025878906,73.44377136230469,74.68126678466797,4566377
2013-01-03,62.73624801635742,74.58751678466797,74.81251525878906,73.84689331054688,74.15626525878906,9293000
2013-01-04,63.65884017944336,75.68439483642578,75.91876983642578,74.55939483642578,74.79376983642578,9062813
2013-01-07,63.86384582519531,75.92814636230469,76.59376525878906,75.57189178466797,75.70314025878906,6664707
2013-01-08,62.79142379760742,74.65314483642578,75.89064025878906,74.17501831054688,75.54376983642578,5838542
2013-01-09,62.617958068847656,74.44689178466797,75.16876983642578,73.79064178466797,74.67189025878906,7672520
2013-01-10,62.3892822265625,74.17501831054688,76.08751678466797,73.78126525878906,74.77501678466797,9906248
2013-01-11,66.22945404052734,78.74064636230469,79.27501678466797,75.85314178466797,76.12501525878906,24040265
2013-01-14,66.10330200195312,78.59064483642578,79.66876983642578,78.25314331054688,79.32189178466797,8431784
2013-01-15,66.38719177246094,78.92814636230469,79.42501831054688,78.18751525878906,79.03126525878906,5210345
2013-01-16,66.22945404052734,78.74064636230469,79.68751525878906,78.05626678466797,78.93751525878906,8225720
2013-01-17,67.92481994628906,80.75627136230469,81.8437728881836,79.20001983642578,79.50001525878906,20826538
2013-01-18,62.66527557373047,74.50314331054688,82.42501831054688,74.10939025878906,82.1250228881836,42738767
2013-01-21,62.69681930541992,74.54064178466797,75.33751678466797,73.73439025878906,75.19689178466797,15348870
2013-01-22,62.88606262207031,74.76564025878906,75.60939025878906,74.23126983642578,74.65314483642578,11873794
2013-01-23,63.678565979003906,75.32814025878906,75.55314636230469,74.42814636230469,74.48439025878906,8255341
2013-01-24,64.18577575683594,75.92814636230469,76.50001525878906,75.33751678466797,75.37501525878906,7883939
2013-01-25,64.6137466430664,76.43439483642578,76.57501983642578,75.11251831054688,75.75001525878906,6788739
2013-01-28,65.54891967773438,77.54064178466797,78.23439025878906,76.03126525878906,76.48126983642578,7647518
2013-01-29,64.7722396850586,76.62189483642578,77.43751525878906,76.02189636230469,76.92189025878906,6541902
2013-01-30,65.75496673583984,77.78439331054688,78.16876983642578,75.96564483642578,76.46251678466797,5489075
2013-01-31,65.23189544677734,77.16564178466797,77.90626525878906,76.23751831054688,77.26876831054688,7239480
2013-02-01,64.60582733154297,76.42501831054688,77.52189636230469,76.32189178466797,76.87501525878906,5916670
2013-02-04,64.68506622314453,76.51876831054688,76.94064331054688,76.09689331054688,76.55626678466797,5443982
2013-02-05,64.5107192993164,76.31251525878906,76.49064636230469,75.48751831054688,76.12501525878906,4271070
2013-02-06,64.29674530029297,76.05939483642578,76.86564636230469,75.39376831054688,76.63127136230469,4441545
2013-02-07,64.3046646118164,76.06877136230469,76.42501831054688,75.18751525878906,75.56251525878906,2552730
2013-02-08,65.36662292480469,77.32501983642578,77.90626525878906,75.60939025878906,76.50001525878906,5678441
2013-02-11,64.90695190429688,76.78126525878906,78.90939331054688,76.51876831054688,77.62501525878906,7882200
2013-02-12,65.27945709228516,77.22189331054688,77.56877136230469,75.98439025878906,76.87501525878906,4508100
2013-02-13,64.8990478515625,76.77189636230469,77.98126983642578,76.20001983642578,77.29689025878906,5857619
2013-02-14,62.73548126220703,74.21251678466797,76.12501525878906,73.87501525878906,75.97502136230469,15573505
2013-02-15,63.28232192993164,74.85939025878906,75.45001983642578,72.20626831054688,74.06251525878906,8234408
2013-02-18,63.86085510253906,75.54376983642578,75.75001525878906,73.80939483642578,74.57814025878906,6106590
2013-02-19,65.10509490966797,77.01564025878906,77.26876831054688,75.11251831054688,75.75939178466797,5049097
2013-02-20,65.35078430175781,77.30626678466797,77.88751983642578,76.65939331054688,77.06251525878906,5471689
2013-02-21,64.32052612304688,76.08751678466797,78.10314178466797,75.72189331054688,76.90314483642578,7125859
2013-02-22,65.92931365966797,77.99064636230469,78.45939636230469,75.59064483642578,75.84376525878906,11582722
2013-02-25,66.42859649658203,78.58126831054688,79.83751678466797,78.03752136230469,78.03752136230469,9877752
2013-02-26,65.92139434814453,77.98126983642578,78.85314178466797,77.40939331054688,78.17814636230469,7714451
2013-02-27,66.33350372314453,78.46876525878906,79.24689483642578,77.46564483642578,78.37501525878906,8253384
2013-02-28,66.00064086914062,78.07501983642578,79.78126525878906,77.15626525878906,78.75001525878906,15345996
2013-03-01,66.8407211303711,79.06877136230469,79.78126525878906,78.45001983642578,78.75001525878906,7007246
2013-03-04,66.49201965332031,78.65626525878906,79.65001678466797,78.40314483642578,78.75939178466797,7096424
2013-03-05,68.63970947265625,81.19689178466797,81.49689483642578,78.56251525878906,78.75939178466797,13619329
2013-03-06,70.04248046875,82.85626983642578,83.6250228881836,81.27189636230469,81.2812728881836,10632306
2013-03-07,71.22331237792969,84.25314331054688,84.9000244140625,83.08126831054688,83.08126831054688,14614545
2013-03-08,70.58931732177734,83.50314331054688,85.5000228881836,83.30626678466797,84.16876983642578,13742364
2013-03-11,69.66999053955078,82.41564178466797,84.27189636230469,82.05001831054688,83.0156478881836,8375491
2013-03-12,69.52734375,82.24689483642578,83.19377136230469,81.43126678466797,82.51876831054688,5993385
2013-03-13,69.63036346435547,82.36876678466797,83.4843978881836,81.63751983642578,82.10626983642578,6780771
2013-03-14,69.5035629272461,82.2187728881836,83.2031478881836,81.45001983642578,82.36876678466797,5521177
2013-03-15,69.89190673828125,82.67814636230469,83.00627136230469,81.77814483642578,82.29376983642578,4308702
2013-03-18,68.73481750488281,81.30939483642578,82.65939331054688,81.0000228881836,82.20001983642578,2711092
2013-03-19,68.73481750488281,81.30939483642578,82.29376983642578,80.56877136230469,81.5625228881836,3878665
2013-03-20,68.14834594726562,80.61564636230469,81.7031478881836,79.95001983642578,81.25314331054688,8053789
2013-03-21,68.90917205810547,81.5156478881836,81.9843978881836,80.12814331054688,80.7187728881836,5378206
2013-03-22,69.05973815917969,81.69377136230469,82.39689636230469,80.46564483642578,81.61876678466797,6314115
2013-03-25,68.37025451660156,80.87814331054688,82.57501983642578,80.54064178466797,82.36876678466797,8500989
2013-03-26,69.41637420654297,82.11564636230469,82.70626831054688,79.96876525878906,80.9062728881836,6408339
2013-03-28,69.28958892822266,81.96564483642578,82.85626983642578,80.88751983642578,81.36564636230469,17910528
2013-04-01,68.31478118896484,80.8125228881836,82.8281478881836,80.26876831054688,81.99376678466797,4669486
2013-04-02,71.27086639404297,84.30939483642578,84.60002136230469,80.19377136230469,80.8125228881836,10150754
2013-04-03,71.10443878173828,84.11251831054688,85.25627136230469,83.6250228881836,83.83126831054688,10462632
2013-04-04,70.54969024658203,83.45626831054688,84.7031478881836,82.7812728881836,83.8125228881836,8704264
2013-04-05,72.0554428100586,85.23751831054688,86.8125228881836,82.2656478881836,82.7812728881836,9640178
2013-04-08,71.13613891601562,84.1500244140625,85.5000228881836,80.54064178466797,84.6562728881836,32723490
2013-04-09,62.402626037597656,73.81877136230469,78.37501525878906,73.17189025878906,76.31251525878906,37791035
2013-04-10,63.7578239440918,75.42189025878906,75.90001678466797,74.08126831054688,74.08126831054688,13002327
2013-04-11,63.8687744140625,75.55314636230469,76.50001525878906,74.81251525878906,76.38751983642578,6829688
2013-04-12,60.833457946777344,71.96251678466797,73.12501525878906,71.07189178466797,73.10626983642578,20673728
2013-04-15,60.08848571777344,71.08126831054688,73.62189483642578,70.55626678466797,71.98126983642578,8408424
2013-04-16,60.44512939453125,71.50314331054688,71.83126831054688,70.63126373291016,70.96876525878906,3664047
2013-04-17,59.36729431152344,70.22814178466797,72.27189636230469,69.60001373291016,72.18751525878906,6061310
2013-04-18,58.49553680419922,69.19689178466797,70.85626983642578,67.93126678466797,69.98439025878906,13580647
2013-04-22,53.7959098815918,63.637516021728516,65.25001525878906,61.40626525878906,64.93126678466797,47731097
2013-04-23,54.326900482177734,64.26564025878906,65.23126220703125,63.76876449584961,64.17189025878906,9254973
2013-04-25,53.17775344848633,62.90626525878906,64.67813873291016,62.381263732910156,64.31251525878906,12929346
2013-04-26,52.337684631347656,61.912513732910156,63.56251525878906,61.45314025878906,63.037513732910156,7893091
2013-04-29,54.20802307128906,64.12501525878906,64.29376220703125,61.350013732910156,62.06251525878906,9223384
2013-04-30,55.21452713012695,65.31564331054688,65.62501525878906,63.60939025878906,64.52813720703125,8185005
2013-05-02,55.83268737792969,66.04689025878906,66.65626525878906,64.39688873291016,65.25001525878906,8254989
2013-05-03,56.30818176269531,66.60939025878906,67.09689331054688,65.47501373291016,65.74688720703125,6784664
2013-05-06,56.64104461669922,67.00314331054688,67.77188873291016,66.31876373291016,66.91876220703125,6123710
2013-05-07,55.60285186767578,65.77501678466797,67.50001525878906,65.44689178466797,67.12501525878906,12478951
2013-05-08,55.64247131347656,65.82189178466797,66.45001220703125,65.10939025878906,66.00001525878906,5604766
2013-05-09,56.23686218261719,66.52501678466797,66.93751525878906,66.00001525878906,66.07501220703125,6729496
2013-05-10,56.26856994628906,66.56251525878906,66.96563720703125,66.11251831054688,66.85314178466797,8036909
2013-05-13,55.151123046875,65.24063873291016,66.67501831054688,64.91251373291016,66.56251525878906,7147128
2013-05-14,55.10356521606445,65.18438720703125,65.71876525878906,64.61251831054688,65.25001525878906,2786095
2013-05-15,54.865814208984375,64.90313720703125,65.90626525878906,64.03126525878906,65.10939025878906,8203171
2013-05-16,54.913360595703125,64.95938873291016,65.12814331054688,64.22814178466797,64.96876525878906,10250744
2013-05-17,54.52503967285156,64.50001525878906,65.51251220703125,63.48751449584961,64.87501525878906,5854782
2013-05-20,53.56609344482422,63.365638732910156,64.09689331054688,62.653141021728516,63.98439025878906,24495289
2013-05-21,53.7166633605957,63.543766021728516,64.45314025878906,63.00939178466797,63.38439178466797,8092355
2013-05-22,54.21595001220703,64.13439178466797,64.42501831054688,63.58126449584961,63.637516021728516,7688840
2013-05-23,53.431358337402344,63.20626449584961,64.22814178466797,62.21251678466797,63.94689178466797,11497879
2013-05-24,53.2887077331543,63.037513732910156,64.20001220703125,62.40001678466797,63.47814178466797,3572532
2013-05-27,53.93064498901367,63.79689025878906,64.12501525878906,62.43751525878906,63.18751525878906,6575123
2013-05-28,53.9068717956543,63.76876449584961,64.39688873291016,63.00001525878906,63.506263732910156,7072712
2013-05-29,53.787986755371094,63.62813949584961,64.55626678466797,63.00939178466797,63.56251525878906,9132840
2013-05-30,53.272850036621094,63.01876449584961,64.18126678466797,62.71876525878906,63.29064178466797,6241134
2013-05-31,51.93350601196289,61.434391021728516,63.72188949584961,59.03438949584961,63.32814025878906,14529015
2013-06-03,51.50554656982422,60.928138732910156,62.62501525878906,60.58126449584961,61.89376449584961,7860963
2013-06-04,52.448638916015625,62.043766021728516,62.59688949584961,61.19063949584961,61.19063949584961,5117950
2013-06-05,51.513465881347656,60.93751525878906,62.381263732910156,60.75939178466797,62.25001525878906,5368905
2013-06-06,52.30598449707031,61.87501525878906,62.10939025878906,60.58126449584961,60.75001525878906,7252190
2013-06-07,53.08264923095703,62.793766021728516,63.56251525878906,61.50001525878906,61.50001525878906,4358180
2013-06-10,54.40614700317383,64.35939025878906,64.66876220703125,63.15001678466797,63.18751525878906,5570099
2013-06-11,54.69145584106445,64.69689178466797,65.06251525878906,59.98126220703125,64.51876831054688,12429842
2013-06-12,54.58051681518555,64.56564331054688,64.87501525878906,63.93751525878906,64.82814025878906,5936179
2013-06-13,53.89101791381836,63.75001525878906,63.93751525878906,62.25001525878906,63.75001525878906,3621769
2013-06-14,53.50269317626953,63.29064178466797,64.27501678466797,61.92189025878906,61.92189025878906,6451801
2013-06-17,53.581932067871094,63.38439178466797,63.75001525878906,62.25001525878906,63.30001449584961,2874084
2013-06-18,54.08122253417969,63.975013732910156,64.12501525878906,63.225013732910156,63.39376449584961,2349263
2013-06-19,54.44578552246094,64.40626525878906,64.63126373291016,63.28126525878906,64.12501525878906,5025870
2013-06-20,55.07978820800781,65.15626525878906,65.51251220703125,64.01251220703125,64.50001525878906,21359919
2013-06-21,55.22243881225586,65.32501220703125,65.81251525878906,64.66876220703125,64.85626220703125,19434245
2013-06-24,54.929222106933594,64.97814178466797,65.60626220703125,62.053138732910156,65.25001525878906,6936616
2013-06-25,54.48540115356445,64.45314025878906,64.87501525878906,63.00001525878906,64.87501525878906,7327880
2013-06-26,55.174896240234375,65.26876831054688,65.51251220703125,63.75001525878906,64.36876678466797,6610163
2013-06-27,55.818153381347656,65.08126831054688,65.94376373291016,64.31251525878906,65.25001525878906,10136573
2013-06-28,56.123687744140625,65.43751525878906,66.00001525878906,63.93751525878906,65.98126220703125,10161992
2013-07-01,56.485511779785156,65.85939025878906,66.00001525878906,64.78126525878906,65.43751525878906,4449449
2013-07-02,56.75889587402344,66.17813873291016,66.50626373291016,65.46563720703125,66.00001525878906,9998157
2013-07-03,55.21509552001953,64.37814331054688,66.35626220703125,64.03126525878906,66.00001525878906,5189076
2013-07-04,56.22821807861328,65.55938720703125,65.79376220703125,64.68751525878906,64.87501525878906,5692889
2013-07-05,56.4372673034668,65.80313873291016,65.98126220703125,65.25001525878906,65.84063720703125,8578813
2013-07-08,57.16896057128906,66.65626525878906,67.06876373291016,64.92189025878906,64.92189025878906,8464083
2013-07-09,57.916748046875,67.52813720703125,67.68751525878906,66.56251525878906,66.60001373291016,6110414
2013-07-10,58.67257308959961,68.40939331054688,68.50314331054688,67.50001525878906,67.50001525878906,8635667
2013-07-11,58.53588104248047,68.25001525878906,69.15001678466797,67.98751831054688,68.78439331054688,6650921
2013-07-12,60.40131759643555,70.42501831054688,71.25001525878906,68.95314025878906,69.37501525878906,11080599
2013-07-15,61.414424896240234,71.60626983642578,71.88751983642578,70.29376983642578,70.29376983642578,6401038
2013-07-16,60.36916732788086,70.38751983642578,72.17814636230469,69.56251525878906,70.42501831054688,6085438
2013-07-17,62.250675201416016,72.58126831054688,73.19064331054688,70.34064483642578,70.50001525878906,7067315
2013-07-18,62.04964065551758,72.34689331054688,73.87501525878906,71.73751831054688,72.41252136230469,5903017
2013-07-19,62.942161560058594,73.38751983642578,73.68751525878906,72.57189178466797,73.12501525878906,6813294
2013-07-22,63.19142532348633,73.67814636230469,73.96876525878906,72.33751678466797,73.31251525878906,5353091
2013-07-23,61.784297943115234,72.03752136230469,74.53126525878906,71.59689331054688,73.64064025878906,7519112
2013-07-24,63.09491729736328,73.56564331054688,73.95939636230469,71.25001525878906,71.62501525878906,8424109
2013-07-25,60.505855560302734,70.54689025878906,73.86564636230469,69.24376678466797,73.50001525878906,13929740
2013-07-26,61.422462463378906,71.61563873291016,72.68439483642578,69.00001525878906,71.26876831054688,13517468
2013-07-29,65.61968231201172,76.50939178466797,78.37501525878906,73.42501831054688,75.18751525878906,34070892
2013-07-30,67.34843444824219,78.52501678466797,79.31251525878906,76.50939178466797,76.87501525878906,17077126
2013-07-31,70.43604278564453,82.1250228881836,82.6875228881836,78.75001525878906,78.75001525878906,19267024
2013-08-01,70.1787338256836,81.82501983642578,83.21251678466797,80.1562728881836,82.1250228881836,10489213
2013-08-02,70.54861450195312,82.25627136230469,84.69377136230469,81.45001983642578,81.7968978881836,10865618
2013-08-05,72.24520111083984,84.2343978881836,84.5625228881836,81.47814178466797,82.1250228881836,13347063
2013-08-06,72.57483673095703,84.6187744140625,86.94377136230469,83.85002136230469,83.8593978881836,17975488
2013-08-07,72.53466033935547,84.5718994140625,86.75627136230469,83.5781478881836,84.3750228881836,17483051
2013-08-08,71.90747833251953,83.84064483642578,84.3750228881836,81.16876983642578,84.0000228881836,10745789
2013-08-12,73.12162017822266,85.25627136230469,85.3218994140625,83.0625228881836,83.0625228881836,8818557
2013-08-13,75.19607543945312,87.67501831054688,88.02189636230469,85.1250228881836,85.1250228881836,10606802
2013-08-14,73.989990234375,86.26876831054688,88.66876983642578,85.14376831054688,87.4218978881836,7544360
2013-08-16,73.41107940673828,85.5937728881836,87.73126983642578,85.00314331054688,85.63127136230469,14038679
2013-08-19,73.40303802490234,85.58439636230469,87.0000228881836,84.7125244140625,85.3687744140625,7117651
2013-08-20,72.08436584472656,84.0468978881836,86.2500228881836,82.83751678466797,84.97502136230469,10978274
2013-08-21,71.07123565673828,82.86564636230469,84.90939331054688,82.08751678466797,83.92501831054688,8338141
2013-08-22,71.51348876953125,83.38127136230469,84.15939331054688,81.6562728881836,82.5000228881836,7859187
2013-08-23,72.07632446289062,84.03752136230469,84.5625228881836,82.04064178466797,83.27814483642578,13972924
2013-08-26,73.82919311523438,86.08126831054688,87.3750228881836,84.2812728881836,84.2812728881836,14138503
2013-08-27,73.16182708740234,85.30314636230469,87.30001831054688,84.67501831054688,86.1656494140625,12558247
2013-08-28,75.81522369384766,88.39689636230469,88.8843994140625,85.8750228881836,85.95939636230469,25402484
2013-08-29,76.13683319091797,88.77189636230469,89.98126983642578,86.6718978881836,88.5000228881836,24565935
2013-08-30,77.76908111572266,90.67501831054688,92.8125228881836,87.8531494140625,89.1093978881836,57848236
2013-09-02,77.90577697753906,90.83439636230469,91.80001831054688,90.1406478881836,90.5718994140625,12144546
2013-09-03,77.08563995361328,89.87814331054688,93.8625259399414,88.7812728881836,90.9843978881836,14590503
2013-09-04,77.39922332763672,90.2437744140625,92.3437728881836,89.3437728881836,90.2343978881836,18598630
2013-09-05,75.4051513671875,87.91876983642578,90.7500228881836,87.0000228881836,90.30939483642578,16353921
2013-09-06,75.3408432006836,87.8437728881836,90.73126983642578,87.16876983642578,87.77814483642578,23097146
2013-09-10,75.91171264648438,88.5093994140625,90.7500228881836,87.4312744140625,88.80939483642578,22058021
2013-09-11,76.3861083984375,89.0625228881836,90.54376983642578,88.1812744140625,88.56564331054688,23817796
2013-09-12,75.88758850097656,88.48126983642578,89.92501831054688,87.77814483642578,88.8750228881836,23976378
2013-09-13,73.25025177001953,85.4062728881836,88.8750228881836,84.55314636230469,88.8750228881836,18149504
2013-09-16,72.63914489746094,84.69377136230469,85.8750228881836,83.79376983642578,85.5562744140625,13683767
2013-09-17,76.37808227539062,89.05314636230469,90.0000228881836,84.9843978881836,85.09689331054688,14682204
2013-09-18,77.30274200439453,90.13127136230469,90.9375228881836,88.6406478881836,89.0625228881836,13467575
2013-09-19,75.90367889404297,88.5000228881836,90.68439483642578,87.86251831054688,89.6250228881836,8463027
2013-09-20,76.37000274658203,89.04376983642578,90.2437744140625,88.3125228881836,88.3125228881836,8775544
2013-09-23,77.75301361083984,90.6562728881836,91.85626983642578,88.8750228881836,89.2500228881836,13790561
2013-09-24,76.84442138671875,89.59689331054688,91.95001983642578,88.7343978881836,91.1250228881836,9078483
2013-09-25,76.47454833984375,89.1656494140625,91.0406494140625,88.89376831054688,90.0000228881836,10174274
2013-09-26,76.90873718261719,89.6718978881836,91.85626983642578,88.8750228881836,88.9218978881836,27649262
2013-09-27,76.5228042602539,89.22189331054688,90.91876983642578,88.5937728881836,90.3750228881836,11529287
2013-09-30,76.0725326538086,88.6968994140625,90.91876983642578,88.14376831054688,89.2593994140625,8114451
2013-10-01,75.87954711914062,88.47189331054688,89.9062728881836,88.1343994140625,89.23126983642578,6187171
2013-10-03,78.01030731201172,90.95626831054688,91.6875228881836,88.85626983642578,88.8750228881836,16783713
2013-10-04,77.66456604003906,90.55314636230469,92.0625228881836,89.87814331054688,90.7593994140625,6945736
2013-10-07,77.51181030273438,90.3750228881836,91.2187728881836,90.1875228881836,90.8437728881836,5585155
2013-10-08,77.7449722290039,90.64689636230469,92.4375228881836,90.03752136230469,90.9375228881836,10509016
2013-10-09,76.74794006347656,89.4843978881836,91.10626983642578,89.23126983642578,90.0093994140625,14322401
2013-10-10,77.21428680419922,90.02814483642578,90.8531494140625,89.6250228881836,90.0000228881836,12540220
2013-10-11,78.51687622070312,91.5468978881836,93.5625228881836,90.7500228881836,92.0625228881836,18845216
2013-10-14,80.58332824707031,93.9562759399414,95.2500228881836,91.9687728881836,92.0250244140625,19727968
2013-10-15,82.11104583740234,95.7375259399414,97.4531478881836,94.5187759399414,94.6875228881836,28878302
2013-10-17,79.60236358642578,92.8125228881836,96.8437728881836,92.1562728881836,96.0187759399414,19074107
2013-10-18,81.43563079833984,94.95001983642578,95.98126983642578,92.7187728881836,93.9375228881836,16425889
2013-10-21,81.37132263183594,94.8750228881836,96.5250244140625,93.9937744140625,95.6250228881836,21759754
2013-10-22,82.78646087646484,96.5250244140625,97.06877136230469,95.4375228881836,96.5625228881836,22418207
2013-10-23,79.1922836303711,92.33439636230469,95.79376983642578,90.41252136230469,95.7750244140625,36558038
2013-10-24,75.71874237060547,88.28439331054688,92.66252136230469,87.96564483642578,92.33439636230469,25279913
2013-10-25,77.36705780029297,90.20626831054688,90.68439483642578,87.69377136230469,88.1250228881836,19774731
2013-10-28,77.8093032836914,90.72189331054688,91.05001831054688,89.38127136230469,90.67501831054688,10396685
2013-10-29,78.24349212646484,91.2281494140625,91.5093994140625,90.1875228881836,91.06877136230469,12220855
2013-10-30,76.66754913330078,89.3906478881836,91.48126983642578,88.70626831054688,91.48126983642578,13194322
2013-10-31,76.8202896118164,89.56877136230469,91.09689331054688,89.0625228881836,89.08126831054688,20131578
2013-11-01,77.60025787353516,90.4781494140625,90.9000244140625,89.4843978881836,89.4843978881836,6951635
2013-11-05,77.20626068115234,90.01876831054688,90.74064636230469,89.0625228881836,90.4218978881836,7261886
2013-11-06,77.57612609863281,90.45001983642578,91.47189331054688,89.88751983642578,90.5625228881836,9420525
2013-11-07,77.50376892089844,90.36564636230469,91.6875228881836,89.6250228881836,90.9375228881836,13290967
2013-11-08,77.4394302368164,90.2906494140625,91.29376983642578,89.6250228881836,90.88127136230469,5562675
2013-11-11,77.44745635986328,90.30001831054688,91.3218994140625,89.8218994140625,90.0093994140625,12039452
2013-11-12,77.60828399658203,90.48751831054688,91.80939483642578,89.55001831054688,90.9000244140625,23802026
2013-11-13,77.56004333496094,90.4312744140625,91.3125228881836,89.99064636230469,90.5625228881836,8408899
2013-11-14,78.20329284667969,91.1812744140625,92.0250244140625,90.11251831054688,90.9375228881836,12361095
2013-11-18,79.152099609375,92.28752136230469,93.31877136230469,91.6875228881836,91.6875228881836,12432066
2013-11-19,78.4847412109375,91.5093994140625,92.6250228881836,91.3593978881836,92.4843978881836,8811144
2013-11-20,77.68065643310547,90.5718994140625,92.5312728881836,90.0468978881836,90.9843978881836,7871187
2013-11-21,76.932861328125,89.70001983642578,91.30314636230469,89.2125244140625,90.3843994140625,11852498
2013-11-22,76.86050415039062,89.61564636230469,90.54376983642578,89.45626831054688,90.0937728881836,4989849
2013-11-25,77.0052490234375,89.78439331054688,90.67501831054688,89.55939483642578,89.8125228881836,8448189
2013-11-26,76.37000274658203,89.04376983642578,89.92501831054688,88.3687744140625,89.45626831054688,11722813
2013-11-27,75.54987335205078,88.0875244140625,89.12814331054688,87.82501983642578,88.7343978881836,8338461
2013-11-28,76.00016021728516,88.61251831054688,89.0625228881836,88.2187728881836,88.3125228881836,10678834
2013-11-29,75.71070861816406,88.2750244140625,89.3906478881836,88.10626983642578,89.3906478881836,9333373
2013-12-02,77.39118194580078,90.2343978881836,90.7500228881836,87.49689483642578,88.8750228881836,11770327
2013-12-03,77.58415985107422,90.45939636230469,91.1812744140625,90.1500244140625,90.7500228881836,8176627
2013-12-04,79.01541137695312,92.1281509399414,92.7750244140625,89.83126831054688,90.12189483642578,11581639
2013-12-05,79.26465606689453,92.41876983642578,93.5156478881836,91.1343994140625,93.0000228881836,10593906
2013-12-06,79.40940856933594,92.5875244140625,93.3750228881836,91.1250228881836,91.80001831054688,7008184
2013-12-09,81.56427001953125,95.10002136230469,95.4375228881836,91.98751831054688,93.3750228881836,8338381
2013-12-10,83.09200286865234,96.88127136230469,97.99690246582031,94.2375259399414,95.0812759399414,18993717
2013-12-11,83.39755249023438,97.2375259399414,97.7812728881836,95.6250228881836,96.1875228881836,9574333
2013-12-12,82.11907196044922,95.74689483642578,96.8437728881836,95.3062744140625,96.5625228881836,4802777
2013-12-13,83.42167663574219,97.2656478881836,97.5562744140625,95.14689636230469,95.60626983642578,5603230
2013-12-16,84.28203582763672,98.2687759399414,98.6437759399414,96.6093978881836,97.5000228881836,12102967
2013-12-17,83.28498077392578,97.10627746582031,99.36564636230469,96.6093978881836,98.4843978881836,6769656
2013-12-18,83.89606475830078,97.81877136230469,98.23127746582031,96.17814636230469,97.10627746582031,5437811
2013-12-19,85.09412384033203,99.21565246582031,100.91252136230469,97.1812744140625,97.9218978881836,12461634
2013-12-20,88.2701644897461,102.91877746582031,103.63127136230469,99.4406509399414,100.20002746582031,14152076
2013-12-23,88.7686996459961,103.5000228881836,104.41877746582031,102.1031494140625,103.0406494140625,8871725
2013-12-24,86.85504150390625,101.2687759399414,103.8750228881836,101.0625228881836,103.24690246582031,3912036
2013-12-26,88.221923828125,102.8625259399414,103.5000228881836,100.62190246582031,101.4843978881836,11375442
2013-12-27,89.26721954345703,104.0812759399414,104.51252746582031,102.5625228881836,103.1250228881836,6188483
2013-12-30,88.69633483886719,103.4156494140625,104.61565399169922,102.40315246582031,104.1187744140625,4672638
2013-12-31,89.92655944824219,104.85002899169922,105.2812728881836,102.9843978881836,104.0625228881836,3756287
2014-01-01,88.88125610351562,103.63127136230469,105.7500228881836,103.3312759399414,105.7500228881836,2362703
2014-01-02,88.92146301269531,103.67814636230469,104.4000244140625,102.40315246582031,103.63127136230469,4882590
2014-01-03,89.50843048095703,104.3625259399414,104.70002746582031,102.4312744140625,102.5625228881836,5907534
2014-01-06,89.73356628417969,104.6250228881836,105.9000244140625,104.0625228881836,104.98127746582031,9896413
2014-01-07,88.47923278808594,103.16252136230469,104.75627899169922,102.1875228881836,104.6250228881836,6572222
2014-01-08,87.98876953125,102.59065246582031,103.29377746582031,101.89689636230469,102.9375228881836,5747161
2014-01-09,86.98368072509766,101.41877746582031,103.8281478881836,100.7906494140625,102.5625228881836,8731480
2014-01-10,88.98580169677734,103.7531509399414,104.41877746582031,99.6750259399414,101.8312759399414,14175420
2014-01-13,90.28838348388672,105.27190399169922,106.5000228881836,104.0625228881836,104.0625228881836,10086509
2014-01-14,89.0260009765625,103.8000259399414,105.5625228881836,103.0500259399414,105.4781494140625,7789176
2014-01-15,90.16776275634766,105.13127899169922,105.7500228881836,103.44377136230469,104.4843978881836,6949390
2014-01-16,91.91259765625,107.1656494140625,107.5969009399414,104.0625228881836,104.0625228881836,9157779
2014-01-17,88.88125610351562,103.63127136230469,107.98127746582031,102.9937744140625,107.8125228881836,13427479
2014-01-20,92.15381622314453,107.4468994140625,108.31877899169922,103.5187759399414,103.6125259399414,25131145
2014-01-21,91.91259765625,107.1656494140625,108.37503051757812,106.57502746582031,107.7656478881836,11808637
2014-01-22,93.43222045898438,108.36565399169922,109.2844009399414,106.5093994140625,106.8750228881836,11182482
2014-01-23,93.5211410522461,108.46878051757812,108.8156509399414,105.9375228881836,108.00003051757812,10879074
2014-01-24,92.60774230957031,107.4094009399414,110.06253051757812,106.95940399169922,107.9250259399414,11475341
2014-01-27,92.23590087890625,106.9781494140625,108.56253051757812,106.06877899169922,106.8750228881836,10395826
2014-01-28,91.75901794433594,106.4250259399414,107.41877746582031,105.7687759399414,106.6500244140625,6148830
2014-01-29,92.3895034790039,107.1562728881836,107.9625244140625,105.9375228881836,105.9375228881836,6084537
2014-01-30,92.34098815917969,107.10002899169922,107.7750244140625,105.30940246582031,106.5000228881836,10363080
2014-01-31,92.96338653564453,107.8218994140625,108.68440246582031,106.8375244140625,107.23127746582031,5582318
2014-02-03,91.49226379394531,106.11565399169922,107.6250228881836,105.40315246582031,105.60002899169922,6035459
2014-02-04,89.8271484375,104.18440246582031,105.31877899169922,102.0000228881836,105.31877899169922,11247314
2014-02-05,90.59505462646484,105.07502746582031,106.02190399169922,103.2750244140625,104.6250228881836,8453357
2014-02-06,91.91259765625,106.6031494140625,107.19377899169922,104.0625228881836,104.8312759399414,14235009
2014-02-07,90.79713439941406,105.30940246582031,107.5969009399414,104.3531494140625,106.86565399169922,7360232
2014-02-10,91.0477066040039,105.60002899169922,106.8000259399414,105.2062759399414,105.5625228881836,5573545
2014-02-11,91.03963470458984,105.59065246582031,107.13752746582031,105.0562744140625,106.1250228881836,7277715
2014-02-12,90.92646026611328,105.45940399169922,107.10002899169922,104.6343994140625,105.8531494140625,7565582
2014-02-13,89.7544174194336,104.10002899169922,106.1250228881836,103.0875244140625,105.9375228881836,5810537
2014-02-14,91.14469146728516,105.7125244140625,106.1718978881836,103.63127136230469,104.3531494140625,6368686
2014-02-17,90.69205474853516,105.1875228881836,106.7812728881836,104.4375228881836,105.9375228881836,4568244
2014-02-18,90.0534896850586,104.4468994140625,105.91877746582031,103.95939636230469,104.8593978881836,4919684
2014-02-19,91.4276123046875,106.0406494140625,106.5000228881836,104.2500228881836,104.2500228881836,3981935
2014-02-20,91.37101745605469,105.97502899169922,106.99690246582031,105.2062759399414,105.92815399169922,5843662
2014-02-21,92.3975830078125,107.1656494140625,107.8125228881836,106.0312728881836,106.0312728881836,7218552
2014-02-24,93.38372039794922,108.30940246582031,109.11565399169922,106.8750228881836,107.4562759399414,5553262
2014-02-25,96.39060974121094,111.79690551757812,112.12503051757812,108.75003051757812,108.75003051757812,8808392
2014-02-26,97.48992156982422,113.0718994140625,114.56253051757812,111.31877899169922,111.75003051757812,14611623
2014-02-28,96.55227661132812,111.98440551757812,113.43753051757812,110.53128051757812,113.06253051757812,9710274
2014-03-03,94.71742248535156,109.85627746582031,112.50003051757812,109.3312759399414,112.50003051757812,4983902
2014-03-04,95.08924865722656,110.28752899169922,111.5250244140625,109.71565246582031,109.87503051757812,7483320
2014-03-05,95.46104431152344,110.71878051757812,111.75003051757812,109.95940399169922,111.2062759399414,8959256
2014-03-06,94.54766845703125,109.6594009399414,111.5344009399414,109.40628051757812,111.00003051757812,6639689
2014-03-07,91.39527130126953,106.0031509399414,110.25003051757812,104.99065399169922,110.25003051757812,10568786
2014-03-10,90.08580780029297,104.4843978881836,107.2031478881836,104.0812759399414,105.7687759399414,11057661
2014-03-11,90.50614166259766,104.9719009399414,106.2281494140625,103.76252746582031,104.4375228881836,9583357
2014-03-12,91.62158966064453,106.2656478881836,106.8750228881836,104.8125228881836,104.98127746582031,6463502
2014-03-13,91.11237335205078,105.6750259399414,107.7750244140625,103.2375259399414,105.3750228881836,10502872
2014-03-14,88.52579498291016,102.6750259399414,105.7500228881836,102.1125259399414,105.7500228881836,11916583
2014-03-18,87.36990356445312,101.33439636230469,103.3125228881836,100.7343978881836,103.1250228881836,9710850
2014-03-19,88.12163543701172,102.2062759399414,103.11564636230469,99.13127136230469,101.3531494140625,11407527
2014-03-20,89.29367065429688,103.5656509399414,104.9625244140625,102.3750228881836,102.5625228881836,9020099
2014-03-21,91.85601043701172,106.53752899169922,108.28128051757812,103.8750228881836,104.74690246582031,18198139
2014-03-24,90.98303985595703,105.5250244140625,107.8125228881836,105.21565246582031,107.0625228881836,5577475
2014-03-25,88.67127227783203,102.8437728881836,104.99065399169922,102.40315246582031,104.5031509399414,12271442
2014-03-26,88.19439697265625,102.2906494140625,104.56877899169922,102.0000228881836,103.29377746582031,7171944
2014-03-27,89.46343231201172,103.76252746582031,104.99065399169922,101.2500228881836,102.3750228881836,11772455
2014-03-28,89.24518585205078,103.5093994140625,104.89690399169922,103.20939636230469,103.8843994140625,6043870
2014-03-31,87.8144760131836,101.85002136230469,103.8937759399414,100.9687728881836,103.5000228881836,14219916
2014-04-01,90.70013427734375,105.1968994140625,105.5625228881836,102.55314636230469,102.5625228881836,10062365
2014-04-02,91.48419189453125,106.10627746582031,107.3437728881836,104.8125228881836,105.8437728881836,9579730
2014-04-03,90.68397521972656,105.17815399169922,106.5093994140625,104.55940246582031,105.9375228881836,4926777
2014-04-04,89.46343231201172,103.76252746582031,106.67815399169922,103.39689636230469,105.9375228881836,5485662
2014-04-07,90.02924346923828,104.41877746582031,105.1125259399414,103.39689636230469,103.6875228881836,6074761
2014-04-09,89.63314819335938,103.95939636230469,105.45940399169922,103.0312728881836,104.8125228881836,7705870
2014-04-10,90.72439575195312,105.22502899169922,105.91877746582031,103.2187728881836,104.0625228881836,7707032
2014-04-11,91.83985137939453,106.5187759399414,107.0250244140625,103.3125228881836,104.1750259399414,9419266
2014-04-15,95.14582061767578,110.3531494140625,110.8781509399414,105.9468994140625,105.9468994140625,12562215
2014-04-16,92.48649597167969,107.2687759399414,111.50627899169922,106.5187759399414,111.50627899169922,10558973
2014-04-17,94.70933532714844,109.8469009399414,110.5406494140625,107.5406494140625,108.16877746582031,10124914
2014-04-21,88.2994613647461,102.41252136230469,106.5562744140625,102.0093994140625,106.1250228881836,30447885
2014-04-22,85.76946258544922,99.4781494140625,104.04377746582031,98.6250228881836,102.9375228881836,22678964
2014-04-23,84.82373809814453,98.38127136230469,101.00627136230469,97.6875228881836,99.9375228881836,24026852
2014-04-24,84.82373809814453,98.38127136230469,98.38127136230469,98.38127136230469,98.38127136230469,0
2014-04-25,83.94268798828125,97.3593978881836,99.12190246582031,96.9375228881836,98.9062728881836,16380214
2014-04-28,85.61588287353516,99.3000259399414,99.6750259399414,97.1250228881836,97.5093994140625,17001873
2014-04-29,84.83992004394531,98.4000244140625,100.5937728881836,98.0625228881836,99.5625228881836,12142039
2014-04-30,84.44384002685547,97.9406509399414,99.35627746582031,97.0500259399414,99.1875228881836,12933250
2014-05-02,85.43804168701172,99.0937728881836,99.5250244140625,97.16252136230469,97.16252136230469,11406002
2014-05-05,84.18517303466797,97.6406478881836,99.1875228881836,97.3218994140625,98.2500228881836,9324157
2014-05-06,83.23136901855469,96.5344009399414,98.4375228881836,96.30940246582031,97.3125228881836,6864216
2014-05-07,81.81686401367188,94.8937759399414,96.49690246582031,93.7500228881836,95.6437759399414,19753024
2014-05-08,82.60087585449219,95.80314636230469,96.69377136230469,94.0500259399414,94.80939483642578,8245048
2014-05-09,83.08589172363281,96.36564636230469,97.10627746582031,95.2500228881836,95.2500228881836,7870920
2014-05-12,82.76254272460938,95.99064636230469,96.7500228881836,94.0781478881836,96.2531509399414,15789041
2014-05-13,85.55120849609375,99.22502136230469,99.45002746582031,96.0937728881836,96.5625228881836,10280002
2014-05-14,84.79948425292969,98.3531494140625,99.74064636230469,97.8937759399414,99.5625228881836,7430344
2014-05-15,83.49812316894531,96.8437728881836,98.80314636230469,96.1875228881836,98.4937744140625,7792808
2014-05-16,81.28336334228516,94.2750244140625,99.5625228881836,93.2812728881836,97.6875228881836,25742985
2014-05-19,77.92888641357422,90.3843994140625,94.6594009399414,89.00627136230469,94.3593978881836,19265787
2014-05-20,79.96581268310547,92.74689483642578,93.50627136230469,90.63751983642578,91.1250228881836,16365750
2014-05-21,79.7152328491211,92.4562759399414,93.3937759399414,91.16252136230469,93.0000228881836,12196572
2014-05-22,78.16327667236328,90.6562728881836,93.1875228881836,90.3843994140625,92.79376983642578,12029212
2014-05-23,79.21409606933594,91.8750228881836,92.5312728881836,90.08439636230469,90.69377136230469,14296044
2014-05-26,81.80067443847656,94.8750228881836,95.60626983642578,91.89376831054688,92.4375228881836,14282455
2014-05-27,82.15632629394531,95.28752136230469,97.24690246582031,94.3593978881836,95.94377136230469,11082119
2014-05-28,83.13438415527344,96.4218978881836,96.69377136230469,94.3593978881836,96.0000228881836,10316232
2014-05-29,80.7983627319336,93.7125244140625,96.4312744140625,92.8218994140625,96.3750228881836,13870204
2014-05-30,81.83299255371094,94.91252136230469,95.51251983642578,90.9375228881836,93.7500228881836,12537148
2014-06-02,80.68521118164062,93.5812759399414,95.0625228881836,93.3750228881836,95.00627136230469,6344137
2014-06-03,79.89305877685547,92.66252136230469,94.48126983642578,92.2687759399414,94.48126983642578,9857490
2014-06-04,79.54548645019531,92.2593994140625,93.1968994140625,90.97502136230469,93.0000228881836,9311779
2014-06-05,80.98428344726562,93.92814636230469,94.2187728881836,91.94064331054688,92.5312728881836,11030386
2014-06-06,82.30989837646484,95.46564483642578,95.75627136230469,92.8125228881836,94.5000228881836,11962813
2014-06-09,82.73023223876953,95.9531478881836,96.7687759399414,94.7062759399414,95.6250228881836,8521507
2014-06-10,84.87223052978516,98.4375228881836,98.6812744140625,95.9625244140625,95.9625244140625,16908369
2014-06-11,85.3087158203125,98.94377136230469,100.7812728881836,98.19377136230469,98.70002746582031,15362652
2014-06-12,86.02811431884766,99.77815246582031,100.11564636230469,98.0156478881836,99.7593994140625,10738871
2014-06-13,85.74520874023438,99.45002746582031,100.43440246582031,98.4375228881836,99.7968978881836,8781208
2014-06-16,86.66670227050781,100.5187759399414,100.8750228881836,99.1968994140625,99.63752746582031,10475762
2014-06-17,86.66670227050781,100.5187759399414,101.6250228881836,100.06877136230469,101.0625228881836,8907992
2014-06-18,85.76136779785156,99.4687728881836,101.1093978881836,99.02815246582031,100.8469009399414,7503672
2014-06-19,86.8445053100586,100.72502136230469,101.24064636230469,98.9719009399414,99.0000228881836,9614216
2014-06-20,86.77984619140625,100.6500244140625,101.8687744140625,99.60002136230469,101.3437728881836,6430521
2014-06-23,85.9068832397461,99.63752746582031,100.6875228881836,99.1875228881836,100.1437759399414,5227870
2014-06-24,85.89069366455078,99.6187744140625,100.1250228881836,98.85002136230469,100.1250228881836,5683054
2014-06-25,85.54312133789062,99.21565246582031,100.1250228881836,98.6250228881836,99.5812759399414,6327177
2014-06-26,86.56159973144531,100.39689636230469,101.23127746582031,99.2062759399414,99.5625228881836,15367004
2014-06-27,88.2590560913086,102.36564636230469,102.9375228881836,100.5562744140625,101.2500228881836,9975757
2014-06-30,88.33180236816406,102.45002746582031,103.6875228881836,101.93440246582031,102.92814636230469,7637256
2014-07-01,87.00617980957031,100.91252136230469,102.73127746582031,100.5000228881836,102.73127746582031,7511603
2014-07-02,87.43457794189453,101.4094009399414,102.87190246582031,100.95002746582031,101.6250228881836,8601720
2014-07-03,89.80291748046875,104.1562728881836,104.6343994140625,102.02815246582031,102.5625228881836,11954487
2014-07-04,88.38836669921875,102.5156478881836,104.9156494140625,101.98127746582031,104.9062728881836,6069662
2014-07-07,90.14239501953125,104.5500259399414,104.8125228881836,102.9375228881836,102.9375228881836,10440258
2014-07-08,88.87335968017578,103.0781478881836,104.7844009399414,102.7500228881836,104.6250228881836,6899800
2014-07-09,88.15398406982422,102.2437744140625,104.04377746582031,101.4937744140625,102.9843978881836,5230830
2014-07-10,88.0650634765625,102.1406478881836,104.6250228881836,101.2500228881836,102.3750228881836,8830440
2014-07-11,89.37449645996094,103.6594009399414,104.38127899169922,102.5718994140625,103.1906509399414,8164419
2014-07-14,87.1031723022461,101.0250244140625,104.0625228881836,100.6875228881836,103.5000228881836,7536115
2014-07-15,86.62627410888672,100.4719009399414,101.70002746582031,100.16252136230469,100.90315246582031,5002286
2014-07-16,86.537353515625,100.3687744140625,101.19377136230469,99.8906478881836,101.19377136230469,4709188
2014-07-17,86.86875915527344,100.7531509399414,102.12190246582031,100.1250228881836,100.4719009399414,8838776
2014-07-18,88.43687438964844,102.5718994140625,104.0625228881836,102.03752136230469,102.2062759399414,18881307
2014-07-21,88.91000366210938,102.17814636230469,103.76252746582031,101.7187728881836,103.1343994140625,10758551
2014-07-22,91.16152954101562,104.7656478881836,105.1875228881836,101.7375259399414,102.02815246582031,9952509
2014-07-23,93.14382934570312,107.04377746582031,107.38127899169922,103.95002746582031,104.9062728881836,11906023
2014-07-24,94.11458587646484,108.1594009399414,108.75003051757812,105.3000259399414,107.6250228881836,16010123
2014-07-25,89.90525817871094,103.3218994140625,104.0625228881836,99.3750228881836,99.3750228881836,37826694
2014-07-28,90.8841781616211,104.4468994140625,104.7750244140625,102.1875228881836,103.52815246582031,8974499
2014-07-30,89.85630798339844,103.2656478881836,104.4562759399414,102.9375228881836,104.41877746582031,10444200
2014-07-31,88.82029724121094,102.07502746582031,103.3125228881836,101.4468994140625,103.1343994140625,19032640
2014-08-01,87.44979858398438,100.5000228881836,102.40315246582031,100.3125228881836,102.0000228881836,9160120
2014-08-04,89.51367950439453,102.87190246582031,103.1250228881836,100.5000228881836,100.53752136230469,13701191
2014-08-05,89.66051483154297,103.0406494140625,103.43440246582031,101.9531478881836,103.0875244140625,5606233
2014-08-06,89.96235656738281,103.38752746582031,103.6031494140625,102.3375244140625,102.3375244140625,10141154
2014-08-07,90.16627502441406,103.62190246582031,103.9687728881836,100.3125228881836,102.5625228881836,11688173
2014-08-08,89.41580200195312,102.7593994140625,103.4250259399414,101.4562759399414,103.29377746582031,5295833
2014-08-11,88.5837173461914,101.80314636230469,103.2187728881836,101.28752136230469,103.16252136230469,7036227
2014-08-12,88.71424102783203,101.9531478881836,102.2812728881836,101.4562759399414,102.1875228881836,6273417
2014-08-13,89.77471160888672,103.1718978881836,103.4156494140625,101.75627136230469,101.8312759399414,7116979
2014-08-14,89.07318115234375,102.36564636230469,103.5187759399414,101.9062728881836,103.44377136230469,5863006
2014-08-18,89.35053253173828,102.68440246582031,102.88127136230469,101.46565246582031,102.1875228881836,6409262
2014-08-19,89.30975341796875,102.63752746582031,103.57502746582031,102.0000228881836,102.5250244140625,6288387
2014-08-20,90.08470916748047,103.52815246582031,104.0625228881836,102.63752746582031,102.63752746582031,5953427
2014-08-21,89.92157745361328,103.34065246582031,103.85627746582031,102.69377136230469,103.38752746582031,6576259
2014-08-22,90.86785888671875,104.42815399169922,104.6343994140625,102.8062744140625,103.3593978881836,7688910
2014-08-25,90.60680389404297,104.1281509399414,105.22502899169922,103.8843994140625,104.46565246582031,8394749
2014-08-26,89.88078308105469,103.29377746582031,105.0468978881836,102.40315246582031,104.75627899169922,6642617
2014-08-27,91.12889862060547,104.7281494140625,105.1500244140625,102.7500228881836,102.7500228881836,7728291
2014-08-28,92.22200775146484,105.9843978881836,106.5093994140625,104.7281494140625,104.7281494140625,16372438
2014-09-01,92.3199234008789,106.0969009399414,107.4468994140625,105.6656494140625,106.1250228881836,5776318
2014-09-02,91.52860260009766,105.1875228881836,106.43440246582031,104.8312759399414,106.3125228881836,7273342
2014-09-03,94.17170715332031,108.22502899169922,108.75003051757812,105.0562744140625,105.74065399169922,15111425
2014-09-04,94.16354370117188,108.21565246582031,109.1906509399414,107.2687759399414,108.74065399169922,6938174
2014-09-05,94.9384994506836,109.10627746582031,109.4625244140625,107.9062728881836,108.93753051757812,6107427
2014-09-08,96.70055389404297,111.13127899169922,111.56253051757812,108.3843994140625,109.29377746582031,6592137
2014-09-09,95.9337387084961,110.25003051757812,111.37503051757812,109.10627746582031,111.1968994140625,4390430
2014-09-10,94.8977279663086,109.05940246582031,110.62503051757812,108.84378051757812,110.25003051757812,5302196
2014-09-11,93.64959716796875,107.6250228881836,110.0250244140625,107.18440246582031,109.68753051757812,7183838
2014-09-12,93.81275939941406,107.8125228881836,108.54377746582031,106.7343978881836,107.9062728881836,6343166
2014-09-15,92.71147918701172,106.5468978881836,108.00003051757812,105.4687728881836,107.8125228881836,6813182
2014-09-16,91.2757339477539,104.89690399169922,107.80315399169922,104.2500228881836,106.8750228881836,8629875
2014-09-17,92.56463623046875,106.3781509399414,107.1750259399414,104.70940399169922,105.3750228881836,7400472
2014-09-18,94.92218780517578,109.0875244140625,109.66877746582031,105.8437728881836,105.9843978881836,8558883
2014-09-19,95.99901580810547,110.32502746582031,111.16877746582031,108.1594009399414,109.10627746582031,9152573
2014-09-22,94.87325286865234,109.03128051757812,109.76252746582031,108.2062759399414,109.76252746582031,4569012
2014-09-23,95.06903839111328,109.25627899169922,111.28128051757812,108.00003051757812,108.60940551757812,10665090
2014-09-24,96.7087173461914,111.14065551757812,111.75003051757812,109.8937759399414,110.25003051757812,11015709
2014-09-25,95.04457092285156,109.2281494140625,112.05940246582031,108.07502746582031,111.00003051757812,9049005
2014-09-26,96.03163146972656,110.3625259399414,110.81253051757812,108.18753051757812,109.50003051757812,5670969
2014-09-29,96.72502136230469,111.1594009399414,112.29377746582031,109.5562744140625,110.28752899169922,5676633
2014-09-30,97.3694839477539,111.9000244140625,112.31253051757812,110.28752899169922,112.31253051757812,13164455
2014-10-01,100.46121215820312,115.45315551757812,115.80940246582031,112.1437759399414,112.1437759399414,14933617
2014-10-07,100.90988159179688,115.96878051757812,116.60627746582031,114.5718994140625,115.12503051757812,11137186
2014-10-08,96.83924102783203,111.2906494140625,116.0344009399414,110.46565246582031,115.68753051757812,12409324
2014-10-09,95.81137084960938,110.10940551757812,112.85627746582031,109.31253051757812,111.89065551757812,14277697
2014-10-10,95.39533233642578,109.63127899169922,112.3687744140625,108.78752899169922,108.78752899169922,21075376
2014-10-13,95.37085723876953,109.6031494140625,109.87503051757812,106.1437759399414,109.4625244140625,12509735
2014-10-14,94.63667297363281,108.7593994140625,111.18753051757812,108.42190551757812,110.62503051757812,10770471
2014-10-15,94.63667297363281,108.7593994140625,108.7593994140625,108.7593994140625,108.7593994140625,0
2014-10-16,93.53539276123047,107.4937744140625,109.6125259399414,106.05940246582031,108.74065399169922,11741991
2014-10-17,92.32806396484375,106.10627746582031,109.03128051757812,105.0187759399414,107.8687744140625,17418992
2014-10-20,90.77811431884766,104.32502746582031,107.8125228881836,103.76252746582031,106.3125228881836,8591699
2014-10-21,93.53539276123047,107.4937744140625,107.8125228881836,104.5875244140625,104.8125228881836,8013187
2014-10-22,95.2240219116211,109.43440246582031,110.01565551757812,108.00003051757812,109.2750244140625,6701528
2014-10-27,90.51707458496094,104.0250244140625,104.7187728881836,102.59065246582031,103.1250228881836,15869937
2014-10-28,90.33760833740234,103.81877136230469,105.8437728881836,103.1343994140625,104.13752746582031,12304604
2014-10-29,90.8433609008789,104.4000244140625,105.0468978881836,103.9875259399414,104.18440246582031,8714024
2014-10-30,91.40625,105.0468978881836,105.60002899169922,104.60627746582031,104.6250228881836,16102619
2014-10-31,91.96913146972656,105.69377899169922,106.3125228881836,104.93440246582031,105.9375228881836,15541249
2014-11-03,92.16490936279297,105.91877746582031,106.8750228881836,105.26252746582031,106.8750228881836,17221563
2014-11-05,91.20230865478516,104.8125228881836,106.6875228881836,104.4000244140625,106.6875228881836,20365973
2014-11-07,90.29680633544922,103.77189636230469,105.5625228881836,102.82502746582031,105.50627899169922,16182107
2014-11-10,91.17784118652344,104.7844009399414,105.0000228881836,103.5093994140625,103.8750228881836,9631533
2014-11-11,90.9249496459961,104.4937744140625,105.1875228881836,104.0344009399414,105.0937728881836,6780963
2014-11-12,90.72101593017578,104.2593994140625,105.1968994140625,103.6500244140625,103.8750228881836,9857442
2014-11-13,91.169677734375,104.7750244140625,105.82502746582031,103.8843994140625,104.8125228881836,10238813
2014-11-14,92.00176239013672,105.73127746582031,106.5000228881836,105.13127899169922,105.35627746582031,11654013
2014-11-17,92.04254913330078,105.77815246582031,106.1250228881836,104.8125228881836,105.7687759399414,8023832
2014-11-18,92.3851547241211,106.1718978881836,106.5000228881836,105.4312744140625,105.92815399169922,10522589
2014-11-19,92.16490936279297,105.91877746582031,107.0625228881836,105.0562744140625,106.6875228881836,8782771
2014-11-20,93.3069839477539,107.23127746582031,107.8125228881836,105.59065246582031,106.6875228881836,7056403
2014-11-21,93.3396224975586,107.2687759399414,108.12190246582031,106.34065246582031,107.4375228881836,9837416
2014-11-24,94.52246856689453,108.6281509399414,109.24690246582031,107.28752899169922,107.3906478881836,7734355
2014-11-25,94.88140106201172,109.0406494140625,110.13752746582031,108.2437744140625,109.50003051757812,21391759
2014-11-26,94.59589385986328,108.7125244140625,109.50003051757812,107.5312728881836,109.50003051757812,7530686
2014-11-27,94.95482635498047,109.12503051757812,109.68753051757812,108.56253051757812,108.70315551757812,10689266
2014-11-28,95.57479858398438,109.8375244140625,110.62503051757812,108.77815246582031,109.78128051757812,10470797
2014-12-01,96.68424224853516,111.1125259399414,112.66877746582031,110.0718994140625,110.25003051757812,16086603
2014-12-02,96.4150390625,110.80315399169922,111.56253051757812,109.40628051757812,111.56253051757812,4880788
2014-12-03,96.88816833496094,111.3469009399414,111.75003051757812,109.7437744140625,110.9250259399414,6027475
2014-12-04,96.70055389404297,111.13127899169922,111.74065399169922,110.56877899169922,111.32815551757812,5007316
2014-12-05,94.4408950805664,108.5344009399414,110.81253051757812,108.13127899169922,110.81253051757812,5534057
2014-12-08,92.72777557373047,106.5656509399414,108.79690551757812,106.02190399169922,108.37503051757812,5169513
2014-12-09,90.85970306396484,104.41877746582031,107.9531478881836,104.1656494140625,106.6875228881836,8176680
2014-12-10,90.08470916748047,103.52815246582031,104.8593978881836,103.38752746582031,104.2500228881836,6930787
2014-12-11,89.1302719116211,102.4312744140625,103.8750228881836,102.13127136230469,103.48127746582031,7026376
2014-12-12,88.6163558959961,101.84065246582031,103.85627746582031,101.0625228881836,102.4312744140625,5749913
2014-12-15,88.35530090332031,101.5406494140625,102.35627746582031,98.4094009399414,100.76252746582031,7921518
2014-12-16,87.5721664428711,100.6406478881836,103.06877136230469,100.3125228881836,101.0625228881836,9925832
2014-12-17,87.31112670898438,100.34065246582031,101.8125228881836,98.93440246582031,100.3125228881836,11679591
2014-12-18,87.76793670654297,100.86564636230469,101.2593994140625,99.5625228881836,100.85627746582031,7240270
2014-12-19,89.82366180419922,103.2281494140625,103.9781494140625,102.0000228881836,102.07502746582031,9080637
2014-12-22,90.57418823242188,104.09065246582031,104.42815399169922,102.9094009399414,104.2500228881836,8270136
2014-12-23,90.1255111694336,103.57502746582031,104.3437728881836,102.91877746582031,104.3437728881836,7233075
2014-12-24,88.99974822998047,102.2812728881836,104.0250244140625,101.2687759399414,103.57502746582031,10663885
2014-12-26,89.30975341796875,102.63752746582031,102.8437728881836,101.4562759399414,102.4875259399414,3878548
2014-12-29,89.75841522216797,103.15315246582031,103.57502746582031,102.63752746582031,102.7500228881836,5040377
2014-12-30,90.14998626708984,103.6031494140625,104.04377746582031,102.7687759399414,103.1250228881836,4333129
2014-12-31,90.58235168457031,104.10002899169922,104.3437728881836,103.16252136230469,103.5000228881836,3576239
2015-01-01,90.1255111694336,103.57502746582031,103.95002746582031,103.2187728881836,103.6031494140625,1082549
2015-01-02,90.9249496459961,104.4937744140625,105.0468978881836,103.6875228881836,103.76252746582031,4198953
2015-01-05,91.08809661865234,104.6812744140625,105.9375228881836,104.1562728881836,104.4468994140625,3838601
2015-01-06,88.95896911621094,102.2343978881836,104.32502746582031,101.6437759399414,104.0625228881836,12396695
2015-01-07,88.28189849853516,101.4562759399414,102.1875228881836,100.9406509399414,101.85002136230469,8305581
2015-01-08,88.91817474365234,102.1875228881836,104.79377746582031,101.85002136230469,104.27815246582031,7792131
2015-01-09,90.30496215820312,103.7812728881836,105.0000228881836,101.8593978881836,102.97502136230469,13587116
2015-01-12,90.72101593017578,104.2593994140625,104.8125228881836,102.69377136230469,103.1250228881836,4421790
2015-01-13,91.9365005493164,105.6562728881836,106.25627899169922,104.0625228881836,104.4562759399414,6312675
2015-01-14,90.05209350585938,103.49064636230469,106.7812728881836,103.1250228881836,106.1250228881836,9723858
2015-01-15,91.28388977050781,104.9062728881836,105.7500228881836,103.3593978881836,105.0000228881836,6993422
2015-01-16,90.55786895751953,104.0718994140625,105.63752746582031,103.66877746582031,105.1500244140625,8304680
2015-01-19,95.31378173828125,109.53752899169922,112.21878051757812,109.1906509399414,110.8312759399414,32334205
2015-01-20,96.32530212402344,110.70002746582031,111.37503051757812,109.29377746582031,109.8937759399414,13390593
2015-01-21,96.0479507446289,110.38127899169922,111.56253051757812,108.12190246582031,110.5500259399414,17701408
2015-01-22,97.83331298828125,111.4781494140625,112.06877899169922,109.63127899169922,110.62503051757812,19458651
2015-01-23,99.02629089355469,112.8375244140625,113.25003051757812,110.67190551757812,112.35002899169922,19277835
2015-01-27,98.49151611328125,112.2281494140625,113.57815551757812,111.56253051757812,112.95002746582031,15764550
2015-01-28,99.92311096191406,113.85940551757812,114.75003051757812,111.70315551757812,111.75003051757812,16769969
2015-01-29,99.17439270019531,113.00627899169922,115.21878051757812,112.4625244140625,114.00003051757812,13488321
2015-01-30,99.80789947509766,113.7281494140625,114.3843994140625,111.96565246582031,113.79377746582031,9393192
2015-02-02,102.86032104492188,117.2062759399414,117.69377899169922,114.18753051757812,114.75003051757812,15948657
2015-02-03,102.27618408203125,116.54065704345703,117.75940704345703,115.82815551757812,117.00003051757812,8465539
2015-02-04,101.88948822021484,116.10002899169922,118.10627746582031,115.54690551757812,116.85002899169922,8923261
2015-02-05,105.0241470336914,119.67190551757812,120.58128356933594,116.41877746582031,116.42815399169922,12263607
2015-02-06,105.84690856933594,120.60940551757812,122.75627899169922,119.25003051757812,119.62503051757812,11074311
2015-02-09,106.59561157226562,121.46253204345703,121.87503051757812,119.1750259399414,119.98127746582031,6794574
2015-02-10,105.73995208740234,120.48753356933594,122.25003051757812,119.5031509399414,120.18753051757812,11140578
2015-02-11,105.04883575439453,119.70002746582031,121.68753051757812,118.71565246582031,121.12503051757812,14166503
2015-02-12,106.43107604980469,121.27503204345703,122.43753051757812,120.23440551757812,120.65628051757812,9639757
2015-02-13,108.71831512451172,123.88127899169922,124.48127746582031,121.27503204345703,121.50003051757812,9239165
2015-02-16,108.84994506835938,124.03128051757812,125.10940551757812,123.75003051757812,123.91877746582031,5117465
2015-02-18,110.08407592773438,125.43753051757812,125.81253051757812,122.90628051757812,124.12503051757812,6045571
2015-02-19,108.5208511352539,123.65628051757812,125.43753051757812,122.81253051757812,125.43753051757812,7382040
2015-02-20,106.95762634277344,121.87503051757812,123.93753051757812,121.40628051757812,123.65628051757812,4849774
2015-02-23,106.91646575927734,121.82815551757812,123.37503051757812,120.66565704345703,121.87503051757812,5689865
2015-02-24,107.4512710571289,122.43753051757812,123.71253204345703,121.80003356933594,122.34378051757812,8433603
2015-02-25,109.22842407226562,124.46253204345703,124.80003356933594,122.26878356933594,122.54065704345703,9829069
2015-02-26,108.257568359375,123.35627746582031,125.41877746582031,122.13752746582031,124.46253204345703,10478408
2015-02-27,107.66520690917969,122.68128204345703,123.48753356933594,121.63127899169922,123.18753051757812,12264620
2015-03-02,109.34359741210938,124.59378051757812,126.45002746582031,122.62503051757812,123.76878356933594,9859640
2015-03-03,110.65177917480469,126.08440399169922,126.93753051757812,124.31253051757812,124.68753051757812,9609805
2015-03-04,108.5208511352539,123.65628051757812,126.32815551757812,123.05628204345703,126.04690551757812,8693384
2015-03-05,109.88662719726562,125.21253204345703,125.60627746582031,122.85940551757812,123.73127746582031,7213278
2015-03-09,108.61956787109375,123.76878356933594,125.06253051757812,123.00940704345703,125.06253051757812,7593752
2015-03-10,107.66520690917969,122.68128204345703,124.08753204345703,120.93753051757812,122.06253051757812,9328397
2015-03-11,107.7392578125,122.76565551757812,127.05003356933594,121.96878051757812,123.29065704345703,12190748
2015-03-12,107.82975006103516,122.86878204345703,123.17815399169922,121.21878051757812,122.96253204345703,6275689
2015-03-13,105.18871307373047,119.85940551757812,123.45002746582031,118.49065399169922,123.45002746582031,10007634
2015-03-16,106.34056091308594,121.17190551757812,122.05315399169922,119.3625259399414,120.22502899169922,8820568
2015-03-17,105.87156677246094,120.63752746582031,122.13752746582031,119.85940551757812,121.87503051757812,7882840
2015-03-18,103.8969955444336,118.38752746582031,121.50003051757812,117.89065551757812,121.31253051757812,8925624
2015-03-19,104.49759674072266,119.07190704345703,120.50627899169922,118.59378051757812,119.56877899169922,7848403
2015-03-20,107.39368438720703,122.37190246582031,123.13127899169922,119.37190246582031,119.75627899169922,12037719
2015-03-23,106.15132904052734,120.95628356933594,123.84378051757812,120.22502899169922,122.38127899169922,6133273
2015-03-24,107.32787322998047,122.29690551757812,123.46878051757812,120.58128356933594,120.93753051757812,7011000
2015-03-25,108.78412628173828,123.95628356933594,124.49065399169922,121.22815704345703,122.06253051757812,5859475
2015-03-26,103.9792709350586,118.48127746582031,123.35627746582031,117.22502899169922,123.35627746582031,12227282
2015-03-27,100.72940063476562,114.77815246582031,120.30003356933594,114.1031494140625,119.94377899169922,13652951
2015-03-30,102.58059692382812,116.88752746582031,117.17815399169922,115.53752899169922,116.25003051757812,6814467
2015-03-31,103.47737884521484,117.9094009399414,118.9875259399414,115.91252899169922,116.82190704345703,9010840
2015-04-01,104.19318389892578,118.72502899169922,119.33440399169922,116.28752899169922,116.88752746582031,6354889
2015-04-06,102.21035766601562,116.46565246582031,117.92815399169922,115.76252746582031,117.92815399169922,7872158
2015-04-07,101.20658874511719,115.3218994140625,117.73127746582031,114.21565246582031,116.88752746582031,9890882
2015-04-08,101.41230010986328,115.5562744140625,116.81253051757812,114.9562759399414,115.12503051757812,9541026
2015-04-09,101.55215454101562,115.71565246582031,117.05628204345703,114.7593994140625,116.53128051757812,7049918
2015-04-10,101.64264678955078,115.81877899169922,116.60627746582031,115.2281494140625,116.29690551757812,5738526
2015-04-13,102.71222686767578,117.03752899169922,117.32815551757812,115.2844009399414,116.04377746582031,4619465
2015-04-15,99.82437133789062,113.74690246582031,116.81253051757812,112.64065551757812,116.81253051757812,7315918
2015-04-16,99.05097961425781,112.86565399169922,114.03752899169922,110.6343994140625,113.81253051757812,13076860
2015-04-17,96.56627655029297,110.0344009399414,111.88127899169922,109.68753051757812,111.7593994140625,8342621
2015-04-20,94.68218994140625,107.88752746582031,110.8218994140625,106.9687728881836,110.0344009399414,7922147
2015-04-21,95.13468933105469,108.40315246582031,110.32502746582031,103.2281494140625,106.5000228881836,21048960
2015-04-22,89.6058120727539,102.1031494140625,105.6093978881836,101.6250228881836,105.3750228881836,33440956
2015-04-23,87.91094207763672,100.1718978881836,102.92814636230469,99.8531494140625,102.92814636230469,16233670
2015-04-24,86.09264373779297,98.10002136230469,100.99690246582031,96.0937728881836,100.4156494140625,19017589
2015-04-27,87.83689880371094,100.0875244140625,100.4531478881836,97.15315246582031,99.1125259399414,9816226
2015-04-28,87.58183288574219,99.7968978881836,100.7906494140625,98.4375228881836,99.9375228881836,16379558
2015-04-29,89.12862396240234,101.55940246582031,102.50627136230469,99.41252136230469,99.9375228881836,15025078
2015-04-30,88.62673950195312,100.9875259399414,101.6343994140625,100.0781478881836,100.6968994140625,16950219
2015-05-04,89.04634094238281,101.46565246582031,102.1125259399414,100.2281494140625,101.0812759399414,5264457
2015-05-05,89.66339874267578,102.16877746582031,102.8156509399414,101.4843978881836,102.1968994140625,8626659
2015-05-06,87.5982894897461,99.8156509399414,101.9531478881836,99.27189636230469,101.9531478881836,14824806
2015-05-07,88.55269622802734,100.90315246582031,101.75627136230469,98.4562759399414,99.5625228881836,12131047
2015-05-08,88.93936920166016,101.3437728881836,102.0937728881836,100.5187759399414,101.4562759399414,8303757
2015-05-11,89.10391998291016,101.5312728881836,102.0562744140625,100.7062759399414,101.80314636230469,11205821
2015-05-12,87.84513854980469,100.0969009399414,102.07502746582031,99.49690246582031,101.7187728881836,7637918
2015-05-13,89.22733306884766,101.6718978881836,101.88752746582031,99.30940246582031,100.3125228881836,8023000
2015-05-14,88.28116607666016,100.5937728881836,101.7750244140625,99.9468994140625,101.7750244140625,5469907
2015-05-15,88.60204315185547,100.95939636230469,101.5500259399414,100.3125228881836,100.5000228881836,5391273
2015-05-18,89.5564193725586,102.0468978881836,102.1875228881836,100.38752746582031,101.0625228881836,5679331
2015-05-19,90.93042755126953,103.6125259399414,104.0156478881836,101.9250259399414,102.1875228881836,12356226
2015-05-20,92.8062973022461,105.7500228881836,105.91877746582031,103.62190246582031,104.0156478881836,7847779
2015-05-21,92.84744262695312,105.7968978881836,106.1437759399414,104.7187728881836,106.1250228881836,7785822
2015-05-22,92.23037719726562,105.0937728881836,105.54377746582031,103.9875259399414,105.1031494140625,10580120
2015-05-25,92.65821075439453,105.5812759399414,106.0312728881836,104.5312728881836,105.1875228881836,8279640
2015-05-26,91.8601303100586,104.6718978881836,105.7125244140625,104.2687759399414,105.1031494140625,6425326
2015-05-27,90.88928985595703,103.5656509399414,104.56877899169922,102.3843994140625,104.2968978881836,8946008
2015-05-28,91.25131225585938,103.9781494140625,104.56877899169922,101.4843978881836,103.7812728881836,12361740
2015-05-29,92.42784881591797,105.31877899169922,105.9375228881836,103.9875259399414,103.9875259399414,17654976
2015-06-01,92.73224639892578,105.6656494140625,106.49065399169922,104.7656478881836,105.0000228881836,4461161
2015-06-02,90.30514526367188,102.9000244140625,105.3750228881836,102.3843994140625,105.36565399169922,5428366
2015-06-03,89.77860260009766,102.3000259399414,104.6718978881836,102.0093994140625,103.1718978881836,9938402
2015-06-04,90.94688415527344,103.63127136230469,105.16877746582031,102.5625228881836,102.5625228881836,12418162
2015-06-05,91.45700073242188,104.2125244140625,105.92815399169922,103.2375259399414,103.9312744140625,9048973
2015-06-08,91.3253402709961,104.0625228881836,105.31877899169922,103.2187728881836,104.2125244140625,6071763
2015-06-09,89.4412612915039,101.9156494140625,104.5031509399414,101.3625259399414,103.72502136230469,6360473
2015-06-10,92.60061645507812,105.5156478881836,106.30315399169922,101.56877136230469,101.7187728881836,9516498
2015-06-11,89.8526382446289,102.3843994140625,106.1250228881836,101.8218994140625,105.9375228881836,10654536
2015-06-12,88.42103576660156,100.7531509399414,103.95002746582031,99.1875228881836,102.3843994140625,11815543
2015-06-15,89.00520324707031,101.41877746582031,102.7500228881836,99.7219009399414,100.5000228881836,5508510
2015-06-16,88.9064712524414,101.3062744140625,102.45939636230469,100.3218994140625,101.8125228881836,6020206
2015-06-17,89.93490600585938,102.4781494140625,103.86564636230469,101.4562759399414,101.6250228881836,7280782
2015-06-18,91.50636291503906,104.2687759399414,105.07502746582031,102.13127136230469,102.6562728881836,9528344
2015-06-19,92.40316772460938,105.2906494140625,108.32815551757812,104.4000244140625,104.70940399169922,27555342
2015-06-22,92.18101501464844,105.03752899169922,105.6656494140625,103.6968994140625,104.98127746582031,8081059
2015-06-23,91.72027587890625,104.51252746582031,105.7500228881836,104.0625228881836,105.7500228881836,5694782
2015-06-24,93.03668212890625,106.01252746582031,106.5000228881836,104.4375228881836,104.6250228881836,7592163
2015-06-25,90.85637664794922,103.52815246582031,105.73127746582031,103.0781478881836,105.6562728881836,11733234
2015-06-26,91.92595672607422,104.74690246582031,105.2531509399414,103.8937759399414,103.8937759399414,4171246
2015-06-29,90.89752960205078,103.57502746582031,104.05315399169922,101.6718978881836,103.7062759399414,4477214
2015-06-30,89.9595947265625,102.50627136230469,103.9781494140625,102.1875228881836,103.5000228881836,8373885
2015-07-01,90.95512390136719,103.6406478881836,104.2500228881836,101.4843978881836,102.0093994140625,6424723
2015-07-02,91.44877624511719,104.2031478881836,105.0937728881836,102.9468994140625,104.24065399169922,5362553
2015-07-03,90.42855072021484,103.0406494140625,103.95002746582031,102.7500228881836,103.76252746582031,4578990
2015-07-06,90.5108413696289,103.1343994140625,103.4531478881836,101.94377136230469,102.1031494140625,3867641
2015-07-07,91.12789154052734,103.8375244140625,105.4312744140625,103.63127136230469,103.7812728881836,4165118
2015-07-08,90.95512390136719,103.6406478881836,104.7656478881836,102.9375228881836,103.3312759399414,5195982
2015-07-09,89.66339874267578,102.16877746582031,104.33440399169922,101.8593978881836,103.63127136230469,3664431
2015-07-10,90.28045654296875,102.87190246582031,103.95002746582031,102.2906494140625,103.1250228881836,5939475
2015-07-13,92.09051513671875,104.93440246582031,105.3750228881836,102.9562759399414,102.9562759399414,4831150
2015-07-14,93.03668212890625,106.01252746582031,106.38752746582031,104.23127746582031,104.5312728881836,3293913
2015-07-15,95.0688705444336,108.32815551757812,108.7125244140625,106.2281494140625,106.5000228881836,8716285
2015-07-16,94.66572570800781,107.8687744140625,109.12503051757812,107.28752899169922,108.54377746582031,4637732
2015-07-17,93.52208709716797,106.5656509399414,108.73127746582031,105.97502899169922,108.18753051757812,5034174
2015-07-20,94.72994995117188,106.6125259399414,107.38127899169922,105.3750228881836,105.7500228881836,3991263
2015-07-21,96.06279754638672,108.1125259399414,109.7062759399414,106.3781509399414,106.4156494140625,8343864
2015-07-22,97.39561462402344,109.6125259399414,110.3625259399414,108.00003051757812,108.75003051757812,5474926
2015-07-23,98.13697814941406,110.4468994140625,111.3375244140625,107.74690246582031,110.1750259399414,11890199
2015-07-24,94.42174530029297,106.2656478881836,109.87503051757812,105.97502899169922,109.3218994140625,12045388
2015-07-27,93.57208251953125,105.30940246582031,106.8281478881836,104.9531478881836,105.9375228881836,5267502
2015-07-28,92.73906707763672,104.37190246582031,105.4218978881836,103.7812728881836,105.2812728881836,8265859
2015-07-29,94.10520935058594,105.9094009399414,106.5000228881836,104.42815399169922,104.4375228881836,6008291
2015-07-30,93.63038635253906,105.3750228881836,106.81877899169922,104.19377899169922,106.5000228881836,5578062
2015-07-31,94.93822479248047,106.8469009399414,107.2500228881836,105.55315399169922,105.5625228881836,7047102
2015-08-03,95.02983856201172,106.95002746582031,107.98127746582031,106.6875228881836,107.0625228881836,3455284
2015-08-04,93.27220916748047,104.9719009399414,107.04377746582031,104.5312728881836,107.04377746582031,7786595
2015-08-05,95.85453796386719,107.8781509399414,108.37503051757812,104.9719009399414,105.2343978881836,5696430
2015-08-06,95.22978973388672,107.1750259399414,108.70315551757812,106.6875228881836,108.56253051757812,5022969
2015-08-07,94.81326293945312,106.7062759399414,107.98127746582031,106.1343994140625,107.1750259399414,4219929
2015-08-10,93.87196350097656,105.64690399169922,107.52190399169922,105.0187759399414,106.5093994140625,3854564
2015-08-11,94.32177734375,106.15315246582031,106.39690399169922,104.0718994140625,106.1250228881836,6672931
2015-08-12,96.2543716430664,108.32815551757812,108.9937744140625,105.4218978881836,105.4218978881836,7323971
2015-08-13,95.16312408447266,107.10002899169922,108.65628051757812,106.0875244140625,108.2906494140625,5510921
2015-08-14,95.83787536621094,107.8593978881836,108.3375244140625,106.24690246582031,107.10002899169922,4568222
2015-08-17,95.93783569335938,107.9719009399414,108.56253051757812,106.6594009399414,107.9625244140625,2212863
2015-08-18,95.15480041503906,107.09065246582031,110.15628051757812,106.5937728881836,108.31877899169922,7479918
2015-08-19,97.42059326171875,109.64065551757812,110.01565551757812,107.2500228881836,107.56877899169922,5814979
2015-08-20,96.08777618408203,108.14065551757812,109.9406509399414,107.5781478881836,109.68753051757812,6423955
2015-08-21,95.96282196044922,108.00003051757812,108.18753051757812,105.69377899169922,107.7750244140625,7385267
2015-08-24,90.68985748291016,102.0656509399414,107.6250228881836,100.5187759399414,106.67815399169922,11884861
2015-08-25,90.18173217773438,101.4937744140625,103.4062728881836,99.0562744140625,103.0031509399414,15297276
2015-08-26,91.78944396972656,103.30314636230469,104.3625259399414,101.8312759399414,102.16877746582031,11044007
2015-08-27,91.85608673095703,103.3781509399414,104.52190399169922,102.4875259399414,104.52190399169922,12857543
2015-08-28,93.89696502685547,105.6750259399414,106.02190399169922,103.5656509399414,103.9312744140625,5714915
2015-08-31,95.26311492919922,107.2125244140625,107.8125228881836,105.13127899169922,105.6750259399414,8954392
2015-09-01,93.98859405517578,105.77815246582031,107.2500228881836,105.0000228881836,107.1187744140625,7103043
2015-09-02,92.3392333984375,103.9218978881836,106.72502899169922,102.97502136230469,106.15315246582031,6572206
2015-09-03,94.48838806152344,106.34065246582031,106.5000228881836,104.7281494140625,104.8125228881836,3285449
2015-09-04,92.29756927490234,103.8750228881836,107.1750259399414,102.60002136230469,106.5000228881836,7928355
2015-09-07,91.98102569580078,103.5187759399414,104.4000244140625,102.02815246582031,103.85627746582031,5709214
2015-09-08,93.89696502685547,105.6750259399414,106.1250228881836,103.1250228881836,103.1812744140625,4094153
2015-09-09,93.48043823242188,105.2062759399414,107.5406494140625,104.66252899169922,106.2750244140625,4099134
2015-09-10,91.98102569580078,103.5187759399414,104.9531478881836,103.1906509399414,104.0625228881836,8775869
2015-09-11,93.14725494384766,104.8312759399414,105.5344009399414,104.0250244140625,104.0625228881836,4084660
2015-09-14,95.23809814453125,107.18440246582031,107.56877899169922,104.85002899169922,105.1875228881836,10684962
2015-09-15,95.146484375,107.0812759399414,107.6250228881836,106.1343994140625,106.6875228881836,4937700
2015-09-16,96.7208480834961,108.8531494140625,109.12503051757812,107.14690399169922,107.60627746582031,9941709
2015-09-18,98.62845611572266,111.00003051757812,111.56253051757812,108.75003051757812,108.88127899169922,9898909
2015-09-21,98.66178131103516,111.03752899169922,111.93753051757812,109.59378051757812,110.5875244140625,11840733
2015-09-22,99.2781982421875,111.73127746582031,113.29690551757812,110.62503051757812,111.00003051757812,18028038
2015-09-23,98.42021179199219,110.76565551757812,111.82502746582031,109.15315246582031,110.4562759399414,7529166
2015-09-24,100.46940612792969,113.0718994140625,113.41877746582031,110.06253051757812,111.37503051757812,11094738
2015-09-28,98.7867202758789,111.17815399169922,112.87503051757812,110.6343994140625,112.87503051757812,5322644
2015-09-29,98.01202392578125,110.3062744140625,112.10627746582031,109.68753051757812,109.8000259399414,8118296
2015-09-30,99.60307312011719,112.0969009399414,112.30315399169922,111.00003051757812,111.3937759399414,9590429
2015-10-01,99.91962432861328,112.45315551757812,114.9937744140625,112.0031509399414,112.1343994140625,18667659
2015-10-05,100.01124572753906,112.5562744140625,114.35627746582031,111.9562759399414,112.57502746582031,9100269
2015-10-06,99.85299682617188,112.3781509399414,114.37503051757812,112.16252899169922,112.95002746582031,8106115
2015-10-07,98.10365295410156,110.4094009399414,112.4625244140625,109.68753051757812,112.4625244140625,4985700
2015-10-08,98.2619400024414,110.5875244140625,111.92815399169922,109.80940246582031,110.9250259399414,5878542
2015-10-09,98.68675994873047,111.0656509399414,111.87190246582031,109.72502899169922,111.69377899169922,7196840
2015-10-12,97.28731536865234,109.49065399169922,112.50003051757812,109.12503051757812,112.50003051757812,5656995
2015-10-13,97.52053833007812,109.7531509399414,111.31877899169922,109.43440246582031,109.68753051757812,5195476
2015-10-14,97.11238098144531,109.29377746582031,111.45940399169922,108.9468994140625,109.1437759399414,5600910
2015-10-15,96.14608764648438,108.2062759399414,110.24065399169922,108.0187759399414,110.24065399169922,4486078
2015-10-16,96.12109375,108.17815399169922,109.15315246582031,106.0500259399414,108.56253051757812,4888068
2015-10-19,96.2210464477539,108.2906494140625,109.54690551757812,107.0812759399414,109.10627746582031,5330665
2015-10-20,95.26311492919922,107.2125244140625,108.73127746582031,106.8750228881836,108.56253051757812,7156819
2015-10-21,96.27104187011719,108.3469009399414,108.65628051757812,107.10002899169922,107.7750244140625,5404803
2015-10-23,94.58834838867188,106.4531478881836,107.5875244140625,105.87190246582031,107.5875244140625,9916189
2015-10-26,94.80492401123047,106.6968994140625,107.6812744140625,106.06877899169922,106.9875259399414,5681966
2015-10-27,95.81288146972656,107.8312759399414,108.26252746582031,106.1250228881836,106.9218978881836,15674230
2015-10-28,96.29602813720703,108.37503051757812,108.98440551757812,106.8281478881836,107.79377746582031,7496963
2015-10-29,95.72957611083984,107.7375259399414,108.73127746582031,107.0625228881836,108.5718994140625,8150157
2015-10-30,95.43802642822266,107.4094009399414,108.5718994140625,106.71565246582031,107.3437728881836,6049662
2015-11-02,95.82122039794922,107.84065246582031,108.2531509399414,106.5937728881836,107.5312728881836,9695048
2015-11-03,95.67125701904297,107.6718978881836,108.68440246582031,107.1281509399414,107.84065246582031,5637257
2015-11-04,95.47135162353516,107.4468994140625,108.55315399169922,107.14690399169922,108.2062759399414,4350852
2015-11-05,95.10482025146484,107.0344009399414,107.79377746582031,106.7531509399414,107.4843978881836,3277977
2015-11-06,94.95487213134766,106.86565399169922,107.37190246582031,106.25627899169922,106.5468978881836,3659753
2015-11-09,93.33883666992188,105.0468978881836,106.3125228881836,104.28752899169922,105.6562728881836,7082536
2015-11-10,92.63912200927734,104.2593994140625,105.3375244140625,103.39689636230469,105.17815399169922,7630478
2015-11-13,91.88107299804688,103.4062728881836,104.1093978881836,103.20002746582031,103.8750228881836,3326617
2015-11-16,92.21427154541016,103.7812728881836,104.61565399169922,101.6718978881836,103.10627746582031,5924403
2015-11-17,92.60579681396484,104.2219009399414,104.4375228881836,103.3125228881836,104.4375228881836,7816195
2015-11-18,92.35588836669922,103.9406509399414,104.4094009399414,103.34065246582031,103.7812728881836,6561801
2015-11-19,92.7557373046875,104.3906478881836,105.3750228881836,103.62190246582031,104.14690399169922,5367129
2015-11-20,94.91322326660156,106.81877899169922,107.8125228881836,104.6250228881836,105.31877899169922,9887773
2015-11-23,94.97986602783203,106.8937759399414,108.02815246582031,106.4156494140625,107.61565399169922,5929566
2015-11-24,93.93861389160156,105.7219009399414,108.26252746582031,105.4687728881836,107.47502899169922,5441907
2015-11-26,94.87989807128906,106.7812728881836,107.42815399169922,104.8125228881836,104.8125228881836,10273112
2015-11-27,94.95487213134766,106.86565399169922,106.95002746582031,105.91877746582031,106.7812728881836,7137918
2015-11-30,94.95487213134766,106.86565399169922,107.9531478881836,106.35002899169922,106.6875228881836,22234597
2015-12-01,96.9541015625,109.11565399169922,110.14690399169922,108.60002899169922,108.60002899169922,9200387
2015-12-02,96.2543716430664,108.32815551757812,109.76252746582031,108.0093994140625,109.6500244140625,3787604
2015-12-03,95.38804626464844,107.3531494140625,109.68753051757812,106.7437744140625,109.68753051757812,6974419
2015-12-04,94.8465805053711,106.7437744140625,107.3156509399414,105.41252899169922,107.3156509399414,5513331
2015-12-07,95.97114562988281,108.0093994140625,108.26252746582031,106.48127746582031,107.2219009399414,6213411
2015-12-08,94.41342163085938,106.25627899169922,108.54377746582031,105.8156509399414,107.66252899169922,3736804
2015-12-09,94.18016815185547,105.9937744140625,107.5969009399414,105.4781494140625,105.7500228881836,4223545
2015-12-10,94.14686584472656,105.9562759399414,106.8750228881836,104.93440246582031,106.3218994140625,6014387
2015-12-11,94.28013610839844,106.10627746582031,106.4531478881836,105.1125259399414,106.3125228881836,3691311
2015-12-14,94.47172546386719,106.3218994140625,106.8750228881836,105.0000228881836,105.60002899169922,3973023
2015-12-15,93.11392211914062,104.79377746582031,106.8750228881836,104.32502746582031,106.57502746582031,6393961
2015-12-16,92.45586395263672,104.05315399169922,104.7844009399414,103.5468978881836,103.5468978881836,10970066
2015-12-17,92.6474380493164,104.2687759399414,104.70002746582031,103.7062759399414,104.5312728881836,10163672
2015-12-18,92.33087921142578,103.91252136230469,104.5031509399414,103.20939636230469,103.8750228881836,14961660
2015-12-21,92.60579681396484,104.2219009399414,104.8593978881836,102.8437728881836,103.8375244140625,6207683
2015-12-22,92.53913879394531,104.14690399169922,104.5312728881836,103.6875228881836,104.0250244140625,6653875
2015-12-23,92.68075561523438,104.3062744140625,105.0000228881836,103.8750228881836,105.0000228881836,4221929
2015-12-24,92.83069610595703,104.47502899169922,104.9625244140625,103.9687728881836,104.3437728881836,2154842
2015-12-28,93.53877258300781,105.27190399169922,105.7500228881836,104.1656494140625,104.1656494140625,5220702
2015-12-29,93.97191619873047,105.7593994140625,106.53752899169922,104.80315399169922,105.35627746582031,4268569
2015-12-30,92.98063659667969,104.6437759399414,106.5000228881836,104.2500228881836,106.10627746582031,2678249
2015-12-31,93.280517578125,104.98127746582031,105.63752746582031,104.4375228881836,104.6250228881836,7054776
2016-01-01,92.70574188232422,104.33440399169922,104.9625244140625,103.8937759399414,104.9625244140625,3165524
2016-01-04,92.91400909423828,104.56877899169922,105.0000228881836,104.2500228881836,104.4375228881836,3431636
2016-01-05,92.78073120117188,104.41877746582031,105.9375228881836,103.9218978881836,105.3750228881836,4687529
2016-01-06,92.4808349609375,104.0812759399414,104.9625244140625,103.6875228881836,104.4375228881836,6123539
2016-01-07,91.60617065429688,103.0969009399414,104.52190399169922,102.5812759399414,103.6875228881836,11168290
2016-01-08,92.59746551513672,104.2125244140625,104.5969009399414,103.0406494140625,103.5187759399414,4648302
2016-01-11,89.54031372070312,100.77189636230469,103.86564636230469,100.20002746582031,103.5000228881836,9954184
2016-01-12,91.44790649414062,102.91877746582031,103.3125228881836,99.60002136230469,100.5937728881836,6982168
2016-01-13,91.04806518554688,102.4687728881836,103.48127746582031,101.33439636230469,102.5625228881836,3587567
2016-01-14,90.83981323242188,102.2343978881836,103.10627746582031,100.5000228881836,102.1875228881836,5838665
2016-01-15,90.48160552978516,101.8312759399414,102.9094009399414,100.6875228881836,102.4875259399414,3334175
2016-01-18,91.15636444091797,102.59065246582031,103.2750244140625,99.5156478881836,100.6875228881836,9031923
2016-01-19,90.29835510253906,101.6250228881836,103.5000228881836,100.8750228881836,102.7500228881836,5106281
2016-01-20,90.38998413085938,101.7281494140625,103.48127746582031,99.97502136230469,101.0718994140625,6238110
2016-01-21,91.76445770263672,103.2750244140625,104.0625228881836,101.5406494140625,101.5406494140625,9300264
2016-01-22,91.6478271484375,103.1437759399414,104.19377899169922,102.5812759399414,104.19377899169922,4445262
2016-01-25,91.9756851196289,102.5718994140625,103.0875244140625,101.9625244140625,102.73127746582031,4242825
2016-01-27,92.90038299560547,103.6031494140625,104.05315399169922,101.9156494140625,103.1250228881836,11160519
2016-01-28,92.00929260253906,102.6093978881836,103.81877136230469,102.07502746582031,103.72502136230469,6459529
2016-01-29,94.62373352050781,105.5250244140625,106.06877899169922,102.8625259399414,102.8625259399414,7734574
2016-02-01,95.52322387695312,106.52815246582031,107.60627746582031,104.4937744140625,106.0500259399414,8037187
2016-02-02,95.37190246582031,106.3593978881836,107.1656494140625,105.78752899169922,106.8937759399414,6855160
2016-02-03,93.7830810546875,104.5875244140625,106.2187728881836,103.8843994140625,106.2187728881836,3213476
2016-02-04,94.1445541381836,104.99065399169922,105.30940246582031,103.81877136230469,105.0562744140625,5609982
2016-02-05,93.79989624023438,104.60627746582031,106.0875244140625,104.13752746582031,105.0000228881836,5742094
2016-02-08,91.6310043334961,102.1875228881836,105.03752899169922,101.8687744140625,104.6343994140625,4384750
2016-02-09,90.15987396240234,100.5468978881836,101.23127746582031,100.1250228881836,101.23127746582031,4267924
2016-02-10,89.31079864501953,99.60002136230469,100.62190246582031,99.0000228881836,100.5468978881836,5157374
2016-02-11,86.95697021484375,96.97502136230469,99.8062744140625,96.2062759399414,99.60002136230469,5269476
2016-02-12,86.97380065917969,96.9937744140625,99.27189636230469,95.2968978881836,98.4000244140625,9598621
2016-02-15,88.3945083618164,98.5781478881836,98.9250259399414,97.15315246582031,98.04377746582031,5214324
2016-02-16,88.53740692138672,98.7375259399414,99.4687728881836,97.71565246582031,98.8125228881836,3685887
2016-02-17,88.59626007080078,98.80314636230469,99.36564636230469,96.9843978881836,98.0625228881836,5763710
2016-02-18,91.00892639160156,101.4937744140625,101.9625244140625,99.0187759399414,99.0187759399414,4740372
2016-02-19,92.026123046875,102.6281509399414,103.0312728881836,100.90315246582031,101.51252746582031,5768537
2016-02-22,91.25271606445312,101.7656478881836,102.7687759399414,100.5937728881836,102.60002136230469,4520996
2016-02-23,90.78194427490234,101.24064636230469,101.94377136230469,100.4250259399414,101.65315246582031,5036873
2016-02-24,89.7731704711914,100.11564636230469,101.6718978881836,99.4687728881836,101.2687759399414,5189321
2016-02-25,89.75636291503906,100.0969009399414,101.0156478881836,97.8937759399414,100.20002746582031,5119049
2016-02-26,89.193115234375,99.4687728881836,101.60627746582031,98.75627136230469,101.28752136230469,5250574
2016-02-29,87.46977996826172,97.5468978881836,99.7219009399414,95.23126983642578,99.1875228881836,11091282
2016-03-01,90.02536010742188,100.39689636230469,101.0625228881836,98.14689636230469,98.4375228881836,9201448
2016-03-02,90.71468353271484,101.1656494140625,101.5969009399414,99.40315246582031,101.2500228881836,9548461
2016-03-03,91.24430847167969,101.75627136230469,102.83439636230469,100.3593978881836,101.27815246582031,6511139
2016-03-04,90.27755737304688,100.67814636230469,102.30940246582031,100.3312759399414,102.16877746582031,8533469
2016-03-08,91.03414916992188,101.52189636230469,101.9062728881836,100.16252136230469,100.81877136230469,8277325
2016-03-09,90.47932434082031,100.90315246582031,101.6250228881836,99.9843978881836,101.6250228881836,10597186
2016-03-10,90.09263610839844,100.4719009399414,101.23127746582031,99.88127136230469,101.0718994140625,6464851
2016-03-11,90.62224578857422,101.0625228881836,101.2125244140625,100.44377136230469,100.4625244140625,5963203
2016-03-14,90.93327331542969,101.4094009399414,101.8125228881836,100.5937728881836,101.8125228881836,5552606
2016-03-15,89.64707946777344,99.97502136230469,101.8125228881836,99.07502746582031,101.5312728881836,10384866
2016-03-16,90.52974700927734,100.95939636230469,101.3437728881836,99.3843994140625,100.3312759399414,10071645
2016-03-17,90.65585327148438,101.10002136230469,101.99064636230469,100.4250259399414,101.5500259399414,9839474
2016-03-18,92.68182373046875,103.3593978881836,103.8375244140625,101.3437728881836,101.3531494140625,13512583
2016-03-21,93.55611419677734,104.33440399169922,105.45002746582031,101.5875244140625,103.95002746582031,5891875
2016-03-22,92.95083618164062,103.6594009399414,104.3625259399414,103.3312759399414,104.3437728881836,7905422
2016-03-23,93.43840789794922,104.2031478881836,104.85002899169922,102.3375244140625,103.1437759399414,7693379
2016-03-28,93.50566101074219,104.27815246582031,105.6750259399414,102.9937744140625,104.7281494140625,7775976
2016-03-29,93.00127410888672,103.71565246582031,104.8125228881836,102.7500228881836,104.4375228881836,8018333
2016-03-30,94.48081970214844,105.36565399169922,105.68440246582031,103.3593978881836,103.63127136230469,7883464
2016-03-31,94.86751556396484,105.7968978881836,106.8750228881836,104.47502899169922,105.3469009399414,20671520
2016-04-01,94.51445770263672,105.40315246582031,107.3437728881836,104.47502899169922,106.3125228881836,7355416
2016-04-04,95.20377349853516,106.1718978881836,107.0812759399414,105.59065246582031,106.29377746582031,3719124
2016-04-05,93.98483276367188,104.8125228881836,106.2375259399414,104.4843978881836,106.1718978881836,4395422
2016-04-06,93.85033416748047,104.66252899169922,105.3750228881836,103.6406478881836,105.0000228881836,5808793
2016-04-07,92.7742919921875,103.4625244140625,105.0000228881836,103.1906509399414,104.6250228881836,3246500
2016-04-08,92.39598846435547,103.0406494140625,103.38752746582031,102.4687728881836,102.7500228881836,5016142
2016-04-11,95.11971282958984,106.0781478881836,106.6125259399414,101.66252136230469,102.9375228881836,5949523
2016-04-12,95.75859832763672,106.7906494140625,107.2031478881836,105.2062759399414,105.9937744140625,4493886
2016-04-13,98.33943176269531,109.66877746582031,110.98127746582031,108.8531494140625,109.31253051757812,10674994
2016-04-18,98.96147918701172,110.3625259399414,111.46878051757812,108.78752899169922,110.43753051757812,13105324
2016-04-20,101.08834075927734,112.73440551757812,113.81253051757812,110.5500259399414,112.12503051757812,25034223
2016-04-21,93.95962524414062,104.7844009399414,107.93440246582031,104.4094009399414,106.8750228881836,30976914
2016-04-22,93.80829620361328,104.61565399169922,105.49690246582031,104.0812759399414,105.0000228881836,11492685
2016-04-25,92.88358306884766,103.58439636230469,105.3281478881836,103.3312759399414,104.6437759399414,9151325
2016-04-26,93.21983337402344,103.95939636230469,104.6250228881836,103.16252136230469,103.57502746582031,9657501
2016-04-27,94.1529541015625,105.0000228881836,105.2343978881836,103.5468978881836,103.5468978881836,4790110
2016-04-28,92.99286651611328,103.7062759399414,105.7500228881836,103.3125228881836,104.9062728881836,14505825
2016-04-29,93.20301055908203,103.9406509399414,104.4000244140625,102.8156509399414,104.0625228881836,6830286
2016-05-02,92.21946716308594,102.8437728881836,103.67814636230469,102.2437744140625,103.3125228881836,5296409
2016-05-03,91.43766021728516,101.9719009399414,103.0781478881836,101.0718994140625,102.9375228881836,9210403
2016-05-04,90.79035949707031,101.2500228881836,101.88752746582031,100.6875228881836,101.7187728881836,6997112
2016-05-05,91.31156921386719,101.8312759399414,102.2437744140625,100.6875228881836,101.0625228881836,5824718
2016-05-06,89.63026428222656,99.9562759399414,102.50627136230469,99.6750259399414,102.50627136230469,6870419
2016-05-09,90.62224578857422,101.0625228881836,101.2687759399414,99.6562728881836,99.92814636230469,5356158
2016-05-10,90.56339263916016,100.99690246582031,101.6437759399414,100.20939636230469,101.0156478881836,5211513
2016-05-11,90.42047119140625,100.8375244140625,101.14689636230469,99.9562759399414,100.20002746582031,3859455
2016-05-12,91.17705535888672,101.6812744140625,101.8593978881836,100.44377136230469,100.8750228881836,5328180
2016-05-13,90.73150634765625,101.18440246582031,101.75627136230469,100.6875228881836,101.75627136230469,4528516
2016-05-16,90.92488098144531,101.4000244140625,101.9062728881836,100.53752136230469,101.38127136230469,6225662
2016-05-17,90.81556701660156,101.27815246582031,101.70002746582031,100.8843994140625,101.6250228881836,6809208
2016-05-18,90.71468353271484,101.1656494140625,101.4094009399414,100.3125228881836,101.04377746582031,7621128
2016-05-19,91.28633880615234,101.80314636230469,101.99064636230469,100.7343978881836,101.2500228881836,6685262
2016-05-20,91.36199951171875,101.88752746582031,102.74064636230469,101.7187728881836,101.88752746582031,4706510
2016-05-23,90.76514434814453,101.2219009399414,102.08439636230469,100.9312744140625,102.0000228881836,4875689
2016-05-24,90.39527130126953,100.80940246582031,101.32502746582031,100.4156494140625,101.2219009399414,5286206
2016-05-25,91.81596374511719,102.3937759399414,102.55314636230469,101.0625228881836,101.2500228881836,6641075
2016-05-26,91.62259674072266,102.17814636230469,102.9000244140625,101.8125228881836,102.3937759399414,6586563
2016-05-27,91.69827270507812,102.26252746582031,103.3125228881836,101.8125228881836,101.84065246582031,6460681
2016-05-30,92.49687957763672,103.15315246582031,103.5937728881836,102.08439636230469,102.60002136230469,5706643
2016-05-31,91.70665740966797,102.27189636230469,103.5000228881836,101.8781509399414,103.3125228881836,11040471
2016-06-01,93.2282485961914,103.9687728881836,104.2125244140625,102.3000259399414,102.3000259399414,5452990
2016-06-02,90.85762786865234,101.32502746582031,104.80315399169922,100.20939636230469,104.2500228881836,13762753
2016-06-03,90.92488098144531,101.4000244140625,101.9062728881836,101.0625228881836,101.5312728881836,7088563
2016-06-06,89.9665298461914,100.3312759399414,101.60627746582031,100.01252746582031,101.4375228881836,10304205
2016-06-07,90.76514434814453,101.2219009399414,101.46565246582031,100.72502136230469,101.2500228881836,10313858
2016-06-08,91.56375122070312,102.1125259399414,102.1968994140625,101.2500228881836,101.4375228881836,8129181
2016-06-09,91.59738159179688,102.1500244140625,102.5812759399414,101.66252136230469,102.5812759399414,9430088
2016-06-10,91.68986511230469,102.2531509399414,102.59065246582031,101.8125228881836,102.0937728881836,6359182
2016-06-13,90.99209594726562,101.47502136230469,102.13127136230469,101.0344009399414,101.3625259399414,3480377
2016-06-14,91.31156921386719,101.8312759399414,102.0000228881836,101.2500228881836,101.47502136230469,5602446
2016-06-15,91.9756851196289,102.5718994140625,102.7031478881836,101.6812744140625,102.3375244140625,2263231
2016-06-16,92.45484161376953,103.10627746582031,103.3125228881836,101.5406494140625,102.31877136230469,3681988
2016-06-17,92.81632995605469,103.5093994140625,103.8750228881836,102.9375228881836,103.3687744140625,8613805
2016-06-20,93.65699768066406,104.4468994140625,104.7844009399414,102.2062759399414,103.1250228881836,7409230
2016-06-21,94.32109069824219,105.1875228881836,105.5344009399414,103.76252746582031,104.56877899169922,5277033
2016-06-22,94.68258666992188,105.59065246582031,105.7500228881836,104.9062728881836,105.3843994140625,7391587
2016-06-23,94.77503967285156,105.69377899169922,105.9094009399414,104.8781509399414,105.5625228881836,3580004
2016-06-24,93.33753967285156,104.09065246582031,104.5781478881836,102.6187744140625,103.7343978881836,7210062
2016-06-27,92.13538360595703,102.7500228881836,104.05315399169922,102.60002136230469,104.05315399169922,5685011
2016-06-28,91.19387817382812,101.70002746582031,102.5156478881836,101.4843978881836,102.17814636230469,5295833
2016-06-29,93.23664855957031,103.9781494140625,104.4375228881836,101.6250228881836,102.07502746582031,4993854
2016-06-30,93.80829620361328,104.61565399169922,105.40315246582031,104.0718994140625,104.56877899169922,7785230
2016-07-01,93.968017578125,104.79377746582031,105.9375228881836,104.4468994140625,104.9531478881836,2872943
2016-07-04,94.43879699707031,105.31877899169922,105.9375228881836,105.0000228881836,105.3750228881836,5305017
2016-07-05,94.98521423339844,105.92815399169922,106.6875228881836,104.2593994140625,105.30940246582031,4831470
2016-07-07,94.0857162475586,104.9250259399414,106.49065399169922,104.5406494140625,106.3125228881836,7614019
2016-07-08,94.43038177490234,105.30940246582031,105.64690399169922,104.0718994140625,104.9250259399414,4648377
2016-07-11,95.81149291992188,106.6594009399414,107.0625228881836,105.49690246582031,105.9375228881836,5509102
2016-07-12,96.13995361328125,107.0250244140625,107.23127746582031,105.9375228881836,106.2187728881836,3498900
2016-07-13,96.67050170898438,107.61565399169922,108.3375244140625,106.8375244140625,107.60627746582031,5638382
2016-07-14,96.10624694824219,106.9875259399414,107.61565399169922,106.0312728881836,106.7906494140625,2713977
2016-07-15,93.39453125,103.9687728881836,107.79377746582031,103.72502136230469,106.85627746582031,18280203
2016-07-18,92.96502685546875,103.49064636230469,103.86564636230469,102.1500244140625,103.7812728881836,8784787
2016-07-19,92.51026153564453,102.9843978881836,103.8281478881836,102.0000228881836,102.1875228881836,14877681
2016-07-20,90.75861358642578,101.0344009399414,101.4843978881836,97.1250228881836,97.1250228881836,50777299
2016-07-21,91.28915405273438,101.6250228881836,102.1500244140625,101.04377746582031,101.04377746582031,7703480
2016-07-22,90.5733413696289,100.8281478881836,101.4375228881836,100.3125228881836,101.2500228881836,7330024
2016-07-25,91.43231964111328,101.7844009399414,101.94377136230469,100.3125228881836,100.81877136230469,3908543
2016-07-26,91.979736328125,102.3937759399414,103.2656478881836,101.42814636230469,101.6250228881836,8752205
2016-07-27,92.49343872070312,102.96565246582031,103.6406478881836,101.7281494140625,102.3937759399414,7535086
2016-07-28,93.27662658691406,103.8375244140625,104.3906478881836,102.0000228881836,102.6187744140625,6127465
2016-07-29,91.8028793334961,102.1968994140625,103.6875228881836,101.74690246582031,103.5562744140625,7435123
2016-08-01,93.93351745605469,104.56877899169922,105.3281478881836,102.1875228881836,102.1968994140625,12123703
2016-08-02,92.56922912597656,103.0500259399414,104.8125228881836,102.7500228881836,104.6250228881836,6216329
2016-08-03,92.29131317138672,102.74064636230469,104.09065246582031,102.5250244140625,102.7500228881836,7703918
2016-08-04,92.33341979980469,102.78752136230469,103.5000228881836,102.2531509399414,102.7125244140625,6132105
2016-08-05,92.16499328613281,102.60002136230469,103.5937728881836,102.3000259399414,102.36564636230469,3108623
2016-08-08,92.4681625366211,102.9375228881836,103.6594009399414,102.4218978881836,102.4218978881836,5468510
2016-08-09,92.86396789550781,103.3781509399414,103.5937728881836,102.4312744140625,102.69377136230469,4676916
2016-08-10,91.39865112304688,101.74690246582031,103.3125228881836,101.2593994140625,103.1250228881836,3369775
2016-08-11,91.45757293701172,101.8125228881836,102.6656494140625,101.2500228881836,101.41877746582031,2665604
2016-08-12,91.58390045166016,101.9531478881836,103.0312728881836,101.3437728881836,101.3437728881836,4163470
2016-08-16,90.36278533935547,100.5937728881836,102.3750228881836,100.2750244140625,101.9531478881836,4939065
2016-08-17,88.8974380493164,98.9625244140625,100.90315246582031,98.7375259399414,100.63127136230469,5300457
2016-08-18,88.44268035888672,98.4562759399414,99.3843994140625,98.10002136230469,99.36564636230469,4851732
2016-08-19,87.60054016113281,97.5187759399414,99.3375244140625,97.3218994140625,98.79377746582031,5503785
2016-08-22,86.82575988769531,96.6562728881836,97.5000228881836,96.4687728881836,97.1250228881836,5422857
2016-08-23,87.51631927490234,97.4250259399414,97.5937728881836,96.5625228881836,96.6093978881836,6156019
2016-08-24,87.52474975585938,97.43440246582031,97.8750228881836,96.9468994140625,97.5187759399414,5587134
2016-08-25,84.88882446289062,94.5000228881836,97.7343978881836,94.1718978881836,97.6875228881836,25798062
2016-08-26,82.53079986572266,91.8750228881836,94.8843994140625,91.5000228881836,94.5000228881836,17698571
2016-08-29,80.64437103271484,89.7750244140625,92.1656494140625,89.45626831054688,92.0625228881836,27176665
2016-08-30,82.43814849853516,91.77189636230469,91.95939636230469,89.65314483642578,89.79376983642578,24165572
2016-08-31,82.80870056152344,92.18439483642578,93.0000228881836,91.1718978881836,92.2125244140625,14992145
2016-09-01,81.51178741455078,90.74064636230469,91.81877136230469,90.2812728881836,91.81877136230469,10604872
2016-09-02,81.45281219482422,90.67501831054688,91.0406494140625,89.8687744140625,90.7500228881836,8611208
2016-09-06,81.3349380493164,90.54376983642578,91.01251983642578,90.0000228881836,90.9375228881836,8491053
2016-09-07,81.14124298095703,90.3281478881836,91.8281478881836,90.0093994140625,91.4625244140625,11453063
2016-09-08,79.82748413085938,88.86564636230469,89.93439483642578,88.16252136230469,89.4375228881836,11891858
2016-09-09,80.95596313476562,90.12189483642578,90.5625228881836,88.9312744140625,89.55001831054688,10113106
2016-09-12,80.91384887695312,90.07501983642578,90.63751983642578,88.52814483642578,89.0250244140625,10068429
2016-09-14,80.5180435180664,89.6343994140625,90.92814636230469,89.22189331054688,90.8437728881836,9826386
2016-09-15,80.58541107177734,89.70939636230469,89.9625244140625,88.9218978881836,89.9625244140625,9677981
2016-09-16,80.74543762207031,89.88751983642578,90.4312744140625,89.6250228881836,90.2437744140625,12324284
2016-09-19,80.83805847167969,89.99064636230469,90.36564636230469,89.28752136230469,90.0000228881836,11299922
2016-09-20,81.0233383178711,90.1968994140625,90.4687728881836,89.64376831054688,90.4687728881836,5829321
2016-09-21,81.49494171142578,90.72189331054688,90.8437728881836,90.0468978881836,90.55314636230469,8668616
2016-09-22,81.14124298095703,90.3281478881836,90.97502136230469,89.92501831054688,90.9375228881836,7633032
2016-09-23,80.88016510009766,90.03752136230469,90.69377136230469,89.8218994140625,90.6093978881836,12300882
2016-09-26,80.72858428955078,89.8687744140625,90.1875228881836,89.26876831054688,90.07501983642578,11939239
2016-09-27,81.55388641357422,90.78752136230469,90.9375228881836,89.8125228881836,90.06564331054688,9878285
2016-09-28,81.46966552734375,90.69377136230469,90.88127136230469,90.06564331054688,90.82501983642578,4245028
2016-09-29,79.53273010253906,88.53752136230469,90.74064636230469,88.1250228881836,90.69377136230469,26351076
2016-09-30,80.66963195800781,89.80314636230469,90.0000228881836,88.6875228881836,88.6875228881836,11216973
2016-10-03,80.66963195800781,89.80314636230469,90.01876831054688,88.9312744140625,90.0000228881836,5336686
2016-10-04,81.14966583251953,90.3375244140625,90.92814636230469,89.8125228881836,89.8125228881836,7095976
2016-10-05,80.77069091796875,89.9156494140625,90.59064483642578,89.37189483642578,90.3375244140625,7538366
2016-10-06,80.50962829589844,89.6250228881836,90.11251831054688,89.4468994140625,90.0000228881836,7396014
2016-10-07,80.33277130126953,89.42814636230469,89.94377136230469,89.17501831054688,89.6250228881836,5566297
2016-10-10,80.34120178222656,89.4375228881836,89.9531478881836,89.26876831054688,89.47502136230469,3538004
2016-10-13,80.5517349243164,89.6718978881836,89.8125228881836,88.95001983642578,89.4375228881836,7329358
2016-10-14,80.00433349609375,89.0625228881836,90.22502136230469,88.9312744140625,89.5875244140625,6884195
2016-10-17,79.5243148803711,88.52814483642578,89.18439483642578,88.42501831054688,89.0718994140625,8298392
2016-10-18,81.30966186523438,90.5156478881836,90.76876831054688,88.6875228881836,88.70626831054688,5801342
2016-10-19,83.3729476928711,92.8125228881836,93.16876983642578,90.7031478881836,90.9375228881836,12378636
2016-10-20,83.44031524658203,92.88751983642578,93.96564483642578,92.28752136230469,93.35626983642578,6252382
2016-10-21,84.0803451538086,93.60002136230469,93.9375228881836,92.4937744140625,93.7219009399414,10617160
2016-10-24,81.51178741455078,90.74064636230469,91.8750228881836,89.55001831054688,91.8750228881836,18579446
2016-10-25,81.08229064941406,90.26251983642578,90.86251831054688,89.85002136230469,90.7500228881836,18599248
2016-10-26,79.42327117919922,88.4156494140625,90.1406478881836,88.2281494140625,90.1406478881836,7329390
2016-10-27,77.76421356201172,86.56877136230469,88.80939483642578,86.2500228881836,88.3687744140625,10042829
2016-10-28,77.83158874511719,86.64376831054688,87.45001983642578,85.14376831054688,86.56877136230469,12320247
2016-11-01,77.60420989990234,86.3906478881836,87.45939636230469,86.2500228881836,87.1968994140625,3786724
2016-11-02,77.12418365478516,85.85626983642578,86.40939331054688,84.82501983642578,85.81877136230469,7523630
2016-11-03,75.38934326171875,83.92501831054688,86.24064636230469,83.63439178466797,85.8750228881836,8053976
2016-11-04,76.21465301513672,84.8437728881836,85.0781478881836,83.28752136230469,83.9531478881836,6547449
2016-11-07,75.79358673095703,84.3750228881836,85.39689636230469,84.08439636230469,85.3125228881836,7134574
2016-11-08,76.08832550048828,84.7031478881836,85.48126983642578,83.70939636230469,84.9375228881836,6916238
2016-11-09,75.27143859863281,83.79376983642578,84.45939636230469,76.51876831054688,79.68751525878906,11558738
2016-11-10,74.94300842285156,83.42814636230469,84.63751983642578,82.51876831054688,84.59064483642578,8316376
2016-11-11,74.50507354736328,82.94064331054688,83.27814483642578,81.38439178466797,82.85626983642578,10485629
2016-11-15,75.44829559326172,83.99064636230469,84.63751983642578,82.41564178466797,82.7812728881836,37705734
2016-11-16,75.001953125,83.49376678466797,85.2187728881836,82.89376831054688,84.1875228881836,8829107
2016-11-17,73.83978271484375,82.20001983642578,83.42814636230469,81.33751678466797,83.08126831054688,11076418
2016-11-18,73.62925720214844,81.96564483642578,82.8750228881836,81.11251831054688,82.49064636230469,5763107
2016-11-21,74.4124526977539,82.83751678466797,83.2031478881836,81.97502136230469,82.0312728881836,8909576
2016-11-22,75.86095428466797,84.45001983642578,84.9375228881836,82.33126831054688,82.8750228881836,5891539
2016-11-23,75.6082992553711,84.16876983642578,84.72189331054688,82.89376831054688,84.45001983642578,6756803
2016-11-24,75.9198989868164,84.5156478881836,85.29376983642578,83.73751831054688,84.08439636230469,7374200
2016-11-25,78.2779312133789,87.1406478881836,87.5625228881836,84.5625228881836,84.9375228881836,6822590
2016-11-28,77.5789566040039,86.36251831054688,87.7500228881836,85.42501831054688,87.7500228881836,6135518
2016-11-29,78.34529113769531,87.21564483642578,87.4687728881836,86.3437728881836,86.51251983642578,3333673
2016-11-30,78.36212921142578,87.2343978881836,88.30314636230469,86.6250228881836,87.1875228881836,11587709
2016-12-01,78.8758544921875,87.8062744140625,88.30314636230469,87.0468978881836,88.06877136230469,3302127
2016-12-02,77.54525756835938,86.32501983642578,88.3125228881836,85.9687728881836,88.2187728881836,4041268
2016-12-05,76.91365051269531,85.62189483642578,86.2500228881836,84.9468994140625,86.2500228881836,3176116
2016-12-06,77.10733795166016,85.8375244140625,86.78439331054688,85.48126983642578,85.5000228881836,3357785
2016-12-07,76.35782623291016,85.00314331054688,86.2031478881836,84.7500228881836,85.95001983642578,3144911
2016-12-08,77.24208068847656,85.98751831054688,86.14689636230469,85.14376831054688,85.3125228881836,5596430
2016-12-09,77.15785217285156,85.89376831054688,86.47502136230469,85.5937728881836,85.89376831054688,5430270
2016-12-12,76.3915023803711,85.0406494140625,85.48126983642578,84.6562728881836,85.3125228881836,3831332
2016-12-13,78.10950469970703,86.9531478881836,87.0093994140625,85.3218994140625,85.5937728881836,6269049
2016-12-14,78.53899383544922,87.4312744140625,87.81564331054688,86.8593978881836,87.02814483642578,5507907
2016-12-15,78.50530242919922,87.39376831054688,88.48126983642578,86.36251831054688,86.36251831054688,5511310
2016-12-16,78.06739044189453,86.9062728881836,88.15314483642578,86.24064636230469,87.4312744140625,8818851
2016-12-19,78.0758056640625,86.9156494140625,87.4687728881836,86.70939636230469,86.7656478881836,4144553
2016-12-20,78.59794616699219,87.49689483642578,88.10626983642578,86.55939483642578,87.54376983642578,4334313
2016-12-21,77.8905258178711,86.70939636230469,88.2187728881836,86.47502136230469,87.8437728881836,5486622
2016-12-22,77.76421356201172,86.56877136230469,87.41252136230469,86.1187744140625,86.73751831054688,4312617
2016-12-23,77.267333984375,86.0156478881836,87.1875228881836,85.38751983642578,87.12189483642578,3585124
2016-12-26,76.82100677490234,85.51876831054688,86.3437728881836,84.9937744140625,85.95001983642578,3316809
2016-12-27,78.35371398925781,87.22502136230469,87.3750228881836,85.14376831054688,85.3125228881836,2952121
2016-12-28,79.05269622802734,88.00314331054688,89.14689636230469,87.1968994140625,87.3750228881836,6353966
2016-12-29,79.55799102783203,88.56564331054688,89.4375228881836,87.0093994140625,87.9375228881836,10907890
2016-12-30,79.91169738769531,88.95939636230469,89.3437728881836,88.3218994140625,88.80939483642578,2779631
2017-01-02,79.42327117919922,88.4156494140625,89.70001983642578,88.2187728881836,89.0718994140625,2460948
2017-01-03,78.65689849853516,87.5625228881836,88.89376831054688,87.31877136230469,88.6875228881836,3686937
2017-01-04,80.10540008544922,89.17501831054688,89.55001831054688,87.39376831054688,87.5625228881836,6050638
2017-01-05,80.91384887695312,90.07501983642578,91.10626983642578,89.45626831054688,89.45626831054688,5216996
2017-01-06,79.15375518798828,88.11564636230469,90.01876831054688,87.9375228881836,89.7187728881836,8381720
2017-01-09,79.49905395507812,88.5000228881836,88.95939636230469,86.5875244140625,87.9375228881836,3922249
2017-01-10,80.2569808959961,89.3437728881836,89.78439331054688,88.3593978881836,88.61251831054688,3528383
2017-01-11,80.20646667480469,89.28752136230469,90.2812728881836,89.0625228881836,89.60626983642578,4507028
2017-01-12,81.38545989990234,90.60002136230469,90.7968978881836,88.9218978881836,89.2500228881836,3741476
2017-01-13,81.62966918945312,90.87189483642578,91.20939636230469,90.06564331054688,90.95626831054688,4322788
2017-01-16,81.64652252197266,90.8906478881836,91.44377136230469,89.9625244140625,90.54376983642578,3227332
2017-01-17,81.2507095336914,90.45001983642578,91.44377136230469,90.0937728881836,91.00314331054688,2948943
2017-01-18,81.3433609008789,90.55314636230469,91.3125228881836,90.0000228881836,90.45001983642578,2863620
2017-01-19,80.67804718017578,89.8125228881836,90.83439636230469,89.1093978881836,90.63751983642578,4785278
2017-01-20,80.4927749633789,89.60626983642578,89.9625244140625,89.0625228881836,89.3531494140625,4077220
2017-01-23,80.80438995361328,89.9531478881836,90.8062744140625,88.4531478881836,88.6031494140625,6108473
2017-01-24,81.09913635253906,90.2812728881836,90.5625228881836,89.2500228881836,90.49689483642578,3921167
2017-01-25,79.78536987304688,88.81877136230469,90.7500228881836,88.35002136230469,90.3750228881836,10906509
2017-01-27,78.41267395019531,87.2906494140625,88.81877136230469,87.0562744140625,88.0312728881836,10272157
2017-01-30,78.44635772705078,87.3281478881836,87.7500228881836,85.7812728881836,87.0000228881836,9853933
2017-01-31,77.1410140991211,85.8750228881836,87.3375244140625,83.50314331054688,87.3375244140625,14628407
2017-02-01,76.80416107177734,85.5000228881836,86.4375228881836,84.3750228881836,86.4375228881836,8750755
2017-02-02,77.08329772949219,85.43439483642578,85.86564636230469,83.64376831054688,85.5000228881836,8171731
2017-02-03,77.43856048583984,85.8281478881836,86.17501831054688,85.14376831054688,85.5000228881836,4682452
2017-02-06,78.00528717041016,86.45626831054688,86.7750244140625,85.2187728881836,85.99689483642578,6599518
2017-02-07,77.57389068603516,85.9781494140625,86.6250228881836,85.4156494140625,86.6250228881836,4459769
2017-02-08,77.90377807617188,86.3437728881836,87.21564483642578,85.70626831054688,85.94064331054688,7007704
2017-02-09,78.83421325683594,87.3750228881836,87.53439331054688,85.75314331054688,85.9312744140625,5274137
2017-02-10,79.384033203125,87.9843978881836,88.53752136230469,87.07501983642578,87.62814331054688,4093449
2017-02-13,80.26374053955078,88.95939636230469,89.2500228881836,87.6093978881836,87.7500228881836,4523470
2017-02-14,80.64437103271484,89.38127136230469,89.56877136230469,88.53752136230469,89.46564483642578,4619060
2017-02-15,80.30602264404297,89.00627136230469,89.8687744140625,87.86251831054688,89.3531494140625,5640489
2017-02-16,81.3379898071289,90.1500244140625,90.35626983642578,88.6875228881836,88.6875228881836,5667011
2017-02-17,80.41598510742188,89.12814331054688,90.68439483642578,88.8843994140625,90.3750228881836,4210692
2017-02-20,80.46673583984375,89.18439483642578,89.51251983642578,88.6968994140625,89.0625228881836,3054543
2017-02-21,80.49211120605469,89.2125244140625,90.1406478881836,88.90314483642578,89.0625228881836,6829411
2017-02-22,80.27217864990234,88.9687728881836,89.5406494140625,88.16252136230469,89.08126831054688,5558777
2017-02-23,82.23457336425781,91.14376831054688,91.7343978881836,88.4156494140625,88.9687728881836,8693864
2017-02-27,82.85205841064453,91.8281478881836,92.3625259399414,89.93439483642578,90.0000228881836,7528200
2017-02-28,82.69134521484375,91.6500244140625,92.28752136230469,91.3218994140625,91.8750228881836,5401139
2017-03-01,82.64905548095703,91.6031494140625,92.84064483642578,91.0875244140625,91.5000228881836,5426302
2017-03-02,82.92819213867188,91.91252136230469,92.89689636230469,91.51876831054688,92.6250228881836,5423075
2017-03-03,83.5456771850586,92.5969009399414,92.93439483642578,91.35002136230469,92.0250244140625,3947295
2017-03-06,83.21578979492188,92.23126983642578,92.37189483642578,91.61251831054688,92.1187744140625,3143300
2017-03-07,83.76558685302734,92.84064483642578,93.6750259399414,92.23126983642578,92.5312728881836,8801080
2017-03-08,83.75713348388672,92.8312759399414,93.03752136230469,91.7437744140625,92.74689483642578,3064671
2017-03-09,81.96391296386719,90.8437728881836,92.4375228881836,90.62814331054688,92.4375228881836,3759439
2017-03-10,82.39530944824219,91.3218994140625,91.67814636230469,90.67501831054688,90.95626831054688,2914404
2017-03-14,84.81446075439453,94.0031509399414,94.6125259399414,91.76251983642578,91.8750228881836,6553246
2017-03-15,83.70639038085938,92.7750244140625,94.85626983642578,92.32501983642578,94.81877136230469,9607608
2017-03-16,84.67911529541016,93.8531494140625,94.29376983642578,92.8125228881836,93.2437744140625,8848888
2017-03-17,85.30506134033203,94.5468978881836,95.0625228881836,93.55314636230469,94.5000228881836,8875816
2017-03-20,84.16315460205078,93.2812728881836,94.5468978881836,92.85002136230469,94.5000228881836,3751881
2017-03-21,84.35770416259766,93.49689483642578,94.1250228881836,92.4562759399414,92.4562759399414,5951390
2017-03-22,84.67911529541016,93.8531494140625,94.38751983642578,92.2500228881836,92.5312728881836,10620082
2017-03-23,86.27780151367188,95.6250228881836,96.0000228881836,93.91876983642578,94.3125228881836,14922870
2017-03-24,86.82760620117188,96.2343978881836,96.3750228881836,95.52189636230469,95.52189636230469,8062056
2017-03-27,85.26277160644531,94.5000228881836,96.08439636230469,94.2750244140625,95.3156509399414,5232713
2017-03-28,85.86333465576172,95.1656494140625,95.8125228881836,94.25627136230469,94.6875228881836,3323252
2017-03-29,86.6584243774414,96.0468978881836,96.35627746582031,94.16252136230469,95.33439636230469,5380707
2017-03-30,87.28436279296875,96.74064636230469,97.25627136230469,94.95001983642578,95.7656478881836,14290321
2017-03-31,87.24207305908203,96.69377136230469,97.05940246582031,95.5875244140625,96.03752136230469,8061645
2017-04-03,85.7872085571289,95.0812759399414,96.8437728881836,94.80939483642578,96.83439636230469,4160286
2017-04-05,86.38776397705078,95.74689483642578,96.0000228881836,94.1437759399414,94.8750228881836,6502814
2017-04-06,87.07291412353516,96.50627136230469,96.6656494140625,94.95939636230469,95.0812759399414,7980291
2017-04-07,86.5992202758789,95.98126983642578,96.2812728881836,95.41876983642578,96.26252746582031,12196978
2017-04-10,85.3304443359375,94.57501983642578,97.0875244140625,94.2187728881836,96.55314636230469,13798807
2017-04-11,86.30315399169922,95.65314483642578,95.88751983642578,93.78752136230469,94.4625244140625,6303993
2017-04-12,84.71295166015625,93.8906478881836,95.5969009399414,93.6187744140625,95.56877136230469,7258323
2017-04-13,83.8078842163086,92.88751983642578,94.49064636230469,92.3062744140625,93.8906478881836,9674765
2017-04-17,83.28343963623047,92.3062744140625,92.9531478881836,91.89376831054688,92.9531478881836,7798259
2017-04-18,83.571044921875,92.6250228881836,93.3281478881836,91.98751831054688,92.0625228881836,6285310
2017-04-19,84.29002380371094,93.4218978881836,93.6656494140625,91.9312744140625,93.2812728881836,6543459
2017-04-20,84.5438003540039,93.7031478881836,94.7062759399414,93.0093994140625,93.3750228881836,5025646
2017-04-21,83.10582733154297,92.1093978881836,94.38751983642578,90.5625228881836,93.7500228881836,8445800
2017-04-24,83.15656280517578,92.1656494140625,92.8125228881836,90.86251831054688,91.38751983642578,6887352
2017-04-25,83.62181091308594,92.6812744140625,93.7500228881836,91.71564483642578,92.5312728881836,11770706
2017-04-26,83.03815460205078,92.0344009399414,96.0937728881836,91.61251831054688,94.3125228881836,60514032
2017-04-27,83.9178466796875,93.0093994140625,93.40314483642578,91.57501983642578,92.60626983642578,19864101
2017-04-28,83.61333465576172,92.6718978881836,93.31877136230469,91.8843994140625,93.1875228881836,12086663
2017-05-02,83.72329711914062,92.79376983642578,93.36564636230469,92.5500259399414,93.02814483642578,5568494
2017-05-03,83.98552703857422,93.08439636230469,93.69377136230469,92.6718978881836,93.3937759399414,4065380
2017-05-04,84.57762145996094,93.74064636230469,93.9937744140625,92.60626983642578,93.21564483642578,4048926
2017-05-05,84.46765899658203,93.6187744140625,93.9375228881836,93.0656509399414,93.69377136230469,2722905
2017-05-08,84.97517395019531,94.1812744140625,94.5562744140625,93.0187759399414,93.7500228881836,5002041
2017-05-09,86.09170532226562,95.41876983642578,95.5781478881836,93.8531494140625,94.5000228881836,7581832
2017-05-10,84.52687072753906,93.68439483642578,95.65314483642578,93.49689483642578,95.13751983642578,4459065
2017-05-11,85.37271881103516,94.62189483642578,94.8281478881836,93.82501983642578,94.2844009399414,3393796
2017-05-12,85.77874755859375,95.0718994140625,95.2125244140625,94.53752136230469,94.80939483642578,6031102
2017-05-15,85.65185546875,94.9312744140625,95.6250228881836,94.05939483642578,95.6250228881836,3549668
2017-05-16,87.18286895751953,96.6281509399414,96.78752136230469,94.7812728881836,94.7812728881836,7146846
2017-05-17,86.37084197998047,95.7281494140625,97.0312728881836,95.2500228881836,96.9375228881836,7362627
2017-05-18,88.88304138183594,98.51252746582031,98.9719009399414,94.8375244140625,95.05314636230469,17123643
2017-05-19,87.92723846435547,97.4531478881836,98.9719009399414,97.1343994140625,98.8125228881836,5097614
2017-05-22,88.17252349853516,97.72502136230469,98.1281509399414,94.9781494140625,97.81877136230469,5733070
2017-05-23,89.0522232055664,98.70002746582031,99.1875228881836,97.53752136230469,97.8750228881836,8735341
2017-05-24,88.81538391113281,98.4375228881836,99.78752136230469,97.4719009399414,98.94377136230469,6636990
2017-05-25,90.7524185180664,100.58439636230469,101.00627136230469,98.55940246582031,98.55940246582031,20100101
2017-05-26,91.18379211425781,101.0625228881836,102.16877746582031,99.6750259399414,100.1250228881836,7765843
2017-05-29,90.43943786621094,100.2375259399414,101.0718994140625,99.3750228881836,101.0625228881836,3166943
2017-05-30,90.70166015625,100.52815246582031,101.2500228881836,99.26252746582031,99.3750228881836,6637379
2017-05-31,90.59168243408203,100.4062728881836,101.2500228881836,99.9375228881836,100.7906494140625,15642998
2017-06-01,91.54751586914062,101.46565246582031,102.1875228881836,100.2375259399414,100.39689636230469,4250820
2017-06-02,93.3238296508789,103.43440246582031,103.85627746582031,101.4000244140625,101.8218994140625,6428073
2017-06-05,93.98358917236328,104.1656494140625,104.60627746582031,102.4781494140625,103.4156494140625,9633970
2017-06-06,94.82945251464844,105.1031494140625,106.5000228881836,103.4156494140625,104.2500228881836,11049943
2017-06-07,92.94319152832031,103.01252746582031,105.2812728881836,100.3593978881836,105.03752899169922,13762215
2017-06-08,92.3510971069336,102.35627746582031,103.6875228881836,101.55940246582031,103.10627746582031,8001795
2017-06-09,90.83699035644531,100.67814636230469,102.0093994140625,99.6750259399414,102.0093994140625,9384610
2017-06-12,89.04376220703125,98.6906509399414,100.4250259399414,97.62190246582031,100.4250259399414,12396076
2017-06-13,87.63117980957031,97.1250228881836,100.01252746582031,96.2812728881836,97.5000228881836,8946043
2017-06-14,86.64997863769531,96.03752136230469,97.9875259399414,94.6125259399414,97.9875259399414,8080517
2017-06-15,88.25711059570312,97.81877136230469,98.2125244140625,95.6437759399414,97.5000228881836,8317803
2017-06-16,86.36237335205078,95.7187728881836,98.66252136230469,94.8000259399414,97.53752136230469,8030288
2017-06-19,86.12554931640625,95.4562759399414,96.7125244140625,95.00627136230469,96.0000228881836,3891671
2017-06-20,86.0240478515625,95.3437728881836,96.13127136230469,95.0625228881836,95.6250228881836,2063458
2017-06-21,86.58231353759766,95.9625244140625,96.1875228881836,94.5000228881836,95.3437728881836,4895705
2017-06-22,86.29472351074219,95.6437759399414,97.06877136230469,94.95001983642578,96.0000228881836,3843239
2017-06-23,86.90372467041016,96.31877136230469,97.4625244140625,94.8750228881836,95.2500228881836,6051953
2017-06-27,86.80223083496094,96.2062759399414,96.7687759399414,95.04376983642578,95.8125228881836,9540496
2017-06-28,87.42816925048828,96.9000244140625,97.2750244140625,95.3437728881836,96.7500228881836,4448070
2017-06-29,87.73268127441406,97.2375259399414,97.8375244140625,96.0187759399414,97.5000228881836,12944967
2017-06-30,87.41124725341797,96.88127136230469,97.81877136230469,96.07502746582031,96.3000259399414,7242552
2017-07-03,87.83416748046875,97.35002136230469,97.6500244140625,94.5000228881836,97.5000228881836,5572713
2017-07-04,87.96952819824219,97.5000228881836,97.85627746582031,95.6250228881836,96.7500228881836,5868339
2017-07-05,87.22516632080078,96.6750259399414,97.6500244140625,96.16877746582031,97.5000228881836,5030668
2017-07-06,87.20823669433594,96.6562728881836,97.5187759399414,95.94377136230469,96.6750259399414,4398852
2017-07-07,87.19134521484375,96.63752746582031,96.8437728881836,95.6250228881836,95.66252136230469,3889807
2017-07-10,90.7608642578125,100.5937728881836,100.85627746582031,97.5937728881836,97.5937728881836,1769468
2017-07-11,89.0522232055664,98.70002746582031,102.5625228881836,98.28752136230469,99.82502746582031,10827743
2017-07-12,89.25523376464844,98.9250259399414,99.6750259399414,97.9875259399414,98.88752746582031,3170908
2017-07-13,89.33979797363281,99.0187759399414,99.69377136230469,98.04377746582031,98.9625244140625,4331508
2017-07-14,87.91876983642578,97.44377136230469,99.35627746582031,97.1250228881836,99.0562744140625,6545345
2017-07-17,90.28716278076172,100.06877136230469,102.7500228881836,99.2062759399414,99.9000244140625,20717986
2017-07-18,91.01461029052734,100.8750228881836,102.2437744140625,99.9375228881836,100.2375259399414,7342675
2017-07-19,91.72512817382812,101.66252136230469,102.0187759399414,100.2375259399414,101.2500228881836,7928152
2017-07-20,91.06536102294922,100.9312744140625,102.8437728881836,100.5937728881836,101.5312728881836,7137662
2017-07-21,96.78340148925781,107.2687759399414,109.0875244140625,105.0937728881836,106.4625244140625,43712663
2017-07-24,98.64429473876953,109.3312759399414,110.06253051757812,108.46878051757812,108.82502746582031,17479614
2017-07-25,97.96761322021484,108.5812759399414,109.85627746582031,108.37503051757812,109.81877899169922,8993269
2017-07-26,97.89993286132812,108.50627899169922,109.31253051757812,107.9250259399414,108.75003051757812,7921576
2017-07-27,98.01834869384766,108.63752746582031,109.96878051757812,107.7187728881836,108.75003051757812,15748342
2017-07-28,97.79841613769531,108.3937759399414,109.06877899169922,107.9625244140625,108.75003051757812,6488043
2017-07-31,97.59542846679688,108.16877746582031,108.93753051757812,107.7750244140625,108.75003051757812,6801080
2017-08-01,99.74391174316406,110.5500259399414,110.98127746582031,108.37503051757812,108.37503051757812,10760455
2017-08-02,99.40555572509766,110.1750259399414,111.63752746582031,109.87503051757812,110.25003051757812,6469635
2017-08-03,97.81534576416016,108.41252899169922,110.7750244140625,108.22502899169922,110.51252746582031,9722197
2017-08-04,97.91685485839844,108.5250244140625,109.95002746582031,108.37503051757812,108.6750259399414,6796056
2017-08-07,97.35858917236328,107.9062728881836,108.7125244140625,107.66252899169922,108.60002899169922,3921329
2017-08-08,97.24015808105469,107.7750244140625,109.3312759399414,106.8375244140625,109.2375259399414,7279766
2017-08-09,96.93565368652344,107.4375228881836,108.2062759399414,107.2125244140625,107.66252899169922,2906265
2017-08-10,97.4939193725586,108.0562744140625,108.54377746582031,107.1562728881836,107.2500228881836,7222248
2017-08-11,98.01834869384766,108.63752746582031,110.4562759399414,107.88752746582031,108.00003051757812,9466389
2017-08-14,97.61234283447266,108.18753051757812,109.0875244140625,107.7187728881836,108.7687759399414,4292153
2017-08-16,98.1029281616211,108.73127746582031,108.78752899169922,108.00003051757812,108.5250244140625,5363422
2017-08-17,97.56158447265625,108.13127899169922,109.12503051757812,108.00003051757812,109.0875244140625,7032915
2017-08-18,97.47701263427734,108.03752899169922,109.12503051757812,107.9625244140625,108.0187759399414,7948899
2017-08-21,97.34165954589844,107.88752746582031,109.20002746582031,107.7375259399414,108.50627899169922,7613358
2017-08-22,98.20443725585938,108.84378051757812,109.87503051757812,108.3375244140625,108.93753051757812,7238720
2017-08-23,98.1198501586914,108.75003051757812,109.4250259399414,108.60002899169922,109.16252899169922,6223409
2017-08-24,97.91685485839844,108.5250244140625,109.12503051757812,108.3000259399414,108.91877746582031,7413579
2017-08-28,98.356689453125,109.01252746582031,109.4250259399414,108.63752746582031,108.75003051757812,5715785
2017-08-29,98.37361907958984,109.03128051757812,109.50003051757812,108.78752899169922,109.0500259399414,4691806
2017-08-30,98.52586364746094,109.20002746582031,109.50003051757812,108.97502899169922,109.29377746582031,4899684
2017-08-31,101.19879150390625,112.16252899169922,112.68753051757812,110.28752899169922,110.62503051757812,27585715
2017-09-01,100.30217742919922,111.16877746582031,111.8625259399414,110.9250259399414,111.75003051757812,8535629
2017-09-04,100.58975982666016,111.4875259399414,111.75003051757812,110.88752746582031,111.35627746582031,8020043
2017-09-05,100.5728530883789,111.46878051757812,111.9000244140625,111.1500244140625,111.5250244140625,7789014
2017-09-06,100.55593872070312,111.45002746582031,111.7125244140625,111.03752899169922,111.37503051757812,8243296
2017-09-07,101.14803314208984,112.10627746582031,112.4625244140625,111.56253051757812,111.75003051757812,8910077
2017-09-08,101.67245483398438,112.68753051757812,113.13752746582031,111.93753051757812,112.50003051757812,12046586
2017-09-11,101.89238739013672,112.9312744140625,113.7750244140625,112.59378051757812,113.0250244140625,14275591
2017-09-12,100.86044311523438,111.78752899169922,113.5875244140625,111.56253051757812,113.28752899169922,20911485
2017-09-13,100.11607360839844,110.9625244140625,112.38752746582031,110.7375259399414,111.78752899169922,17684075
2017-09-14,95.90370178222656,106.29377746582031,108.3375244140625,105.45002746582031,105.5625228881836,15503769
2017-09-15,96.68189239501953,107.1562728881836,107.7187728881836,105.6187744140625,107.6250228881836,15001278
2017-09-18,97.88301849365234,108.4875259399414,108.75003051757812,106.3125228881836,106.3125228881836,4860657
2017-09-19,97.8661117553711,108.46878051757812,109.29377746582031,107.8125228881836,108.4875259399414,4557233
2017-09-20,98.76271057128906,109.4625244140625,109.5562744140625,107.3437728881836,108.31877899169922,5712945
2017-09-21,98.76271057128906,109.4625244140625,109.8375244140625,108.63752746582031,108.97502899169922,4954436
2017-09-22,99.62548828125,110.41877746582031,110.60627746582031,108.91877746582031,108.9937744140625,8097163
2017-09-25,98.76271057128906,109.4625244140625,110.4562759399414,108.78752899169922,109.95002746582031,3578780
2017-09-26,98.20443725585938,108.84378051757812,109.6125259399414,108.3937759399414,109.12503051757812,4138670
2017-09-27,97.54466247558594,108.1125259399414,109.0500259399414,107.7375259399414,108.9937744140625,6102854
2017-09-28,96.7326431274414,107.2125244140625,108.84378051757812,106.8375244140625,108.6187744140625,10644440
2017-09-29,94.82098388671875,105.0937728881836,107.9625244140625,104.70002746582031,107.7187728881836,4236150
2017-10-03,95.7345199584961,106.10627746582031,107.1187744140625,105.0937728881836,105.5250244140625,3430145
2017-10-04,95.66683959960938,106.0312728881836,107.3437728881836,105.60002899169922,106.0875244140625,2334927
2017-10-05,95.95445251464844,106.35002899169922,106.8750228881836,105.73127746582031,106.35002899169922,1547076
2017-10-06,96.969482421875,107.47502899169922,107.6250228881836,106.4062728881836,106.8750228881836,3982263
2017-10-09,97.03715515136719,107.5500259399414,107.7375259399414,106.7062759399414,107.23127746582031,1350306
2017-10-10,97.10481262207031,107.6250228881836,108.1125259399414,106.8750228881836,107.5500259399414,2435394
2017-10-11,98.33978271484375,108.9937744140625,109.44377899169922,107.32502746582031,107.60627746582031,5113769
2017-10-12,99.28713989257812,110.04377746582031,110.62503051757812,108.7125244140625,109.12503051757812,4607998
2017-10-13,98.76271057128906,109.4625244140625,110.90628051757812,109.0500259399414,110.4562759399414,4222649
2017-10-16,98.356689453125,109.01252746582031,109.66877746582031,107.7187728881836,109.4625244140625,6938446
2017-10-17,98.069091796875,108.69377899169922,109.7437744140625,107.3062744140625,109.50003051757812,9840952
2017-10-18,99.72698974609375,110.53128051757812,112.16252899169922,108.60002899169922,108.60002899169922,14532324
2017-10-19,98.81346130371094,109.5187759399414,110.5500259399414,109.16252899169922,110.5500259399414,739517
2017-10-23,100.45442962646484,111.3375244140625,111.5250244140625,109.6125259399414,109.76252746582031,7465974
2017-10-24,100.42059326171875,111.3000259399414,112.0875244140625,110.66252899169922,111.16877746582031,3978687
2017-10-25,101.13111877441406,112.0875244140625,113.19377899169922,111.00003051757812,111.4875259399414,4602841
2017-10-26,102.28148651123047,113.3625259399414,113.98127746582031,111.4312744140625,111.6750259399414,10070656
2017-10-27,100.47134399414062,111.35627746582031,112.48127746582031,110.62503051757812,112.2750244140625,3277807
2017-10-30,99.21946716308594,109.96878051757812,111.1125259399414,109.5187759399414,111.1125259399414,3809919
2017-10-31,99.49014282226562,110.2687759399414,111.16877746582031,109.76252746582031,109.96878051757812,2886132
2017-11-01,99.32098388671875,110.0812759399414,111.2437744140625,109.8937759399414,111.00003051757812,2277490
2017-11-02,99.21946716308594,109.96878051757812,110.88752746582031,109.85627746582031,110.06253051757812,2564335
2017-11-03,99.65931701660156,110.4562759399414,110.94377899169922,110.10002899169922,110.15628051757812,2107524
2017-11-06,101.4525375366211,112.44377899169922,112.87503051757812,110.04377746582031,110.2125244140625,3876529
2017-11-07,102.26457977294922,113.34378051757812,115.78128051757812,111.84378051757812,112.44377899169922,15161185
2017-11-08,102.31532287597656,113.4000244140625,114.97502899169922,112.8937759399414,113.90628051757812,5255548
2017-11-09,102.34915161132812,113.43753051757812,114.16877746582031,112.35002899169922,113.62503051757812,2553036
2017-11-10,102.39990234375,113.4937744140625,114.00003051757812,111.84378051757812,113.4562759399414,4214004
2017-11-13,101.02961730957031,111.97502899169922,114.1500244140625,111.7687759399414,112.6125259399414,2073570
2017-11-14,100.99577331542969,111.93753051757812,112.5562744140625,110.79377746582031,112.4250259399414,3545721
2017-11-15,100.31909942626953,111.18753051757812,112.40628051757812,110.28752899169922,111.93753051757812,3918684
2017-11-16,100.70818328857422,111.6187744140625,112.1812744140625,110.51252746582031,111.75003051757812,4846150
2017-11-17,99.86231994628906,110.6812744140625,112.06877899169922,110.43753051757812,111.82502746582031,4640212
2017-11-20,99.59165954589844,110.38127899169922,111.3375244140625,109.6500244140625,110.66252899169922,5142518
2017-11-21,99.47323608398438,110.25003051757812,111.75003051757812,109.9312744140625,111.4312744140625,5494382
2017-11-22,99.5747299194336,110.3625259399414,110.88752746582031,109.87503051757812,110.88752746582031,3391791
2017-11-23,99.32098388671875,110.0812759399414,110.70002746582031,109.91252899169922,110.70002746582031,1803850
2017-11-24,99.03337860107422,109.76252746582031,110.4000244140625,109.12503051757812,110.4000244140625,4289313
2017-11-27,99.74391174316406,110.5500259399414,110.75627899169922,109.12503051757812,109.21878051757812,2796903
2017-11-28,99.76081848144531,110.56877899169922,110.9625244140625,109.9875259399414,110.62503051757812,4009460
2017-11-29,101.04652404785156,111.9937744140625,112.20002746582031,110.06253051757812,110.62503051757812,6735475
2017-11-30,98.76271057128906,109.4625244140625,112.66877746582031,108.50627899169922,112.25627899169922,18265488
2017-12-01,97.91685485839844,108.5250244140625,110.19377899169922,108.0187759399414,109.50003051757812,3808745
2017-12-04,98.1029281616211,108.73127746582031,109.16252899169922,106.0312728881836,107.60627746582031,8790643
2017-12-05,95.90370178222656,106.29377746582031,108.22502899169922,106.01252746582031,108.22502899169922,4956230
2017-12-06,95.582275390625,105.9375228881836,106.66877746582031,105.22502899169922,106.2375259399414,5759926
2017-12-07,95.14241790771484,105.45002746582031,106.7812728881836,105.0000228881836,106.3312759399414,6731998
2017-12-08,95.71759033203125,106.0875244140625,107.2500228881836,105.60002899169922,106.01252746582031,4843796
2017-12-11,97.91685485839844,108.5250244140625,108.75003051757812,106.57502746582031,106.57502746582031,4125876
2017-12-12,97.37549591064453,107.9250259399414,109.25627899169922,106.95002746582031,108.93753051757812,3314548
2017-12-13,97.17249298095703,107.70002746582031,108.54377746582031,106.9687728881836,108.1500244140625,2911417
2017-12-14,97.64616394042969,108.22502899169922,108.93753051757812,105.88127899169922,108.1500244140625,3375145
2017-12-15,98.01834869384766,108.63752746582031,109.03128051757812,107.51252746582031,108.22502899169922,4930972
2017-12-18,100.08224487304688,110.9250259399414,111.65628051757812,106.5937728881836,107.6250228881836,6890507
2017-12-19,98.93186950683594,109.6500244140625,111.35627746582031,108.9562759399414,110.62503051757812,10183834
2017-12-20,100.31909942626953,111.18753051757812,111.93753051757812,109.6500244140625,110.56877899169922,7081611
2017-12-21,100.74201965332031,111.65628051757812,112.12503051757812,110.4000244140625,110.9250259399414,3711281
2017-12-22,102.04463958740234,113.10002899169922,113.7750244140625,111.0187759399414,111.75003051757812,4689556
2017-12-26,102.4844970703125,113.5875244140625,115.12503051757812,111.8062744140625,112.96878051757812,4948094
2017-12-27,103.73638916015625,114.97502899169922,115.50003051757812,112.5187759399414,113.9625244140625,4841953
2017-12-28,104.21004486083984,115.50003051757812,116.21253204345703,113.43753051757812,114.7125244140625,13459388
2017-12-29,106.32469940185547,117.84378051757812,118.65003204345703,113.62503051757812,114.5250244140625,10069992
2018-01-01,107.10289001464844,118.7062759399414,120.00003051757812,116.04377746582031,116.81253051757812,8934389
2018-01-02,107.83032989501953,119.51252746582031,121.50003051757812,117.91877746582031,118.44377899169922,7665379
2018-01-03,104.86981964111328,116.23127746582031,120.15003204345703,115.78128051757812,120.15003204345703,5860470
2018-01-04,105.44501495361328,116.86878204345703,117.37503051757812,115.29377746582031,116.28752899169922,3905556
2018-01-05,104.73448181152344,116.0812759399414,117.71253204345703,115.38752746582031,117.37503051757812,4301878
2018-01-08,105.27583312988281,116.68128204345703,117.33753204345703,115.91252899169922,116.25003051757812,4760660
2018-01-09,107.32280731201172,118.95002746582031,120.00003051757812,114.9000244140625,117.22502899169922,12201522
2018-01-10,110.53709411621094,122.51252746582031,122.94377899169922,118.16252899169922,118.65003204345703,10163032
2018-01-11,108.64236450195312,120.41252899169922,122.26878356933594,119.62503051757812,121.33128356933594,5643897
2018-01-12,107.8641586303711,119.5500259399414,121.40628051757812,118.95002746582031,120.37503051757812,8433768
2018-01-15,106.57846069335938,118.12503051757812,121.59378051757812,117.52503204345703,119.56877899169922,3187225
2018-01-16,112.31339263916016,124.48127746582031,125.25003051757812,118.50003051757812,118.83753204345703,16443849
2018-01-17,110.19873809814453,122.13752746582031,125.06253051757812,121.87503051757812,124.87503051757812,8113347
2018-01-18,110.080322265625,122.00627899169922,123.09378051757812,120.80628204345703,122.62503051757812,4722081
2018-01-19,111.29835510253906,123.35627746582031,123.75003051757812,120.18753051757812,122.62503051757812,4288268
2018-01-22,108.79461669921875,120.58128356933594,123.35627746582031,118.87503051757812,118.87503051757812,12193514
2018-01-23,106.66305541992188,118.21878051757812,121.10627746582031,117.52503204345703,120.78752899169922,8613403
2018-01-24,106.22319793701172,117.73127746582031,121.27503204345703,117.07502746582031,118.68753051757812,17542056
2018-01-25,105.5465087890625,116.98127746582031,119.25003051757812,115.78128051757812,118.38752746582031,22129831
2018-01-29,105.27583312988281,116.68128204345703,118.53752899169922,116.10002899169922,117.78752899169922,9397269
2018-01-30,103.97321319580078,115.2375259399414,117.1125259399414,114.26252746582031,116.0812759399414,6079993
2018-01-31,103.43009948730469,114.26252746582031,115.85627746582031,113.0812759399414,114.78752899169922,7530432
2018-02-01,102.08926391601562,112.78128051757812,115.91252899169922,112.50003051757812,114.3937759399414,5872873
2018-02-02,102.03836059570312,112.72502899169922,113.41877746582031,110.70002746582031,112.2375259399414,6713662
2018-02-05,101.41038513183594,112.03128051757812,114.5812759399414,110.98127746582031,111.75003051757812,5851054
2018-02-06,100.01862335205078,110.4937744140625,111.0562744140625,108.78752899169922,109.38752746582031,6489310
2018-02-07,98.21955108642578,108.50627899169922,111.82502746582031,108.00003051757812,111.82502746582031,6662763
2018-02-08,98.37229919433594,108.6750259399414,110.4937744140625,107.6437759399414,108.78752899169922,14125508
2018-02-09,96.74292755126953,106.8750228881836,108.37503051757812,106.5000228881836,108.37503051757812,8405269
2018-02-12,98.08377075195312,108.35627746582031,109.10627746582031,107.2125244140625,107.9625244140625,6722288
2018-02-14,99.61128997802734,110.04377746582031,111.28128051757812,108.5812759399414,108.75003051757812,8063123
2018-02-15,99.28881072998047,109.68753051757812,110.85002899169922,108.91877746582031,110.85002899169922,4415065
2018-02-16,98.77964782714844,109.12503051757812,110.9625244140625,108.7687759399414,109.85627746582031,8209045
2018-02-19,98.4232177734375,108.73127746582031,109.87503051757812,108.3000259399414,109.87503051757812,4420870
2018-02-20,98.93238830566406,109.29377746582031,109.96878051757812,108.41252899169922,108.75003051757812,9160624
2018-02-21,99.18698120117188,109.57502746582031,110.56877899169922,108.9562759399414,110.25003051757812,13748271
2018-02-22,99.33972930908203,109.7437744140625,110.34378051757812,109.1437759399414,109.8375244140625,12838500
2018-02-23,100.13744354248047,110.62503051757812,110.98127746582031,109.6125259399414,110.81253051757812,9779768
2018-02-26,98.98331451416016,109.35002899169922,110.88752746582031,108.9000244140625,110.5500259399414,13418935
2018-02-27,99.03421783447266,109.40628051757812,110.38127899169922,109.1812744140625,109.66877746582031,10467034
2018-02-28,99.39064025878906,109.8000259399414,110.1750259399414,108.37503051757812,109.87503051757812,13724575
2018-03-01,99.28881072998047,109.68753051757812,110.28752899169922,109.20002746582031,109.8000259399414,10895423
2018-03-05,98.7626724243164,109.10627746582031,110.15628051757812,108.6750259399414,110.10002899169922,9996650
2018-03-06,97.4048843383789,107.60627746582031,109.48127746582031,107.3062744140625,109.21878051757812,12604231
2018-03-07,96.86176300048828,107.00627899169922,109.06877899169922,106.6125259399414,108.16877746582031,4868340
2018-03-08,96.81084442138672,106.95002746582031,107.9062728881836,106.1812744140625,107.41877746582031,5387353
2018-03-09,96.75991821289062,106.8937759399414,107.9625244140625,106.53752899169922,106.8750228881836,2681455
2018-03-12,98.67780303955078,109.01252746582031,109.50003051757812,107.28752899169922,107.3625259399414,4658262
2018-03-13,100.68055725097656,111.22502899169922,112.2750244140625,109.68753051757812,109.68753051757812,8546243
2018-03-14,99.7470703125,110.19377899169922,111.22502899169922,109.87503051757812,110.62503051757812,5547337
2018-03-15,99.59432983398438,110.0250244140625,113.25003051757812,109.50003051757812,110.79377746582031,13181140
2018-03-16,100.39202117919922,110.90628051757812,111.4312744140625,109.1437759399414,110.62503051757812,12891090
2018-03-19,97.98191833496094,108.2437744140625,111.18753051757812,107.47502899169922,110.0812759399414,3963271
2018-03-20,99.6622085571289,110.10002899169922,110.70002746582031,106.7437744140625,107.5875244140625,8064555
2018-03-21,100.22229766845703,110.71878051757812,111.1125259399414,109.20002746582031,110.43753051757812,8382829
2018-03-22,97.91404724121094,108.16877746582031,110.62503051757812,107.6812744140625,110.1750259399414,5036841
2018-03-23,96.62413024902344,106.7437744140625,107.85002899169922,106.1437759399414,106.5187759399414,8771707
2018-03-26,93.00900268554688,102.7500228881836,107.10002899169922,102.13127136230469,106.72502899169922,18744243
2018-03-27,93.02598571777344,102.7687759399414,105.3000259399414,102.4687728881836,104.60627746582031,14239615
2018-03-28,95.43607330322266,105.4312744140625,106.3125228881836,102.3750228881836,102.7500228881836,13853121
2018-04-02,98.32138061523438,108.6187744140625,109.0500259399414,104.5500259399414,106.3125228881836,6543819
2018-04-03,96.36954498291016,106.4625244140625,107.75627899169922,106.1437759399414,107.7375259399414,4300609
2018-04-04,95.58882904052734,105.60002899169922,107.4375228881836,105.0000228881836,106.8750228881836,4358041
2018-04-05,97.1672592163086,107.3437728881836,107.51252746582031,106.1250228881836,106.1250228881836,2813628
2018-04-06,96.38652801513672,106.48127746582031,107.2500228881836,106.2375259399414,107.2500228881836,1802274
2018-04-09,96.75991821289062,106.8937759399414,107.2687759399414,106.2187728881836,106.76252746582031,2986425
2018-04-10,97.08238983154297,107.2500228881836,108.1500244140625,104.1562728881836,105.22502899169922,11673823
2018-04-11,96.9805679321289,107.13752746582031,108.45002746582031,106.44377899169922,108.00003051757812,3468465
2018-04-12,97.37093353271484,107.56877899169922,108.93753051757812,106.91252899169922,107.3625259399414,5989886
2018-04-13,99.8488998413086,110.3062744140625,110.60627746582031,107.56877899169922,108.56253051757812,8491437
2018-04-16,98.40625,108.7125244140625,110.25003051757812,107.79377746582031,108.37503051757812,6256147
2018-04-17,96.6580810546875,106.7812728881836,108.3000259399414,106.2375259399414,108.03752899169922,5854046
2018-04-18,99.33972930908203,109.7437744140625,110.1750259399414,107.4375228881836,108.07502746582031,7066675
2018-04-19,99.27184295654297,109.66877746582031,110.1750259399414,108.6187744140625,109.87503051757812,2552252
2018-04-20,101.17276000976562,111.7687759399414,112.50003051757812,110.2125244140625,110.5500259399414,8937349
2018-04-23,100.93513488769531,111.50627899169922,112.87503051757812,110.1750259399414,112.4250259399414,10660490
2018-04-24,97.4048843383789,107.60627746582031,110.8687744140625,107.3062744140625,110.4000244140625,9443424
2018-04-25,97.47277069091797,107.6812744140625,110.1750259399414,106.1812744140625,107.9625244140625,17195110
2018-04-26,95.50396728515625,105.50627899169922,106.1250228881836,102.7500228881836,103.1250228881836,25550129
2018-04-27,93.73881530761719,103.5562744140625,104.7375259399414,102.88127136230469,103.6500244140625,6519427
2018-04-30,94.62139129638672,104.5312728881836,105.88127899169922,103.53752136230469,103.5562744140625,5648769
2018-05-02,93.53514862060547,103.3312759399414,104.6250228881836,102.88127136230469,104.6250228881836,6354939
2018-05-03,92.1434326171875,101.79377746582031,103.4062728881836,101.0812759399414,103.1250228881836,8949440
2018-05-04,91.61727142333984,101.2125244140625,102.2437744140625,99.0187759399414,102.1875228881836,8256123
2018-05-07,93.26360321044922,103.0312728881836,103.3687744140625,100.20002746582031,101.2500228881836,5265878
2018-05-08,92.58470153808594,102.2812728881836,103.48127746582031,101.2500228881836,103.20002746582031,5221180
2018-05-09,91.736083984375,101.3437728881836,102.9000244140625,101.10002136230469,102.3750228881836,5165820
2018-05-10,91.80397033691406,101.41877746582031,101.85002136230469,100.6500244140625,101.5875244140625,4808846
2018-05-11,92.55075073242188,102.2437744140625,102.60002136230469,100.6125259399414,101.8125228881836,4066852
2018-05-14,92.44892120361328,102.13127136230469,102.73127746582031,101.2500228881836,101.7750244140625,4104721
2018-05-15,91.99064636230469,101.6250228881836,102.69377136230469,100.5562744140625,102.3000259399414,4501617
2018-05-16,93.24662017822266,103.01252746582031,104.60627746582031,101.2500228881836,101.5875244140625,8413891
2018-05-17,94.48561096191406,104.38127899169922,105.3000259399414,102.88127136230469,103.1250228881836,6949715
2018-05-18,91.27782440185547,100.8375244140625,103.6875228881836,100.5187759399414,103.6875228881836,12844244
2018-05-21,89.90304565429688,99.31877136230469,101.04377746582031,99.03752136230469,100.91252136230469,8120387
2018-05-22,89.93700408935547,99.35627746582031,100.10627746582031,98.66252136230469,99.0000228881836,3966732
2018-05-23,89.42781829833984,98.79377746582031,99.63752746582031,98.47502136230469,99.5812759399414,9401189
2018-05-24,89.73331451416016,99.13127136230469,99.7500228881836,98.23127746582031,99.03752136230469,6267787
2018-05-25,89.81818389892578,99.22502136230469,99.6187744140625,98.8687744140625,99.3750228881836,6265014
2018-05-28,89.37690734863281,98.7375259399414,99.2812728881836,98.4937744140625,98.4937744140625,3131052
2018-05-29,89.27507019042969,98.6250228881836,99.1875228881836,98.1187744140625,98.1187744140625,4768596
2018-05-30,88.54525756835938,97.81877136230469,98.79377746582031,96.9562759399414,98.5875244140625,7799451
2018-05-31,88.90167236328125,98.2125244140625,99.1875228881836,96.7500228881836,98.1750259399414,13729428
2018-06-01,88.46038818359375,97.72502136230469,99.1875228881836,97.1437759399414,98.60627746582031,3800052
2018-06-04,88.30764770507812,97.5562744140625,98.41877746582031,96.7687759399414,98.04377746582031,4223321
2018-06-05,86.64434814453125,95.7187728881836,98.2500228881836,95.2500228881836,97.57502746582031,6572043
2018-06-06,88.00213623046875,97.2187728881836,97.6875228881836,95.0625228881836,96.4312744140625,5079518
2018-06-07,89.81818389892578,99.22502136230469,99.69377136230469,96.7687759399414,96.7687759399414,5339491
2018-06-08,89.6145248413086,99.0000228881836,99.3750228881836,98.4375228881836,99.22502136230469,5026132
2018-06-11,89.75028991699219,99.1500244140625,99.8437728881836,98.7187728881836,99.1875228881836,5541131
2018-06-12,90.4461669921875,99.91877746582031,100.9312744140625,99.5812759399414,100.0312728881836,6065963
2018-06-13,91.24388885498047,100.8000259399414,101.2500228881836,100.06877136230469,100.8750228881836,4100905
2018-06-14,90.42919921875,99.9000244140625,100.91252136230469,99.2437744140625,100.1812744140625,6231142
2018-06-15,90.59893035888672,100.0875244140625,100.7812728881836,99.3750228881836,100.7812728881836,12894495
2018-06-18,90.20856475830078,99.6562728881836,100.8750228881836,98.9625244140625,100.8750228881836,8318768
2018-06-19,88.59619140625,97.8750228881836,99.73127746582031,97.53752136230469,99.73127746582031,9780146
2018-06-20,88.15489196777344,97.38752746582031,98.4562759399414,96.88127136230469,97.9875259399414,5125212
2018-06-21,87.79845428466797,96.9937744140625,97.9875259399414,96.41252136230469,97.8750228881836,10174400
2018-06-22,87.66268920898438,96.8437728881836,97.35002136230469,95.6250228881836,97.0312728881836,6965470
2018-06-25,87.40809631347656,96.5625228881836,97.9687728881836,96.0000228881836,96.7125244140625,4371876
2018-06-26,87.4420394897461,96.60002136230469,97.48127746582031,96.0562744140625,96.5625228881836,5289660
2018-06-27,86.91588592529297,96.0187759399414,97.4625244140625,95.32501983642578,97.16252136230469,8530568
2018-06-28,87.2723159790039,96.41252136230469,97.10627746582031,95.88751983642578,96.1500244140625,10412698
2018-06-29,88.76589965820312,98.0625228881836,98.4375228881836,95.6250228881836,97.1250228881836,9652752
2018-07-02,88.46038818359375,97.72502136230469,98.3437728881836,96.78752136230469,97.76252746582031,10055613
2018-07-03,88.90167236328125,98.2125244140625,98.5500259399414,96.9562759399414,98.04377746582031,10490968
2018-07-04,88.91866302490234,98.23127746582031,98.4562759399414,96.78752136230469,98.2687759399414,10224848
2018-07-05,89.6484603881836,99.03752136230469,99.3000259399414,97.5562744140625,98.4375228881836,12472818
2018-07-06,89.2071762084961,98.5500259399414,99.1500244140625,98.0625228881836,98.6250228881836,7580592
2018-07-09,89.93700408935547,99.35627746582031,99.4687728881836,98.3062744140625,98.7375259399414,5832667
2018-07-10,91.8548812866211,101.47502136230469,102.1125259399414,98.88752746582031,99.7500228881836,13242228
2018-07-11,92.36404418945312,102.03752136230469,103.0500259399414,101.0250244140625,102.35627746582031,10556522
2018-07-12,94.85901641845703,104.79377746582031,105.5625228881836,101.19377136230469,102.16877746582031,11900279
2018-07-13,95.334228515625,105.31877899169922,108.6750259399414,104.3437728881836,104.9250259399414,20625128
2018-07-16,96.09799194335938,106.16252899169922,107.6250228881836,104.56877899169922,104.7187728881836,12543791
2018-07-17,96.36954498291016,106.4625244140625,108.35627746582031,105.6562728881836,106.1250228881836,14471569
2018-07-18,96.675048828125,106.8000259399414,107.7375259399414,106.3687744140625,107.2500228881836,6125915
2018-07-19,97.0145034790039,107.1750259399414,108.13127899169922,105.60002899169922,107.2500228881836,7434390
2018-07-20,96.06405639648438,106.1250228881836,108.97502899169922,105.1875228881836,107.8125228881836,13966393
2018-07-23,93.84066009521484,103.66877746582031,105.9375228881836,98.75627136230469,105.9375228881836,23582642
2018-07-24,92.65258026123047,102.35627746582031,104.4375228881836,100.95002746582031,104.32502746582031,9224277
2018-07-25,93.24662017822266,103.01252746582031,103.76252746582031,102.22502136230469,103.1250228881836,6629507
2018-07-26,92.12644958496094,101.7750244140625,103.16252136230469,101.1187744140625,102.5250244140625,11554893
2018-07-27,93.1787338256836,102.9375228881836,103.3125228881836,102.0000228881836,102.0000228881836,4829553
2018-07-30,92.72046661376953,102.4312744140625,102.7500228881836,101.0625228881836,102.6750259399414,7272923
2018-07-31,93.82368469238281,103.6500244140625,103.9687728881836,101.70002746582031,102.5625228881836,7436176
2018-08-01,94.14617156982422,104.00627899169922,104.4375228881836,102.63752746582031,103.5000228881836,4219572
2018-08-02,94.74019622802734,104.66252899169922,105.3000259399414,102.97502136230469,103.8750228881836,8010016
2018-08-03,94.36680603027344,104.2500228881836,105.16877746582031,103.91252136230469,105.16877746582031,4362841
2018-08-06,94.04432678222656,103.8937759399414,104.88752746582031,103.2187728881836,104.6250228881836,4540062
2018-08-07,94.18010711669922,104.04377746582031,104.8125228881836,103.35002136230469,103.35002136230469,4592433
2018-08-08,94.53653717041016,104.4375228881836,104.79377746582031,102.9000244140625,104.79377746582031,3821153
2018-08-09,94.60443115234375,104.51252746582031,105.13127899169922,103.3312759399414,104.28752899169922,6388521
2018-08-10,94.65533447265625,104.56877899169922,104.9625244140625,103.6875228881836,104.9625244140625,3598180
2018-08-13,95.67369842529297,105.69377899169922,106.66877746582031,104.0625228881836,104.2500228881836,6481139
2018-08-14,96.75991821289062,106.8937759399414,107.6250228881836,105.3750228881836,106.8750228881836,5241916
2018-08-16,94.85901641845703,104.79377746582031,106.8750228881836,104.2687759399414,106.8750228881836,6015278
2018-08-17,95.06268310546875,105.0187759399414,105.3750228881836,104.04377746582031,104.7750244140625,7277246
2018-08-20,96.75991821289062,106.8937759399414,107.4000244140625,105.0000228881836,105.3000259399414,4291894
2018-08-21,98.08377075195312,108.35627746582031,110.43753051757812,106.5000228881836,106.81877899169922,16189619
2018-08-23,98.35533905029297,108.65628051757812,109.91252899169922,108.1500244140625,108.75003051757812,7277960
2018-08-24,99.17000579833984,109.5562744140625,110.56877899169922,107.5875244140625,108.26252746582031,11267031
2018-08-27,100.42596435546875,110.94377899169922,111.4875259399414,109.1437759399414,109.50003051757812,6811390
2018-08-28,100.34111022949219,110.85002899169922,111.75003051757812,110.28752899169922,111.28128051757812,4051198
2018-08-29,100.73147583007812,111.28128051757812,111.5812759399414,109.91252899169922,111.2062759399414,4285462
2018-08-30,101.47826385498047,112.10627746582031,112.50003051757812,110.25003051757812,111.56253051757812,9067763
2018-08-31,102.25899505615234,112.96878051757812,114.93753051757812,112.31253051757812,112.50003051757812,18087318
2018-09-03,104.6690673828125,115.63127899169922,122.62503051757812,114.8625259399414,122.62503051757812,68625769
2018-09-04,106.36632537841797,117.50627899169922,118.12503051757812,115.9875259399414,116.41877746582031,21828613
2018-09-05,108.23329162597656,119.56877899169922,120.00003051757812,117.93753051757812,117.9562759399414,30871477
2018-09-06,109.03099822998047,120.45002746582031,120.93753051757812,119.25003051757812,120.00003051757812,26924326
2018-09-07,110.21906280517578,121.76252746582031,123.09378051757812,119.66252899169922,120.71253204345703,22940730
2018-09-10,110.32089233398438,121.87503051757812,123.00003051757812,121.20002746582031,121.65003204345703,16966961
2018-09-11,109.96448516845703,121.48127746582031,123.00003051757812,121.18128204345703,122.60627746582031,12710847
2018-09-12,111.59383392333984,123.28128051757812,123.93753051757812,121.89378356933594,121.89378356933594,16704169
2018-09-14,112.08604431152344,123.82502746582031,124.87503051757812,121.57502746582031,123.28128051757812,11404741
2018-09-17,111.98420715332031,123.71253204345703,126.00003051757812,123.03752899169922,124.59378051757812,12352938
2018-09-18,112.88374328613281,124.70628356933594,125.08128356933594,121.87503051757812,123.52503204345703,7248678
2018-09-19,112.93466186523438,124.76252746582031,125.08128356933594,122.64378356933594,125.02503204345703,7797531
2018-09-21,113.78329467773438,125.70002746582031,126.71253204345703,123.00003051757812,124.46253204345703,17700584
2018-09-24,112.93466186523438,124.76252746582031,126.75003051757812,123.84378051757812,123.84378051757812,9975645
2018-09-25,111.44109344482422,123.11253356933594,125.58753204345703,122.34378051757812,124.87503051757812,9037680
2018-09-26,108.36907958984375,119.71878051757812,123.35627746582031,118.65003204345703,123.07502746582031,20972861
2018-09-27,108.2672348022461,119.60627746582031,121.36878204345703,118.76252746582031,120.71253204345703,47992758
2018-09-28,109.98145294189453,121.50003051757812,122.49378204345703,118.27503204345703,119.62503051757812,18433179
2018-10-01,112.06906127929688,123.80628204345703,124.66877746582031,121.12503051757812,121.50003051757812,10879266
2018-10-03,111.16954803466797,122.81253051757812,123.75003051757812,120.93753051757812,123.50627899169922,9550589
2018-10-04,110.54154968261719,122.11878204345703,123.90003204345703,120.60002899169922,121.91252899169922,12296495
2018-10-05,110.4227523803711,121.98753356933594,122.98127746582031,120.45002746582031,121.80003356933594,8937680
2018-10-08,107.7750473022461,119.06253051757812,121.27503204345703,117.26252746582031,120.52503204345703,9465389
2018-10-09,109.18375396728516,120.61878204345703,121.05003356933594,116.88752746582031,118.87503051757812,9932090
2018-10-10,107.24888610839844,118.48127746582031,120.28128051757812,116.30628204345703,120.15003204345703,9764277
2018-10-11,106.26448822021484,117.3937759399414,118.29377746582031,114.31877899169922,115.50003051757812,7138056
2018-10-12,107.3676986694336,118.6125259399414,119.98127746582031,116.06253051757812,118.55628204345703,8960733
2018-10-15,108.60667419433594,119.98127746582031,120.76878356933594,117.80628204345703,119.00627899169922,8342805
2018-10-16,108.3011703491211,119.6437759399414,120.26252746582031,118.53752899169922,120.00003051757812,8320912
2018-10-17,109.69293212890625,121.18128204345703,123.41252899169922,118.68753051757812,121.01252746582031,12641962
2018-10-19,109.69293212890625,121.18128204345703,122.28752899169922,119.06253051757812,121.25627899169922,7051648
2018-10-22,109.3704605102539,120.82502746582031,122.71878051757812,120.00003051757812,121.72502899169922,4842137
2018-10-23,104.92366027832031,115.91252899169922,120.09378051757812,114.41252899169922,119.58753204345703,10176672
2018-10-24,104.82183837890625,115.8000259399414,116.86878204345703,112.50003051757812,115.95002746582031,12479882
2018-10-25,108.13143920898438,119.4562759399414,121.18128204345703,111.00003051757812,111.00003051757812,37804166
2018-10-26,108.82733154296875,120.22502899169922,120.93753051757812,118.50003051757812,119.5500259399414,11805695
2018-10-29,111.84842681884766,123.56253051757812,124.57502746582031,118.74378204345703,119.62503051757812,6600369
2018-10-30,111.16954803466797,122.81253051757812,125.49378204345703,122.11878204345703,123.37503051757812,9880349
2018-10-31,112.42549133300781,124.20002746582031,125.15628051757812,120.78752899169922,123.07502746582031,8013245
2018-11-01,111.89933776855469,123.61878204345703,124.85627746582031,120.93753051757812,124.85627746582031,6681864
2018-11-02,108.0805435180664,119.40003204345703,124.35002899169922,118.8937759399414,123.37503051757812,9761930
2018-11-05,110.0154037475586,121.53752899169922,122.06253051757812,117.78752899169922,118.16252899169922,6810854
2018-11-06,110.28697967529297,121.83753204345703,122.56877899169922,120.41252899169922,121.80003356933594,6109153
2018-11-07,110.43971252441406,122.00627899169922,122.90628051757812,121.70628356933594,122.02503204345703,380109
2018-11-09,110.27000427246094,121.81877899169922,123.00003051757812,119.11878204345703,123.00003051757812,12329274
2018-11-12,109.76081848144531,121.25627899169922,122.43753051757812,120.67503356933594,121.78128051757812,6897542
2018-11-13,110.71127319335938,122.30628204345703,122.88752746582031,120.37503051757812,121.31253051757812,6101731
2018-11-14,110.16817474365234,121.70628356933594,122.28752899169922,119.49378204345703,121.87503051757812,4883777
2018-11-15,109.69293212890625,121.18128204345703,123.93753051757812,120.61878204345703,121.55628204345703,8942797
2018-11-16,110.72823333740234,122.32502746582031,123.90003204345703,121.31253051757812,121.31253051757812,7275846
2018-11-19,112.9855728149414,124.81877899169922,125.77503204345703,120.56253051757812,122.06253051757812,7513344
2018-11-20,109.06494140625,120.48753356933594,124.08753204345703,120.03752899169922,124.08753204345703,6907315
2018-11-21,106.63788604736328,117.80628204345703,120.00003051757812,117.46878051757812,120.00003051757812,6943816
2018-11-22,104.2447738647461,115.16252899169922,119.5500259399414,114.75003051757812,118.12503051757812,8239488
2018-11-26,108.09751892089844,119.41877746582031,119.96253204345703,113.4937744140625,113.7750244140625,18657115
2018-11-27,105.9250259399414,117.0187759399414,120.86253356933594,116.62503051757812,118.81877899169922,11458234
2018-11-28,105.33100891113281,116.3625259399414,118.3312759399414,115.96878051757812,117.73127746582031,16926705
2018-11-29,106.89247131347656,118.08753204345703,118.74378204345703,116.10002899169922,117.75003051757812,7793384
2018-11-30,110.20208740234375,121.74378204345703,122.40003204345703,117.63752746582031,118.1437759399414,16991251
2018-12-03,111.42411041259766,123.09378051757812,123.56253051757812,121.14378356933594,121.87503051757812,7115262
2018-12-04,113.69841003417969,125.60627746582031,127.96878051757812,122.13752746582031,123.09378051757812,15925097
2018-12-05,114.20759582519531,126.16877746582031,127.01252746582031,123.05628204345703,124.87503051757812,10264210
2018-12-06,112.57823944091797,124.36878204345703,126.16877746582031,123.37503051757812,124.96878051757812,6232265
2018-12-07,113.13833618164062,124.98753356933594,126.13127899169922,121.66877746582031,124.80003356933594,9264269
2018-12-10,110.864013671875,122.47502899169922,126.18753051757812,121.91252899169922,123.11253356933594,8528293
2018-12-11,111.33924865722656,123.00003051757812,125.17503356933594,121.80003356933594,122.02503204345703,11795237
2018-12-12,112.03514099121094,123.76878356933594,124.50003051757812,122.98127746582031,123.67503356933594,7028448
2018-12-13,114.95438385009766,126.99378204345703,128.9812774658203,123.37503051757812,124.12503051757812,13728244
2018-12-14,113.07044219970703,124.91252899169922,128.62503051757812,124.61253356933594,127.12503051757812,12792082
2018-12-17,115.27684020996094,127.35002899169922,128.15628051757812,125.40003204345703,125.98127746582031,9162003
2018-12-18,113.73236846923828,125.64378356933594,126.90003204345703,124.70628356933594,125.71878051757812,9864405
2018-12-19,115.65023803710938,127.76252746582031,128.34378051757812,124.27503204345703,125.64378356933594,9978008
2018-12-20,113.12135314941406,124.96878051757812,127.50003051757812,124.63127899169922,126.09378051757812,6421739
2018-12-21,109.33650207519531,120.78752899169922,125.55003356933594,120.28128051757812,124.95002746582031,26209361
2018-12-24,110.89795684814453,122.51252746582031,123.93753051757812,120.52503204345703,121.01252746582031,11285031
2018-12-26,110.71127319335938,122.30628204345703,122.73753356933594,119.75627899169922,122.13752746582031,6281385
2018-12-27,111.1525650024414,122.79377746582031,124.25627899169922,121.50003051757812,122.92503356933594,13527065
2018-12-28,112.03514099121094,123.76878356933594,124.83753204345703,122.17503356933594,122.32502746582031,5945206
2018-12-31,112.30667114257812,124.06877899169922,125.17503356933594,123.39378356933594,124.12503051757812,5696321
2019-01-01,110.88099670410156,122.49378204345703,124.78128051757812,122.02503204345703,124.03128051757812,4036542
2019-01-02,110.50760650634766,122.08128356933594,124.23753356933594,121.12503051757812,123.30003356933594,8822139
2019-01-03,110.49063873291016,122.06253051757812,122.98127746582031,121.14378356933594,122.62503051757812,9446080
2019-01-04,110.13420104980469,121.66877746582031,122.56877899169922,119.86878204345703,121.68753051757812,6414073
2019-01-07,110.06631469726562,121.59378051757812,122.53128051757812,120.86253356933594,122.28752899169922,5076276
2019-01-08,110.50760650634766,122.08128356933594,122.81253051757812,120.97502899169922,121.87503051757812,5559089
2019-01-09,111.67869567871094,123.37503051757812,124.72502899169922,121.70628356933594,121.70628356933594,10474346
2019-01-10,110.57548522949219,122.15628051757812,124.14378356933594,121.12503051757812,124.05003356933594,8265043
2019-01-11,111.57686614990234,123.26252746582031,123.71253204345703,121.31253051757812,122.10002899169922,4263836
2019-01-14,106.09476470947266,117.2062759399414,124.16252899169922,116.75627899169922,123.76878356933594,18435523
2019-01-15,111.95025634765625,123.67503356933594,124.61253356933594,118.1437759399414,119.62503051757812,40188776
2019-01-16,114.24153137207031,126.20628356933594,127.42503356933594,123.39378356933594,124.42503356933594,26390100
2019-01-17,113.85116577148438,125.77503204345703,126.97502899169922,124.35002899169922,126.37503051757812,14104487
2019-01-18,117.50023651123047,129.8062744140625,130.31253051757812,125.02503204345703,126.00003051757812,26911902
2019-01-21,114.66585540771484,126.67503356933594,129.3375244140625,124.95002746582031,127.50003051757812,41658250
2019-01-22,117.61905670166016,129.93753051757812,131.10003662109375,126.00003051757812,126.30003356933594,17817926
2019-01-23,119.3332748413086,131.83128356933594,133.42503356933594,130.50003051757812,130.7437744140625,26499796
2019-01-24,119.40116119384766,131.90628051757812,132.37503051757812,129.93753051757812,131.3250274658203,11281453
2019-01-25,119.97822570800781,132.5437774658203,134.38128662109375,130.50003051757812,130.59378051757812,13964137
2019-01-28,120.55529022216797,133.18128967285156,136.0125274658203,132.84378051757812,132.88128662109375,18399880
2019-01-29,122.34244537353516,134.77503967285156,135.30003356933594,132.39378356933594,133.50003051757812,12320260
2019-01-30,123.65303039550781,136.21878051757812,137.86878967285156,134.25003051757812,134.62503051757812,19757160
2019-01-31,125.67840576171875,138.4500274658203,139.27503967285156,136.23753356933594,137.25003051757812,20517517
2019-02-01,126.47835540771484,139.33128356933594,139.6687774658203,136.31253051757812,138.78753662109375,8977608
2019-02-04,126.37626647949219,139.21878051757812,140.5125274658203,138.03753662109375,138.75003051757812,8383256
2019-02-05,125.42311096191406,138.1687774658203,139.5750274658203,137.17503356933594,138.75003051757812,6550401
2019-02-06,126.69963073730469,139.5750274658203,140.6062774658203,138.28128051757812,138.43128967285156,5811361
2019-02-07,127.17623138427734,140.10003662109375,140.43753051757812,138.61878967285156,139.50003051757812,5982481
2019-02-08,126.8698501586914,139.7625274658203,140.58753967285156,138.2625274658203,139.31253051757812,3735809
2019-02-11,126.9889907836914,139.89378356933594,141.52503967285156,138.6375274658203,139.08753967285156,7927406
2019-02-12,127.65279388427734,140.62503051757812,141.09378051757812,138.13128662109375,140.30628967285156,7939320
2019-02-14,127.68681335449219,140.66253662109375,141.90003967285156,140.2312774658203,141.15003967285156,8199603
2019-02-15,128.02725219726562,141.03753662109375,141.50628662109375,138.80628967285156,140.71878051757812,9393792
2019-02-18,127.85704803466797,140.85003662109375,142.05003356933594,139.03128051757812,142.05003356933594,9280197
2019-02-19,123.7210922241211,136.2937774658203,140.77503967285156,135.8250274658203,139.70628356933594,8171619
2019-02-20,126.69963073730469,139.5750274658203,140.25003051757812,135.4500274658203,136.2000274658203,11761287
2019-02-21,127.49960327148438,140.45628356933594,141.30003356933594,139.05003356933594,139.80003356933594,6861558
2019-02-22,128.92933654785156,142.03128051757812,142.50003051757812,140.06253051757812,140.62503051757812,8519101
2019-02-25,131.1930389404297,144.52503967285156,145.01254272460938,142.21878051757812,142.80003356933594,12475916
2019-02-26,131.95896911621094,145.36878967285156,145.85629272460938,142.96878051757812,144.18753051757812,10140096
2019-02-27,127.44853973388672,140.40003967285156,143.94378662109375,139.65003967285156,142.59378051757812,21357373
2019-02-28,125.5762939453125,138.33753967285156,141.2625274658203,137.47503662109375,140.58753967285156,25142033
2019-03-01,127.89106750488281,140.8875274658203,141.88128662109375,137.06253051757812,139.08753967285156,18763773
2019-03-05,123.77214050292969,136.35003662109375,140.49378967285156,135.75003051757812,140.25003051757812,36042630
2019-03-06,125.92802429199219,138.72500610351562,142.9499969482422,136.5500030517578,137.1999969482422,43014120
2019-03-07,122.02468872070312,134.4250030517578,140.14999389648438,133.75,140.0,16200268
2019-03-08,116.96397399902344,128.85000610351562,131.125,128.27499389648438,130.5500030517578,54689738
2019-03-11,117.89440155029297,129.875,130.4499969482422,128.72500610351562,129.5,14708454
2019-03-12,118.62060546875,130.6750030517578,131.6750030517578,130.0749969482422,130.5,12580708
2019-03-13,117.05474090576172,128.9499969482422,132.8000030517578,128.10000610351562,131.25,14439446
2019-03-14,116.57817840576172,128.4250030517578,129.85000610351562,127.5,129.6750030517578,8978946
2019-03-15,119.5737533569336,131.72500610351562,132.125,128.60000610351562,129.0,17440194
2019-03-18,116.9185791015625,128.8000030517578,132.375,128.02499389648438,132.375,11497228
2019-03-19,116.85050964355469,128.72500610351562,129.4499969482422,127.55000305175781,128.89999389648438,10103694
2019-03-20,118.71138000488281,130.77499389648438,131.5,129.1999969482422,129.1999969482422,12229124
2019-03-22,118.25750732421875,130.27499389648438,131.875,129.25,131.22500610351562,6396058
2019-03-25,116.4193115234375,128.25,131.0,128.0,131.0,6747924
2019-03-26,115.73851013183594,127.5,129.3000030517578,126.69999694824219,128.5500030517578,7701032
2019-03-27,115.53425598144531,127.2750015258789,128.1999969482422,126.875,127.5999984741211,6715462
2019-03-28,115.62503814697266,127.375,128.9499969482422,127.05000305175781,127.94999694824219,14209672
2019-04-01,118.75677490234375,130.8249969482422,131.9499969482422,127.9749984741211,128.0,14133132
2019-04-02,118.75677490234375,130.8249969482422,131.9499969482422,129.60000610351562,131.6999969482422,7413134
2019-04-03,118.75677490234375,130.8249969482422,131.5500030517578,129.10000610351562,131.1999969482422,7538708
2019-04-04,117.5766830444336,129.52499389648438,131.125,127.4749984741211,130.5,12838396
2019-04-05,118.96102905273438,131.0500030517578,131.9250030517578,129.75,130.5,7229104
2019-04-08,119.68724060058594,131.85000610351562,132.75,130.375,131.85000610351562,7274928
2019-04-09,124.27137756347656,136.89999389648438,137.5,131.6750030517578,131.75,27982768
2019-04-10,127.53926849365234,140.5,140.89999389648438,137.5,139.0,37061332
2019-04-11,127.6754379272461,140.64999389648438,142.3000030517578,140.0749969482422,141.75,18883256
2019-04-12,128.6285858154297,141.6999969482422,142.35000610351562,140.6999969482422,141.1999969482422,11578108
2019-04-15,130.58026123046875,143.85000610351562,144.75,142.0749969482422,142.5,14134384
2019-04-16,127.49388885498047,140.4499969482422,145.72500610351562,139.0,145.6750030517578,40734118
2019-04-18,129.26402282714844,142.39999389648438,144.77499389648438,140.10000610351562,144.5,54851156
2019-04-22,130.8298797607422,144.125,144.5,142.5500030517578,142.75,16824108
2019-04-23,132.1234130859375,145.5500030517578,145.9250030517578,143.35000610351562,144.85000610351562,12355568
2019-04-24,133.00851440429688,146.52499389648438,147.14999389648438,145.10000610351562,146.02499389648438,18298138
2019-04-25,133.98434448242188,147.60000610351562,147.97500610351562,146.4250030517578,146.52499389648438,20781632
2019-04-26,133.8027801513672,147.39999389648438,148.3249969482422,146.75,148.1999969482422,12393102
2019-04-30,135.50482177734375,149.27499389648438,149.72500610351562,147.5,147.5,14679834
2019-05-02,133.2808380126953,146.8249969482422,149.4250030517578,146.3249969482422,149.27499389648438,9078250
2019-05-03,132.0326385498047,145.4499969482422,146.85000610351562,144.27499389648438,146.75,14816616
2019-05-06,132.0099639892578,145.4250030517578,146.89999389648438,144.60000610351562,144.9499969482422,8608690
2019-05-07,133.37159729003906,146.9250030517578,147.47500610351562,145.14999389648438,146.3249969482422,8707688
2019-05-08,132.0099639892578,145.4250030517578,147.125,145.02499389648438,147.125,7904232
2019-05-09,132.10073852539062,145.52499389648438,146.5500030517578,145.14999389648438,145.89999389648438,7497994
2019-05-10,131.78302001953125,145.1750030517578,146.1999969482422,145.0,145.75,6133344
2019-05-13,131.2156982421875,144.5500030517578,146.75,144.125,145.25,8563900
2019-05-14,129.17323303222656,142.3000030517578,144.5,141.5500030517578,144.5,16740848
2019-05-15,128.44705200195312,141.5,142.97500610351562,141.14999389648438,142.75,8631244
2019-05-16,129.51365661621094,142.6750030517578,143.5,141.9250030517578,141.9250030517578,7191096
2019-05-17,129.99021911621094,143.1999969482422,144.9499969482422,142.64999389648438,143.25,6713562
2019-05-20,131.73765563964844,145.125,145.75,143.6999969482422,144.75,8366922
2019-05-21,130.2171630859375,143.4499969482422,145.5,143.0,145.3000030517578,5029334
2019-05-22,128.492431640625,141.5500030517578,143.75,140.5,143.5,15300108
2019-05-23,128.08395385742188,141.10000610351562,142.9499969482422,140.75,142.8000030517578,9712568
2019-05-24,128.4016571044922,141.4499969482422,142.10000610351562,140.0,141.9499969482422,9855298
2019-05-27,127.3123550415039,140.25,142.0500030517578,140.10000610351562,142.0,10900622
2019-05-28,128.42434692382812,141.47500610351562,142.875,139.8249969482422,140.5,88274856
2019-05-29,129.6725311279297,142.85000610351562,144.25,141.75,142.25,11011746
2019-05-30,130.71644592285156,144.0,145.0,142.75,143.0,23151914
2019-05-31,129.99021911621094,143.1999969482422,145.0,142.5,144.0749969482422,14648962
2019-06-03,132.21421813964844,145.64999389648438,146.02499389648438,143.625,144.25,11706676
2019-06-04,133.32620239257812,146.875,147.97500610351562,145.39999389648438,147.0,22163334
2019-06-06,132.30499267578125,145.75,147.3000030517578,145.5,147.0,17201760
2019-06-07,133.91624450683594,147.52499389648438,147.9499969482422,146.0,146.25,13569768
2019-06-10,134.84669494628906,148.5500030517578,149.0,147.75,147.875,14963786
2019-06-11,135.11903381347656,148.85000610351562,149.75,148.0500030517578,148.5,14468168
2019-06-12,135.25518798828125,149.0,149.39999389648438,148.4250030517578,148.75,12445080
2019-06-13,135.4367218017578,149.1999969482422,149.4499969482422,148.5749969482422,149.0,10004562
2019-06-14,135.61827087402344,149.39999389648438,150.8000030517578,149.0,149.375,15931606
2019-06-17,135.77716064453125,149.5749969482422,150.375,149.4250030517578,150.0,12357208
2019-06-18,135.25518798828125,149.0,150.25,148.0,149.75,16803584
2019-06-19,133.46237182617188,147.02499389648438,149.60000610351562,146.0749969482422,149.5,23805922
2019-06-20,130.23985290527344,143.47500610351562,143.89999389648438,141.1999969482422,142.02499389648438,19120844
2019-06-21,129.74057006835938,142.9250030517578,145.0,142.10000610351562,143.5,12954516
2019-06-24,128.8555450439453,141.9499969482422,143.8000030517578,141.5749969482422,142.75,6343478
2019-06-25,129.490966796875,142.64999389648438,143.14999389648438,140.9250030517578,142.0,5619496
2019-06-26,129.87677001953125,143.0749969482422,144.0,142.27499389648438,142.5749969482422,4663538
2019-06-27,128.03857421875,141.0500030517578,143.89999389648438,140.35000610351562,143.6750030517578,10178400
2019-06-28,127.3123550415039,140.25,141.89999389648438,140.0,141.89999389648438,6298778
2019-07-01,127.9931640625,141.0,141.6999969482422,140.47500610351562,140.8000030517578,3471842
2019-07-02,129.01438903808594,142.125,142.5,140.85000610351562,141.22500610351562,5218738
2019-07-03,128.3789520263672,141.4250030517578,142.8000030517578,141.02499389648438,142.4499969482422,2516552
2019-07-04,128.8328399658203,141.9250030517578,142.4499969482422,141.0,141.5,3256662
2019-07-05,123.3863296508789,135.9250030517578,142.27499389648438,135.5,142.0,9170926
2019-07-08,121.13961791992188,133.4499969482422,135.625,133.02499389648438,133.875,7149570
2019-07-09,120.50419616699219,132.75,135.375,132.125,133.75,5240124
2019-07-10,121.16232299804688,133.47500610351562,134.75,131.64999389648438,132.35000610351562,5561126
2019-07-11,121.52542114257812,133.875,135.0,133.0500030517578,133.75,5383786
2019-07-12,117.53130340576172,129.47500610351562,134.3249969482422,129.02499389648438,134.0,15190556
2019-07-15,117.96249389648438,129.9499969482422,131.0,127.94999694824219,130.0,9494898
2019-07-16,118.00787353515625,130.0,131.35000610351562,128.125,129.5,9723314
2019-07-17,117.82632446289062,129.8000030517578,131.39999389648438,129.0500030517578,131.0,11637538
2019-07-18,122.13814544677734,134.5500030517578,137.0749969482422,129.77499389648438,130.5,42054706
2019-07-19,120.14111328125,132.35000610351562,134.8249969482422,131.75,134.5500030517578,8459390
2019-07-22,120.18647766113281,132.39999389648438,133.14999389648438,131.1999969482422,132.8000030517578,8839780
2019-07-23,120.05035400390625,132.25,135.0,131.89999389648438,132.4499969482422,9361236
2019-07-24,119.9141616821289,132.10000610351562,132.9250030517578,131.0,132.25,4498944
2019-07-25,119.02910614013672,131.125,132.72500610351562,130.75,132.72500610351562,9982362
2019-07-26,119.641845703125,131.8000030517578,132.375,130.39999389648438,131.10000610351562,5438744
2019-07-29,119.09716796875,131.1999969482422,133.5749969482422,130.125,131.5,5764526
2019-07-30,119.05178833007812,131.14999389648438,132.39999389648438,130.5,131.4499969482422,4830174
2019-07-31,120.41341400146484,132.64999389648438,133.14999389648438,130.27499389648438,131.25,5698432
2019-08-01,122.72819519042969,135.1999969482422,138.0749969482422,134.27499389648438,135.75,35302414
2019-08-02,119.6645278930664,131.8249969482422,135.4499969482422,130.85000610351562,134.9499969482422,9957332
2019-08-05,118.91563415527344,131.0,132.6999969482422,130.14999389648438,130.5749969482422,7665468
2019-08-06,117.50862121582031,129.4499969482422,131.35000610351562,128.89999389648438,131.0,7906452
2019-08-07,119.16525268554688,131.27499389648438,132.125,129.5,129.5,7992066
2019-08-08,120.6176528930664,132.875,133.5,130.6750030517578,131.5,7250870
2019-08-09,119.59645080566406,131.75,134.35000610351562,131.4250030517578,133.0,7060998
2019-08-13,117.32706451416016,129.25,132.4499969482422,129.0,132.4499969482422,4380900
2019-08-14,113.94568634033203,125.5250015258789,130.0500030517578,125.125,129.89999389648438,8706726
2019-08-16,113.10601806640625,124.5999984741211,125.5,122.5250015258789,125.0,9944870
2019-08-19,114.42225646972656,126.05000305175781,126.5999984741211,125.0,125.1500015258789,5540152
2019-08-20,114.9669189453125,126.6500015258789,129.5500030517578,126.0999984741211,126.6500015258789,15930242
2019-08-21,114.55842590332031,126.19999694824219,127.44999694824219,125.55000305175781,126.75,6826530
2019-08-22,114.3995590209961,126.0250015258789,126.75,124.25,126.0,6739804
2019-08-23,114.10453796386719,125.69999694824219,128.5500030517578,124.7750015258789,126.4749984741211,9793938
2019-08-26,113.06063079833984,124.55000305175781,126.4749984741211,123.92500305175781,126.19999694824219,6529420
2019-08-27,113.5145034790039,125.05000305175781,125.82499694824219,123.55000305175781,124.3499984741211,8045102
2019-08-28,113.12870788574219,124.625,126.5999984741211,124.05000305175781,125.05000305175781,5363314
2019-08-29,112.9244613647461,124.4000015258789,125.125,123.5250015258789,123.5250015258789,5438102
2019-08-30,115.46617889404297,127.19999694824219,127.625,124.57499694824219,125.05000305175781,8368026
2019-09-03,115.1257553100586,126.82499694824219,127.67500305175781,126.2750015258789,127.05000305175781,4411118
2019-09-04,116.21507263183594,128.02499389648438,128.4250030517578,125.6500015258789,125.75,6606662
2019-09-05,116.01083374023438,127.80000305175781,129.4499969482422,127.25,129.4499969482422,8811234
2019-09-06,114.37686157226562,126.0,128.64999389648438,124.4000015258789,127.67500305175781,22872104
2019-09-09,116.01083374023438,127.80000305175781,128.0500030517578,125.17500305175781,125.69999694824219,11581912
2019-09-11,112.62943267822266,124.07499694824219,127.5,123.67500305175781,127.0,19598224
2019-09-12,110.99549102783203,122.2750015258789,124.25,122.0,122.8499984741211,9329514
2019-09-13,111.35859680175781,122.67500305175781,123.69999694824219,121.5999984741211,122.5,7620240
2019-09-16,112.15288543701172,123.55000305175781,123.92500305175781,122.05000305175781,122.55000305175781,7950382
2019-09-17,110.8139419555664,122.07499694824219,123.69999694824219,121.8499984741211,123.4749984741211,6329530
2019-09-18,110.88202667236328,122.1500015258789,122.9749984741211,121.6500015258789,122.69999694824219,5052560
2019-09-19,109.61116790771484,120.75,122.92500305175781,120.125,122.625,5137674
2019-09-20,111.63092041015625,122.9749984741211,124.3499984741211,120.25,120.94999694824219,12392500
2019-09-23,108.63533782958984,119.67500305175781,124.0,118.25,123.8499984741211,13553962
2019-09-24,109.24806213378906,120.3499984741211,121.4749984741211,119.75,120.44999694824219,11536662
2019-09-25,108.38569641113281,119.4000015258789,120.67500305175781,119.0,120.25,7209996
2019-09-26,107.6141128540039,118.55000305175781,120.2249984741211,118.2750015258789,119.5999984741211,10777480
2019-09-27,107.3871841430664,118.30000305175781,119.5,117.9000015258789,118.69999694824219,6383350
2019-09-30,108.8395767211914,119.9000015258789,120.32499694824219,117.875,118.5,6597906
2019-10-01,105.98015594482422,116.75,120.2249984741211,116.0999984741211,120.0,8754660
2019-10-03,107.04676818847656,117.92500305175781,119.80000305175781,116.2750015258789,117.0999984741211,9570460
2019-10-04,107.88643646240234,118.8499984741211,120.44999694824219,118.125,119.0,5951042
2019-10-07,107.59141540527344,118.5250015258789,121.19999694824219,118.0999984741211,119.0250015258789,4447336
2019-10-09,107.90913391113281,118.875,119.80000305175781,118.19999694824219,119.625,4556276
2019-10-10,108.56724548339844,119.5999984741211,119.80000305175781,117.9000015258789,118.875,4135724
2019-10-11,108.68071746826172,119.7249984741211,120.19999694824219,118.25,118.5,5316578
2019-10-14,110.49623107910156,121.7249984741211,122.42500305175781,119.0,119.9000015258789,7184274
2019-10-15,110.58699035644531,121.82499694824219,122.75,119.625,122.4749984741211,17103786
2019-10-16,112.9698486328125,124.44999694824219,125.8499984741211,122.0,122.94999694824219,32571658
2019-10-17,112.4932861328125,123.92500305175781,125.07499694824219,123.30000305175781,124.44999694824219,10324480
2019-10-18,112.9698486328125,124.44999694824219,125.3499984741211,123.92500305175781,123.92500305175781,5528778
2019-10-22,115.08039093017578,126.7750015258789,127.2249984741211,123.55000305175781,124.5,12546576
2019-10-23,115.44348907470703,127.17500305175781,127.7750015258789,125.0250015258789,126.4000015258789,5348508
2019-10-24,113.28755950927734,124.80000305175781,127.0999984741211,124.5999984741211,126.94999694824219,7834196
2019-10-25,114.83074188232422,126.5,126.75,124.375,126.0250015258789,6530578
2019-10-27,115.1257553100586,126.82499694824219,127.625,126.5,127.2750015258789,630698
2019-10-29,115.82926940917969,127.5999984741211,127.94999694824219,126.0999984741211,126.82499694824219,6382884
2019-10-30,115.62503814697266,127.375,130.4499969482422,126.69999694824219,129.0,8119090
2019-10-31,117.6901626586914,129.64999389648438,130.0,126.9000015258789,127.0,6992524
2019-11-01,117.37246704101562,129.3000030517578,130.5,128.375,130.10000610351562,5061842
2019-11-04,116.46470642089844,128.3000030517578,130.35000610351562,127.875,129.64999389648438,3841070
2019-11-05,117.32706451416016,129.25,129.6999969482422,127.3499984741211,128.64999389648438,3169448
2019-11-06,116.57817840576172,128.4250030517578,129.72500610351562,128.02499389648438,129.5,3255238
2019-11-07,117.84901428222656,129.8249969482422,130.25,128.3000030517578,128.5,4253934
2019-11-08,116.3739242553711,128.1999969482422,130.39999389648438,127.875,130.0749969482422,3079708
2019-11-11,116.3966293334961,128.22500610351562,128.75,126.69999694824219,128.60000610351562,3804758
2019-11-13,114.87614440917969,126.55000305175781,129.5,126.07499694824219,128.64999389648438,3722946
2019-11-14,114.71727752685547,126.375,127.375,125.69999694824219,127.0,5796412
2019-11-15,114.62650299072266,126.2750015258789,127.0999984741211,125.82499694824219,127.0,2425834
2019-11-18,113.219482421875,124.7249984741211,126.25,124.1500015258789,126.25,5756874
2019-11-19,113.6506576538086,125.19999694824219,125.57499694824219,123.8499984741211,124.0999984741211,4061312
2019-11-20,112.9698486328125,124.44999694824219,125.875,124.19999694824219,125.875,2988298
2019-11-21,112.35712432861328,123.7750015258789,124.75,123.5,124.19999694824219,3488196
2019-11-22,110.33736419677734,121.55000305175781,122.82499694824219,121.05000305175781,121.6500015258789,8183112
2019-11-25,110.29198455810547,121.5,121.9000015258789,120.6500015258789,121.5250015258789,3782394
2019-11-26,107.81835174560547,118.7750015258789,122.30000305175781,118.25,122.0999984741211,15380804
2019-11-27,108.95305633544922,120.0250015258789,120.44999694824219,119.0250015258789,119.5,3894494
2019-11-28,108.8395767211914,119.9000015258789,120.25,119.125,119.9749984741211,3198740
2019-11-29,107.88643646240234,118.8499984741211,120.5999984741211,118.42500305175781,120.0250015258789,5333922
2019-12-02,108.294921875,119.30000305175781,119.8499984741211,117.7750015258789,119.125,7259920
2019-12-03,107.47795104980469,118.4000015258789,119.25,117.69999694824219,119.25,5730370
2019-12-04,109.92888641357422,121.0999984741211,121.375,118.25,118.30000305175781,6671932
2019-12-05,110.60969543457031,121.8499984741211,122.44999694824219,120.55000305175781,121.3499984741211,5226290
2019-12-06,109.38423156738281,120.5,122.25,120.17500305175781,121.8499984741211,2735116
2019-12-09,109.11189270019531,120.19999694824219,120.82499694824219,119.30000305175781,120.4000015258789,2414590
2019-12-10,108.0906753540039,119.07499694824219,120.19999694824219,118.55000305175781,120.19999694824219,4411226
2019-12-11,108.95305633544922,120.0250015258789,120.4000015258789,118.17500305175781,118.82499694824219,4775320
2019-12-12,108.68071746826172,119.7249984741211,120.625,119.3499984741211,120.17500305175781,2811896
2019-12-13,110.67778015136719,121.92500305175781,122.42500305175781,120.0,121.0,8623666
2019-12-16,110.36004638671875,121.57499694824219,123.19999694824219,121.30000305175781,121.94999694824219,5685154
2019-12-17,111.08626556396484,122.375,122.9749984741211,121.7750015258789,122.125,4422758
2019-12-18,112.69754028320312,124.1500015258789,124.94999694824219,122.75,122.92500305175781,10598214
2019-12-19,113.10601806640625,124.5999984741211,125.32499694824219,123.82499694824219,124.30000305175781,4968422
2019-12-20,114.28608703613281,125.9000015258789,126.9000015258789,123.6500015258789,124.0,10423252
2019-12-23,115.21653747558594,126.92500305175781,127.3499984741211,125.80000305175781,126.4000015258789,3701304
2019-12-24,114.49034118652344,126.125,126.9749984741211,125.55000305175781,126.5,3088960
2019-12-26,113.60528564453125,125.1500015258789,126.19999694824219,124.7750015258789,126.0,4052868
2019-12-27,112.35712432861328,123.7750015258789,125.375,123.17500305175781,125.0,5022240
2019-12-30,112.99254608154297,124.4749984741211,124.7750015258789,123.30000305175781,124.2249984741211,4333614
2019-12-31,111.56283569335938,122.9000015258789,124.30000305175781,122.6500015258789,123.8499984741211,4329828
2020-01-01,112.4251937866211,123.8499984741211,124.32499694824219,123.0999984741211,123.25,2827732
2020-01-02,112.69754028320312,124.1500015258789,124.94999694824219,123.17500305175781,123.30000305175781,2887932
2020-01-03,113.9683837890625,125.55000305175781,126.3499984741211,123.67500305175781,124.75,6762808
2020-01-06,114.44495391845703,126.07499694824219,127.2249984741211,125.07499694824219,125.5,9133390
2020-01-07,115.82926940917969,127.5999984741211,128.1750030517578,125.0999984741211,126.625,8805574
2020-01-08,115.6477279663086,127.4000015258789,128.0749969482422,126.2750015258789,127.0,5588820
2020-01-09,115.1257553100586,126.82499694824219,128.25,126.32499694824219,127.125,4990046
2020-01-10,114.26339721679688,125.875,127.5999984741211,125.5,126.9749984741211,4113154
2020-01-13,115.6477279663086,127.4000015258789,128.9499969482422,126.42500305175781,127.0,13927198
2020-01-14,116.73703002929688,128.60000610351562,129.1750030517578,127.2750015258789,128.4250030517578,14593554
2020-01-15,112.67484283447266,124.125,128.0,123.30000305175781,127.0,20280902
2020-01-16,113.6733627319336,125.2249984741211,126.30000305175781,123.5,124.0,17623672
2020-01-17,113.9683837890625,125.55000305175781,126.94999694824219,124.82499694824219,126.0,8281636
2020-01-20,112.56135559082031,124.0,125.4000015258789,123.5999984741211,125.4000015258789,3817166
2020-01-21,112.15288543701172,123.55000305175781,124.0999984741211,123.0,123.94999694824219,3015884
2020-01-22,111.58553314208984,122.92500305175781,125.9749984741211,122.69999694824219,124.30000305175781,6800848
2020-01-23,112.87907409667969,124.3499984741211,124.55000305175781,122.67500305175781,123.2249984741211,3393088
2020-01-24,112.8335189819336,123.80000305175781,124.7249984741211,123.125,124.32499694824219,3421554
2020-01-27,111.80818176269531,122.67500305175781,123.94999694824219,122.375,123.94999694824219,3306994
2020-01-28,111.21573638916016,122.0250015258789,123.05000305175781,120.9000015258789,122.94999694824219,4272362
2020-01-29,112.44615173339844,123.375,123.69999694824219,121.625,122.30000305175781,4009378
2020-01-30,109.68911743164062,120.3499984741211,123.80000305175781,120.0999984741211,123.80000305175781,4294930
2020-01-31,107.91184997558594,118.4000015258789,119.57499694824219,117.5,119.0,11107276
2020-02-03,108.18527221679688,118.69999694824219,120.07499694824219,117.625,118.8499984741211,8463660
2020-02-04,109.48405456542969,120.125,120.625,118.94999694824219,119.5,6329512
2020-02-05,110.39546203613281,121.125,121.5,118.6500015258789,120.80000305175781,7751206
2020-02-06,111.03343963623047,121.82499694824219,122.9749984741211,120.82499694824219,121.375,6112396
2020-02-07,111.17015838623047,121.9749984741211,123.5,121.4749984741211,123.5,5519024
2020-02-10,109.7802505493164,120.44999694824219,122.82499694824219,119.7249984741211,122.69999694824219,4517992
2020-02-11,109.93975067138672,120.625,121.44999694824219,119.9000015258789,120.2750015258789,5460620
2020-02-12,111.39802551269531,122.2249984741211,123.57499694824219,120.8499984741211,120.8499984741211,6838800
2020-02-13,111.07903289794922,121.875,122.9000015258789,121.25,122.9000015258789,4829910
2020-02-14,110.69166564941406,121.44999694824219,122.67500305175781,121.0,121.9000015258789,3619586
2020-02-17,111.101806640625,121.9000015258789,122.5,120.9749984741211,121.44999694824219,2035556
2020-02-18,111.21573638916016,122.0250015258789,122.42500305175781,120.625,121.875,2505274
2020-02-19,112.8335189819336,123.80000305175781,124.17500305175781,122.25,122.25,3570768
2020-02-20,111.96765899658203,122.8499984741211,124.2750015258789,122.55000305175781,124.0,4241614
2020-02-24,111.28409576416016,122.0999984741211,123.9000015258789,121.19999694824219,122.5,7043950
2020-02-25,111.23851776123047,122.05000305175781,123.32499694824219,121.2249984741211,122.07499694824219,5059572
2020-02-26,109.32454681396484,119.94999694824219,121.7249984741211,119.19999694824219,121.5250015258789,7988388
2020-02-27,105.54216003417969,115.80000305175781,119.4749984741211,115.25,119.4749984741211,9733628
2020-02-28,100.91671752929688,110.7249984741211,114.75,109.8499984741211,114.25,11274618
2020-03-02,100.62051391601562,110.4000015258789,113.5,109.19999694824219,112.9000015258789,11532350
2020-03-03,101.94207000732422,111.8499984741211,112.9000015258789,110.30000305175781,112.0,10346226
2020-03-04,104.2889633178711,114.42500305175781,114.875,111.2249984741211,112.44999694824219,9036356
2020-03-05,104.67632293701172,114.8499984741211,116.94999694824219,114.32499694824219,114.5250015258789,5941556
2020-03-06,101.87371063232422,111.7750015258789,113.0,111.2750015258789,112.5,5868566
2020-03-09,97.7039794921875,107.19999694824219,110.5,106.5,110.0999984741211,17462228
2020-03-11,97.11155700683594,106.55000305175781,107.19999694824219,101.8499984741211,101.8499984741211,12270332
2020-03-12,90.73162078857422,99.55000305175781,103.4749984741211,98.75,102.0,10764010
2020-03-13,89.9569320678711,98.69999694824219,102.2249984741211,84.625,99.5,13043196
2020-03-16,81.91366577148438,89.875,96.9749984741211,89.2750015258789,96.9749984741211,11201148
2020-03-17,78.88319396972656,86.55000305175781,92.7750015258789,85.375,89.2750015258789,12175374
2020-03-18,77.44772338867188,84.9749984741211,89.25,84.25,88.3499984741211,12733198
2020-03-19,73.98432922363281,81.17500305175781,85.67500305175781,79.69999694824219,82.5,11980172
2020-03-20,81.66303253173828,89.5999984741211,92.9000015258789,81.25,81.55000305175781,20319490
2020-03-23,77.53886413574219,85.07499694824219,88.5,82.5,82.5,10720786
2020-03-24,80.36426544189453,88.17500305175781,90.875,84.0250015258789,84.25,12061562
2020-03-25,79.58953857421875,87.32499694824219,94.0,85.0999984741211,88.69999694824219,13456292
2020-03-26,83.21244049072266,91.30000305175781,93.4000015258789,86.25,88.4749984741211,10247690
2020-03-27,83.62257385253906,91.75,94.75,90.75,91.57499694824219,13535120
2020-03-30,83.91876983642578,92.07499694824219,93.69999694824219,89.67500305175781,90.55000305175781,7334804
2020-03-31,89.63793182373047,98.3499984741211,99.9000015258789,92.82499694824219,93.5,10615252
2020-04-01,86.35682678222656,94.75,97.8499984741211,93.5,97.8499984741211,9875668
2020-04-03,82.02758026123047,90.0,94.80000305175781,88.875,94.0,13147474
2020-04-07,87.45053100585938,95.94999694824219,96.3499984741211,91.5250015258789,94.125,9562862
2020-04-08,87.9062271118164,96.44999694824219,100.0,94.4000015258789,95.75,10275308
2020-04-09,89.63793182373047,98.3499984741211,101.4749984741211,97.5250015258789,99.19999694824219,6930346
2020-04-13,86.22010803222656,94.5999984741211,99.0,91.44999694824219,99.0,12384376
2020-04-15,85.0124740600586,93.2750015258789,96.80000305175781,92.9000015258789,95.0250015258789,22652006
2020-04-16,85.60491180419922,93.92500305175781,94.875,90.0,90.0,43380846
2020-04-17,85.2175521850586,93.5,96.875,92.7750015258789,96.25,13212894
2020-04-20,82.52887725830078,90.55000305175781,94.5,90.07499694824219,94.5,16203026
2020-04-21,81.13896179199219,89.0250015258789,89.94999694824219,86.9000015258789,89.5,18086618
2020-04-22,81.36681365966797,89.2750015258789,89.75,87.5250015258789,88.5,10621898
2020-04-23,82.43772888183594,90.44999694824219,91.30000305175781,88.55000305175781,89.69999694824219,11104460
2020-04-24,81.00223541259766,88.875,90.4000015258789,88.57499694824219,89.9749984741211,9282278
2020-04-27,82.9617919921875,91.0250015258789,91.44999694824219,87.75,90.0,18283250
2020-04-28,81.890869140625,89.8499984741211,91.4749984741211,89.0,91.05000305175781,13329834
2020-04-29,82.32379150390625,90.32499694824219,91.2249984741211,89.69999694824219,90.05000305175781,10060582
2020-04-30,87.0176010131836,95.4749984741211,96.30000305175781,91.7750015258789,92.5,17667854
2020-05-04,86.60746765136719,95.0250015258789,95.6500015258789,91.5250015258789,92.25,17140740
2020-05-05,83.9415512084961,92.0999984741211,97.0,91.0999984741211,95.7249984741211,13864778
2020-05-06,85.24034118652344,93.5250015258789,94.0,90.5,92.8499984741211,10885580
2020-05-07,83.89601135253906,92.05000305175781,92.69999694824219,90.5999984741211,92.0,11402138
2020-05-08,83.85041809082031,92.0,93.0,91.2750015258789,92.5999984741211,8227344
2020-05-11,84.16941833496094,92.3499984741211,94.9749984741211,92.05000305175781,92.5,8787666
2020-05-12,85.24034118652344,93.5250015258789,94.0,91.30000305175781,92.0999984741211,7030818
2020-05-13,86.44796752929688,94.8499984741211,95.75,92.57499694824219,95.75,10560968
2020-05-14,84.76185607910156,93.0,93.67500305175781,91.55000305175781,92.375,10324394
2020-05-15,83.75928497314453,91.9000015258789,93.0,91.32499694824219,93.0,6849030
2020-05-18,83.0301513671875,91.0999984741211,92.5,89.80000305175781,91.0250015258789,14454486
2020-05-19,84.03270721435547,92.19999694824219,93.0,89.0,91.125,11486668
2020-05-20,84.28335571289062,92.4749984741211,92.94999694824219,91.0999984741211,92.5,15415706
2020-05-21,86.17454528808594,94.55000305175781,95.8499984741211,91.69999694824219,91.69999694824219,14258230
2020-05-22,86.12897491455078,94.5,95.42500305175781,93.2249984741211,94.5250015258789,9177652
2020-05-26,86.03782653808594,94.4000015258789,96.5999984741211,92.8499984741211,94.5,11822268
2020-05-27,91.71141052246094,100.625,102.75,93.8499984741211,94.80000305175781,36165936
2020-05-28,90.84555053710938,99.67500305175781,101.75,98.0250015258789,101.75,24695246
2020-05-29,96.9748306274414,106.4000015258789,107.44999694824219,98.07499694824219,99.67500305175781,61260422
2020-06-01,98.00018310546875,107.5250015258789,110.5,106.69999694824219,107.75,26749248
2020-06-02,98.36476135253906,107.92500305175781,109.2750015258789,105.4749984741211,107.55000305175781,12812554
2020-06-03,96.31407165527344,105.67500305175781,108.7249984741211,105.2750015258789,108.05000305175781,16844202
2020-06-04,98.54704284667969,108.125,109.9749984741211,105.07499694824219,105.67500305175781,14794936
2020-06-05,99.6863021850586,109.375,110.125,107.5,110.0,14491168
2020-06-08,103.19526672363281,113.2249984741211,113.6500015258789,107.92500305175781,109.5,24427392
2020-06-09,99.5040283203125,109.17500305175781,113.1500015258789,108.57499694824219,112.05000305175781,15690504
2020-06-10,98.8888168334961,108.5,110.5250015258789,107.80000305175781,110.0,14787292
2020-06-11,97.02040100097656,106.44999694824219,108.82499694824219,106.17500305175781,108.5,12497490
2020-06-12,94.74186706542969,103.94999694824219,104.75,103.1500015258789,104.0,12418688
2020-06-15,97.4305419921875,106.9000015258789,108.94999694824219,104.07499694824219,105.9749984741211,28511450
2020-06-16,96.79254913330078,106.19999694824219,108.94999694824219,104.80000305175781,108.7249984741211,15921712
2020-06-17,99.25338745117188,108.9000015258789,109.375,105.5250015258789,106.0,27938908
2020-06-18,99.41287994384766,109.07499694824219,109.6500015258789,107.32499694824219,108.4000015258789,12408426
2020-06-19,101.19014739990234,111.0250015258789,112.05000305175781,107.5,109.0,22447354
2020-06-22,99.36732482910156,109.0250015258789,110.875,108.4000015258789,110.57499694824219,12961806
2020-06-23,100.52937316894531,110.30000305175781,111.1500015258789,106.5,107.5,14850298
2020-06-24,99.4356689453125,109.0999984741211,112.0,108.7750015258789,112.0,16492172
2020-06-25,99.4356689453125,109.0999984741211,111.0,107.6500015258789,108.4749984741211,10193692
2020-06-26,102.73956298828125,112.7249984741211,115.0,109.1500015258789,109.6500015258789,38389012
2020-06-29,100.11922454833984,109.8499984741211,112.94999694824219,109.3499984741211,111.0250015258789,13374148
2020-06-30,100.096435546875,109.82499694824219,110.9749984741211,109.0,109.80000305175781,11001386
2020-07-01,99.82302856445312,109.5250015258789,111.19999694824219,109.17500305175781,110.5,7905234
2020-07-02,102.169921875,112.0999984741211,112.7249984741211,109.7750015258789,110.5,14359882
2020-07-03,102.44335174560547,112.4000015258789,114.25,111.32499694824219,112.0999984741211,10838912
2020-07-06,101.46356964111328,111.32499694824219,113.625,110.80000305175781,112.94999694824219,15175628
2020-07-07,102.48892211914062,112.44999694824219,114.19999694824219,111.0,111.5999984741211,18235138
2020-07-08,101.66864776611328,111.55000305175781,113.8499984741211,111.25,113.32499694824219,14152368
2020-07-09,100.98507690429688,110.80000305175781,112.30000305175781,109.82499694824219,112.125,13417996
2020-07-10,101.21293640136719,111.05000305175781,111.7249984741211,109.75,110.5,9097518
2020-07-13,103.7193374633789,113.80000305175781,114.5,111.2750015258789,111.9749984741211,24694620
2020-07-14,102.53449249267578,112.5,115.8499984741211,112.05000305175781,114.19999694824219,27877134
2020-07-15,119.73750305175781,131.375,134.35000610351562,117.5,118.0,260735176
2020-07-16,119.35014343261719,130.9499969482422,134.22500610351562,127.5250015258789,131.25,104555854
2020-07-17,119.09950256347656,130.6750030517578,131.9250030517578,128.5,129.3000030517578,37713024
2020-07-20,123.40594482421875,135.39999389648438,136.77499389648438,129.5,130.6750030517578,42789980
2020-07-21,123.65658569335938,135.6750030517578,140.8000030517578,134.6999969482422,139.25,65998100
2020-07-22,121.21855926513672,133.0,136.4250030517578,131.8249969482422,136.22500610351562,25167708
2020-07-23,121.49198913574219,133.3000030517578,134.22500610351562,131.27499389648438,134.14999389648438,20736656
2020-07-24,123.2920150756836,135.27499389648438,135.89999389648438,132.77499389648438,133.5,44244246
2020-07-27,122.51732635498047,134.4250030517578,136.60000610351562,133.5749969482422,135.27499389648438,27980494
2020-07-28,125.5250015258789,137.72500610351562,138.375,134.64999389648438,134.64999389648438,28087614
2020-07-29,126.2313461303711,138.5,139.0,136.1750030517578,136.89999389648438,21567278
2020-07-30,129.46688842773438,142.0500030517578,143.39999389648438,140.0500030517578,140.0500030517578,51694590
2020-07-31,128.03140258789062,140.47500610351562,145.39999389648438,139.3000030517578,144.8000030517578,33401320
2020-08-03,128.30482482910156,140.77499389648438,142.39999389648438,139.75,141.5,17817526
2020-08-04,128.0769500732422,140.52499389648438,141.6750030517578,139.125,140.77499389648438,16239042
2020-08-05,126.77821350097656,139.10000610351562,142.22500610351562,138.6999969482422,140.625,14690906
2020-08-06,127.4389877319336,139.8249969482422,142.125,138.875,140.35000610351562,20305210
2020-08-07,126.41361999511719,138.6999969482422,140.9250030517578,138.1999969482422,140.52499389648438,14642400
2020-08-10,126.41361999511719,138.6999969482422,140.60000610351562,138.3000030517578,140.0,12621492
2020-08-11,127.4389877319336,139.8249969482422,142.3249969482422,139.14999389648438,139.5,20157816
2020-08-12,125.86679077148438,138.10000610351562,140.35000610351562,137.27499389648438,140.1999969482422,17807334
2020-08-13,126.2313461303711,138.5,140.9250030517578,137.39999389648438,138.9499969482422,19307912
2020-08-14,126.00349426269531,138.25,140.375,137.9499969482422,139.25,13163422
2020-08-17,128.48712158203125,140.97500610351562,143.1999969482422,138.8249969482422,139.3000030517578,29094008
2020-08-18,128.82888793945312,141.35000610351562,143.6999969482422,140.85000610351562,142.375,24108414
2020-08-19,127.48456573486328,139.875,142.97500610351562,139.625,142.75,18745042
2020-08-20,124.95538330078125,137.10000610351562,139.5,136.60000610351562,139.5,19783530
2020-08-21,124.56803131103516,136.6750030517578,139.47500610351562,136.35000610351562,139.47500610351562,15939272
2020-08-24,124.27180480957031,136.35000610351562,137.22500610351562,135.9499969482422,136.75,12309628
2020-08-25,123.01860046386719,134.97500610351562,137.35000610351562,134.6750030517578,137.1750030517578,15592276
2020-08-26,123.9755859375,136.02499389648438,137.35000610351562,134.0,134.97500610351562,19265334
2020-08-27,124.11231231689453,136.1750030517578,137.60000610351562,135.75,136.5,12380336
2020-08-28,123.9755859375,136.02499389648438,137.5,135.64999389648438,137.35000610351562,15199568
2020-08-31,123.6338119506836,135.64999389648438,141.0,134.0,137.0,41141934
2020-09-01,123.77053833007812,135.8000030517578,139.6999969482422,134.5,135.5,24586106
2020-09-02,124.72752380371094,136.85000610351562,138.25,135.60000610351562,136.4499969482422,16863810
2020-09-03,128.8972625732422,141.4250030517578,143.9250030517578,137.25,137.75,49790330
2020-09-04,125.77565002441406,138.0,139.75,137.5500030517578,139.35000610351562,21415428
2020-09-07,127.02881622314453,139.375,139.75,135.75,138.25,16651534
2020-09-08,128.76052856445312,141.27499389648438,143.47500610351562,139.25,141.10000610351562,44589722
2020-09-09,128.8972625732422,141.4250030517578,144.72500610351562,139.25,139.89999389648438,45588720
2020-09-10,129.67193603515625,142.27499389648438,143.4250030517578,140.5500030517578,143.3249969482422,19035804
2020-09-11,133.65940856933594,146.64999389648438,149.22500610351562,141.25,141.25,83871852
2020-09-14,139.99375915527344,153.60000610351562,154.27499389648438,146.5749969482422,146.625,76179084
2020-09-15,140.06211853027344,153.6750030517578,155.625,151.375,153.60000610351562,56312624
2020-09-16,142.24948120117188,156.0749969482422,156.75,152.02499389648438,153.5,29986974
2020-09-17,142.04444885253906,155.85000610351562,158.35000610351562,153.60000610351562,153.625,53623304
2020-09-18,144.2318572998047,158.25,159.5,156.125,157.0,36975462
2020-09-21,142.1355743408203,155.9499969482422,162.25,154.97500610351562,157.9499969482422,45477692
2020-09-22,142.29507446289062,156.125,158.375,151.97500610351562,157.6999969482422,47020668
2020-09-23,143.4799346923828,157.4250030517578,160.89999389648438,155.5749969482422,157.5,44278872
2020-09-24,138.85447692871094,152.35000610351562,156.6999969482422,151.22500610351562,156.6999969482422,35838302
2020-09-25,143.04701232910156,156.9499969482422,157.625,152.10000610351562,153.14999389648438,44013790
2020-09-28,141.97608947753906,155.77499389648438,158.5,154.8000030517578,157.5,24921524
2020-09-29,141.95330810546875,155.75,159.27499389648438,155.25,157.5,29660738
2020-09-30,142.8874969482422,156.77499389648438,157.9250030517578,154.8000030517578,156.0,24786634
2020-10-01,142.65963745117188,156.52499389648438,158.9250030517578,156.02499389648438,158.1999969482422,18514618
2020-10-05,152.1839599609375,166.97500610351562,168.0,157.60000610351562,157.60000610351562,77811262
2020-10-06,150.40670776367188,165.02499389648438,167.64999389648438,161.5,167.5,55159848
2020-10-07,152.7991485595703,167.64999389648438,168.27499389648438,162.75,163.5,35479916
2020-10-08,163.80455017089844,179.72500610351562,183.875,173.22500610351562,175.5,214540492
2020-10-09,170.4351043701172,187.0,188.0500030517578,178.625,181.0,110861504
2020-10-12,172.03009033203125,188.75,189.89999389648438,184.5500030517578,188.5,105931918
2020-10-13,171.32374572753906,187.97500610351562,190.85000610351562,186.47500610351562,188.64999389648438,72176286
2020-10-14,159.70315551757812,175.22500610351562,182.5,174.14999389648438,182.5,148263902
2020-10-15,155.6701202392578,170.8000030517578,177.125,169.47500610351562,175.5,77922358
2020-10-16,154.78152465820312,169.8249969482422,174.0500030517578,169.3000030517578,171.4499969482422,50488458
2020-10-19,156.39927673339844,171.60000610351562,173.25,169.3249969482422,171.22500610351562,25693748
2020-10-20,158.0170440673828,173.375,174.75,170.9250030517578,172.375,33993548
2020-10-21,156.51321411132812,171.72500610351562,175.0500030517578,169.5500030517578,174.8000030517578,19934922
2020-10-22,156.9689178466797,172.22500610351562,174.10000610351562,170.4250030517578,170.5,19082496
2020-10-23,156.03468322753906,171.1999969482422,173.5500030517578,170.64999389648438,173.4499969482422,17346096
2020-10-26,154.84983825683594,169.89999389648438,172.4499969482422,168.35000610351562,171.85000610351562,17390338
2020-10-27,152.22952270507812,167.02499389648438,169.875,165.52499389648438,169.14999389648438,19821156
2020-10-28,152.95867919921875,167.8249969482422,169.9250030517578,167.1999969482422,167.875,17969178
2020-10-29,153.77894592285156,168.72500610351562,170.0,165.5749969482422,166.8249969482422,14479922
2020-10-30,155.25999450683594,170.35000610351562,172.5,169.22500610351562,169.625,22991068
2020-11-02,152.57131958007812,167.39999389648438,170.875,166.85000610351562,170.875,9662266
2020-11-03,152.95867919921875,167.8249969482422,169.72500610351562,166.3249969482422,167.75,9515596
2020-11-04,156.28536987304688,171.47500610351562,175.77499389648438,168.75,169.0,30763800
2020-11-05,157.40182495117188,172.6999969482422,174.5,172.02499389648438,173.97500610351562,11204872
2020-11-06,157.56134033203125,172.875,174.5,171.6999969482422,173.0749969482422,10915586
2020-11-09,160.38671875,175.97500610351562,176.39999389648438,173.5,175.0,14214570
2020-11-10,155.9891357421875,171.14999389648438,175.375,170.5749969482422,175.375,18099240
2020-11-11,158.0170440673828,173.375,173.875,170.75,172.25,15275758
2020-11-12,157.4701690673828,172.77499389648438,175.35000610351562,172.14999389648438,174.0,10228848
2020-11-13,156.8321990966797,172.0749969482422,173.125,171.35000610351562,172.25,9455776
2020-11-14,157.42462158203125,172.72500610351562,173.77499389648438,171.5500030517578,173.5749969482422,1498484
2020-11-17,158.9056854248047,174.35000610351562,175.25,171.85000610351562,173.5,13307668
2020-11-18,157.3562469482422,172.64999389648438,176.1750030517578,170.89999389648438,174.875,14815616
2020-11-19,156.1258544921875,171.3000030517578,174.75,170.8000030517578,173.85000610351562,22113702
2020-11-20,157.8119659423828,173.14999389648438,174.25,171.02499389648438,171.89999389648438,12362786
2020-11-23,162.16400146484375,177.9250030517578,178.6999969482422,173.0,174.0,20666694
2020-11-24,162.0044708251953,177.75,180.6999969482422,177.5,179.5,20184882
2020-11-25,159.49810791015625,175.0,179.39999389648438,174.77499389648438,178.9499969482422,13624676
2020-11-26,161.70826721191406,177.4250030517578,178.1999969482422,173.60000610351562,175.5,14732740
2020-11-27,159.72596740722656,175.25,178.75,173.9250030517578,177.4250030517578,24804168
2020-12-01,160.79685974121094,176.4250030517578,176.9499969482422,173.125,176.35000610351562,21387134
2020-12-02,163.5539093017578,179.4499969482422,180.14999389648438,177.10000610351562,177.22500610351562,18868154
2020-12-03,164.19187927246094,180.14999389648438,182.0,179.0,182.0,21394090
2020-12-04,164.41973876953125,180.39999389648438,181.1999969482422,179.5,180.5500030517578,14854786
2020-12-07,163.34884643554688,179.22500610351562,181.375,178.75,181.0,16784766
2020-12-08,165.74131774902344,181.85000610351562,182.5,179.1999969482422,180.14999389648438,23626602
2020-12-09,163.82733154296875,179.75,183.875,178.75,183.875,36275376
2020-12-10,162.186767578125,177.9499969482422,179.0,176.375,178.10000610351562,13794794
2020-12-11,161.0930633544922,176.75,180.0,176.3249969482422,178.6999969482422,11727232
2020-12-14,159.201904296875,174.6750030517578,177.27499389648438,173.5500030517578,176.75,23003678
2020-12-15,160.72853088378906,176.35000610351562,176.9499969482422,173.75,174.64999389648438,14463562
2020-12-16,163.32606506347656,179.1999969482422,179.47500610351562,176.60000610351562,176.9499969482422,13332544
2020-12-17,162.6425018310547,178.4499969482422,179.625,177.75,179.1999969482422,8330742
2020-12-18,165.67294311523438,181.77499389648438,182.89999389648438,178.75,179.47500610351562,34796162
2020-12-21,161.29815673828125,176.97500610351562,183.72500610351562,174.1750030517578,181.25,19330126
2020-12-22,165.9691619873047,182.10000610351562,182.85000610351562,174.72500610351562,177.0,16372078
2020-12-23,175.69854736328125,192.77499389648438,193.8000030517578,185.85000610351562,187.0,89748866
2020-12-24,174.17189025878906,191.10000610351562,193.35000610351562,189.3249969482422,193.22500610351562,24480344
2020-12-28,174.4909210205078,191.4499969482422,193.1999969482422,191.0,191.72500610351562,9451758
2020-12-29,175.44790649414062,192.5,195.25,191.5500030517578,192.0,22918252
2020-12-30,175.17446899414062,192.1999969482422,193.3000030517578,191.39999389648438,192.5,14376870
2020-12-31,176.0175323486328,193.125,193.8000030517578,190.60000610351562,190.60000610351562,12789210
2021-01-01,176.860595703125,194.0500030517578,195.375,192.52499389648438,192.52499389648438,10084672
2021-01-04,180.6429901123047,198.1999969482422,198.97500610351562,193.89999389648438,195.0,19511442
2021-01-05,185.1544952392578,203.14999389648438,204.89999389648438,196.75,197.0500030517578,50313494
2021-01-06,185.2000732421875,203.1999969482422,208.6999969482422,201.64999389648438,202.5,44972600
2021-01-07,185.35958862304688,203.375,206.5,201.9250030517578,206.125,24689510
2021-01-08,196.0459442138672,215.10000610351562,216.3249969482422,203.625,203.75,81986460
2021-01-11,203.61070251464844,223.39999389648438,225.5,217.5,218.0,94668036
2021-01-12,208.5779266357422,228.85000610351562,230.375,221.1999969482422,223.97500610351562,44268930
2021-01-13,209.1703643798828,229.5,233.72500610351562,226.39999389648438,230.5,58380386
2021-01-14,207.05130004882812,227.1750030517578,233.0,215.0,226.0,143103614
2021-01-15,199.85110473632812,219.27499389648438,229.6999969482422,218.3000030517578,227.375,50615558
2021-01-18,196.66114807128906,215.77499389648438,222.5,214.5500030517578,220.5,43021174
2021-01-19,196.0687255859375,215.125,219.77499389648438,213.85000610351562,216.5,31355580
2021-01-20,202.7676544189453,222.47500610351562,223.9250030517578,216.5,217.0,48839358
2021-01-21,203.1549835205078,222.89999389648438,226.72500610351562,221.14999389648438,225.8000030517578,31822754
2021-01-22,203.13214111328125,222.375,226.0,220.22500610351562,223.72500610351562,22797624
2021-01-25,199.7066650390625,218.625,225.5,217.5749969482422,222.5749969482422,14760338
2021-01-27,203.9086151123047,223.22500610351562,227.375,218.625,219.0,59180420
2021-01-28,197.26312255859375,215.9499969482422,224.3000030517578,213.64999389648438,221.625,29624870
2021-01-29,190.8688507080078,208.9499969482422,218.85000610351562,207.77499389648438,218.6999969482422,31264842
2021-02-01,192.5131072998047,210.75,211.89999389648438,204.10000610351562,208.0500030517578,30163704
2021-02-02,195.64175415039062,214.1750030517578,217.77499389648438,211.8249969482422,214.0,26620996
2021-02-03,197.99391174316406,216.75,219.97500610351562,215.10000610351562,215.10000610351562,19795332
2021-02-04,196.34967041015625,214.9499969482422,218.4499969482422,214.125,216.75,14386598
2021-02-05,194.3628692626953,212.77499389648438,216.6999969482422,210.27499389648438,216.0,17358052
2021-02-08,198.8160400390625,217.64999389648438,218.85000610351562,213.14999389648438,215.1750030517578,25032680
2021-02-09,200.66580200195312,219.6750030517578,225.875,217.60000610351562,220.125,58949660
2021-02-10,200.5059356689453,219.5,222.0749969482422,217.5,221.0,21215470
2021-02-11,199.5924835205078,218.5,220.25,216.6999969482422,219.5,18474052
2021-02-12,201.87615966796875,221.0,224.60000610351562,219.8000030517578,220.0,38561668
2021-02-15,200.82568359375,219.85000610351562,222.4499969482422,218.39999389648438,222.3000030517578,15689754
2021-02-16,199.84365844726562,218.77499389648438,223.89999389648438,216.89999389648438,223.0,24907596
2021-02-17,196.48670959472656,215.10000610351562,219.5,214.25,217.9499969482422,14780384
2021-02-18,197.7427215576172,216.47500610351562,218.3249969482422,214.6750030517578,215.14999389648438,16771472
2021-02-19,196.3725128173828,214.97500610351562,217.875,213.0500030517578,216.5749969482422,16957332
2021-02-22,191.23426818847656,209.35000610351562,216.4250030517578,208.0,215.35000610351562,21332174
2021-02-23,189.772705078125,207.75,213.0,207.14999389648438,209.85000610351562,17984706
2021-02-24,193.24391174316406,211.5500030517578,212.89999389648438,207.375,208.85000610351562,10120594
2021-02-25,192.42176818847656,210.64999389648438,214.5,210.22500610351562,211.5500030517578,18220784
2021-02-26,187.39768981933594,205.14999389648438,209.9250030517578,204.0,208.97500610351562,23463882
2021-03-01,189.27032470703125,207.1999969482422,209.35000610351562,204.60000610351562,205.5,12843392
2021-03-02,196.57803344726562,215.1999969482422,216.5500030517578,209.125,209.85000610351562,29750468
2021-03-03,198.90737915039062,217.75,218.3249969482422,214.125,216.5,17564904
2021-03-04,200.4145965576172,219.39999389648438,222.14999389648438,213.75,214.4499969482422,25927594
2021-03-05,192.2162628173828,210.4250030517578,220.0,208.5,220.0,87862344
2021-03-08,190.41213989257812,208.4499969482422,212.5749969482422,207.77499389648438,212.5500030517578,24709676
2021-03-09,191.46263122558594,209.60000610351562,211.39999389648438,205.02499389648438,209.89999389648438,23811258
2021-03-10,194.88812255859375,213.35000610351562,215.35000610351562,211.5,213.0500030517578,34582736
2021-03-12,194.20303344726562,212.60000610351562,216.39999389648438,211.0500030517578,215.75,17920252
2021-03-15,194.728271484375,213.1750030517578,214.3000030517578,208.89999389648438,212.39999389648438,15034204
2021-03-16,196.0756072998047,214.64999389648438,217.47500610351562,212.8249969482422,213.625,21347294
2021-03-17,191.66815185546875,209.8249969482422,217.75,208.85000610351562,214.5,24269624
2021-03-18,187.32920837402344,205.0749969482422,212.0749969482422,202.14999389648438,211.625,20165862
2021-03-19,187.4890594482422,205.25,206.8249969482422,199.72500610351562,204.47500610351562,33750804
2021-03-22,189.2931671142578,207.22500610351562,208.125,205.10000610351562,205.52499389648438,13245968
2021-03-23,189.772705078125,207.75,211.6999969482422,206.35000610351562,208.85000610351562,23150388
2021-03-24,187.7174072265625,205.5,207.72500610351562,204.60000610351562,205.6750030517578,10280694
2021-03-25,182.5334930419922,199.8249969482422,205.85000610351562,198.875,205.35000610351562,25474258
2021-03-26,184.47459411621094,201.9499969482422,203.85000610351562,200.3249969482422,202.39999389648438,18066738
2021-03-30,190.96022033691406,209.0500030517578,210.22500610351562,202.5,202.5,26339126
2021-03-31,189.1561279296875,207.0749969482422,209.89999389648438,206.6750030517578,209.89999389648438,14890268
2021-04-01,190.1837921142578,208.1999969482422,211.4250030517578,207.1750030517578,209.4250030517578,15193886
2021-04-05,194.3172149658203,212.72500610351562,213.9499969482422,208.10000610351562,208.22500610351562,42432790
2021-04-06,195.09364318847656,213.5749969482422,214.4499969482422,211.1750030517578,213.97500610351562,16641040
2021-04-07,200.04920959472656,219.0,219.5,211.6999969482422,212.5,27735300
2021-04-08,201.9218292236328,221.0500030517578,222.97500610351562,220.0,220.97500610351562,25833228
2021-04-09,205.57571411132812,225.0500030517578,225.6750030517578,220.0,221.4499969482422,23398770
2021-04-12,197.58287048339844,216.3000030517578,225.0500030517578,214.6999969482422,225.0,30172534
2021-04-13,191.34844970703125,209.47500610351562,218.77499389648438,206.3000030517578,216.0,40840640
2021-04-15,196.71507263183594,215.35000610351562,217.22500610351562,207.5,209.4499969482422,53517782
2021-04-16,214.29928588867188,234.60000610351562,236.8249969482422,218.0,220.85000610351562,218723272
2021-04-19,215.92071533203125,236.375,238.97500610351562,230.5500030517578,231.5,87619710
2021-04-20,214.71034240722656,235.0500030517578,238.77499389648438,233.89999389648438,238.0,35461382
2021-04-22,222.269287109375,243.3249969482422,247.25,235.8000030517578,235.8000030517578,85241858
2021-04-23,217.26806640625,237.85000610351562,243.6750030517578,237.1750030517578,241.77499389648438,27192006
2021-04-26,219.36903381347656,240.14999389648438,241.9250030517578,238.5,239.6999969482422,18629288
2021-04-27,221.53851318359375,242.52499389648438,243.5,240.5,240.6999969482422,14418934
2021-04-28,223.47964477539062,244.64999389648438,246.60000610351562,240.625,242.9250030517578,19231068
2021-04-29,223.7308349609375,244.9250030517578,246.39999389648438,242.85000610351562,246.35000610351562,15282266
2021-04-30,225.0553741455078,246.375,255.89999389648438,244.64999389648438,245.75,58231142
2021-05-03,222.5890350341797,243.6750030517578,248.0,241.625,243.97500610351562,17199462
2021-05-04,220.12265014648438,240.97500610351562,244.14999389648438,238.89999389648438,243.64999389648438,16204858
2021-05-05,224.0734100341797,245.3000030517578,248.0,241.64999389648438,242.39999389648438,23713182
2021-05-06,233.9844970703125,256.1499938964844,257.3999938964844,243.625,246.85000610351562,48827088
2021-05-07,235.33187866210938,257.625,258.2749938964844,253.75,257.0,29333162
2021-05-10,240.2189178466797,262.9750061035156,264.25,256.625,258.79998779296875,25088944
2021-05-11,236.7705841064453,259.20001220703125,261.6499938964844,257.0249938964844,258.9750061035156,15298998
2021-05-12,231.8378448486328,253.8000030517578,261.2749938964844,252.4250030517578,259.9750061035156,15742214
2021-05-14,227.65875244140625,249.22500610351562,254.1999969482422,246.375,253.75,13599758
2021-05-17,228.2753143310547,249.89999389648438,251.85000610351562,247.5,249.22500610351562,11505300
2021-05-18,232.04336547851562,254.02499389648438,257.3999938964844,250.4499969482422,251.0,18761492
2021-05-19,233.6876220703125,255.8249969482422,258.8999938964844,252.5749969482422,254.14999389648438,14980792
2021-05-20,232.1347198486328,254.125,258.5,251.8000030517578,258.0,12584608
2021-05-21,234.167236328125,256.3500061035156,257.95001220703125,254.5749969482422,255.0,10395006
2021-05-24,235.17201232910156,257.45001220703125,259.25,254.8249969482422,255.9499969482422,14873624
2021-05-25,236.38238525390625,258.7749938964844,262.42498779296875,257.8500061035156,258.70001220703125,15909128
2021-05-26,240.81265258789062,263.625,265.2250061035156,257.375,257.45001220703125,17646380
2021-05-27,247.04708862304688,270.45001220703125,272.5,262.5249938964844,263.625,58822252
2021-05-28,246.0422821044922,269.3500061035156,270.1499938964844,266.32501220703125,269.5,11757252
2021-05-31,246.20213317871094,269.5249938964844,270.2749938964844,265.5249938964844,269.3500061035156,10772410
2021-06-01,247.9148712158203,271.3999938964844,273.5,269.82501220703125,270.95001220703125,11930088
2021-06-02,248.0062255859375,271.5,272.5,266.5,270.9750061035156,9427136
2021-06-03,246.20213317871094,269.5249938964844,274.95001220703125,269.1499938964844,272.8500061035156,11275982
2021-06-04,247.18411254882812,270.6000061035156,272.75,270.2250061035156,271.75,9543432
2021-06-07,250.40408325195312,274.125,275.6000061035156,271.3500061035156,272.3500061035156,8696866
2021-06-08,251.47738647460938,275.29998779296875,277.75,274.57501220703125,275.0,10859468
2021-06-09,248.55429077148438,272.1000061035156,276.625,271.1000061035156,276.5,12413798
2021-06-10,253.1444549560547,277.125,277.75,272.7749938964844,272.7749938964844,11441488
2021-06-11,253.16732788085938,277.1499938964844,279.4750061035156,275.75,277.5,11224718
2021-06-14,256.50140380859375,280.79998779296875,281.3999938964844,276.5,276.95001220703125,11904318
2021-06-15,254.81153869628906,278.95001220703125,282.0,278.5,280.75,7674490
2021-06-16,253.60121154785156,277.625,281.2749938964844,276.75,279.95001220703125,10994538
2021-06-17,255.1769561767578,279.3500061035156,280.75,274.7749938964844,276.25,8798696
2021-06-18,251.1119842529297,274.8999938964844,280.9750061035156,273.0249938964844,280.0,20014232
2021-06-21,247.61798095703125,271.07501220703125,272.375,267.6000061035156,272.375,10781642
2021-06-22,254.1949462890625,278.2749938964844,279.9750061035156,271.1499938964844,272.625,11505842
2021-06-23,246.7045440673828,270.07501220703125,280.42498779296875,269.20001220703125,280.0,22485404
2021-06-24,250.76947021484375,274.5249938964844,275.2749938964844,269.6000061035156,270.95001220703125,17337360
2021-06-25,250.06150817871094,273.75,275.5,270.25,274.92498779296875,10079644
2021-06-28,250.01585388183594,273.70001220703125,275.3999938964844,272.125,274.875,6519660
2021-06-29,247.82351684570312,271.29998779296875,276.875,270.5,273.8999938964844,15855760
2021-06-30,249.21656799316406,272.82501220703125,274.0,271.0,272.42498779296875,8586644
2021-07-01,246.33914184570312,269.67498779296875,272.95001220703125,269.0,272.5,8658748
2021-07-02,245.99659729003906,269.29998779296875,271.1499938964844,266.79998779296875,270.04998779296875,8314614
2021-07-05,244.9689178466797,268.17498779296875,271.45001220703125,267.7749938964844,271.45001220703125,6878338
2021-07-06,243.25621032714844,266.29998779296875,269.1499938964844,265.92498779296875,268.2749938964844,8386882
2021-07-07,243.0507049560547,266.07501220703125,268.20001220703125,262.54998779296875,267.0249938964844,10755374
2021-07-08,242.5254364013672,265.5,268.4750061035156,264.0,266.95001220703125,9131020
2021-07-09,240.15037536621094,262.8999938964844,265.4750061035156,261.625,263.70001220703125,11449216
2021-07-12,240.17323303222656,262.92498779296875,266.07501220703125,261.6000061035156,265.375,7731112
2021-07-13,239.7165069580078,262.42498779296875,264.75,261.29998779296875,264.0,8344716
2021-07-14,256.547119140625,280.8500061035156,281.6499938964844,262.79998779296875,263.125,58696166
2021-07-15,263.0327453613281,287.95001220703125,289.82501220703125,279.5,280.5,62132402
2021-07-16,263.8777160644531,288.875,294.625,284.1499938964844,290.0,73815654
2021-07-19,262.0736389160156,286.8999938964844,292.0,285.0,286.2749938964844,21715702
2021-07-20,259.47021484375,284.04998779296875,289.07501220703125,280.7749938964844,287.8500061035156,21047054
2021-07-22,266.82366943359375,292.1000061035156,292.5,285.5,288.54998779296875,24086770
2021-07-23,273.65179443359375,299.57501220703125,300.8999938964844,291.8500061035156,293.25,28114910
2021-07-26,269.67822265625,295.2250061035156,300.25,294.125,300.04998779296875,12199806
2021-07-27,270.1349792480469,295.7250061035156,297.32501220703125,292.07501220703125,294.45001220703125,7966274
2021-07-28,270.36328125,295.9750061035156,296.67498779296875,291.5,295.4750061035156,9147860
2021-07-29,269.67822265625,295.2250061035156,299.0,293.95001220703125,296.79998779296875,11668940
2021-07-30,268.1709899902344,293.57501220703125,296.5,292.5,294.42498779296875,6356412
2021-08-02,270.5003356933594,296.125,297.70001220703125,291.125,294.1000061035156,9247796
2021-08-03,273.7659912109375,299.70001220703125,302.0,297.07501220703125,302.0,10331214
2021-08-04,272.5784606933594,298.3999938964844,302.0,297.1499938964844,301.75,9018712
2021-08-05,274.4510803222656,300.45001220703125,307.25,298.75,298.75,22588728
2021-08-06,273.12652587890625,299.0,303.20001220703125,298.1499938964844,301.875,10540400
2021-08-09,272.5784606933594,298.3999938964844,303.0,297.75,300.0,9293502
2021-08-10,275.7984313964844,301.92498779296875,304.4750061035156,296.54998779296875,299.20001220703125,14055564
2021-08-11,274.6109619140625,300.625,303.25,299.2250061035156,300.95001220703125,8565026
2021-08-12,276.7118835449219,302.92498779296875,304.45001220703125,300.32501220703125,301.0,7905016
2021-08-13,281.1194152832031,307.75,310.2250061035156,303.0,303.0,16729368
2021-08-16,280.45709228515625,307.0249938964844,310.45001220703125,305.25,308.04998779296875,7144852
2021-08-17,289.98004150390625,317.45001220703125,318.5249938964844,305.6000061035156,306.875,23645544
2021-08-18,287.46795654296875,314.70001220703125,319.6000061035156,312.29998779296875,317.875,13847154
2021-08-20,283.19744873046875,310.0249938964844,315.9750061035156,309.0,311.25,12341386
2021-08-23,287.21673583984375,314.42498779296875,318.4750061035156,311.75,313.0,14072750
2021-08-24,289.3634338378906,316.7749938964844,318.0,312.04998779296875,318.0,8967436
2021-08-25,288.49566650390625,315.82501220703125,321.3999938964844,314.7749938964844,317.5,12815436
2021-08-26,287.262451171875,314.4750061035156,319.25,313.0,316.1000061035156,8416702
2021-08-27,290.0028991699219,317.4750061035156,318.0,312.6499938964844,314.75,8743108
2021-08-30,288.8609924316406,316.2250061035156,319.75,315.2749938964844,317.9750061035156,8743710
2021-08-31,292.7432861328125,320.4750061035156,321.2749938964844,314.45001220703125,317.29998779296875,15591816
2021-09-01,293.24566650390625,321.0249938964844,323.67498779296875,317.625,321.8999938964844,9450444
2021-09-02,297.5389709472656,325.7250061035156,328.5,320.375,322.5,9077556
2021-09-03,299.20599365234375,327.54998779296875,328.3500061035156,324.75,326.5,7549940
2021-09-06,313.52459716796875,343.2250061035156,344.3500061035156,328.32501220703125,328.32501220703125,24676832
2021-09-07,307.9524841308594,337.125,345.0,336.375,345.0,12812218
2021-09-08,302.4488830566406,331.1000061035156,337.70001220703125,330.0,337.70001220703125,13432462
2021-09-09,302.5173645019531,331.17498779296875,332.2749938964844,327.0,330.45001220703125,11611460
2021-09-13,306.3538513183594,335.375,335.92498779296875,328.92498779296875,331.17498779296875,11177578
2021-09-14,307.58709716796875,336.7250061035156,337.8500061035156,335.0,335.5,7322676
2021-09-15,307.86114501953125,337.0249938964844,340.2749938964844,335.0,337.0,8290832
2021-09-16,305.0294189453125,333.92498779296875,340.375,332.5,339.875,9315692
2021-09-17,303.8418884277344,332.625,337.20001220703125,331.375,335.70001220703125,10815562
2021-09-20,302.5858459472656,331.25,335.25,326.70001220703125,328.875,9092860
2021-09-21,304.9151611328125,333.79998779296875,334.5,328.54998779296875,330.25,7367102
2021-09-22,305.1664123535156,334.07501220703125,337.25,331.5,334.5,9583304
2021-09-23,307.9753112792969,337.1499938964844,338.5,335.70001220703125,336.45001220703125,6462586
2021-09-24,308.9801330566406,338.25,349.57501220703125,337.5,340.25,24253176
2021-09-27,298.6579895019531,326.95001220703125,339.17498779296875,325.5,339.0249938964844,16798164
2021-09-28,292.1266784667969,319.79998779296875,326.95001220703125,317.625,326.95001220703125,16224924
2021-09-29,292.65191650390625,320.375,323.25,313.67498779296875,314.9750061035156,17679132
2021-09-30,289.6145935058594,317.04998779296875,323.375,316.2749938964844,319.375,12027918
2021-10-01,290.5965881347656,318.125,319.875,315.1000061035156,317.3999938964844,8417708
2021-10-04,292.7889099121094,320.5249938964844,321.79998779296875,317.9750061035156,319.95001220703125,10494244
2021-10-05,295.4379577636719,323.42498779296875,324.75,317.0249938964844,318.2250061035156,10912148
2021-10-06,290.3681945800781,317.875,325.2250061035156,317.20001220703125,325.20001220703125,9673198
2021-10-07,293.6567077636719,321.4750061035156,324.2749938964844,318.45001220703125,319.5,7448686
2021-10-08,301.96929931640625,330.57501220703125,333.7749938964844,322.5,323.07501220703125,22091966
2021-10-11,298.155517578125,326.3999938964844,333.1499938964844,317.5,324.4750061035156,20422932
2021-10-12,301.0329284667969,329.54998779296875,331.20001220703125,321.2749938964844,326.0,18680432
2021-10-13,307.1988525390625,336.29998779296875,337.3500061035156,328.0,332.5,18925882
2021-10-14,323.4814453125,354.125,369.92498779296875,347.5,348.5,118377606
2021-10-18,324.16650390625,354.875,360.3999938964844,351.20001220703125,359.5,21198892
2021-10-19,324.9886169433594,355.7749938964844,364.9750061035156,354.0,358.54998779296875,21865148
2021-10-20,320.6040344238281,350.9750061035156,361.375,347.875,356.79998779296875,16108782
2021-10-21,318.0234375,348.1499938964844,354.5,340.8500061035156,354.4750061035156,15916912
2021-10-22,311.67486572265625,341.20001220703125,352.75,339.125,350.875,10758302
2021-10-25,304.96087646484375,333.8500061035156,342.1000061035156,330.3999938964844,341.375,17621916
2021-10-26,305.1664123535156,334.07501220703125,339.3999938964844,332.5,335.5249938964844,12193966
2021-10-27,306.5137634277344,335.54998779296875,337.2749938964844,331.7250061035156,334.07501220703125,12631178
2021-10-28,300.0281677246094,328.45001220703125,335.79998779296875,327.5,335.5,10357542
2021-10-29,295.392333984375,323.375,329.70001220703125,322.125,329.125,13522634
2021-11-01,299.3658752441406,327.7250061035156,328.4750061035156,323.75,325.54998779296875,8802466
2021-11-02,298.6123046875,326.8999938964844,330.5,325.54998779296875,328.5,8079378
2021-11-03,298.0185241699219,326.25,330.92498779296875,325.1000061035156,329.70001220703125,6871182
2021-11-04,298.5666198730469,326.8500061035156,328.82501220703125,323.70001220703125,327.5,1565810
2021-11-08,300.6903991699219,329.17498779296875,330.5,323.75,326.4750061035156,9504460
2021-11-09,300.7361145019531,329.2250061035156,333.125,328.3500061035156,331.54998779296875,8284130
2021-11-10,298.064208984375,326.29998779296875,329.5,325.7749938964844,327.95001220703125,8091390
2021-11-11,293.1314697265625,320.8999938964844,324.875,318.3999938964844,324.875,12067796
2021-11-12,301.46685791015625,330.0249938964844,331.25,322.8999938964844,324.0,12126506
2021-11-15,300.941650390625,329.45001220703125,333.0,328.57501220703125,330.7749938964844,9435996
2021-11-16,302.1063537597656,330.7250061035156,334.375,327.32501220703125,329.20001220703125,11327094
2021-11-17,302.26611328125,330.8999938964844,334.0,329.0,330.7250061035156,8854994
2021-11-18,297.5389709472656,325.7250061035156,332.9750061035156,322.625,331.70001220703125,7842498
2021-11-22,294.1590881347656,322.0249938964844,330.2250061035156,319.0,329.0,11582434
2021-11-23,293.58819580078125,321.3999938964844,324.4750061035156,313.0249938964844,321.3500061035156,9134924
2021-11-24,290.7107849121094,318.25,323.79998779296875,316.54998779296875,322.1499938964844,7985552
2021-11-25,290.8021545410156,318.3500061035156,320.8999938964844,316.5,318.5,6661362
2021-11-26,283.83697509765625,310.7250061035156,317.20001220703125,309.82501220703125,316.0,8277074
2021-11-29,288.0160827636719,315.29998779296875,316.42498779296875,301.9750061035156,308.2749938964844,10376060
2021-11-30,291.0533142089844,318.625,322.75,315.25,315.29998779296875,26850200
2021-12-01,289.934326171875,317.3999938964844,322.9750061035156,316.625,321.29998779296875,9453644
2021-12-02,295.4151306152344,323.3999938964844,324.04998779296875,314.5,318.45001220703125,10210456
2021-12-03,292.65191650390625,320.375,326.9750061035156,319.95001220703125,322.375,13405010
2021-12-06,285.2300109863281,312.25,322.1000061035156,311.57501220703125,318.625,9409906
2021-12-07,288.83819580078125,316.20001220703125,317.2749938964844,311.5,314.0,8557090
2021-12-08,293.0858154296875,320.8500061035156,326.5,319.125,319.5,15360658
2021-12-09,293.7709045410156,321.6000061035156,323.79998779296875,318.92498779296875,320.875,6865604
2021-12-10,291.5101013183594,319.125,322.95001220703125,317.54998779296875,321.07501220703125,8525212
2021-12-13,294.7757263183594,322.70001220703125,328.2749938964844,320.1000061035156,321.75,13123680
2021-12-14,295.4608154296875,323.45001220703125,325.95001220703125,319.625,323.0,8609412
2021-12-15,290.66510009765625,318.20001220703125,323.3500061035156,317.67498779296875,323.3500061035156,7123544
2021-12-16,294.2732849121094,322.1499938964844,324.95001220703125,319.70001220703125,322.0,12437240
2021-12-17,306.3767395019531,335.3999938964844,338.3999938964844,325.04998779296875,330.0,104600018
2021-12-20,304.16156005859375,332.9750061035156,338.75,331.5,333.7749938964844,26298202
2021-12-21,315.5113830566406,345.3999938964844,348.54998779296875,335.5,338.0,27362096
2021-12-22,313.1592712402344,342.82501220703125,347.95001220703125,340.6000061035156,347.95001220703125,12327754
2021-12-23,317.2241516113281,347.2749938964844,351.0,344.54998779296875,345.04998779296875,12944908
2021-12-24,319.0054016113281,349.2250061035156,351.20001220703125,345.07501220703125,348.875,13182426
2021-12-27,319.5306701660156,349.79998779296875,350.5,345.57501220703125,349.92498779296875,10188656
2021-12-28,322.2025451660156,352.7250061035156,353.75,350.7749938964844,351.5,10158044
2021-12-29,321.40325927734375,351.8500061035156,355.0,350.0249938964844,352.625,7898416
2021-12-30,326.1532897949219,357.04998779296875,359.95001220703125,352.0,352.54998779296875,18087350
2021-12-31,326.72418212890625,357.67498779296875,359.3999938964844,354.54998779296875,357.8999938964844,8549558
2022-01-03,328.2543029785156,359.3500061035156,363.3999938964844,358.0,359.0,9280810
2022-01-04,329.5330810546875,360.75,361.54998779296875,355.7749938964844,361.375,10228800
2022-01-05,325.8792419433594,356.75,360.42498779296875,351.5,360.0,14711264
2022-01-06,322.3395690917969,352.875,356.125,349.9750061035156,352.8999938964844,12883220
2022-01-07,324.9658203125,355.75,360.75,353.79998779296875,354.0,13120326
2022-01-10,316.7445983886719,346.75,354.5,345.0,354.5,27537820
2022-01-11,317.0414733886719,347.07501220703125,349.2250061035156,344.5,347.5,15487458
2022-01-12,315.7625732421875,345.67498779296875,350.875,341.6000061035156,350.0,23460682
2022-01-13,296.7625427246094,324.875,333.0,324.0,331.6000061035156,61505934
2022-01-14,292.2180480957031,319.8999938964844,324.625,318.25,324.625,26514548
2022-01-17,295.3466796875,323.32501220703125,325.82501220703125,316.5249938964844,319.75,20457876
2022-01-18,289.2492370605469,316.6499938964844,325.0,315.57501220703125,324.45001220703125,14329980
2022-01-19,283.69989013671875,310.57501220703125,315.82501220703125,309.5,315.5,17382766
2022-01-20,280.98236083984375,307.6000061035156,311.20001220703125,305.25,310.32501220703125,16827124
2022-01-21,276.79644775390625,302.5249938964844,305.5,300.3999938964844,305.0,19646694
2022-01-24,262.0199279785156,286.375,302.75,284.2250061035156,302.75,26150716
2022-01-25,257.4223327636719,281.3500061035156,286.0,275.3500061035156,281.25,34712370
2022-01-27,249.2106170654297,272.375,278.45001220703125,268.6000061035156,277.5,31351744
2022-01-28,252.595947265625,276.07501220703125,282.4750061035156,273.32501220703125,275.04998779296875,29899780
2022-01-31,261.9512634277344,286.29998779296875,287.20001220703125,281.2749938964844,284.5,26252174
2022-02-01,263.8040771484375,288.32501220703125,291.20001220703125,283.2250061035156,289.95001220703125,20920202
2022-02-02,268.99652099609375,294.0,295.0,287.5,291.0,16368826
2022-02-03,264.53607177734375,289.125,294.3999938964844,288.07501220703125,292.3500061035156,14082780
2022-02-04,261.5624694824219,285.875,288.8999938964844,284.0249938964844,288.5,13633558
2022-02-07,254.8146514892578,278.5,286.8999938964844,277.79998779296875,285.95001220703125,15091358
2022-02-08,256.3014831542969,280.125,282.8999938964844,277.2250061035156,280.70001220703125,13953814
2022-02-09,260.2815246582031,284.4750061035156,285.375,281.6499938964844,282.20001220703125,10207476
2022-02-10,262.4316711425781,286.82501220703125,287.375,283.1000061035156,286.20001220703125,11603824
2022-02-11,256.8504333496094,280.7250061035156,283.0,278.54998779296875,283.0,15442458
2022-02-14,247.81527709960938,270.8500061035156,278.57501220703125,270.0,275.0,16241546
2022-02-15,257.7196350097656,281.67498779296875,282.625,271.625,272.79998779296875,13676992
2022-02-16,257.9712829589844,281.95001220703125,285.1499938964844,278.7749938964844,282.57501220703125,14607822
2022-02-17,258.4287414550781,282.45001220703125,286.20001220703125,280.57501220703125,286.0,14228840
2022-02-18,257.3078918457031,281.2250061035156,282.8500061035156,277.67498779296875,279.5,13411838
2022-02-21,261.1278991699219,285.3999938964844,286.3500061035156,277.70001220703125,277.875,17534002
2022-02-22,258.0856628417969,282.07501220703125,284.5,278.04998779296875,278.125,21490124
2022-02-23,259.4351806640625,283.54998779296875,285.45001220703125,281.32501220703125,284.6000061035156,14408512
2022-02-24,245.7337646484375,268.57501220703125,278.45001220703125,265.57501220703125,274.0,26953888
2022-02-25,254.01409912109375,277.625,279.375,273.75,274.0,15922624
2022-02-28,254.26573181152344,277.8999938964844,280.04998779296875,272.04998779296875,275.5,18316874
2022-03-02,253.99122619628906,277.6000061035156,279.1499938964844,275.20001220703125,277.5,16354110
2022-03-03,260.5560302734375,284.7749938964844,287.9750061035156,280.17498779296875,281.5,25911326
2022-03-04,263.1865234375,287.6499938964844,290.0,277.0249938964844,280.5,26948372
2022-03-07,261.60821533203125,285.92498779296875,289.82501220703125,281.125,281.5,21112334
2022-03-08,268.744873046875,293.7250061035156,295.375,286.0,286.0,22039998
2022-03-09,267.852783203125,292.75,298.20001220703125,291.07501220703125,294.0,23527232
2022-03-10,269.11083984375,294.125,298.25,292.29998779296875,297.5,16161966
2022-03-11,268.1730041503906,293.1000061035156,295.0,291.20001220703125,293.5,9927188
2022-03-14,273.639892578125,299.07501220703125,300.3999938964844,293.0,293.20001220703125,15006442
2022-03-15,268.8592224121094,293.8500061035156,301.8500061035156,292.1499938964844,301.8500061035156,13853244
2022-03-16,273.68560791015625,299.125,299.7250061035156,296.25,297.625,11150296
2022-03-17,275.03515625,300.6000061035156,305.5,299.5,302.5,16881290
2022-03-21,274.4861755371094,300.0,308.0,299.0,302.54998779296875,15592952
2022-03-22,279.0838317871094,305.0249938964844,305.5,298.07501220703125,301.70001220703125,15580500
2022-03-23,279.6099548339844,305.6000061035156,307.5,303.8500061035156,306.9750061035156,11393836
2022-03-24,279.3125915527344,305.2749938964844,306.8999938964844,302.8999938964844,303.5,7751490
2022-03-25,276.0187683105469,301.67498779296875,307.0,298.625,305.5,11986194
2022-03-28,274.5776672363281,300.1000061035156,304.5,298.54998779296875,304.0,11476810
2022-03-29,275.6298828125,301.25,302.67498779296875,299.57501220703125,301.5,9402006
2022-03-30,274.8521728515625,300.3999938964844,304.6499938964844,299.75,302.54998779296875,15488764
2022-03-31,270.7806701660156,295.95001220703125,301.6499938964844,295.1000061035156,300.0,14476178
2022-04-01,275.3096008300781,300.8999938964844,301.70001220703125,294.6499938964844,295.8500061035156,8567994
2022-04-04,277.04803466796875,302.79998779296875,303.25,299.5,302.5,8855948
2022-04-05,276.37921142578125,299.57501220703125,304.75,299.0249938964844,302.7250061035156,12862488
2022-04-06,273.7959899902344,296.7749938964844,299.0,295.5,299.0,8235902
2022-04-07,267.9376525878906,290.42498779296875,296.0,288.75,296.0,15721530
2022-04-08,269.22930908203125,291.82501220703125,293.5,290.25,293.0,8636632
2022-04-11,263.44012451171875,285.54998779296875,292.125,284.04998779296875,292.0,17164216
2022-04-12,257.72021484375,279.3500061035156,284.0,278.1000061035156,284.0,16338532
2022-04-13,257.95086669921875,279.6000061035156,282.75,277.29998779296875,280.0,11204576
2022-04-18,248.4483642578125,269.29998779296875,274.92498779296875,268.0,274.92498779296875,18930062
2022-04-19,244.6888427734375,265.2250061035156,272.7749938964844,263.0249938964844,272.0,13286008
2022-04-20,247.4796905517578,268.25,270.2749938964844,265.67498779296875,268.0,8660976
2022-04-21,248.7251434326172,269.6000061035156,271.25,268.67498779296875,270.5,13388782
2022-04-22,248.03318786621094,268.8500061035156,270.42498779296875,265.32501220703125,267.5,9782424
2022-04-25,244.18148803710938,264.67498779296875,265.57501220703125,261.6499938964844,264.9750061035156,9473768
2022-04-26,244.13534545898438,264.625,268.875,263.54998779296875,268.5,8718740
2022-04-27,239.38409423828125,259.4750061035156,263.5,257.25,263.5,16275078
2022-04-28,241.04470825195312,261.2749938964844,263.32501220703125,258.0,262.0,13241338
2022-04-29,234.70204162597656,254.39999389648438,264.25,253.5,264.25,24151260
2022-05-02,228.33631896972656,247.5,259.5,246.3000030517578,257.75,43822854
2022-05-04,226.83712768554688,245.875,251.9250030517578,244.625,250.0,17267854
2022-05-05,231.1732177734375,250.5749969482422,251.85000610351562,248.14999389648438,250.5,10869532
2022-05-06,223.76959228515625,242.5500030517578,245.4499969482422,240.5,245.0,18441782
2022-05-09,222.87008666992188,241.5749969482422,244.6750030517578,237.3000030517578,241.0,16675250
2022-05-10,220.33299255371094,238.8249969482422,241.875,238.0749969482422,241.5,14969534
2022-05-11,217.6806182861328,235.9499969482422,240.97500610351562,231.27499389648438,240.02499389648438,21029342
2022-05-12,218.5570526123047,236.89999389648438,238.0,231.0749969482422,234.0500030517578,14573000
2022-05-13,216.18142700195312,234.3249969482422,239.75,233.5,239.75,16775318
2022-05-16,215.88160705566406,234.0,237.1750030517578,232.5,237.0,7314066
2022-05-17,224.4845733642578,243.3249969482422,244.5,234.14999389648438,235.5,11321450
2022-05-18,221.99363708496094,240.625,247.625,240.3000030517578,245.4499969482422,15390968
2022-05-19,208.1089324951172,225.5749969482422,236.89999389648438,225.0,233.0749969482422,22945978
2022-05-20,212.00680541992188,229.8000030517578,231.10000610351562,227.5,231.0,12731912
2022-05-23,214.95901489257812,233.0,233.89999389648438,228.75,231.89999389648438,14111568
2022-05-24,212.1682586669922,229.97500610351562,234.8000030517578,229.0,234.22500610351562,13779460
2022-05-25,205.20286560058594,222.4250030517578,230.4250030517578,221.60000610351562,230.0749969482422,15481506
2022-05-26,209.12376403808594,226.6750030517578,227.35000610351562,222.0,223.0,11583082
2022-05-27,215.39724731445312,233.47500610351562,233.97500610351562,228.125,230.0,11414472
2022-05-30,219.68719482421875,238.125,240.75,236.5749969482422,236.5749969482422,12291148
2022-05-31,220.5175018310547,239.02499389648438,240.375,235.1999969482422,237.9499969482422,31587004
2022-06-01,217.15013122558594,235.375,239.47500610351562,234.25,239.47500610351562,10514566
2022-06-02,218.71852111816406,237.0749969482422,238.22500610351562,234.0500030517578,235.89999389648438,10535040
2022-06-03,219.3412322998047,237.75,244.0,237.25,239.8249969482422,23269778
2022-06-06,218.28030395507812,236.60000610351562,237.75,232.10000610351562,236.0,13791156
2022-06-07,215.7201690673828,233.8249969482422,235.375,232.5749969482422,235.0,4701342
2022-06-08,216.98867797851562,235.1999969482422,236.0,232.14999389648438,235.52499389648438,5627652
2022-06-09,219.1336669921875,237.52499389648438,238.0749969482422,232.125,233.52499389648438,7402238
2022-06-10,212.6295623779297,230.47500610351562,233.60000610351562,228.14999389648438,233.60000610351562,17453098
2022-06-13,205.77944946289062,223.0500030517578,226.5,222.5,225.02499389648438,14130822
2022-06-14,205.68719482421875,222.9499969482422,226.85000610351562,219.0,220.0,13056384
2022-06-15,203.01173400878906,220.0500030517578,225.3249969482422,219.64999389648438,224.22500610351562,11391596
2022-06-16,194.80084228515625,211.14999389648438,223.375,209.875,223.0,17944686
2022-06-17,186.9128875732422,202.60000610351562,209.375,201.02499389648438,208.0,41550546
2022-06-20,191.2720184326172,207.3249969482422,208.9499969482422,202.0749969482422,204.5,20750838
2022-06-21,196.11550903320312,212.5749969482422,213.375,208.3249969482422,210.0,12187804
2022-06-22,189.7036590576172,205.625,211.35000610351562,205.14999389648438,211.35000610351562,16202862
2022-06-23,193.3016815185547,209.52499389648438,210.39999389648438,205.64999389648438,206.25,19655010
2022-06-24,193.16331481933594,209.375,213.0,207.875,210.5,15362102
2022-06-27,196.00021362304688,212.4499969482422,215.375,212.0,213.5,12447870
2022-06-28,197.08421325683594,213.625,214.5500030517578,207.85000610351562,211.0,12091828
2022-06-29,194.0858612060547,210.375,212.39999389648438,208.6999969482422,210.0,16684176
2022-06-30,191.91783142089844,208.02499389648438,211.5,207.5,210.9499969482422,12123284
2022-07-01,194.6624755859375,211.0,211.60000610351562,205.6999969482422,207.5,8907248
2022-07-04,193.87826538085938,210.14999389648438,210.875,208.0,210.47500610351562,6372716
2022-07-05,190.7876739501953,206.8000030517578,211.52499389648438,206.52499389648438,210.5500030517578,11513210
2022-07-06,191.91783142089844,208.02499389648438,209.3000030517578,206.5500030517578,209.3000030517578,10522910
2022-07-07,194.1089324951172,210.39999389648438,211.97500610351562,208.60000610351562,210.0,10706024
2022-07-08,193.3247528076172,209.5500030517578,212.35000610351562,208.27499389648438,212.0,9535432
2022-07-11,189.6806182861328,205.60000610351562,207.5,202.77499389648438,207.375,16689574
2022-07-12,188.73495483398438,204.5749969482422,207.4250030517578,204.0,204.5,9777472
2022-07-13,187.6048126220703,203.35000610351562,206.0,202.6750030517578,206.0,11956780
2022-07-14,185.18307495117188,200.72500610351562,205.3000030517578,200.25,205.3000030517578,13161242
2022-07-15,181.6772918701172,196.9250030517578,202.0500030517578,195.5,200.47500610351562,22328354
2022-07-18,186.70529174804688,202.375,202.85000610351562,198.3249969482422,199.5,13632394
2022-07-19,187.12045288085938,202.8249969482422,203.89999389648438,200.60000610351562,201.5,12897178
2022-07-20,190.09576416015625,206.0500030517578,208.75,203.5500030517578,205.39999389648438,25237412
2022-07-21,190.97218322753906,207.0,208.75,201.3000030517578,204.4250030517578,45382342
2022-07-22,189.51913452148438,205.4250030517578,208.6999969482422,204.52499389648438,207.875,15468542
2022-07-25,191.34121704101562,207.39999389648438,207.8249969482422,204.27499389648438,205.25,12535662
2022-07-26,186.9128875732422,202.60000610351562,207.6999969482422,202.14999389648438,207.39999389648438,15186298
2022-07-27,187.5817413330078,203.3249969482422,203.6999969482422,200.97500610351562,202.47500610351562,14084158
2022-07-28,191.89476013183594,208.0,208.5,205.4499969482422,205.89999389648438,15898464
2022-07-29,195.44667053222656,211.85000610351562,212.14999389648438,208.89999389648438,210.3000030517578,15919784
2022-08-01,197.8914794921875,214.5,215.4499969482422,211.3000030517578,213.10000610351562,10365748
2022-08-02,198.1682586669922,214.8000030517578,215.8249969482422,212.3249969482422,214.47500610351562,16912426
2022-08-03,199.436767578125,216.1750030517578,216.5,213.75,214.5,12034938
2022-08-04,200.88983154296875,217.75,220.14999389648438,213.5500030517578,218.52499389648438,17789134
2022-08-05,202.9656219482422,220.0,221.0,218.0749969482422,218.0749969482422,12967586
2022-08-08,201.05128479003906,217.9250030517578,221.39999389648438,217.60000610351562,221.39999389648438,9557496
2022-08-10,198.4219512939453,215.0749969482422,218.0,213.14999389648438,217.5,11329742
2022-08-11,202.25062561035156,219.22500610351562,221.0,218.14999389648438,219.0,9154644
2022-08-12,201.16661071777344,218.0500030517578,219.25,217.5,218.5500030517578,7092398
2022-08-16,201.62786865234375,218.5500030517578,219.89999389648438,218.3000030517578,219.25,4774208
2022-08-17,204.37252807617188,221.52499389648438,222.4499969482422,218.3249969482422,218.625,10401476
2022-08-18,200.68223571777344,217.52499389648438,220.875,217.02499389648438,220.875,16888260
2022-08-19,199.48292541503906,216.22500610351562,221.25,215.5,219.47500610351562,17253908
2022-08-22,193.73989868164062,210.0,215.4499969482422,209.52499389648438,215.4499969482422,12900580
2022-08-23,192.19459533691406,208.3249969482422,209.25,205.0,207.5,17028776
2022-08-24,191.96395874023438,208.0749969482422,209.75,207.1750030517578,208.89999389648438,7429170
2022-08-25,191.52574157714844,207.60000610351562,210.0500030517578,207.47500610351562,209.64999389648438,8753902
2022-08-26,192.47137451171875,208.625,211.25,208.14999389648438,209.25,7904194
2022-08-29,186.52078247070312,202.1750030517578,203.1750030517578,199.5,202.5,23519514
2022-08-30,190.76458740234375,206.77499389648438,207.97500610351562,203.125,204.5749969482422,19750992
2022-09-01,189.33462524414062,205.22500610351562,205.8249969482422,202.4250030517578,204.9499969482422,11778706
2022-09-02,188.0660858154297,203.85000610351562,206.375,203.5500030517578,206.27499389648438,9815080
2022-09-05,187.05125427246094,202.75,204.0,202.0,203.5,18018508
2022-09-06,186.56690979003906,202.22500610351562,203.6750030517578,200.625,203.5,18226162
2022-09-07,187.95077514648438,203.72500610351562,204.4250030517578,200.5,201.0500030517578,12248532
2022-09-08,190.4186248779297,206.39999389648438,207.1750030517578,204.8000030517578,205.0,14064948
2022-09-09,192.42523193359375,208.5749969482422,209.72500610351562,205.6750030517578,208.5,14671342
2022-09-12,194.6624755859375,211.0,212.1999969482422,209.02499389648438,209.9250030517578,11678424
2022-09-13,194.96231079101562,211.3249969482422,213.0,210.75,212.4499969482422,9408334
2022-09-14,192.0331573486328,208.14999389648438,211.35000610351562,204.5,204.5,17583964
2022-09-15,191.45652770996094,207.52499389648438,210.4499969482422,206.625,209.85000610351562,10640314
2022-09-16,185.27529907226562,200.8249969482422,206.375,200.10000610351562,206.375,20192486
2022-09-19,185.41368103027344,200.97500610351562,203.10000610351562,198.5,202.5,13584188
2022-09-20,186.77450561523438,202.4499969482422,204.6999969482422,202.22500610351562,203.0,8989822
2022-09-21,184.8601531982422,200.375,202.9499969482422,199.75,202.9499969482422,19290112
2022-09-22,183.5685577392578,198.97500610351562,200.1750030517578,197.5,199.0,16500324
2022-09-23,181.90792846679688,197.1750030517578,199.6999969482422,196.8249969482422,199.0500030517578,13966710
2022-09-26,182.1155242919922,197.39999389648438,199.60000610351562,192.3000030517578,196.0,18994144
2022-09-27,183.77613830566406,199.1999969482422,200.6999969482422,196.0,198.39999389648438,12454694
2022-09-28,183.6146697998047,199.02499389648438,200.25,197.6750030517578,198.0,8921590
2022-09-29,181.19293212890625,196.39999389648438,200.9499969482422,195.77499389648438,200.5,11883068
2022-09-30,181.86180114746094,197.125,198.35000610351562,193.75,196.22500610351562,13570530
2022-10-03,181.97711181640625,197.25,199.0,195.3000030517578,196.9499969482422,8140834
2022-10-04,187.05125427246094,202.75,203.0,199.5,199.97500610351562,12591696
2022-10-06,189.1962432861328,205.0749969482422,206.5,203.72500610351562,204.6750030517578,11203878
2022-10-07,188.2506103515625,204.0500030517578,205.875,203.125,204.89999389648438,7580186
2022-10-10,189.72671508789062,205.64999389648438,206.75,199.875,200.14999389648438,18714926
2022-10-11,186.54385375976562,202.1999969482422,208.9499969482422,201.14999389648438,207.4499969482422,22723292
2022-10-12,188.18141174316406,203.97500610351562,204.8000030517578,200.8000030517578,202.125,12610118
2022-10-13,174.87330627441406,189.5500030517578,196.1750030517578,189.0500030517578,193.5,84896212
2022-10-14,174.04299926757812,188.64999389648438,193.75,188.125,193.5,27864794
2022-10-17,173.02818298339844,187.5500030517578,189.47500610351562,186.1999969482422,188.64999389648438,16909538
2022-10-18,174.965576171875,189.64999389648438,192.125,189.1999969482422,191.85000610351562,22328480
2022-10-19,174.38897705078125,189.02499389648438,190.60000610351562,188.52499389648438,190.60000610351562,10198278
2022-10-20,175.9804229736328,190.75,191.3000030517578,188.0,188.5,11868814
2022-10-21,176.46473693847656,191.27499389648438,191.64999389648438,190.10000610351562,191.25,8931540
2022-10-24,177.45652770996094,192.35000610351562,193.1999969482422,192.0,193.1999969482422,3472470
2022-10-25,177.43345642089844,192.3249969482422,193.22500610351562,191.8249969482422,193.22500610351562,5783256
2022-10-27,176.51089477539062,191.3249969482422,193.47500610351562,190.5500030517578,193.0,11723118
2022-10-28,176.78765869140625,191.625,192.9250030517578,191.0,191.39999389648438,7609676
2022-10-31,178.3098907470703,193.27499389648438,194.1999969482422,192.375,193.27499389648438,6638382
2022-11-01,181.00840759277344,196.1999969482422,196.5,193.3000030517578,194.0,11540196
2022-11-02,181.72340393066406,196.97500610351562,197.4250030517578,195.3249969482422,196.4250030517578,6716614
2022-11-03,179.2093963623047,194.25,196.875,192.77499389648438,194.875,10312476
2022-11-04,180.15504455566406,195.27499389648438,196.1999969482422,192.8249969482422,194.25,9023630
2022-11-07,180.59326171875,195.75,197.4250030517578,193.8000030517578,196.5,8252598
2022-11-09,180.33956909179688,195.47500610351562,197.1999969482422,194.5749969482422,197.02499389648438,6862546
2022-11-10,179.3939208984375,194.4499969482422,195.5500030517578,193.5,194.39999389648438,5494908
2022-11-11,184.3757781982422,199.85000610351562,202.9250030517578,198.625,199.25,28417046
2022-11-14,182.92276000976562,198.27499389648438,201.3249969482422,197.77499389648438,201.3249969482422,17623428
2022-11-15,183.19952392578125,198.5749969482422,199.77499389648438,197.0,199.02499389648438,12462712
2022-11-16,183.70693969726562,199.125,200.85000610351562,198.10000610351562,199.5,11039528
2022-11-17,183.0150146484375,198.375,199.0,197.5,198.9499969482422,6057616
2022-11-18,181.6772918701172,196.9250030517578,199.4499969482422,196.39999389648438,198.9250030517578,9546202
2022-11-21,179.27859497070312,194.3249969482422,197.22500610351562,193.8000030517578,196.9250030517578,7904612
2022-11-22,179.34779357910156,194.39999389648438,194.6999969482422,192.25,194.5,8410828
2022-11-23,179.32473754882812,194.375,195.97500610351562,194.0,195.375,6717760
2022-11-24,183.70693969726562,199.125,199.875,194.5749969482422,194.9499969482422,13370266
2022-11-25,185.8057861328125,201.39999389648438,202.1999969482422,197.9499969482422,199.5,13648550
2022-11-28,187.12045288085938,202.8249969482422,204.72500610351562,201.0,201.39999389648438,13679200
2022-11-29,186.8898162841797,202.5749969482422,204.4499969482422,201.4499969482422,201.5,9102602
2022-11-30,187.69705200195312,203.4499969482422,204.0,201.3249969482422,203.4499969482422,13892346
2022-12-01,190.8337860107422,206.85000610351562,208.1750030517578,205.8249969482422,206.4250030517578,15852984
2022-12-02,190.23411560058594,206.1999969482422,206.9499969482422,204.52499389648438,206.89999389648438,11726622
2022-12-05,190.21107482910156,206.1750030517578,207.47500610351562,205.3249969482422,206.625,9947062
2022-12-06,189.74978637695312,205.6750030517578,206.3000030517578,203.89999389648438,205.25,8832518
2022-12-07,187.42027282714844,203.14999389648438,204.75,202.64999389648438,204.5,6568616
2022-12-08,186.220947265625,201.85000610351562,204.0,201.64999389648438,203.625,8940712
2022-12-09,181.76954650878906,197.02499389648438,203.0,195.625,203.0,15423336
2022-12-12,182.83050537109375,198.1750030517578,198.75,194.0,196.4499969482422,10365880
2022-12-13,183.47628784179688,198.875,199.6750030517578,198.0,199.1750030517578,6813842
2022-12-14,184.53724670410156,200.02499389648438,202.25,199.625,200.39999389648438,9995152
2022-12-15,182.30003356933594,197.60000610351562,199.875,197.02499389648438,199.875,7766926
2022-12-16,179.7860107421875,194.875,197.39999389648438,194.02499389648438,195.6999969482422,18012634
2022-12-19,179.46311950683594,194.52499389648438,195.25,192.85000610351562,194.22500610351562,8838046
2022-12-20,179.4169921875,194.47500610351562,194.9499969482422,191.5,194.39999389648438,8778558
2022-12-21,179.67071533203125,194.75,196.625,193.9250030517578,195.4499969482422,10215214
2022-12-22,179.32473754882812,194.375,195.97500610351562,193.0,195.0500030517578,9093800
2022-12-23,174.20445251464844,188.8249969482422,192.9250030517578,188.5,192.0,12120710
2022-12-26,175.5191192626953,190.25,190.8000030517578,188.14999389648438,189.0,7261148
2022-12-27,178.33297729492188,193.3000030517578,193.6750030517578,190.125,191.25,7685840
2022-12-28,178.8865203857422,193.89999389648438,194.77499389648438,191.625,192.5,7676002
2022-12-29,180.24728393554688,195.375,196.0500030517578,192.39999389648438,193.125,9485398
2022-12-30,181.1698760986328,196.375,198.14999389648438,195.77499389648438,196.5,8256556
2023-01-02,181.30824279785156,196.52499389648438,196.9499969482422,195.25,196.5,5559512
2023-01-03,183.15338134765625,198.52499389648438,198.875,195.85000610351562,196.52499389648438,5994422
2023-01-04,179.76296997070312,194.85000610351562,198.75,194.3000030517578,198.75,8926522
2023-01-05,178.47134399414062,193.4499969482422,196.10000610351562,191.875,195.0,9568980
2023-01-06,176.2110595703125,191.0,194.39999389648438,190.6999969482422,193.5,8484754
2023-01-09,180.73165893554688,195.89999389648438,196.5,192.5500030517578,193.0,7347432
2023-01-10,181.30824279785156,196.52499389648438,196.9499969482422,193.6750030517578,196.0,7879496
2023-01-11,181.6772918701172,196.9250030517578,198.0,195.75,196.5,7656600
2023-01-12,181.97711181640625,197.25,198.9499969482422,195.25,197.875,9510500
2023-01-13,181.70034790039062,196.9499969482422,198.3000030517578,193.25,198.0,13621860
2023-01-16,183.86839294433594,199.3000030517578,200.5,194.5,195.0,23867444
2023-01-17,182.83050537109375,198.1750030517578,201.02499389648438,196.875,200.02499389648438,14310032
2023-01-18,185.99032592773438,201.60000610351562,201.9250030517578,199.0,199.25,16080426
2023-01-19,186.08258056640625,201.6999969482422,202.0,199.375,201.0500030517578,9447456
2023-01-20,185.96722412109375,201.5749969482422,202.6999969482422,200.64999389648438,201.77499389648438,9265614
2023-01-23,187.74319458007812,203.5,203.875,201.25,202.60000610351562,8815290
2023-01-24,188.02066040039062,203.3000030517578,205.10000610351562,202.5749969482422,204.1999969482422,9552640
2023-01-25,185.68540954589844,200.77499389648438,202.9499969482422,200.0,202.5,6355554
2023-01-27,184.06692504882812,199.02499389648438,201.8000030517578,197.10000610351562,200.77499389648438,7410134
2023-01-30,186.00912475585938,201.125,202.39999389648438,197.52499389648438,199.02499389648438,7261256
2023-01-31,184.43685913085938,199.4250030517578,201.27499389648438,198.85000610351562,201.14999389648438,9566846
2023-02-01,186.07847595214844,201.1999969482422,201.9499969482422,199.1750030517578,200.75,7029896
2023-02-02,189.33856201171875,204.72500610351562,205.0,201.1999969482422,201.1999969482422,10835460
2023-02-03,188.62179565429688,203.9499969482422,206.5,203.0749969482422,206.27499389648438,8850236
2023-02-06,187.11891174316406,202.3249969482422,203.10000610351562,200.8000030517578,202.6999969482422,5958022
2023-02-07,185.1998748779297,200.25,202.75,199.52499389648438,202.75,6683580
2023-02-08,188.08999633789062,203.375,203.8000030517578,200.5,200.5,8300976
2023-02-09,188.8067626953125,204.14999389648438,204.47500610351562,201.77499389648438,203.375,5277374
2023-02-10,187.6507110595703,202.89999389648438,203.5,201.39999389648438,203.5,5160140
2023-02-13,185.24610900878906,200.3000030517578,202.8249969482422,199.60000610351562,202.8249969482422,4825356
2023-02-14,187.32701110839844,202.5500030517578,203.22500610351562,200.75,201.5,4638822
2023-02-15,188.39056396484375,203.6999969482422,203.9250030517578,200.1750030517578,201.35000610351562,5227672
2023-02-16,189.54664611816406,204.9499969482422,206.625,204.27499389648438,204.39999389648438,11189362
2023-02-17,187.8819122314453,203.14999389648438,204.0,202.0,203.4250030517578,5616244
2023-02-20,188.22872924804688,203.52499389648438,203.89999389648438,201.10000610351562,202.64999389648438,6497188
2023-02-21,186.24032592773438,201.375,204.0,201.0500030517578,203.6999969482422,5761172
2023-02-22,182.72592163085938,197.5749969482422,200.1750030517578,197.22500610351562,199.75,6883372
2023-02-23,182.1710205078125,196.97500610351562,199.35000610351562,196.6999969482422,197.89999389648438,6078322
2023-02-24,181.8704376220703,196.64999389648438,198.25,196.27499389648438,197.97500610351562,5106634
2023-02-27,180.50628662109375,195.1750030517578,196.64999389648438,192.72500610351562,196.375,5554710
2023-02-28,178.9803009033203,193.52499389648438,196.60000610351562,192.85000610351562,195.9250030517578,10061602
2023-03-01,180.7837677001953,195.47500610351562,195.875,193.64999389648438,194.0500030517578,4542612
2023-03-02,179.44271850585938,194.02499389648438,195.1750030517578,193.64999389648438,194.35000610351562,4438972
2023-03-03,180.5525360107422,195.22500610351562,195.72500610351562,194.5500030517578,195.3000030517578,4393936
2023-03-06,182.07850646972656,196.875,198.3249969482422,196.0500030517578,196.22500610351562,6727722
2023-03-08,181.5467529296875,196.3000030517578,196.5,194.4250030517578,195.8249969482422,4908842
2023-03-09,180.39068603515625,195.0500030517578,196.9250030517578,194.8000030517578,196.39999389648438,4157054
2023-03-10,179.92825317382812,194.5500030517578,194.9499969482422,193.3000030517578,193.9499969482422,4567396
2023-03-13,178.24041748046875,192.72500610351562,196.3000030517578,191.875,194.5,5982520
2023-03-14,175.46591186523438,189.72500610351562,193.5749969482422,188.6750030517578,193.27499389648438,8094852
2023-03-15,173.7549285888672,187.875,191.85000610351562,187.4499969482422,191.85000610351562,7687926
2023-03-16,172.41392517089844,186.4250030517578,188.35000610351562,185.0,187.6750030517578,7686620
2023-03-17,174.1017608642578,188.25,189.1750030517578,186.9250030517578,188.60000610351562,9044282
2023-03-20,169.77809143066406,183.5749969482422,187.97500610351562,182.5749969482422,187.5,8184754
2023-03-21,169.43128967285156,183.1999969482422,185.125,182.72500610351562,184.5,7211152
2023-03-22,169.43128967285156,183.1999969482422,185.0,182.9250030517578,183.9250030517578,5374846
2023-03-23,167.16543579101562,180.75,182.4499969482422,180.1750030517578,182.4499969482422,9485192
2023-03-24,167.28102111816406,180.875,183.4250030517578,180.5,181.6750030517578,7906696
2023-03-27,167.04981994628906,180.625,182.0,179.60000610351562,180.875,6227714
2023-03-28,164.71461486816406,178.10000610351562,182.02499389648438,177.6999969482422,181.5,7813096
2023-03-29,166.032470703125,179.52499389648438,180.375,177.5,179.0,8823840
2023-03-31,168.89952087402344,182.625,182.875,180.64999389648438,181.6750030517578,7914212
2023-04-03,170.14805603027344,183.97500610351562,184.1999969482422,182.5749969482422,183.97500610351562,4053500
2023-04-05,170.98040771484375,184.875,185.9499969482422,183.60000610351562,184.85000610351562,6443110
2023-04-06,169.54689025878906,183.3249969482422,185.22500610351562,182.9250030517578,184.5,6429614
2023-04-10,172.6219940185547,186.64999389648438,187.1999969482422,183.8000030517578,184.0,5624940
2023-04-11,171.2116241455078,185.125,187.4250030517578,184.3000030517578,186.75,6784354
2023-04-12,172.0902099609375,186.0749969482422,186.72500610351562,184.6750030517578,185.3000030517578,5578210
2023-04-13,170.3098907470703,184.14999389648438,184.9499969482422,183.0,184.9499969482422,6724634
2023-04-17,167.0960693359375,180.6750030517578,180.97500610351562,176.0,179.97500610351562,13603290
2023-04-18,170.1249237060547,183.9499969482422,184.4499969482422,179.625,181.72500610351562,8024898
2023-04-19,166.8417205810547,180.39999389648438,183.9499969482422,180.1999969482422,183.9499969482422,7475944
2023-04-20,167.78970336914062,181.4250030517578,181.85000610351562,179.5,180.25,4423266
2023-04-21,170.19427490234375,184.02499389648438,184.35000610351562,181.8249969482422,182.0500030517578,5299988
2023-04-24,174.7722625732422,188.97500610351562,189.3000030517578,185.27499389648438,187.5,17779044
2023-04-25,173.70867919921875,187.8249969482422,189.4499969482422,187.0500030517578,189.10000610351562,7528552
2023-04-26,173.2000274658203,187.27499389648438,188.8249969482422,186.6999969482422,188.8249969482422,7008146
2023-04-27,173.13067626953125,187.1999969482422,188.3000030517578,186.02499389648438,188.1999969482422,8491700
2023-04-28,178.0323486328125,192.5,194.0,190.0,190.0,27709406
2023-05-02,179.58143615722656,194.1750030517578,196.0749969482422,193.72500610351562,194.5,9746608
2023-05-03,178.07858276367188,192.5500030517578,194.1750030517578,191.02499389648438,194.1750030517578,4828488
2023-05-04,177.4311981201172,191.85000610351562,193.0749969482422,191.52499389648438,192.375,6253358
2023-05-05,175.44277954101562,189.6999969482422,192.1999969482422,189.5,191.375,7902194
2023-05-08,175.88206481933594,190.1750030517578,191.5,189.8000030517578,190.5,9613544
2023-05-09,176.78378295898438,191.14999389648438,191.72500610351562,190.02499389648438,191.25,5716698
2023-05-10,177.45431518554688,191.875,192.27499389648438,191.0,192.0,3670402
2023-05-11,177.87049865722656,192.3249969482422,193.4250030517578,191.5500030517578,192.85000610351562,4049964
2023-05-12,177.2230987548828,191.625,192.625,190.77499389648438,192.3000030517578,4580358
2023-05-15,178.379150390625,192.875,193.5,191.25,191.625,5089694
2023-05-16,178.93405151367188,193.47500610351562,194.39999389648438,193.25,193.75,4059352
2023-05-17,176.78378295898438,191.14999389648438,193.6750030517578,190.6750030517578,193.10000610351562,5376102
2023-05-18,176.9225311279297,191.3000030517578,192.6750030517578,191.125,192.60000610351562,4237016
2023-05-19,178.58724975585938,193.10000610351562,194.10000610351562,191.75,192.39999389648438,7281582
2023-05-22,183.00335693359375,197.875,198.3000030517578,192.6999969482422,193.25,12197390
2023-05-23,183.88197326660156,198.8249969482422,201.0500030517578,198.02499389648438,198.5,12725634
2023-05-24,184.82994079589844,199.85000610351562,200.22500610351562,196.6750030517578,197.25,8256974
2023-05-25,182.24037170410156,197.0500030517578,199.5,196.3249969482422,199.5,13605054
2023-05-26,185.75479125976562,200.85000610351562,201.27499389648438,197.5,197.5749969482422,7926180
2023-05-29,184.8761749267578,199.89999389648438,203.0,199.6750030517578,202.0,7959308
2023-05-30,186.1247100830078,201.25,201.9250030517578,199.72500610351562,200.0,7378972
2023-05-31,186.656494140625,201.8249969482422,202.39999389648438,200.25,200.875,11783582
2023-06-01,188.27499389648438,203.5749969482422,204.0,202.02499389648438,202.5,7065484
2023-06-02,187.25765991210938,202.47500610351562,204.89999389648438,202.0,204.35000610351562,6320754
2023-06-05,186.9108428955078,202.10000610351562,204.875,201.85000610351562,204.4499969482422,7252860
2023-06-06,184.945556640625,199.97500610351562,201.6750030517578,197.77499389648438,201.6750030517578,13707400
2023-06-07,186.263427734375,201.39999389648438,201.8000030517578,200.5,201.1999969482422,8215860
2023-06-08,184.7605743408203,199.77499389648438,202.375,199.375,202.0500030517578,10615052
2023-06-09,183.72012329101562,198.64999389648438,200.1750030517578,198.02499389648438,199.72500610351562,12018232
2023-06-12,182.9340057373047,197.8000030517578,199.89999389648438,197.3000030517578,199.89999389648438,11973622
2023-06-13,182.91087341308594,197.77499389648438,199.25,197.25,198.97500610351562,13016186
2023-06-14,183.32708740234375,198.22500610351562,198.5749969482422,196.35000610351562,198.14999389648438,18512564
2023-06-15,179.85891723632812,194.47500610351562,198.72500610351562,194.125,198.5500030517578,28702320
2023-06-16,176.3213653564453,190.64999389648438,194.3249969482422,189.5749969482422,192.77499389648438,41110648
2023-06-19,175.7895965576172,190.0749969482422,191.0,188.5500030517578,191.0,10629440
2023-06-20,176.87628173828125,191.25,192.47500610351562,190.3000030517578,190.89999389648438,11802658
2023-06-21,178.2635498046875,192.75,193.625,191.5500030517578,192.125,8829264
2023-06-22,176.78378295898438,191.14999389648438,193.0,190.8000030517578,193.0,9356174
2023-06-23,175.6970977783203,189.97500610351562,191.5,189.0500030517578,191.14999389648438,6470406
2023-06-26,176.13641357421875,190.4499969482422,190.9499969482422,189.52499389648438,190.0,4100400
2023-06-27,176.9225311279297,191.3000030517578,192.125,190.75,192.125,5880750
2023-06-28,176.50634765625,190.85000610351562,191.875,190.39999389648438,191.875,7140112
2023-06-30,179.95140075683594,194.5749969482422,194.875,191.5,192.5,9070810
2023-07-03,181.08433532714844,195.8000030517578,196.9499969482422,194.75,196.9499969482422,9036924
2023-07-04,183.09585571289062,197.97500610351562,198.6750030517578,196.5,196.875,12617234
2023-07-05,182.1479034423828,196.9499969482422,197.6999969482422,195.9250030517578,197.0500030517578,12366958
2023-07-06,183.2114715576172,198.10000610351562,198.47500610351562,196.5749969482422,197.25,9037242
2023-07-07,183.04962158203125,197.9250030517578,198.72500610351562,196.60000610351562,197.5,9065220
2023-07-10,180.3213348388672,194.97500610351562,197.9250030517578,194.8249969482422,197.9250030517578,5630400
2023-07-11,181.2924041748047,196.02499389648438,196.39999389648438,193.9250030517578,195.0,9634838
2023-07-12,181.1999053955078,195.9250030517578,196.97500610351562,195.1750030517578,196.9499969482422,6848220
2023-07-13,182.33285522460938,197.14999389648438,199.3000030517578,195.625,195.9250030517578,13595726
2023-07-14,187.3038787841797,202.52499389648438,202.75,196.1750030517578,197.375,31366784
2023-07-17,192.0205841064453,207.625,212.47500610351562,202.89999389648438,203.5,45759860
2023-07-18,192.9223175048828,208.60000610351562,210.14999389648438,206.125,209.0,17769026
2023-07-19,193.26914978027344,208.97500610351562,210.5,207.0749969482422,210.0,10830990
2023-07-20,193.13038635253906,208.8249969482422,210.0,207.3249969482422,209.25,8255710
2023-07-21,187.14205932617188,202.35000610351562,207.1750030517578,200.5,202.5,23514212
2023-07-24,186.8414764404297,202.02499389648438,204.0,201.75,203.14999389648438,6808460
2023-07-25,185.15362548828125,200.1999969482422,202.75,200.0,202.75,6458200
2023-07-26,186.24032592773438,201.375,201.8000030517578,200.6999969482422,201.75,5329662
2023-07-27,184.945556640625,199.97500610351562,203.3000030517578,199.5,202.0,8948358
2023-07-28,184.39064025878906,199.375,201.4250030517578,198.27499389648438,200.52499389648438,6760060
2023-07-31,187.3038787841797,202.52499389648438,203.0,199.47500610351562,199.875,6762180
2023-08-01,188.18251037597656,203.47500610351562,204.0,202.02499389648438,202.75,7181804
2023-08-02,186.263427734375,201.39999389648438,202.9499969482422,199.5,202.9499969482422,5399618
2023-08-03,184.8068084716797,199.8249969482422,201.0,198.52499389648438,201.0,6821698
2023-08-04,189.06109619140625,204.4250030517578,205.0,200.14999389648438,200.4250030517578,12481540
2023-08-07,190.12464904785156,205.5749969482422,206.5,204.02499389648438,204.97500610351562,8822866
2023-08-08,192.5292510986328,208.1750030517578,208.75,204.97500610351562,206.1999969482422,15724284
2023-08-09,193.1997528076172,208.89999389648438,209.25,206.27499389648438,207.75,9309388
2023-08-10,193.59280395507812,209.3249969482422,210.39999389648438,207.77499389648438,208.5500030517578,9901644
2023-08-11,191.00326538085938,206.52499389648438,211.0749969482422,206.1750030517578,209.3249969482422,7571468
2023-08-14,191.97434997558594,207.5749969482422,208.10000610351562,204.75,206.625,5792180
2023-08-16,193.59280395507812,209.3249969482422,210.10000610351562,207.0,207.0749969482422,8131780
2023-08-17,193.0841522216797,208.77499389648438,210.1999969482422,207.25,209.3249969482422,6340960
2023-08-18,190.37899780273438,205.85000610351562,208.1750030517578,204.0,207.52499389648438,10602392
2023-08-21,191.72003173828125,207.3000030517578,208.6750030517578,205.8249969482422,205.89999389648438,7334260
2023-08-22,192.87608337402344,208.5500030517578,209.0500030517578,206.375,207.5,6350240
2023-08-23,192.0205841064453,207.625,208.97500610351562,207.3000030517578,208.625,6134234
2023-08-24,190.84141540527344,206.35000610351562,210.0,206.0,209.375,5776956
2023-08-25,189.4541778564453,204.85000610351562,205.64999389648438,203.5500030517578,205.0,6598510
2023-08-28,188.69114685058594,204.02499389648438,206.22500610351562,203.8249969482422,205.72500610351562,3401974
2023-08-29,188.71429443359375,204.0500030517578,205.9499969482422,203.5500030517578,204.8249969482422,3998562
2023-08-30,188.298095703125,203.60000610351562,205.10000610351562,203.3249969482422,205.0,4018182
2023-08-31,188.85299682617188,204.1999969482422,205.0,203.22500610351562,204.0,22061952
2023-09-01,192.5292510986328,208.1750030517578,208.875,203.75,203.97500610351562,8476130
2023-09-04,200.73724365234375,217.0500030517578,218.25,208.0,209.0,27634648
2023-09-05,199.69679260253906,215.9250030517578,218.75,215.14999389648438,217.89999389648438,17973426
2023-09-06,198.51759338378906,214.64999389648438,217.77499389648438,212.9499969482422,216.875,13531912
2023-09-07,200.1592254638672,216.4250030517578,216.85000610351562,213.375,214.97500610351562,9322650
2023-09-08,198.84130859375,215.0,216.72500610351562,214.64999389648438,216.72500610351562,5748410
2023-09-11,201.08404541015625,217.4250030517578,218.75,215.0500030517578,216.5,8253314
2023-09-12,201.15341186523438,217.5,220.75,213.4499969482422,218.5500030517578,14545328
2023-09-13,201.47711181640625,217.85000610351562,218.97500610351562,215.75,217.47500610351562,7445670
2023-09-14,201.82394409179688,218.22500610351562,221.625,217.64999389648438,219.1999969482422,14895010
2023-09-15,203.95106506347656,220.52499389648438,221.875,219.125,219.89999389648438,19835876
2023-09-18,201.66209411621094,218.0500030517578,220.52499389648438,217.60000610351562,220.52499389648438,6025196
2023-09-20,198.88755798339844,215.0500030517578,218.4250030517578,214.52499389648438,217.125,9102700
2023-09-21,198.3557586669922,214.47500610351562,215.625,211.52499389648438,214.9499969482422,8893070
2023-09-22,193.52346801757812,209.25,213.375,208.3000030517578,212.1999969482422,19818260
2023-09-25,191.4888153076172,207.0500030517578,209.875,206.0,209.25,9301132
2023-09-26,190.93389892578125,206.4499969482422,208.39999389648438,205.85000610351562,208.39999389648438,6480566
2023-09-27,192.20556640625,207.8249969482422,208.27499389648438,205.14999389648438,206.125,7773994
2023-09-28,187.442626953125,202.6750030517578,208.25,202.0,208.25,16876116
2023-09-29,187.7663116455078,203.02499389648438,204.625,200.75,202.5,12780272
2023-10-03,187.48886108398438,202.72500610351562,204.0500030517578,201.8000030517578,203.22500610351562,5728104
2023-10-04,187.23451232910156,202.4499969482422,202.72500610351562,200.3249969482422,201.35000610351562,6905870
2023-10-05,188.11312866210938,203.39999389648438,205.1999969482422,202.5,203.97500610351562,8125304
2023-10-06,188.59866333007812,203.9250030517578,204.89999389648438,203.47500610351562,204.0,6365004
2023-10-09,187.55824279785156,202.8000030517578,205.5,201.6999969482422,202.10000610351562,6030450
2023-10-10,188.55242919921875,203.875,204.375,203.10000610351562,203.1999969482422,5128014
2023-10-11,194.74888610839844,210.5749969482422,211.97500610351562,204.5,204.5,19092228
2023-10-12,192.87608337402344,208.5500030517578,210.9499969482422,207.35000610351562,210.875,10234398
2023-10-13,190.0784149169922,205.52499389648438,207.1999969482422,204.52499389648438,205.9499969482422,10914054
2023-10-16,189.68536376953125,205.10000610351562,205.9499969482422,204.0749969482422,205.5,5277652
2023-10-17,190.24026489257812,205.6999969482422,206.9250030517578,205.52499389648438,205.85000610351562,5979388
2023-10-18,188.41371154785156,203.72500610351562,206.8249969482422,203.5,204.5,4881066
2023-10-19,182.79527282714844,197.64999389648438,198.375,195.0500030517578,195.97500610351562,25629102
2023-10-20,181.1999053955078,195.9250030517578,198.02499389648438,195.5,197.52499389648438,8429336
2023-10-23,177.17684936523438,191.5749969482422,196.5,191.10000610351562,195.4250030517578,8837826
2023-10-25,176.57569885253906,190.9250030517578,193.85000610351562,190.5500030517578,192.1999969482422,6678294
2023-10-26,174.91099548339844,189.125,190.27499389648438,187.52499389648438,189.39999389648438,10995582
2023-10-27,176.8069305419922,191.1750030517578,192.1750030517578,189.52499389648438,189.52499389648438,6202812
2023-10-30,176.64508056640625,191.0,192.1750030517578,190.1999969482422,192.0,4688744
2023-10-31,176.55258178710938,190.89999389648438,192.0500030517578,189.5749969482422,191.60000610351562,6153536
2023-11-01,176.1595458984375,190.47500610351562,192.77499389648438,190.0749969482422,191.9250030517578,4241952
2023-11-02,177.40806579589844,191.8249969482422,192.5749969482422,191.0500030517578,191.89999389648438,4742730
2023-11-03,177.36183166503906,191.77499389648438,193.35000610351562,191.3249969482422,193.0,5291528
2023-11-06,177.87049865722656,192.3249969482422,193.22500610351562,191.5,193.0,4939936
2023-11-07,177.24623107910156,191.64999389648438,193.5,191.4250030517578,192.4499969482422,5692178
2023-11-08,176.73756408691406,191.10000610351562,192.9250030517578,190.75,192.3000030517578,7102052
2023-11-09,176.11328125,190.4250030517578,192.0,189.85000610351562,191.5,9231126
2023-11-10,175.39651489257812,189.64999389648438,190.89999389648438,188.5,190.14999389648438,10710700
2023-11-13,176.48321533203125,190.8249969482422,191.4499969482422,190.0,191.3000030517578,3585902
2023-11-15,181.107421875,195.8249969482422,196.125,192.125,192.77499389648438,10792518
2023-11-16,183.6276397705078,198.5500030517578,199.75,194.64999389648438,195.8249969482422,13843576
2023-11-17,182.84152221679688,197.6999969482422,199.5,197.25,199.0,7886928
2023-11-20,185.0611572265625,200.10000610351562,200.5500030517578,196.60000610351562,196.60000610351562,8610496
2023-11-21,185.26922607421875,200.3249969482422,201.3000030517578,200.02499389648438,201.3000030517578,5440248
2023-11-22,185.08425903320312,200.125,201.3000030517578,199.5500030517578,201.25,5318582
2023-11-23,186.1247100830078,201.25,202.5,200.25,200.25,9677360
2023-11-24,183.11898803710938,198.0,201.75,197.77499389648438,201.25,6250566
2023-11-28,183.5120391845703,198.4250030517578,199.375,196.5500030517578,198.5,8145314
2023-11-29,187.85879516601562,203.125,204.27499389648438,199.0,199.0,15544086
2023-11-30,191.00326538085938,206.52499389648438,207.25,202.02499389648438,203.47500610351562,19825958
2023-12-01,188.5061798095703,203.8249969482422,206.875,203.25,206.875,9830426
2023-12-04,188.41371154785156,203.72500610351562,206.5,203.375,206.35000610351562,10662472
2023-12-05,186.98020935058594,202.1750030517578,204.5,201.0500030517578,203.6999969482422,11165368
2023-12-06,193.63906860351562,209.375,210.1999969482422,202.97500610351562,203.375,22082070
2023-12-07,193.40786743164062,209.125,210.75,208.3249969482422,210.0,11250552
2023-12-08,195.41940307617188,211.3000030517578,212.25,207.5,209.39999389648438,15479122
2023-12-11,194.4945526123047,210.3000030517578,211.10000610351562,208.625,210.0,10084242
2023-12-12,195.23443603515625,211.10000610351562,213.9499969482422,210.0749969482422,210.35000610351562,11903364
2023-12-13,194.05523681640625,209.8249969482422,212.14999389648438,207.5,211.77499389648438,9696816
2023-12-14,200.8759765625,217.1999969482422,218.0,211.625,211.75,24681376
2023-12-15,206.49436950683594,223.27499389648438,224.75,216.75,218.02499389648438,41567234
2023-12-18,205.89324951171875,222.625,226.75,221.0,223.0,20182072
2023-12-19,202.8643798828125,219.35000610351562,223.6750030517578,217.5,222.8000030517578,16064694
2023-12-20,199.7430419921875,215.97500610351562,224.75,214.6750030517578,221.0,26449942
2023-12-21,200.6909942626953,217.0,218.25,213.60000610351562,214.4499969482422,10663008
2023-12-22,213.9393768310547,231.3249969482422,233.14999389648438,217.0,217.64999389648438,46080814
2023-12-26,217.38442993164062,235.0500030517578,237.89999389648438,224.1750030517578,227.0,54628644
2023-12-27,217.77748107910156,235.47500610351562,237.6999969482422,232.0500030517578,234.25,25262992
2023-12-28,217.0838623046875,234.72500610351562,238.6999969482422,233.8249969482422,236.27499389648438,16839956
2023-12-29,217.93931579589844,235.64999389648438,237.6750030517578,233.0500030517578,235.47500610351562,15961140
2024-01-01,220.64450073242188,238.5749969482422,241.75,234.14999389648438,236.5,20347278
2024-01-02,216.96824645996094,234.60000610351562,239.0,232.14999389648438,239.0,14282514
2024-01-03,210.8180389404297,227.9499969482422,231.9499969482422,227.5,231.9499969482422,19534364
2024-01-04,209.1995391845703,226.1999969482422,229.9250030517578,225.6999969482422,228.5,15170336
2024-01-05,211.14173889160156,228.3000030517578,231.5,226.75,227.52499389648438,16889130
2024-01-08,208.25161743164062,225.1750030517578,230.0,224.52499389648438,228.75,10082886
2024-01-09,208.43655395507812,225.375,231.25,224.97500610351562,229.0,14465048
2024-01-10,209.7544708251953,226.8000030517578,228.0,224.5,225.72500610351562,8874676
2024-01-11,207.2574005126953,224.10000610351562,228.4499969482422,223.35000610351562,227.47500610351562,8638818
2024-01-12,215.23416137695312,232.72500610351562,234.5,227.5,227.5,36086734
2024-01-15,228.7137451171875,247.3000030517578,264.5,244.5749969482422,255.97500610351562,127844264
2024-01-16,224.27450561523438,242.5,247.5,240.25,247.5,25912492
2024-01-17,223.07220458984375,241.1999969482422,245.75,236.0,237.5749969482422,28668932
2024-01-18,223.18780517578125,241.3249969482422,244.5,234.1999969482422,241.1999969482422,26144924
2024-01-19,224.29763793945312,242.52499389648438,246.6750030517578,241.8000030517578,244.0,15498620
2024-01-23,217.2919464111328,234.9499969482422,243.0,233.52499389648438,239.02499389648438,19972336
2024-01-24,221.53211975097656,239.02499389648438,239.5,234.02499389648438,235.5,11708750
2024-01-25,217.8016815185547,235.0,239.6750030517578,234.27499389648438,239.02499389648438,12852980
2024-01-29,219.19190979003906,236.5,238.5,235.0,235.0,10051300
2024-01-30,218.96022033691406,236.25,241.4499969482422,235.75,237.1999969482422,11828014
2024-01-31,221.57846069335938,239.0749969482422,239.9499969482422,234.5,236.25,10584480
2024-02-01,218.42727661132812,235.6750030517578,238.85000610351562,235.3000030517578,238.77499389648438,7828120
2024-02-02,223.8955078125,241.5749969482422,243.25,237.5,237.5,16296222
2024-02-05,223.52476501464844,241.1750030517578,244.75,239.5749969482422,241.5,11566604
2024-02-06,231.54173278808594,249.8249969482422,250.89999389648438,241.5500030517578,242.35000610351562,29024038
2024-02-07,229.4795684814453,247.60000610351562,250.85000610351562,246.27499389648438,250.47500610351562,9103534
2024-02-08,226.5369415283203,244.4250030517578,250.0500030517578,242.5500030517578,247.9499969482422,11303840
2024-02-09,227.27838134765625,245.22500610351562,247.375,241.375,245.4499969482422,7893788
2024-02-12,232.37586975097656,250.72500610351562,255.39999389648438,245.5,245.5,48873500
2024-02-13,237.0794677734375,255.8000030517578,256.5,245.85000610351562,251.5500030517578,22373576
2024-02-14,238.42333984375,257.25,258.5,248.52499389648438,251.97500610351562,22594656
2024-02-15,240.27696228027344,259.25,261.42498779296875,256.5249938964844,258.4750061035156,14570776
2024-02-16,251.63046264648438,271.5,272.5,260.4750061035156,261.25,34942644
2024-02-19,248.36343383789062,267.9750061035156,272.95001220703125,265.67498779296875,272.95001220703125,18602758
2024-02-20,246.5098114013672,265.9750061035156,269.07501220703125,263.125,267.8999938964844,10374126
2024-02-21,241.62086486816406,260.70001220703125,268.1499938964844,259.75,267.95001220703125,13115574
2024-02-22,246.0927276611328,265.5249938964844,266.5,260.7250061035156,261.3999938964844,14596482
2024-02-23,248.4561309814453,268.07501220703125,270.625,266.6499938964844,267.5,19860994
2024-02-26,246.95004272460938,266.45001220703125,268.25,263.0249938964844,268.125,8820636
2024-02-27,246.27809143066406,265.7250061035156,268.70001220703125,263.7749938964844,267.0,10399260
2024-02-28,239.90625,258.8500061035156,265.4750061035156,257.5,265.0,12789056
2024-02-29,240.3232879638672,259.29998779296875,262.125,256.6000061035156,258.6499938964844,14462764
2024-03-01,240.5550079345703,259.54998779296875,262.6000061035156,258.7749938964844,261.20001220703125,9420630
2024-03-04,241.20379638671875,260.25,263.20001220703125,259.2749938964844,261.4750061035156,5662370
2024-03-05,237.8672332763672,256.6499938964844,260.25,255.3249969482422,258.875,10521548
2024-03-06,237.79776000976562,256.57501220703125,257.42498779296875,250.0,256.8500061035156,11091922
2024-03-07,238.88674926757812,257.75,260.20001220703125,255.25,256.875,9707982
2024-03-11,238.44650268554688,257.2749938964844,259.4750061035156,256.1499938964844,258.70001220703125,11131512
2024-03-12,236.73190307617188,255.4250030517578,261.25,253.875,256.375,11652760
2024-03-13,233.742919921875,252.1999969482422,259.3500061035156,248.39999389648438,256.8999938964844,13580480
2024-03-14,240.0220947265625,258.9750061035156,259.45001220703125,247.5749969482422,250.5749969482422,12825472
2024-03-15,239.5818634033203,258.5,259.125,253.1999969482422,257.375,13649086
2024-03-18,236.4306640625,255.10000610351562,259.2749938964844,254.5,259.0,6393960
2024-03-19,229.31739807128906,247.4250030517578,254.5,246.5749969482422,254.5,9617386
2024-03-20,228.69178771972656,246.75,250.625,244.60000610351562,248.02499389648438,8385344
2024-03-21,231.91246032714844,250.22500610351562,252.64999389648438,249.22500610351562,249.8249969482422,11644580
2024-03-22,225.72596740722656,243.5500030517578,245.375,239.77499389648438,244.625,28646502
2024-03-26,222.3662567138672,239.9250030517578,245.47500610351562,239.52499389648438,243.0,18273346
2024-03-27,218.8675079345703,236.14999389648438,240.47500610351562,235.625,239.85000610351562,14320668
2024-03-28,222.4821319580078,240.0500030517578,241.52499389648438,237.64999389648438,238.35000610351562,15455150
2024-04-01,224.72962951660156,242.47500610351562,243.1999969482422,240.77499389648438,241.85000610351562,6041008
2024-04-02,222.9918670654297,240.60000610351562,241.35000610351562,239.8000030517578,240.97500610351562,6932654
2024-04-03,223.9186553955078,241.60000610351562,243.85000610351562,237.97500610351562,240.0,13794516
2024-04-04,225.864990234375,243.6999969482422,245.97500610351562,239.8000030517578,242.89999389648438,16004046
2024-04-05,224.77598571777344,242.52499389648438,243.5749969482422,241.27499389648438,243.25,6414344
2024-04-08,222.38943481445312,239.9499969482422,245.8000030517578,239.10000610351562,245.0,26640770
2024-04-09,220.48944091796875,237.89999389648438,242.625,237.60000610351562,241.97500610351562,15801250
2024-04-10,221.1845703125,238.64999389648438,239.72500610351562,236.5500030517578,238.75,10771534
2024-04-12,218.1492462158203,235.375,240.0,235.0,237.5,13170046
2024-04-15,212.8664093017578,229.6750030517578,234.1750030517578,229.10000610351562,233.22500610351562,12176472
2024-04-16,207.7689208984375,224.1750030517578,229.25,222.39999389648438,226.52499389648438,21439424
2024-04-18,205.91526794433594,222.1750030517578,227.72500610351562,221.4250030517578,226.25,21986258
2024-04-19,209.80789184570312,226.375,226.9499969482422,218.5,220.0,20470106
2024-04-22,214.0944366455078,231.0,233.0749969482422,225.0,226.375,18881740
2024-04-23,214.14076232910156,231.0500030517578,233.39999389648438,230.10000610351562,233.39999389648438,10322712
2024-04-24,213.12127685546875,229.9499969482422,232.3249969482422,229.3000030517578,231.9499969482422,5915168
2024-04-25,213.6310272216797,230.5,231.27499389648438,227.89999389648438,229.4499969482422,11805090
2024-04-26,215.29930114746094,232.3000030517578,237.89999389648438,230.8000030517578,230.9499969482422,21478294
2024-04-29,214.53465270996094,231.47500610351562,234.0,230.8000030517578,233.8249969482422,7249940
2024-04-30,214.27978515625,231.1999969482422,233.375,230.75,231.5,8902956
2024-05-02,211.96273803710938,228.6999969482422,231.5,227.72500610351562,231.1999969482422,14937276
2024-05-03,211.9395751953125,228.6750030517578,231.0,226.60000610351562,230.1999969482422,9730626
2024-05-06,212.54200744628906,229.3249969482422,231.3000030517578,228.0,229.39999389648438,6918126
2024-05-07,214.9748992919922,231.9499969482422,232.6750030517578,227.0,230.89999389648438,9278528
2024-05-08,214.6505126953125,231.60000610351562,233.1999969482422,230.64999389648438,232.5,8205680
2024-05-09,211.2676239013672,227.9499969482422,232.1999969482422,227.02499389648438,230.875,9233484
2024-05-10,209.39083862304688,225.9250030517578,228.75,225.14999389648438,228.02499389648438,6654714
2024-05-13,209.43716430664062,225.97500610351562,226.625,222.5,225.9250030517578,7111608
2024-05-14,211.47616577148438,228.1750030517578,229.9499969482422,226.10000610351562,226.35000610351562,4909420
2024-05-15,212.37982177734375,229.14999389648438,229.875,227.3249969482422,228.1750030517578,4793424
2024-05-16,215.2297821044922,232.22500610351562,233.75,228.0500030517578,231.0,14621472
2024-05-17,213.6310272216797,230.5,232.1999969482422,230.02499389648438,232.1999969482422,6876820
2024-05-21,213.58468627929688,230.4499969482422,232.39999389648438,229.85000610351562,231.5,8467448
2024-05-22,213.77001953125,230.64999389648438,231.72500610351562,229.4250030517578,231.4499969482422,7765884
2024-05-23,215.85536193847656,232.89999389648438,234.0,230.875,231.25,13171332
2024-05-24,214.85903930664062,231.8249969482422,235.25,231.0,233.5,8205526
2024-05-27,209.66888427734375,226.22500610351562,231.0749969482422,225.8000030517578,231.0,40983758
2024-05-28,211.33714294433594,228.02499389648438,228.625,226.5500030517578,227.0,15778126
2024-05-29,208.90423583984375,225.39999389648438,227.75,224.75,227.0,9756036
2024-05-30,202.48606872558594,218.47500610351562,224.75,217.5500030517578,224.5,20724568
2024-05-31,203.06532287597656,219.10000610351562,221.0749969482422,217.75,218.77499389648438,21438004
2024-06-03,205.7994384765625,222.0500030517578,225.27499389648438,220.77499389648438,225.10000610351562,8964424
2024-06-04,203.04214477539062,219.0749969482422,222.9499969482422,208.5,222.9499969482422,17730732
2024-06-05,209.2286376953125,225.75,227.5,219.52499389648438,219.85000610351562,12267428
2024-06-06,213.6310272216797,230.5,231.0,226.3000030517578,227.47500610351562,15425568
2024-06-07,224.5442657470703,242.27499389648438,243.1999969482422,234.14999389648438,235.0,72672440
2024-06-10,220.23458862304688,237.625,244.1999969482422,236.6750030517578,244.1999969482422,18311752
2024-06-11,220.6053009033203,238.02499389648438,239.60000610351562,237.1750030517578,239.60000610351562,9371714
2024-06-12,220.9991912841797,238.4499969482422,242.1999969482422,237.77499389648438,239.0,13875116
2024-06-13,223.640625,241.3000030517578,242.6750030517578,239.0749969482422,240.0,12995932
2024-06-14,221.27723693847656,238.75,242.8000030517578,238.10000610351562,242.5,11322596
2024-06-18,227.92715454101562,245.9250030517578,246.5,240.02499389648438,240.5,31870984
2024-06-19,229.7344207763672,247.875,248.5749969482422,243.375,246.125,20880284
2024-06-20,227.2552032470703,245.1999969482422,248.75,244.125,248.75,12571126
2024-06-21,227.32470703125,245.27499389648438,250.47500610351562,244.5500030517578,248.97500610351562,95171176
2024-06-24,227.32470703125,245.27499389648438,247.4499969482422,244.72500610351562,245.0500030517578,9934518
2024-06-25,230.2441864013672,248.4250030517578,249.0,244.64999389648438,245.27499389648438,9258210
2024-06-26,229.4795684814453,247.60000610351562,249.9499969482422,246.89999389648438,248.4250030517578,12812090
2024-06-27,236.70872497558594,255.39999389648438,255.97500610351562,244.60000610351562,246.0749969482422,42137138
2024-06-28,238.5855255126953,257.42498779296875,258.1499938964844,252.9250030517578,256.0,16405832
2024-07-01,244.3781280517578,263.67498779296875,267.8999938964844,257.04998779296875,258.95001220703125,30757528
2024-07-02,249.40611267089844,269.1000061035156,272.5,264.1499938964844,264.6499938964844,36276968
2024-07-03,249.77684020996094,269.5,272.7250061035156,267.75,270.95001220703125,16049384
2024-07-04,245.93055725097656,265.3500061035156,274.3999938964844,264.54998779296875,270.70001220703125,19524632
2024-07-05,247.96951293945312,267.54998779296875,268.25,264.7250061035156,265.67498779296875,10376090
2024-07-08,250.7963409423828,270.6000061035156,271.5,267.5,267.9750061035156,12176360
2024-07-09,250.70362854003906,270.5,272.4750061035156,268.79998779296875,272.0,8681444
2024-07-10,248.17807006835938,267.7749938964844,271.67498779296875,265.875,270.5,9233748
2024-07-11,247.50613403320312,267.04998779296875,269.7749938964844,265.0,268.3500061035156,8807618
2024-07-12,259.5779113769531,280.07501220703125,282.3999938964844,270.7749938964844,272.5,54186042
2024-07-15,259.369384765625,279.8500061035156,283.45001220703125,278.07501220703125,283.45001220703125,16099478
2024-07-16,259.369384765625,279.8500061035156,281.29998779296875,278.20001220703125,280.92498779296875,11239032
2024-07-18,265.62542724609375,286.6000061035156,287.20001220703125,278.17498779296875,278.2749938964844,25019786
2024-07-19,258.2108459472656,278.6000061035156,289.95001220703125,277.3500061035156,289.95001220703125,26523490
2024-07-22,234.39169311523438,252.89999389648438,263.375,250.77499389648438,260.5,76014568
2024-07-23,231.95880126953125,250.27499389648438,254.0,243.1750030517578,254.0,25847632
2024-07-24,231.75027465820312,250.0500030517578,253.1750030517578,249.9250030517578,251.25,12240276
2024-07-25,234.87826538085938,253.4250030517578,253.75,246.64999389648438,248.0,21887890
2024-07-26,243.19642639160156,262.3999938964844,264.2749938964844,254.25,255.0,26153996
2024-07-29,243.01107788085938,262.20001220703125,265.2749938964844,261.42498779296875,264.0,12011554
2024-07-30,241.66717529296875,260.75,263.4750061035156,259.875,262.20001220703125,10816526
2024-07-31,241.89889526367188,261.0,262.45001220703125,259.7250061035156,260.8999938964844,7758508
2024-08-01,241.69036865234375,260.7749938964844,263.3999938964844,258.75,261.5,10759752
2024-08-02,232.70025634765625,251.0749969482422,259.625,250.5,257.5,15652228
2024-08-05,224.7528076171875,242.5,247.9250030517578,240.125,245.0,21938080
2024-08-06,226.838134765625,244.75,249.6750030517578,243.3000030517578,244.875,11271584
2024-08-07,230.4990692138672,248.6999969482422,250.0500030517578,246.3249969482422,249.35000610351562,7079826
2024-08-08,225.81863403320312,243.64999389648438,247.0,243.1750030517578,247.0,13160570
2024-08-09,227.67225646972656,245.64999389648438,248.22500610351562,244.8249969482422,247.6750030517578,6065948
2024-08-12,226.62960815429688,244.52499389648438,247.0,243.6999969482422,245.77499389648438,7338468
2024-08-13,227.30154418945312,245.25,246.35000610351562,243.5749969482422,244.52499389648438,6289418
2024-08-14,229.45639038085938,247.5749969482422,248.4250030517578,245.22500610351562,246.5,11121756
2024-08-16,239.2342987060547,258.125,258.7250061035156,248.97500610351562,250.5,25931140
2024-08-19,240.85623168945312,259.875,261.6000061035156,256.8500061035156,258.0,11466562
2024-08-20,243.126953125,262.32501220703125,263.79998779296875,259.82501220703125,259.95001220703125,9543812
2024-08-21,243.91470336914062,263.17498779296875,264.04998779296875,260.5249938964844,261.70001220703125,6454402
2024-08-22,240.5086669921875,259.5,265.2749938964844,259.0249938964844,263.8999938964844,11496506
2024-08-23,237.4501953125,256.20001220703125,260.7250061035156,255.6750030517578,259.95001220703125,11277706
2024-08-26,240.97207641601562,260.0,262.3999938964844,257.9750061035156,258.0,17351380
2024-08-27,239.65138244628906,258.57501220703125,261.625,258.0,260.0,7965796
2024-08-28,247.73780822753906,267.29998779296875,269.04998779296875,258.92498779296875,260.0,34375566
2024-08-29,249.6378173828125,269.3500061035156,270.9750061035156,267.0249938964844,267.5,25685318
2024-08-30,249.49876403808594,269.20001220703125,271.0,267.8500061035156,270.8500061035156,19434804
2024-09-02,246.74151611328125,266.2250061035156,271.0,265.92498779296875,269.20001220703125,15735982
2024-09-03,248.40975952148438,268.0249938964844,270.42498779296875,264.75,266.5,15056686
2024-09-04,240.57818603515625,259.57501220703125,264.125,258.375,264.0,20402128
2024-09-05,243.2196044921875,262.42498779296875,263.0,259.75,260.6000061035156,12069118
2024-09-06,241.2501220703125,260.29998779296875,264.95001220703125,259.2250061035156,262.42498779296875,14579954
2024-09-09,238.5855255126953,257.42498779296875,260.875,256.7250061035156,258.54998779296875,11919540
2024-09-10,243.63668823242188,262.875,264.0,257.0,258.3999938964844,10287272
2024-09-11,238.3538055419922,257.17498779296875,263.125,256.625,262.5,8261524
2024-09-12,245.6293487548828,265.0249938964844,266.0,258.875,260.2250061035156,15779474
2024-09-13,255.15237426757812,275.29998779296875,276.25,265.42498779296875,266.8999938964844,35919706
2024-09-16,255.7548065185547,275.95001220703125,278.42498779296875,274.5,276.5,11088578
2024-09-17,255.7548065185547,275.95001220703125,277.45001220703125,273.5249938964844,274.5,8728238
2024-09-18,249.38294982910156,269.07501220703125,274.5249938964844,266.32501220703125,274.5249938964844,16665520
2024-09-19,247.15855407714844,266.67498779296875,275.7250061035156,264.57501220703125,272.1000061035156,20969182
2024-09-20,249.82318115234375,269.54998779296875,270.375,265.5,268.95001220703125,16664232
2024-09-23,247.87686157226562,267.45001220703125,270.20001220703125,266.0,269.54998779296875,8544290
2024-09-24,250.0316925048828,269.7749938964844,270.95001220703125,264.67498779296875,266.1000061035156,12355694
2024-09-25,248.4792938232422,268.1000061035156,269.70001220703125,265.375,269.3999938964844,8065196
2024-09-26,251.12071228027344,270.95001220703125,271.54998779296875,267.8500061035156,269.3500061035156,11403400
2024-09-27,251.0743865966797,270.8999938964844,279.45001220703125,270.3500061035156,274.45001220703125,26462384
2024-09-30,250.9121856689453,270.7250061035156,272.25,267.0,269.0,8199446
2024-10-01,253.3682403564453,273.375,274.79998779296875,270.1000061035156,270.1000061035156,9411274
2024-10-03,245.67567443847656,265.07501220703125,271.20001220703125,263.125,270.04998779296875,14035368
2024-10-04,247.25123596191406,266.7749938964844,270.9750061035156,264.0249938964844,264.0249938964844,11922754
2024-10-07,246.27809143066406,265.7250061035156,270.8500061035156,262.9750061035156,269.0,9878074
2024-10-08,244.19277954101562,263.4750061035156,266.8999938964844,260.1499938964844,265.7749938964844,11502804
2024-10-09,246.1390838623047,265.57501220703125,269.3500061035156,264.25,264.8999938964844,8841688
2024-10-10,243.28912353515625,262.5,268.79998779296875,261.7250061035156,267.5,12620244
2024-10-11,244.818359375,264.1499938964844,267.20001220703125,260.17498779296875,260.17498779296875,8436982
2024-10-14,254.665771484375,274.7749938964844,275.92498779296875,268.1499938964844,269.3500061035156,33136266
2024-10-15,246.97323608398438,266.4750061035156,276.42498779296875,265.42498779296875,276.42498779296875,21601252
2024-10-16,246.60250854492188,266.07501220703125,269.3999938964844,264.5,266.5,12553622
2024-10-17,245.0269012451172,264.375,269.0,262.5249938964844,267.4750061035156,23755278
2024-10-18,254.24871826171875,274.32501220703125,279.20001220703125,262.3999938964844,266.0,74653054
2024-10-21,253.9938507080078,274.04998779296875,280.95001220703125,273.5,275.79998779296875,23966964
2024-10-22,252.7657928466797,272.7250061035156,277.75,271.92498779296875,274.8999938964844,18478300
2024-10-23,253.57676696777344,273.6000061035156,277.25,271.1000061035156,273.75,12698576
2024-10-24,253.4377899169922,273.45001220703125,275.25,272.57501220703125,273.6000061035156,9576604
2024-10-25,251.8389892578125,271.7250061035156,276.0,270.25,274.875,10124540
2024-10-28,258.859619140625,279.29998779296875,279.8999938964844,271.3500061035156,271.7250061035156,11185858
2024-10-29,260.5279235839844,281.1000061035156,281.70001220703125,276.625,279.8999938964844,12055630
2024-10-30,261.9412841796875,282.625,289.375,280.54998779296875,281.25,20755492
2024-10-31,255.70846557617188,275.8999938964844,283.1499938964844,274.1499938964844,282.3999938964844,15680094
2024-11-01,255.49993896484375,275.67498779296875,277.45001220703125,275.0,275.8500061035156,1962810
2024-11-04,250.6109619140625,270.3999938964844,276.2250061035156,267.1000061035156,275.5,9855560
2024-11-05,251.954833984375,271.8500061035156,272.67498779296875,270.20001220703125,271.5,6862260
2024-11-06,261.3157043457031,281.95001220703125,282.92498779296875,270.5,273.7250061035156,19554884
2024-11-07,261.083984375,281.70001220703125,284.8500061035156,277.2250061035156,283.0,11997142
2024-11-08,263.6790771484375,284.5,289.3999938964844,282.5,282.5,20852658
2024-11-11,265.764404296875,286.75,291.6000061035156,283.0249938964844,284.5,16139444
2024-11-12,264.4436950683594,285.32501220703125,289.8500061035156,284.5249938964844,287.5,11260890
2024-11-13,263.6790771484375,284.5,286.79998779296875,282.7749938964844,285.0,11391200
2024-11-14,262.61322021484375,283.3500061035156,287.2749938964844,282.1000061035156,284.4750061035156,9783520
2024-11-18,256.19500732421875,276.42498779296875,283.3500061035156,270.1499938964844,283.3500061035156,15289764
2024-11-19,260.4352111816406,281.0,284.8999938964844,277.3500061035156,278.0,12919778
2024-11-21,258.1877136230469,278.57501220703125,283.79998779296875,277.6499938964844,281.0,11672608
2024-11-22,264.9071044921875,285.82501220703125,286.79998779296875,278.95001220703125,280.9750061035156,14733232
2024-11-25,269.91192626953125,291.2250061035156,293.7749938964844,286.95001220703125,287.75,23297474
2024-11-26,272.9472351074219,294.5,295.17498779296875,289.6499938964844,292.5,15771340
2024-11-27,270.12042236328125,291.45001220703125,298.0,290.95001220703125,295.75,13659676
2024-11-28,265.1619873046875,286.1000061035156,293.0,285.2749938964844,292.875,11896556
2024-11-29,267.78021240234375,288.92498779296875,290.375,285.79998779296875,287.5,8540112
2024-12-02,270.88507080078125,292.2749938964844,292.7749938964844,289.1000061035156,291.2250061035156,11194000
2024-12-03,270.3057861328125,291.6499938964844,296.20001220703125,289.29998779296875,295.3500061035156,15445286
2024-12-04,272.48382568359375,294.0,297.0,291.79998779296875,294.6499938964844,14036431
2024-12-05,277.39593505859375,299.29998779296875,300.8999938964844,293.8999938964844,295.0,13487264
2024-12-06,275.5886535644531,297.3500061035156,299.1499938964844,296.20001220703125,299.1499938964844,7894350
2024-12-09,281.520263671875,303.75,305.70001220703125,293.75,295.0,9285213
2024-12-10,285.55194091796875,308.1000061035156,311.0,303.45001220703125,306.0,17028502
2024-12-11,286.38604736328125,309.0,309.8999938964844,305.54998779296875,308.1499938964844,8608406
2024-12-12,286.47869873046875,309.1000061035156,313.79998779296875,307.45001220703125,308.0,12958440
2024-12-13,287.2665710449219,309.95001220703125,311.04998779296875,304.20001220703125,309.1000061035156,7382211
2024-12-16,286.5714416503906,309.20001220703125,311.3999938964844,307.1000061035156,310.0,7221189
2024-12-17,286.24700927734375,308.8500061035156,312.25,307.29998779296875,311.0,10568517
2024-12-18,289.72259521484375,312.6000061035156,313.25,308.54998779296875,309.0,10965226
2024-12-19,289.8616027832031,312.75,313.3999938964844,301.1499938964844,306.3500061035156,12405595
2024-12-20,282.8641357421875,305.20001220703125,320.0,304.3999938964844,315.5,22214824
2024-12-23,285.3665771484375,307.8999938964844,310.6499938964844,305.0,306.6000061035156,6693583
2024-12-24,282.9568176269531,305.29998779296875,309.20001220703125,302.79998779296875,307.5,8837902
2024-12-26,282.72509765625,305.04998779296875,306.95001220703125,304.0,305.3999938964844,6516148
2024-12-27,286.47869873046875,309.1000061035156,310.8999938964844,304.70001220703125,305.20001220703125,8063921
2024-12-30,281.4739074707031,303.70001220703125,309.3999938964844,302.6499938964844,309.1000061035156,13709891
2024-12-31,279.75933837890625,301.8500061035156,303.0,295.25,300.95001220703125,9337030
2025-01-01,278.32275390625,300.29998779296875,303.3500061035156,298.95001220703125,300.0,7878201
2025-01-02,281.56658935546875,303.79998779296875,304.45001220703125,297.1499938964844,298.0,8800435
2025-01-03,272.9009094238281,294.45001220703125,303.79998779296875,294.0,303.29998779296875,12535720
2025-01-06,272.7618713378906,294.29998779296875,297.79998779296875,290.54998779296875,295.0,9173687
2025-01-07,272.5301513671875,294.04998779296875,297.5,291.29998779296875,294.29998779296875,7381943
2025-01-08,275.77398681640625,297.54998779296875,298.45001220703125,289.29998779296875,293.0,7937785
2025-01-09,270.9082336425781,292.29998779296875,298.0,291.3500061035156,297.0,7964702
2025-01-10,278.554443359375,300.54998779296875,303.25,294.29998779296875,294.29998779296875,19505556
2025-01-13,270.4911804199219,291.8500061035156,299.25,290.25,298.95001220703125,9541248
2025-01-14,271.41796875,292.8500061035156,294.54998779296875,286.54998779296875,291.79998779296875,7670070
2025-01-15,271.23260498046875,292.6499938964844,294.70001220703125,289.70001220703125,293.0,4662694
2025-01-16,266.9692687988281,288.04998779296875,296.5,286.70001220703125,295.8999938964844,10345666
2025-01-17,261.3157043457031,281.95001220703125,287.79998779296875,280.5,287.79998779296875,9358955
2025-01-20,278.27642822265625,300.25,305.3999938964844,296.95001220703125,302.0,39380165
2025-01-21,276.5154724121094,298.3500061035156,305.8500061035156,297.79998779296875,302.3999938964844,15619474
2025-01-22,286.47869873046875,309.1000061035156,310.0,299.3500061035156,299.3500061035156,30859317
2025-01-23,294.4493713378906,317.70001220703125,324.6000061035156,310.6499938964844,311.1000061035156,39904371
2025-01-24,296.6736755371094,320.1000061035156,322.5,316.6000061035156,319.0,17479586
2025-01-27,285.4128723144531,307.95001220703125,319.1499938964844,306.75,317.79998779296875,12372895
2025-01-28,286.9725341796875,303.6000061035156,307.6000061035156,301.54998779296875,304.0,12077491
2025-01-29,295.33782958984375,312.45001220703125,314.70001220703125,305.04998779296875,305.04998779296875,16338112
2025-01-30,292.0767822265625,309.0,313.70001220703125,305.95001220703125,311.0,9984186
2025-01-31,294.8179626464844,311.8999938964844,315.70001220703125,309.54998779296875,311.70001220703125,15597644
2025-02-01,288.1067810058594,304.79998779296875,313.25,303.3500061035156,312.54998779296875,6046117
2025-02-03,296.4248352050781,313.6000061035156,314.0,300.29998779296875,303.0,14877076
2025-02-04,298.9297180175781,316.25,318.8500061035156,313.3500061035156,318.0,15366864
2025-02-05,299.733154296875,317.1000061035156,321.45001220703125,314.8999938964844,317.79998779296875,9628027
2025-02-06,300.53662109375,317.95001220703125,323.6000061035156,314.54998779296875,320.0,15062390
2025-02-07,300.5838623046875,318.0,319.0,314.0,319.0,8589587
2025-02-10,301.5763244628906,319.04998779296875,321.0,315.8500061035156,318.79998779296875,12304840
2025-02-11,295.85772705078125,313.0,320.3999938964844,311.6000061035156,319.5,10627890
2025-02-12,293.2110900878906,310.20001220703125,315.75,309.3500061035156,313.45001220703125,9668342
2025-02-13,291.65142822265625,308.54998779296875,313.6499938964844,306.95001220703125,310.29998779296875,8832731
2025-02-14,291.2261047363281,308.1000061035156,312.3999938964844,304.54998779296875,310.04998779296875,7371341
2025-02-17,288.626708984375,305.3500061035156,310.29998779296875,302.0,308.1000061035156,7507772
2025-02-18,295.1015625,312.20001220703125,312.75,305.3500061035156,305.3500061035156,10368789
2025-02-19,296.8974609375,314.1000061035156,316.5,308.29998779296875,311.25,7835672
2025-02-20,296.1412353515625,313.29998779296875,314.29998779296875,310.25,311.20001220703125,7697134
2025-02-21,289.5719299316406,306.3500061035156,312.79998779296875,305.04998779296875,312.79998779296875,8722925
2025-02-24,278.8907775878906,295.04998779296875,303.29998779296875,293.3500061035156,302.95001220703125,12600963
2025-02-25,275.34619140625,291.29998779296875,296.29998779296875,290.1000061035156,294.3500061035156,10810040
2025-02-27,278.3709411621094,294.5,295.79998779296875,291.3500061035156,294.0,15555649
2025-02-28,262.4437561035156,277.6499938964844,294.0,277.0,294.0,17458839
2025-03-03,268.0205993652344,283.54998779296875,286.3500061035156,279.29998779296875,279.45001220703125,11471554
2025-03-04,264.6650390625,280.0,283.1000061035156,276.29998779296875,279.0,9331785
2025-03-05,269.4857482910156,285.1000061035156,286.95001220703125,278.6499938964844,281.3999938964844,10285712
2025-03-06,270.2419128417969,285.8999938964844,292.0,283.5,288.45001220703125,9782051
2025-03-07,269.2021484375,284.79998779296875,287.70001220703125,282.8999938964844,287.3999938964844,8097300
2025-03-10,265.5157775878906,280.8999938964844,285.6499938964844,277.95001220703125,284.45001220703125,8165123
2025-03-11,262.53826904296875,277.75,279.29998779296875,273.20001220703125,277.0,8602609
2025-03-12,253.84213256835938,268.54998779296875,277.70001220703125,262.20001220703125,277.70001220703125,18584311
2025-03-13,249.5413360595703,264.0,271.1000061035156,263.3500061035156,268.54998779296875,8683943
2025-03-17,245.61862182617188,259.8500061035156,265.20001220703125,258.8999938964844,264.0,12697926
2025-03-18,245.61862182617188,259.8500061035156,259.8500061035156,259.8500061035156,259.8500061035156,0
2025-03-19,251.1482391357422,265.70001220703125,266.5,256.25,262.0,14044300
2025-03-20,253.322265625,268.0,273.95001220703125,267.5,269.20001220703125,17038774
2025-03-21,249.82489013671875,264.29998779296875,269.54998779296875,260.20001220703125,264.0,22659168
2025-03-24,254.6455841064453,269.3999938964844,271.6499938964844,265.3999938964844,267.04998779296875,9269617
2025-03-25,256.157958984375,271.0,274.70001220703125,269.3500061035156,272.0,12563930
2025-03-26,252.75511169433594,267.3999938964844,272.25,266.75,272.0,7308412
2025-03-27,257.292236328125,272.20001220703125,273.54998779296875,269.6000061035156,270.0,14783522
2025-03-28,247.88717651367188,262.25,271.8500061035156,261.6000061035156,271.0,14283389
2025-04-01,248.21800231933594,262.6000061035156,263.0,258.5,260.3500061035156,8388635
2025-04-02,249.1632537841797,263.6000061035156,265.54998779296875,261.1000061035156,262.79998779296875,7136992
2025-04-03,242.31031799316406,256.3500061035156,260.5,255.3000030517578,259.8999938964844,12262561
2025-04-04,232.8107147216797,246.3000030517578,253.9499969482422,244.85000610351562,253.0,14639785
2025-04-07,229.59690856933594,242.89999389648438,243.85000610351562,228.0,231.0500030517578,13011904
2025-04-08,233.7086944580078,247.25,249.5,243.85000610351562,244.75,13806651
2025-04-09,223.68922424316406,236.64999389648438,242.3000030517578,234.0,240.6999969482422,19063559
2025-04-11,226.61944580078125,239.75,245.0,238.35000610351562,245.0,11205821
2025-04-15,230.63668823242188,244.0,245.0500030517578,241.35000610351562,245.0500030517578,10694621
2025-04-16,234.08677673339844,247.64999389648438,248.4499969482422,241.1999969482422,244.0,16203319
2025-04-17,223.92552185058594,236.89999389648438,237.8000030517578,232.14999389648438,235.0,54875421
2025-04-21,225.39064025878906,238.4499969482422,240.8000030517578,237.39999389648438,237.39999389648438,16298364
2025-04-22,221.32614135742188,234.14999389648438,239.0,233.5,238.4499969482422,18367713
2025-04-23,230.2585906982422,243.60000610351562,245.35000610351562,236.10000610351562,237.1999969482422,31898042
2025-04-24,229.4551239013672,242.75,245.14999389648438,241.5,244.8000030517578,23000820
2025-04-25,227.70645141601562,240.89999389648438,246.14999389648438,238.0500030517578,243.9499969482422,16620430
2025-04-28,227.328369140625,240.5,241.9499969482422,238.75,240.5,14218414
2025-04-29,228.1790771484375,241.39999389648438,243.60000610351562,239.85000610351562,241.60000610351562,16647246
2025-04-30,228.2736053466797,241.5,243.39999389648438,239.1999969482422,241.5500030517578,14206640
2025-05-02,228.4437255859375,241.67999267578125,245.8000030517578,240.75,242.0399932861328,10822257
2025-05-05,230.23023986816406,243.57000732421875,246.8699951171875,242.6999969482422,244.0,12170446
2025-05-06,227.9805908203125,241.19000244140625,245.89999389648438,240.61000061035156,244.5,8869045
2025-05-07,230.6744842529297,244.0399932861328,244.4499969482422,236.00999450683594,236.00999450683594,9130056
2025-05-08,228.3397674560547,241.57000732421875,245.8300018310547,239.30999755859375,243.11000061035156,11434833
2025-05-09,228.7556610107422,242.00999450683594,242.9499969482422,236.5,236.60000610351562,10582438
2025-05-12,243.1893768310547,257.2799987792969,257.94000244140625,244.8800048828125,245.08999633789062,19791711
2025-05-13,237.79209899902344,251.57000732421875,256.95001220703125,250.6199951171875,256.95001220703125,11714159
2025-05-14,239.08705139160156,252.94000244140625,253.69000244140625,250.75,251.57000732421875,8839105
2025-05-15,242.5182647705078,256.57000732421875,257.1000061035156,250.6199951171875,253.1999969482422,12083645
2025-05-16,240.38201904296875,254.30999755859375,257.0,253.52999877929688,257.0,6640387
2025-05-19,237.9622344970703,251.75,254.74000549316406,251.27999877929688,254.30999755859375,6788784
2025-05-20,236.03396606445312,249.7100067138672,254.60000610351562,249.30999755859375,253.0,9366429
2025-05-21,237.1776885986328,250.9199981689453,252.11000061035156,248.10000610351562,249.7100067138672,5313593
2025-05-22,232.47044372558594,245.94000244140625,249.88999938964844,245.0,249.0,11469037
2025-05-23,233.8126678466797,247.36000061035156,250.49000549316406,245.60000610351562,246.10000610351562,7437642
2025-05-26,236.53494262695312,250.24000549316406,250.85000610351562,248.1999969482422,248.49000549316406,3690751
2025-05-27,234.65391540527344,248.25,250.99000549316406,247.99000549316406,250.99000549316406,6861143
2025-05-28,233.87881469726562,247.42999267578125,250.13999938964844,246.9600067138672,249.58999633789062,6205160
2025-05-29,236.44039916992188,250.13999938964844,251.74000549316406,248.10000610351562,249.64999389648438,11785042
2025-05-30,235.99615478515625,249.6699981689453,251.11000061035156,248.52000427246094,250.0,13858429
2025-06-02,234.11514282226562,247.67999267578125,248.4199981689453,246.1999969482422,247.60000610351562,5846259
2025-06-03,232.73509216308594,246.22000122070312,249.5,245.72999572753906,248.0,8573438
2025-06-04,233.3400421142578,246.86000061035156,249.80999755859375,246.50999450683594,246.50999450683594,6698150
2025-06-05,234.36090087890625,247.94000244140625,249.49000549316406,246.8800048828125,246.89999389648438,6468060
2025-06-06,234.9752960205078,248.58999633789062,249.97999572753906,247.10000610351562,247.10000610351562,4445411
2025-06-09,237.52743530273438,251.2899932861328,253.39999389648438,249.22000122070312,249.60000610351562,9193904
2025-06-10,240.91136169433594,254.8699951171875,255.8000030517578,251.8300018310547,252.89999389648438,10739851
2025-06-11,244.73956298828125,258.9200134277344,261.6000061035156,254.10000610351562,256.0199890136719,17268454
2025-06-12,245.39173889160156,259.6099853515625,263.0,256.32000732421875,260.0,14528657
2025-06-13,245.95889282226562,260.2099914550781,262.25,254.0,255.0,8692116
2025-06-16,248.49212646484375,262.8900146484375,265.30999755859375,258.0,260.0,10935361
2025-06-17,248.5110321044922,262.9100036621094,265.45001220703125,261.6600036621094,262.8900146484375,7528454
2025-06-18,247.26332092285156,261.5899963378906,265.6000061035156,261.0299987792969,262.8999938964844,5016660
2025-06-19,251.0347900390625,265.5799865722656,266.44000244140625,261.80999755859375,262.8500061035156,14184486
2025-06-20,251.94223022460938,266.5400085449219,267.20001220703125,262.8699951171875,266.0,12904674
2025-06-23,248.8229522705078,263.239990234375,265.20001220703125,261.80999755859375,264.0,6214062
2025-06-24,250.4582061767578,264.9700012207031,268.6499938964844,264.7099914550781,265.5,6319428
2025-06-25,254.655029296875,269.4100036621094,269.9599914550781,265.8500061035156,265.8999938964844,5331739
2025-06-26,253.81375122070312,268.5199890136719,271.29998779296875,267.19000244140625,269.1000061035156,8564099
2025-06-27,250.5338134765625,265.04998779296875,270.0,264.5,269.0,8906108
2025-06-30,251.41290283203125,265.9800109863281,266.739990234375,262.8999938964844,266.1000061035156,7119563
2025-07-01,250.06117248535156,264.54998779296875,268.3500061035156,263.70001220703125,265.5,3886095
2025-07-02,252.3770294189453,267.0,268.70001220703125,264.45001220703125,265.0,8750887
2025-07-03,252.42428588867188,267.04998779296875,270.8500061035156,266.45001220703125,268.3999938964844,9357962
2025-07-04,255.25999450683594,270.04998779296875,271.3999938964844,267.5,268.29998779296875,7141779
2025-07-07,253.0859375,267.75,270.54998779296875,267.29998779296875,270.04998779296875,4849218
2025-07-08,254.88186645507812,269.6499938964844,270.29998779296875,267.3500061035156,267.79998779296875,5519016
2025-07-09,253.13319396972656,267.79998779296875,269.3999938964844,264.8500061035156,268.0,11564433
2025-07-10,250.5338134765625,265.04998779296875,267.54998779296875,263.1499938964844,267.54998779296875,6911031
2025-07-11,244.1534881591797,258.29998779296875,262.04998779296875,257.75,261.0,13109857
2025-07-14,240.32530212402344,254.25,259.54998779296875,251.64999389648438,258.29998779296875,10388421
2025-07-15,243.30279541015625,257.3999938964844,259.8500061035156,252.8000030517578,254.0,8750149
2025-07-16,248.40704345703125,262.79998779296875,264.0,256.04998779296875,257.3999938964844,12179338
2025-07-17,246.32754516601562,260.6000061035156,264.3500061035156,258.0,263.8500061035156,7484171
2025-07-18,252.32977294921875,266.95001220703125,271.8999938964844,265.6000061035156,268.6000061035156,30319126
2025-07-21,246.0912322998047,260.3500061035156,267.1499938964844,259.20001220703125,266.95001220703125,12190000
2025-07-22,245.47683715820312,259.70001220703125,262.1499938964844,258.75,261.70001220703125,6724044
2025-07-23,247.08370971679688,261.3999938964844,261.75,258.1499938964844,260.25,6510321
2025-07-24,247.50909423828125,261.8500061035156,263.3999938964844,260.25,262.0,8139900
2025-07-25,245.0042266845703,259.20001220703125,262.04998779296875,256.04998779296875,261.79998779296875,8427780
2025-07-28,241.0043487548828,250.0500030517578,254.0,249.0,254.0,8998911
2025-07-29,242.6910400390625,251.8000030517578,252.6999969482422,247.25,249.1999969482422,12923128
2025-07-30,241.14891052246094,250.1999969482422,252.5,249.1999969482422,251.4499969482422,6057152
2025-07-31,239.31765747070312,248.3000030517578,250.14999389648438,246.0500030517578,248.10000610351562,7338764
2025-08-01,233.96841430664062,242.75,246.89999389648438,242.1999969482422,246.5,7436999
2025-08-04,237.1490478515625,246.0500030517578,246.4199981689453,241.10000610351562,242.75,5234393
2025-08-05,237.0141143798828,245.91000366210938,246.9499969482422,244.52999877929688,246.0500030517578,7383968
2025-08-06,231.27935791015625,239.9600067138672,246.0,239.30999755859375,246.0,7700190
2025-08-07,233.5540008544922,242.32000732421875,243.17999267578125,238.61000061035156,239.11000061035156,6190830
2025-08-08,230.40228271484375,239.0500030517578,243.25,238.39999389648438,242.39999389648438,8922847
2025-08-11,232.87930297851562,241.6199951171875,244.75,238.6199951171875,239.0500030517578,3047287
2025-08-12,232.97567749023438,241.72000122070312,246.2899932861328,241.10000610351562,242.6999969482422,8101435
2025-08-13,232.90821838378906,241.64999389648438,242.88999938964844,240.1199951171875,242.88999938964844,5820844
2025-08-14,237.88156127929688,246.80999755859375,248.42999267578125,242.41000366210938,243.10000610351562,12857225
2025-08-18,236.33944702148438,245.2100067138672,249.00999450683594,244.75999450683594,248.63999938964844,5789317
2025-08-19,238.02613830566406,246.9600067138672,247.5,244.77999877929688,245.4600067138672,4090961
2025-08-20,241.76576232910156,250.83999633789062,252.88999938964844,245.3000030517578,245.3000030517578,10099384
2025-08-21,240.86941528320312,249.91000366210938,252.74000549316406,249.61000061035156,252.74000549316406,7607486
2025-08-22,239.64535522460938,248.63999938964844,253.0,247.61000061035156,252.0,13572686
2025-08-25,244.65724182128906,253.83999633789062,257.2900085449219,250.60000610351562,250.60000610351562,16391069
2025-08-26,242.9127197265625,252.02999877929688,254.82000732421875,251.30999755859375,253.0,15797327
2025-08-28,241.58262634277344,250.64999389648438,252.35000610351562,249.0800018310547,252.02000427246094,5851451
2025-08-29,240.38751220703125,249.41000366210938,253.10000610351562,248.66000366210938,250.5,10117017
2025-09-01,241.3031463623047,250.36000061035156,252.99000549316406,249.39999389648438,249.4199981689453,3198345
2025-09-02,241.8524932861328,250.92999267578125,253.14999389648438,249.60000610351562,250.36000061035156,5046939
2025-09-03,240.53207397460938,249.55999755859375,252.39999389648438,249.1199951171875,251.89999389648438,3862765
2025-09-04,236.10812377929688,244.97000122070312,250.33999633789062,244.44000244140625,249.5,5021036
2025-09-05,234.8551483154297,243.6699981689453,247.32000732421875,241.27000427246094,246.10000610351562,6233782
2025-09-08,233.7467498779297,242.52000427246094,246.99000549316406,242.1999969482422,244.36000061035156,6596932
2025-09-09,240.1368865966797,249.14999389648438,249.85000610351562,245.0,245.0,12836972
2025-09-10,246.49813842773438,255.75,257.1700134277344,249.25,249.3000030517578,15261331
2025-09-11,244.72471618652344,253.91000366210938,255.6999969482422,252.1699981689453,255.6999969482422,5865301
2025-09-12,242.82598876953125,251.94000244140625,255.89999389648438,250.82000732421875,254.8800048828125,5345794
2025-09-15,242.18984985351562,251.27999877929688,251.7899932861328,249.60000610351562,251.5,3700703
2025-09-16,244.82107543945312,254.00999450683594,254.5,250.1999969482422,252.0,7316998
2025-09-17,244.9560089111328,254.14999389648438,255.5,252.85000610351562,253.3000030517578,7339871
2025-09-18,247.6354522705078,256.92999267578125,259.79998779296875,256.0,257.0,10498239
2025-09-19,246.62344360351562,255.8800048828125,257.6600036621094,254.6999969482422,257.0,10741757
2025-09-22,241.2742156982422,250.3300018310547,251.77999877929688,247.2100067138672,248.5500030517578,15784007
2025-09-23,240.59954833984375,249.6300048828125,252.0,248.75,250.22000122070312,8674114
2025-09-24,235.7418670654297,244.58999633789062,249.1199951171875,244.25,248.3300018310547,7888797
2025-09-25,233.2455596923828,242.0,245.63999938964844,241.27999877929688,245.4499969482422,7957740
2025-09-26,227.22164916992188,235.75,241.5500030517578,235.00999450683594,241.4499969482422,16999628
2025-09-29,230.97093200683594,239.63999938964844,240.7899932861328,236.2899932861328,236.8800048828125,8894412
2025-09-30,230.710693359375,239.3699951171875,241.5,239.0,239.92999267578125,5590909
2025-10-01,232.3491973876953,241.07000732421875,243.57000732421875,237.83999633789062,240.0,9479378
2025-10-03,232.262451171875,240.97999572753906,241.39999389648438,238.05999755859375,240.97999572753906,10968346
2025-10-06,233.37086486816406,242.1300048828125,242.9600067138672,239.32000732421875,240.0,6064946
2025-10-07,234.72021484375,243.52999877929688,245.0,242.13999938964844,242.89999389648438,6587728
2025-10-08,235.43344116210938,244.27000427246094,246.35000610351562,242.57000732421875,243.25,7360563
2025-10-09,237.4863739013672,246.39999389648438,246.8000030517578,243.16000366210938,243.99000549316406,4629760
2025-10-10,239.70318603515625,248.6999969482422,251.25,246.25,248.0,7070200
2025-10-13,236.2623291015625,245.1300048828125,247.6999969482422,244.50999450683594,246.05999755859375,6717589
2025-10-14,239.4333038330078,248.4199981689453,250.14999389648438,245.11000061035156,245.8000030517578,7888607
2025-10-15,241.1585693359375,250.2100067138672,252.1300048828125,248.5399932861328,250.0,13278925
2025-10-16,244.62832641601562,253.80999755859375,254.07000732421875,248.8000030517578,250.39999389648438,10661302
2025-10-17,232.1853485107422,240.89999389648438,250.0,239.11000061035156,250.0,43802251
2025-10-20,232.5130615234375,241.24000549316406,241.94000244140625,239.27000427246094,240.89999389648438,9871824
2025-10-21,232.6287078857422,241.36000061035156,242.16000366210938,240.36000061035156,241.0,2082336
2025-10-23,235.4623565673828,244.3000030517578,247.8000030517578,243.3699951171875,244.8000030517578,18964626
2025-10-24,234.19009399414062,242.97999572753906,245.8800048828125,242.16000366210938,245.0,6803979
2025-10-27,235.0864715576172,243.91000366210938,245.72999572753906,243.05999755859375,243.2899932861328,9550336
2025-10-28,233.61181640625,242.3800048828125,244.6999969482422,241.39999389648438,243.66000366210938,8780789
2025-10-29,233.5154266357422,242.27999877929688,243.60000610351562,241.63999938964844,243.60000610351562,8776917
2025-10-30,233.16844177246094,241.9199981689453,244.77000427246094,240.5,242.88999938964844,8344622
2025-10-31,231.9636688232422,240.6699981689453,243.19000244140625,240.5,242.11000061035156,5659566
2025-11-03,231.79983520507812,240.5,241.2899932861328,239.5,240.6699981689453,4902693
2025-11-04,229.3131561279297,237.9199981689453,240.83999633789062,237.52000427246094,240.5,6848284
2025-11-06,231.36610412597656,240.0500030517578,240.6199951171875,238.3699951171875,240.0,7141517
2025-11-07,227.9348907470703,236.49000549316406,239.25,236.0,238.6999969482422,5520619
2025-11-10,231.1636962890625,239.83999633789062,241.5500030517578,237.02000427246094,237.44000244140625,8566758
2025-11-11,232.94677734375,241.69000244140625,242.0500030517578,238.80999755859375,241.10000610351562,8831094
2025-11-12,236.3490753173828,245.22000122070312,246.3000030517578,242.10000610351562,242.75,13152546
2025-11-13,236.45509338378906,245.3300018310547,246.0,244.0,246.0,6211124
2025-11-14,235.52981567382812,244.3699951171875,245.89999389648438,242.14999389648438,243.9199981689453,6841554
2025-11-17,235.22140502929688,244.0500030517578,244.77999877929688,242.69000244140625,243.97000122070312,6559062
2025-11-18,232.1853485107422,240.89999389648438,244.0,240.3000030517578,242.92999267578125,4730012
2025-11-19,237.16831970214844,246.07000732421875,246.85000610351562,240.5399932861328,241.1999969482422,13298452
2025-11-20,237.3514404296875,246.25999450683594,247.8000030517578,245.7100067138672,247.5,6705862
2025-11-21,235.64549255371094,244.49000549316406,247.25,243.61000061035156,245.0,5516450
2025-11-24,238.32492065429688,247.27000427246094,249.3800048828125,245.02000427246094,245.02000427246094,19711070
2025-11-25,236.75389099121094,245.63999938964844,248.0,244.0,248.0,8188793
2025-11-26,241.1392822265625,250.19000244140625,250.5500030517578,245.6199951171875,246.0,8202096
2025-11-27,240.53207397460938,249.55999755859375,251.9199981689453,247.69000244140625,250.39999389648438,5268129
2025-11-28,240.50315856933594,249.52999877929688,251.99000549316406,248.60000610351562,251.0,7049965
2025-12-01,241.2260284423828,250.27999877929688,250.75,248.86000061035156,250.10000610351562,3865446
2025-12-02,241.12001037597656,250.1699981689453,251.4499969482422,248.8699951171875,250.0,8535708
2025-12-03,245.47650146484375,254.69000244140625,257.1300048828125,250.5500030517578,250.60000610351562,17215454
2025-12-04,247.6354522705078,256.92999267578125,258.79998779296875,255.5,256.0,10687381
2025-12-05,250.50765991210938,259.9100036621094,261.1000061035156,257.70001220703125,258.20001220703125,7886562
2025-12-08,251.9244842529297,261.3800048828125,263.07000732421875,259.7099914550781,260.010009765625,9684253
2025-12-09,248.0980987548828,257.4100036621094,261.82000732421875,257.04998779296875,261.3800048828125,8560580
2025-12-10,248.64749145507812,257.9800109863281,260.3699951171875,257.25,258.010009765625,7944200
2025-12-11,249.87152099609375,259.25,259.9800109863281,257.7200012207031,258.30999755859375,6473376
2025-12-12,251.17269897460938,260.6000061035156,260.82000732421875,257.3599853515625,259.5,4008271
2025-12-15,252.2714385986328,261.739990234375,262.5,258.5400085449219,259.989990234375,4023911
2025-12-16,249.84262084960938,259.2200012207031,261.75,258.79998779296875,261.739990234375,2982041
2025-12-17,251.69317626953125,261.1400146484375,262.1300048828125,258.30999755859375,259.0,4923276
2025-12-18,254.30514526367188,263.8500061035156,264.989990234375,261.0,261.17999267578125,9008412
2025-12-19,254.88343811035156,264.45001220703125,267.0,263.29998779296875,267.0,12750745
2025-12-22,262.80609130859375,272.6700134277344,273.1000061035156,266.79998779296875,267.510009765625,14651313
2025-12-23,261.5820007324219,271.3999938964844,272.4800109863281,270.2099914550781,272.0,7572420
2025-12-24,258.3628234863281,268.05999755859375,270.9800109863281,267.20001220703125,270.94000244140625,4694861
2025-12-26,256.6664733886719,266.29998779296875,268.8800048828125,265.739990234375,267.20001220703125,2899112
2025-12-29,254.68101501464844,264.239990234375,267.3900146484375,263.6000061035156,265.989990234375,3755074
2025-12-30,254.11236572265625,263.6499938964844,264.7200012207031,263.0199890136719,264.0,5117699
2025-12-31,253.75575256347656,263.2799987792969,264.6000061035156,261.260009765625,264.0,5705044
2026-01-01,257.67852783203125,267.3500061035156,268.04998779296875,263.75,264.5,3639755
2026-01-02,259.268798828125,269.0,272.3999938964844,266.1499938964844,267.3500061035156,8286204
2026-01-05,253.77500915527344,263.29998779296875,269.6499938964844,261.70001220703125,269.45001220703125,7006599
2026-01-06,255.9918212890625,265.6000061035156,266.1000061035156,262.95001220703125,263.29998779296875,4083654
2026-01-07,261.0036926269531,270.79998779296875,272.5,264.5,265.0,10242615
2026-01-08,252.71482849121094,262.20001220703125,270.8999938964844,261.3500061035156,270.8999938964844,9269522
2026-01-09,252.473876953125,261.95001220703125,263.95001220703125,260.45001220703125,261.3500061035156,4735387
2026-01-12,253.58226013183594,263.1000061035156,264.5,259.04998779296875,260.70001220703125,3802164
2026-01-13,254.64247131347656,264.20001220703125,264.8500061035156,261.29998779296875,263.45001220703125,6931244
2026-01-14,250.7871856689453,260.20001220703125,264.0,259.6000061035156,264.0,5625861
2026-01-15,250.7871856689453,260.20001220703125,260.20001220703125,260.20001220703125,260.20001220703125,0
2026-01-16,257.77490234375,267.45001220703125,269.79998779296875,263.0,263.25,12028289
2026-01-19,237.0526580810547,245.9499969482422,252.0,241.5500030517578,252.0,65833247
2026-01-20,231.2215118408203,239.89999389648438,246.0,239.39999389648438,245.9499969482422,16796201
2026-01-21,230.8842010498047,239.5500030517578,242.60000610351562,237.60000610351562,239.89999389648438,14397792
2026-01-22,231.9443817138672,240.64999389648438,242.89999389648438,239.1999969482422,242.0,8537915
2026-01-23,229.77577209472656,238.39999389648438,243.5500030517578,237.85000610351562,242.3000030517578,13546802
2026-01-27,232.148681640625,234.8000030517578,236.39999389648438,231.75,235.1999969482422,15677537
2026-01-28,234.66989135742188,237.35000610351562,238.10000610351562,234.9499969482422,235.5,10155128
2026-01-29,237.09222412109375,239.8000030517578,240.89999389648438,235.4499969482422,236.1999969482422,12201949
2026-01-30,234.22496032714844,236.89999389648438,238.0,235.3000030517578,238.0,11362317
2026-02-02,239.56399536132812,242.3000030517578,244.0800018310547,239.2899932861328,244.0,12335721
2026-02-03,239.94960021972656,242.69000244140625,259.8900146484375,242.27999877929688,259.2099914550781,25915412
2026-02-04,230.70516967773438,233.33999633789062,235.9199981689453,226.25999450683594,235.91000366210938,25995324
2026-02-05,230.75460815429688,233.38999938964844,235.57000732421875,231.6999969482422,233.33999633789062,10102736
2026-02-06,228.11476135253906,230.72000122070312,232.92999267578125,228.60000610351562,232.92999267578125,12279085
2026-02-09,227.4819793701172,230.0800018310547,232.92999267578125,229.61000061035156,231.85000610351562,9112474
2026-02-10,228.85629272460938,231.47000122070312,232.86000061035156,227.1999969482422,229.97999572753906,12435622
2026-02-11,227.21502685546875,229.80999755859375,233.0,229.5,231.47000122070312,7874912
2026-02-12,216.606201171875,219.0800018310547,226.25999450683594,218.5,226.1999969482422,40899346
2026-02-13,211.6725311279297,214.08999633789062,216.47999572753906,209.00999450683594,210.64999389648438,23721186
2026-02-16,210.85189819335938,213.25999450683594,216.91000366210938,210.11000061035156,214.6199951171875,20754327
2026-02-17,213.2544708251953,215.69000244140625,219.38999938964844,212.25999450683594,213.25999450683594,26941553
2026-02-18,209.55670166015625,211.9499969482422,216.39999389648438,210.25999450683594,216.1999969482422,22679760
2026-02-19,208.82505798339844,211.2100067138672,215.44000244140625,210.39999389648438,214.0,14151588
2026-02-20,207.4903106689453,209.86000061035156,211.9600067138672,208.25,209.6999969482422,17690420
2026-02-23,203.56512451171875,205.88999938964844,211.74000549316406,204.27999877929688,210.36000061035156,20946229
2026-02-24,197.8800506591797,200.13999938964844,203.2899932861328,199.36000061035156,203.0,25036686
2026-02-25,199.63995361328125,201.9199981689453,205.47999572753906,201.30999755859375,201.30999755859375,13979068
2026-02-26,198.8094482421875,201.0800018310547,204.6300048828125,199.1199951171875,203.7100067138672,14378069
2026-02-27,198.69081115722656,200.9600067138672,204.0,200.0500030517578,204.0,13288519
2026-03-02,196.32778930664062,198.57000732421875,200.36000061035156,194.6999969482422,195.0,10486866
2026-03-04,193.34188842773438,195.5500030517578,197.1199951171875,194.50999450683594,196.00999450683594,19562075
2026-03-05,193.4704132080078,195.67999267578125,196.97000122070312,193.22000122070312,196.39999389648438,13149281
2026-03-06,193.19357299804688,195.39999389648438,198.92999267578125,195.0,195.60000610351562,9022914
2026-03-09,196.50575256347656,198.75,199.5,193.02999877929688,194.0,25862728
2026-03-10,198.6611328125,200.92999267578125,201.30999755859375,197.4199981689453,200.5,12982340
2026-03-11,199.9464569091797,202.22999572753906,205.9499969482422,201.5800018310547,202.69000244140625,29199002
2026-03-12,200.22329711914062,202.50999450683594,203.8000030517578,199.6999969482422,201.05999755859375,19042475
2026-03-13,195.34896850585938,197.5800018310547,202.07000732421875,196.0399932861328,200.60000610351562,12629652
2026-03-16,192.9068603515625,195.11000061035156,198.2899932861328,192.77000427246094,196.24000549316406,12631649
2026-03-17,189.15965270996094,191.32000732421875,195.11000061035156,188.25,195.0,21778468
2026-03-18,192.1060028076172,194.3000030517578,198.0,192.69000244140625,193.0,24529164
2026-03-19,186.2825164794922,188.41000366210938,192.7899932861328,187.67999267578125,191.97999572753906,13685195
2026-03-20,188.744384765625,190.89999389648438,192.3000030517578,188.41000366210938,191.19000244140625,24395304
2026-03-23,185.42233276367188,187.5399932861328,190.6199951171875,187.0,189.41000366210938,12014988
2026-03-24,186.60879516601562,188.74000549316406,191.5,187.8000030517578,191.5,11843191
2026-03-25,186.915283203125,189.0500030517578,190.6199951171875,187.89999389648438,189.0,13862888
2026-03-27,189.43649291992188,191.60000610351562,192.2899932861328,187.89999389648438,189.0500030517578,26269256
2026-03-30,185.52120971679688,187.63999938964844,191.6300048828125,186.5,189.99000549316406,27946986
2026-04-01,189.02122497558594,191.17999267578125,194.49000549316406,190.41000366210938,191.50999450683594,11769673
2026-04-02,192.70912170410156,194.91000366210938,195.33999633789062,188.5800018310547,190.5,16623045
2026-04-06,195.06224060058594,197.2899932861328,201.17999267578125,196.11000061035156,197.0,23282287
2026-04-07,202.40834045410156,204.72000122070312,205.27000427246094,197.00999450683594,197.00999450683594,24771466
2026-04-08,201.12301635742188,203.4199981689453,209.0,202.8000030517578,207.6999969482422,22084158
2026-04-09,200.5792236328125,202.8699951171875,204.16000366210938,201.6300048828125,203.7100067138672,14540807
2026-04-10,202.56654357910156,204.8800048828125,208.6999969482422,200.6199951171875,208.6999969482422,51219565
2026-04-13,200.6781005859375,202.97000122070312,203.39999389648438,200.30999755859375,203.00999450683594,21930624
2026-04-15,207.3815460205078,209.75,210.49000549316406,205.10000610351562,206.5,27890080
2026-04-16,207.88577270507812,210.25999450683594,212.97999572753906,208.2100067138672,212.97999572753906,36305074
2026-04-17,202.0128631591797,204.32000732421875,206.4499969482422,202.5,205.0,80542603
2026-04-20,200.19363403320312,202.47999572753906,205.1999969482422,202.0,204.5,27927164
2026-04-21,202.695068359375,205.00999450683594,205.6999969482422,202.47999572753906,203.0,21530723
2026-04-22,201.69647216796875,204.0,205.3800048828125,202.1999969482422,203.5,21790433
2026-04-23,200.47047424316406,202.75999450683594,204.89999389648438,202.3000030517578,204.0,20307250
2026-04-24,197.10887145996094,199.36000061035156,202.75,197.8800048828125,202.75,39363394
2026-04-27,202.734619140625,205.0500030517578,205.25,199.36000061035156,199.36000061035156,42632215
2026-04-28,199.30380249023438,201.5800018310547,205.67999267578125,201.02000427246094,204.55999755859375,23455983
2026-04-29,198.41395568847656,200.67999267578125,203.60000610351562,200.3000030517578,201.5800018310547,15667662
2026-04-30,198.38429260253906,200.64999389648438,202.14999389648438,200.0,200.88999938964844,15300274
2026-05-01,198.38429260253906,200.64999389648438,200.64999389648438,200.64999389648438,200.64999389648438,0
2026-05-04,198.48316955566406,200.75,203.3699951171875,200.05999755859375,202.39999389648438,8446995
2026-05-05,197.5241241455078,199.77999877929688,202.3000030517578,199.60000610351562,200.0,8899200
2026-05-06,196.87156677246094,199.1199951171875,201.1300048828125,198.25,200.50999450683594,13166683
2026-05-07,195.13145446777344,197.36000061035156,200.27999877929688,197.19000244140625,199.5,19303572
2026-05-08,195.6752471923828,197.91000366210938,198.94000244140625,196.6999969482422,198.0,15970687
2026-05-11,194.45912170410156,196.67999267578125,198.24000549316406,196.14999389648438,197.8800048828125,9199527
2026-05-12,187.42941284179688,189.57000732421875,196.13999938964844,189.10000610351562,196.10000610351562,27435195
2026-05-13,185.6793975830078,187.8000030517578,191.3000030517578,187.30999755859375,190.6699981689453,17242394
2026-05-14,186.1737518310547,188.3000030517578,190.17999267578125,187.0,188.25,18280387
2026-05-15,187.85455322265625,190.0,191.89999389648438,188.8000030517578,189.89999389648438,17902610
2026-05-18,190.0000457763672,192.1699981689453,192.75,189.1999969482422,190.99000549316406,16327369
2026-05-19,192.96617126464844,195.1699981689453,198.0,192.39999389648438,192.39999389648438,20534622
2026-05-20,194.89414978027344,197.1199951171875,197.94000244140625,194.00999450683594,194.61000061035156,16201692
2026-05-21,197.4845733642578,199.74000549316406,200.0399932861328,197.5,198.5,18980608
2026-05-22,200.8165283203125,203.11000061035156,205.39999389648438,198.8300018310547,200.0,40014399
2026-05-25,204.50439453125,206.83999633789062,209.5500030517578,204.05999755859375,207.0,72041558
2026-05-26,201.4295196533203,203.72999572753906,208.69000244140625,202.94000244140625,206.99000549316406,46458415
2026-05-27,199.30380249023438,201.5800018310547,205.99000549316406,200.1999969482422,203.85000610351562,39465643
2026-05-28,199.30380249023438,201.5800018310547,201.5800018310547,201.5800018310547,201.5800018310547,0
2026-05-29,201.9436492919922,204.25,211.0,203.64999389648438,211.0,82734524
2026-06-01,204.0792694091797,206.41000366210938,207.75,205.10000610351562,205.10000610351562,26491139
2026-06-02,207.47052001953125,209.83999633789062,210.17999267578125,206.50999450683594,208.0,42476874
2026-06-03,201.79534912109375,204.10000610351562,208.39999389648438,202.0,208.0,62282204
2026-06-04,202.0128631591797,204.32000732421875,205.08999633789062,202.10000610351562,203.0,40659957
2026-06-05,196.13003540039062,198.3699951171875,199.0,188.14999389648438,191.52000427246094,43539069
2026-06-08,179.7075958251953,181.75999450683594,193.88999938964844,181.0,193.38999938964844,75164049
2026-06-09,179.61862182617188,181.6699981689453,184.35000610351562,180.60000610351562,183.97000122070312,28381665
2026-06-10,176.9095458984375,178.92999267578125,182.2899932861328,178.5,182.10000610351562,16935979
2026-06-11,175.36717224121094,177.3699951171875,178.1999969482422,175.8300018310547,176.97000122070312,14468882
2026-06-12,178.10589599609375,180.13999938964844,180.4499969482422,177.57000732421875,178.64999389648438,13850153
2026-06-15,179.33189392089844,181.3800048828125,183.0,180.91000366210938,183.0,13870660
2026-06-16,180.60733032226562,182.6699981689453,183.3800048828125,181.6300048828125,182.38999938964844,11706020
2026-06-17,182.3870086669922,184.47000122070312,185.25,183.5800018310547,184.0,16131548
2026-06-18,180.77540588378906,182.83999633789062,184.75999450683594,181.7100067138672,184.47000122070312,18165845
2026-06-19,178.75843811035156,180.8000030517578,181.47999572753906,174.88999938964844,176.75999450683594,37469436
2026-06-22,178.1454315185547,180.17999267578125,182.39999389648438,180.0,180.83999633789062,10368112
2026-06-23,172.5196990966797,174.49000549316406,179.5,174.0,179.5,23954730
2026-06-24,172.50979614257812,174.47999572753906,175.49000549316406,171.49000549316406,171.5,56627728
2026-06-25,173.02394104003906,175.0,176.38999938964844,172.69000244140625,176.0,21544904
2026-06-26,173.02394104003906,175.0,175.0,175.0,175.0,0
2026-06-29,173.49850463867188,175.47999572753906,176.69000244140625,174.60000610351562,176.27999877929688,24484011
2026-06-30,168.4659881591797,170.38999938964844,175.39999389648438,170.0500030517578,175.0,26845383
2026-07-01,168.20892333984375,170.1300048828125,172.14999389648438,169.25,171.0,34638511
2026-07-02,172.0352325439453,174.0,174.97000122070312,169.0,169.49000549316406,43447174
2026-07-03,174.09173583984375,176.0800018310547,178.13999938964844,174.58999633789062,176.1999969482422,29538753
2026-07-06,172.35162353515625,174.32000732421875,176.3000030517578,173.57000732421875,176.0800018310547,8304046
2026-07-07,171.04652404785156,173.0,176.1999969482422,172.77000427246094,173.89999389648438,18837725
2026-07-08,170.76968383789062,172.72000122070312,175.39999389648438,172.24000549316406,173.0,16482564
2026-07-09,170.80921936035156,172.75999450683594,174.2899932861328,171.64999389648438,173.0,10270117
2026-07-10,173.47874450683594,175.4600067138672,177.22000122070312,175.0,175.22999572753906,16249590
2026-07-13,176.41519165039062,178.42999267578125,179.9499969482422,174.36000061035156,174.60000610351562,22417855
2026-07-14,175.1397705078125,177.13999938964844,180.5,176.7100067138672,178.5,14461463
2026-07-15,172.67788696289062,174.64999389648438,176.60000610351562,174.49000549316406,175.1199951171875,10398720
2026-07-16,175.73300170898438,177.74000549316406,177.99000549316406,175.41000366210938,175.60000610351562,11184572
2026-07-17,174.0126495361328,176.0,176.25999450683594,173.5500030517578,173.5500030517578,22960032
2026-07-20,174.3883514404297,176.3800048828125,177.8000030517578,175.85000610351562,177.0,10183661
2026-07-21,172.99427795410156,174.97000122070312,177.5,174.5,176.11000061035156,11350578
2026-07-22,172.4702606201172,174.44000244140625,174.9600067138672,173.4199981689453,174.77000427246094,5057035
2026-07-23,172.84597778320312,174.82000732421875,175.55999755859375,173.30999755859375,173.80999755859375,9055905
2026-07-24,175.1199951171875,177.1199951171875,177.89999389648438,172.8000030517578,174.0,13282944
2026-07-27,178.52999877929688,178.52999877929688,178.77999877929688,175.61000061035156,177.5,12504426
2026-07-28,181.1199951171875,181.1199951171875,181.6999969482422,178.5500030517578,178.5500030517578,26873060
2026-07-29,183.61000061035156,183.61000061035156,185.75999450683594,181.4499969482422,183.0,26147867
2026-07-30,186.3300018310547,186.3300018310547,191.33999633789062,183.39999389648438,183.39999389648438,54015268
2026-07-31,183.64999389648438,183.64999389648438,185.24000549316406,180.8300018310547,184.85000610351562,18762810
2026-08-03,188.66000366210938,188.66000366210938,189.80999755859375,184.02000427246094,184.02000427246094,15840516
2026-08-04,186.3000030517578,186.3000030517578,189.39999389648438,186.3000030517578,189.0,11903457
2026-08-05,186.99000549316406,186.99000549316406,188.5399932861328,186.07000732421875,187.0,8829250
2026-08-06,186.1199951171875,186.1199951171875,188.24000549316406,185.41000366210938,186.0,6629768
2026-08-07,187.52999877929688,187.52999877929688,188.3699951171875,185.64999389648438,185.8699951171875,7823102
2026-08-10,185.5,185.5,187.88999938964844,185.0,187.52999877929688,5337618
2026-08-11,184.60000610351562,184.60000610351562,187.47999572753906,183.30999755859375,185.5,9182421
2026-08-12,183.94000244140625,183.94000244140625,185.0,181.91000366210938,184.50999450683594,8624548
2026-08-13,183.10000610351562,183.10000610351562,183.75,181.72000122070312,183.49000549316406,5434084
2026-08-14,184.0,184.0,185.83999633789062,183.10000610351562,183.5500030517578,7366162
2026-08-17,181.89999389648438,181.89999389648438,183.7100067138672,181.0,183.5,4436515
2026-08-18,178.05999755859375,178.05999755859375,181.99000549316406,178.05999755859375,181.89999389648438,7074731
2026-08-19,179.5500030517578,179.5500030517578,179.9499969482422,178.22000122070312,179.05999755859375,5964187
2026-08-20,181.0,181.0,182.4600067138672,180.50999450683594,181.55999755859375,5364164
2026-08-21,180.7899932861328,180.7899932861328,181.75999450683594,180.0,180.60000610351562,4637869
2026-08-24,181.30999755859375,181.30999755859375,183.9199981689453,180.55999755859375,181.0,9441129
2026-08-25,180.08999633789062,180.08999633789062,181.2899932861328,178.38999938964844,181.2899932861328,8352475
2026-08-26,177.35000610351562,177.35000610351562,180.9499969482422,176.66000366210938,180.08999633789062,9355776
